[0.000000] (-) TimerEvent: {}
[0.000494] (cv_basics) JobQueued: {'identifier': 'cv_basics', 'dependencies': OrderedDict()}
[0.000525] (two_wheeled_robot) JobQueued: {'identifier': 'two_wheeled_robot', 'dependencies': OrderedDict()}
[0.000546] (cv_basics) JobStarted: {'identifier': 'cv_basics'}
[0.008094] (two_wheeled_robot) JobStarted: {'identifier': 'two_wheeled_robot'}
[0.099688] (-) TimerEvent: {}
[0.200135] (-) TimerEvent: {}
[0.296446] (two_wheeled_robot) JobProgress: {'identifier': 'two_wheeled_robot', 'progress': 'cmake'}
[0.297033] (two_wheeled_robot) JobProgress: {'identifier': 'two_wheeled_robot', 'progress': 'build'}
[0.297750] (two_wheeled_robot) Command: {'cmd': ['/usr/bin/cmake', '--build', '/home/greyflon/lab_2025/build/two_wheeled_robot', '--', '-j12', '-l12'], 'cwd': '/home/greyflon/lab_2025/build/two_wheeled_robot', 'env': OrderedDict([('LESSOPEN', '| /usr/bin/lesspipe %s'), ('USER', 'greyflon'), ('XDG_SESSION_TYPE', 'wayland'), ('SHLVL', '1'), ('LD_LIBRARY_PATH', '/usr/lib/x86_64-linux-gnu/gazebo-11/plugins:/opt/ros/humble/opt/rviz_ogre_vendor/lib:/opt/ros/humble/lib/x86_64-linux-gnu:/opt/ros/humble/lib'), ('HOME', '/home/greyflon'), ('OLDPWD', '/home/greyflon'), ('DESKTOP_SESSION', 'ubuntu'), ('ROS_PYTHON_VERSION', '3'), ('GNOME_SHELL_SESSION_MODE', 'ubuntu'), ('GTK_MODULES', 'gail:atk-bridge'), ('SYSTEMD_EXEC_PID', '1582'), ('DBUS_SESSION_BUS_ADDRESS', 'unix:path=/run/user/1000/bus'), ('COLORTERM', 'truecolor'), ('IM_CONFIG_PHASE', '1'), ('WAYLAND_DISPLAY', 'wayland-0'), ('COLCON_PREFIX_PATH', '/home/greyflon/lab_2025/install'), ('ROS_DISTRO', 'humble'), ('LOGNAME', 'greyflon'), ('_', '/usr/bin/colcon'), ('ROS_VERSION', '2'), ('XDG_SESSION_CLASS', 'user'), ('USERNAME', 'greyflon'), ('TERM', 'xterm-256color'), ('GNOME_DESKTOP_SESSION_ID', 'this-is-deprecated'), ('ROS_LOCALHOST_ONLY', '0'), ('PATH', '/opt/ros/humble/bin:/home/greyflon/.local/bin:/usr/local/sbin:/usr/local/bin:/usr/sbin:/usr/bin:/sbin:/bin:/usr/games:/usr/local/games:/snap/bin:/snap/bin'), ('SESSION_MANAGER', 'local/greyflon-desktop:@/tmp/.ICE-unix/1559,unix/greyflon-desktop:/tmp/.ICE-unix/1559'), ('XDG_MENU_PREFIX', 'gnome-'), ('GNOME_TERMINAL_SCREEN', '/org/gnome/Terminal/screen/8ba91f51_be59_418d_992a_1824daeba29e'), ('GNOME_SETUP_DISPLAY', ':1'), ('XDG_RUNTIME_DIR', '/run/user/1000'), ('DISPLAY', ':0'), ('LANG', 'en_US.UTF-8'), ('XDG_CURRENT_DESKTOP', 'ubuntu:GNOME'), ('XMODIFIERS', '@im=ibus'), ('XDG_SESSION_DESKTOP', 'ubuntu'), ('XAUTHORITY', '/run/user/1000/.mutter-Xwaylandauth.FQQJ72'), ('LS_COLORS', 'rs=0:di=01;34:ln=01;36:mh=00:pi=40;33:so=01;35:do=01;35:bd=40;33;01:cd=40;33;01:or=40;31;01:mi=00:su=37;41:sg=30;43:ca=30;41:tw=30;42:ow=34;42:st=37;44:ex=01;32:*.tar=01;31:*.tgz=01;31:*.arc=01;31:*.arj=01;31:*.taz=01;31:*.lha=01;31:*.lz4=01;31:*.lzh=01;31:*.lzma=01;31:*.tlz=01;31:*.txz=01;31:*.tzo=01;31:*.t7z=01;31:*.zip=01;31:*.z=01;31:*.dz=01;31:*.gz=01;31:*.lrz=01;31:*.lz=01;31:*.lzo=01;31:*.xz=01;31:*.zst=01;31:*.tzst=01;31:*.bz2=01;31:*.bz=01;31:*.tbz=01;31:*.tbz2=01;31:*.tz=01;31:*.deb=01;31:*.rpm=01;31:*.jar=01;31:*.war=01;31:*.ear=01;31:*.sar=01;31:*.rar=01;31:*.alz=01;31:*.ace=01;31:*.zoo=01;31:*.cpio=01;31:*.7z=01;31:*.rz=01;31:*.cab=01;31:*.wim=01;31:*.swm=01;31:*.dwm=01;31:*.esd=01;31:*.jpg=01;35:*.jpeg=01;35:*.mjpg=01;35:*.mjpeg=01;35:*.gif=01;35:*.bmp=01;35:*.pbm=01;35:*.pgm=01;35:*.ppm=01;35:*.tga=01;35:*.xbm=01;35:*.xpm=01;35:*.tif=01;35:*.tiff=01;35:*.png=01;35:*.svg=01;35:*.svgz=01;35:*.mng=01;35:*.pcx=01;35:*.mov=01;35:*.mpg=01;35:*.mpeg=01;35:*.m2v=01;35:*.mkv=01;35:*.webm=01;35:*.webp=01;35:*.ogm=01;35:*.mp4=01;35:*.m4v=01;35:*.mp4v=01;35:*.vob=01;35:*.qt=01;35:*.nuv=01;35:*.wmv=01;35:*.asf=01;35:*.rm=01;35:*.rmvb=01;35:*.flc=01;35:*.avi=01;35:*.fli=01;35:*.flv=01;35:*.gl=01;35:*.dl=01;35:*.xcf=01;35:*.xwd=01;35:*.yuv=01;35:*.cgm=01;35:*.emf=01;35:*.ogv=01;35:*.ogx=01;35:*.aac=00;36:*.au=00;36:*.flac=00;36:*.m4a=00;36:*.mid=00;36:*.midi=00;36:*.mka=00;36:*.mp3=00;36:*.mpc=00;36:*.ogg=00;36:*.ra=00;36:*.wav=00;36:*.oga=00;36:*.opus=00;36:*.spx=00;36:*.xspf=00;36:'), ('GNOME_TERMINAL_SERVICE', ':1.123'), ('SSH_AGENT_LAUNCHER', 'gnome-keyring'), ('SSH_AUTH_SOCK', '/run/user/1000/keyring/ssh'), ('AMENT_PREFIX_PATH', '/home/greyflon/lab_2025/install/two_wheeled_robot:/home/greyflon/lab_2025/install/cv_basics:/opt/ros/humble'), ('SHELL', '/bin/bash'), ('QT_ACCESSIBILITY', '1'), ('GDMSESSION', 'ubuntu'), ('LESSCLOSE', '/usr/bin/lesspipe %s %s'), ('QT_IM_MODULE', 'ibus'), ('PWD', '/home/greyflon/lab_2025/build/two_wheeled_robot'), ('LC_ALL', 'en_US.UTF-8'), ('XDG_CONFIG_DIRS', '/etc/xdg/xdg-ubuntu:/etc/xdg'), ('XDG_DATA_DIRS', '/usr/share/ubuntu:/usr/local/share/:/usr/share/:/var/lib/snapd/desktop'), ('PYTHONPATH', '/home/greyflon/lab_2025/install/cv_basics/lib/python3.10/site-packages:/opt/ros/humble/lib/python3.10/site-packages:/opt/ros/humble/local/lib/python3.10/dist-packages'), ('COLCON', '1'), ('VTE_VERSION', '6800'), ('CMAKE_PREFIX_PATH', '/home/greyflon/lab_2025/install/two_wheeled_robot:/home/greyflon/lab_2025/install/cv_basics:/opt/ros/humble')]), 'shell': False}
[0.300723] (-) TimerEvent: {}
[0.350126] (two_wheeled_robot) CommandEnded: {'returncode': 0}
[0.351014] (two_wheeled_robot) JobProgress: {'identifier': 'two_wheeled_robot', 'progress': 'install'}
[0.360838] (two_wheeled_robot) Command: {'cmd': ['/usr/bin/cmake', '--install', '/home/greyflon/lab_2025/build/two_wheeled_robot'], 'cwd': '/home/greyflon/lab_2025/build/two_wheeled_robot', 'env': OrderedDict([('LESSOPEN', '| /usr/bin/lesspipe %s'), ('USER', 'greyflon'), ('XDG_SESSION_TYPE', 'wayland'), ('SHLVL', '1'), ('LD_LIBRARY_PATH', '/usr/lib/x86_64-linux-gnu/gazebo-11/plugins:/opt/ros/humble/opt/rviz_ogre_vendor/lib:/opt/ros/humble/lib/x86_64-linux-gnu:/opt/ros/humble/lib'), ('HOME', '/home/greyflon'), ('OLDPWD', '/home/greyflon'), ('DESKTOP_SESSION', 'ubuntu'), ('ROS_PYTHON_VERSION', '3'), ('GNOME_SHELL_SESSION_MODE', 'ubuntu'), ('GTK_MODULES', 'gail:atk-bridge'), ('SYSTEMD_EXEC_PID', '1582'), ('DBUS_SESSION_BUS_ADDRESS', 'unix:path=/run/user/1000/bus'), ('COLORTERM', 'truecolor'), ('IM_CONFIG_PHASE', '1'), ('WAYLAND_DISPLAY', 'wayland-0'), ('COLCON_PREFIX_PATH', '/home/greyflon/lab_2025/install'), ('ROS_DISTRO', 'humble'), ('LOGNAME', 'greyflon'), ('_', '/usr/bin/colcon'), ('ROS_VERSION', '2'), ('XDG_SESSION_CLASS', 'user'), ('USERNAME', 'greyflon'), ('TERM', 'xterm-256color'), ('GNOME_DESKTOP_SESSION_ID', 'this-is-deprecated'), ('ROS_LOCALHOST_ONLY', '0'), ('PATH', '/opt/ros/humble/bin:/home/greyflon/.local/bin:/usr/local/sbin:/usr/local/bin:/usr/sbin:/usr/bin:/sbin:/bin:/usr/games:/usr/local/games:/snap/bin:/snap/bin'), ('SESSION_MANAGER', 'local/greyflon-desktop:@/tmp/.ICE-unix/1559,unix/greyflon-desktop:/tmp/.ICE-unix/1559'), ('XDG_MENU_PREFIX', 'gnome-'), ('GNOME_TERMINAL_SCREEN', '/org/gnome/Terminal/screen/8ba91f51_be59_418d_992a_1824daeba29e'), ('GNOME_SETUP_DISPLAY', ':1'), ('XDG_RUNTIME_DIR', '/run/user/1000'), ('DISPLAY', ':0'), ('LANG', 'en_US.UTF-8'), ('XDG_CURRENT_DESKTOP', 'ubuntu:GNOME'), ('XMODIFIERS', '@im=ibus'), ('XDG_SESSION_DESKTOP', 'ubuntu'), ('XAUTHORITY', '/run/user/1000/.mutter-Xwaylandauth.FQQJ72'), ('LS_COLORS', 'rs=0:di=01;34:ln=01;36:mh=00:pi=40;33:so=01;35:do=01;35:bd=40;33;01:cd=40;33;01:or=40;31;01:mi=00:su=37;41:sg=30;43:ca=30;41:tw=30;42:ow=34;42:st=37;44:ex=01;32:*.tar=01;31:*.tgz=01;31:*.arc=01;31:*.arj=01;31:*.taz=01;31:*.lha=01;31:*.lz4=01;31:*.lzh=01;31:*.lzma=01;31:*.tlz=01;31:*.txz=01;31:*.tzo=01;31:*.t7z=01;31:*.zip=01;31:*.z=01;31:*.dz=01;31:*.gz=01;31:*.lrz=01;31:*.lz=01;31:*.lzo=01;31:*.xz=01;31:*.zst=01;31:*.tzst=01;31:*.bz2=01;31:*.bz=01;31:*.tbz=01;31:*.tbz2=01;31:*.tz=01;31:*.deb=01;31:*.rpm=01;31:*.jar=01;31:*.war=01;31:*.ear=01;31:*.sar=01;31:*.rar=01;31:*.alz=01;31:*.ace=01;31:*.zoo=01;31:*.cpio=01;31:*.7z=01;31:*.rz=01;31:*.cab=01;31:*.wim=01;31:*.swm=01;31:*.dwm=01;31:*.esd=01;31:*.jpg=01;35:*.jpeg=01;35:*.mjpg=01;35:*.mjpeg=01;35:*.gif=01;35:*.bmp=01;35:*.pbm=01;35:*.pgm=01;35:*.ppm=01;35:*.tga=01;35:*.xbm=01;35:*.xpm=01;35:*.tif=01;35:*.tiff=01;35:*.png=01;35:*.svg=01;35:*.svgz=01;35:*.mng=01;35:*.pcx=01;35:*.mov=01;35:*.mpg=01;35:*.mpeg=01;35:*.m2v=01;35:*.mkv=01;35:*.webm=01;35:*.webp=01;35:*.ogm=01;35:*.mp4=01;35:*.m4v=01;35:*.mp4v=01;35:*.vob=01;35:*.qt=01;35:*.nuv=01;35:*.wmv=01;35:*.asf=01;35:*.rm=01;35:*.rmvb=01;35:*.flc=01;35:*.avi=01;35:*.fli=01;35:*.flv=01;35:*.gl=01;35:*.dl=01;35:*.xcf=01;35:*.xwd=01;35:*.yuv=01;35:*.cgm=01;35:*.emf=01;35:*.ogv=01;35:*.ogx=01;35:*.aac=00;36:*.au=00;36:*.flac=00;36:*.m4a=00;36:*.mid=00;36:*.midi=00;36:*.mka=00;36:*.mp3=00;36:*.mpc=00;36:*.ogg=00;36:*.ra=00;36:*.wav=00;36:*.oga=00;36:*.opus=00;36:*.spx=00;36:*.xspf=00;36:'), ('GNOME_TERMINAL_SERVICE', ':1.123'), ('SSH_AGENT_LAUNCHER', 'gnome-keyring'), ('SSH_AUTH_SOCK', '/run/user/1000/keyring/ssh'), ('AMENT_PREFIX_PATH', '/home/greyflon/lab_2025/install/two_wheeled_robot:/home/greyflon/lab_2025/install/cv_basics:/opt/ros/humble'), ('SHELL', '/bin/bash'), ('QT_ACCESSIBILITY', '1'), ('GDMSESSION', 'ubuntu'), ('LESSCLOSE', '/usr/bin/lesspipe %s %s'), ('QT_IM_MODULE', 'ibus'), ('PWD', '/home/greyflon/lab_2025/build/two_wheeled_robot'), ('LC_ALL', 'en_US.UTF-8'), ('XDG_CONFIG_DIRS', '/etc/xdg/xdg-ubuntu:/etc/xdg'), ('XDG_DATA_DIRS', '/usr/share/ubuntu:/usr/local/share/:/usr/share/:/var/lib/snapd/desktop'), ('PYTHONPATH', '/home/greyflon/lab_2025/install/cv_basics/lib/python3.10/site-packages:/opt/ros/humble/lib/python3.10/site-packages:/opt/ros/humble/local/lib/python3.10/dist-packages'), ('COLCON', '1'), ('VTE_VERSION', '6800'), ('CMAKE_PREFIX_PATH', '/home/greyflon/lab_2025/install/two_wheeled_robot:/home/greyflon/lab_2025/install/cv_basics:/opt/ros/humble')]), 'shell': False}
[0.368976] (two_wheeled_robot) StdoutLine: {'line': b'-- Install configuration: ""\n'}
[0.369333] (two_wheeled_robot) StdoutLine: {'line': b'-- Up-to-date: /home/greyflon/lab_2025/install/two_wheeled_robot/share/two_wheeled_robot/config\n'}
[0.369516] (two_wheeled_robot) StdoutLine: {'line': b'-- Up-to-date: /home/greyflon/lab_2025/install/two_wheeled_robot/share/two_wheeled_robot/config/ekf.yaml\n'}
[0.369685] (two_wheeled_robot) StdoutLine: {'line': b'-- Up-to-date: /home/greyflon/lab_2025/install/two_wheeled_robot/share/two_wheeled_robot/config/ekf_urdf.yaml\n'}
[0.370037] (two_wheeled_robot) StdoutLine: {'line': b'-- Up-to-date: /home/greyflon/lab_2025/install/two_wheeled_robot/share/two_wheeled_robot/launch\n'}
[0.370257] (two_wheeled_robot) StdoutLine: {'line': b'-- Installing: /home/greyflon/lab_2025/install/two_wheeled_robot/share/two_wheeled_robot/launch/launch_urdf_into_gazebo.launch.py\n'}
[0.370422] (two_wheeled_robot) StdoutLine: {'line': b'-- Up-to-date: /home/greyflon/lab_2025/install/two_wheeled_robot/share/two_wheeled_robot/launch/warehouse_world\n'}
[0.370583] (two_wheeled_robot) StdoutLine: {'line': b'-- Up-to-date: /home/greyflon/lab_2025/install/two_wheeled_robot/share/two_wheeled_robot/launch/warehouse_world/todo_warehouse.py\n'}
[0.370758] (two_wheeled_robot) StdoutLine: {'line': b'-- Up-to-date: /home/greyflon/lab_2025/install/two_wheeled_robot/share/two_wheeled_robot/launch/neighborhood_world\n'}
[0.371136] (two_wheeled_robot) StdoutLine: {'line': b'-- Up-to-date: /home/greyflon/lab_2025/install/two_wheeled_robot/share/two_wheeled_robot/launch/neighborhood_world/neighborhood_world_v3.launch.py\n'}
[0.371304] (two_wheeled_robot) StdoutLine: {'line': b'-- Up-to-date: /home/greyflon/lab_2025/install/two_wheeled_robot/share/two_wheeled_robot/launch/neighborhood_world/neighborhood_world_v2.launch.py\n'}
[0.371465] (two_wheeled_robot) StdoutLine: {'line': b'-- Up-to-date: /home/greyflon/lab_2025/install/two_wheeled_robot/share/two_wheeled_robot/launch/neighborhood_world/neighborhood_world_v1.launch.py\n'}
[0.371625] (two_wheeled_robot) StdoutLine: {'line': b'-- Up-to-date: /home/greyflon/lab_2025/install/two_wheeled_robot/share/two_wheeled_robot/launch/load_world_into_gazebo.launch.py\n'}
[0.371834] (two_wheeled_robot) StdoutLine: {'line': b'-- Up-to-date: /home/greyflon/lab_2025/install/two_wheeled_robot/share/two_wheeled_robot/launch/launch_sim_cv.launch.py\n'}
[0.372183] (two_wheeled_robot) StdoutLine: {'line': b'-- Installing: /home/greyflon/lab_2025/install/two_wheeled_robot/share/two_wheeled_robot/launch/two_wheeled_robot_rviz.launch.py\n'}
[0.372407] (two_wheeled_robot) StdoutLine: {'line': b'-- Up-to-date: /home/greyflon/lab_2025/install/two_wheeled_robot/share/two_wheeled_robot/maps\n'}
[0.372568] (two_wheeled_robot) StdoutLine: {'line': b'-- Up-to-date: /home/greyflon/lab_2025/install/two_wheeled_robot/share/two_wheeled_robot/maps/warehouse_world\n'}
[0.372740] (two_wheeled_robot) StdoutLine: {'line': b'-- Up-to-date: /home/greyflon/lab_2025/install/two_wheeled_robot/share/two_wheeled_robot/maps/warehouse_world/002\n'}
[0.373070] (two_wheeled_robot) StdoutLine: {'line': b'-- Up-to-date: /home/greyflon/lab_2025/install/two_wheeled_robot/share/two_wheeled_robot/maps/warehouse_world/002/map.yaml\n'}
[0.373237] (two_wheeled_robot) StdoutLine: {'line': b'-- Up-to-date: /home/greyflon/lab_2025/install/two_wheeled_robot/share/two_wheeled_robot/maps/warehouse_world/002/map.pgm\n'}
[0.373396] (two_wheeled_robot) StdoutLine: {'line': b'-- Up-to-date: /home/greyflon/lab_2025/install/two_wheeled_robot/share/two_wheeled_robot/maps/warehouse_world/005\n'}
[0.373555] (two_wheeled_robot) StdoutLine: {'line': b'-- Up-to-date: /home/greyflon/lab_2025/install/two_wheeled_robot/share/two_wheeled_robot/maps/warehouse_world/005/map_rotated.pgm\n'}
[0.373714] (two_wheeled_robot) StdoutLine: {'line': b'-- Up-to-date: /home/greyflon/lab_2025/install/two_wheeled_robot/share/two_wheeled_robot/maps/warehouse_world/005/map_rotated.png\n'}
[0.374120] (two_wheeled_robot) StdoutLine: {'line': b'-- Up-to-date: /home/greyflon/lab_2025/install/two_wheeled_robot/share/two_wheeled_robot/maps/warehouse_world/005/map.yaml\n'}
[0.374649] (two_wheeled_robot) StdoutLine: {'line': b'-- Up-to-date: /home/greyflon/lab_2025/install/two_wheeled_robot/share/two_wheeled_robot/maps/warehouse_world/005/map.pgm\n'}
[0.375038] (two_wheeled_robot) StdoutLine: {'line': b'-- Up-to-date: /home/greyflon/lab_2025/install/two_wheeled_robot/share/two_wheeled_robot/maps/warehouse_world/keepout2.yaml\n'}
[0.375343] (two_wheeled_robot) StdoutLine: {'line': b'-- Up-to-date: /home/greyflon/lab_2025/install/two_wheeled_robot/share/two_wheeled_robot/maps/warehouse_world/lanes.yaml\n'}
[0.375526] (two_wheeled_robot) StdoutLine: {'line': b'-- Up-to-date: /home/greyflon/lab_2025/install/two_wheeled_robot/share/two_wheeled_robot/maps/warehouse_world/keepout_rotated2.pgm\n'}
[0.375689] (two_wheeled_robot) StdoutLine: {'line': b'-- Up-to-date: /home/greyflon/lab_2025/install/two_wheeled_robot/share/two_wheeled_robot/maps/warehouse_world/lanes_rotated.pgm\n'}
[0.375944] (two_wheeled_robot) StdoutLine: {'line': b'-- Up-to-date: /home/greyflon/lab_2025/install/two_wheeled_robot/share/two_wheeled_robot/maps/neighborhood_world\n'}
[0.376111] (two_wheeled_robot) StdoutLine: {'line': b'-- Up-to-date: /home/greyflon/lab_2025/install/two_wheeled_robot/share/two_wheeled_robot/maps/neighborhood_world/neighborhood_world.yaml\n'}
[0.376270] (two_wheeled_robot) StdoutLine: {'line': b'-- Up-to-date: /home/greyflon/lab_2025/install/two_wheeled_robot/share/two_wheeled_robot/maps/neighborhood_world/neighborhood_world.pgm\n'}
[0.376428] (two_wheeled_robot) StdoutLine: {'line': b'-- Up-to-date: /home/greyflon/lab_2025/install/two_wheeled_robot/share/two_wheeled_robot/media\n'}
[0.376585] (two_wheeled_robot) StdoutLine: {'line': b'-- Up-to-date: /home/greyflon/lab_2025/install/two_wheeled_robot/share/two_wheeled_robot/media/materials\n'}
[0.376756] (two_wheeled_robot) StdoutLine: {'line': b'-- Up-to-date: /home/greyflon/lab_2025/install/two_wheeled_robot/share/two_wheeled_robot/media/materials/scripts\n'}
[0.377310] (two_wheeled_robot) StdoutLine: {'line': b'-- Up-to-date: /home/greyflon/lab_2025/install/two_wheeled_robot/share/two_wheeled_robot/media/materials/scripts/servicesim.material\n'}
[0.377474] (two_wheeled_robot) StdoutLine: {'line': b'-- Up-to-date: /home/greyflon/lab_2025/install/two_wheeled_robot/share/two_wheeled_robot/media/materials/textures\n'}
[0.377633] (two_wheeled_robot) StdoutLine: {'line': b'-- Up-to-date: /home/greyflon/lab_2025/install/two_wheeled_robot/share/two_wheeled_robot/media/materials/textures/hallway.png\n'}
[0.377960] (two_wheeled_robot) StdoutLine: {'line': b'-- Up-to-date: /home/greyflon/lab_2025/install/two_wheeled_robot/share/two_wheeled_robot/media/materials/textures/cubicle_wall.png\n'}
[0.378131] (two_wheeled_robot) StdoutLine: {'line': b'-- Up-to-date: /home/greyflon/lab_2025/install/two_wheeled_robot/share/two_wheeled_robot/media/materials/textures/wall_window_and_elevator.png\n'}
[0.378290] (two_wheeled_robot) StdoutLine: {'line': b'-- Up-to-date: /home/greyflon/lab_2025/install/two_wheeled_robot/share/two_wheeled_robot/media/materials/textures/door_wall.png\n'}
[0.378449] (two_wheeled_robot) StdoutLine: {'line': b'-- Up-to-date: /home/greyflon/lab_2025/install/two_wheeled_robot/share/two_wheeled_robot/media/materials/textures/floors.png\n'}
[0.378606] (two_wheeled_robot) StdoutLine: {'line': b'-- Up-to-date: /home/greyflon/lab_2025/install/two_wheeled_robot/share/two_wheeled_robot/media/materials/textures/plain.png\n'}
[0.378811] (two_wheeled_robot) StdoutLine: {'line': b'-- Up-to-date: /home/greyflon/lab_2025/install/two_wheeled_robot/share/two_wheeled_robot/media/materials/textures/wall_plain_and_door.png\n'}
[0.379264] (two_wheeled_robot) StdoutLine: {'line': b'-- Up-to-date: /home/greyflon/lab_2025/install/two_wheeled_robot/share/two_wheeled_robot/media/materials/textures/ceiling.png\n'}
[0.379427] (two_wheeled_robot) StdoutLine: {'line': b'-- Up-to-date: /home/greyflon/lab_2025/install/two_wheeled_robot/share/two_wheeled_robot/media/materials/textures/wall_color.png\n'}
[0.379585] (two_wheeled_robot) StdoutLine: {'line': b'-- Up-to-date: /home/greyflon/lab_2025/install/two_wheeled_robot/share/two_wheeled_robot/media/materials/textures/window.png\n'}
[0.379760] (two_wheeled_robot) StdoutLine: {'line': b'-- Up-to-date: /home/greyflon/lab_2025/install/two_wheeled_robot/share/two_wheeled_robot/media/materials/textures/sink.png\n'}
[0.380227] (two_wheeled_robot) StdoutLine: {'line': b'-- Up-to-date: /home/greyflon/lab_2025/install/two_wheeled_robot/share/two_wheeled_robot/media/materials/textures/elevator.png\n'}
[0.380398] (two_wheeled_robot) StdoutLine: {'line': b'-- Up-to-date: /home/greyflon/lab_2025/install/two_wheeled_robot/share/two_wheeled_robot/media/materials/textures/bathroom.png\n'}
[0.380562] (two_wheeled_robot) StdoutLine: {'line': b'-- Up-to-date: /home/greyflon/lab_2025/install/two_wheeled_robot/share/two_wheeled_robot/media/frames\n'}
[0.380723] (two_wheeled_robot) StdoutLine: {'line': b'-- Up-to-date: /home/greyflon/lab_2025/install/two_wheeled_robot/share/two_wheeled_robot/media/frames/frames.gv\n'}
[0.381192] (two_wheeled_robot) StdoutLine: {'line': b'-- Up-to-date: /home/greyflon/lab_2025/install/two_wheeled_robot/share/two_wheeled_robot/media/frames/frames.pdf\n'}
[0.381361] (two_wheeled_robot) StdoutLine: {'line': b'-- Up-to-date: /home/greyflon/lab_2025/install/two_wheeled_robot/share/two_wheeled_robot/media/gps\n'}
[0.381523] (two_wheeled_robot) StdoutLine: {'line': b'-- Up-to-date: /home/greyflon/lab_2025/install/two_wheeled_robot/share/two_wheeled_robot/media/gps/gps_service_call_set_origin_lat_lon\n'}
[0.381686] (two_wheeled_robot) StdoutLine: {'line': b'-- Up-to-date: /home/greyflon/lab_2025/install/two_wheeled_robot/share/two_wheeled_robot/media/node_graph\n'}
[0.381912] (two_wheeled_robot) StdoutLine: {'line': b'-- Up-to-date: /home/greyflon/lab_2025/install/two_wheeled_robot/share/two_wheeled_robot/media/node_graph/rviz_launch_rosgraph.png\n'}
[0.382069] (two_wheeled_robot) StdoutLine: {'line': b'-- Up-to-date: /home/greyflon/lab_2025/install/two_wheeled_robot/share/two_wheeled_robot/meshes\n'}
[0.382351] (two_wheeled_robot) StdoutLine: {'line': b'-- Up-to-date: /home/greyflon/lab_2025/install/two_wheeled_robot/share/two_wheeled_robot/meshes/elbow.stl\n'}
[0.382506] (two_wheeled_robot) StdoutLine: {'line': b'-- Up-to-date: /home/greyflon/lab_2025/install/two_wheeled_robot/share/two_wheeled_robot/meshes/cafe\n'}
[0.382652] (two_wheeled_robot) StdoutLine: {'line': b'-- Up-to-date: /home/greyflon/lab_2025/install/two_wheeled_robot/share/two_wheeled_robot/meshes/cafe/walk.dae\n'}
[0.382940] (two_wheeled_robot) StdoutLine: {'line': b'-- Up-to-date: /home/greyflon/lab_2025/install/two_wheeled_robot/share/two_wheeled_robot/meshes/bicep.stl\n'}
[0.383367] (two_wheeled_robot) StdoutLine: {'line': b'-- Up-to-date: /home/greyflon/lab_2025/install/two_wheeled_robot/share/two_wheeled_robot/meshes/robot_base.stl\n'}
[0.383518] (two_wheeled_robot) StdoutLine: {'line': b'-- Up-to-date: /home/greyflon/lab_2025/install/two_wheeled_robot/share/two_wheeled_robot/meshes/office\n'}
[0.383664] (two_wheeled_robot) StdoutLine: {'line': b'-- Up-to-date: /home/greyflon/lab_2025/install/two_wheeled_robot/share/two_wheeled_robot/meshes/office/hallway.obj\n'}
[0.383881] (two_wheeled_robot) StdoutLine: {'line': b'-- Up-to-date: /home/greyflon/lab_2025/install/two_wheeled_robot/share/two_wheeled_robot/meshes/office/tile.obj\n'}
[0.384034] (two_wheeled_robot) StdoutLine: {'line': b'-- Up-to-date: /home/greyflon/lab_2025/install/two_wheeled_robot/share/two_wheeled_robot/meshes/office/meeting_room_large.obj\n'}
[0.384178] (two_wheeled_robot) StdoutLine: {'line': b'-- Up-to-date: /home/greyflon/lab_2025/install/two_wheeled_robot/share/two_wheeled_robot/meshes/office/wall_window.obj\n'}
[0.384322] (two_wheeled_robot) StdoutLine: {'line': b'-- Up-to-date: /home/greyflon/lab_2025/install/two_wheeled_robot/share/two_wheeled_robot/meshes/office/sink.obj\n'}
[0.384465] (two_wheeled_robot) StdoutLine: {'line': b'-- Up-to-date: /home/greyflon/lab_2025/install/two_wheeled_robot/share/two_wheeled_robot/meshes/office/bathroom.obj\n'}
[0.385010] (two_wheeled_robot) StdoutLine: {'line': b'-- Up-to-date: /home/greyflon/lab_2025/install/two_wheeled_robot/share/two_wheeled_robot/meshes/office/office_large.obj\n'}
[0.385326] (two_wheeled_robot) StdoutLine: {'line': b'-- Up-to-date: /home/greyflon/lab_2025/install/two_wheeled_robot/share/two_wheeled_robot/meshes/office/wall_plain.obj\n'}
[0.385474] (two_wheeled_robot) StdoutLine: {'line': b'-- Up-to-date: /home/greyflon/lab_2025/install/two_wheeled_robot/share/two_wheeled_robot/meshes/office/meeting_room_small.obj\n'}
[0.385618] (two_wheeled_robot) StdoutLine: {'line': b'-- Up-to-date: /home/greyflon/lab_2025/install/two_wheeled_robot/share/two_wheeled_robot/meshes/office/cubicle_wall.mtl\n'}
[0.385781] (two_wheeled_robot) StdoutLine: {'line': b'-- Up-to-date: /home/greyflon/lab_2025/install/two_wheeled_robot/share/two_wheeled_robot/meshes/office/carpet.obj\n'}
[0.386158] (two_wheeled_robot) StdoutLine: {'line': b'-- Up-to-date: /home/greyflon/lab_2025/install/two_wheeled_robot/share/two_wheeled_robot/meshes/office/cubicle_wall.obj\n'}
[0.386306] (two_wheeled_robot) StdoutLine: {'line': b'-- Up-to-date: /home/greyflon/lab_2025/install/two_wheeled_robot/share/two_wheeled_robot/meshes/office/office_small.obj\n'}
[0.386448] (two_wheeled_robot) StdoutLine: {'line': b'-- Up-to-date: /home/greyflon/lab_2025/install/two_wheeled_robot/share/two_wheeled_robot/meshes/office/office.mtl\n'}
[0.386592] (two_wheeled_robot) StdoutLine: {'line': b'-- Up-to-date: /home/greyflon/lab_2025/install/two_wheeled_robot/share/two_wheeled_robot/meshes/office/wall_elevator.obj\n'}
[0.386753] (two_wheeled_robot) StdoutLine: {'line': b'-- Up-to-date: /home/greyflon/lab_2025/install/two_wheeled_robot/share/two_wheeled_robot/meshes/office/ceiling.obj\n'}
[0.386956] (two_wheeled_robot) StdoutLine: {'line': b'-- Up-to-date: /home/greyflon/lab_2025/install/two_wheeled_robot/share/two_wheeled_robot/meshes/office/reception.obj\n'}
[0.387102] (two_wheeled_robot) StdoutLine: {'line': b'-- Up-to-date: /home/greyflon/lab_2025/install/two_wheeled_robot/share/two_wheeled_robot/meshes/office/wall_door.obj\n'}
[0.387245] (two_wheeled_robot) StdoutLine: {'line': b'-- Up-to-date: /home/greyflon/lab_2025/install/two_wheeled_robot/share/two_wheeled_robot/meshes/office/refreshment_area.obj\n'}
[0.387388] (two_wheeled_robot) StdoutLine: {'line': b'-- Up-to-date: /home/greyflon/lab_2025/install/two_wheeled_robot/share/two_wheeled_robot/meshes/wrist.stl\n'}
[0.387532] (two_wheeled_robot) StdoutLine: {'line': b'-- Up-to-date: /home/greyflon/lab_2025/install/two_wheeled_robot/share/two_wheeled_robot/meshes/wheel.stl\n'}
[0.388422] (two_wheeled_robot) StdoutLine: {'line': b'-- Up-to-date: /home/greyflon/lab_2025/install/two_wheeled_robot/share/two_wheeled_robot/meshes/arm_base.stl\n'}
[0.388578] (two_wheeled_robot) StdoutLine: {'line': b'-- Up-to-date: /home/greyflon/lab_2025/install/two_wheeled_robot/share/two_wheeled_robot/models\n'}
[0.388722] (two_wheeled_robot) StdoutLine: {'line': b'-- Up-to-date: /home/greyflon/lab_2025/install/two_wheeled_robot/share/two_wheeled_robot/models/aws_robomaker_hospital_ramp_01\n'}
[0.389029] (two_wheeled_robot) StdoutLine: {'line': b'-- Up-to-date: /home/greyflon/lab_2025/install/two_wheeled_robot/share/two_wheeled_robot/models/aws_robomaker_hospital_ramp_01/model.config\n'}
[0.389177] (two_wheeled_robot) StdoutLine: {'line': b'-- Up-to-date: /home/greyflon/lab_2025/install/two_wheeled_robot/share/two_wheeled_robot/models/aws_robomaker_hospital_ramp_01/meshes\n'}
[0.389321] (two_wheeled_robot) StdoutLine: {'line': b'-- Up-to-date: /home/greyflon/lab_2025/install/two_wheeled_robot/share/two_wheeled_robot/models/aws_robomaker_hospital_ramp_01/meshes/aws_robomaker_hospital_ramp_01.png\n'}
[0.389579] (two_wheeled_robot) StdoutLine: {'line': b'-- Up-to-date: /home/greyflon/lab_2025/install/two_wheeled_robot/share/two_wheeled_robot/models/aws_robomaker_hospital_ramp_01/meshes/aws_robomaker_hospital_ramp_01_collision.dae\n'}
[0.389747] (two_wheeled_robot) StdoutLine: {'line': b'-- Up-to-date: /home/greyflon/lab_2025/install/two_wheeled_robot/share/two_wheeled_robot/models/aws_robomaker_hospital_ramp_01/meshes/aws_robomaker_hospital_ramp_01_normal.png\n'}
[0.390146] (two_wheeled_robot) StdoutLine: {'line': b'-- Up-to-date: /home/greyflon/lab_2025/install/two_wheeled_robot/share/two_wheeled_robot/models/aws_robomaker_hospital_ramp_01/meshes/aws_robomaker_hospital_ramp_01_visual.dae\n'}
[0.390294] (two_wheeled_robot) StdoutLine: {'line': b'-- Up-to-date: /home/greyflon/lab_2025/install/two_wheeled_robot/share/two_wheeled_robot/models/aws_robomaker_hospital_ramp_01/model.sdf\n'}
[0.390437] (two_wheeled_robot) StdoutLine: {'line': b'-- Up-to-date: /home/greyflon/lab_2025/install/two_wheeled_robot/share/two_wheeled_robot/models/toilet\n'}
[0.390578] (two_wheeled_robot) StdoutLine: {'line': b'-- Up-to-date: /home/greyflon/lab_2025/install/two_wheeled_robot/share/two_wheeled_robot/models/toilet/model.config\n'}
[0.390720] (two_wheeled_robot) StdoutLine: {'line': b'-- Up-to-date: /home/greyflon/lab_2025/install/two_wheeled_robot/share/two_wheeled_robot/models/toilet/meshes\n'}
[0.391143] (two_wheeled_robot) StdoutLine: {'line': b'-- Up-to-date: /home/greyflon/lab_2025/install/two_wheeled_robot/share/two_wheeled_robot/models/toilet/meshes/toilet.mtl\n'}
[0.391291] (two_wheeled_robot) StdoutLine: {'line': b'-- Up-to-date: /home/greyflon/lab_2025/install/two_wheeled_robot/share/two_wheeled_robot/models/toilet/meshes/toilet.dae\n'}
[0.391434] (two_wheeled_robot) StdoutLine: {'line': b'-- Up-to-date: /home/greyflon/lab_2025/install/two_wheeled_robot/share/two_wheeled_robot/models/toilet/meshes/toilet.obj\n'}
[0.391575] (two_wheeled_robot) StdoutLine: {'line': b'-- Up-to-date: /home/greyflon/lab_2025/install/two_wheeled_robot/share/two_wheeled_robot/models/toilet/materials\n'}
[0.391721] (two_wheeled_robot) StdoutLine: {'line': b'-- Up-to-date: /home/greyflon/lab_2025/install/two_wheeled_robot/share/two_wheeled_robot/models/toilet/materials/textures\n'}
[0.392218] (two_wheeled_robot) StdoutLine: {'line': b'-- Up-to-date: /home/greyflon/lab_2025/install/two_wheeled_robot/share/two_wheeled_robot/models/toilet/materials/textures/toilet_diffuse_specular.png\n'}
[0.392372] (two_wheeled_robot) StdoutLine: {'line': b'-- Up-to-date: /home/greyflon/lab_2025/install/two_wheeled_robot/share/two_wheeled_robot/models/toilet/thumbnails\n'}
[0.392517] (two_wheeled_robot) StdoutLine: {'line': b'-- Up-to-date: /home/greyflon/lab_2025/install/two_wheeled_robot/share/two_wheeled_robot/models/toilet/thumbnails/5.png\n'}
[0.392663] (two_wheeled_robot) StdoutLine: {'line': b'-- Up-to-date: /home/greyflon/lab_2025/install/two_wheeled_robot/share/two_wheeled_robot/models/toilet/thumbnails/1.png\n'}
[0.393069] (two_wheeled_robot) StdoutLine: {'line': b'-- Up-to-date: /home/greyflon/lab_2025/install/two_wheeled_robot/share/two_wheeled_robot/models/toilet/thumbnails/2.png\n'}
[0.393228] (two_wheeled_robot) StdoutLine: {'line': b'-- Up-to-date: /home/greyflon/lab_2025/install/two_wheeled_robot/share/two_wheeled_robot/models/toilet/thumbnails/4.png\n'}
[0.393375] (two_wheeled_robot) StdoutLine: {'line': b'-- Up-to-date: /home/greyflon/lab_2025/install/two_wheeled_robot/share/two_wheeled_robot/models/toilet/thumbnails/3.png\n'}
[0.393521] (two_wheeled_robot) StdoutLine: {'line': b'-- Up-to-date: /home/greyflon/lab_2025/install/two_wheeled_robot/share/two_wheeled_robot/models/toilet/model.sdf\n'}
[0.393667] (two_wheeled_robot) StdoutLine: {'line': b'-- Up-to-date: /home/greyflon/lab_2025/install/two_wheeled_robot/share/two_wheeled_robot/models/aws_robomaker_residential_RoomCeiling_01\n'}
[0.393885] (two_wheeled_robot) StdoutLine: {'line': b'-- Up-to-date: /home/greyflon/lab_2025/install/two_wheeled_robot/share/two_wheeled_robot/models/aws_robomaker_residential_RoomCeiling_01/model.config\n'}
[0.394037] (two_wheeled_robot) StdoutLine: {'line': b'-- Up-to-date: /home/greyflon/lab_2025/install/two_wheeled_robot/share/two_wheeled_robot/models/aws_robomaker_residential_RoomCeiling_01/meshes\n'}
[0.394180] (two_wheeled_robot) StdoutLine: {'line': b'-- Up-to-date: /home/greyflon/lab_2025/install/two_wheeled_robot/share/two_wheeled_robot/models/aws_robomaker_residential_RoomCeiling_01/meshes/aws_RoomCeiling_01_collision.DAE\n'}
[0.394321] (two_wheeled_robot) StdoutLine: {'line': b'-- Up-to-date: /home/greyflon/lab_2025/install/two_wheeled_robot/share/two_wheeled_robot/models/aws_robomaker_residential_RoomCeiling_01/meshes/aws_RoomCeiling_01_visual.DAE\n'}
[0.394464] (two_wheeled_robot) StdoutLine: {'line': b'-- Up-to-date: /home/greyflon/lab_2025/install/two_wheeled_robot/share/two_wheeled_robot/models/aws_robomaker_residential_RoomCeiling_01/materials\n'}
[0.394606] (two_wheeled_robot) StdoutLine: {'line': b'-- Up-to-date: /home/greyflon/lab_2025/install/two_wheeled_robot/share/two_wheeled_robot/models/aws_robomaker_residential_RoomCeiling_01/materials/textures\n'}
[0.394771] (two_wheeled_robot) StdoutLine: {'line': b'-- Up-to-date: /home/greyflon/lab_2025/install/two_wheeled_robot/share/two_wheeled_robot/models/aws_robomaker_residential_RoomCeiling_01/materials/textures/aws_RoomCeiling_01.png\n'}
[0.395371] (two_wheeled_robot) StdoutLine: {'line': b'-- Up-to-date: /home/greyflon/lab_2025/install/two_wheeled_robot/share/two_wheeled_robot/models/aws_robomaker_residential_RoomCeiling_01/model.sdf\n'}
[0.395526] (two_wheeled_robot) StdoutLine: {'line': b'-- Up-to-date: /home/greyflon/lab_2025/install/two_wheeled_robot/share/two_wheeled_robot/models/BedsideTable\n'}
[0.395672] (two_wheeled_robot) StdoutLine: {'line': b'-- Up-to-date: /home/greyflon/lab_2025/install/two_wheeled_robot/share/two_wheeled_robot/models/BedsideTable/model.config\n'}
[0.395886] (two_wheeled_robot) StdoutLine: {'line': b'-- Up-to-date: /home/greyflon/lab_2025/install/two_wheeled_robot/share/two_wheeled_robot/models/BedsideTable/meshes\n'}
[0.396040] (two_wheeled_robot) StdoutLine: {'line': b'-- Up-to-date: /home/greyflon/lab_2025/install/two_wheeled_robot/share/two_wheeled_robot/models/BedsideTable/meshes/BedsideTable_Normal.png\n'}
[0.396183] (two_wheeled_robot) StdoutLine: {'line': b'-- Up-to-date: /home/greyflon/lab_2025/install/two_wheeled_robot/share/two_wheeled_robot/models/BedsideTable/meshes/BedsideTable_SpecGloss.png\n'}
[0.396326] (two_wheeled_robot) StdoutLine: {'line': b'-- Up-to-date: /home/greyflon/lab_2025/install/two_wheeled_robot/share/two_wheeled_robot/models/BedsideTable/meshes/BedsideTable_Col.obj\n'}
[0.396469] (two_wheeled_robot) StdoutLine: {'line': b'-- Up-to-date: /home/greyflon/lab_2025/install/two_wheeled_robot/share/two_wheeled_robot/models/BedsideTable/meshes/BedsideTable_Diffuse.png\n'}
[0.396612] (two_wheeled_robot) StdoutLine: {'line': b'-- Up-to-date: /home/greyflon/lab_2025/install/two_wheeled_robot/share/two_wheeled_robot/models/BedsideTable/meshes/BedsideTable.png\n'}
[0.397097] (two_wheeled_robot) StdoutLine: {'line': b'-- Up-to-date: /home/greyflon/lab_2025/install/two_wheeled_robot/share/two_wheeled_robot/models/BedsideTable/meshes/BedsideTable.mtl\n'}
[0.397252] (two_wheeled_robot) StdoutLine: {'line': b'-- Up-to-date: /home/greyflon/lab_2025/install/two_wheeled_robot/share/two_wheeled_robot/models/BedsideTable/meshes/BedsideTable.obj\n'}
[0.397397] (two_wheeled_robot) StdoutLine: {'line': b'-- Up-to-date: /home/greyflon/lab_2025/install/two_wheeled_robot/share/two_wheeled_robot/models/BedsideTable/meshes/BedsideTable_Col.mtl\n'}
[0.397540] (two_wheeled_robot) StdoutLine: {'line': b'-- Up-to-date: /home/greyflon/lab_2025/install/two_wheeled_robot/share/two_wheeled_robot/models/BedsideTable/thumbnails\n'}
[0.397683] (two_wheeled_robot) StdoutLine: {'line': b'-- Up-to-date: /home/greyflon/lab_2025/install/two_wheeled_robot/share/two_wheeled_robot/models/BedsideTable/thumbnails/5.png\n'}
[0.398108] (two_wheeled_robot) StdoutLine: {'line': b'-- Up-to-date: /home/greyflon/lab_2025/install/two_wheeled_robot/share/two_wheeled_robot/models/BedsideTable/thumbnails/1.png\n'}
[0.398328] (two_wheeled_robot) StdoutLine: {'line': b'-- Up-to-date: /home/greyflon/lab_2025/install/two_wheeled_robot/share/two_wheeled_robot/models/BedsideTable/thumbnails/2.png\n'}
[0.398473] (two_wheeled_robot) StdoutLine: {'line': b'-- Up-to-date: /home/greyflon/lab_2025/install/two_wheeled_robot/share/two_wheeled_robot/models/BedsideTable/thumbnails/4.png\n'}
[0.398617] (two_wheeled_robot) StdoutLine: {'line': b'-- Up-to-date: /home/greyflon/lab_2025/install/two_wheeled_robot/share/two_wheeled_robot/models/BedsideTable/thumbnails/3.png\n'}
[0.398818] (two_wheeled_robot) StdoutLine: {'line': b'-- Up-to-date: /home/greyflon/lab_2025/install/two_wheeled_robot/share/two_wheeled_robot/models/BedsideTable/model.sdf\n'}
[0.399203] (two_wheeled_robot) StdoutLine: {'line': b'-- Up-to-date: /home/greyflon/lab_2025/install/two_wheeled_robot/share/two_wheeled_robot/models/StorageRackCovered\n'}
[0.399354] (two_wheeled_robot) StdoutLine: {'line': b'-- Up-to-date: /home/greyflon/lab_2025/install/two_wheeled_robot/share/two_wheeled_robot/models/StorageRackCovered/model.config\n'}
[0.399503] (two_wheeled_robot) StdoutLine: {'line': b'-- Up-to-date: /home/greyflon/lab_2025/install/two_wheeled_robot/share/two_wheeled_robot/models/StorageRackCovered/meshes\n'}
[0.399649] (two_wheeled_robot) StdoutLine: {'line': b'-- Up-to-date: /home/greyflon/lab_2025/install/two_wheeled_robot/share/two_wheeled_robot/models/StorageRackCovered/meshes/StorageRackCovered.obj\n'}
[0.400008] (two_wheeled_robot) StdoutLine: {'line': b'-- Up-to-date: /home/greyflon/lab_2025/install/two_wheeled_robot/share/two_wheeled_robot/models/StorageRackCovered/meshes/StorageRackCovered.png\n'}
[0.400287] (two_wheeled_robot) StdoutLine: {'line': b'-- Up-to-date: /home/greyflon/lab_2025/install/two_wheeled_robot/share/two_wheeled_robot/models/StorageRackCovered/meshes/StorageRackCovered.mtl\n'}
[0.400437] (two_wheeled_robot) StdoutLine: {'line': b'-- Up-to-date: /home/greyflon/lab_2025/install/two_wheeled_robot/share/two_wheeled_robot/models/StorageRackCovered/thumbnails\n'}
[0.400583] (two_wheeled_robot) StdoutLine: {'line': b'-- Up-to-date: /home/greyflon/lab_2025/install/two_wheeled_robot/share/two_wheeled_robot/models/StorageRackCovered/thumbnails/5.png\n'}
[0.400745] (two_wheeled_robot) StdoutLine: {'line': b'-- Up-to-date: /home/greyflon/lab_2025/install/two_wheeled_robot/share/two_wheeled_robot/models/StorageRackCovered/thumbnails/1.png\n'}
[0.401163] (-) TimerEvent: {}
[0.401455] (two_wheeled_robot) StdoutLine: {'line': b'-- Up-to-date: /home/greyflon/lab_2025/install/two_wheeled_robot/share/two_wheeled_robot/models/StorageRackCovered/thumbnails/2.png\n'}
[0.401714] (two_wheeled_robot) StdoutLine: {'line': b'-- Up-to-date: /home/greyflon/lab_2025/install/two_wheeled_robot/share/two_wheeled_robot/models/StorageRackCovered/thumbnails/4.png\n'}
[0.401985] (two_wheeled_robot) StdoutLine: {'line': b'-- Up-to-date: /home/greyflon/lab_2025/install/two_wheeled_robot/share/two_wheeled_robot/models/StorageRackCovered/thumbnails/3.png\n'}
[0.402134] (two_wheeled_robot) StdoutLine: {'line': b'-- Up-to-date: /home/greyflon/lab_2025/install/two_wheeled_robot/share/two_wheeled_robot/models/StorageRackCovered/model.sdf\n'}
[0.402279] (two_wheeled_robot) StdoutLine: {'line': b'-- Up-to-date: /home/greyflon/lab_2025/install/two_wheeled_robot/share/two_wheeled_robot/models/fast_food\n'}
[0.402422] (two_wheeled_robot) StdoutLine: {'line': b'-- Up-to-date: /home/greyflon/lab_2025/install/two_wheeled_robot/share/two_wheeled_robot/models/fast_food/model-1_4.sdf\n'}
[0.402566] (two_wheeled_robot) StdoutLine: {'line': b'-- Up-to-date: /home/greyflon/lab_2025/install/two_wheeled_robot/share/two_wheeled_robot/models/fast_food/model.config\n'}
[0.402710] (two_wheeled_robot) StdoutLine: {'line': b'-- Up-to-date: /home/greyflon/lab_2025/install/two_wheeled_robot/share/two_wheeled_robot/models/fast_food/meshes\n'}
[0.403126] (two_wheeled_robot) StdoutLine: {'line': b'-- Up-to-date: /home/greyflon/lab_2025/install/two_wheeled_robot/share/two_wheeled_robot/models/fast_food/meshes/fast_food.dae\n'}
[0.403282] (two_wheeled_robot) StdoutLine: {'line': b'-- Up-to-date: /home/greyflon/lab_2025/install/two_wheeled_robot/share/two_wheeled_robot/models/fast_food/materials\n'}
[0.403426] (two_wheeled_robot) StdoutLine: {'line': b'-- Up-to-date: /home/greyflon/lab_2025/install/two_wheeled_robot/share/two_wheeled_robot/models/fast_food/materials/scripts\n'}
[0.403570] (two_wheeled_robot) StdoutLine: {'line': b'-- Up-to-date: /home/greyflon/lab_2025/install/two_wheeled_robot/share/two_wheeled_robot/models/fast_food/materials/scripts/fast_food.material\n'}
[0.403714] (two_wheeled_robot) StdoutLine: {'line': b'-- Up-to-date: /home/greyflon/lab_2025/install/two_wheeled_robot/share/two_wheeled_robot/models/fast_food/materials/textures\n'}
[0.403934] (two_wheeled_robot) StdoutLine: {'line': b'-- Up-to-date: /home/greyflon/lab_2025/install/two_wheeled_robot/share/two_wheeled_robot/models/fast_food/materials/textures/FastFood_Normal.png\n'}
[0.404087] (two_wheeled_robot) StdoutLine: {'line': b'-- Up-to-date: /home/greyflon/lab_2025/install/two_wheeled_robot/share/two_wheeled_robot/models/fast_food/materials/textures/FastFood_Spec.png\n'}
[0.404232] (two_wheeled_robot) StdoutLine: {'line': b'-- Up-to-date: /home/greyflon/lab_2025/install/two_wheeled_robot/share/two_wheeled_robot/models/fast_food/materials/textures/FastFood_Diffuse.png\n'}
[0.404375] (two_wheeled_robot) StdoutLine: {'line': b'-- Up-to-date: /home/greyflon/lab_2025/install/two_wheeled_robot/share/two_wheeled_robot/models/fast_food/model.sdf\n'}
[0.404517] (two_wheeled_robot) StdoutLine: {'line': b'-- Up-to-date: /home/greyflon/lab_2025/install/two_wheeled_robot/share/two_wheeled_robot/models/fast_food/model-1_3.sdf\n'}
[0.405040] (two_wheeled_robot) StdoutLine: {'line': b'-- Up-to-date: /home/greyflon/lab_2025/install/two_wheeled_robot/share/two_wheeled_robot/models/blue_tray\n'}
[0.405344] (two_wheeled_robot) StdoutLine: {'line': b'-- Up-to-date: /home/greyflon/lab_2025/install/two_wheeled_robot/share/two_wheeled_robot/models/blue_tray/model.config\n'}
[0.405495] (two_wheeled_robot) StdoutLine: {'line': b'-- Up-to-date: /home/greyflon/lab_2025/install/two_wheeled_robot/share/two_wheeled_robot/models/blue_tray/meshes\n'}
[0.405642] (two_wheeled_robot) StdoutLine: {'line': b'-- Up-to-date: /home/greyflon/lab_2025/install/two_wheeled_robot/share/two_wheeled_robot/models/blue_tray/meshes/blue_tray.dae\n'}
[0.406001] (two_wheeled_robot) StdoutLine: {'line': b'-- Up-to-date: /home/greyflon/lab_2025/install/two_wheeled_robot/share/two_wheeled_robot/models/blue_tray/model.sdf\n'}
[0.406267] (two_wheeled_robot) StdoutLine: {'line': b'-- Up-to-date: /home/greyflon/lab_2025/install/two_wheeled_robot/share/two_wheeled_robot/models/office_couch\n'}
[0.406418] (two_wheeled_robot) StdoutLine: {'line': b'-- Up-to-date: /home/greyflon/lab_2025/install/two_wheeled_robot/share/two_wheeled_robot/models/office_couch/model.config\n'}
[0.406611] (two_wheeled_robot) StdoutLine: {'line': b'-- Up-to-date: /home/greyflon/lab_2025/install/two_wheeled_robot/share/two_wheeled_robot/models/office_couch/meshes\n'}
[0.406778] (two_wheeled_robot) StdoutLine: {'line': b'-- Up-to-date: /home/greyflon/lab_2025/install/two_wheeled_robot/share/two_wheeled_robot/models/office_couch/meshes/office_couch.dae\n'}
[0.407130] (two_wheeled_robot) StdoutLine: {'line': b'-- Up-to-date: /home/greyflon/lab_2025/install/two_wheeled_robot/share/two_wheeled_robot/models/office_couch/materials\n'}
[0.407278] (two_wheeled_robot) StdoutLine: {'line': b'-- Up-to-date: /home/greyflon/lab_2025/install/two_wheeled_robot/share/two_wheeled_robot/models/office_couch/materials/textures\n'}
[0.407421] (two_wheeled_robot) StdoutLine: {'line': b'-- Up-to-date: /home/greyflon/lab_2025/install/two_wheeled_robot/share/two_wheeled_robot/models/office_couch/materials/textures/office_couch_specular.png\n'}
[0.407565] (two_wheeled_robot) StdoutLine: {'line': b'-- Up-to-date: /home/greyflon/lab_2025/install/two_wheeled_robot/share/two_wheeled_robot/models/office_couch/materials/textures/office_couch_diffuse.png\n'}
[0.407767] (two_wheeled_robot) StdoutLine: {'line': b'-- Up-to-date: /home/greyflon/lab_2025/install/two_wheeled_robot/share/two_wheeled_robot/models/office_couch/model.sdf\n'}
[0.408159] (two_wheeled_robot) StdoutLine: {'line': b'-- Up-to-date: /home/greyflon/lab_2025/install/two_wheeled_robot/share/two_wheeled_robot/models/simple_gripper\n'}
[0.408307] (two_wheeled_robot) StdoutLine: {'line': b'-- Up-to-date: /home/greyflon/lab_2025/install/two_wheeled_robot/share/two_wheeled_robot/models/simple_gripper/model-1_2.sdf\n'}
[0.408452] (two_wheeled_robot) StdoutLine: {'line': b'-- Up-to-date: /home/greyflon/lab_2025/install/two_wheeled_robot/share/two_wheeled_robot/models/simple_gripper/model-1_4.sdf\n'}
[0.408594] (two_wheeled_robot) StdoutLine: {'line': b'-- Up-to-date: /home/greyflon/lab_2025/install/two_wheeled_robot/share/two_wheeled_robot/models/simple_gripper/model.config\n'}
[0.408750] (two_wheeled_robot) StdoutLine: {'line': b'-- Up-to-date: /home/greyflon/lab_2025/install/two_wheeled_robot/share/two_wheeled_robot/models/simple_gripper/model.sdf\n'}
[0.408950] (two_wheeled_robot) StdoutLine: {'line': b'-- Up-to-date: /home/greyflon/lab_2025/install/two_wheeled_robot/share/two_wheeled_robot/models/simple_gripper/model-1_3.sdf\n'}
[0.409097] (two_wheeled_robot) StdoutLine: {'line': b'-- Up-to-date: /home/greyflon/lab_2025/install/two_wheeled_robot/share/two_wheeled_robot/models/MaleVisitorOnPhone\n'}
[0.409241] (two_wheeled_robot) StdoutLine: {'line': b'-- Up-to-date: /home/greyflon/lab_2025/install/two_wheeled_robot/share/two_wheeled_robot/models/MaleVisitorOnPhone/model.config\n'}
[0.409384] (two_wheeled_robot) StdoutLine: {'line': b'-- Up-to-date: /home/greyflon/lab_2025/install/two_wheeled_robot/share/two_wheeled_robot/models/MaleVisitorOnPhone/meshes\n'}
[0.409527] (two_wheeled_robot) StdoutLine: {'line': b'-- Up-to-date: /home/greyflon/lab_2025/install/two_wheeled_robot/share/two_wheeled_robot/models/MaleVisitorOnPhone/meshes/Phone.png\n'}
[0.409671] (two_wheeled_robot) StdoutLine: {'line': b'-- Up-to-date: /home/greyflon/lab_2025/install/two_wheeled_robot/share/two_wheeled_robot/models/MaleVisitorOnPhone/meshes/MaleVisitorStatic_Col.obj\n'}
[0.410183] (two_wheeled_robot) StdoutLine: {'line': b'-- Up-to-date: /home/greyflon/lab_2025/install/two_wheeled_robot/share/two_wheeled_robot/models/MaleVisitorOnPhone/meshes/MaleVisitorStatic.obj\n'}
[0.410336] (two_wheeled_robot) StdoutLine: {'line': b'-- Up-to-date: /home/greyflon/lab_2025/install/two_wheeled_robot/share/two_wheeled_robot/models/MaleVisitorOnPhone/meshes/MaleVisitor.png\n'}
[0.410479] (two_wheeled_robot) StdoutLine: {'line': b'-- Up-to-date: /home/greyflon/lab_2025/install/two_wheeled_robot/share/two_wheeled_robot/models/MaleVisitorOnPhone/meshes/MaleVisitorStatic_Col.mtl\n'}
[0.410623] (two_wheeled_robot) StdoutLine: {'line': b'-- Up-to-date: /home/greyflon/lab_2025/install/two_wheeled_robot/share/two_wheeled_robot/models/MaleVisitorOnPhone/meshes/MaleVisitorStatic.mtl\n'}
[0.411059] (two_wheeled_robot) StdoutLine: {'line': b'-- Up-to-date: /home/greyflon/lab_2025/install/two_wheeled_robot/share/two_wheeled_robot/models/MaleVisitorOnPhone/thumbnails\n'}
[0.411346] (two_wheeled_robot) StdoutLine: {'line': b'-- Up-to-date: /home/greyflon/lab_2025/install/two_wheeled_robot/share/two_wheeled_robot/models/MaleVisitorOnPhone/thumbnails/5.png\n'}
[0.411494] (two_wheeled_robot) StdoutLine: {'line': b'-- Up-to-date: /home/greyflon/lab_2025/install/two_wheeled_robot/share/two_wheeled_robot/models/MaleVisitorOnPhone/thumbnails/1.png\n'}
[0.411851] (two_wheeled_robot) StdoutLine: {'line': b'-- Up-to-date: /home/greyflon/lab_2025/install/two_wheeled_robot/share/two_wheeled_robot/models/MaleVisitorOnPhone/thumbnails/2.png\n'}
[0.412094] (two_wheeled_robot) StdoutLine: {'line': b'-- Up-to-date: /home/greyflon/lab_2025/install/two_wheeled_robot/share/two_wheeled_robot/models/MaleVisitorOnPhone/thumbnails/4.png\n'}
[0.412239] (two_wheeled_robot) StdoutLine: {'line': b'-- Up-to-date: /home/greyflon/lab_2025/install/two_wheeled_robot/share/two_wheeled_robot/models/MaleVisitorOnPhone/thumbnails/3.png\n'}
[0.412382] (two_wheeled_robot) StdoutLine: {'line': b'-- Up-to-date: /home/greyflon/lab_2025/install/two_wheeled_robot/share/two_wheeled_robot/models/MaleVisitorOnPhone/model.sdf\n'}
[0.412525] (two_wheeled_robot) StdoutLine: {'line': b'-- Up-to-date: /home/greyflon/lab_2025/install/two_wheeled_robot/share/two_wheeled_robot/models/MalePatientBed\n'}
[0.412667] (two_wheeled_robot) StdoutLine: {'line': b'-- Up-to-date: /home/greyflon/lab_2025/install/two_wheeled_robot/share/two_wheeled_robot/models/MalePatientBed/model.config\n'}
[0.412877] (two_wheeled_robot) StdoutLine: {'line': b'-- Up-to-date: /home/greyflon/lab_2025/install/two_wheeled_robot/share/two_wheeled_robot/models/MalePatientBed/meshes\n'}
[0.413029] (two_wheeled_robot) StdoutLine: {'line': b'-- Up-to-date: /home/greyflon/lab_2025/install/two_wheeled_robot/share/two_wheeled_robot/models/MalePatientBed/meshes/Carts_Wheels_Diffuse.png\n'}
[0.413173] (two_wheeled_robot) StdoutLine: {'line': b'-- Up-to-date: /home/greyflon/lab_2025/install/two_wheeled_robot/share/two_wheeled_robot/models/MalePatientBed/meshes/MalePatientBed.obj\n'}
[0.413317] (two_wheeled_robot) StdoutLine: {'line': b'-- Up-to-date: /home/greyflon/lab_2025/install/two_wheeled_robot/share/two_wheeled_robot/models/MalePatientBed/meshes/PatientM.png\n'}
[0.413459] (two_wheeled_robot) StdoutLine: {'line': b'-- Up-to-date: /home/greyflon/lab_2025/install/two_wheeled_robot/share/two_wheeled_robot/models/MalePatientBed/meshes/towel1.jpg\n'}
[0.413754] (two_wheeled_robot) StdoutLine: {'line': b'-- Up-to-date: /home/greyflon/lab_2025/install/two_wheeled_robot/share/two_wheeled_robot/models/MalePatientBed/meshes/texture.png\n'}
[0.414208] (two_wheeled_robot) StdoutLine: {'line': b'-- Up-to-date: /home/greyflon/lab_2025/install/two_wheeled_robot/share/two_wheeled_robot/models/MalePatientBed/meshes/CGMVanguard_Diffuse.png\n'}
[0.414355] (two_wheeled_robot) StdoutLine: {'line': b'-- Up-to-date: /home/greyflon/lab_2025/install/two_wheeled_robot/share/two_wheeled_robot/models/MalePatientBed/meshes/MalePatientBed.mtl\n'}
[0.414499] (two_wheeled_robot) StdoutLine: {'line': b'-- Up-to-date: /home/greyflon/lab_2025/install/two_wheeled_robot/share/two_wheeled_robot/models/MalePatientBed/thumbnails\n'}
[0.414643] (two_wheeled_robot) StdoutLine: {'line': b'-- Up-to-date: /home/greyflon/lab_2025/install/two_wheeled_robot/share/two_wheeled_robot/models/MalePatientBed/thumbnails/5.png\n'}
[0.415008] (two_wheeled_robot) StdoutLine: {'line': b'-- Up-to-date: /home/greyflon/lab_2025/install/two_wheeled_robot/share/two_wheeled_robot/models/MalePatientBed/thumbnails/1.png\n'}
[0.415227] (two_wheeled_robot) StdoutLine: {'line': b'-- Up-to-date: /home/greyflon/lab_2025/install/two_wheeled_robot/share/two_wheeled_robot/models/MalePatientBed/thumbnails/2.png\n'}
[0.415474] (two_wheeled_robot) StdoutLine: {'line': b'-- Up-to-date: /home/greyflon/lab_2025/install/two_wheeled_robot/share/two_wheeled_robot/models/MalePatientBed/thumbnails/4.png\n'}
[0.415625] (two_wheeled_robot) StdoutLine: {'line': b'-- Up-to-date: /home/greyflon/lab_2025/install/two_wheeled_robot/share/two_wheeled_robot/models/MalePatientBed/thumbnails/3.png\n'}
[0.415826] (two_wheeled_robot) StdoutLine: {'line': b'-- Up-to-date: /home/greyflon/lab_2025/install/two_wheeled_robot/share/two_wheeled_robot/models/MalePatientBed/model.sdf\n'}
[0.416165] (two_wheeled_robot) StdoutLine: {'line': b'-- Up-to-date: /home/greyflon/lab_2025/install/two_wheeled_robot/share/two_wheeled_robot/models/yellow_tray\n'}
[0.416315] (two_wheeled_robot) StdoutLine: {'line': b'-- Up-to-date: /home/greyflon/lab_2025/install/two_wheeled_robot/share/two_wheeled_robot/models/yellow_tray/model.config\n'}
[0.416463] (two_wheeled_robot) StdoutLine: {'line': b'-- Up-to-date: /home/greyflon/lab_2025/install/two_wheeled_robot/share/two_wheeled_robot/models/yellow_tray/meshes\n'}
[0.416610] (two_wheeled_robot) StdoutLine: {'line': b'-- Up-to-date: /home/greyflon/lab_2025/install/two_wheeled_robot/share/two_wheeled_robot/models/yellow_tray/meshes/yellow_tray.dae\n'}
[0.416774] (two_wheeled_robot) StdoutLine: {'line': b'-- Up-to-date: /home/greyflon/lab_2025/install/two_wheeled_robot/share/two_wheeled_robot/models/yellow_tray/model.sdf\n'}
[0.417203] (two_wheeled_robot) StdoutLine: {'line': b'-- Up-to-date: /home/greyflon/lab_2025/install/two_wheeled_robot/share/two_wheeled_robot/models/aws_robomaker_residential_Pillow_01\n'}
[0.417357] (two_wheeled_robot) StdoutLine: {'line': b'-- Up-to-date: /home/greyflon/lab_2025/install/two_wheeled_robot/share/two_wheeled_robot/models/aws_robomaker_residential_Pillow_01/model.config\n'}
[0.417504] (two_wheeled_robot) StdoutLine: {'line': b'-- Up-to-date: /home/greyflon/lab_2025/install/two_wheeled_robot/share/two_wheeled_robot/models/aws_robomaker_residential_Pillow_01/meshes\n'}
[0.417652] (two_wheeled_robot) StdoutLine: {'line': b'-- Up-to-date: /home/greyflon/lab_2025/install/two_wheeled_robot/share/two_wheeled_robot/models/aws_robomaker_residential_Pillow_01/meshes/aws_Pillow_01_collision.DAE\n'}
[0.418005] (two_wheeled_robot) StdoutLine: {'line': b'-- Up-to-date: /home/greyflon/lab_2025/install/two_wheeled_robot/share/two_wheeled_robot/models/aws_robomaker_residential_Pillow_01/meshes/aws_Pillow_01_visual.DAE\n'}
[0.418306] (two_wheeled_robot) StdoutLine: {'line': b'-- Up-to-date: /home/greyflon/lab_2025/install/two_wheeled_robot/share/two_wheeled_robot/models/aws_robomaker_residential_Pillow_01/materials\n'}
[0.418459] (two_wheeled_robot) StdoutLine: {'line': b'-- Up-to-date: /home/greyflon/lab_2025/install/two_wheeled_robot/share/two_wheeled_robot/models/aws_robomaker_residential_Pillow_01/materials/textures\n'}
[0.418607] (two_wheeled_robot) StdoutLine: {'line': b'-- Up-to-date: /home/greyflon/lab_2025/install/two_wheeled_robot/share/two_wheeled_robot/models/aws_robomaker_residential_Pillow_01/materials/textures/aws_Pillow_01.png\n'}
[0.418775] (two_wheeled_robot) StdoutLine: {'line': b'-- Up-to-date: /home/greyflon/lab_2025/install/two_wheeled_robot/share/two_wheeled_robot/models/aws_robomaker_residential_Pillow_01/model.sdf\n'}
[0.419135] (two_wheeled_robot) StdoutLine: {'line': b'-- Up-to-date: /home/greyflon/lab_2025/install/two_wheeled_robot/share/two_wheeled_robot/models/willowgarage\n'}
[0.419283] (two_wheeled_robot) StdoutLine: {'line': b'-- Up-to-date: /home/greyflon/lab_2025/install/two_wheeled_robot/share/two_wheeled_robot/models/willowgarage/model-1_2.sdf\n'}
[0.419426] (two_wheeled_robot) StdoutLine: {'line': b'-- Up-to-date: /home/greyflon/lab_2025/install/two_wheeled_robot/share/two_wheeled_robot/models/willowgarage/model-1_4.sdf\n'}
[0.419570] (two_wheeled_robot) StdoutLine: {'line': b'-- Up-to-date: /home/greyflon/lab_2025/install/two_wheeled_robot/share/two_wheeled_robot/models/willowgarage/model.config\n'}
[0.419712] (two_wheeled_robot) StdoutLine: {'line': b'-- Up-to-date: /home/greyflon/lab_2025/install/two_wheeled_robot/share/two_wheeled_robot/models/willowgarage/meshes\n'}
[0.420114] (two_wheeled_robot) StdoutLine: {'line': b'-- Up-to-date: /home/greyflon/lab_2025/install/two_wheeled_robot/share/two_wheeled_robot/models/willowgarage/meshes/willowgarage_collision.dae\n'}
[0.420318] (two_wheeled_robot) StdoutLine: {'line': b'-- Up-to-date: /home/greyflon/lab_2025/install/two_wheeled_robot/share/two_wheeled_robot/models/willowgarage/meshes/willowgarage_visual.dae\n'}
[0.420463] (two_wheeled_robot) StdoutLine: {'line': b'-- Up-to-date: /home/greyflon/lab_2025/install/two_wheeled_robot/share/two_wheeled_robot/models/willowgarage/materials\n'}
[0.420608] (two_wheeled_robot) StdoutLine: {'line': b'-- Up-to-date: /home/greyflon/lab_2025/install/two_wheeled_robot/share/two_wheeled_robot/models/willowgarage/materials/textures\n'}
[0.420767] (two_wheeled_robot) StdoutLine: {'line': b'-- Up-to-date: /home/greyflon/lab_2025/install/two_wheeled_robot/share/two_wheeled_robot/models/willowgarage/materials/textures/__Wood_Bamboo_Medium_1.png\n'}
[0.421117] (two_wheeled_robot) StdoutLine: {'line': b'-- Up-to-date: /home/greyflon/lab_2025/install/two_wheeled_robot/share/two_wheeled_robot/models/willowgarage/materials/textures/__auto_12.png\n'}
[0.421266] (two_wheeled_robot) StdoutLine: {'line': b'-- Up-to-date: /home/greyflon/lab_2025/install/two_wheeled_robot/share/two_wheeled_robot/models/willowgarage/materials/textures/Wood_Bamboo_Medium_.png\n'}
[0.421410] (two_wheeled_robot) StdoutLine: {'line': b'-- Up-to-date: /home/greyflon/lab_2025/install/two_wheeled_robot/share/two_wheeled_robot/models/willowgarage/materials/textures/Carpet_Berber_Pattern_Gray_.png\n'}
[0.421554] (two_wheeled_robot) StdoutLine: {'line': b'-- Up-to-date: /home/greyflon/lab_2025/install/two_wheeled_robot/share/two_wheeled_robot/models/willowgarage/materials/textures/Wood_Cherry_Original_.png\n'}
[0.421699] (two_wheeled_robot) StdoutLine: {'line': b'-- Up-to-date: /home/greyflon/lab_2025/install/two_wheeled_robot/share/two_wheeled_robot/models/willowgarage/materials/textures/__auto_2.png\n'}
[0.421888] (two_wheeled_robot) StdoutLine: {'line': b'-- Up-to-date: /home/greyflon/lab_2025/install/two_wheeled_robot/share/two_wheeled_robot/models/willowgarage/materials/textures/Stone_Brushed_Khaki_.png\n'}
[0.422040] (two_wheeled_robot) StdoutLine: {'line': b'-- Up-to-date: /home/greyflon/lab_2025/install/two_wheeled_robot/share/two_wheeled_robot/models/willowgarage/model.sdf\n'}
[0.422183] (two_wheeled_robot) StdoutLine: {'line': b'-- Up-to-date: /home/greyflon/lab_2025/install/two_wheeled_robot/share/two_wheeled_robot/models/willowgarage/model-1_3.sdf\n'}
[0.422326] (two_wheeled_robot) StdoutLine: {'line': b'-- Up-to-date: /home/greyflon/lab_2025/install/two_wheeled_robot/share/two_wheeled_robot/models/Shower\n'}
[0.422469] (two_wheeled_robot) StdoutLine: {'line': b'-- Up-to-date: /home/greyflon/lab_2025/install/two_wheeled_robot/share/two_wheeled_robot/models/Shower/model.config\n'}
[0.422611] (two_wheeled_robot) StdoutLine: {'line': b'-- Up-to-date: /home/greyflon/lab_2025/install/two_wheeled_robot/share/two_wheeled_robot/models/Shower/meshes\n'}
[0.422777] (two_wheeled_robot) StdoutLine: {'line': b'-- Up-to-date: /home/greyflon/lab_2025/install/two_wheeled_robot/share/two_wheeled_robot/models/Shower/meshes/ShowerDiffuse.png\n'}
[0.423246] (two_wheeled_robot) StdoutLine: {'line': b'-- Up-to-date: /home/greyflon/lab_2025/install/two_wheeled_robot/share/two_wheeled_robot/models/Shower/meshes/Shower.mtl\n'}
[0.423394] (two_wheeled_robot) StdoutLine: {'line': b'-- Up-to-date: /home/greyflon/lab_2025/install/two_wheeled_robot/share/two_wheeled_robot/models/Shower/meshes/Shower.obj\n'}
[0.423537] (two_wheeled_robot) StdoutLine: {'line': b'-- Up-to-date: /home/greyflon/lab_2025/install/two_wheeled_robot/share/two_wheeled_robot/models/Shower/thumbnails\n'}
[0.423679] (two_wheeled_robot) StdoutLine: {'line': b'-- Up-to-date: /home/greyflon/lab_2025/install/two_wheeled_robot/share/two_wheeled_robot/models/Shower/thumbnails/5.png\n'}
[0.423927] (two_wheeled_robot) StdoutLine: {'line': b'-- Up-to-date: /home/greyflon/lab_2025/install/two_wheeled_robot/share/two_wheeled_robot/models/Shower/thumbnails/1.png\n'}
[0.424316] (two_wheeled_robot) StdoutLine: {'line': b'-- Up-to-date: /home/greyflon/lab_2025/install/two_wheeled_robot/share/two_wheeled_robot/models/Shower/thumbnails/2.png\n'}
[0.424464] (two_wheeled_robot) StdoutLine: {'line': b'-- Up-to-date: /home/greyflon/lab_2025/install/two_wheeled_robot/share/two_wheeled_robot/models/Shower/thumbnails/4.png\n'}
[0.424607] (two_wheeled_robot) StdoutLine: {'line': b'-- Up-to-date: /home/greyflon/lab_2025/install/two_wheeled_robot/share/two_wheeled_robot/models/Shower/thumbnails/3.png\n'}
[0.424766] (two_wheeled_robot) StdoutLine: {'line': b'-- Up-to-date: /home/greyflon/lab_2025/install/two_wheeled_robot/share/two_wheeled_robot/models/Shower/model.sdf\n'}
[0.425114] (two_wheeled_robot) StdoutLine: {'line': b'-- Up-to-date: /home/greyflon/lab_2025/install/two_wheeled_robot/share/two_wheeled_robot/models/aws_robomaker_residential_Trash_01\n'}
[0.425262] (two_wheeled_robot) StdoutLine: {'line': b'-- Up-to-date: /home/greyflon/lab_2025/install/two_wheeled_robot/share/two_wheeled_robot/models/aws_robomaker_residential_Trash_01/model.config\n'}
[0.425406] (two_wheeled_robot) StdoutLine: {'line': b'-- Up-to-date: /home/greyflon/lab_2025/install/two_wheeled_robot/share/two_wheeled_robot/models/aws_robomaker_residential_Trash_01/meshes\n'}
[0.425549] (two_wheeled_robot) StdoutLine: {'line': b'-- Up-to-date: /home/greyflon/lab_2025/install/two_wheeled_robot/share/two_wheeled_robot/models/aws_robomaker_residential_Trash_01/meshes/aws_Trash_01_visual.DAE\n'}
[0.425752] (two_wheeled_robot) StdoutLine: {'line': b'-- Up-to-date: /home/greyflon/lab_2025/install/two_wheeled_robot/share/two_wheeled_robot/models/aws_robomaker_residential_Trash_01/meshes/aws_Trash_01_collision.DAE\n'}
[0.426212] (two_wheeled_robot) StdoutLine: {'line': b'-- Up-to-date: /home/greyflon/lab_2025/install/two_wheeled_robot/share/two_wheeled_robot/models/aws_robomaker_residential_Trash_01/materials\n'}
[0.426361] (two_wheeled_robot) StdoutLine: {'line': b'-- Up-to-date: /home/greyflon/lab_2025/install/two_wheeled_robot/share/two_wheeled_robot/models/aws_robomaker_residential_Trash_01/materials/textures\n'}
[0.426505] (two_wheeled_robot) StdoutLine: {'line': b'-- Up-to-date: /home/greyflon/lab_2025/install/two_wheeled_robot/share/two_wheeled_robot/models/aws_robomaker_residential_Trash_01/materials/textures/aws_Trash_01.png\n'}
[0.426650] (two_wheeled_robot) StdoutLine: {'line': b'-- Up-to-date: /home/greyflon/lab_2025/install/two_wheeled_robot/share/two_wheeled_robot/models/aws_robomaker_residential_Trash_01/model.sdf\n'}
[0.426987] (two_wheeled_robot) StdoutLine: {'line': b'-- Up-to-date: /home/greyflon/lab_2025/install/two_wheeled_robot/share/two_wheeled_robot/models/asphalt_plane\n'}
[0.427252] (two_wheeled_robot) StdoutLine: {'line': b'-- Up-to-date: /home/greyflon/lab_2025/install/two_wheeled_robot/share/two_wheeled_robot/models/asphalt_plane/model-1_4.sdf\n'}
[0.427398] (two_wheeled_robot) StdoutLine: {'line': b'-- Up-to-date: /home/greyflon/lab_2025/install/two_wheeled_robot/share/two_wheeled_robot/models/asphalt_plane/model.config\n'}
[0.427540] (two_wheeled_robot) StdoutLine: {'line': b'-- Up-to-date: /home/greyflon/lab_2025/install/two_wheeled_robot/share/two_wheeled_robot/models/asphalt_plane/materials\n'}
[0.427683] (two_wheeled_robot) StdoutLine: {'line': b'-- Up-to-date: /home/greyflon/lab_2025/install/two_wheeled_robot/share/two_wheeled_robot/models/asphalt_plane/materials/scripts\n'}
[0.427908] (two_wheeled_robot) StdoutLine: {'line': b'-- Up-to-date: /home/greyflon/lab_2025/install/two_wheeled_robot/share/two_wheeled_robot/models/asphalt_plane/materials/scripts/asphalt.material\n'}
[0.428064] (two_wheeled_robot) StdoutLine: {'line': b'-- Up-to-date: /home/greyflon/lab_2025/install/two_wheeled_robot/share/two_wheeled_robot/models/asphalt_plane/materials/textures\n'}
[0.428212] (two_wheeled_robot) StdoutLine: {'line': b'-- Up-to-date: /home/greyflon/lab_2025/install/two_wheeled_robot/share/two_wheeled_robot/models/asphalt_plane/materials/textures/tarmac.png\n'}
[0.428529] (two_wheeled_robot) StdoutLine: {'line': b'-- Up-to-date: /home/greyflon/lab_2025/install/two_wheeled_robot/share/two_wheeled_robot/models/asphalt_plane/model.sdf\n'}
[0.428676] (two_wheeled_robot) StdoutLine: {'line': b'-- Up-to-date: /home/greyflon/lab_2025/install/two_wheeled_robot/share/two_wheeled_robot/models/StorageRackCoverOpen\n'}
[0.428941] (two_wheeled_robot) StdoutLine: {'line': b'-- Up-to-date: /home/greyflon/lab_2025/install/two_wheeled_robot/share/two_wheeled_robot/models/StorageRackCoverOpen/model.config\n'}
[0.429092] (two_wheeled_robot) StdoutLine: {'line': b'-- Up-to-date: /home/greyflon/lab_2025/install/two_wheeled_robot/share/two_wheeled_robot/models/StorageRackCoverOpen/meshes\n'}
[0.429234] (two_wheeled_robot) StdoutLine: {'line': b'-- Up-to-date: /home/greyflon/lab_2025/install/two_wheeled_robot/share/two_wheeled_robot/models/StorageRackCoverOpen/meshes/StorageRackCoverOpen.obj\n'}
[0.429374] (two_wheeled_robot) StdoutLine: {'line': b'-- Up-to-date: /home/greyflon/lab_2025/install/two_wheeled_robot/share/two_wheeled_robot/models/StorageRackCoverOpen/meshes/StorageRackCoverOpen.png\n'}
[0.429516] (two_wheeled_robot) StdoutLine: {'line': b'-- Up-to-date: /home/greyflon/lab_2025/install/two_wheeled_robot/share/two_wheeled_robot/models/StorageRackCoverOpen/meshes/StorageRackCoverOpen.mtl\n'}
[0.429660] (two_wheeled_robot) StdoutLine: {'line': b'-- Up-to-date: /home/greyflon/lab_2025/install/two_wheeled_robot/share/two_wheeled_robot/models/StorageRackCoverOpen/thumbnails\n'}
[0.430112] (two_wheeled_robot) StdoutLine: {'line': b'-- Up-to-date: /home/greyflon/lab_2025/install/two_wheeled_robot/share/two_wheeled_robot/models/StorageRackCoverOpen/thumbnails/5.png\n'}
[0.430393] (two_wheeled_robot) StdoutLine: {'line': b'-- Up-to-date: /home/greyflon/lab_2025/install/two_wheeled_robot/share/two_wheeled_robot/models/StorageRackCoverOpen/thumbnails/1.png\n'}
[0.430672] (two_wheeled_robot) StdoutLine: {'line': b'-- Up-to-date: /home/greyflon/lab_2025/install/two_wheeled_robot/share/two_wheeled_robot/models/StorageRackCoverOpen/thumbnails/2.png\n'}
[0.430921] (two_wheeled_robot) StdoutLine: {'line': b'-- Up-to-date: /home/greyflon/lab_2025/install/two_wheeled_robot/share/two_wheeled_robot/models/StorageRackCoverOpen/thumbnails/4.png\n'}
[0.431077] (two_wheeled_robot) StdoutLine: {'line': b'-- Up-to-date: /home/greyflon/lab_2025/install/two_wheeled_robot/share/two_wheeled_robot/models/StorageRackCoverOpen/thumbnails/3.png\n'}
[0.431221] (two_wheeled_robot) StdoutLine: {'line': b'-- Up-to-date: /home/greyflon/lab_2025/install/two_wheeled_robot/share/two_wheeled_robot/models/StorageRackCoverOpen/model.sdf\n'}
[0.431365] (two_wheeled_robot) StdoutLine: {'line': b'-- Up-to-date: /home/greyflon/lab_2025/install/two_wheeled_robot/share/two_wheeled_robot/models/bin_4_dropping_task\n'}
[0.431551] (two_wheeled_robot) StdoutLine: {'line': b'-- Up-to-date: /home/greyflon/lab_2025/install/two_wheeled_robot/share/two_wheeled_robot/models/bin_4_dropping_task/model.config\n'}
[0.431703] (two_wheeled_robot) StdoutLine: {'line': b'-- Up-to-date: /home/greyflon/lab_2025/install/two_wheeled_robot/share/two_wheeled_robot/models/bin_4_dropping_task/meshes\n'}
[0.432008] (two_wheeled_robot) StdoutLine: {'line': b'-- Up-to-date: /home/greyflon/lab_2025/install/two_wheeled_robot/share/two_wheeled_robot/models/bin_4_dropping_task/meshes/bin_4_dropping_task.dae\n'}
[0.432363] (two_wheeled_robot) StdoutLine: {'line': b'-- Up-to-date: /home/greyflon/lab_2025/install/two_wheeled_robot/share/two_wheeled_robot/models/bin_4_dropping_task/model.sdf\n'}
[0.432531] (two_wheeled_robot) StdoutLine: {'line': b'-- Up-to-date: /home/greyflon/lab_2025/install/two_wheeled_robot/share/two_wheeled_robot/models/SurgicalTrolleyMed\n'}
[0.432693] (two_wheeled_robot) StdoutLine: {'line': b'-- Up-to-date: /home/greyflon/lab_2025/install/two_wheeled_robot/share/two_wheeled_robot/models/SurgicalTrolleyMed/model.config\n'}
[0.432934] (two_wheeled_robot) StdoutLine: {'line': b'-- Up-to-date: /home/greyflon/lab_2025/install/two_wheeled_robot/share/two_wheeled_robot/models/SurgicalTrolleyMed/meshes\n'}
[0.433360] (two_wheeled_robot) StdoutLine: {'line': b'-- Up-to-date: /home/greyflon/lab_2025/install/two_wheeled_robot/share/two_wheeled_robot/models/SurgicalTrolleyMed/meshes/SurgicalTrolleyMed_Col.obj\n'}
[0.433552] (two_wheeled_robot) StdoutLine: {'line': b'-- Up-to-date: /home/greyflon/lab_2025/install/two_wheeled_robot/share/two_wheeled_robot/models/SurgicalTrolleyMed/meshes/SurgicalTrolleyMed.obj\n'}
[0.433775] (two_wheeled_robot) StdoutLine: {'line': b'-- Up-to-date: /home/greyflon/lab_2025/install/two_wheeled_robot/share/two_wheeled_robot/models/SurgicalTrolleyMed/meshes/SurgicalTrolleyMed_Diffuse.png\n'}
[0.433984] (two_wheeled_robot) StdoutLine: {'line': b'-- Up-to-date: /home/greyflon/lab_2025/install/two_wheeled_robot/share/two_wheeled_robot/models/SurgicalTrolleyMed/meshes/SurgicalTrolleyMed_Col.mtl\n'}
[0.434130] (two_wheeled_robot) StdoutLine: {'line': b'-- Up-to-date: /home/greyflon/lab_2025/install/two_wheeled_robot/share/two_wheeled_robot/models/SurgicalTrolleyMed/meshes/SurgicalTrolleyMed.mtl\n'}
[0.434274] (two_wheeled_robot) StdoutLine: {'line': b'-- Up-to-date: /home/greyflon/lab_2025/install/two_wheeled_robot/share/two_wheeled_robot/models/SurgicalTrolleyMed/thumbnails\n'}
[0.434417] (two_wheeled_robot) StdoutLine: {'line': b'-- Up-to-date: /home/greyflon/lab_2025/install/two_wheeled_robot/share/two_wheeled_robot/models/SurgicalTrolleyMed/thumbnails/5.png\n'}
[0.434559] (two_wheeled_robot) StdoutLine: {'line': b'-- Up-to-date: /home/greyflon/lab_2025/install/two_wheeled_robot/share/two_wheeled_robot/models/SurgicalTrolleyMed/thumbnails/1.png\n'}
[0.434702] (two_wheeled_robot) StdoutLine: {'line': b'-- Up-to-date: /home/greyflon/lab_2025/install/two_wheeled_robot/share/two_wheeled_robot/models/SurgicalTrolleyMed/thumbnails/2.png\n'}
[0.435318] (two_wheeled_robot) StdoutLine: {'line': b'-- Up-to-date: /home/greyflon/lab_2025/install/two_wheeled_robot/share/two_wheeled_robot/models/SurgicalTrolleyMed/thumbnails/4.png\n'}
[0.435478] (two_wheeled_robot) StdoutLine: {'line': b'-- Up-to-date: /home/greyflon/lab_2025/install/two_wheeled_robot/share/two_wheeled_robot/models/SurgicalTrolleyMed/thumbnails/3.png\n'}
[0.435622] (two_wheeled_robot) StdoutLine: {'line': b'-- Up-to-date: /home/greyflon/lab_2025/install/two_wheeled_robot/share/two_wheeled_robot/models/SurgicalTrolleyMed/model.sdf\n'}
[0.435820] (two_wheeled_robot) StdoutLine: {'line': b'-- Up-to-date: /home/greyflon/lab_2025/install/two_wheeled_robot/share/two_wheeled_robot/models/pine_tree\n'}
[0.436111] (two_wheeled_robot) StdoutLine: {'line': b'-- Up-to-date: /home/greyflon/lab_2025/install/two_wheeled_robot/share/two_wheeled_robot/models/pine_tree/model.config\n'}
[0.436256] (two_wheeled_robot) StdoutLine: {'line': b'-- Up-to-date: /home/greyflon/lab_2025/install/two_wheeled_robot/share/two_wheeled_robot/models/pine_tree/meshes\n'}
[0.436400] (two_wheeled_robot) StdoutLine: {'line': b'-- Up-to-date: /home/greyflon/lab_2025/install/two_wheeled_robot/share/two_wheeled_robot/models/pine_tree/meshes/pine_tree.dae\n'}
[0.436542] (two_wheeled_robot) StdoutLine: {'line': b'-- Up-to-date: /home/greyflon/lab_2025/install/two_wheeled_robot/share/two_wheeled_robot/models/pine_tree/materials\n'}
[0.436685] (two_wheeled_robot) StdoutLine: {'line': b'-- Up-to-date: /home/greyflon/lab_2025/install/two_wheeled_robot/share/two_wheeled_robot/models/pine_tree/materials/scripts\n'}
[0.436908] (two_wheeled_robot) StdoutLine: {'line': b'-- Up-to-date: /home/greyflon/lab_2025/install/two_wheeled_robot/share/two_wheeled_robot/models/pine_tree/materials/scripts/pine_tree.material\n'}
[0.437354] (two_wheeled_robot) StdoutLine: {'line': b'-- Up-to-date: /home/greyflon/lab_2025/install/two_wheeled_robot/share/two_wheeled_robot/models/pine_tree/materials/textures\n'}
[0.437503] (two_wheeled_robot) StdoutLine: {'line': b'-- Up-to-date: /home/greyflon/lab_2025/install/two_wheeled_robot/share/two_wheeled_robot/models/pine_tree/materials/textures/branch_2_diffuse.png\n'}
[0.437784] (two_wheeled_robot) StdoutLine: {'line': b'-- Up-to-date: /home/greyflon/lab_2025/install/two_wheeled_robot/share/two_wheeled_robot/models/pine_tree/materials/textures/bark_diffuse.png\n'}
[0.437919] (two_wheeled_robot) StdoutLine: {'line': b'-- Up-to-date: /home/greyflon/lab_2025/install/two_wheeled_robot/share/two_wheeled_robot/models/pine_tree/model.sdf\n'}
[0.438014] (two_wheeled_robot) StdoutLine: {'line': b'-- Up-to-date: /home/greyflon/lab_2025/install/two_wheeled_robot/share/two_wheeled_robot/models/elegant_female2\n'}
[0.438106] (two_wheeled_robot) StdoutLine: {'line': b'-- Up-to-date: /home/greyflon/lab_2025/install/two_wheeled_robot/share/two_wheeled_robot/models/elegant_female2/model.config\n'}
[0.438197] (two_wheeled_robot) StdoutLine: {'line': b'-- Up-to-date: /home/greyflon/lab_2025/install/two_wheeled_robot/share/two_wheeled_robot/models/elegant_female2/meshes\n'}
[0.438288] (two_wheeled_robot) StdoutLine: {'line': b'-- Up-to-date: /home/greyflon/lab_2025/install/two_wheeled_robot/share/two_wheeled_robot/models/elegant_female2/meshes/elegant_female2.png\n'}
[0.438378] (two_wheeled_robot) StdoutLine: {'line': b'-- Up-to-date: /home/greyflon/lab_2025/install/two_wheeled_robot/share/two_wheeled_robot/models/elegant_female2/meshes/elegant_female2.dae\n'}
[0.438469] (two_wheeled_robot) StdoutLine: {'line': b'-- Up-to-date: /home/greyflon/lab_2025/install/two_wheeled_robot/share/two_wheeled_robot/models/elegant_female2/materials\n'}
[0.438559] (two_wheeled_robot) StdoutLine: {'line': b'-- Up-to-date: /home/greyflon/lab_2025/install/two_wheeled_robot/share/two_wheeled_robot/models/elegant_female2/materials/textures\n'}
[0.438650] (two_wheeled_robot) StdoutLine: {'line': b'-- Up-to-date: /home/greyflon/lab_2025/install/two_wheeled_robot/share/two_wheeled_robot/models/elegant_female2/materials/textures/eyelashes01.png\n'}
[0.438755] (two_wheeled_robot) StdoutLine: {'line': b'-- Up-to-date: /home/greyflon/lab_2025/install/two_wheeled_robot/share/two_wheeled_robot/models/elegant_female2/materials/textures/braid01_diffuse.png\n'}
[0.438855] (two_wheeled_robot) StdoutLine: {'line': b'-- Up-to-date: /home/greyflon/lab_2025/install/two_wheeled_robot/share/two_wheeled_robot/models/elegant_female2/materials/textures/female_elegantsuit01_normal.png\n'}
[0.438915] (two_wheeled_robot) StdoutLine: {'line': b'-- Up-to-date: /home/greyflon/lab_2025/install/two_wheeled_robot/share/two_wheeled_robot/models/elegant_female2/materials/textures/shoes03_diffuse.png\n'}
[0.438975] (two_wheeled_robot) StdoutLine: {'line': b'-- Up-to-date: /home/greyflon/lab_2025/install/two_wheeled_robot/share/two_wheeled_robot/models/elegant_female2/materials/textures/female_elegantsuit01_diffuse.png\n'}
[0.439034] (two_wheeled_robot) StdoutLine: {'line': b'-- Up-to-date: /home/greyflon/lab_2025/install/two_wheeled_robot/share/two_wheeled_robot/models/elegant_female2/materials/textures/brown_eye.png\n'}
[0.439093] (two_wheeled_robot) StdoutLine: {'line': b'-- Up-to-date: /home/greyflon/lab_2025/install/two_wheeled_robot/share/two_wheeled_robot/models/elegant_female2/materials/textures/eyebrow003.png\n'}
[0.439152] (two_wheeled_robot) StdoutLine: {'line': b'-- Up-to-date: /home/greyflon/lab_2025/install/two_wheeled_robot/share/two_wheeled_robot/models/elegant_female2/materials/textures/young_darkskinned_female_diffuse.png\n'}
[0.439211] (two_wheeled_robot) StdoutLine: {'line': b'-- Up-to-date: /home/greyflon/lab_2025/install/two_wheeled_robot/share/two_wheeled_robot/models/elegant_female2/model.sdf\n'}
[0.439269] (two_wheeled_robot) StdoutLine: {'line': b'-- Up-to-date: /home/greyflon/lab_2025/install/two_wheeled_robot/share/two_wheeled_robot/models/casual_male\n'}
[0.439327] (two_wheeled_robot) StdoutLine: {'line': b'-- Up-to-date: /home/greyflon/lab_2025/install/two_wheeled_robot/share/two_wheeled_robot/models/casual_male/model.config\n'}
[0.439386] (two_wheeled_robot) StdoutLine: {'line': b'-- Up-to-date: /home/greyflon/lab_2025/install/two_wheeled_robot/share/two_wheeled_robot/models/casual_male/meshes\n'}
[0.439451] (two_wheeled_robot) StdoutLine: {'line': b'-- Up-to-date: /home/greyflon/lab_2025/install/two_wheeled_robot/share/two_wheeled_robot/models/casual_male/meshes/casual_male.dae\n'}
[0.439568] (two_wheeled_robot) StdoutLine: {'line': b'-- Up-to-date: /home/greyflon/lab_2025/install/two_wheeled_robot/share/two_wheeled_robot/models/casual_male/materials\n'}
[0.440007] (two_wheeled_robot) StdoutLine: {'line': b'-- Up-to-date: /home/greyflon/lab_2025/install/two_wheeled_robot/share/two_wheeled_robot/models/casual_male/materials/textures\n'}
[0.440093] (two_wheeled_robot) StdoutLine: {'line': b'-- Up-to-date: /home/greyflon/lab_2025/install/two_wheeled_robot/share/two_wheeled_robot/models/casual_male/materials/textures/shoes01_normal.png\n'}
[0.440153] (two_wheeled_robot) StdoutLine: {'line': b'-- Up-to-date: /home/greyflon/lab_2025/install/two_wheeled_robot/share/two_wheeled_robot/models/casual_male/materials/textures/middleage_lightskinned_male_diffuse.png\n'}
[0.440212] (two_wheeled_robot) StdoutLine: {'line': b'-- Up-to-date: /home/greyflon/lab_2025/install/two_wheeled_robot/share/two_wheeled_robot/models/casual_male/materials/textures/eyebrow005.png\n'}
[0.440270] (two_wheeled_robot) StdoutLine: {'line': b'-- Up-to-date: /home/greyflon/lab_2025/install/two_wheeled_robot/share/two_wheeled_robot/models/casual_male/materials/textures/male_casualsuit01_diffuse.png\n'}
[0.440344] (two_wheeled_robot) StdoutLine: {'line': b'-- Up-to-date: /home/greyflon/lab_2025/install/two_wheeled_robot/share/two_wheeled_robot/models/casual_male/materials/textures/male_casualsuit01_normal.png\n'}
[0.440409] (two_wheeled_robot) StdoutLine: {'line': b'-- Up-to-date: /home/greyflon/lab_2025/install/two_wheeled_robot/share/two_wheeled_robot/models/casual_male/materials/textures/brown_eye.png\n'}
[0.440510] (two_wheeled_robot) StdoutLine: {'line': b'-- Up-to-date: /home/greyflon/lab_2025/install/two_wheeled_robot/share/two_wheeled_robot/models/casual_male/materials/textures/shoes01_diffuse.png\n'}
[0.440570] (two_wheeled_robot) StdoutLine: {'line': b'-- Up-to-date: /home/greyflon/lab_2025/install/two_wheeled_robot/share/two_wheeled_robot/models/casual_male/model.sdf\n'}
[0.440630] (two_wheeled_robot) StdoutLine: {'line': b'-- Up-to-date: /home/greyflon/lab_2025/install/two_wheeled_robot/share/two_wheeled_robot/models/aws_robomaker_residential_Curtain_01\n'}
[0.440689] (two_wheeled_robot) StdoutLine: {'line': b'-- Up-to-date: /home/greyflon/lab_2025/install/two_wheeled_robot/share/two_wheeled_robot/models/aws_robomaker_residential_Curtain_01/model.config\n'}
[0.440762] (two_wheeled_robot) StdoutLine: {'line': b'-- Up-to-date: /home/greyflon/lab_2025/install/two_wheeled_robot/share/two_wheeled_robot/models/aws_robomaker_residential_Curtain_01/meshes\n'}
[0.440963] (two_wheeled_robot) StdoutLine: {'line': b'-- Up-to-date: /home/greyflon/lab_2025/install/two_wheeled_robot/share/two_wheeled_robot/models/aws_robomaker_residential_Curtain_01/meshes/aws_Curtain_01_visual.DAE\n'}
[0.441051] (two_wheeled_robot) StdoutLine: {'line': b'-- Up-to-date: /home/greyflon/lab_2025/install/two_wheeled_robot/share/two_wheeled_robot/models/aws_robomaker_residential_Curtain_01/meshes/aws_Curtain_01_collision.DAE\n'}
[0.441137] (two_wheeled_robot) StdoutLine: {'line': b'-- Up-to-date: /home/greyflon/lab_2025/install/two_wheeled_robot/share/two_wheeled_robot/models/aws_robomaker_residential_Curtain_01/materials\n'}
[0.441244] (two_wheeled_robot) StdoutLine: {'line': b'-- Up-to-date: /home/greyflon/lab_2025/install/two_wheeled_robot/share/two_wheeled_robot/models/aws_robomaker_residential_Curtain_01/materials/textures\n'}
[0.441325] (two_wheeled_robot) StdoutLine: {'line': b'-- Up-to-date: /home/greyflon/lab_2025/install/two_wheeled_robot/share/two_wheeled_robot/models/aws_robomaker_residential_Curtain_01/materials/textures/aws_Curtain_01.png\n'}
[0.441385] (two_wheeled_robot) StdoutLine: {'line': b'-- Up-to-date: /home/greyflon/lab_2025/install/two_wheeled_robot/share/two_wheeled_robot/models/aws_robomaker_residential_Curtain_01/model.sdf\n'}
[0.441511] (two_wheeled_robot) StdoutLine: {'line': b'-- Up-to-date: /home/greyflon/lab_2025/install/two_wheeled_robot/share/two_wheeled_robot/models/red_target\n'}
[0.441591] (two_wheeled_robot) StdoutLine: {'line': b'-- Up-to-date: /home/greyflon/lab_2025/install/two_wheeled_robot/share/two_wheeled_robot/models/red_target/model.config\n'}
[0.441684] (two_wheeled_robot) StdoutLine: {'line': b'-- Up-to-date: /home/greyflon/lab_2025/install/two_wheeled_robot/share/two_wheeled_robot/models/red_target/meshes\n'}
[0.441786] (two_wheeled_robot) StdoutLine: {'line': b'-- Up-to-date: /home/greyflon/lab_2025/install/two_wheeled_robot/share/two_wheeled_robot/models/red_target/meshes/red_target.dae\n'}
[0.441882] (two_wheeled_robot) StdoutLine: {'line': b'-- Up-to-date: /home/greyflon/lab_2025/install/two_wheeled_robot/share/two_wheeled_robot/models/red_target/model.sdf\n'}
[0.441971] (two_wheeled_robot) StdoutLine: {'line': b'-- Up-to-date: /home/greyflon/lab_2025/install/two_wheeled_robot/share/two_wheeled_robot/models/pr2\n'}
[0.442090] (two_wheeled_robot) StdoutLine: {'line': b'-- Up-to-date: /home/greyflon/lab_2025/install/two_wheeled_robot/share/two_wheeled_robot/models/pr2/model-1_2.sdf\n'}
[0.442169] (two_wheeled_robot) StdoutLine: {'line': b'-- Up-to-date: /home/greyflon/lab_2025/install/two_wheeled_robot/share/two_wheeled_robot/models/pr2/model-1_4.sdf\n'}
[0.442326] (two_wheeled_robot) StdoutLine: {'line': b'-- Up-to-date: /home/greyflon/lab_2025/install/two_wheeled_robot/share/two_wheeled_robot/models/pr2/model.config\n'}
[0.442412] (two_wheeled_robot) StdoutLine: {'line': b'-- Up-to-date: /home/greyflon/lab_2025/install/two_wheeled_robot/share/two_wheeled_robot/models/pr2/meshes\n'}
[0.442497] (two_wheeled_robot) StdoutLine: {'line': b'-- Up-to-date: /home/greyflon/lab_2025/install/two_wheeled_robot/share/two_wheeled_robot/models/pr2/meshes/base_v0\n'}
[0.442587] (two_wheeled_robot) StdoutLine: {'line': b'-- Up-to-date: /home/greyflon/lab_2025/install/two_wheeled_robot/share/two_wheeled_robot/models/pr2/meshes/base_v0/wheel.dae\n'}
[0.442676] (two_wheeled_robot) StdoutLine: {'line': b'-- Up-to-date: /home/greyflon/lab_2025/install/two_wheeled_robot/share/two_wheeled_robot/models/pr2/meshes/base_v0/caster.stl\n'}
[0.442815] (two_wheeled_robot) StdoutLine: {'line': b'-- Up-to-date: /home/greyflon/lab_2025/install/two_wheeled_robot/share/two_wheeled_robot/models/pr2/meshes/base_v0/base.dae\n'}
[0.442932] (two_wheeled_robot) StdoutLine: {'line': b'-- Up-to-date: /home/greyflon/lab_2025/install/two_wheeled_robot/share/two_wheeled_robot/models/pr2/meshes/base_v0/caster_L.stl\n'}
[0.443037] (two_wheeled_robot) StdoutLine: {'line': b'-- Up-to-date: /home/greyflon/lab_2025/install/two_wheeled_robot/share/two_wheeled_robot/models/pr2/meshes/base_v0/wheel_h.dae\n'}
[0.443142] (two_wheeled_robot) StdoutLine: {'line': b'-- Up-to-date: /home/greyflon/lab_2025/install/two_wheeled_robot/share/two_wheeled_robot/models/pr2/meshes/base_v0/base_L.stl\n'}
[0.443252] (two_wheeled_robot) StdoutLine: {'line': b'-- Up-to-date: /home/greyflon/lab_2025/install/two_wheeled_robot/share/two_wheeled_robot/models/pr2/meshes/base_v0/pr2_wheel.stl\n'}
[0.443349] (two_wheeled_robot) StdoutLine: {'line': b'-- Up-to-date: /home/greyflon/lab_2025/install/two_wheeled_robot/share/two_wheeled_robot/models/pr2/meshes/base_v0/wheel.stl\n'}
[0.443420] (two_wheeled_robot) StdoutLine: {'line': b'-- Up-to-date: /home/greyflon/lab_2025/install/two_wheeled_robot/share/two_wheeled_robot/models/pr2/meshes/base_v0/base.stl\n'}
[0.443480] (two_wheeled_robot) StdoutLine: {'line': b'-- Up-to-date: /home/greyflon/lab_2025/install/two_wheeled_robot/share/two_wheeled_robot/models/pr2/meshes/sensors\n'}
[0.443560] (two_wheeled_robot) StdoutLine: {'line': b'-- Up-to-date: /home/greyflon/lab_2025/install/two_wheeled_robot/share/two_wheeled_robot/models/pr2/meshes/sensors/kinect_prosilica_v0\n'}
[0.443664] (two_wheeled_robot) StdoutLine: {'line': b'-- Up-to-date: /home/greyflon/lab_2025/install/two_wheeled_robot/share/two_wheeled_robot/models/pr2/meshes/sensors/kinect_prosilica_v0/68-04546_Kinect_Sensor--coarse.STL\n'}
[0.443771] (two_wheeled_robot) StdoutLine: {'line': b'-- Up-to-date: /home/greyflon/lab_2025/install/two_wheeled_robot/share/two_wheeled_robot/models/pr2/meshes/sensors/kinect_prosilica_v0/Prosilica_w_Lens--coarse.STL\n'}
[0.443865] (two_wheeled_robot) StdoutLine: {'line': b'-- Up-to-date: /home/greyflon/lab_2025/install/two_wheeled_robot/share/two_wheeled_robot/models/pr2/meshes/sensors/kinect_prosilica_v0/115x100_swept_back--coarse.STL\n'}
[0.443952] (two_wheeled_robot) StdoutLine: {'line': b'-- Up-to-date: /home/greyflon/lab_2025/install/two_wheeled_robot/share/two_wheeled_robot/models/pr2/meshes/tilting_laser_v0\n'}
[0.444039] (two_wheeled_robot) StdoutLine: {'line': b'-- Up-to-date: /home/greyflon/lab_2025/install/two_wheeled_robot/share/two_wheeled_robot/models/pr2/meshes/tilting_laser_v0/tilting_hokuyo.stl\n'}
[0.444165] (two_wheeled_robot) StdoutLine: {'line': b'-- Up-to-date: /home/greyflon/lab_2025/install/two_wheeled_robot/share/two_wheeled_robot/models/pr2/meshes/tilting_laser_v0/tilting_hokuyo_L.stl\n'}
[0.444225] (two_wheeled_robot) StdoutLine: {'line': b'-- Up-to-date: /home/greyflon/lab_2025/install/two_wheeled_robot/share/two_wheeled_robot/models/pr2/meshes/tilting_laser_v0/hok_tilt.stl\n'}
[0.444283] (two_wheeled_robot) StdoutLine: {'line': b'-- Up-to-date: /home/greyflon/lab_2025/install/two_wheeled_robot/share/two_wheeled_robot/models/pr2/meshes/tilting_laser_v0/tilting_hokuyo.dae\n'}
[0.444341] (two_wheeled_robot) StdoutLine: {'line': b'-- Up-to-date: /home/greyflon/lab_2025/install/two_wheeled_robot/share/two_wheeled_robot/models/pr2/meshes/torso_v0\n'}
[0.444399] (two_wheeled_robot) StdoutLine: {'line': b'-- Up-to-date: /home/greyflon/lab_2025/install/two_wheeled_robot/share/two_wheeled_robot/models/pr2/meshes/torso_v0/torso_lift.dae\n'}
[0.444502] (two_wheeled_robot) StdoutLine: {'line': b'-- Up-to-date: /home/greyflon/lab_2025/install/two_wheeled_robot/share/two_wheeled_robot/models/pr2/meshes/torso_v0/torso.stl\n'}
[0.444562] (two_wheeled_robot) StdoutLine: {'line': b'-- Up-to-date: /home/greyflon/lab_2025/install/two_wheeled_robot/share/two_wheeled_robot/models/pr2/meshes/torso_v0/torso_lift.stl\n'}
[0.444620] (two_wheeled_robot) StdoutLine: {'line': b'-- Up-to-date: /home/greyflon/lab_2025/install/two_wheeled_robot/share/two_wheeled_robot/models/pr2/meshes/torso_v0/torso_lift_L.stl\n'}
[0.444678] (two_wheeled_robot) StdoutLine: {'line': b'-- Up-to-date: /home/greyflon/lab_2025/install/two_wheeled_robot/share/two_wheeled_robot/models/pr2/meshes/shoulder_v0\n'}
[0.444748] (two_wheeled_robot) StdoutLine: {'line': b'-- Up-to-date: /home/greyflon/lab_2025/install/two_wheeled_robot/share/two_wheeled_robot/models/pr2/meshes/shoulder_v0/upper_arm_roll_L.stl\n'}
[0.444951] (two_wheeled_robot) StdoutLine: {'line': b'-- Up-to-date: /home/greyflon/lab_2025/install/two_wheeled_robot/share/two_wheeled_robot/models/pr2/meshes/shoulder_v0/shoulder_yaw.stl\n'}
[0.445032] (two_wheeled_robot) StdoutLine: {'line': b'-- Up-to-date: /home/greyflon/lab_2025/install/two_wheeled_robot/share/two_wheeled_robot/models/pr2/meshes/shoulder_v0/shoulder_lift.stl\n'}
[0.445117] (two_wheeled_robot) StdoutLine: {'line': b'-- Up-to-date: /home/greyflon/lab_2025/install/two_wheeled_robot/share/two_wheeled_robot/models/pr2/meshes/shoulder_v0/upper_arm_roll.stl\n'}
[0.445205] (two_wheeled_robot) StdoutLine: {'line': b'-- Up-to-date: /home/greyflon/lab_2025/install/two_wheeled_robot/share/two_wheeled_robot/models/pr2/meshes/shoulder_v0/shoulder_pan.stl\n'}
[0.445288] (two_wheeled_robot) StdoutLine: {'line': b'-- Up-to-date: /home/greyflon/lab_2025/install/two_wheeled_robot/share/two_wheeled_robot/models/pr2/meshes/shoulder_v0/upper_arm_roll.dae\n'}
[0.445375] (two_wheeled_robot) StdoutLine: {'line': b'-- Up-to-date: /home/greyflon/lab_2025/install/two_wheeled_robot/share/two_wheeled_robot/models/pr2/meshes/shoulder_v0/shoulder_pan.dae\n'}
[0.445459] (two_wheeled_robot) StdoutLine: {'line': b'-- Up-to-date: /home/greyflon/lab_2025/install/two_wheeled_robot/share/two_wheeled_robot/models/pr2/meshes/shoulder_v0/shoulder_lift.dae\n'}
[0.445553] (two_wheeled_robot) StdoutLine: {'line': b'-- Up-to-date: /home/greyflon/lab_2025/install/two_wheeled_robot/share/two_wheeled_robot/models/pr2/meshes/head_v0\n'}
[0.445641] (two_wheeled_robot) StdoutLine: {'line': b'-- Up-to-date: /home/greyflon/lab_2025/install/two_wheeled_robot/share/two_wheeled_robot/models/pr2/meshes/head_v0/head_pan.stl\n'}
[0.445756] (two_wheeled_robot) StdoutLine: {'line': b'-- Up-to-date: /home/greyflon/lab_2025/install/two_wheeled_robot/share/two_wheeled_robot/models/pr2/meshes/head_v0/head_tilt.stl\n'}
[0.445859] (two_wheeled_robot) StdoutLine: {'line': b'-- Up-to-date: /home/greyflon/lab_2025/install/two_wheeled_robot/share/two_wheeled_robot/models/pr2/meshes/head_v0/head_tilt_L.stl\n'}
[0.445952] (two_wheeled_robot) StdoutLine: {'line': b'-- Up-to-date: /home/greyflon/lab_2025/install/two_wheeled_robot/share/two_wheeled_robot/models/pr2/meshes/head_v0/head_pan_L.stl\n'}
[0.446022] (two_wheeled_robot) StdoutLine: {'line': b'-- Up-to-date: /home/greyflon/lab_2025/install/two_wheeled_robot/share/two_wheeled_robot/models/pr2/meshes/head_v0/head_pan.dae\n'}
[0.446110] (two_wheeled_robot) StdoutLine: {'line': b'-- Up-to-date: /home/greyflon/lab_2025/install/two_wheeled_robot/share/two_wheeled_robot/models/pr2/meshes/head_v0/head_tilt.dae\n'}
[0.446205] (two_wheeled_robot) StdoutLine: {'line': b'-- Up-to-date: /home/greyflon/lab_2025/install/two_wheeled_robot/share/two_wheeled_robot/models/pr2/meshes/forearm_v0\n'}
[0.446296] (two_wheeled_robot) StdoutLine: {'line': b'-- Up-to-date: /home/greyflon/lab_2025/install/two_wheeled_robot/share/two_wheeled_robot/models/pr2/meshes/forearm_v0/wrist_roll.stl\n'}
[0.446379] (two_wheeled_robot) StdoutLine: {'line': b'-- Up-to-date: /home/greyflon/lab_2025/install/two_wheeled_robot/share/two_wheeled_robot/models/pr2/meshes/forearm_v0/forearm.stl\n'}
[0.446466] (two_wheeled_robot) StdoutLine: {'line': b'-- Up-to-date: /home/greyflon/lab_2025/install/two_wheeled_robot/share/two_wheeled_robot/models/pr2/meshes/forearm_v0/wrist_flex.stl\n'}
[0.446552] (two_wheeled_robot) StdoutLine: {'line': b'-- Up-to-date: /home/greyflon/lab_2025/install/two_wheeled_robot/share/two_wheeled_robot/models/pr2/meshes/forearm_v0/forearm.dae\n'}
[0.446653] (two_wheeled_robot) StdoutLine: {'line': b'-- Up-to-date: /home/greyflon/lab_2025/install/two_wheeled_robot/share/two_wheeled_robot/models/pr2/meshes/forearm_v0/wrist_flex.dae\n'}
[0.446755] (two_wheeled_robot) StdoutLine: {'line': b'-- Up-to-date: /home/greyflon/lab_2025/install/two_wheeled_robot/share/two_wheeled_robot/models/pr2/meshes/forearm_v0/wrist_roll_L.stl\n'}
[0.446868] (two_wheeled_robot) StdoutLine: {'line': b'-- Up-to-date: /home/greyflon/lab_2025/install/two_wheeled_robot/share/two_wheeled_robot/models/pr2/meshes/upper_arm_v0\n'}
[0.446947] (two_wheeled_robot) StdoutLine: {'line': b'-- Up-to-date: /home/greyflon/lab_2025/install/two_wheeled_robot/share/two_wheeled_robot/models/pr2/meshes/upper_arm_v0/elbow_flex.dae\n'}
[0.447053] (two_wheeled_robot) StdoutLine: {'line': b'-- Up-to-date: /home/greyflon/lab_2025/install/two_wheeled_robot/share/two_wheeled_robot/models/pr2/meshes/upper_arm_v0/upper_arm.dae\n'}
[0.447132] (two_wheeled_robot) StdoutLine: {'line': b'-- Up-to-date: /home/greyflon/lab_2025/install/two_wheeled_robot/share/two_wheeled_robot/models/pr2/meshes/upper_arm_v0/upper_arm.stl\n'}
[0.447236] (two_wheeled_robot) StdoutLine: {'line': b'-- Up-to-date: /home/greyflon/lab_2025/install/two_wheeled_robot/share/two_wheeled_robot/models/pr2/meshes/upper_arm_v0/elbow_flex.stl\n'}
[0.447315] (two_wheeled_robot) StdoutLine: {'line': b'-- Up-to-date: /home/greyflon/lab_2025/install/two_wheeled_robot/share/two_wheeled_robot/models/pr2/meshes/upper_arm_v0/forearm_roll_L.stl\n'}
[0.447402] (two_wheeled_robot) StdoutLine: {'line': b'-- Up-to-date: /home/greyflon/lab_2025/install/two_wheeled_robot/share/two_wheeled_robot/models/pr2/meshes/upper_arm_v0/forearm_roll.stl\n'}
[0.447485] (two_wheeled_robot) StdoutLine: {'line': b'-- Up-to-date: /home/greyflon/lab_2025/install/two_wheeled_robot/share/two_wheeled_robot/models/pr2/meshes/gripper_v0\n'}
[0.447578] (two_wheeled_robot) StdoutLine: {'line': b'-- Up-to-date: /home/greyflon/lab_2025/install/two_wheeled_robot/share/two_wheeled_robot/models/pr2/meshes/gripper_v0/palm_H_UV_100430.dae\n'}
[0.447662] (two_wheeled_robot) StdoutLine: {'line': b'-- Up-to-date: /home/greyflon/lab_2025/install/two_wheeled_robot/share/two_wheeled_robot/models/pr2/meshes/gripper_v0/upper_finger_l.stl\n'}
[0.447766] (two_wheeled_robot) StdoutLine: {'line': b'-- Up-to-date: /home/greyflon/lab_2025/install/two_wheeled_robot/share/two_wheeled_robot/models/pr2/meshes/gripper_v0/finger_tip_pad2_r.stl\n'}
[0.447885] (two_wheeled_robot) StdoutLine: {'line': b'-- Up-to-date: /home/greyflon/lab_2025/install/two_wheeled_robot/share/two_wheeled_robot/models/pr2/meshes/gripper_v0/l_finger_tip.dae\n'}
[0.448000] (two_wheeled_robot) StdoutLine: {'line': b'-- Up-to-date: /home/greyflon/lab_2025/install/two_wheeled_robot/share/two_wheeled_robot/models/pr2/meshes/gripper_v0/float_H_UV_100430.dae\n'}
[0.448131] (two_wheeled_robot) StdoutLine: {'line': b'-- Up-to-date: /home/greyflon/lab_2025/install/two_wheeled_robot/share/two_wheeled_robot/models/pr2/meshes/gripper_v0/l_finger.dae\n'}
[0.448240] (two_wheeled_robot) StdoutLine: {'line': b'-- Up-to-date: /home/greyflon/lab_2025/install/two_wheeled_robot/share/two_wheeled_robot/models/pr2/meshes/gripper_v0/gripper_palm.stl\n'}
[0.448349] (two_wheeled_robot) StdoutLine: {'line': b'-- Up-to-date: /home/greyflon/lab_2025/install/two_wheeled_robot/share/two_wheeled_robot/models/pr2/meshes/gripper_v0/finger_H_UV_100430.dae\n'}
[0.448449] (two_wheeled_robot) StdoutLine: {'line': b'-- Up-to-date: /home/greyflon/lab_2025/install/two_wheeled_robot/share/two_wheeled_robot/models/pr2/meshes/gripper_v0/upper_finger_r.stl\n'}
[0.448563] (two_wheeled_robot) StdoutLine: {'line': b'-- Up-to-date: /home/greyflon/lab_2025/install/two_wheeled_robot/share/two_wheeled_robot/models/pr2/meshes/gripper_v0/finger_tip_l.stl\n'}
[0.448664] (two_wheeled_robot) StdoutLine: {'line': b'-- Up-to-date: /home/greyflon/lab_2025/install/two_wheeled_robot/share/two_wheeled_robot/models/pr2/meshes/gripper_v0/gripper_palm.dae\n'}
[0.448742] (two_wheeled_robot) StdoutLine: {'line': b'-- Up-to-date: /home/greyflon/lab_2025/install/two_wheeled_robot/share/two_wheeled_robot/models/pr2/meshes/gripper_v0/finger_tip_r.stl\n'}
[0.448855] (two_wheeled_robot) StdoutLine: {'line': b'-- Up-to-date: /home/greyflon/lab_2025/install/two_wheeled_robot/share/two_wheeled_robot/models/pr2/meshes/gripper_v0/l_floating.stl\n'}
[0.448978] (two_wheeled_robot) StdoutLine: {'line': b'-- Up-to-date: /home/greyflon/lab_2025/install/two_wheeled_robot/share/two_wheeled_robot/models/pr2/meshes/gripper_v0/l_finger.stl\n'}
[0.449061] (two_wheeled_robot) StdoutLine: {'line': b'-- Up-to-date: /home/greyflon/lab_2025/install/two_wheeled_robot/share/two_wheeled_robot/models/pr2/meshes/gripper_v0/l_finger_tip.stl\n'}
[0.449182] (two_wheeled_robot) StdoutLine: {'line': b'-- Up-to-date: /home/greyflon/lab_2025/install/two_wheeled_robot/share/two_wheeled_robot/models/pr2/meshes/gripper_v0/l_float.dae\n'}
[0.449302] (two_wheeled_robot) StdoutLine: {'line': b'-- Up-to-date: /home/greyflon/lab_2025/install/two_wheeled_robot/share/two_wheeled_robot/models/pr2/meshes/gripper_v0/finger_tip_H_UV_100430.dae\n'}
[0.449405] (two_wheeled_robot) StdoutLine: {'line': b'-- Up-to-date: /home/greyflon/lab_2025/install/two_wheeled_robot/share/two_wheeled_robot/models/pr2/meshes/gripper_v0/finger_tip_pad2_l.stl\n'}
[0.449503] (two_wheeled_robot) StdoutLine: {'line': b'-- Up-to-date: /home/greyflon/lab_2025/install/two_wheeled_robot/share/two_wheeled_robot/models/pr2/materials\n'}
[0.449602] (two_wheeled_robot) StdoutLine: {'line': b'-- Up-to-date: /home/greyflon/lab_2025/install/two_wheeled_robot/share/two_wheeled_robot/models/pr2/materials/textures\n'}
[0.449705] (two_wheeled_robot) StdoutLine: {'line': b'-- Up-to-date: /home/greyflon/lab_2025/install/two_wheeled_robot/share/two_wheeled_robot/models/pr2/materials/textures/fingertip_H_Color_100430.png\n'}
[0.449826] (two_wheeled_robot) StdoutLine: {'line': b'-- Up-to-date: /home/greyflon/lab_2025/install/two_wheeled_robot/share/two_wheeled_robot/models/pr2/materials/textures/l_float_color.png\n'}
[0.449933] (two_wheeled_robot) StdoutLine: {'line': b'-- Up-to-date: /home/greyflon/lab_2025/install/two_wheeled_robot/share/two_wheeled_robot/models/pr2/materials/textures/gripper_palm_color.png\n'}
[0.450036] (two_wheeled_robot) StdoutLine: {'line': b'-- Up-to-date: /home/greyflon/lab_2025/install/two_wheeled_robot/share/two_wheeled_robot/models/pr2/materials/textures/upper_arm_color.png\n'}
[0.450139] (two_wheeled_robot) StdoutLine: {'line': b'-- Up-to-date: /home/greyflon/lab_2025/install/two_wheeled_robot/share/two_wheeled_robot/models/pr2/materials/textures/wheel_normals.png\n'}
[0.450237] (two_wheeled_robot) StdoutLine: {'line': b'-- Up-to-date: /home/greyflon/lab_2025/install/two_wheeled_robot/share/two_wheeled_robot/models/pr2/materials/textures/upper_arm_roll_normals.png\n'}
[0.450353] (two_wheeled_robot) StdoutLine: {'line': b'-- Up-to-date: /home/greyflon/lab_2025/install/two_wheeled_robot/share/two_wheeled_robot/models/pr2/materials/textures/head_tilt_green.png\n'}
[0.450411] (two_wheeled_robot) StdoutLine: {'line': b'-- Up-to-date: /home/greyflon/lab_2025/install/two_wheeled_robot/share/two_wheeled_robot/models/pr2/materials/textures/float_H_Color_100430.png\n'}
[0.450470] (two_wheeled_robot) StdoutLine: {'line': b'-- Up-to-date: /home/greyflon/lab_2025/install/two_wheeled_robot/share/two_wheeled_robot/models/pr2/materials/textures/l_finger_tip_normals.png\n'}
[0.450527] (two_wheeled_robot) StdoutLine: {'line': b'-- Up-to-date: /home/greyflon/lab_2025/install/two_wheeled_robot/share/two_wheeled_robot/models/pr2/materials/textures/wrist_color.png\n'}
[0.450585] (two_wheeled_robot) StdoutLine: {'line': b'-- Up-to-date: /home/greyflon/lab_2025/install/two_wheeled_robot/share/two_wheeled_robot/models/pr2/materials/textures/head_tilt_normals.png\n'}
[0.450644] (two_wheeled_robot) StdoutLine: {'line': b'-- Up-to-date: /home/greyflon/lab_2025/install/two_wheeled_robot/share/two_wheeled_robot/models/pr2/materials/textures/gripper_palm_normals.png\n'}
[0.450702] (two_wheeled_robot) StdoutLine: {'line': b'-- Up-to-date: /home/greyflon/lab_2025/install/two_wheeled_robot/share/two_wheeled_robot/models/pr2/materials/textures/torso_lift_normals.png\n'}
[0.450784] (two_wheeled_robot) StdoutLine: {'line': b'-- Up-to-date: /home/greyflon/lab_2025/install/two_wheeled_robot/share/two_wheeled_robot/models/pr2/materials/textures/head_tilt_color_red.png\n'}
[0.450846] (two_wheeled_robot) StdoutLine: {'line': b'-- Up-to-date: /home/greyflon/lab_2025/install/two_wheeled_robot/share/two_wheeled_robot/models/pr2/materials/textures/forearm_normals.png\n'}
[0.450904] (two_wheeled_robot) StdoutLine: {'line': b'-- Up-to-date: /home/greyflon/lab_2025/install/two_wheeled_robot/share/two_wheeled_robot/models/pr2/materials/textures/finger_H_Color_100430.png\n'}
[0.450962] (two_wheeled_robot) StdoutLine: {'line': b'-- Up-to-date: /home/greyflon/lab_2025/install/two_wheeled_robot/share/two_wheeled_robot/models/pr2/materials/textures/shoulder_pan_normals.png\n'}
[0.451026] (two_wheeled_robot) StdoutLine: {'line': b'-- Up-to-date: /home/greyflon/lab_2025/install/two_wheeled_robot/share/two_wheeled_robot/models/pr2/materials/textures/upper_arm_normals.png\n'}
[0.451085] (two_wheeled_robot) StdoutLine: {'line': b'-- Up-to-date: /home/greyflon/lab_2025/install/two_wheeled_robot/share/two_wheeled_robot/models/pr2/materials/textures/tilting_hokuyo_normals.png\n'}
[0.451143] (two_wheeled_robot) StdoutLine: {'line': b'-- Up-to-date: /home/greyflon/lab_2025/install/two_wheeled_robot/share/two_wheeled_robot/models/pr2/materials/textures/shoulder_pan_color.png\n'}
[0.451201] (two_wheeled_robot) StdoutLine: {'line': b'-- Up-to-date: /home/greyflon/lab_2025/install/two_wheeled_robot/share/two_wheeled_robot/models/pr2/materials/textures/l_float_normals.png\n'}
[0.451259] (two_wheeled_robot) StdoutLine: {'line': b'-- Up-to-date: /home/greyflon/lab_2025/install/two_wheeled_robot/share/two_wheeled_robot/models/pr2/materials/textures/wrist_normals.png\n'}
[0.451359] (two_wheeled_robot) StdoutLine: {'line': b'-- Up-to-date: /home/greyflon/lab_2025/install/two_wheeled_robot/share/two_wheeled_robot/models/pr2/materials/textures/wheel_color.png\n'}
[0.451433] (two_wheeled_robot) StdoutLine: {'line': b'-- Up-to-date: /home/greyflon/lab_2025/install/two_wheeled_robot/share/two_wheeled_robot/models/pr2/materials/textures/wheel_h_color.png\n'}
[0.451492] (two_wheeled_robot) StdoutLine: {'line': b'-- Up-to-date: /home/greyflon/lab_2025/install/two_wheeled_robot/share/two_wheeled_robot/models/pr2/materials/textures/elbow_flex_normals.png\n'}
[0.451550] (two_wheeled_robot) StdoutLine: {'line': b'-- Up-to-date: /home/greyflon/lab_2025/install/two_wheeled_robot/share/two_wheeled_robot/models/pr2/materials/textures/head_pan_color.png\n'}
[0.451608] (two_wheeled_robot) StdoutLine: {'line': b'-- Up-to-date: /home/greyflon/lab_2025/install/two_wheeled_robot/share/two_wheeled_robot/models/pr2/materials/textures/base_color.png\n'}
[0.451666] (two_wheeled_robot) StdoutLine: {'line': b'-- Up-to-date: /home/greyflon/lab_2025/install/two_wheeled_robot/share/two_wheeled_robot/models/pr2/materials/textures/l_finger_color.png\n'}
[0.451723] (two_wheeled_robot) StdoutLine: {'line': b'-- Up-to-date: /home/greyflon/lab_2025/install/two_wheeled_robot/share/two_wheeled_robot/models/pr2/materials/textures/tilting_hokuyo_color.png\n'}
[0.451997] (two_wheeled_robot) StdoutLine: {'line': b'-- Up-to-date: /home/greyflon/lab_2025/install/two_wheeled_robot/share/two_wheeled_robot/models/pr2/materials/textures/torso_lift_color.png\n'}
[0.452057] (two_wheeled_robot) StdoutLine: {'line': b'-- Up-to-date: /home/greyflon/lab_2025/install/two_wheeled_robot/share/two_wheeled_robot/models/pr2/materials/textures/palm_H_Color_100430.png\n'}
[0.452115] (two_wheeled_robot) StdoutLine: {'line': b'-- Up-to-date: /home/greyflon/lab_2025/install/two_wheeled_robot/share/two_wheeled_robot/models/pr2/materials/textures/head_tilt_color.png\n'}
[0.452173] (two_wheeled_robot) StdoutLine: {'line': b'-- Up-to-date: /home/greyflon/lab_2025/install/two_wheeled_robot/share/two_wheeled_robot/models/pr2/materials/textures/shoulder_lift_color.png\n'}
[0.452231] (two_wheeled_robot) StdoutLine: {'line': b'-- Up-to-date: /home/greyflon/lab_2025/install/two_wheeled_robot/share/two_wheeled_robot/models/pr2/materials/textures/base_normals.png\n'}
[0.452288] (two_wheeled_robot) StdoutLine: {'line': b'-- Up-to-date: /home/greyflon/lab_2025/install/two_wheeled_robot/share/two_wheeled_robot/models/pr2/materials/textures/forearm.png\n'}
[0.452346] (two_wheeled_robot) StdoutLine: {'line': b'-- Up-to-date: /home/greyflon/lab_2025/install/two_wheeled_robot/share/two_wheeled_robot/models/pr2/materials/textures/l_finger_tip_color.png\n'}
[0.452404] (two_wheeled_robot) StdoutLine: {'line': b'-- Up-to-date: /home/greyflon/lab_2025/install/two_wheeled_robot/share/two_wheeled_robot/models/pr2/materials/textures/upper_arm.png\n'}
[0.452462] (two_wheeled_robot) StdoutLine: {'line': b'-- Up-to-date: /home/greyflon/lab_2025/install/two_wheeled_robot/share/two_wheeled_robot/models/pr2/materials/textures/forearm_color.png\n'}
[0.452519] (two_wheeled_robot) StdoutLine: {'line': b'-- Up-to-date: /home/greyflon/lab_2025/install/two_wheeled_robot/share/two_wheeled_robot/models/pr2/materials/textures/head_tilt_color_yellow.png\n'}
[0.452577] (two_wheeled_robot) StdoutLine: {'line': b'-- Up-to-date: /home/greyflon/lab_2025/install/two_wheeled_robot/share/two_wheeled_robot/models/pr2/materials/textures/elbow_flex_color.png\n'}
[0.452635] (two_wheeled_robot) StdoutLine: {'line': b'-- Up-to-date: /home/greyflon/lab_2025/install/two_wheeled_robot/share/two_wheeled_robot/models/pr2/materials/textures/l_finger_normals.png\n'}
[0.452693] (two_wheeled_robot) StdoutLine: {'line': b'-- Up-to-date: /home/greyflon/lab_2025/install/two_wheeled_robot/share/two_wheeled_robot/models/pr2/materials/textures/head_pan_normals.png\n'}
[0.452885] (two_wheeled_robot) StdoutLine: {'line': b'-- Up-to-date: /home/greyflon/lab_2025/install/two_wheeled_robot/share/two_wheeled_robot/models/pr2/materials/textures/shoulder_lift_normals.png\n'}
[0.453119] (two_wheeled_robot) StdoutLine: {'line': b'-- Up-to-date: /home/greyflon/lab_2025/install/two_wheeled_robot/share/two_wheeled_robot/models/pr2/materials/textures/upper_arm_roll_color.png\n'}
[0.453186] (two_wheeled_robot) StdoutLine: {'line': b'-- Up-to-date: /home/greyflon/lab_2025/install/two_wheeled_robot/share/two_wheeled_robot/models/pr2/model.sdf\n'}
[0.453247] (two_wheeled_robot) StdoutLine: {'line': b'-- Up-to-date: /home/greyflon/lab_2025/install/two_wheeled_robot/share/two_wheeled_robot/models/pr2/model-1_3.sdf\n'}
[0.453307] (two_wheeled_robot) StdoutLine: {'line': b'-- Up-to-date: /home/greyflon/lab_2025/install/two_wheeled_robot/share/two_wheeled_robot/models/aws_robomaker_residential_Dumbbell_01\n'}
[0.453367] (two_wheeled_robot) StdoutLine: {'line': b'-- Up-to-date: /home/greyflon/lab_2025/install/two_wheeled_robot/share/two_wheeled_robot/models/aws_robomaker_residential_Dumbbell_01/model.config\n'}
[0.453426] (two_wheeled_robot) StdoutLine: {'line': b'-- Up-to-date: /home/greyflon/lab_2025/install/two_wheeled_robot/share/two_wheeled_robot/models/aws_robomaker_residential_Dumbbell_01/meshes\n'}
[0.453486] (two_wheeled_robot) StdoutLine: {'line': b'-- Up-to-date: /home/greyflon/lab_2025/install/two_wheeled_robot/share/two_wheeled_robot/models/aws_robomaker_residential_Dumbbell_01/meshes/aws_Dumbbell_01_visual.DAE\n'}
[0.453545] (two_wheeled_robot) StdoutLine: {'line': b'-- Up-to-date: /home/greyflon/lab_2025/install/two_wheeled_robot/share/two_wheeled_robot/models/aws_robomaker_residential_Dumbbell_01/meshes/aws_Dumbbell_01_collision.DAE\n'}
[0.453605] (two_wheeled_robot) StdoutLine: {'line': b'-- Up-to-date: /home/greyflon/lab_2025/install/two_wheeled_robot/share/two_wheeled_robot/models/aws_robomaker_residential_Dumbbell_01/materials\n'}
[0.453664] (two_wheeled_robot) StdoutLine: {'line': b'-- Up-to-date: /home/greyflon/lab_2025/install/two_wheeled_robot/share/two_wheeled_robot/models/aws_robomaker_residential_Dumbbell_01/materials/textures\n'}
[0.453794] (two_wheeled_robot) StdoutLine: {'line': b'-- Up-to-date: /home/greyflon/lab_2025/install/two_wheeled_robot/share/two_wheeled_robot/models/aws_robomaker_residential_Dumbbell_01/materials/textures/aws_Dumbbell_01.png\n'}
[0.454028] (two_wheeled_robot) StdoutLine: {'line': b'-- Up-to-date: /home/greyflon/lab_2025/install/two_wheeled_robot/share/two_wheeled_robot/models/aws_robomaker_residential_Dumbbell_01/model.sdf\n'}
[0.454090] (two_wheeled_robot) StdoutLine: {'line': b'-- Up-to-date: /home/greyflon/lab_2025/install/two_wheeled_robot/share/two_wheeled_robot/models/aws_robomaker_warehouse_ShelfD_01\n'}
[0.454149] (two_wheeled_robot) StdoutLine: {'line': b'-- Up-to-date: /home/greyflon/lab_2025/install/two_wheeled_robot/share/two_wheeled_robot/models/aws_robomaker_warehouse_ShelfD_01/model.config\n'}
[0.454209] (two_wheeled_robot) StdoutLine: {'line': b'-- Up-to-date: /home/greyflon/lab_2025/install/two_wheeled_robot/share/two_wheeled_robot/models/aws_robomaker_warehouse_ShelfD_01/meshes\n'}
[0.454268] (two_wheeled_robot) StdoutLine: {'line': b'-- Up-to-date: /home/greyflon/lab_2025/install/two_wheeled_robot/share/two_wheeled_robot/models/aws_robomaker_warehouse_ShelfD_01/meshes/aws_robomaker_warehouse_ShelfD_01_collision.DAE\n'}
[0.454327] (two_wheeled_robot) StdoutLine: {'line': b'-- Up-to-date: /home/greyflon/lab_2025/install/two_wheeled_robot/share/two_wheeled_robot/models/aws_robomaker_warehouse_ShelfD_01/meshes/aws_robomaker_warehouse_ShelfD_01_visual.DAE\n'}
[0.454386] (two_wheeled_robot) StdoutLine: {'line': b'-- Up-to-date: /home/greyflon/lab_2025/install/two_wheeled_robot/share/two_wheeled_robot/models/aws_robomaker_warehouse_ShelfD_01/materials\n'}
[0.454445] (two_wheeled_robot) StdoutLine: {'line': b'-- Up-to-date: /home/greyflon/lab_2025/install/two_wheeled_robot/share/two_wheeled_robot/models/aws_robomaker_warehouse_ShelfD_01/materials/textures\n'}
[0.454505] (two_wheeled_robot) StdoutLine: {'line': b'-- Up-to-date: /home/greyflon/lab_2025/install/two_wheeled_robot/share/two_wheeled_robot/models/aws_robomaker_warehouse_ShelfD_01/materials/textures/aws_robomaker_warehouse_ShelfD_03.png\n'}
[0.454572] (two_wheeled_robot) StdoutLine: {'line': b'-- Up-to-date: /home/greyflon/lab_2025/install/two_wheeled_robot/share/two_wheeled_robot/models/aws_robomaker_warehouse_ShelfD_01/materials/textures/aws_robomaker_warehouse_ShelfD_02.png\n'}
[0.454632] (two_wheeled_robot) StdoutLine: {'line': b'-- Up-to-date: /home/greyflon/lab_2025/install/two_wheeled_robot/share/two_wheeled_robot/models/aws_robomaker_warehouse_ShelfD_01/materials/textures/aws_robomaker_warehouse_ShelfD_01.png\n'}
[0.454692] (two_wheeled_robot) StdoutLine: {'line': b'-- Up-to-date: /home/greyflon/lab_2025/install/two_wheeled_robot/share/two_wheeled_robot/models/aws_robomaker_warehouse_ShelfD_01/materials/textures/aws_robomaker_warehouse_ShelfD_04.png\n'}
[0.454764] (two_wheeled_robot) StdoutLine: {'line': b'-- Up-to-date: /home/greyflon/lab_2025/install/two_wheeled_robot/share/two_wheeled_robot/models/aws_robomaker_warehouse_ShelfD_01/model.sdf\n'}
[0.454860] (two_wheeled_robot) StdoutLine: {'line': b'-- Up-to-date: /home/greyflon/lab_2025/install/two_wheeled_robot/share/two_wheeled_robot/models/workcell_bin\n'}
[0.454921] (two_wheeled_robot) StdoutLine: {'line': b'-- Up-to-date: /home/greyflon/lab_2025/install/two_wheeled_robot/share/two_wheeled_robot/models/workcell_bin/model.config\n'}
[0.454982] (two_wheeled_robot) StdoutLine: {'line': b'-- Up-to-date: /home/greyflon/lab_2025/install/two_wheeled_robot/share/two_wheeled_robot/models/workcell_bin/meshes\n'}
[0.455047] (two_wheeled_robot) StdoutLine: {'line': b'-- Up-to-date: /home/greyflon/lab_2025/install/two_wheeled_robot/share/two_wheeled_robot/models/workcell_bin/meshes/bin.dae\n'}
[0.455107] (two_wheeled_robot) StdoutLine: {'line': b'-- Up-to-date: /home/greyflon/lab_2025/install/two_wheeled_robot/share/two_wheeled_robot/models/workcell_bin/materials\n'}
[0.455167] (two_wheeled_robot) StdoutLine: {'line': b'-- Up-to-date: /home/greyflon/lab_2025/install/two_wheeled_robot/share/two_wheeled_robot/models/workcell_bin/materials/textures\n'}
[0.455227] (two_wheeled_robot) StdoutLine: {'line': b'-- Up-to-date: /home/greyflon/lab_2025/install/two_wheeled_robot/share/two_wheeled_robot/models/workcell_bin/materials/textures/bin.png\n'}
[0.455286] (two_wheeled_robot) StdoutLine: {'line': b'-- Up-to-date: /home/greyflon/lab_2025/install/two_wheeled_robot/share/two_wheeled_robot/models/workcell_bin/model.sdf\n'}
[0.455345] (two_wheeled_robot) StdoutLine: {'line': b'-- Up-to-date: /home/greyflon/lab_2025/install/two_wheeled_robot/share/two_wheeled_robot/models/aws_robomaker_residential_DeskPortraitD_04\n'}
[0.455405] (two_wheeled_robot) StdoutLine: {'line': b'-- Up-to-date: /home/greyflon/lab_2025/install/two_wheeled_robot/share/two_wheeled_robot/models/aws_robomaker_residential_DeskPortraitD_04/model.config\n'}
[0.455465] (two_wheeled_robot) StdoutLine: {'line': b'-- Up-to-date: /home/greyflon/lab_2025/install/two_wheeled_robot/share/two_wheeled_robot/models/aws_robomaker_residential_DeskPortraitD_04/meshes\n'}
[0.455525] (two_wheeled_robot) StdoutLine: {'line': b'-- Up-to-date: /home/greyflon/lab_2025/install/two_wheeled_robot/share/two_wheeled_robot/models/aws_robomaker_residential_DeskPortraitD_04/meshes/aws_DeskPortraitD_01_visual.DAE\n'}
[0.455584] (two_wheeled_robot) StdoutLine: {'line': b'-- Up-to-date: /home/greyflon/lab_2025/install/two_wheeled_robot/share/two_wheeled_robot/models/aws_robomaker_residential_DeskPortraitD_04/meshes/aws_DeskPortraitD_01_collision.DAE\n'}
[0.455659] (two_wheeled_robot) StdoutLine: {'line': b'-- Up-to-date: /home/greyflon/lab_2025/install/two_wheeled_robot/share/two_wheeled_robot/models/aws_robomaker_residential_DeskPortraitD_04/materials\n'}
[0.455720] (two_wheeled_robot) StdoutLine: {'line': b'-- Up-to-date: /home/greyflon/lab_2025/install/two_wheeled_robot/share/two_wheeled_robot/models/aws_robomaker_residential_DeskPortraitD_04/materials/textures\n'}
[0.455952] (two_wheeled_robot) StdoutLine: {'line': b'-- Up-to-date: /home/greyflon/lab_2025/install/two_wheeled_robot/share/two_wheeled_robot/models/aws_robomaker_residential_DeskPortraitD_04/materials/textures/aws_DeskPortraitD_02.png\n'}
[0.456016] (two_wheeled_robot) StdoutLine: {'line': b'-- Up-to-date: /home/greyflon/lab_2025/install/two_wheeled_robot/share/two_wheeled_robot/models/aws_robomaker_residential_DeskPortraitD_04/materials/textures/aws_DeskPortraitD_01.png\n'}
[0.456076] (two_wheeled_robot) StdoutLine: {'line': b'-- Up-to-date: /home/greyflon/lab_2025/install/two_wheeled_robot/share/two_wheeled_robot/models/aws_robomaker_residential_DeskPortraitD_04/materials/textures/DeskPortraitD_04.jpg\n'}
[0.456137] (two_wheeled_robot) StdoutLine: {'line': b'-- Up-to-date: /home/greyflon/lab_2025/install/two_wheeled_robot/share/two_wheeled_robot/models/aws_robomaker_residential_DeskPortraitD_04/model.sdf\n'}
[0.456196] (two_wheeled_robot) StdoutLine: {'line': b'-- Up-to-date: /home/greyflon/lab_2025/install/two_wheeled_robot/share/two_wheeled_robot/models/kitchen_dining\n'}
[0.456255] (two_wheeled_robot) StdoutLine: {'line': b'-- Up-to-date: /home/greyflon/lab_2025/install/two_wheeled_robot/share/two_wheeled_robot/models/kitchen_dining/model-1_4.sdf\n'}
[0.456314] (two_wheeled_robot) StdoutLine: {'line': b'-- Up-to-date: /home/greyflon/lab_2025/install/two_wheeled_robot/share/two_wheeled_robot/models/kitchen_dining/model.config\n'}
[0.456373] (two_wheeled_robot) StdoutLine: {'line': b'-- Up-to-date: /home/greyflon/lab_2025/install/two_wheeled_robot/share/two_wheeled_robot/models/kitchen_dining/meshes\n'}
[0.456431] (two_wheeled_robot) StdoutLine: {'line': b'-- Up-to-date: /home/greyflon/lab_2025/install/two_wheeled_robot/share/two_wheeled_robot/models/kitchen_dining/meshes/kitchen_dining.dae\n'}
[0.456491] (two_wheeled_robot) StdoutLine: {'line': b'-- Up-to-date: /home/greyflon/lab_2025/install/two_wheeled_robot/share/two_wheeled_robot/models/kitchen_dining/materials\n'}
[0.456550] (two_wheeled_robot) StdoutLine: {'line': b'-- Up-to-date: /home/greyflon/lab_2025/install/two_wheeled_robot/share/two_wheeled_robot/models/kitchen_dining/materials/textures\n'}
[0.456609] (two_wheeled_robot) StdoutLine: {'line': b'-- Up-to-date: /home/greyflon/lab_2025/install/two_wheeled_robot/share/two_wheeled_robot/models/kitchen_dining/materials/textures/__auto_40.png\n'}
[0.456668] (two_wheeled_robot) StdoutLine: {'line': b'-- Up-to-date: /home/greyflon/lab_2025/install/two_wheeled_robot/share/two_wheeled_robot/models/kitchen_dining/materials/textures/__auto_57.png\n'}
[0.456734] (two_wheeled_robot) StdoutLine: {'line': b'-- Up-to-date: /home/greyflon/lab_2025/install/two_wheeled_robot/share/two_wheeled_robot/models/kitchen_dining/materials/textures/__auto_28.png\n'}
[0.456987] (two_wheeled_robot) StdoutLine: {'line': b'-- Up-to-date: /home/greyflon/lab_2025/install/two_wheeled_robot/share/two_wheeled_robot/models/kitchen_dining/materials/textures/__auto_46.png\n'}
[0.457054] (two_wheeled_robot) StdoutLine: {'line': b'-- Up-to-date: /home/greyflon/lab_2025/install/two_wheeled_robot/share/two_wheeled_robot/models/kitchen_dining/materials/textures/__auto_52.png\n'}
[0.457115] (two_wheeled_robot) StdoutLine: {'line': b'-- Up-to-date: /home/greyflon/lab_2025/install/two_wheeled_robot/share/two_wheeled_robot/models/kitchen_dining/materials/textures/__auto_19.png\n'}
[0.457174] (two_wheeled_robot) StdoutLine: {'line': b'-- Up-to-date: /home/greyflon/lab_2025/install/two_wheeled_robot/share/two_wheeled_robot/models/kitchen_dining/materials/textures/__auto_7.png\n'}
[0.457233] (two_wheeled_robot) StdoutLine: {'line': b'-- Up-to-date: /home/greyflon/lab_2025/install/two_wheeled_robot/share/two_wheeled_robot/models/kitchen_dining/materials/textures/__auto_21.png\n'}
[0.457291] (two_wheeled_robot) StdoutLine: {'line': b'-- Up-to-date: /home/greyflon/lab_2025/install/two_wheeled_robot/share/two_wheeled_robot/models/kitchen_dining/materials/textures/__auto_45.png\n'}
[0.457351] (two_wheeled_robot) StdoutLine: {'line': b'-- Up-to-date: /home/greyflon/lab_2025/install/two_wheeled_robot/share/two_wheeled_robot/models/kitchen_dining/materials/textures/__auto_64.png\n'}
[0.457416] (two_wheeled_robot) StdoutLine: {'line': b'-- Up-to-date: /home/greyflon/lab_2025/install/two_wheeled_robot/share/two_wheeled_robot/models/kitchen_dining/materials/textures/__auto_16.png\n'}
[0.457476] (two_wheeled_robot) StdoutLine: {'line': b'-- Up-to-date: /home/greyflon/lab_2025/install/two_wheeled_robot/share/two_wheeled_robot/models/kitchen_dining/materials/textures/__auto_17.png\n'}
[0.457535] (two_wheeled_robot) StdoutLine: {'line': b'-- Up-to-date: /home/greyflon/lab_2025/install/two_wheeled_robot/share/two_wheeled_robot/models/kitchen_dining/materials/textures/__auto_53.png\n'}
[0.457593] (two_wheeled_robot) StdoutLine: {'line': b'-- Up-to-date: /home/greyflon/lab_2025/install/two_wheeled_robot/share/two_wheeled_robot/models/kitchen_dining/materials/textures/__auto_38.png\n'}
[0.457652] (two_wheeled_robot) StdoutLine: {'line': b'-- Up-to-date: /home/greyflon/lab_2025/install/two_wheeled_robot/share/two_wheeled_robot/models/kitchen_dining/materials/textures/__auto_56.png\n'}
[0.457726] (two_wheeled_robot) StdoutLine: {'line': b'-- Up-to-date: /home/greyflon/lab_2025/install/two_wheeled_robot/share/two_wheeled_robot/models/kitchen_dining/materials/textures/__auto_20.png\n'}
[0.457954] (two_wheeled_robot) StdoutLine: {'line': b'-- Up-to-date: /home/greyflon/lab_2025/install/two_wheeled_robot/share/two_wheeled_robot/models/kitchen_dining/materials/textures/__auto_44.png\n'}
[0.458015] (two_wheeled_robot) StdoutLine: {'line': b'-- Up-to-date: /home/greyflon/lab_2025/install/two_wheeled_robot/share/two_wheeled_robot/models/kitchen_dining/materials/textures/__auto_9.png\n'}
[0.458075] (two_wheeled_robot) StdoutLine: {'line': b'-- Up-to-date: /home/greyflon/lab_2025/install/two_wheeled_robot/share/two_wheeled_robot/models/kitchen_dining/materials/textures/__auto_47.png\n'}
[0.458289] (two_wheeled_robot) StdoutLine: {'line': b'-- Up-to-date: /home/greyflon/lab_2025/install/two_wheeled_robot/share/two_wheeled_robot/models/kitchen_dining/materials/textures/__auto_39.png\n'}
[0.458406] (two_wheeled_robot) StdoutLine: {'line': b'-- Up-to-date: /home/greyflon/lab_2025/install/two_wheeled_robot/share/two_wheeled_robot/models/kitchen_dining/materials/textures/__auto_29.png\n'}
[0.458515] (two_wheeled_robot) StdoutLine: {'line': b'-- Up-to-date: /home/greyflon/lab_2025/install/two_wheeled_robot/share/two_wheeled_robot/models/kitchen_dining/materials/textures/__auto_25.png\n'}
[0.458601] (two_wheeled_robot) StdoutLine: {'line': b'-- Up-to-date: /home/greyflon/lab_2025/install/two_wheeled_robot/share/two_wheeled_robot/models/kitchen_dining/materials/textures/__auto_61.png\n'}
[0.458691] (two_wheeled_robot) StdoutLine: {'line': b'-- Up-to-date: /home/greyflon/lab_2025/install/two_wheeled_robot/share/two_wheeled_robot/models/kitchen_dining/materials/textures/__auto_69.png\n'}
[0.458796] (two_wheeled_robot) StdoutLine: {'line': b'-- Up-to-date: /home/greyflon/lab_2025/install/two_wheeled_robot/share/two_wheeled_robot/models/kitchen_dining/materials/textures/__auto_1.png\n'}
[0.458904] (two_wheeled_robot) StdoutLine: {'line': b'-- Up-to-date: /home/greyflon/lab_2025/install/two_wheeled_robot/share/two_wheeled_robot/models/kitchen_dining/materials/textures/__auto_43.png\n'}
[0.458997] (two_wheeled_robot) StdoutLine: {'line': b'-- Up-to-date: /home/greyflon/lab_2025/install/two_wheeled_robot/share/two_wheeled_robot/models/kitchen_dining/materials/textures/__auto_49.png\n'}
[0.459058] (two_wheeled_robot) StdoutLine: {'line': b'-- Up-to-date: /home/greyflon/lab_2025/install/two_wheeled_robot/share/two_wheeled_robot/models/kitchen_dining/materials/textures/__auto_51.png\n'}
[0.459143] (two_wheeled_robot) StdoutLine: {'line': b'-- Up-to-date: /home/greyflon/lab_2025/install/two_wheeled_robot/share/two_wheeled_robot/models/kitchen_dining/materials/textures/__auto_42.png\n'}
[0.459203] (two_wheeled_robot) StdoutLine: {'line': b'-- Up-to-date: /home/greyflon/lab_2025/install/two_wheeled_robot/share/two_wheeled_robot/models/kitchen_dining/materials/textures/__auto_50.png\n'}
[0.459271] (two_wheeled_robot) StdoutLine: {'line': b'-- Up-to-date: /home/greyflon/lab_2025/install/two_wheeled_robot/share/two_wheeled_robot/models/kitchen_dining/materials/textures/__auto_18.png\n'}
[0.459375] (two_wheeled_robot) StdoutLine: {'line': b'-- Up-to-date: /home/greyflon/lab_2025/install/two_wheeled_robot/share/two_wheeled_robot/models/kitchen_dining/materials/textures/__auto_60.png\n'}
[0.459483] (two_wheeled_robot) StdoutLine: {'line': b'-- Up-to-date: /home/greyflon/lab_2025/install/two_wheeled_robot/share/two_wheeled_robot/models/kitchen_dining/materials/textures/__auto_30.png\n'}
[0.459577] (two_wheeled_robot) StdoutLine: {'line': b'-- Up-to-date: /home/greyflon/lab_2025/install/two_wheeled_robot/share/two_wheeled_robot/models/kitchen_dining/materials/textures/__auto_41.png\n'}
[0.459663] (two_wheeled_robot) StdoutLine: {'line': b'-- Up-to-date: /home/greyflon/lab_2025/install/two_wheeled_robot/share/two_wheeled_robot/models/kitchen_dining/materials/textures/__auto_66.png\n'}
[0.459767] (two_wheeled_robot) StdoutLine: {'line': b'-- Up-to-date: /home/greyflon/lab_2025/install/two_wheeled_robot/share/two_wheeled_robot/models/kitchen_dining/materials/textures/__auto_13.png\n'}
[0.459862] (two_wheeled_robot) StdoutLine: {'line': b'-- Up-to-date: /home/greyflon/lab_2025/install/two_wheeled_robot/share/two_wheeled_robot/models/kitchen_dining/materials/textures/__auto_14.png\n'}
[0.459923] (two_wheeled_robot) StdoutLine: {'line': b'-- Up-to-date: /home/greyflon/lab_2025/install/two_wheeled_robot/share/two_wheeled_robot/models/kitchen_dining/materials/textures/__auto_59.png\n'}
[0.460017] (two_wheeled_robot) StdoutLine: {'line': b'-- Up-to-date: /home/greyflon/lab_2025/install/two_wheeled_robot/share/two_wheeled_robot/models/kitchen_dining/materials/textures/__auto_2.png\n'}
[0.460115] (two_wheeled_robot) StdoutLine: {'line': b'-- Up-to-date: /home/greyflon/lab_2025/install/two_wheeled_robot/share/two_wheeled_robot/models/kitchen_dining/materials/textures/__auto_8.png\n'}
[0.460176] (two_wheeled_robot) StdoutLine: {'line': b'-- Up-to-date: /home/greyflon/lab_2025/install/two_wheeled_robot/share/two_wheeled_robot/models/kitchen_dining/materials/textures/__auto_24.png\n'}
[0.460266] (two_wheeled_robot) StdoutLine: {'line': b'-- Up-to-date: /home/greyflon/lab_2025/install/two_wheeled_robot/share/two_wheeled_robot/models/kitchen_dining/materials/textures/__auto_22.png\n'}
[0.460449] (two_wheeled_robot) StdoutLine: {'line': b'-- Up-to-date: /home/greyflon/lab_2025/install/two_wheeled_robot/share/two_wheeled_robot/models/kitchen_dining/model.sdf\n'}
[0.460510] (two_wheeled_robot) StdoutLine: {'line': b'-- Up-to-date: /home/greyflon/lab_2025/install/two_wheeled_robot/share/two_wheeled_robot/models/kitchen_dining/model-1_3.sdf\n'}
[0.460581] (two_wheeled_robot) StdoutLine: {'line': b'-- Up-to-date: /home/greyflon/lab_2025/install/two_wheeled_robot/share/two_wheeled_robot/models/aws_robomaker_warehouse_ClutteringC_01\n'}
[0.460673] (two_wheeled_robot) StdoutLine: {'line': b'-- Up-to-date: /home/greyflon/lab_2025/install/two_wheeled_robot/share/two_wheeled_robot/models/aws_robomaker_warehouse_ClutteringC_01/model.config\n'}
[0.460812] (two_wheeled_robot) StdoutLine: {'line': b'-- Up-to-date: /home/greyflon/lab_2025/install/two_wheeled_robot/share/two_wheeled_robot/models/aws_robomaker_warehouse_ClutteringC_01/meshes\n'}
[0.460918] (two_wheeled_robot) StdoutLine: {'line': b'-- Up-to-date: /home/greyflon/lab_2025/install/two_wheeled_robot/share/two_wheeled_robot/models/aws_robomaker_warehouse_ClutteringC_01/meshes/aws_robomaker_warehouse_ClutteringC_01_collision.DAE\n'}
[0.460980] (two_wheeled_robot) StdoutLine: {'line': b'-- Up-to-date: /home/greyflon/lab_2025/install/two_wheeled_robot/share/two_wheeled_robot/models/aws_robomaker_warehouse_ClutteringC_01/meshes/aws_robomaker_warehouse_ClutteringC_01_visual.DAE\n'}
[0.461072] (two_wheeled_robot) StdoutLine: {'line': b'-- Up-to-date: /home/greyflon/lab_2025/install/two_wheeled_robot/share/two_wheeled_robot/models/aws_robomaker_warehouse_ClutteringC_01/materials\n'}
[0.461177] (two_wheeled_robot) StdoutLine: {'line': b'-- Up-to-date: /home/greyflon/lab_2025/install/two_wheeled_robot/share/two_wheeled_robot/models/aws_robomaker_warehouse_ClutteringC_01/materials/textures\n'}
[0.461266] (two_wheeled_robot) StdoutLine: {'line': b'-- Up-to-date: /home/greyflon/lab_2025/install/two_wheeled_robot/share/two_wheeled_robot/models/aws_robomaker_warehouse_ClutteringC_01/materials/textures/aws_robomaker_warehouse_ClutteringC_01.png\n'}
[0.461356] (two_wheeled_robot) StdoutLine: {'line': b'-- Up-to-date: /home/greyflon/lab_2025/install/two_wheeled_robot/share/two_wheeled_robot/models/aws_robomaker_warehouse_ClutteringC_01/materials/textures/aws_robomaker_warehouse_ClutteringC_02.png\n'}
[0.461442] (two_wheeled_robot) StdoutLine: {'line': b'-- Up-to-date: /home/greyflon/lab_2025/install/two_wheeled_robot/share/two_wheeled_robot/models/aws_robomaker_warehouse_ClutteringC_01/model.sdf\n'}
[0.461502] (two_wheeled_robot) StdoutLine: {'line': b'-- Up-to-date: /home/greyflon/lab_2025/install/two_wheeled_robot/share/two_wheeled_robot/models/AnesthesiaMachine\n'}
[0.461591] (two_wheeled_robot) StdoutLine: {'line': b'-- Up-to-date: /home/greyflon/lab_2025/install/two_wheeled_robot/share/two_wheeled_robot/models/AnesthesiaMachine/model.config\n'}
[0.461690] (two_wheeled_robot) StdoutLine: {'line': b'-- Up-to-date: /home/greyflon/lab_2025/install/two_wheeled_robot/share/two_wheeled_robot/models/AnesthesiaMachine/meshes\n'}
[0.461798] (two_wheeled_robot) StdoutLine: {'line': b'-- Up-to-date: /home/greyflon/lab_2025/install/two_wheeled_robot/share/two_wheeled_robot/models/AnesthesiaMachine/meshes/AnesthesiaMachine.png\n'}
[0.461898] (two_wheeled_robot) StdoutLine: {'line': b'-- Up-to-date: /home/greyflon/lab_2025/install/two_wheeled_robot/share/two_wheeled_robot/models/AnesthesiaMachine/meshes/AnesthesiaMachine_Col.mtl\n'}
[0.461990] (two_wheeled_robot) StdoutLine: {'line': b'-- Up-to-date: /home/greyflon/lab_2025/install/two_wheeled_robot/share/two_wheeled_robot/models/AnesthesiaMachine/meshes/AnesthesiaMachine.obj\n'}
[0.462080] (two_wheeled_robot) StdoutLine: {'line': b'-- Up-to-date: /home/greyflon/lab_2025/install/two_wheeled_robot/share/two_wheeled_robot/models/AnesthesiaMachine/meshes/AnesthesiaMachine.mtl\n'}
[0.462170] (two_wheeled_robot) StdoutLine: {'line': b'-- Up-to-date: /home/greyflon/lab_2025/install/two_wheeled_robot/share/two_wheeled_robot/models/AnesthesiaMachine/meshes/AnesthesiaMachine_Col.obj\n'}
[0.462231] (two_wheeled_robot) StdoutLine: {'line': b'-- Up-to-date: /home/greyflon/lab_2025/install/two_wheeled_robot/share/two_wheeled_robot/models/AnesthesiaMachine/thumbnails\n'}
[0.462316] (two_wheeled_robot) StdoutLine: {'line': b'-- Up-to-date: /home/greyflon/lab_2025/install/two_wheeled_robot/share/two_wheeled_robot/models/AnesthesiaMachine/thumbnails/5.png\n'}
[0.462430] (two_wheeled_robot) StdoutLine: {'line': b'-- Up-to-date: /home/greyflon/lab_2025/install/two_wheeled_robot/share/two_wheeled_robot/models/AnesthesiaMachine/thumbnails/1.png\n'}
[0.462528] (two_wheeled_robot) StdoutLine: {'line': b'-- Up-to-date: /home/greyflon/lab_2025/install/two_wheeled_robot/share/two_wheeled_robot/models/AnesthesiaMachine/thumbnails/2.png\n'}
[0.462638] (two_wheeled_robot) StdoutLine: {'line': b'-- Up-to-date: /home/greyflon/lab_2025/install/two_wheeled_robot/share/two_wheeled_robot/models/AnesthesiaMachine/thumbnails/4.png\n'}
[0.462720] (two_wheeled_robot) StdoutLine: {'line': b'-- Up-to-date: /home/greyflon/lab_2025/install/two_wheeled_robot/share/two_wheeled_robot/models/AnesthesiaMachine/thumbnails/3.png\n'}
[0.462806] (two_wheeled_robot) StdoutLine: {'line': b'-- Up-to-date: /home/greyflon/lab_2025/install/two_wheeled_robot/share/two_wheeled_robot/models/AnesthesiaMachine/model.sdf\n'}
[0.462869] (two_wheeled_robot) StdoutLine: {'line': b'-- Up-to-date: /home/greyflon/lab_2025/install/two_wheeled_robot/share/two_wheeled_robot/models/box_target_red\n'}
[0.462929] (two_wheeled_robot) StdoutLine: {'line': b'-- Up-to-date: /home/greyflon/lab_2025/install/two_wheeled_robot/share/two_wheeled_robot/models/box_target_red/model.config\n'}
[0.462995] (two_wheeled_robot) StdoutLine: {'line': b'-- Up-to-date: /home/greyflon/lab_2025/install/two_wheeled_robot/share/two_wheeled_robot/models/box_target_red/meshes\n'}
[0.463054] (two_wheeled_robot) StdoutLine: {'line': b'-- Up-to-date: /home/greyflon/lab_2025/install/two_wheeled_robot/share/two_wheeled_robot/models/box_target_red/meshes/mesh.dae\n'}
[0.463124] (two_wheeled_robot) StdoutLine: {'line': b'-- Up-to-date: /home/greyflon/lab_2025/install/two_wheeled_robot/share/two_wheeled_robot/models/box_target_red/materials\n'}
[0.463183] (two_wheeled_robot) StdoutLine: {'line': b'-- Up-to-date: /home/greyflon/lab_2025/install/two_wheeled_robot/share/two_wheeled_robot/models/box_target_red/materials/textures\n'}
[0.463242] (two_wheeled_robot) StdoutLine: {'line': b'-- Up-to-date: /home/greyflon/lab_2025/install/two_wheeled_robot/share/two_wheeled_robot/models/box_target_red/materials/textures/end_pad.png\n'}
[0.463333] (two_wheeled_robot) StdoutLine: {'line': b'-- Up-to-date: /home/greyflon/lab_2025/install/two_wheeled_robot/share/two_wheeled_robot/models/box_target_red/model.sdf\n'}
[0.463491] (two_wheeled_robot) StdoutLine: {'line': b'-- Up-to-date: /home/greyflon/lab_2025/install/two_wheeled_robot/share/two_wheeled_robot/models/big_box2\n'}
[0.463590] (two_wheeled_robot) StdoutLine: {'line': b'-- Up-to-date: /home/greyflon/lab_2025/install/two_wheeled_robot/share/two_wheeled_robot/models/big_box2/model.config\n'}
[0.463675] (two_wheeled_robot) StdoutLine: {'line': b'-- Up-to-date: /home/greyflon/lab_2025/install/two_wheeled_robot/share/two_wheeled_robot/models/big_box2/meshes\n'}
[0.463781] (two_wheeled_robot) StdoutLine: {'line': b'-- Up-to-date: /home/greyflon/lab_2025/install/two_wheeled_robot/share/two_wheeled_robot/models/big_box2/meshes/big_box.dae\n'}
[0.463875] (two_wheeled_robot) StdoutLine: {'line': b'-- Up-to-date: /home/greyflon/lab_2025/install/two_wheeled_robot/share/two_wheeled_robot/models/big_box2/materials\n'}
[0.463969] (two_wheeled_robot) StdoutLine: {'line': b'-- Up-to-date: /home/greyflon/lab_2025/install/two_wheeled_robot/share/two_wheeled_robot/models/big_box2/materials/textures\n'}
[0.464054] (two_wheeled_robot) StdoutLine: {'line': b'-- Up-to-date: /home/greyflon/lab_2025/install/two_wheeled_robot/share/two_wheeled_robot/models/big_box2/materials/textures/barcode.png\n'}
[0.464144] (two_wheeled_robot) StdoutLine: {'line': b'-- Up-to-date: /home/greyflon/lab_2025/install/two_wheeled_robot/share/two_wheeled_robot/models/big_box2/materials/textures/Kraft_Tile.jpg\n'}
[0.464203] (two_wheeled_robot) StdoutLine: {'line': b'-- Up-to-date: /home/greyflon/lab_2025/install/two_wheeled_robot/share/two_wheeled_robot/models/big_box2/materials/textures/side2.png\n'}
[0.464292] (two_wheeled_robot) StdoutLine: {'line': b'-- Up-to-date: /home/greyflon/lab_2025/install/two_wheeled_robot/share/two_wheeled_robot/models/big_box2/materials/textures/side1.pdn\n'}
[0.464395] (two_wheeled_robot) StdoutLine: {'line': b'-- Up-to-date: /home/greyflon/lab_2025/install/two_wheeled_robot/share/two_wheeled_robot/models/big_box2/materials/textures/front.png\n'}
[0.464456] (two_wheeled_robot) StdoutLine: {'line': b'-- Up-to-date: /home/greyflon/lab_2025/install/two_wheeled_robot/share/two_wheeled_robot/models/big_box2/materials/textures/front.pdn\n'}
[0.464541] (two_wheeled_robot) StdoutLine: {'line': b'-- Up-to-date: /home/greyflon/lab_2025/install/two_wheeled_robot/share/two_wheeled_robot/models/big_box2/materials/textures/side2.pdn\n'}
[0.464601] (two_wheeled_robot) StdoutLine: {'line': b'-- Up-to-date: /home/greyflon/lab_2025/install/two_wheeled_robot/share/two_wheeled_robot/models/big_box2/materials/textures/side1.png\n'}
[0.464713] (two_wheeled_robot) StdoutLine: {'line': b'-- Up-to-date: /home/greyflon/lab_2025/install/two_wheeled_robot/share/two_wheeled_robot/models/big_box2/model.sdf\n'}
[0.464834] (two_wheeled_robot) StdoutLine: {'line': b'-- Up-to-date: /home/greyflon/lab_2025/install/two_wheeled_robot/share/two_wheeled_robot/models/aws_robomaker_residential_Tableware_01\n'}
[0.464932] (two_wheeled_robot) StdoutLine: {'line': b'-- Up-to-date: /home/greyflon/lab_2025/install/two_wheeled_robot/share/two_wheeled_robot/models/aws_robomaker_residential_Tableware_01/model.config\n'}
[0.465026] (two_wheeled_robot) StdoutLine: {'line': b'-- Up-to-date: /home/greyflon/lab_2025/install/two_wheeled_robot/share/two_wheeled_robot/models/aws_robomaker_residential_Tableware_01/meshes\n'}
[0.465115] (two_wheeled_robot) StdoutLine: {'line': b'-- Up-to-date: /home/greyflon/lab_2025/install/two_wheeled_robot/share/two_wheeled_robot/models/aws_robomaker_residential_Tableware_01/meshes/aws_Tableware_01_visual.DAE\n'}
[0.465200] (two_wheeled_robot) StdoutLine: {'line': b'-- Up-to-date: /home/greyflon/lab_2025/install/two_wheeled_robot/share/two_wheeled_robot/models/aws_robomaker_residential_Tableware_01/meshes/aws_Tableware_01_collision.DAE\n'}
[0.465260] (two_wheeled_robot) StdoutLine: {'line': b'-- Up-to-date: /home/greyflon/lab_2025/install/two_wheeled_robot/share/two_wheeled_robot/models/aws_robomaker_residential_Tableware_01/materials\n'}
[0.465319] (two_wheeled_robot) StdoutLine: {'line': b'-- Up-to-date: /home/greyflon/lab_2025/install/two_wheeled_robot/share/two_wheeled_robot/models/aws_robomaker_residential_Tableware_01/materials/textures\n'}
[0.465377] (two_wheeled_robot) StdoutLine: {'line': b'-- Up-to-date: /home/greyflon/lab_2025/install/two_wheeled_robot/share/two_wheeled_robot/models/aws_robomaker_residential_Tableware_01/materials/textures/aws_Tableware_01.png\n'}
[0.465467] (two_wheeled_robot) StdoutLine: {'line': b'-- Up-to-date: /home/greyflon/lab_2025/install/two_wheeled_robot/share/two_wheeled_robot/models/aws_robomaker_residential_Tableware_01/model.sdf\n'}
[0.465579] (two_wheeled_robot) StdoutLine: {'line': b'-- Up-to-date: /home/greyflon/lab_2025/install/two_wheeled_robot/share/two_wheeled_robot/models/aws_robomaker_residential_DeskPortraitD_01\n'}
[0.465674] (two_wheeled_robot) StdoutLine: {'line': b'-- Up-to-date: /home/greyflon/lab_2025/install/two_wheeled_robot/share/two_wheeled_robot/models/aws_robomaker_residential_DeskPortraitD_01/model.config\n'}
[0.465762] (two_wheeled_robot) StdoutLine: {'line': b'-- Up-to-date: /home/greyflon/lab_2025/install/two_wheeled_robot/share/two_wheeled_robot/models/aws_robomaker_residential_DeskPortraitD_01/meshes\n'}
[0.465854] (two_wheeled_robot) StdoutLine: {'line': b'-- Up-to-date: /home/greyflon/lab_2025/install/two_wheeled_robot/share/two_wheeled_robot/models/aws_robomaker_residential_DeskPortraitD_01/meshes/aws_DeskPortraitD_01_visual.DAE\n'}
[0.465954] (two_wheeled_robot) StdoutLine: {'line': b'-- Up-to-date: /home/greyflon/lab_2025/install/two_wheeled_robot/share/two_wheeled_robot/models/aws_robomaker_residential_DeskPortraitD_01/meshes/aws_DeskPortraitD_01_collision.DAE\n'}
[0.466014] (two_wheeled_robot) StdoutLine: {'line': b'-- Up-to-date: /home/greyflon/lab_2025/install/two_wheeled_robot/share/two_wheeled_robot/models/aws_robomaker_residential_DeskPortraitD_01/materials\n'}
[0.466108] (two_wheeled_robot) StdoutLine: {'line': b'-- Up-to-date: /home/greyflon/lab_2025/install/two_wheeled_robot/share/two_wheeled_robot/models/aws_robomaker_residential_DeskPortraitD_01/materials/textures\n'}
[0.466206] (two_wheeled_robot) StdoutLine: {'line': b'-- Up-to-date: /home/greyflon/lab_2025/install/two_wheeled_robot/share/two_wheeled_robot/models/aws_robomaker_residential_DeskPortraitD_01/materials/textures/aws_DeskPortraitD_02.png\n'}
[0.466295] (two_wheeled_robot) StdoutLine: {'line': b'-- Up-to-date: /home/greyflon/lab_2025/install/two_wheeled_robot/share/two_wheeled_robot/models/aws_robomaker_residential_DeskPortraitD_01/materials/textures/aws_DeskPortraitD_01.png\n'}
[0.466384] (two_wheeled_robot) StdoutLine: {'line': b'-- Up-to-date: /home/greyflon/lab_2025/install/two_wheeled_robot/share/two_wheeled_robot/models/aws_robomaker_residential_DeskPortraitD_01/materials/textures/DeskPortraitD_01.jpg\n'}
[0.466473] (two_wheeled_robot) StdoutLine: {'line': b'-- Up-to-date: /home/greyflon/lab_2025/install/two_wheeled_robot/share/two_wheeled_robot/models/aws_robomaker_residential_DeskPortraitD_01/model.sdf\n'}
[0.466611] (two_wheeled_robot) StdoutLine: {'line': b'-- Up-to-date: /home/greyflon/lab_2025/install/two_wheeled_robot/share/two_wheeled_robot/models/BedTable\n'}
[0.466693] (two_wheeled_robot) StdoutLine: {'line': b'-- Up-to-date: /home/greyflon/lab_2025/install/two_wheeled_robot/share/two_wheeled_robot/models/BedTable/model.config\n'}
[0.466794] (two_wheeled_robot) StdoutLine: {'line': b'-- Up-to-date: /home/greyflon/lab_2025/install/two_wheeled_robot/share/two_wheeled_robot/models/BedTable/meshes\n'}
[0.466904] (two_wheeled_robot) StdoutLine: {'line': b'-- Up-to-date: /home/greyflon/lab_2025/install/two_wheeled_robot/share/two_wheeled_robot/models/BedTable/meshes/BedTable.obj\n'}
[0.466998] (two_wheeled_robot) StdoutLine: {'line': b'-- Up-to-date: /home/greyflon/lab_2025/install/two_wheeled_robot/share/two_wheeled_robot/models/BedTable/meshes/BedTable.mtl\n'}
[0.467087] (two_wheeled_robot) StdoutLine: {'line': b'-- Up-to-date: /home/greyflon/lab_2025/install/two_wheeled_robot/share/two_wheeled_robot/models/BedTable/meshes/BedTable_Diffuse.png\n'}
[0.467146] (two_wheeled_robot) StdoutLine: {'line': b'-- Up-to-date: /home/greyflon/lab_2025/install/two_wheeled_robot/share/two_wheeled_robot/models/BedTable/meshes/BedTable_SpecGloss.png\n'}
[0.467234] (two_wheeled_robot) StdoutLine: {'line': b'-- Up-to-date: /home/greyflon/lab_2025/install/two_wheeled_robot/share/two_wheeled_robot/models/BedTable/meshes/BedTable_Col.obj\n'}
[0.467293] (two_wheeled_robot) StdoutLine: {'line': b'-- Up-to-date: /home/greyflon/lab_2025/install/two_wheeled_robot/share/two_wheeled_robot/models/BedTable/meshes/BedTable.png\n'}
[0.467388] (two_wheeled_robot) StdoutLine: {'line': b'-- Up-to-date: /home/greyflon/lab_2025/install/two_wheeled_robot/share/two_wheeled_robot/models/BedTable/meshes/BedTable_Col.mtl\n'}
[0.467479] (two_wheeled_robot) StdoutLine: {'line': b'-- Up-to-date: /home/greyflon/lab_2025/install/two_wheeled_robot/share/two_wheeled_robot/models/BedTable/meshes/BedTable_Normal.png\n'}
[0.467601] (two_wheeled_robot) StdoutLine: {'line': b'-- Up-to-date: /home/greyflon/lab_2025/install/two_wheeled_robot/share/two_wheeled_robot/models/BedTable/thumbnails\n'}
[0.467681] (two_wheeled_robot) StdoutLine: {'line': b'-- Up-to-date: /home/greyflon/lab_2025/install/two_wheeled_robot/share/two_wheeled_robot/models/BedTable/thumbnails/5.png\n'}
[0.467786] (two_wheeled_robot) StdoutLine: {'line': b'-- Up-to-date: /home/greyflon/lab_2025/install/two_wheeled_robot/share/two_wheeled_robot/models/BedTable/thumbnails/1.png\n'}
[0.467876] (two_wheeled_robot) StdoutLine: {'line': b'-- Up-to-date: /home/greyflon/lab_2025/install/two_wheeled_robot/share/two_wheeled_robot/models/BedTable/thumbnails/2.png\n'}
[0.467966] (two_wheeled_robot) StdoutLine: {'line': b'-- Up-to-date: /home/greyflon/lab_2025/install/two_wheeled_robot/share/two_wheeled_robot/models/BedTable/thumbnails/4.png\n'}
[0.468055] (two_wheeled_robot) StdoutLine: {'line': b'-- Up-to-date: /home/greyflon/lab_2025/install/two_wheeled_robot/share/two_wheeled_robot/models/BedTable/thumbnails/3.png\n'}
[0.468115] (two_wheeled_robot) StdoutLine: {'line': b'-- Up-to-date: /home/greyflon/lab_2025/install/two_wheeled_robot/share/two_wheeled_robot/models/BedTable/model.sdf\n'}
[0.468205] (two_wheeled_robot) StdoutLine: {'line': b'-- Up-to-date: /home/greyflon/lab_2025/install/two_wheeled_robot/share/two_wheeled_robot/models/big_box3\n'}
[0.468303] (two_wheeled_robot) StdoutLine: {'line': b'-- Up-to-date: /home/greyflon/lab_2025/install/two_wheeled_robot/share/two_wheeled_robot/models/big_box3/model.config\n'}
[0.468393] (two_wheeled_robot) StdoutLine: {'line': b'-- Up-to-date: /home/greyflon/lab_2025/install/two_wheeled_robot/share/two_wheeled_robot/models/big_box3/meshes\n'}
[0.468465] (two_wheeled_robot) StdoutLine: {'line': b'-- Up-to-date: /home/greyflon/lab_2025/install/two_wheeled_robot/share/two_wheeled_robot/models/big_box3/meshes/big_box.dae\n'}
[0.468556] (two_wheeled_robot) StdoutLine: {'line': b'-- Up-to-date: /home/greyflon/lab_2025/install/two_wheeled_robot/share/two_wheeled_robot/models/big_box3/materials\n'}
[0.468658] (two_wheeled_robot) StdoutLine: {'line': b'-- Up-to-date: /home/greyflon/lab_2025/install/two_wheeled_robot/share/two_wheeled_robot/models/big_box3/materials/textures\n'}
[0.468720] (two_wheeled_robot) StdoutLine: {'line': b'-- Up-to-date: /home/greyflon/lab_2025/install/two_wheeled_robot/share/two_wheeled_robot/models/big_box3/materials/textures/barcode.png\n'}
[0.468827] (two_wheeled_robot) StdoutLine: {'line': b'-- Up-to-date: /home/greyflon/lab_2025/install/two_wheeled_robot/share/two_wheeled_robot/models/big_box3/materials/textures/Kraft_Tile.jpg\n'}
[0.468945] (two_wheeled_robot) StdoutLine: {'line': b'-- Up-to-date: /home/greyflon/lab_2025/install/two_wheeled_robot/share/two_wheeled_robot/models/big_box3/materials/textures/side2.png\n'}
[0.469043] (two_wheeled_robot) StdoutLine: {'line': b'-- Up-to-date: /home/greyflon/lab_2025/install/two_wheeled_robot/share/two_wheeled_robot/models/big_box3/materials/textures/side1.pdn\n'}
[0.469104] (two_wheeled_robot) StdoutLine: {'line': b'-- Up-to-date: /home/greyflon/lab_2025/install/two_wheeled_robot/share/two_wheeled_robot/models/big_box3/materials/textures/front.png\n'}
[0.469190] (two_wheeled_robot) StdoutLine: {'line': b'-- Up-to-date: /home/greyflon/lab_2025/install/two_wheeled_robot/share/two_wheeled_robot/models/big_box3/materials/textures/front.pdn\n'}
[0.469288] (two_wheeled_robot) StdoutLine: {'line': b'-- Up-to-date: /home/greyflon/lab_2025/install/two_wheeled_robot/share/two_wheeled_robot/models/big_box3/materials/textures/side2.pdn\n'}
[0.469356] (two_wheeled_robot) StdoutLine: {'line': b'-- Up-to-date: /home/greyflon/lab_2025/install/two_wheeled_robot/share/two_wheeled_robot/models/big_box3/materials/textures/side1.png\n'}
[0.469448] (two_wheeled_robot) StdoutLine: {'line': b'-- Up-to-date: /home/greyflon/lab_2025/install/two_wheeled_robot/share/two_wheeled_robot/models/big_box3/model.sdf\n'}
[0.469547] (two_wheeled_robot) StdoutLine: {'line': b'-- Up-to-date: /home/greyflon/lab_2025/install/two_wheeled_robot/share/two_wheeled_robot/models/aws_robomaker_residential_FoldingDoor_02\n'}
[0.469609] (two_wheeled_robot) StdoutLine: {'line': b'-- Up-to-date: /home/greyflon/lab_2025/install/two_wheeled_robot/share/two_wheeled_robot/models/aws_robomaker_residential_FoldingDoor_02/model.config\n'}
[0.469696] (two_wheeled_robot) StdoutLine: {'line': b'-- Up-to-date: /home/greyflon/lab_2025/install/two_wheeled_robot/share/two_wheeled_robot/models/aws_robomaker_residential_FoldingDoor_02/meshes\n'}
[0.469828] (two_wheeled_robot) StdoutLine: {'line': b'-- Up-to-date: /home/greyflon/lab_2025/install/two_wheeled_robot/share/two_wheeled_robot/models/aws_robomaker_residential_FoldingDoor_02/meshes/aws_FoldingDoor_02_collision.DAE\n'}
[0.469973] (two_wheeled_robot) StdoutLine: {'line': b'-- Up-to-date: /home/greyflon/lab_2025/install/two_wheeled_robot/share/two_wheeled_robot/models/aws_robomaker_residential_FoldingDoor_02/meshes/aws_FoldingDoor_02_visual.DAE\n'}
[0.470071] (two_wheeled_robot) StdoutLine: {'line': b'-- Up-to-date: /home/greyflon/lab_2025/install/two_wheeled_robot/share/two_wheeled_robot/models/aws_robomaker_residential_FoldingDoor_02/materials\n'}
[0.470163] (two_wheeled_robot) StdoutLine: {'line': b'-- Up-to-date: /home/greyflon/lab_2025/install/two_wheeled_robot/share/two_wheeled_robot/models/aws_robomaker_residential_FoldingDoor_02/materials/textures\n'}
[0.470223] (two_wheeled_robot) StdoutLine: {'line': b'-- Up-to-date: /home/greyflon/lab_2025/install/two_wheeled_robot/share/two_wheeled_robot/models/aws_robomaker_residential_FoldingDoor_02/materials/textures/aws_FoldingDoor_02.png\n'}
[0.470302] (two_wheeled_robot) StdoutLine: {'line': b'-- Up-to-date: /home/greyflon/lab_2025/install/two_wheeled_robot/share/two_wheeled_robot/models/aws_robomaker_residential_FoldingDoor_02/model.sdf\n'}
[0.470394] (two_wheeled_robot) StdoutLine: {'line': b'-- Up-to-date: /home/greyflon/lab_2025/install/two_wheeled_robot/share/two_wheeled_robot/models/playground\n'}
[0.470460] (two_wheeled_robot) StdoutLine: {'line': b'-- Up-to-date: /home/greyflon/lab_2025/install/two_wheeled_robot/share/two_wheeled_robot/models/playground/model.config\n'}
[0.470518] (two_wheeled_robot) StdoutLine: {'line': b'-- Up-to-date: /home/greyflon/lab_2025/install/two_wheeled_robot/share/two_wheeled_robot/models/playground/meshes\n'}
[0.470605] (two_wheeled_robot) StdoutLine: {'line': b'-- Up-to-date: /home/greyflon/lab_2025/install/two_wheeled_robot/share/two_wheeled_robot/models/playground/meshes/playground.dae\n'}
[0.470706] (two_wheeled_robot) StdoutLine: {'line': b'-- Up-to-date: /home/greyflon/lab_2025/install/two_wheeled_robot/share/two_wheeled_robot/models/playground/materials\n'}
[0.470787] (two_wheeled_robot) StdoutLine: {'line': b'-- Up-to-date: /home/greyflon/lab_2025/install/two_wheeled_robot/share/two_wheeled_robot/models/playground/materials/textures\n'}
[0.470881] (two_wheeled_robot) StdoutLine: {'line': b'-- Up-to-date: /home/greyflon/lab_2025/install/two_wheeled_robot/share/two_wheeled_robot/models/playground/materials/textures/playground_spec.jpg\n'}
[0.470981] (two_wheeled_robot) StdoutLine: {'line': b'-- Up-to-date: /home/greyflon/lab_2025/install/two_wheeled_robot/share/two_wheeled_robot/models/playground/materials/textures/playground_diffuse.jpg\n'}
[0.471099] (two_wheeled_robot) StdoutLine: {'line': b'-- Up-to-date: /home/greyflon/lab_2025/install/two_wheeled_robot/share/two_wheeled_robot/models/playground/model.sdf\n'}
[0.471170] (two_wheeled_robot) StdoutLine: {'line': b'-- Up-to-date: /home/greyflon/lab_2025/install/two_wheeled_robot/share/two_wheeled_robot/models/aws_robomaker_warehouse_ClutteringD_01\n'}
[0.471251] (two_wheeled_robot) StdoutLine: {'line': b'-- Up-to-date: /home/greyflon/lab_2025/install/two_wheeled_robot/share/two_wheeled_robot/models/aws_robomaker_warehouse_ClutteringD_01/model.config\n'}
[0.471343] (two_wheeled_robot) StdoutLine: {'line': b'-- Up-to-date: /home/greyflon/lab_2025/install/two_wheeled_robot/share/two_wheeled_robot/models/aws_robomaker_warehouse_ClutteringD_01/meshes\n'}
[0.471404] (two_wheeled_robot) StdoutLine: {'line': b'-- Up-to-date: /home/greyflon/lab_2025/install/two_wheeled_robot/share/two_wheeled_robot/models/aws_robomaker_warehouse_ClutteringD_01/meshes/aws_robomaker_warehouse_ClutteringD_01_visual.DAE\n'}
[0.471492] (two_wheeled_robot) StdoutLine: {'line': b'-- Up-to-date: /home/greyflon/lab_2025/install/two_wheeled_robot/share/two_wheeled_robot/models/aws_robomaker_warehouse_ClutteringD_01/meshes/aws_robomaker_warehouse_ClutteringD_01_collision.DAE\n'}
[0.471607] (two_wheeled_robot) StdoutLine: {'line': b'-- Up-to-date: /home/greyflon/lab_2025/install/two_wheeled_robot/share/two_wheeled_robot/models/aws_robomaker_warehouse_ClutteringD_01/materials\n'}
[0.471688] (two_wheeled_robot) StdoutLine: {'line': b'-- Up-to-date: /home/greyflon/lab_2025/install/two_wheeled_robot/share/two_wheeled_robot/models/aws_robomaker_warehouse_ClutteringD_01/materials/textures\n'}
[0.471845] (two_wheeled_robot) StdoutLine: {'line': b'-- Up-to-date: /home/greyflon/lab_2025/install/two_wheeled_robot/share/two_wheeled_robot/models/aws_robomaker_warehouse_ClutteringD_01/materials/textures/aws_robomaker_warehouse_ClutteringD_02.png\n'}
[0.471945] (two_wheeled_robot) StdoutLine: {'line': b'-- Up-to-date: /home/greyflon/lab_2025/install/two_wheeled_robot/share/two_wheeled_robot/models/aws_robomaker_warehouse_ClutteringD_01/materials/textures/aws_robomaker_warehouse_ClutteringD_01.png\n'}
[0.472007] (two_wheeled_robot) StdoutLine: {'line': b'-- Up-to-date: /home/greyflon/lab_2025/install/two_wheeled_robot/share/two_wheeled_robot/models/aws_robomaker_warehouse_ClutteringD_01/model.sdf\n'}
[0.472088] (two_wheeled_robot) StdoutLine: {'line': b'-- Up-to-date: /home/greyflon/lab_2025/install/two_wheeled_robot/share/two_wheeled_robot/models/MetalCabinet\n'}
[0.472198] (two_wheeled_robot) StdoutLine: {'line': b'-- Up-to-date: /home/greyflon/lab_2025/install/two_wheeled_robot/share/two_wheeled_robot/models/MetalCabinet/model.config\n'}
[0.472297] (two_wheeled_robot) StdoutLine: {'line': b'-- Up-to-date: /home/greyflon/lab_2025/install/two_wheeled_robot/share/two_wheeled_robot/models/MetalCabinet/meshes\n'}
[0.472388] (two_wheeled_robot) StdoutLine: {'line': b'-- Up-to-date: /home/greyflon/lab_2025/install/two_wheeled_robot/share/two_wheeled_robot/models/MetalCabinet/meshes/MetalCabinet.png\n'}
[0.472474] (two_wheeled_robot) StdoutLine: {'line': b'-- Up-to-date: /home/greyflon/lab_2025/install/two_wheeled_robot/share/two_wheeled_robot/models/MetalCabinet/meshes/MetalCabinet.mtl\n'}
[0.472534] (two_wheeled_robot) StdoutLine: {'line': b'-- Up-to-date: /home/greyflon/lab_2025/install/two_wheeled_robot/share/two_wheeled_robot/models/MetalCabinet/meshes/MetalCabinet.obj\n'}
[0.472593] (two_wheeled_robot) StdoutLine: {'line': b'-- Up-to-date: /home/greyflon/lab_2025/install/two_wheeled_robot/share/two_wheeled_robot/models/MetalCabinet/thumbnails\n'}
[0.472686] (two_wheeled_robot) StdoutLine: {'line': b'-- Up-to-date: /home/greyflon/lab_2025/install/two_wheeled_robot/share/two_wheeled_robot/models/MetalCabinet/thumbnails/5.png\n'}
[0.472803] (two_wheeled_robot) StdoutLine: {'line': b'-- Up-to-date: /home/greyflon/lab_2025/install/two_wheeled_robot/share/two_wheeled_robot/models/MetalCabinet/thumbnails/1.png\n'}
[0.472899] (two_wheeled_robot) StdoutLine: {'line': b'-- Up-to-date: /home/greyflon/lab_2025/install/two_wheeled_robot/share/two_wheeled_robot/models/MetalCabinet/thumbnails/2.png\n'}
[0.472990] (two_wheeled_robot) StdoutLine: {'line': b'-- Up-to-date: /home/greyflon/lab_2025/install/two_wheeled_robot/share/two_wheeled_robot/models/MetalCabinet/thumbnails/4.png\n'}
[0.473050] (two_wheeled_robot) StdoutLine: {'line': b'-- Up-to-date: /home/greyflon/lab_2025/install/two_wheeled_robot/share/two_wheeled_robot/models/MetalCabinet/thumbnails/3.png\n'}
[0.473140] (two_wheeled_robot) StdoutLine: {'line': b'-- Up-to-date: /home/greyflon/lab_2025/install/two_wheeled_robot/share/two_wheeled_robot/models/MetalCabinet/model.sdf\n'}
[0.473234] (two_wheeled_robot) StdoutLine: {'line': b'-- Up-to-date: /home/greyflon/lab_2025/install/two_wheeled_robot/share/two_wheeled_robot/models/CGMClassic\n'}
[0.473325] (two_wheeled_robot) StdoutLine: {'line': b'-- Up-to-date: /home/greyflon/lab_2025/install/two_wheeled_robot/share/two_wheeled_robot/models/CGMClassic/model.config\n'}
[0.473415] (two_wheeled_robot) StdoutLine: {'line': b'-- Up-to-date: /home/greyflon/lab_2025/install/two_wheeled_robot/share/two_wheeled_robot/models/CGMClassic/meshes\n'}
[0.473476] (two_wheeled_robot) StdoutLine: {'line': b'-- Up-to-date: /home/greyflon/lab_2025/install/two_wheeled_robot/share/two_wheeled_robot/models/CGMClassic/meshes/Carts_Wheels_Diffuse.png\n'}
[0.473535] (two_wheeled_robot) StdoutLine: {'line': b'-- Up-to-date: /home/greyflon/lab_2025/install/two_wheeled_robot/share/two_wheeled_robot/models/CGMClassic/meshes/CGMClassic.mtl\n'}
[0.473620] (two_wheeled_robot) StdoutLine: {'line': b'-- Up-to-date: /home/greyflon/lab_2025/install/two_wheeled_robot/share/two_wheeled_robot/models/CGMClassic/meshes/CGMClassic_Diffuse.png\n'}
[0.473732] (two_wheeled_robot) StdoutLine: {'line': b'-- Up-to-date: /home/greyflon/lab_2025/install/two_wheeled_robot/share/two_wheeled_robot/models/CGMClassic/meshes/Wheels_Normal_Normal_Bump.tga\n'}
[0.473818] (two_wheeled_robot) StdoutLine: {'line': b'-- Up-to-date: /home/greyflon/lab_2025/install/two_wheeled_robot/share/two_wheeled_robot/models/CGMClassic/meshes/CGMClassic.obj\n'}
[0.473879] (two_wheeled_robot) StdoutLine: {'line': b'-- Up-to-date: /home/greyflon/lab_2025/install/two_wheeled_robot/share/two_wheeled_robot/models/CGMClassic/thumbnails\n'}
[0.473937] (two_wheeled_robot) StdoutLine: {'line': b'-- Up-to-date: /home/greyflon/lab_2025/install/two_wheeled_robot/share/two_wheeled_robot/models/CGMClassic/thumbnails/5.png\n'}
[0.473995] (two_wheeled_robot) StdoutLine: {'line': b'-- Up-to-date: /home/greyflon/lab_2025/install/two_wheeled_robot/share/two_wheeled_robot/models/CGMClassic/thumbnails/1.png\n'}
[0.474052] (two_wheeled_robot) StdoutLine: {'line': b'-- Up-to-date: /home/greyflon/lab_2025/install/two_wheeled_robot/share/two_wheeled_robot/models/CGMClassic/thumbnails/2.png\n'}
[0.474117] (two_wheeled_robot) StdoutLine: {'line': b'-- Up-to-date: /home/greyflon/lab_2025/install/two_wheeled_robot/share/two_wheeled_robot/models/CGMClassic/thumbnails/4.png\n'}
[0.474181] (two_wheeled_robot) StdoutLine: {'line': b'-- Up-to-date: /home/greyflon/lab_2025/install/two_wheeled_robot/share/two_wheeled_robot/models/CGMClassic/thumbnails/3.png\n'}
[0.474241] (two_wheeled_robot) StdoutLine: {'line': b'-- Up-to-date: /home/greyflon/lab_2025/install/two_wheeled_robot/share/two_wheeled_robot/models/CGMClassic/model.sdf\n'}
[0.474328] (two_wheeled_robot) StdoutLine: {'line': b'-- Up-to-date: /home/greyflon/lab_2025/install/two_wheeled_robot/share/two_wheeled_robot/models/aws_robomaker_hospital_curtain_half_open_01\n'}
[0.474388] (two_wheeled_robot) StdoutLine: {'line': b'-- Up-to-date: /home/greyflon/lab_2025/install/two_wheeled_robot/share/two_wheeled_robot/models/aws_robomaker_hospital_curtain_half_open_01/model.config\n'}
[0.474447] (two_wheeled_robot) StdoutLine: {'line': b'-- Up-to-date: /home/greyflon/lab_2025/install/two_wheeled_robot/share/two_wheeled_robot/models/aws_robomaker_hospital_curtain_half_open_01/meshes\n'}
[0.474603] (two_wheeled_robot) StdoutLine: {'line': b'-- Up-to-date: /home/greyflon/lab_2025/install/two_wheeled_robot/share/two_wheeled_robot/models/aws_robomaker_hospital_curtain_half_open_01/meshes/aws_robomaker_hospital_curtainrail_01_visual.png\n'}
[0.474665] (two_wheeled_robot) StdoutLine: {'line': b'-- Up-to-date: /home/greyflon/lab_2025/install/two_wheeled_robot/share/two_wheeled_robot/models/aws_robomaker_hospital_curtain_half_open_01/meshes/aws_robomaker_hospital_curtain_half_open_01_visual.png\n'}
[0.474724] (two_wheeled_robot) StdoutLine: {'line': b'-- Up-to-date: /home/greyflon/lab_2025/install/two_wheeled_robot/share/two_wheeled_robot/models/aws_robomaker_hospital_curtain_half_open_01/meshes/aws_robomaker_hospital_curtain_half_open_01_low.png\n'}
[0.474875] (two_wheeled_robot) StdoutLine: {'line': b'-- Up-to-date: /home/greyflon/lab_2025/install/two_wheeled_robot/share/two_wheeled_robot/models/aws_robomaker_hospital_curtain_half_open_01/meshes/aws_robomaker_hospital_curtainrail_01_visual_normal.png\n'}
[0.474937] (two_wheeled_robot) StdoutLine: {'line': b'-- Up-to-date: /home/greyflon/lab_2025/install/two_wheeled_robot/share/two_wheeled_robot/models/aws_robomaker_hospital_curtain_half_open_01/meshes/aws_robomaker_hospital_curtain_half_open_01_low_normal.png\n'}
[0.475052] (two_wheeled_robot) StdoutLine: {'line': b'-- Up-to-date: /home/greyflon/lab_2025/install/two_wheeled_robot/share/two_wheeled_robot/models/aws_robomaker_hospital_curtain_half_open_01/meshes/aws_robomaker_hospital_curtain_half_open_01_collision.dae\n'}
[0.475113] (two_wheeled_robot) StdoutLine: {'line': b'-- Up-to-date: /home/greyflon/lab_2025/install/two_wheeled_robot/share/two_wheeled_robot/models/aws_robomaker_hospital_curtain_half_open_01/meshes/aws_robomaker_hospital_curtain_half_open_01_visual_normal.png\n'}
[0.475216] (two_wheeled_robot) StdoutLine: {'line': b'-- Up-to-date: /home/greyflon/lab_2025/install/two_wheeled_robot/share/two_wheeled_robot/models/aws_robomaker_hospital_curtain_half_open_01/meshes/aws_robomaker_hospital_curtainrail_01_low.png\n'}
[0.475316] (two_wheeled_robot) StdoutLine: {'line': b'-- Up-to-date: /home/greyflon/lab_2025/install/two_wheeled_robot/share/two_wheeled_robot/models/aws_robomaker_hospital_curtain_half_open_01/meshes/aws_robomaker_hospital_curtainrail_01_low_normal.png\n'}
[0.475407] (two_wheeled_robot) StdoutLine: {'line': b'-- Up-to-date: /home/greyflon/lab_2025/install/two_wheeled_robot/share/two_wheeled_robot/models/aws_robomaker_hospital_curtain_half_open_01/meshes/aws_robomaker_hospital_curtain_half_open_01_visual.dae\n'}
[0.475493] (two_wheeled_robot) StdoutLine: {'line': b'-- Up-to-date: /home/greyflon/lab_2025/install/two_wheeled_robot/share/two_wheeled_robot/models/aws_robomaker_hospital_curtain_half_open_01/model.sdf\n'}
[0.475590] (two_wheeled_robot) StdoutLine: {'line': b'-- Up-to-date: /home/greyflon/lab_2025/install/two_wheeled_robot/share/two_wheeled_robot/models/aws_robomaker_warehouse_Bucket_01\n'}
[0.475685] (two_wheeled_robot) StdoutLine: {'line': b'-- Up-to-date: /home/greyflon/lab_2025/install/two_wheeled_robot/share/two_wheeled_robot/models/aws_robomaker_warehouse_Bucket_01/model.config\n'}
[0.475785] (two_wheeled_robot) StdoutLine: {'line': b'-- Up-to-date: /home/greyflon/lab_2025/install/two_wheeled_robot/share/two_wheeled_robot/models/aws_robomaker_warehouse_Bucket_01/meshes\n'}
[0.475879] (two_wheeled_robot) StdoutLine: {'line': b'-- Up-to-date: /home/greyflon/lab_2025/install/two_wheeled_robot/share/two_wheeled_robot/models/aws_robomaker_warehouse_Bucket_01/meshes/aws_robomaker_warehouse_Bucket_01_collision.DAE\n'}
[0.475984] (two_wheeled_robot) StdoutLine: {'line': b'-- Up-to-date: /home/greyflon/lab_2025/install/two_wheeled_robot/share/two_wheeled_robot/models/aws_robomaker_warehouse_Bucket_01/meshes/aws_robomaker_warehouse_Bucket_01_visual.DAE\n'}
[0.476045] (two_wheeled_robot) StdoutLine: {'line': b'-- Up-to-date: /home/greyflon/lab_2025/install/two_wheeled_robot/share/two_wheeled_robot/models/aws_robomaker_warehouse_Bucket_01/materials\n'}
[0.476135] (two_wheeled_robot) StdoutLine: {'line': b'-- Up-to-date: /home/greyflon/lab_2025/install/two_wheeled_robot/share/two_wheeled_robot/models/aws_robomaker_warehouse_Bucket_01/materials/textures\n'}
[0.476234] (two_wheeled_robot) StdoutLine: {'line': b'-- Up-to-date: /home/greyflon/lab_2025/install/two_wheeled_robot/share/two_wheeled_robot/models/aws_robomaker_warehouse_Bucket_01/materials/textures/aws_robomaker_warehouse_Bucket_01.png\n'}
[0.476325] (two_wheeled_robot) StdoutLine: {'line': b'-- Up-to-date: /home/greyflon/lab_2025/install/two_wheeled_robot/share/two_wheeled_robot/models/aws_robomaker_warehouse_Bucket_01/model.sdf\n'}
[0.476415] (two_wheeled_robot) StdoutLine: {'line': b'-- Up-to-date: /home/greyflon/lab_2025/install/two_wheeled_robot/share/two_wheeled_robot/models/aws_robomaker_warehouse_ShelfF_01\n'}
[0.476504] (two_wheeled_robot) StdoutLine: {'line': b'-- Up-to-date: /home/greyflon/lab_2025/install/two_wheeled_robot/share/two_wheeled_robot/models/aws_robomaker_warehouse_ShelfF_01/model.config\n'}
[0.476594] (two_wheeled_robot) StdoutLine: {'line': b'-- Up-to-date: /home/greyflon/lab_2025/install/two_wheeled_robot/share/two_wheeled_robot/models/aws_robomaker_warehouse_ShelfF_01/meshes\n'}
[0.476654] (two_wheeled_robot) StdoutLine: {'line': b'-- Up-to-date: /home/greyflon/lab_2025/install/two_wheeled_robot/share/two_wheeled_robot/models/aws_robomaker_warehouse_ShelfF_01/meshes/aws_robomaker_warehouse_ShelfF_01_collision.DAE\n'}
[0.476748] (two_wheeled_robot) StdoutLine: {'line': b'-- Up-to-date: /home/greyflon/lab_2025/install/two_wheeled_robot/share/two_wheeled_robot/models/aws_robomaker_warehouse_ShelfF_01/meshes/aws_robomaker_warehouse_ShelfF_01_visual.DAE\n'}
[0.476852] (two_wheeled_robot) StdoutLine: {'line': b'-- Up-to-date: /home/greyflon/lab_2025/install/two_wheeled_robot/share/two_wheeled_robot/models/aws_robomaker_warehouse_ShelfF_01/materials\n'}
[0.476943] (two_wheeled_robot) StdoutLine: {'line': b'-- Up-to-date: /home/greyflon/lab_2025/install/two_wheeled_robot/share/two_wheeled_robot/models/aws_robomaker_warehouse_ShelfF_01/materials/textures\n'}
[0.477033] (two_wheeled_robot) StdoutLine: {'line': b'-- Up-to-date: /home/greyflon/lab_2025/install/two_wheeled_robot/share/two_wheeled_robot/models/aws_robomaker_warehouse_ShelfF_01/materials/textures/aws_robomaker_warehouse_ShelfF_01.png\n'}
[0.477130] (two_wheeled_robot) StdoutLine: {'line': b'-- Up-to-date: /home/greyflon/lab_2025/install/two_wheeled_robot/share/two_wheeled_robot/models/aws_robomaker_warehouse_ShelfF_01/materials/textures/aws_robomaker_warehouse_ShelfF_03.png\n'}
[0.477233] (two_wheeled_robot) StdoutLine: {'line': b'-- Up-to-date: /home/greyflon/lab_2025/install/two_wheeled_robot/share/two_wheeled_robot/models/aws_robomaker_warehouse_ShelfF_01/materials/textures/aws_robomaker_warehouse_ShelfF_02.png\n'}
[0.477331] (two_wheeled_robot) StdoutLine: {'line': b'-- Up-to-date: /home/greyflon/lab_2025/install/two_wheeled_robot/share/two_wheeled_robot/models/aws_robomaker_warehouse_ShelfF_01/model.sdf\n'}
[0.477421] (two_wheeled_robot) StdoutLine: {'line': b'-- Up-to-date: /home/greyflon/lab_2025/install/two_wheeled_robot/share/two_wheeled_robot/models/aws_robomaker_residential_NightStand_01\n'}
[0.477481] (two_wheeled_robot) StdoutLine: {'line': b'-- Up-to-date: /home/greyflon/lab_2025/install/two_wheeled_robot/share/two_wheeled_robot/models/aws_robomaker_residential_NightStand_01/model.config\n'}
[0.477575] (two_wheeled_robot) StdoutLine: {'line': b'-- Up-to-date: /home/greyflon/lab_2025/install/two_wheeled_robot/share/two_wheeled_robot/models/aws_robomaker_residential_NightStand_01/meshes\n'}
[0.477675] (two_wheeled_robot) StdoutLine: {'line': b'-- Up-to-date: /home/greyflon/lab_2025/install/two_wheeled_robot/share/two_wheeled_robot/models/aws_robomaker_residential_NightStand_01/meshes/aws_NightStand_01_collision.DAE\n'}
[0.477780] (two_wheeled_robot) StdoutLine: {'line': b'-- Up-to-date: /home/greyflon/lab_2025/install/two_wheeled_robot/share/two_wheeled_robot/models/aws_robomaker_residential_NightStand_01/meshes/aws_NightStand_01_visual.DAE\n'}
[0.477875] (two_wheeled_robot) StdoutLine: {'line': b'-- Up-to-date: /home/greyflon/lab_2025/install/two_wheeled_robot/share/two_wheeled_robot/models/aws_robomaker_residential_NightStand_01/materials\n'}
[0.477961] (two_wheeled_robot) StdoutLine: {'line': b'-- Up-to-date: /home/greyflon/lab_2025/install/two_wheeled_robot/share/two_wheeled_robot/models/aws_robomaker_residential_NightStand_01/materials/textures\n'}
[0.478022] (two_wheeled_robot) StdoutLine: {'line': b'-- Up-to-date: /home/greyflon/lab_2025/install/two_wheeled_robot/share/two_wheeled_robot/models/aws_robomaker_residential_NightStand_01/materials/textures/aws_NightStand_01.png\n'}
[0.478081] (two_wheeled_robot) StdoutLine: {'line': b'-- Up-to-date: /home/greyflon/lab_2025/install/two_wheeled_robot/share/two_wheeled_robot/models/aws_robomaker_residential_NightStand_01/model.sdf\n'}
[0.478153] (two_wheeled_robot) StdoutLine: {'line': b'-- Up-to-date: /home/greyflon/lab_2025/install/two_wheeled_robot/share/two_wheeled_robot/models/aws_robomaker_residential_DeskPortraitB_01\n'}
[0.478245] (two_wheeled_robot) StdoutLine: {'line': b'-- Up-to-date: /home/greyflon/lab_2025/install/two_wheeled_robot/share/two_wheeled_robot/models/aws_robomaker_residential_DeskPortraitB_01/model.config\n'}
[0.478311] (two_wheeled_robot) StdoutLine: {'line': b'-- Up-to-date: /home/greyflon/lab_2025/install/two_wheeled_robot/share/two_wheeled_robot/models/aws_robomaker_residential_DeskPortraitB_01/meshes\n'}
[0.478427] (two_wheeled_robot) StdoutLine: {'line': b'-- Up-to-date: /home/greyflon/lab_2025/install/two_wheeled_robot/share/two_wheeled_robot/models/aws_robomaker_residential_DeskPortraitB_01/meshes/aws_DeskPortraitB_01_visual.DAE\n'}
[0.478526] (two_wheeled_robot) StdoutLine: {'line': b'-- Up-to-date: /home/greyflon/lab_2025/install/two_wheeled_robot/share/two_wheeled_robot/models/aws_robomaker_residential_DeskPortraitB_01/meshes/aws_DeskPortraitB_01_collision.DAE\n'}
[0.478688] (two_wheeled_robot) StdoutLine: {'line': b'-- Up-to-date: /home/greyflon/lab_2025/install/two_wheeled_robot/share/two_wheeled_robot/models/aws_robomaker_residential_DeskPortraitB_01/materials\n'}
[0.478807] (two_wheeled_robot) StdoutLine: {'line': b'-- Up-to-date: /home/greyflon/lab_2025/install/two_wheeled_robot/share/two_wheeled_robot/models/aws_robomaker_residential_DeskPortraitB_01/materials/textures\n'}
[0.478905] (two_wheeled_robot) StdoutLine: {'line': b'-- Up-to-date: /home/greyflon/lab_2025/install/two_wheeled_robot/share/two_wheeled_robot/models/aws_robomaker_residential_DeskPortraitB_01/materials/textures/aws_DeskPortraitB_02.png\n'}
[0.478970] (two_wheeled_robot) StdoutLine: {'line': b'-- Up-to-date: /home/greyflon/lab_2025/install/two_wheeled_robot/share/two_wheeled_robot/models/aws_robomaker_residential_DeskPortraitB_01/materials/textures/DeskPortraitB_01.jpg\n'}
[0.479068] (two_wheeled_robot) StdoutLine: {'line': b'-- Up-to-date: /home/greyflon/lab_2025/install/two_wheeled_robot/share/two_wheeled_robot/models/aws_robomaker_residential_DeskPortraitB_01/materials/textures/aws_DeskPortraitB_01.png\n'}
[0.479128] (two_wheeled_robot) StdoutLine: {'line': b'-- Up-to-date: /home/greyflon/lab_2025/install/two_wheeled_robot/share/two_wheeled_robot/models/aws_robomaker_residential_DeskPortraitB_01/model.sdf\n'}
[0.479225] (two_wheeled_robot) StdoutLine: {'line': b'-- Up-to-date: /home/greyflon/lab_2025/install/two_wheeled_robot/share/two_wheeled_robot/models/aws_robomaker_hospital_curtain_open_01\n'}
[0.479281] (two_wheeled_robot) StdoutLine: {'line': b'-- Up-to-date: /home/greyflon/lab_2025/install/two_wheeled_robot/share/two_wheeled_robot/models/aws_robomaker_hospital_curtain_open_01/model.config\n'}
[0.479336] (two_wheeled_robot) StdoutLine: {'line': b'-- Up-to-date: /home/greyflon/lab_2025/install/two_wheeled_robot/share/two_wheeled_robot/models/aws_robomaker_hospital_curtain_open_01/meshes\n'}
[0.479390] (two_wheeled_robot) StdoutLine: {'line': b'-- Up-to-date: /home/greyflon/lab_2025/install/two_wheeled_robot/share/two_wheeled_robot/models/aws_robomaker_hospital_curtain_open_01/meshes/aws_robomaker_hospital_curtainrail_01_visual.png\n'}
[0.479445] (two_wheeled_robot) StdoutLine: {'line': b'-- Up-to-date: /home/greyflon/lab_2025/install/two_wheeled_robot/share/two_wheeled_robot/models/aws_robomaker_hospital_curtain_open_01/meshes/aws_robomaker_hospital_curtain_open_01_low_normal.png\n'}
[0.479500] (two_wheeled_robot) StdoutLine: {'line': b'-- Up-to-date: /home/greyflon/lab_2025/install/two_wheeled_robot/share/two_wheeled_robot/models/aws_robomaker_hospital_curtain_open_01/meshes/aws_robomaker_hospital_curtainrail_01_visual_normal.png\n'}
[0.479555] (two_wheeled_robot) StdoutLine: {'line': b'-- Up-to-date: /home/greyflon/lab_2025/install/two_wheeled_robot/share/two_wheeled_robot/models/aws_robomaker_hospital_curtain_open_01/meshes/aws_robomaker_hospital_curtain_open_01_collision.dae\n'}
[0.479610] (two_wheeled_robot) StdoutLine: {'line': b'-- Up-to-date: /home/greyflon/lab_2025/install/two_wheeled_robot/share/two_wheeled_robot/models/aws_robomaker_hospital_curtain_open_01/meshes/aws_robomaker_hospital_curtain_open_01_low.png\n'}
[0.479665] (two_wheeled_robot) StdoutLine: {'line': b'-- Up-to-date: /home/greyflon/lab_2025/install/two_wheeled_robot/share/two_wheeled_robot/models/aws_robomaker_hospital_curtain_open_01/meshes/aws_robomaker_hospital_curtain_open_01_visual.png\n'}
[0.479720] (two_wheeled_robot) StdoutLine: {'line': b'-- Up-to-date: /home/greyflon/lab_2025/install/two_wheeled_robot/share/two_wheeled_robot/models/aws_robomaker_hospital_curtain_open_01/meshes/aws_robomaker_hospital_curtain_open_01_visual_normal.png\n'}
[0.479794] (two_wheeled_robot) StdoutLine: {'line': b'-- Up-to-date: /home/greyflon/lab_2025/install/two_wheeled_robot/share/two_wheeled_robot/models/aws_robomaker_hospital_curtain_open_01/meshes/aws_robomaker_hospital_curtainrail_01_low.png\n'}
[0.479853] (two_wheeled_robot) StdoutLine: {'line': b'-- Up-to-date: /home/greyflon/lab_2025/install/two_wheeled_robot/share/two_wheeled_robot/models/aws_robomaker_hospital_curtain_open_01/meshes/aws_robomaker_hospital_curtainrail_01_low_normal.png\n'}
[0.479927] (two_wheeled_robot) StdoutLine: {'line': b'-- Up-to-date: /home/greyflon/lab_2025/install/two_wheeled_robot/share/two_wheeled_robot/models/aws_robomaker_hospital_curtain_open_01/meshes/aws_robomaker_hospital_curtain_open_01_visual.dae\n'}
[0.479995] (two_wheeled_robot) StdoutLine: {'line': b'-- Up-to-date: /home/greyflon/lab_2025/install/two_wheeled_robot/share/two_wheeled_robot/models/aws_robomaker_hospital_curtain_open_01/model.sdf\n'}
[0.480055] (two_wheeled_robot) StdoutLine: {'line': b'-- Up-to-date: /home/greyflon/lab_2025/install/two_wheeled_robot/share/two_wheeled_robot/models/apartment\n'}
[0.480111] (two_wheeled_robot) StdoutLine: {'line': b'-- Up-to-date: /home/greyflon/lab_2025/install/two_wheeled_robot/share/two_wheeled_robot/models/apartment/model.config\n'}
[0.480171] (two_wheeled_robot) StdoutLine: {'line': b'-- Up-to-date: /home/greyflon/lab_2025/install/two_wheeled_robot/share/two_wheeled_robot/models/apartment/meshes\n'}
[0.480225] (two_wheeled_robot) StdoutLine: {'line': b'-- Up-to-date: /home/greyflon/lab_2025/install/two_wheeled_robot/share/two_wheeled_robot/models/apartment/meshes/apartment.dae\n'}
[0.480279] (two_wheeled_robot) StdoutLine: {'line': b'-- Up-to-date: /home/greyflon/lab_2025/install/two_wheeled_robot/share/two_wheeled_robot/models/apartment/materials\n'}
[0.480332] (two_wheeled_robot) StdoutLine: {'line': b'-- Up-to-date: /home/greyflon/lab_2025/install/two_wheeled_robot/share/two_wheeled_robot/models/apartment/materials/textures\n'}
[0.480392] (two_wheeled_robot) StdoutLine: {'line': b'-- Up-to-date: /home/greyflon/lab_2025/install/two_wheeled_robot/share/two_wheeled_robot/models/apartment/materials/textures/apartment_diffuse.jpg\n'}
[0.480473] (two_wheeled_robot) StdoutLine: {'line': b'-- Up-to-date: /home/greyflon/lab_2025/install/two_wheeled_robot/share/two_wheeled_robot/models/apartment/materials/textures/apartment_spec.jpg\n'}
[0.480529] (two_wheeled_robot) StdoutLine: {'line': b'-- Up-to-date: /home/greyflon/lab_2025/install/two_wheeled_robot/share/two_wheeled_robot/models/apartment/model.sdf\n'}
[0.480584] (two_wheeled_robot) StdoutLine: {'line': b'-- Up-to-date: /home/greyflon/lab_2025/install/two_wheeled_robot/share/two_wheeled_robot/models/table_marble\n'}
[0.480639] (two_wheeled_robot) StdoutLine: {'line': b'-- Up-to-date: /home/greyflon/lab_2025/install/two_wheeled_robot/share/two_wheeled_robot/models/table_marble/model-1_4.sdf\n'}
[0.480694] (two_wheeled_robot) StdoutLine: {'line': b'-- Up-to-date: /home/greyflon/lab_2025/install/two_wheeled_robot/share/two_wheeled_robot/models/table_marble/model.config\n'}
[0.480788] (two_wheeled_robot) StdoutLine: {'line': b'-- Up-to-date: /home/greyflon/lab_2025/install/two_wheeled_robot/share/two_wheeled_robot/models/table_marble/meshes\n'}
[0.480848] (two_wheeled_robot) StdoutLine: {'line': b'-- Up-to-date: /home/greyflon/lab_2025/install/two_wheeled_robot/share/two_wheeled_robot/models/table_marble/meshes/table_lightmap.dae\n'}
[0.480904] (two_wheeled_robot) StdoutLine: {'line': b'-- Up-to-date: /home/greyflon/lab_2025/install/two_wheeled_robot/share/two_wheeled_robot/models/table_marble/materials\n'}
[0.480961] (two_wheeled_robot) StdoutLine: {'line': b'-- Up-to-date: /home/greyflon/lab_2025/install/two_wheeled_robot/share/two_wheeled_robot/models/table_marble/materials/scripts\n'}
[0.481041] (two_wheeled_robot) StdoutLine: {'line': b'-- Up-to-date: /home/greyflon/lab_2025/install/two_wheeled_robot/share/two_wheeled_robot/models/table_marble/materials/scripts/table_lightmap.material\n'}
[0.481097] (two_wheeled_robot) StdoutLine: {'line': b'-- Up-to-date: /home/greyflon/lab_2025/install/two_wheeled_robot/share/two_wheeled_robot/models/table_marble/materials/textures\n'}
[0.481154] (two_wheeled_robot) StdoutLine: {'line': b'-- Up-to-date: /home/greyflon/lab_2025/install/two_wheeled_robot/share/two_wheeled_robot/models/table_marble/materials/textures/table_lightmap.png\n'}
[0.481212] (two_wheeled_robot) StdoutLine: {'line': b'-- Up-to-date: /home/greyflon/lab_2025/install/two_wheeled_robot/share/two_wheeled_robot/models/table_marble/materials/textures/marble.png\n'}
[0.481292] (two_wheeled_robot) StdoutLine: {'line': b'-- Up-to-date: /home/greyflon/lab_2025/install/two_wheeled_robot/share/two_wheeled_robot/models/table_marble/model.sdf\n'}
[0.481349] (two_wheeled_robot) StdoutLine: {'line': b'-- Up-to-date: /home/greyflon/lab_2025/install/two_wheeled_robot/share/two_wheeled_robot/models/cafe\n'}
[0.481404] (two_wheeled_robot) StdoutLine: {'line': b'-- Up-to-date: /home/greyflon/lab_2025/install/two_wheeled_robot/share/two_wheeled_robot/models/cafe/model.config\n'}
[0.481462] (two_wheeled_robot) StdoutLine: {'line': b'-- Up-to-date: /home/greyflon/lab_2025/install/two_wheeled_robot/share/two_wheeled_robot/models/cafe/meshes\n'}
[0.481542] (two_wheeled_robot) StdoutLine: {'line': b'-- Up-to-date: /home/greyflon/lab_2025/install/two_wheeled_robot/share/two_wheeled_robot/models/cafe/meshes/cafe.dae\n'}
[0.481606] (two_wheeled_robot) StdoutLine: {'line': b'-- Up-to-date: /home/greyflon/lab_2025/install/two_wheeled_robot/share/two_wheeled_robot/models/cafe/materials\n'}
[0.481662] (two_wheeled_robot) StdoutLine: {'line': b'-- Up-to-date: /home/greyflon/lab_2025/install/two_wheeled_robot/share/two_wheeled_robot/models/cafe/materials/textures\n'}
[0.481717] (two_wheeled_robot) StdoutLine: {'line': b'-- Up-to-date: /home/greyflon/lab_2025/install/two_wheeled_robot/share/two_wheeled_robot/models/cafe/materials/textures/__auto_28.jpg\n'}
[0.481805] (two_wheeled_robot) StdoutLine: {'line': b'-- Up-to-date: /home/greyflon/lab_2025/install/two_wheeled_robot/share/two_wheeled_robot/models/cafe/materials/textures/__auto_29.jpg\n'}
[0.481891] (two_wheeled_robot) StdoutLine: {'line': b'-- Up-to-date: /home/greyflon/lab_2025/install/two_wheeled_robot/share/two_wheeled_robot/models/cafe/materials/textures/__auto_21.jpg\n'}
[0.481955] (two_wheeled_robot) StdoutLine: {'line': b'-- Up-to-date: /home/greyflon/lab_2025/install/two_wheeled_robot/share/two_wheeled_robot/models/cafe/materials/textures/__auto_2.jpg\n'}
[0.482046] (two_wheeled_robot) StdoutLine: {'line': b'-- Up-to-date: /home/greyflon/lab_2025/install/two_wheeled_robot/share/two_wheeled_robot/models/cafe/materials/textures/__auto_24.jpg\n'}
[0.482103] (two_wheeled_robot) StdoutLine: {'line': b'-- Up-to-date: /home/greyflon/lab_2025/install/two_wheeled_robot/share/two_wheeled_robot/models/cafe/materials/textures/__auto_23.jpg\n'}
[0.482159] (two_wheeled_robot) StdoutLine: {'line': b'-- Up-to-date: /home/greyflon/lab_2025/install/two_wheeled_robot/share/two_wheeled_robot/models/cafe/materials/textures/__auto_30.jpg\n'}
[0.482237] (two_wheeled_robot) StdoutLine: {'line': b'-- Up-to-date: /home/greyflon/lab_2025/install/two_wheeled_robot/share/two_wheeled_robot/models/cafe/materials/textures/__auto_10.jpg\n'}
[0.482295] (two_wheeled_robot) StdoutLine: {'line': b'-- Up-to-date: /home/greyflon/lab_2025/install/two_wheeled_robot/share/two_wheeled_robot/models/cafe/materials/textures/__auto_26.jpg\n'}
[0.482351] (two_wheeled_robot) StdoutLine: {'line': b'-- Up-to-date: /home/greyflon/lab_2025/install/two_wheeled_robot/share/two_wheeled_robot/models/cafe/materials/textures/__auto_35.jpg\n'}
[0.482406] (two_wheeled_robot) StdoutLine: {'line': b'-- Up-to-date: /home/greyflon/lab_2025/install/two_wheeled_robot/share/two_wheeled_robot/models/cafe/materials/textures/__auto_31.jpg\n'}
[0.482482] (two_wheeled_robot) StdoutLine: {'line': b'-- Up-to-date: /home/greyflon/lab_2025/install/two_wheeled_robot/share/two_wheeled_robot/models/cafe/materials/textures/__auto_34.jpg\n'}
[0.482540] (two_wheeled_robot) StdoutLine: {'line': b'-- Up-to-date: /home/greyflon/lab_2025/install/two_wheeled_robot/share/two_wheeled_robot/models/cafe/materials/textures/__auto_25.jpg\n'}
[0.482595] (two_wheeled_robot) StdoutLine: {'line': b'-- Up-to-date: /home/greyflon/lab_2025/install/two_wheeled_robot/share/two_wheeled_robot/models/cafe/materials/textures/__auto_37.jpg\n'}
[0.482651] (two_wheeled_robot) StdoutLine: {'line': b'-- Up-to-date: /home/greyflon/lab_2025/install/two_wheeled_robot/share/two_wheeled_robot/models/cafe/materials/textures/__auto_22.jpg\n'}
[0.482706] (two_wheeled_robot) StdoutLine: {'line': b'-- Up-to-date: /home/greyflon/lab_2025/install/two_wheeled_robot/share/two_wheeled_robot/models/cafe/model.sdf\n'}
[0.482782] (two_wheeled_robot) StdoutLine: {'line': b'-- Up-to-date: /home/greyflon/lab_2025/install/two_wheeled_robot/share/two_wheeled_robot/models/Scrubs\n'}
[0.482865] (two_wheeled_robot) StdoutLine: {'line': b'-- Up-to-date: /home/greyflon/lab_2025/install/two_wheeled_robot/share/two_wheeled_robot/models/Scrubs/model.config\n'}
[0.482922] (two_wheeled_robot) StdoutLine: {'line': b'-- Up-to-date: /home/greyflon/lab_2025/install/two_wheeled_robot/share/two_wheeled_robot/models/Scrubs/meshes\n'}
[0.482977] (two_wheeled_robot) StdoutLine: {'line': b'-- Up-to-date: /home/greyflon/lab_2025/install/two_wheeled_robot/share/two_wheeled_robot/models/Scrubs/meshes/Scrubs_Col.mtl\n'}
[0.483040] (two_wheeled_robot) StdoutLine: {'line': b'-- Up-to-date: /home/greyflon/lab_2025/install/two_wheeled_robot/share/two_wheeled_robot/models/Scrubs/meshes/ScrubsFemaleDiffuse.png\n'}
[0.483097] (two_wheeled_robot) StdoutLine: {'line': b'-- Up-to-date: /home/greyflon/lab_2025/install/two_wheeled_robot/share/two_wheeled_robot/models/Scrubs/meshes/scrubs.mtl\n'}
[0.483152] (two_wheeled_robot) StdoutLine: {'line': b'-- Up-to-date: /home/greyflon/lab_2025/install/two_wheeled_robot/share/two_wheeled_robot/models/Scrubs/meshes/scrubs.obj\n'}
[0.483208] (two_wheeled_robot) StdoutLine: {'line': b'-- Up-to-date: /home/greyflon/lab_2025/install/two_wheeled_robot/share/two_wheeled_robot/models/Scrubs/meshes/Scrubs_Col.obj\n'}
[0.483289] (two_wheeled_robot) StdoutLine: {'line': b'-- Up-to-date: /home/greyflon/lab_2025/install/two_wheeled_robot/share/two_wheeled_robot/models/Scrubs/thumbnails\n'}
[0.483346] (two_wheeled_robot) StdoutLine: {'line': b'-- Up-to-date: /home/greyflon/lab_2025/install/two_wheeled_robot/share/two_wheeled_robot/models/Scrubs/thumbnails/5.png\n'}
[0.483402] (two_wheeled_robot) StdoutLine: {'line': b'-- Up-to-date: /home/greyflon/lab_2025/install/two_wheeled_robot/share/two_wheeled_robot/models/Scrubs/thumbnails/1.png\n'}
[0.483496] (two_wheeled_robot) StdoutLine: {'line': b'-- Up-to-date: /home/greyflon/lab_2025/install/two_wheeled_robot/share/two_wheeled_robot/models/Scrubs/thumbnails/2.png\n'}
[0.483553] (two_wheeled_robot) StdoutLine: {'line': b'-- Up-to-date: /home/greyflon/lab_2025/install/two_wheeled_robot/share/two_wheeled_robot/models/Scrubs/thumbnails/4.png\n'}
[0.483609] (two_wheeled_robot) StdoutLine: {'line': b'-- Up-to-date: /home/greyflon/lab_2025/install/two_wheeled_robot/share/two_wheeled_robot/models/Scrubs/thumbnails/3.png\n'}
[0.483664] (two_wheeled_robot) StdoutLine: {'line': b'-- Up-to-date: /home/greyflon/lab_2025/install/two_wheeled_robot/share/two_wheeled_robot/models/Scrubs/model.sdf\n'}
[0.483720] (two_wheeled_robot) StdoutLine: {'line': b'-- Up-to-date: /home/greyflon/lab_2025/install/two_wheeled_robot/share/two_wheeled_robot/models/conveyor\n'}
[0.483805] (two_wheeled_robot) StdoutLine: {'line': b'-- Up-to-date: /home/greyflon/lab_2025/install/two_wheeled_robot/share/two_wheeled_robot/models/conveyor/model.config\n'}
[0.483891] (two_wheeled_robot) StdoutLine: {'line': b'-- Up-to-date: /home/greyflon/lab_2025/install/two_wheeled_robot/share/two_wheeled_robot/models/conveyor/meshes\n'}
[0.483954] (two_wheeled_robot) StdoutLine: {'line': b'-- Up-to-date: /home/greyflon/lab_2025/install/two_wheeled_robot/share/two_wheeled_robot/models/conveyor/meshes/conveyor.dae\n'}
[0.484011] (two_wheeled_robot) StdoutLine: {'line': b'-- Up-to-date: /home/greyflon/lab_2025/install/two_wheeled_robot/share/two_wheeled_robot/models/conveyor/meshes/conveyor2.dae\n'}
[0.484068] (two_wheeled_robot) StdoutLine: {'line': b'-- Up-to-date: /home/greyflon/lab_2025/install/two_wheeled_robot/share/two_wheeled_robot/models/conveyor/meshes/conveyor.obj\n'}
[0.484123] (two_wheeled_robot) StdoutLine: {'line': b'-- Up-to-date: /home/greyflon/lab_2025/install/two_wheeled_robot/share/two_wheeled_robot/models/conveyor/model.sdf\n'}
[0.484189] (two_wheeled_robot) StdoutLine: {'line': b'-- Up-to-date: /home/greyflon/lab_2025/install/two_wheeled_robot/share/two_wheeled_robot/models/aws_robomaker_residential_AirconditionerA_01\n'}
[0.484246] (two_wheeled_robot) StdoutLine: {'line': b'-- Up-to-date: /home/greyflon/lab_2025/install/two_wheeled_robot/share/two_wheeled_robot/models/aws_robomaker_residential_AirconditionerA_01/model.config\n'}
[0.484302] (two_wheeled_robot) StdoutLine: {'line': b'-- Up-to-date: /home/greyflon/lab_2025/install/two_wheeled_robot/share/two_wheeled_robot/models/aws_robomaker_residential_AirconditionerA_01/meshes\n'}
[0.484357] (two_wheeled_robot) StdoutLine: {'line': b'-- Up-to-date: /home/greyflon/lab_2025/install/two_wheeled_robot/share/two_wheeled_robot/models/aws_robomaker_residential_AirconditionerA_01/meshes/aws_AirconditionerA_01_visual.DAE\n'}
[0.484420] (two_wheeled_robot) StdoutLine: {'line': b'-- Up-to-date: /home/greyflon/lab_2025/install/two_wheeled_robot/share/two_wheeled_robot/models/aws_robomaker_residential_AirconditionerA_01/meshes/aws_AirconditionerA_01_collision.DAE\n'}
[0.484476] (two_wheeled_robot) StdoutLine: {'line': b'-- Up-to-date: /home/greyflon/lab_2025/install/two_wheeled_robot/share/two_wheeled_robot/models/aws_robomaker_residential_AirconditionerA_01/materials\n'}
[0.484531] (two_wheeled_robot) StdoutLine: {'line': b'-- Up-to-date: /home/greyflon/lab_2025/install/two_wheeled_robot/share/two_wheeled_robot/models/aws_robomaker_residential_AirconditionerA_01/materials/textures\n'}
[0.484587] (two_wheeled_robot) StdoutLine: {'line': b'-- Up-to-date: /home/greyflon/lab_2025/install/two_wheeled_robot/share/two_wheeled_robot/models/aws_robomaker_residential_AirconditionerA_01/materials/textures/aws_AirconditionerA_01.png\n'}
[0.484643] (two_wheeled_robot) StdoutLine: {'line': b'-- Up-to-date: /home/greyflon/lab_2025/install/two_wheeled_robot/share/two_wheeled_robot/models/aws_robomaker_residential_AirconditionerA_01/model.sdf\n'}
[0.484700] (two_wheeled_robot) StdoutLine: {'line': b'-- Up-to-date: /home/greyflon/lab_2025/install/two_wheeled_robot/share/two_wheeled_robot/models/aws_robomaker_hospital_floor_01_floor\n'}
[0.484774] (two_wheeled_robot) StdoutLine: {'line': b'-- Up-to-date: /home/greyflon/lab_2025/install/two_wheeled_robot/share/two_wheeled_robot/models/aws_robomaker_hospital_floor_01_floor/model.config\n'}
[0.484835] (two_wheeled_robot) StdoutLine: {'line': b'-- Up-to-date: /home/greyflon/lab_2025/install/two_wheeled_robot/share/two_wheeled_robot/models/aws_robomaker_hospital_floor_01_floor/meshes\n'}
[0.484891] (two_wheeled_robot) StdoutLine: {'line': b'-- Up-to-date: /home/greyflon/lab_2025/install/two_wheeled_robot/share/two_wheeled_robot/models/aws_robomaker_hospital_floor_01_floor/meshes/aws_robomaker_hospital_floor_01_floor_collision.dae\n'}
[0.484947] (two_wheeled_robot) StdoutLine: {'line': b'-- Up-to-date: /home/greyflon/lab_2025/install/two_wheeled_robot/share/two_wheeled_robot/models/aws_robomaker_hospital_floor_01_floor/meshes/aws_robomaker_hospital_floor_01_floor_normal.png\n'}
[0.485003] (two_wheeled_robot) StdoutLine: {'line': b'-- Up-to-date: /home/greyflon/lab_2025/install/two_wheeled_robot/share/two_wheeled_robot/models/aws_robomaker_hospital_floor_01_floor/meshes/aws_robomaker_hospital_floor_01_floor.png\n'}
[0.485058] (two_wheeled_robot) StdoutLine: {'line': b'-- Up-to-date: /home/greyflon/lab_2025/install/two_wheeled_robot/share/two_wheeled_robot/models/aws_robomaker_hospital_floor_01_floor/meshes/aws_robomaker_hospital_floor_01_floor_visual.dae\n'}
[0.485114] (two_wheeled_robot) StdoutLine: {'line': b'-- Up-to-date: /home/greyflon/lab_2025/install/two_wheeled_robot/share/two_wheeled_robot/models/aws_robomaker_hospital_floor_01_floor/model.sdf\n'}
[0.485170] (two_wheeled_robot) StdoutLine: {'line': b'-- Up-to-date: /home/greyflon/lab_2025/install/two_wheeled_robot/share/two_wheeled_robot/models/post_office\n'}
[0.485225] (two_wheeled_robot) StdoutLine: {'line': b'-- Up-to-date: /home/greyflon/lab_2025/install/two_wheeled_robot/share/two_wheeled_robot/models/post_office/model.config\n'}
[0.485281] (two_wheeled_robot) StdoutLine: {'line': b'-- Up-to-date: /home/greyflon/lab_2025/install/two_wheeled_robot/share/two_wheeled_robot/models/post_office/meshes\n'}
[0.485336] (two_wheeled_robot) StdoutLine: {'line': b'-- Up-to-date: /home/greyflon/lab_2025/install/two_wheeled_robot/share/two_wheeled_robot/models/post_office/meshes/post_office.dae\n'}
[0.485391] (two_wheeled_robot) StdoutLine: {'line': b'-- Up-to-date: /home/greyflon/lab_2025/install/two_wheeled_robot/share/two_wheeled_robot/models/post_office/materials\n'}
[0.485453] (two_wheeled_robot) StdoutLine: {'line': b'-- Up-to-date: /home/greyflon/lab_2025/install/two_wheeled_robot/share/two_wheeled_robot/models/post_office/materials/textures\n'}
[0.485509] (two_wheeled_robot) StdoutLine: {'line': b'-- Up-to-date: /home/greyflon/lab_2025/install/two_wheeled_robot/share/two_wheeled_robot/models/post_office/materials/textures/post_office_diffuse.jpg\n'}
[0.485571] (two_wheeled_robot) StdoutLine: {'line': b'-- Up-to-date: /home/greyflon/lab_2025/install/two_wheeled_robot/share/two_wheeled_robot/models/post_office/materials/textures/post_office_spec.jpg\n'}
[0.485626] (two_wheeled_robot) StdoutLine: {'line': b'-- Up-to-date: /home/greyflon/lab_2025/install/two_wheeled_robot/share/two_wheeled_robot/models/post_office/model.sdf\n'}
[0.485685] (two_wheeled_robot) StdoutLine: {'line': b'-- Up-to-date: /home/greyflon/lab_2025/install/two_wheeled_robot/share/two_wheeled_robot/models/submarine\n'}
[0.485785] (two_wheeled_robot) StdoutLine: {'line': b'-- Up-to-date: /home/greyflon/lab_2025/install/two_wheeled_robot/share/two_wheeled_robot/models/submarine/model.config\n'}
[0.485849] (two_wheeled_robot) StdoutLine: {'line': b'-- Up-to-date: /home/greyflon/lab_2025/install/two_wheeled_robot/share/two_wheeled_robot/models/submarine/model.sdf\n'}
[0.485904] (two_wheeled_robot) StdoutLine: {'line': b'-- Up-to-date: /home/greyflon/lab_2025/install/two_wheeled_robot/share/two_wheeled_robot/models/tv_stand\n'}
[0.485959] (two_wheeled_robot) StdoutLine: {'line': b'-- Up-to-date: /home/greyflon/lab_2025/install/two_wheeled_robot/share/two_wheeled_robot/models/tv_stand/model.config\n'}
[0.486014] (two_wheeled_robot) StdoutLine: {'line': b'-- Up-to-date: /home/greyflon/lab_2025/install/two_wheeled_robot/share/two_wheeled_robot/models/tv_stand/meshes\n'}
[0.486069] (two_wheeled_robot) StdoutLine: {'line': b'-- Up-to-date: /home/greyflon/lab_2025/install/two_wheeled_robot/share/two_wheeled_robot/models/tv_stand/meshes/tv_stand.dae\n'}
[0.486124] (two_wheeled_robot) StdoutLine: {'line': b'-- Up-to-date: /home/greyflon/lab_2025/install/two_wheeled_robot/share/two_wheeled_robot/models/tv_stand/materials\n'}
[0.486179] (two_wheeled_robot) StdoutLine: {'line': b'-- Up-to-date: /home/greyflon/lab_2025/install/two_wheeled_robot/share/two_wheeled_robot/models/tv_stand/materials/textures\n'}
[0.486235] (two_wheeled_robot) StdoutLine: {'line': b'-- Up-to-date: /home/greyflon/lab_2025/install/two_wheeled_robot/share/two_wheeled_robot/models/tv_stand/materials/textures/stand_diffuse.png\n'}
[0.486290] (two_wheeled_robot) StdoutLine: {'line': b'-- Up-to-date: /home/greyflon/lab_2025/install/two_wheeled_robot/share/two_wheeled_robot/models/tv_stand/materials/textures/stand_specular.png\n'}
[0.486346] (two_wheeled_robot) StdoutLine: {'line': b'-- Up-to-date: /home/greyflon/lab_2025/install/two_wheeled_robot/share/two_wheeled_robot/models/tv_stand/materials/textures/tv_diffuse.png\n'}
[0.486401] (two_wheeled_robot) StdoutLine: {'line': b'-- Up-to-date: /home/greyflon/lab_2025/install/two_wheeled_robot/share/two_wheeled_robot/models/tv_stand/materials/textures/tv_specular.png\n'}
[0.486456] (two_wheeled_robot) StdoutLine: {'line': b'-- Up-to-date: /home/greyflon/lab_2025/install/two_wheeled_robot/share/two_wheeled_robot/models/tv_stand/model.sdf\n'}
[0.486513] (two_wheeled_robot) StdoutLine: {'line': b'-- Up-to-date: /home/greyflon/lab_2025/install/two_wheeled_robot/share/two_wheeled_robot/models/cafe_counter\n'}
[0.486574] (two_wheeled_robot) StdoutLine: {'line': b'-- Up-to-date: /home/greyflon/lab_2025/install/two_wheeled_robot/share/two_wheeled_robot/models/cafe_counter/model.config\n'}
[0.486636] (two_wheeled_robot) StdoutLine: {'line': b'-- Up-to-date: /home/greyflon/lab_2025/install/two_wheeled_robot/share/two_wheeled_robot/models/cafe_counter/meshes\n'}
[0.486698] (two_wheeled_robot) StdoutLine: {'line': b'-- Up-to-date: /home/greyflon/lab_2025/install/two_wheeled_robot/share/two_wheeled_robot/models/cafe_counter/meshes/counter_sink.obj\n'}
[0.486780] (two_wheeled_robot) StdoutLine: {'line': b'-- Up-to-date: /home/greyflon/lab_2025/install/two_wheeled_robot/share/two_wheeled_robot/models/cafe_counter/meshes/cafe_counter.obj\n'}
[0.486848] (two_wheeled_robot) StdoutLine: {'line': b'-- Up-to-date: /home/greyflon/lab_2025/install/two_wheeled_robot/share/two_wheeled_robot/models/cafe_counter/meshes/counter_no_sink.obj\n'}
[0.486981] (two_wheeled_robot) StdoutLine: {'line': b'-- Up-to-date: /home/greyflon/lab_2025/install/two_wheeled_robot/share/two_wheeled_robot/models/cafe_counter/meshes/cafe_counter.mtl\n'}
[0.487055] (two_wheeled_robot) StdoutLine: {'line': b'-- Up-to-date: /home/greyflon/lab_2025/install/two_wheeled_robot/share/two_wheeled_robot/models/cafe_counter/materials\n'}
[0.487128] (two_wheeled_robot) StdoutLine: {'line': b'-- Up-to-date: /home/greyflon/lab_2025/install/two_wheeled_robot/share/two_wheeled_robot/models/cafe_counter/materials/textures\n'}
[0.487202] (two_wheeled_robot) StdoutLine: {'line': b'-- Up-to-date: /home/greyflon/lab_2025/install/two_wheeled_robot/share/two_wheeled_robot/models/cafe_counter/materials/textures/cafe_counter.png\n'}
[0.487275] (two_wheeled_robot) StdoutLine: {'line': b'-- Up-to-date: /home/greyflon/lab_2025/install/two_wheeled_robot/share/two_wheeled_robot/models/cafe_counter/model.sdf\n'}
[0.487350] (two_wheeled_robot) StdoutLine: {'line': b'-- Up-to-date: /home/greyflon/lab_2025/install/two_wheeled_robot/share/two_wheeled_robot/models/aws_robomaker_residential_SofaC_01\n'}
[0.487515] (two_wheeled_robot) StdoutLine: {'line': b'-- Up-to-date: /home/greyflon/lab_2025/install/two_wheeled_robot/share/two_wheeled_robot/models/aws_robomaker_residential_SofaC_01/model.config\n'}
[0.487600] (two_wheeled_robot) StdoutLine: {'line': b'-- Up-to-date: /home/greyflon/lab_2025/install/two_wheeled_robot/share/two_wheeled_robot/models/aws_robomaker_residential_SofaC_01/meshes\n'}
[0.487678] (two_wheeled_robot) StdoutLine: {'line': b'-- Up-to-date: /home/greyflon/lab_2025/install/two_wheeled_robot/share/two_wheeled_robot/models/aws_robomaker_residential_SofaC_01/meshes/aws_SofaC_01_collision.DAE\n'}
[0.487780] (two_wheeled_robot) StdoutLine: {'line': b'-- Up-to-date: /home/greyflon/lab_2025/install/two_wheeled_robot/share/two_wheeled_robot/models/aws_robomaker_residential_SofaC_01/meshes/aws_SofaC_01_visual.DAE\n'}
[0.487867] (two_wheeled_robot) StdoutLine: {'line': b'-- Up-to-date: /home/greyflon/lab_2025/install/two_wheeled_robot/share/two_wheeled_robot/models/aws_robomaker_residential_SofaC_01/materials\n'}
[0.487944] (two_wheeled_robot) StdoutLine: {'line': b'-- Up-to-date: /home/greyflon/lab_2025/install/two_wheeled_robot/share/two_wheeled_robot/models/aws_robomaker_residential_SofaC_01/materials/textures\n'}
[0.488020] (two_wheeled_robot) StdoutLine: {'line': b'-- Up-to-date: /home/greyflon/lab_2025/install/two_wheeled_robot/share/two_wheeled_robot/models/aws_robomaker_residential_SofaC_01/materials/textures/aws_SofaC_01.png\n'}
[0.488232] (two_wheeled_robot) StdoutLine: {'line': b'-- Up-to-date: /home/greyflon/lab_2025/install/two_wheeled_robot/share/two_wheeled_robot/models/aws_robomaker_residential_SofaC_01/model.sdf\n'}
[0.488308] (two_wheeled_robot) StdoutLine: {'line': b'-- Up-to-date: /home/greyflon/lab_2025/install/two_wheeled_robot/share/two_wheeled_robot/models/aws_robomaker_warehouse_PalletJackB_01\n'}
[0.488386] (two_wheeled_robot) StdoutLine: {'line': b'-- Up-to-date: /home/greyflon/lab_2025/install/two_wheeled_robot/share/two_wheeled_robot/models/aws_robomaker_warehouse_PalletJackB_01/model.config\n'}
[0.488496] (two_wheeled_robot) StdoutLine: {'line': b'-- Up-to-date: /home/greyflon/lab_2025/install/two_wheeled_robot/share/two_wheeled_robot/models/aws_robomaker_warehouse_PalletJackB_01/meshes\n'}
[0.488615] (two_wheeled_robot) StdoutLine: {'line': b'-- Up-to-date: /home/greyflon/lab_2025/install/two_wheeled_robot/share/two_wheeled_robot/models/aws_robomaker_warehouse_PalletJackB_01/meshes/aws_robomaker_warehouse_PalletJackB_01_visual.DAE\n'}
[0.488691] (two_wheeled_robot) StdoutLine: {'line': b'-- Up-to-date: /home/greyflon/lab_2025/install/two_wheeled_robot/share/two_wheeled_robot/models/aws_robomaker_warehouse_PalletJackB_01/meshes/aws_robomaker_warehouse_PalletJackB_01_collision.DAE\n'}
[0.488780] (two_wheeled_robot) StdoutLine: {'line': b'-- Up-to-date: /home/greyflon/lab_2025/install/two_wheeled_robot/share/two_wheeled_robot/models/aws_robomaker_warehouse_PalletJackB_01/materials\n'}
[0.489108] (two_wheeled_robot) StdoutLine: {'line': b'-- Up-to-date: /home/greyflon/lab_2025/install/two_wheeled_robot/share/two_wheeled_robot/models/aws_robomaker_warehouse_PalletJackB_01/materials/textures\n'}
[0.489185] (two_wheeled_robot) StdoutLine: {'line': b'-- Up-to-date: /home/greyflon/lab_2025/install/two_wheeled_robot/share/two_wheeled_robot/models/aws_robomaker_warehouse_PalletJackB_01/materials/textures/aws_robomaker_warehouse_PalletJackB_02.png\n'}
[0.489259] (two_wheeled_robot) StdoutLine: {'line': b'-- Up-to-date: /home/greyflon/lab_2025/install/two_wheeled_robot/share/two_wheeled_robot/models/aws_robomaker_warehouse_PalletJackB_01/materials/textures/aws_robomaker_warehouse_PalletJackB_01.png\n'}
[0.489332] (two_wheeled_robot) StdoutLine: {'line': b'-- Up-to-date: /home/greyflon/lab_2025/install/two_wheeled_robot/share/two_wheeled_robot/models/aws_robomaker_warehouse_PalletJackB_01/model.sdf\n'}
[0.489407] (two_wheeled_robot) StdoutLine: {'line': b'-- Up-to-date: /home/greyflon/lab_2025/install/two_wheeled_robot/share/two_wheeled_robot/models/aws_robomaker_residential_Ball_01\n'}
[0.489480] (two_wheeled_robot) StdoutLine: {'line': b'-- Up-to-date: /home/greyflon/lab_2025/install/two_wheeled_robot/share/two_wheeled_robot/models/aws_robomaker_residential_Ball_01/model.config\n'}
[0.489553] (two_wheeled_robot) StdoutLine: {'line': b'-- Up-to-date: /home/greyflon/lab_2025/install/two_wheeled_robot/share/two_wheeled_robot/models/aws_robomaker_residential_Ball_01/meshes\n'}
[0.489627] (two_wheeled_robot) StdoutLine: {'line': b'-- Up-to-date: /home/greyflon/lab_2025/install/two_wheeled_robot/share/two_wheeled_robot/models/aws_robomaker_residential_Ball_01/meshes/aws_Ball_01_collision.DAE\n'}
[0.489701] (two_wheeled_robot) StdoutLine: {'line': b'-- Up-to-date: /home/greyflon/lab_2025/install/two_wheeled_robot/share/two_wheeled_robot/models/aws_robomaker_residential_Ball_01/meshes/aws_Ball_01_visual.DAE\n'}
[0.489991] (two_wheeled_robot) StdoutLine: {'line': b'-- Up-to-date: /home/greyflon/lab_2025/install/two_wheeled_robot/share/two_wheeled_robot/models/aws_robomaker_residential_Ball_01/materials\n'}
[0.490073] (two_wheeled_robot) StdoutLine: {'line': b'-- Up-to-date: /home/greyflon/lab_2025/install/two_wheeled_robot/share/two_wheeled_robot/models/aws_robomaker_residential_Ball_01/materials/textures\n'}
[0.490310] (two_wheeled_robot) StdoutLine: {'line': b'-- Up-to-date: /home/greyflon/lab_2025/install/two_wheeled_robot/share/two_wheeled_robot/models/aws_robomaker_residential_Ball_01/materials/textures/aws_Ball_01.png\n'}
[0.490392] (two_wheeled_robot) StdoutLine: {'line': b'-- Up-to-date: /home/greyflon/lab_2025/install/two_wheeled_robot/share/two_wheeled_robot/models/aws_robomaker_residential_Ball_01/model.sdf\n'}
[0.490469] (two_wheeled_robot) StdoutLine: {'line': b'-- Up-to-date: /home/greyflon/lab_2025/install/two_wheeled_robot/share/two_wheeled_robot/models/submarine_sinking\n'}
[0.490544] (two_wheeled_robot) StdoutLine: {'line': b'-- Up-to-date: /home/greyflon/lab_2025/install/two_wheeled_robot/share/two_wheeled_robot/models/submarine_sinking/model.config\n'}
[0.490619] (two_wheeled_robot) StdoutLine: {'line': b'-- Up-to-date: /home/greyflon/lab_2025/install/two_wheeled_robot/share/two_wheeled_robot/models/submarine_sinking/model.sdf\n'}
[0.490695] (two_wheeled_robot) StdoutLine: {'line': b'-- Up-to-date: /home/greyflon/lab_2025/install/two_wheeled_robot/share/two_wheeled_robot/models/submarine_sinking/model.sdf.erb\n'}
[0.490914] (two_wheeled_robot) StdoutLine: {'line': b'-- Up-to-date: /home/greyflon/lab_2025/install/two_wheeled_robot/share/two_wheeled_robot/models/aws_robomaker_residential_RoomWall_01\n'}
[0.490997] (two_wheeled_robot) StdoutLine: {'line': b'-- Up-to-date: /home/greyflon/lab_2025/install/two_wheeled_robot/share/two_wheeled_robot/models/aws_robomaker_residential_RoomWall_01/model.config\n'}
[0.491074] (two_wheeled_robot) StdoutLine: {'line': b'-- Up-to-date: /home/greyflon/lab_2025/install/two_wheeled_robot/share/two_wheeled_robot/models/aws_robomaker_residential_RoomWall_01/meshes\n'}
[0.491279] (two_wheeled_robot) StdoutLine: {'line': b'-- Up-to-date: /home/greyflon/lab_2025/install/two_wheeled_robot/share/two_wheeled_robot/models/aws_robomaker_residential_RoomWall_01/meshes/aws_RoomWall_01_collision.DAE\n'}
[0.491359] (two_wheeled_robot) StdoutLine: {'line': b'-- Up-to-date: /home/greyflon/lab_2025/install/two_wheeled_robot/share/two_wheeled_robot/models/aws_robomaker_residential_RoomWall_01/meshes/aws_RoomWall_01_visual.DAE\n'}
[0.491436] (two_wheeled_robot) StdoutLine: {'line': b'-- Up-to-date: /home/greyflon/lab_2025/install/two_wheeled_robot/share/two_wheeled_robot/models/aws_robomaker_residential_RoomWall_01/materials\n'}
[0.491511] (two_wheeled_robot) StdoutLine: {'line': b'-- Up-to-date: /home/greyflon/lab_2025/install/two_wheeled_robot/share/two_wheeled_robot/models/aws_robomaker_residential_RoomWall_01/materials/textures\n'}
[0.491587] (two_wheeled_robot) StdoutLine: {'line': b'-- Up-to-date: /home/greyflon/lab_2025/install/two_wheeled_robot/share/two_wheeled_robot/models/aws_robomaker_residential_RoomWall_01/materials/textures/aws_RoomWall_01.png\n'}
[0.491663] (two_wheeled_robot) StdoutLine: {'line': b'-- Up-to-date: /home/greyflon/lab_2025/install/two_wheeled_robot/share/two_wheeled_robot/models/aws_robomaker_residential_RoomWall_01/model.sdf\n'}
[0.491745] (two_wheeled_robot) StdoutLine: {'line': b'-- Up-to-date: /home/greyflon/lab_2025/install/two_wheeled_robot/share/two_wheeled_robot/models/casual_male2\n'}
[0.491835] (two_wheeled_robot) StdoutLine: {'line': b'-- Up-to-date: /home/greyflon/lab_2025/install/two_wheeled_robot/share/two_wheeled_robot/models/casual_male2/model.config\n'}
[0.491911] (two_wheeled_robot) StdoutLine: {'line': b'-- Up-to-date: /home/greyflon/lab_2025/install/two_wheeled_robot/share/two_wheeled_robot/models/casual_male2/meshes\n'}
[0.491985] (two_wheeled_robot) StdoutLine: {'line': b'-- Up-to-date: /home/greyflon/lab_2025/install/two_wheeled_robot/share/two_wheeled_robot/models/casual_male2/meshes/casual_male2.dae\n'}
[0.492061] (two_wheeled_robot) StdoutLine: {'line': b'-- Up-to-date: /home/greyflon/lab_2025/install/two_wheeled_robot/share/two_wheeled_robot/models/casual_male2/materials\n'}
[0.492136] (two_wheeled_robot) StdoutLine: {'line': b'-- Up-to-date: /home/greyflon/lab_2025/install/two_wheeled_robot/share/two_wheeled_robot/models/casual_male2/materials/textures\n'}
[0.492212] (two_wheeled_robot) StdoutLine: {'line': b'-- Up-to-date: /home/greyflon/lab_2025/install/two_wheeled_robot/share/two_wheeled_robot/models/casual_male2/materials/textures/young_darkskinned_male_diffuse.png\n'}
[0.492287] (two_wheeled_robot) StdoutLine: {'line': b'-- Up-to-date: /home/greyflon/lab_2025/install/two_wheeled_robot/share/two_wheeled_robot/models/casual_male2/materials/textures/male_casualsuit05_normal.png\n'}
[0.492362] (two_wheeled_robot) StdoutLine: {'line': b'-- Up-to-date: /home/greyflon/lab_2025/install/two_wheeled_robot/share/two_wheeled_robot/models/casual_male2/materials/textures/afro_diffuse.png\n'}
[0.492437] (two_wheeled_robot) StdoutLine: {'line': b'-- Up-to-date: /home/greyflon/lab_2025/install/two_wheeled_robot/share/two_wheeled_robot/models/casual_male2/materials/textures/eyebrow012.png\n'}
[0.492512] (two_wheeled_robot) StdoutLine: {'line': b'-- Up-to-date: /home/greyflon/lab_2025/install/two_wheeled_robot/share/two_wheeled_robot/models/casual_male2/materials/textures/brown_eye.png\n'}
[0.492586] (two_wheeled_robot) StdoutLine: {'line': b'-- Up-to-date: /home/greyflon/lab_2025/install/two_wheeled_robot/share/two_wheeled_robot/models/casual_male2/materials/textures/male_casualsuit05_diffuse.png\n'}
[0.492661] (two_wheeled_robot) StdoutLine: {'line': b'-- Up-to-date: /home/greyflon/lab_2025/install/two_wheeled_robot/share/two_wheeled_robot/models/casual_male2/model.sdf\n'}
[0.492751] (two_wheeled_robot) StdoutLine: {'line': b'-- Up-to-date: /home/greyflon/lab_2025/install/two_wheeled_robot/share/two_wheeled_robot/models/house_1\n'}
[0.492838] (two_wheeled_robot) StdoutLine: {'line': b'-- Up-to-date: /home/greyflon/lab_2025/install/two_wheeled_robot/share/two_wheeled_robot/models/house_1/model-1_4.sdf\n'}
[0.492940] (two_wheeled_robot) StdoutLine: {'line': b'-- Up-to-date: /home/greyflon/lab_2025/install/two_wheeled_robot/share/two_wheeled_robot/models/house_1/model.config\n'}
[0.493016] (two_wheeled_robot) StdoutLine: {'line': b'-- Up-to-date: /home/greyflon/lab_2025/install/two_wheeled_robot/share/two_wheeled_robot/models/house_1/meshes\n'}
[0.493091] (two_wheeled_robot) StdoutLine: {'line': b'-- Up-to-date: /home/greyflon/lab_2025/install/two_wheeled_robot/share/two_wheeled_robot/models/house_1/meshes/house_1.dae\n'}
[0.493166] (two_wheeled_robot) StdoutLine: {'line': b'-- Up-to-date: /home/greyflon/lab_2025/install/two_wheeled_robot/share/two_wheeled_robot/models/house_1/materials\n'}
[0.493241] (two_wheeled_robot) StdoutLine: {'line': b'-- Up-to-date: /home/greyflon/lab_2025/install/two_wheeled_robot/share/two_wheeled_robot/models/house_1/materials/scripts\n'}
[0.493316] (two_wheeled_robot) StdoutLine: {'line': b'-- Up-to-date: /home/greyflon/lab_2025/install/two_wheeled_robot/share/two_wheeled_robot/models/house_1/materials/scripts/house_1.material\n'}
[0.493391] (two_wheeled_robot) StdoutLine: {'line': b'-- Up-to-date: /home/greyflon/lab_2025/install/two_wheeled_robot/share/two_wheeled_robot/models/house_1/materials/textures\n'}
[0.493466] (two_wheeled_robot) StdoutLine: {'line': b'-- Up-to-date: /home/greyflon/lab_2025/install/two_wheeled_robot/share/two_wheeled_robot/models/house_1/materials/textures/House_1_Spec.png\n'}
[0.493540] (two_wheeled_robot) StdoutLine: {'line': b'-- Up-to-date: /home/greyflon/lab_2025/install/two_wheeled_robot/share/two_wheeled_robot/models/house_1/materials/textures/House_1_Normal.png\n'}
[0.493692] (two_wheeled_robot) StdoutLine: {'line': b'-- Up-to-date: /home/greyflon/lab_2025/install/two_wheeled_robot/share/two_wheeled_robot/models/house_1/materials/textures/House_1_Diffuse.png\n'}
[0.493985] (two_wheeled_robot) StdoutLine: {'line': b'-- Up-to-date: /home/greyflon/lab_2025/install/two_wheeled_robot/share/two_wheeled_robot/models/house_1/model.sdf\n'}
[0.494067] (two_wheeled_robot) StdoutLine: {'line': b'-- Up-to-date: /home/greyflon/lab_2025/install/two_wheeled_robot/share/two_wheeled_robot/models/house_1/model-1_3.sdf\n'}
[0.494143] (two_wheeled_robot) StdoutLine: {'line': b'-- Up-to-date: /home/greyflon/lab_2025/install/two_wheeled_robot/share/two_wheeled_robot/models/aws_robomaker_residential_KitchenUtensils_01\n'}
[0.494219] (two_wheeled_robot) StdoutLine: {'line': b'-- Up-to-date: /home/greyflon/lab_2025/install/two_wheeled_robot/share/two_wheeled_robot/models/aws_robomaker_residential_KitchenUtensils_01/model.config\n'}
[0.494295] (two_wheeled_robot) StdoutLine: {'line': b'-- Up-to-date: /home/greyflon/lab_2025/install/two_wheeled_robot/share/two_wheeled_robot/models/aws_robomaker_residential_KitchenUtensils_01/meshes\n'}
[0.494370] (two_wheeled_robot) StdoutLine: {'line': b'-- Up-to-date: /home/greyflon/lab_2025/install/two_wheeled_robot/share/two_wheeled_robot/models/aws_robomaker_residential_KitchenUtensils_01/meshes/aws_KitchenUtensils_01_visual.DAE\n'}
[0.494445] (two_wheeled_robot) StdoutLine: {'line': b'-- Up-to-date: /home/greyflon/lab_2025/install/two_wheeled_robot/share/two_wheeled_robot/models/aws_robomaker_residential_KitchenUtensils_01/meshes/aws_KitchenUtensils_01_collision.DAE\n'}
[0.494522] (two_wheeled_robot) StdoutLine: {'line': b'-- Up-to-date: /home/greyflon/lab_2025/install/two_wheeled_robot/share/two_wheeled_robot/models/aws_robomaker_residential_KitchenUtensils_01/materials\n'}
[0.494597] (two_wheeled_robot) StdoutLine: {'line': b'-- Up-to-date: /home/greyflon/lab_2025/install/two_wheeled_robot/share/two_wheeled_robot/models/aws_robomaker_residential_KitchenUtensils_01/materials/textures\n'}
[0.494673] (two_wheeled_robot) StdoutLine: {'line': b'-- Up-to-date: /home/greyflon/lab_2025/install/two_wheeled_robot/share/two_wheeled_robot/models/aws_robomaker_residential_KitchenUtensils_01/materials/textures/aws_KitchenUtensils_01.png\n'}
[0.494904] (two_wheeled_robot) StdoutLine: {'line': b'-- Up-to-date: /home/greyflon/lab_2025/install/two_wheeled_robot/share/two_wheeled_robot/models/aws_robomaker_residential_KitchenUtensils_01/model.sdf\n'}
[0.495018] (two_wheeled_robot) StdoutLine: {'line': b'-- Up-to-date: /home/greyflon/lab_2025/install/two_wheeled_robot/share/two_wheeled_robot/models/person_walking\n'}
[0.495087] (two_wheeled_robot) StdoutLine: {'line': b'-- Up-to-date: /home/greyflon/lab_2025/install/two_wheeled_robot/share/two_wheeled_robot/models/person_walking/model.config\n'}
[0.495154] (two_wheeled_robot) StdoutLine: {'line': b'-- Up-to-date: /home/greyflon/lab_2025/install/two_wheeled_robot/share/two_wheeled_robot/models/person_walking/meshes\n'}
[0.495223] (two_wheeled_robot) StdoutLine: {'line': b'-- Up-to-date: /home/greyflon/lab_2025/install/two_wheeled_robot/share/two_wheeled_robot/models/person_walking/meshes/walking.dae\n'}
[0.495302] (two_wheeled_robot) StdoutLine: {'line': b'-- Up-to-date: /home/greyflon/lab_2025/install/two_wheeled_robot/share/two_wheeled_robot/models/person_walking/materials\n'}
[0.495399] (two_wheeled_robot) StdoutLine: {'line': b'-- Up-to-date: /home/greyflon/lab_2025/install/two_wheeled_robot/share/two_wheeled_robot/models/person_walking/materials/textures\n'}
[0.495469] (two_wheeled_robot) StdoutLine: {'line': b'-- Up-to-date: /home/greyflon/lab_2025/install/two_wheeled_robot/share/two_wheeled_robot/models/person_walking/materials/textures/eyebrow001-unmodified.png\n'}
[0.495535] (two_wheeled_robot) StdoutLine: {'line': b'-- Up-to-date: /home/greyflon/lab_2025/install/two_wheeled_robot/share/two_wheeled_robot/models/person_walking/materials/textures/male02_diffuse_black-unmodified.png\n'}
[0.495600] (two_wheeled_robot) StdoutLine: {'line': b'-- Up-to-date: /home/greyflon/lab_2025/install/two_wheeled_robot/share/two_wheeled_robot/models/person_walking/materials/textures/green_eye.png\n'}
[0.495666] (two_wheeled_robot) StdoutLine: {'line': b'-- Up-to-date: /home/greyflon/lab_2025/install/two_wheeled_robot/share/two_wheeled_robot/models/person_walking/materials/textures/jeans_basic_diffuse.png\n'}
[0.495736] (two_wheeled_robot) StdoutLine: {'line': b'-- Up-to-date: /home/greyflon/lab_2025/install/two_wheeled_robot/share/two_wheeled_robot/models/person_walking/materials/textures/eyebrow001.png\n'}
[0.495966] (two_wheeled_robot) StdoutLine: {'line': b'-- Up-to-date: /home/greyflon/lab_2025/install/two_wheeled_robot/share/two_wheeled_robot/models/person_walking/materials/textures/tshirt02_normals.png\n'}
[0.496033] (two_wheeled_robot) StdoutLine: {'line': b'-- Up-to-date: /home/greyflon/lab_2025/install/two_wheeled_robot/share/two_wheeled_robot/models/person_walking/materials/textures/jeans01_normals.png\n'}
[0.496098] (two_wheeled_robot) StdoutLine: {'line': b'-- Up-to-date: /home/greyflon/lab_2025/install/two_wheeled_robot/share/two_wheeled_robot/models/person_walking/materials/textures/male02_diffuse_black.png\n'}
[0.496161] (two_wheeled_robot) StdoutLine: {'line': b'-- Up-to-date: /home/greyflon/lab_2025/install/two_wheeled_robot/share/two_wheeled_robot/models/person_walking/materials/textures/young_lightskinned_male_diffuse.png\n'}
[0.496225] (two_wheeled_robot) StdoutLine: {'line': b'-- Up-to-date: /home/greyflon/lab_2025/install/two_wheeled_robot/share/two_wheeled_robot/models/person_walking/materials/textures/teeth.png\n'}
[0.496307] (two_wheeled_robot) StdoutLine: {'line': b'-- Up-to-date: /home/greyflon/lab_2025/install/two_wheeled_robot/share/two_wheeled_robot/models/person_walking/materials/textures/tshirt02_texture.png\n'}
[0.496374] (two_wheeled_robot) StdoutLine: {'line': b'-- Up-to-date: /home/greyflon/lab_2025/install/two_wheeled_robot/share/two_wheeled_robot/models/person_walking/model.sdf\n'}
[0.496438] (two_wheeled_robot) StdoutLine: {'line': b'-- Up-to-date: /home/greyflon/lab_2025/install/two_wheeled_robot/share/two_wheeled_robot/models/aws_robomaker_residential_Chandelier_01\n'}
[0.496502] (two_wheeled_robot) StdoutLine: {'line': b'-- Up-to-date: /home/greyflon/lab_2025/install/two_wheeled_robot/share/two_wheeled_robot/models/aws_robomaker_residential_Chandelier_01/model.config\n'}
[0.496641] (two_wheeled_robot) StdoutLine: {'line': b'-- Up-to-date: /home/greyflon/lab_2025/install/two_wheeled_robot/share/two_wheeled_robot/models/aws_robomaker_residential_Chandelier_01/meshes\n'}
[0.496704] (two_wheeled_robot) StdoutLine: {'line': b'-- Up-to-date: /home/greyflon/lab_2025/install/two_wheeled_robot/share/two_wheeled_robot/models/aws_robomaker_residential_Chandelier_01/meshes/aws_Chandelier_01_collision.DAE\n'}
[0.496782] (two_wheeled_robot) StdoutLine: {'line': b'-- Up-to-date: /home/greyflon/lab_2025/install/two_wheeled_robot/share/two_wheeled_robot/models/aws_robomaker_residential_Chandelier_01/meshes/aws_Chandelier_01_visual.DAE\n'}
[0.496850] (two_wheeled_robot) StdoutLine: {'line': b'-- Up-to-date: /home/greyflon/lab_2025/install/two_wheeled_robot/share/two_wheeled_robot/models/aws_robomaker_residential_Chandelier_01/meshes/aws_Chandelier_01.DAE\n'}
[0.496913] (two_wheeled_robot) StdoutLine: {'line': b'-- Up-to-date: /home/greyflon/lab_2025/install/two_wheeled_robot/share/two_wheeled_robot/models/aws_robomaker_residential_Chandelier_01/materials\n'}
[0.496981] (two_wheeled_robot) StdoutLine: {'line': b'-- Up-to-date: /home/greyflon/lab_2025/install/two_wheeled_robot/share/two_wheeled_robot/models/aws_robomaker_residential_Chandelier_01/materials/textures\n'}
[0.497044] (two_wheeled_robot) StdoutLine: {'line': b'-- Up-to-date: /home/greyflon/lab_2025/install/two_wheeled_robot/share/two_wheeled_robot/models/aws_robomaker_residential_Chandelier_01/materials/textures/aws_Chandelier_01.png\n'}
[0.497106] (two_wheeled_robot) StdoutLine: {'line': b'-- Up-to-date: /home/greyflon/lab_2025/install/two_wheeled_robot/share/two_wheeled_robot/models/aws_robomaker_residential_Chandelier_01/model.sdf\n'}
[0.497169] (two_wheeled_robot) StdoutLine: {'line': b'-- Up-to-date: /home/greyflon/lab_2025/install/two_wheeled_robot/share/two_wheeled_robot/models/big_plant\n'}
[0.497231] (two_wheeled_robot) StdoutLine: {'line': b'-- Up-to-date: /home/greyflon/lab_2025/install/two_wheeled_robot/share/two_wheeled_robot/models/big_plant/mesh\n'}
[0.497293] (two_wheeled_robot) StdoutLine: {'line': b'-- Up-to-date: /home/greyflon/lab_2025/install/two_wheeled_robot/share/two_wheeled_robot/models/big_plant/mesh/big_plant.stl\n'}
[0.497389] (two_wheeled_robot) StdoutLine: {'line': b'-- Up-to-date: /home/greyflon/lab_2025/install/two_wheeled_robot/share/two_wheeled_robot/models/big_plant/model.config\n'}
[0.497456] (two_wheeled_robot) StdoutLine: {'line': b'-- Up-to-date: /home/greyflon/lab_2025/install/two_wheeled_robot/share/two_wheeled_robot/models/big_plant/model.sdf\n'}
[0.497518] (two_wheeled_robot) StdoutLine: {'line': b'-- Up-to-date: /home/greyflon/lab_2025/install/two_wheeled_robot/share/two_wheeled_robot/models/aws_robomaker_residential_LightC_01\n'}
[0.497581] (two_wheeled_robot) StdoutLine: {'line': b'-- Up-to-date: /home/greyflon/lab_2025/install/two_wheeled_robot/share/two_wheeled_robot/models/aws_robomaker_residential_LightC_01/model.config\n'}
[0.497645] (two_wheeled_robot) StdoutLine: {'line': b'-- Up-to-date: /home/greyflon/lab_2025/install/two_wheeled_robot/share/two_wheeled_robot/models/aws_robomaker_residential_LightC_01/meshes\n'}
[0.497707] (two_wheeled_robot) StdoutLine: {'line': b'-- Up-to-date: /home/greyflon/lab_2025/install/two_wheeled_robot/share/two_wheeled_robot/models/aws_robomaker_residential_LightC_01/meshes/aws_LightC_01_visual.DAE\n'}
[0.497785] (two_wheeled_robot) StdoutLine: {'line': b'-- Up-to-date: /home/greyflon/lab_2025/install/two_wheeled_robot/share/two_wheeled_robot/models/aws_robomaker_residential_LightC_01/meshes/aws_LightC_01_collision.DAE\n'}
[0.497852] (two_wheeled_robot) StdoutLine: {'line': b'-- Up-to-date: /home/greyflon/lab_2025/install/two_wheeled_robot/share/two_wheeled_robot/models/aws_robomaker_residential_LightC_01/materials\n'}
[0.497916] (two_wheeled_robot) StdoutLine: {'line': b'-- Up-to-date: /home/greyflon/lab_2025/install/two_wheeled_robot/share/two_wheeled_robot/models/aws_robomaker_residential_LightC_01/materials/textures\n'}
[0.498033] (two_wheeled_robot) StdoutLine: {'line': b'-- Up-to-date: /home/greyflon/lab_2025/install/two_wheeled_robot/share/two_wheeled_robot/models/aws_robomaker_residential_LightC_01/materials/textures/aws_LightC_01.png\n'}
[0.498097] (two_wheeled_robot) StdoutLine: {'line': b'-- Up-to-date: /home/greyflon/lab_2025/install/two_wheeled_robot/share/two_wheeled_robot/models/aws_robomaker_residential_LightC_01/model.sdf\n'}
[0.498160] (two_wheeled_robot) StdoutLine: {'line': b'-- Up-to-date: /home/greyflon/lab_2025/install/two_wheeled_robot/share/two_wheeled_robot/models/elegant_male\n'}
[0.498222] (two_wheeled_robot) StdoutLine: {'line': b'-- Up-to-date: /home/greyflon/lab_2025/install/two_wheeled_robot/share/two_wheeled_robot/models/elegant_male/model.config\n'}
[0.498284] (two_wheeled_robot) StdoutLine: {'line': b'-- Up-to-date: /home/greyflon/lab_2025/install/two_wheeled_robot/share/two_wheeled_robot/models/elegant_male/meshes\n'}
[0.498362] (two_wheeled_robot) StdoutLine: {'line': b'-- Up-to-date: /home/greyflon/lab_2025/install/two_wheeled_robot/share/two_wheeled_robot/models/elegant_male/meshes/elegant_male.dae\n'}
[0.498424] (two_wheeled_robot) StdoutLine: {'line': b'-- Up-to-date: /home/greyflon/lab_2025/install/two_wheeled_robot/share/two_wheeled_robot/models/elegant_male/meshes/elegant_male.png\n'}
[0.498487] (two_wheeled_robot) StdoutLine: {'line': b'-- Up-to-date: /home/greyflon/lab_2025/install/two_wheeled_robot/share/two_wheeled_robot/models/elegant_male/materials\n'}
[0.498550] (two_wheeled_robot) StdoutLine: {'line': b'-- Up-to-date: /home/greyflon/lab_2025/install/two_wheeled_robot/share/two_wheeled_robot/models/elegant_male/materials/textures\n'}
[0.498612] (two_wheeled_robot) StdoutLine: {'line': b'-- Up-to-date: /home/greyflon/lab_2025/install/two_wheeled_robot/share/two_wheeled_robot/models/elegant_male/materials/textures/shoes01_normal.png\n'}
[0.498675] (two_wheeled_robot) StdoutLine: {'line': b'-- Up-to-date: /home/greyflon/lab_2025/install/two_wheeled_robot/share/two_wheeled_robot/models/elegant_male/materials/textures/short01_diffuse.png\n'}
[0.498745] (two_wheeled_robot) StdoutLine: {'line': b'-- Up-to-date: /home/greyflon/lab_2025/install/two_wheeled_robot/share/two_wheeled_robot/models/elegant_male/materials/textures/eyebrow005.png\n'}
[0.498819] (two_wheeled_robot) StdoutLine: {'line': b'-- Up-to-date: /home/greyflon/lab_2025/install/two_wheeled_robot/share/two_wheeled_robot/models/elegant_male/materials/textures/male_elegantsuit01_diffuse.png\n'}
[0.498882] (two_wheeled_robot) StdoutLine: {'line': b'-- Up-to-date: /home/greyflon/lab_2025/install/two_wheeled_robot/share/two_wheeled_robot/models/elegant_male/materials/textures/young_lightskinned_male_diffuse3.png\n'}
[0.498945] (two_wheeled_robot) StdoutLine: {'line': b'-- Up-to-date: /home/greyflon/lab_2025/install/two_wheeled_robot/share/two_wheeled_robot/models/elegant_male/materials/textures/brown_eye.png\n'}
[0.499008] (two_wheeled_robot) StdoutLine: {'line': b'-- Up-to-date: /home/greyflon/lab_2025/install/two_wheeled_robot/share/two_wheeled_robot/models/elegant_male/materials/textures/shoes01_diffuse.png\n'}
[0.499070] (two_wheeled_robot) StdoutLine: {'line': b'-- Up-to-date: /home/greyflon/lab_2025/install/two_wheeled_robot/share/two_wheeled_robot/models/elegant_male/model.sdf\n'}
[0.499133] (two_wheeled_robot) StdoutLine: {'line': b'-- Up-to-date: /home/greyflon/lab_2025/install/two_wheeled_robot/share/two_wheeled_robot/models/aws_robomaker_hospital_floor_01_walls\n'}
[0.499196] (two_wheeled_robot) StdoutLine: {'line': b'-- Up-to-date: /home/greyflon/lab_2025/install/two_wheeled_robot/share/two_wheeled_robot/models/aws_robomaker_hospital_floor_01_walls/model.config\n'}
[0.499266] (two_wheeled_robot) StdoutLine: {'line': b'-- Up-to-date: /home/greyflon/lab_2025/install/two_wheeled_robot/share/two_wheeled_robot/models/aws_robomaker_hospital_floor_01_walls/meshes\n'}
[0.499330] (two_wheeled_robot) StdoutLine: {'line': b'-- Up-to-date: /home/greyflon/lab_2025/install/two_wheeled_robot/share/two_wheeled_robot/models/aws_robomaker_hospital_floor_01_walls/meshes/aws_robomaker_hospital_floor_01_walls.png\n'}
[0.499451] (two_wheeled_robot) StdoutLine: {'line': b'-- Up-to-date: /home/greyflon/lab_2025/install/two_wheeled_robot/share/two_wheeled_robot/models/aws_robomaker_hospital_floor_01_walls/meshes/aws_robomaker_hospital_floor_01_doorsign.png\n'}
[0.499515] (two_wheeled_robot) StdoutLine: {'line': b'-- Up-to-date: /home/greyflon/lab_2025/install/two_wheeled_robot/share/two_wheeled_robot/models/aws_robomaker_hospital_floor_01_walls/meshes/aws_robomaker_hospital_floor_01_stairs.png\n'}
[0.499578] (two_wheeled_robot) StdoutLine: {'line': b'-- Up-to-date: /home/greyflon/lab_2025/install/two_wheeled_robot/share/two_wheeled_robot/models/aws_robomaker_hospital_floor_01_walls/meshes/aws_robomaker_hospital_floor_01_windows.png\n'}
[0.499641] (two_wheeled_robot) StdoutLine: {'line': b'-- Up-to-date: /home/greyflon/lab_2025/install/two_wheeled_robot/share/two_wheeled_robot/models/aws_robomaker_hospital_floor_01_walls/meshes/aws_robomaker_hospital_floor_01_walls_collision.dae\n'}
[0.499705] (two_wheeled_robot) StdoutLine: {'line': b'-- Up-to-date: /home/greyflon/lab_2025/install/two_wheeled_robot/share/two_wheeled_robot/models/aws_robomaker_hospital_floor_01_walls/meshes/aws_robomaker_hospital_floor_01_bumprail.png\n'}
[0.499784] (two_wheeled_robot) StdoutLine: {'line': b'-- Up-to-date: /home/greyflon/lab_2025/install/two_wheeled_robot/share/two_wheeled_robot/models/aws_robomaker_hospital_floor_01_walls/meshes/aws_robomaker_hospital_floor_01_handrail.png\n'}
[0.499851] (two_wheeled_robot) StdoutLine: {'line': b'-- Up-to-date: /home/greyflon/lab_2025/install/two_wheeled_robot/share/two_wheeled_robot/models/aws_robomaker_hospital_floor_01_walls/meshes/aws_robomaker_hospital_floor_01_doorframes_small.png\n'}
[0.499914] (two_wheeled_robot) StdoutLine: {'line': b'-- Up-to-date: /home/greyflon/lab_2025/install/two_wheeled_robot/share/two_wheeled_robot/models/aws_robomaker_hospital_floor_01_walls/meshes/aws_robomaker_hospital_floor_01_doorframes_big.png\n'}
[0.499977] (two_wheeled_robot) StdoutLine: {'line': b'-- Up-to-date: /home/greyflon/lab_2025/install/two_wheeled_robot/share/two_wheeled_robot/models/aws_robomaker_hospital_floor_01_walls/meshes/aws_robomaker_hospital_floor_01_walls_visual.dae\n'}
[0.500038] (two_wheeled_robot) StdoutLine: {'line': b'-- Up-to-date: /home/greyflon/lab_2025/install/two_wheeled_robot/share/two_wheeled_robot/models/aws_robomaker_hospital_floor_01_walls/model.sdf\n'}
[0.500171] (two_wheeled_robot) StdoutLine: {'line': b'-- Up-to-date: /home/greyflon/lab_2025/install/two_wheeled_robot/share/two_wheeled_robot/models/aws_robomaker_residential_Bed_01\n'}
[0.500235] (two_wheeled_robot) StdoutLine: {'line': b'-- Up-to-date: /home/greyflon/lab_2025/install/two_wheeled_robot/share/two_wheeled_robot/models/aws_robomaker_residential_Bed_01/model.config\n'}
[0.500298] (two_wheeled_robot) StdoutLine: {'line': b'-- Up-to-date: /home/greyflon/lab_2025/install/two_wheeled_robot/share/two_wheeled_robot/models/aws_robomaker_residential_Bed_01/meshes\n'}
[0.500360] (two_wheeled_robot) StdoutLine: {'line': b'-- Up-to-date: /home/greyflon/lab_2025/install/two_wheeled_robot/share/two_wheeled_robot/models/aws_robomaker_residential_Bed_01/meshes/aws_Bed_01_visual.DAE\n'}
[0.500423] (two_wheeled_robot) StdoutLine: {'line': b'-- Up-to-date: /home/greyflon/lab_2025/install/two_wheeled_robot/share/two_wheeled_robot/models/aws_robomaker_residential_Bed_01/meshes/aws_Bed_01_collision.DAE\n'}
[0.500486] (two_wheeled_robot) StdoutLine: {'line': b'-- Up-to-date: /home/greyflon/lab_2025/install/two_wheeled_robot/share/two_wheeled_robot/models/aws_robomaker_residential_Bed_01/materials\n'}
[0.500548] (two_wheeled_robot) StdoutLine: {'line': b'-- Up-to-date: /home/greyflon/lab_2025/install/two_wheeled_robot/share/two_wheeled_robot/models/aws_robomaker_residential_Bed_01/materials/textures\n'}
[0.500611] (two_wheeled_robot) StdoutLine: {'line': b'-- Up-to-date: /home/greyflon/lab_2025/install/two_wheeled_robot/share/two_wheeled_robot/models/aws_robomaker_residential_Bed_01/materials/textures/aws_BedC_01.png\n'}
[0.500685] (two_wheeled_robot) StdoutLine: {'line': b'-- Up-to-date: /home/greyflon/lab_2025/install/two_wheeled_robot/share/two_wheeled_robot/models/aws_robomaker_residential_Bed_01/materials/textures/aws_BedB_01.png\n'}
[0.500763] (two_wheeled_robot) StdoutLine: {'line': b'-- Up-to-date: /home/greyflon/lab_2025/install/two_wheeled_robot/share/two_wheeled_robot/models/aws_robomaker_residential_Bed_01/materials/textures/aws_Bed_01.png\n'}
[0.500848] (two_wheeled_robot) StdoutLine: {'line': b'-- Up-to-date: /home/greyflon/lab_2025/install/two_wheeled_robot/share/two_wheeled_robot/models/aws_robomaker_residential_Bed_01/materials/textures/aws_BedA_01.png\n'}
[0.500929] (two_wheeled_robot) StdoutLine: {'line': b'-- Up-to-date: /home/greyflon/lab_2025/install/two_wheeled_robot/share/two_wheeled_robot/models/aws_robomaker_residential_Bed_01/model.sdf\n'}
[0.501004] (two_wheeled_robot) StdoutLine: {'line': b'-- Up-to-date: /home/greyflon/lab_2025/install/two_wheeled_robot/share/two_wheeled_robot/models/green_tray\n'}
[0.501076] (two_wheeled_robot) StdoutLine: {'line': b'-- Up-to-date: /home/greyflon/lab_2025/install/two_wheeled_robot/share/two_wheeled_robot/models/green_tray/model.config\n'}
[0.501149] (two_wheeled_robot) StdoutLine: {'line': b'-- Up-to-date: /home/greyflon/lab_2025/install/two_wheeled_robot/share/two_wheeled_robot/models/green_tray/meshes\n'}
[0.501220] (-) TimerEvent: {}
[0.501317] (two_wheeled_robot) StdoutLine: {'line': b'-- Up-to-date: /home/greyflon/lab_2025/install/two_wheeled_robot/share/two_wheeled_robot/models/green_tray/meshes/green_tray.dae\n'}
[0.501395] (two_wheeled_robot) StdoutLine: {'line': b'-- Up-to-date: /home/greyflon/lab_2025/install/two_wheeled_robot/share/two_wheeled_robot/models/green_tray/model.sdf\n'}
[0.501468] (two_wheeled_robot) StdoutLine: {'line': b'-- Up-to-date: /home/greyflon/lab_2025/install/two_wheeled_robot/share/two_wheeled_robot/models/target_4x4\n'}
[0.501541] (two_wheeled_robot) StdoutLine: {'line': b'-- Up-to-date: /home/greyflon/lab_2025/install/two_wheeled_robot/share/two_wheeled_robot/models/target_4x4/model.config\n'}
[0.501614] (two_wheeled_robot) StdoutLine: {'line': b'-- Up-to-date: /home/greyflon/lab_2025/install/two_wheeled_robot/share/two_wheeled_robot/models/target_4x4/meshes\n'}
[0.501687] (two_wheeled_robot) StdoutLine: {'line': b'-- Up-to-date: /home/greyflon/lab_2025/install/two_wheeled_robot/share/two_wheeled_robot/models/target_4x4/meshes/target_4x4.dae\n'}
[0.501775] (two_wheeled_robot) StdoutLine: {'line': b'-- Up-to-date: /home/greyflon/lab_2025/install/two_wheeled_robot/share/two_wheeled_robot/models/target_4x4/model.sdf\n'}
[0.501854] (two_wheeled_robot) StdoutLine: {'line': b'-- Up-to-date: /home/greyflon/lab_2025/install/two_wheeled_robot/share/two_wheeled_robot/models/robotbase\n'}
[0.501927] (two_wheeled_robot) StdoutLine: {'line': b'-- Up-to-date: /home/greyflon/lab_2025/install/two_wheeled_robot/share/two_wheeled_robot/models/robotbase/model.config\n'}
[0.501999] (two_wheeled_robot) StdoutLine: {'line': b'-- Up-to-date: /home/greyflon/lab_2025/install/two_wheeled_robot/share/two_wheeled_robot/models/robotbase/model.sdf\n'}
[0.502072] (two_wheeled_robot) StdoutLine: {'line': b'-- Up-to-date: /home/greyflon/lab_2025/install/two_wheeled_robot/share/two_wheeled_robot/models/washer\n'}
[0.502145] (two_wheeled_robot) StdoutLine: {'line': b'-- Up-to-date: /home/greyflon/lab_2025/install/two_wheeled_robot/share/two_wheeled_robot/models/washer/model.config\n'}
[0.502218] (two_wheeled_robot) StdoutLine: {'line': b'-- Up-to-date: /home/greyflon/lab_2025/install/two_wheeled_robot/share/two_wheeled_robot/models/washer/meshes\n'}
[0.502292] (two_wheeled_robot) StdoutLine: {'line': b'-- Up-to-date: /home/greyflon/lab_2025/install/two_wheeled_robot/share/two_wheeled_robot/models/washer/meshes/washer.dae\n'}
[0.502364] (two_wheeled_robot) StdoutLine: {'line': b'-- Up-to-date: /home/greyflon/lab_2025/install/two_wheeled_robot/share/two_wheeled_robot/models/washer/model.sdf\n'}
[0.502447] (two_wheeled_robot) StdoutLine: {'line': b'-- Up-to-date: /home/greyflon/lab_2025/install/two_wheeled_robot/share/two_wheeled_robot/models/washer/model.rsdf\n'}
[0.502520] (two_wheeled_robot) StdoutLine: {'line': b'-- Up-to-date: /home/greyflon/lab_2025/install/two_wheeled_robot/share/two_wheeled_robot/models/aws_robomaker_hospital_curtain_closed_01\n'}
[0.502751] (two_wheeled_robot) StdoutLine: {'line': b'-- Up-to-date: /home/greyflon/lab_2025/install/two_wheeled_robot/share/two_wheeled_robot/models/aws_robomaker_hospital_curtain_closed_01/model.config\n'}
[0.502839] (two_wheeled_robot) StdoutLine: {'line': b'-- Up-to-date: /home/greyflon/lab_2025/install/two_wheeled_robot/share/two_wheeled_robot/models/aws_robomaker_hospital_curtain_closed_01/meshes\n'}
[0.502913] (two_wheeled_robot) StdoutLine: {'line': b'-- Up-to-date: /home/greyflon/lab_2025/install/two_wheeled_robot/share/two_wheeled_robot/models/aws_robomaker_hospital_curtain_closed_01/meshes/aws_robomaker_hospital_curtainrail_01_visual.png\n'}
[0.502985] (two_wheeled_robot) StdoutLine: {'line': b'-- Up-to-date: /home/greyflon/lab_2025/install/two_wheeled_robot/share/two_wheeled_robot/models/aws_robomaker_hospital_curtain_closed_01/meshes/aws_robomaker_hospital_curtain_closed_01_low.png\n'}
[0.503058] (two_wheeled_robot) StdoutLine: {'line': b'-- Up-to-date: /home/greyflon/lab_2025/install/two_wheeled_robot/share/two_wheeled_robot/models/aws_robomaker_hospital_curtain_closed_01/meshes/aws_robomaker_hospital_curtainrail_01_visual_normal.png\n'}
[0.503131] (two_wheeled_robot) StdoutLine: {'line': b'-- Up-to-date: /home/greyflon/lab_2025/install/two_wheeled_robot/share/two_wheeled_robot/models/aws_robomaker_hospital_curtain_closed_01/meshes/aws_robomaker_hospital_curtain_closed_01_low_normal.png\n'}
[0.503204] (two_wheeled_robot) StdoutLine: {'line': b'-- Up-to-date: /home/greyflon/lab_2025/install/two_wheeled_robot/share/two_wheeled_robot/models/aws_robomaker_hospital_curtain_closed_01/meshes/aws_robomaker_hospital_curtain_closed_01_visual.dae\n'}
[0.503277] (two_wheeled_robot) StdoutLine: {'line': b'-- Up-to-date: /home/greyflon/lab_2025/install/two_wheeled_robot/share/two_wheeled_robot/models/aws_robomaker_hospital_curtain_closed_01/meshes/aws_robomaker_hospital_curtain_closed_01_collision.dae\n'}
[0.503358] (two_wheeled_robot) StdoutLine: {'line': b'-- Up-to-date: /home/greyflon/lab_2025/install/two_wheeled_robot/share/two_wheeled_robot/models/aws_robomaker_hospital_curtain_closed_01/meshes/aws_robomaker_hospital_curtain_closed_01_visual_normal.png\n'}
[0.503434] (two_wheeled_robot) StdoutLine: {'line': b'-- Up-to-date: /home/greyflon/lab_2025/install/two_wheeled_robot/share/two_wheeled_robot/models/aws_robomaker_hospital_curtain_closed_01/meshes/aws_robomaker_hospital_curtain_closed_01_visual.png\n'}
[0.503507] (two_wheeled_robot) StdoutLine: {'line': b'-- Up-to-date: /home/greyflon/lab_2025/install/two_wheeled_robot/share/two_wheeled_robot/models/aws_robomaker_hospital_curtain_closed_01/meshes/aws_robomaker_hospital_curtainrail_01_low.png\n'}
[0.503580] (two_wheeled_robot) StdoutLine: {'line': b'-- Up-to-date: /home/greyflon/lab_2025/install/two_wheeled_robot/share/two_wheeled_robot/models/aws_robomaker_hospital_curtain_closed_01/meshes/aws_robomaker_hospital_curtainrail_01_low_normal.png\n'}
[0.503654] (two_wheeled_robot) StdoutLine: {'line': b'-- Up-to-date: /home/greyflon/lab_2025/install/two_wheeled_robot/share/two_wheeled_robot/models/aws_robomaker_hospital_curtain_closed_01/model.sdf\n'}
[0.503732] (two_wheeled_robot) StdoutLine: {'line': b'-- Up-to-date: /home/greyflon/lab_2025/install/two_wheeled_robot/share/two_wheeled_robot/models/BPCart\n'}
[0.503837] (two_wheeled_robot) StdoutLine: {'line': b'-- Up-to-date: /home/greyflon/lab_2025/install/two_wheeled_robot/share/two_wheeled_robot/models/BPCart/model.config\n'}
[0.503911] (two_wheeled_robot) StdoutLine: {'line': b'-- Up-to-date: /home/greyflon/lab_2025/install/two_wheeled_robot/share/two_wheeled_robot/models/BPCart/meshes\n'}
[0.503983] (two_wheeled_robot) StdoutLine: {'line': b'-- Up-to-date: /home/greyflon/lab_2025/install/two_wheeled_robot/share/two_wheeled_robot/models/BPCart/meshes/Cart_BP_Diffuse.png\n'}
[0.504120] (two_wheeled_robot) StdoutLine: {'line': b'-- Up-to-date: /home/greyflon/lab_2025/install/two_wheeled_robot/share/two_wheeled_robot/models/BPCart/meshes/Carts_Wheels_Diffuse.png\n'}
[0.504194] (two_wheeled_robot) StdoutLine: {'line': b'-- Up-to-date: /home/greyflon/lab_2025/install/two_wheeled_robot/share/two_wheeled_robot/models/BPCart/meshes/Cart_BP_Col.obj\n'}
[0.504268] (two_wheeled_robot) StdoutLine: {'line': b'-- Up-to-date: /home/greyflon/lab_2025/install/two_wheeled_robot/share/two_wheeled_robot/models/BPCart/meshes/Cart_BP_Col.mtl\n'}
[0.504341] (two_wheeled_robot) StdoutLine: {'line': b'-- Up-to-date: /home/greyflon/lab_2025/install/two_wheeled_robot/share/two_wheeled_robot/models/BPCart/meshes/Cart_BP.obj\n'}
[0.504413] (two_wheeled_robot) StdoutLine: {'line': b'-- Up-to-date: /home/greyflon/lab_2025/install/two_wheeled_robot/share/two_wheeled_robot/models/BPCart/meshes/Cart_BP.mtl\n'}
[0.504485] (two_wheeled_robot) StdoutLine: {'line': b'-- Up-to-date: /home/greyflon/lab_2025/install/two_wheeled_robot/share/two_wheeled_robot/models/BPCart/meshes/BP_BP_LP_SpecularGloss.png\n'}
[0.504558] (two_wheeled_robot) StdoutLine: {'line': b'-- Up-to-date: /home/greyflon/lab_2025/install/two_wheeled_robot/share/two_wheeled_robot/models/BPCart/meshes/BP_BP_LP_Normal.png\n'}
[0.504631] (two_wheeled_robot) StdoutLine: {'line': b'-- Up-to-date: /home/greyflon/lab_2025/install/two_wheeled_robot/share/two_wheeled_robot/models/BPCart/thumbnails\n'}
[0.504703] (two_wheeled_robot) StdoutLine: {'line': b'-- Up-to-date: /home/greyflon/lab_2025/install/two_wheeled_robot/share/two_wheeled_robot/models/BPCart/thumbnails/5.png\n'}
[0.504986] (two_wheeled_robot) StdoutLine: {'line': b'-- Up-to-date: /home/greyflon/lab_2025/install/two_wheeled_robot/share/two_wheeled_robot/models/BPCart/thumbnails/1.png\n'}
[0.505067] (two_wheeled_robot) StdoutLine: {'line': b'-- Up-to-date: /home/greyflon/lab_2025/install/two_wheeled_robot/share/two_wheeled_robot/models/BPCart/thumbnails/2.png\n'}
[0.505141] (two_wheeled_robot) StdoutLine: {'line': b'-- Up-to-date: /home/greyflon/lab_2025/install/two_wheeled_robot/share/two_wheeled_robot/models/BPCart/thumbnails/4.png\n'}
[0.505214] (two_wheeled_robot) StdoutLine: {'line': b'-- Up-to-date: /home/greyflon/lab_2025/install/two_wheeled_robot/share/two_wheeled_robot/models/BPCart/thumbnails/3.png\n'}
[0.505287] (two_wheeled_robot) StdoutLine: {'line': b'-- Up-to-date: /home/greyflon/lab_2025/install/two_wheeled_robot/share/two_wheeled_robot/models/BPCart/model.sdf\n'}
[0.505360] (two_wheeled_robot) StdoutLine: {'line': b'-- Up-to-date: /home/greyflon/lab_2025/install/two_wheeled_robot/share/two_wheeled_robot/models/TrolleyBedPatient\n'}
[0.505434] (two_wheeled_robot) StdoutLine: {'line': b'-- Up-to-date: /home/greyflon/lab_2025/install/two_wheeled_robot/share/two_wheeled_robot/models/TrolleyBedPatient/model.config\n'}
[0.505506] (two_wheeled_robot) StdoutLine: {'line': b'-- Up-to-date: /home/greyflon/lab_2025/install/two_wheeled_robot/share/two_wheeled_robot/models/TrolleyBedPatient/meshes\n'}
[0.505579] (two_wheeled_robot) StdoutLine: {'line': b'-- Up-to-date: /home/greyflon/lab_2025/install/two_wheeled_robot/share/two_wheeled_robot/models/TrolleyBedPatient/meshes/PatientF.png\n'}
[0.505652] (two_wheeled_robot) StdoutLine: {'line': b'-- Up-to-date: /home/greyflon/lab_2025/install/two_wheeled_robot/share/two_wheeled_robot/models/TrolleyBedPatient/meshes/TrolleyBedPatient.mtl\n'}
[0.505742] (two_wheeled_robot) StdoutLine: {'line': b'-- Up-to-date: /home/greyflon/lab_2025/install/two_wheeled_robot/share/two_wheeled_robot/models/TrolleyBedPatient/meshes/TrolleyBedPatient.obj\n'}
[0.505828] (two_wheeled_robot) StdoutLine: {'line': b'-- Up-to-date: /home/greyflon/lab_2025/install/two_wheeled_robot/share/two_wheeled_robot/models/TrolleyBedPatient/meshes/TrolleyBed_Diffuse.png\n'}
[0.505902] (two_wheeled_robot) StdoutLine: {'line': b'-- Up-to-date: /home/greyflon/lab_2025/install/two_wheeled_robot/share/two_wheeled_robot/models/TrolleyBedPatient/thumbnails\n'}
[0.505984] (two_wheeled_robot) StdoutLine: {'line': b'-- Up-to-date: /home/greyflon/lab_2025/install/two_wheeled_robot/share/two_wheeled_robot/models/TrolleyBedPatient/thumbnails/5.png\n'}
[0.506056] (two_wheeled_robot) StdoutLine: {'line': b'-- Up-to-date: /home/greyflon/lab_2025/install/two_wheeled_robot/share/two_wheeled_robot/models/TrolleyBedPatient/thumbnails/1.png\n'}
[0.506129] (two_wheeled_robot) StdoutLine: {'line': b'-- Up-to-date: /home/greyflon/lab_2025/install/two_wheeled_robot/share/two_wheeled_robot/models/TrolleyBedPatient/thumbnails/2.png\n'}
[0.506202] (two_wheeled_robot) StdoutLine: {'line': b'-- Up-to-date: /home/greyflon/lab_2025/install/two_wheeled_robot/share/two_wheeled_robot/models/TrolleyBedPatient/thumbnails/4.png\n'}
[0.506274] (two_wheeled_robot) StdoutLine: {'line': b'-- Up-to-date: /home/greyflon/lab_2025/install/two_wheeled_robot/share/two_wheeled_robot/models/TrolleyBedPatient/thumbnails/3.png\n'}
[0.506347] (two_wheeled_robot) StdoutLine: {'line': b'-- Up-to-date: /home/greyflon/lab_2025/install/two_wheeled_robot/share/two_wheeled_robot/models/TrolleyBedPatient/model.sdf\n'}
[0.506420] (two_wheeled_robot) StdoutLine: {'line': b'-- Up-to-date: /home/greyflon/lab_2025/install/two_wheeled_robot/share/two_wheeled_robot/models/aws_robomaker_residential_PortraitA_01\n'}
[0.506493] (two_wheeled_robot) StdoutLine: {'line': b'-- Up-to-date: /home/greyflon/lab_2025/install/two_wheeled_robot/share/two_wheeled_robot/models/aws_robomaker_residential_PortraitA_01/model.config\n'}
[0.506566] (two_wheeled_robot) StdoutLine: {'line': b'-- Up-to-date: /home/greyflon/lab_2025/install/two_wheeled_robot/share/two_wheeled_robot/models/aws_robomaker_residential_PortraitA_01/meshes\n'}
[0.506639] (two_wheeled_robot) StdoutLine: {'line': b'-- Up-to-date: /home/greyflon/lab_2025/install/two_wheeled_robot/share/two_wheeled_robot/models/aws_robomaker_residential_PortraitA_01/meshes/aws_PortraitA_01_visual.DAE\n'}
[0.506713] (two_wheeled_robot) StdoutLine: {'line': b'-- Up-to-date: /home/greyflon/lab_2025/install/two_wheeled_robot/share/two_wheeled_robot/models/aws_robomaker_residential_PortraitA_01/meshes/aws_PortraitA_01_collision.DAE\n'}
[0.506799] (two_wheeled_robot) StdoutLine: {'line': b'-- Up-to-date: /home/greyflon/lab_2025/install/two_wheeled_robot/share/two_wheeled_robot/models/aws_robomaker_residential_PortraitA_01/materials\n'}
[0.506876] (two_wheeled_robot) StdoutLine: {'line': b'-- Up-to-date: /home/greyflon/lab_2025/install/two_wheeled_robot/share/two_wheeled_robot/models/aws_robomaker_residential_PortraitA_01/materials/textures\n'}
[0.506949] (two_wheeled_robot) StdoutLine: {'line': b'-- Up-to-date: /home/greyflon/lab_2025/install/two_wheeled_robot/share/two_wheeled_robot/models/aws_robomaker_residential_PortraitA_01/materials/textures/aws_PortraitA_01.png\n'}
[0.507022] (two_wheeled_robot) StdoutLine: {'line': b'-- Up-to-date: /home/greyflon/lab_2025/install/two_wheeled_robot/share/two_wheeled_robot/models/aws_robomaker_residential_PortraitA_01/materials/textures/aws_PortraitA_02.png\n'}
[0.507096] (two_wheeled_robot) StdoutLine: {'line': b'-- Up-to-date: /home/greyflon/lab_2025/install/two_wheeled_robot/share/two_wheeled_robot/models/aws_robomaker_residential_PortraitA_01/materials/textures/PortraitA_01.jpg\n'}
[0.507169] (two_wheeled_robot) StdoutLine: {'line': b'-- Up-to-date: /home/greyflon/lab_2025/install/two_wheeled_robot/share/two_wheeled_robot/models/aws_robomaker_residential_PortraitA_01/model.sdf\n'}
[0.507511] (two_wheeled_robot) StdoutLine: {'line': b'-- Up-to-date: /home/greyflon/lab_2025/install/two_wheeled_robot/share/two_wheeled_robot/models/aws_robomaker_residential_Vase_01\n'}
[0.507589] (two_wheeled_robot) StdoutLine: {'line': b'-- Up-to-date: /home/greyflon/lab_2025/install/two_wheeled_robot/share/two_wheeled_robot/models/aws_robomaker_residential_Vase_01/model.config\n'}
[0.507663] (two_wheeled_robot) StdoutLine: {'line': b'-- Up-to-date: /home/greyflon/lab_2025/install/two_wheeled_robot/share/two_wheeled_robot/models/aws_robomaker_residential_Vase_01/meshes\n'}
[0.507815] (two_wheeled_robot) StdoutLine: {'line': b'-- Up-to-date: /home/greyflon/lab_2025/install/two_wheeled_robot/share/two_wheeled_robot/models/aws_robomaker_residential_Vase_01/meshes/aws_Vase_01_collision.DAE\n'}
[0.507893] (two_wheeled_robot) StdoutLine: {'line': b'-- Up-to-date: /home/greyflon/lab_2025/install/two_wheeled_robot/share/two_wheeled_robot/models/aws_robomaker_residential_Vase_01/meshes/aws_Vase_01_visual.DAE\n'}
[0.507966] (two_wheeled_robot) StdoutLine: {'line': b'-- Up-to-date: /home/greyflon/lab_2025/install/two_wheeled_robot/share/two_wheeled_robot/models/aws_robomaker_residential_Vase_01/materials\n'}
[0.508039] (two_wheeled_robot) StdoutLine: {'line': b'-- Up-to-date: /home/greyflon/lab_2025/install/two_wheeled_robot/share/two_wheeled_robot/models/aws_robomaker_residential_Vase_01/materials/textures\n'}
[0.508120] (two_wheeled_robot) StdoutLine: {'line': b'-- Up-to-date: /home/greyflon/lab_2025/install/two_wheeled_robot/share/two_wheeled_robot/models/aws_robomaker_residential_Vase_01/materials/textures/aws_Vase_01.png\n'}
[0.508195] (two_wheeled_robot) StdoutLine: {'line': b'-- Up-to-date: /home/greyflon/lab_2025/install/two_wheeled_robot/share/two_wheeled_robot/models/aws_robomaker_residential_Vase_01/model.sdf\n'}
[0.508268] (two_wheeled_robot) StdoutLine: {'line': b'-- Up-to-date: /home/greyflon/lab_2025/install/two_wheeled_robot/share/two_wheeled_robot/models/aws_robomaker_residential_TVCabinet_01\n'}
[0.508341] (two_wheeled_robot) StdoutLine: {'line': b'-- Up-to-date: /home/greyflon/lab_2025/install/two_wheeled_robot/share/two_wheeled_robot/models/aws_robomaker_residential_TVCabinet_01/model.config\n'}
[0.508414] (two_wheeled_robot) StdoutLine: {'line': b'-- Up-to-date: /home/greyflon/lab_2025/install/two_wheeled_robot/share/two_wheeled_robot/models/aws_robomaker_residential_TVCabinet_01/meshes\n'}
[0.508487] (two_wheeled_robot) StdoutLine: {'line': b'-- Up-to-date: /home/greyflon/lab_2025/install/two_wheeled_robot/share/two_wheeled_robot/models/aws_robomaker_residential_TVCabinet_01/meshes/aws_TVCabinet_01_visual.DAE\n'}
[0.508560] (two_wheeled_robot) StdoutLine: {'line': b'-- Up-to-date: /home/greyflon/lab_2025/install/two_wheeled_robot/share/two_wheeled_robot/models/aws_robomaker_residential_TVCabinet_01/meshes/aws_TVCabinet_01_collision.DAE\n'}
[0.508634] (two_wheeled_robot) StdoutLine: {'line': b'-- Up-to-date: /home/greyflon/lab_2025/install/two_wheeled_robot/share/two_wheeled_robot/models/aws_robomaker_residential_TVCabinet_01/materials\n'}
[0.508707] (two_wheeled_robot) StdoutLine: {'line': b'-- Up-to-date: /home/greyflon/lab_2025/install/two_wheeled_robot/share/two_wheeled_robot/models/aws_robomaker_residential_TVCabinet_01/materials/textures\n'}
[0.508807] (two_wheeled_robot) StdoutLine: {'line': b'-- Up-to-date: /home/greyflon/lab_2025/install/two_wheeled_robot/share/two_wheeled_robot/models/aws_robomaker_residential_TVCabinet_01/materials/textures/aws_TVCabinet_01.png\n'}
[0.508884] (two_wheeled_robot) StdoutLine: {'line': b'-- Up-to-date: /home/greyflon/lab_2025/install/two_wheeled_robot/share/two_wheeled_robot/models/aws_robomaker_residential_TVCabinet_01/model.sdf\n'}
[0.508957] (two_wheeled_robot) StdoutLine: {'line': b'-- Up-to-date: /home/greyflon/lab_2025/install/two_wheeled_robot/share/two_wheeled_robot/models/europallet\n'}
[0.509030] (two_wheeled_robot) StdoutLine: {'line': b'-- Up-to-date: /home/greyflon/lab_2025/install/two_wheeled_robot/share/two_wheeled_robot/models/europallet/model.config\n'}
[0.509102] (two_wheeled_robot) StdoutLine: {'line': b'-- Up-to-date: /home/greyflon/lab_2025/install/two_wheeled_robot/share/two_wheeled_robot/models/europallet/meshes\n'}
[0.509174] (two_wheeled_robot) StdoutLine: {'line': b'-- Up-to-date: /home/greyflon/lab_2025/install/two_wheeled_robot/share/two_wheeled_robot/models/europallet/meshes/europallet.dae\n'}
[0.509247] (two_wheeled_robot) StdoutLine: {'line': b'-- Up-to-date: /home/greyflon/lab_2025/install/two_wheeled_robot/share/two_wheeled_robot/models/europallet/materials\n'}
[0.509391] (two_wheeled_robot) StdoutLine: {'line': b'-- Up-to-date: /home/greyflon/lab_2025/install/two_wheeled_robot/share/two_wheeled_robot/models/europallet/materials/textures\n'}
[0.509466] (two_wheeled_robot) StdoutLine: {'line': b'-- Up-to-date: /home/greyflon/lab_2025/install/two_wheeled_robot/share/two_wheeled_robot/models/europallet/materials/textures/Wood_Grain_Dark.jpg\n'}
[0.509540] (two_wheeled_robot) StdoutLine: {'line': b'-- Up-to-date: /home/greyflon/lab_2025/install/two_wheeled_robot/share/two_wheeled_robot/models/europallet/model.sdf\n'}
[0.509613] (two_wheeled_robot) StdoutLine: {'line': b'-- Up-to-date: /home/greyflon/lab_2025/install/two_wheeled_robot/share/two_wheeled_robot/models/PatientWheelChair\n'}
[0.509686] (two_wheeled_robot) StdoutLine: {'line': b'-- Up-to-date: /home/greyflon/lab_2025/install/two_wheeled_robot/share/two_wheeled_robot/models/PatientWheelChair/model.config\n'}
[0.509776] (two_wheeled_robot) StdoutLine: {'line': b'-- Up-to-date: /home/greyflon/lab_2025/install/two_wheeled_robot/share/two_wheeled_robot/models/PatientWheelChair/meshes\n'}
[0.509964] (two_wheeled_robot) StdoutLine: {'line': b'-- Up-to-date: /home/greyflon/lab_2025/install/two_wheeled_robot/share/two_wheeled_robot/models/PatientWheelChair/meshes/PatientWheelChair_Diffuse.png\n'}
[0.510043] (two_wheeled_robot) StdoutLine: {'line': b'-- Up-to-date: /home/greyflon/lab_2025/install/two_wheeled_robot/share/two_wheeled_robot/models/PatientWheelChair/meshes/PatientWheelChair_Col.mtl\n'}
[0.510115] (two_wheeled_robot) StdoutLine: {'line': b'-- Up-to-date: /home/greyflon/lab_2025/install/two_wheeled_robot/share/two_wheeled_robot/models/PatientWheelChair/meshes/PatientWheelChair_Col.obj\n'}
[0.510187] (two_wheeled_robot) StdoutLine: {'line': b'-- Up-to-date: /home/greyflon/lab_2025/install/two_wheeled_robot/share/two_wheeled_robot/models/PatientWheelChair/meshes/PatientWheelChair.mtl\n'}
[0.510259] (two_wheeled_robot) StdoutLine: {'line': b'-- Up-to-date: /home/greyflon/lab_2025/install/two_wheeled_robot/share/two_wheeled_robot/models/PatientWheelChair/meshes/PatientWheelChair.obj\n'}
[0.510338] (two_wheeled_robot) StdoutLine: {'line': b'-- Up-to-date: /home/greyflon/lab_2025/install/two_wheeled_robot/share/two_wheeled_robot/models/PatientWheelChair/thumbnails\n'}
[0.510412] (two_wheeled_robot) StdoutLine: {'line': b'-- Up-to-date: /home/greyflon/lab_2025/install/two_wheeled_robot/share/two_wheeled_robot/models/PatientWheelChair/thumbnails/5.png\n'}
[0.510484] (two_wheeled_robot) StdoutLine: {'line': b'-- Up-to-date: /home/greyflon/lab_2025/install/two_wheeled_robot/share/two_wheeled_robot/models/PatientWheelChair/thumbnails/1.png\n'}
[0.510556] (two_wheeled_robot) StdoutLine: {'line': b'-- Up-to-date: /home/greyflon/lab_2025/install/two_wheeled_robot/share/two_wheeled_robot/models/PatientWheelChair/thumbnails/2.png\n'}
[0.510628] (two_wheeled_robot) StdoutLine: {'line': b'-- Up-to-date: /home/greyflon/lab_2025/install/two_wheeled_robot/share/two_wheeled_robot/models/PatientWheelChair/thumbnails/4.png\n'}
[0.510700] (two_wheeled_robot) StdoutLine: {'line': b'-- Up-to-date: /home/greyflon/lab_2025/install/two_wheeled_robot/share/two_wheeled_robot/models/PatientWheelChair/thumbnails/3.png\n'}
[0.510788] (two_wheeled_robot) StdoutLine: {'line': b'-- Up-to-date: /home/greyflon/lab_2025/install/two_wheeled_robot/share/two_wheeled_robot/models/PatientWheelChair/model.sdf\n'}
[0.510864] (two_wheeled_robot) StdoutLine: {'line': b'-- Up-to-date: /home/greyflon/lab_2025/install/two_wheeled_robot/share/two_wheeled_robot/models/aws_robomaker_hospital_elevator_01_car\n'}
[0.510935] (two_wheeled_robot) StdoutLine: {'line': b'-- Up-to-date: /home/greyflon/lab_2025/install/two_wheeled_robot/share/two_wheeled_robot/models/aws_robomaker_hospital_elevator_01_car/model.config\n'}
[0.511007] (two_wheeled_robot) StdoutLine: {'line': b'-- Up-to-date: /home/greyflon/lab_2025/install/two_wheeled_robot/share/two_wheeled_robot/models/aws_robomaker_hospital_elevator_01_car/meshes\n'}
[0.511078] (two_wheeled_robot) StdoutLine: {'line': b'-- Up-to-date: /home/greyflon/lab_2025/install/two_wheeled_robot/share/two_wheeled_robot/models/aws_robomaker_hospital_elevator_01_car/meshes/aws_robomaker_hospital_elevator_01_car_collision.dae\n'}
[0.511160] (two_wheeled_robot) StdoutLine: {'line': b'-- Up-to-date: /home/greyflon/lab_2025/install/two_wheeled_robot/share/two_wheeled_robot/models/aws_robomaker_hospital_elevator_01_car/meshes/aws_robomaker_hospital_elevator_01_car_low.dae\n'}
[0.511232] (two_wheeled_robot) StdoutLine: {'line': b'-- Up-to-date: /home/greyflon/lab_2025/install/two_wheeled_robot/share/two_wheeled_robot/models/aws_robomaker_hospital_elevator_01_car/meshes/aws_robomaker_hospital_elevator_01_visual_normal.png\n'}
[0.511304] (two_wheeled_robot) StdoutLine: {'line': b'-- Up-to-date: /home/greyflon/lab_2025/install/two_wheeled_robot/share/two_wheeled_robot/models/aws_robomaker_hospital_elevator_01_car/meshes/aws_robomaker_hospital_elevator_01_low.png\n'}
[0.511375] (two_wheeled_robot) StdoutLine: {'line': b'-- Up-to-date: /home/greyflon/lab_2025/install/two_wheeled_robot/share/two_wheeled_robot/models/aws_robomaker_hospital_elevator_01_car/meshes/aws_robomaker_hospital_elevator_01_low_normal.png\n'}
[0.511447] (two_wheeled_robot) StdoutLine: {'line': b'-- Up-to-date: /home/greyflon/lab_2025/install/two_wheeled_robot/share/two_wheeled_robot/models/aws_robomaker_hospital_elevator_01_car/meshes/aws_robomaker_hospital_elevator_01_car_visual.dae\n'}
[0.511518] (two_wheeled_robot) StdoutLine: {'line': b'-- Up-to-date: /home/greyflon/lab_2025/install/two_wheeled_robot/share/two_wheeled_robot/models/aws_robomaker_hospital_elevator_01_car/meshes/aws_robomaker_hospital_elevator_01_visual.png\n'}
[0.511590] (two_wheeled_robot) StdoutLine: {'line': b'-- Up-to-date: /home/greyflon/lab_2025/install/two_wheeled_robot/share/two_wheeled_robot/models/aws_robomaker_hospital_elevator_01_car/model.sdf\n'}
[0.511662] (two_wheeled_robot) StdoutLine: {'line': b'-- Up-to-date: /home/greyflon/lab_2025/install/two_wheeled_robot/share/two_wheeled_robot/models/aws_robomaker_residential_AirconditionerB_01\n'}
[0.511740] (two_wheeled_robot) StdoutLine: {'line': b'-- Up-to-date: /home/greyflon/lab_2025/install/two_wheeled_robot/share/two_wheeled_robot/models/aws_robomaker_residential_AirconditionerB_01/model.config\n'}
[0.511899] (two_wheeled_robot) StdoutLine: {'line': b'-- Up-to-date: /home/greyflon/lab_2025/install/two_wheeled_robot/share/two_wheeled_robot/models/aws_robomaker_residential_AirconditionerB_01/meshes\n'}
[0.511974] (two_wheeled_robot) StdoutLine: {'line': b'-- Up-to-date: /home/greyflon/lab_2025/install/two_wheeled_robot/share/two_wheeled_robot/models/aws_robomaker_residential_AirconditionerB_01/meshes/aws_AirconditionerB_01_visual.DAE\n'}
[0.512081] (two_wheeled_robot) StdoutLine: {'line': b'-- Up-to-date: /home/greyflon/lab_2025/install/two_wheeled_robot/share/two_wheeled_robot/models/aws_robomaker_residential_AirconditionerB_01/meshes/aws_AirconditionerB_01_collision.DAE\n'}
[0.512156] (two_wheeled_robot) StdoutLine: {'line': b'-- Up-to-date: /home/greyflon/lab_2025/install/two_wheeled_robot/share/two_wheeled_robot/models/aws_robomaker_residential_AirconditionerB_01/materials\n'}
[0.512230] (two_wheeled_robot) StdoutLine: {'line': b'-- Up-to-date: /home/greyflon/lab_2025/install/two_wheeled_robot/share/two_wheeled_robot/models/aws_robomaker_residential_AirconditionerB_01/materials/textures\n'}
[0.512359] (two_wheeled_robot) StdoutLine: {'line': b'-- Up-to-date: /home/greyflon/lab_2025/install/two_wheeled_robot/share/two_wheeled_robot/models/aws_robomaker_residential_AirconditionerB_01/materials/textures/aws_AirconditionerB_01.png\n'}
[0.512437] (two_wheeled_robot) StdoutLine: {'line': b'-- Up-to-date: /home/greyflon/lab_2025/install/two_wheeled_robot/share/two_wheeled_robot/models/aws_robomaker_residential_AirconditionerB_01/model.sdf\n'}
[0.512510] (two_wheeled_robot) StdoutLine: {'line': b'-- Up-to-date: /home/greyflon/lab_2025/install/two_wheeled_robot/share/two_wheeled_robot/models/aws_robomaker_residential_SofaB_01\n'}
[0.512604] (two_wheeled_robot) StdoutLine: {'line': b'-- Up-to-date: /home/greyflon/lab_2025/install/two_wheeled_robot/share/two_wheeled_robot/models/aws_robomaker_residential_SofaB_01/model.config\n'}
[0.512678] (two_wheeled_robot) StdoutLine: {'line': b'-- Up-to-date: /home/greyflon/lab_2025/install/two_wheeled_robot/share/two_wheeled_robot/models/aws_robomaker_residential_SofaB_01/meshes\n'}
[0.512808] (two_wheeled_robot) StdoutLine: {'line': b'-- Up-to-date: /home/greyflon/lab_2025/install/two_wheeled_robot/share/two_wheeled_robot/models/aws_robomaker_residential_SofaB_01/meshes/aws_SofaB_01_collision.DAE\n'}
[0.513682] (two_wheeled_robot) StdoutLine: {'line': b'-- Up-to-date: /home/greyflon/lab_2025/install/two_wheeled_robot/share/two_wheeled_robot/models/aws_robomaker_residential_SofaB_01/meshes/aws_SofaB_01_visual.DAE\n'}
[0.513927] (two_wheeled_robot) StdoutLine: {'line': b'-- Up-to-date: /home/greyflon/lab_2025/install/two_wheeled_robot/share/two_wheeled_robot/models/aws_robomaker_residential_SofaB_01/materials\n'}
[0.514168] (two_wheeled_robot) StdoutLine: {'line': b'-- Up-to-date: /home/greyflon/lab_2025/install/two_wheeled_robot/share/two_wheeled_robot/models/aws_robomaker_residential_SofaB_01/materials/textures\n'}
[0.514405] (two_wheeled_robot) StdoutLine: {'line': b'-- Up-to-date: /home/greyflon/lab_2025/install/two_wheeled_robot/share/two_wheeled_robot/models/aws_robomaker_residential_SofaB_01/materials/textures/aws_SofaB_01.png\n'}
[0.514657] (two_wheeled_robot) StdoutLine: {'line': b'-- Up-to-date: /home/greyflon/lab_2025/install/two_wheeled_robot/share/two_wheeled_robot/models/aws_robomaker_residential_SofaB_01/model.sdf\n'}
[0.514872] (two_wheeled_robot) StdoutLine: {'line': b'-- Up-to-date: /home/greyflon/lab_2025/install/two_wheeled_robot/share/two_wheeled_robot/models/aws_robomaker_residential_Door_01\n'}
[0.514998] (two_wheeled_robot) StdoutLine: {'line': b'-- Up-to-date: /home/greyflon/lab_2025/install/two_wheeled_robot/share/two_wheeled_robot/models/aws_robomaker_residential_Door_01/model.config\n'}
[0.515082] (two_wheeled_robot) StdoutLine: {'line': b'-- Up-to-date: /home/greyflon/lab_2025/install/two_wheeled_robot/share/two_wheeled_robot/models/aws_robomaker_residential_Door_01/meshes\n'}
[0.515165] (two_wheeled_robot) StdoutLine: {'line': b'-- Up-to-date: /home/greyflon/lab_2025/install/two_wheeled_robot/share/two_wheeled_robot/models/aws_robomaker_residential_Door_01/meshes/aws_Door_01_visual.DAE\n'}
[0.515249] (two_wheeled_robot) StdoutLine: {'line': b'-- Up-to-date: /home/greyflon/lab_2025/install/two_wheeled_robot/share/two_wheeled_robot/models/aws_robomaker_residential_Door_01/meshes/aws_Door_01_collision.DAE\n'}
[0.515333] (two_wheeled_robot) StdoutLine: {'line': b'-- Up-to-date: /home/greyflon/lab_2025/install/two_wheeled_robot/share/two_wheeled_robot/models/aws_robomaker_residential_Door_01/materials\n'}
[0.515415] (two_wheeled_robot) StdoutLine: {'line': b'-- Up-to-date: /home/greyflon/lab_2025/install/two_wheeled_robot/share/two_wheeled_robot/models/aws_robomaker_residential_Door_01/materials/textures\n'}
[0.515498] (two_wheeled_robot) StdoutLine: {'line': b'-- Up-to-date: /home/greyflon/lab_2025/install/two_wheeled_robot/share/two_wheeled_robot/models/aws_robomaker_residential_Door_01/materials/textures/aws_Door_01.png\n'}
[0.515580] (two_wheeled_robot) StdoutLine: {'line': b'-- Up-to-date: /home/greyflon/lab_2025/install/two_wheeled_robot/share/two_wheeled_robot/models/aws_robomaker_residential_Door_01/model.sdf\n'}
[0.515663] (two_wheeled_robot) StdoutLine: {'line': b'-- Up-to-date: /home/greyflon/lab_2025/install/two_wheeled_robot/share/two_wheeled_robot/models/WhiteChipChair\n'}
[0.515751] (two_wheeled_robot) StdoutLine: {'line': b'-- Up-to-date: /home/greyflon/lab_2025/install/two_wheeled_robot/share/two_wheeled_robot/models/WhiteChipChair/model.config\n'}
[0.515860] (two_wheeled_robot) StdoutLine: {'line': b'-- Up-to-date: /home/greyflon/lab_2025/install/two_wheeled_robot/share/two_wheeled_robot/models/WhiteChipChair/meshes\n'}
[0.515927] (two_wheeled_robot) StdoutLine: {'line': b'-- Up-to-date: /home/greyflon/lab_2025/install/two_wheeled_robot/share/two_wheeled_robot/models/WhiteChipChair/meshes/WhiteChipChair_Col.mtl\n'}
[0.516026] (two_wheeled_robot) StdoutLine: {'line': b'-- Up-to-date: /home/greyflon/lab_2025/install/two_wheeled_robot/share/two_wheeled_robot/models/WhiteChipChair/meshes/WhiteChipChair.obj\n'}
[0.516084] (two_wheeled_robot) StdoutLine: {'line': b'-- Up-to-date: /home/greyflon/lab_2025/install/two_wheeled_robot/share/two_wheeled_robot/models/WhiteChipChair/meshes/WhiteChipChair_Col.obj\n'}
[0.516145] (two_wheeled_robot) StdoutLine: {'line': b'-- Up-to-date: /home/greyflon/lab_2025/install/two_wheeled_robot/share/two_wheeled_robot/models/WhiteChipChair/meshes/WhiteChipChair.mtl\n'}
[0.516202] (two_wheeled_robot) StdoutLine: {'line': b'-- Up-to-date: /home/greyflon/lab_2025/install/two_wheeled_robot/share/two_wheeled_robot/models/WhiteChipChair/meshes/WhiteChipChairDiffuse.png\n'}
[0.516259] (two_wheeled_robot) StdoutLine: {'line': b'-- Up-to-date: /home/greyflon/lab_2025/install/two_wheeled_robot/share/two_wheeled_robot/models/WhiteChipChair/thumbnails\n'}
[0.516314] (two_wheeled_robot) StdoutLine: {'line': b'-- Up-to-date: /home/greyflon/lab_2025/install/two_wheeled_robot/share/two_wheeled_robot/models/WhiteChipChair/thumbnails/5.png\n'}
[0.516370] (two_wheeled_robot) StdoutLine: {'line': b'-- Up-to-date: /home/greyflon/lab_2025/install/two_wheeled_robot/share/two_wheeled_robot/models/WhiteChipChair/thumbnails/1.png\n'}
[0.516426] (two_wheeled_robot) StdoutLine: {'line': b'-- Up-to-date: /home/greyflon/lab_2025/install/two_wheeled_robot/share/two_wheeled_robot/models/WhiteChipChair/thumbnails/2.png\n'}
[0.516481] (two_wheeled_robot) StdoutLine: {'line': b'-- Up-to-date: /home/greyflon/lab_2025/install/two_wheeled_robot/share/two_wheeled_robot/models/WhiteChipChair/thumbnails/4.png\n'}
[0.516537] (two_wheeled_robot) StdoutLine: {'line': b'-- Up-to-date: /home/greyflon/lab_2025/install/two_wheeled_robot/share/two_wheeled_robot/models/WhiteChipChair/thumbnails/3.png\n'}
[0.516592] (two_wheeled_robot) StdoutLine: {'line': b'-- Up-to-date: /home/greyflon/lab_2025/install/two_wheeled_robot/share/two_wheeled_robot/models/WhiteChipChair/model.sdf\n'}
[0.516648] (two_wheeled_robot) StdoutLine: {'line': b'-- Up-to-date: /home/greyflon/lab_2025/install/two_wheeled_robot/share/two_wheeled_robot/models/aws_robomaker_warehouse_GroundB_01\n'}
[0.516703] (two_wheeled_robot) StdoutLine: {'line': b'-- Up-to-date: /home/greyflon/lab_2025/install/two_wheeled_robot/share/two_wheeled_robot/models/aws_robomaker_warehouse_GroundB_01/model.config\n'}
[0.516772] (two_wheeled_robot) StdoutLine: {'line': b'-- Up-to-date: /home/greyflon/lab_2025/install/two_wheeled_robot/share/two_wheeled_robot/models/aws_robomaker_warehouse_GroundB_01/meshes\n'}
[0.516831] (two_wheeled_robot) StdoutLine: {'line': b'-- Up-to-date: /home/greyflon/lab_2025/install/two_wheeled_robot/share/two_wheeled_robot/models/aws_robomaker_warehouse_GroundB_01/meshes/aws_robomaker_warehouse_GroundB_01_visual.DAE\n'}
[0.516887] (two_wheeled_robot) StdoutLine: {'line': b'-- Up-to-date: /home/greyflon/lab_2025/install/two_wheeled_robot/share/two_wheeled_robot/models/aws_robomaker_warehouse_GroundB_01/meshes/aws_robomaker_warehouse_GroundB_01_collision.DAE\n'}
[0.516943] (two_wheeled_robot) StdoutLine: {'line': b'-- Up-to-date: /home/greyflon/lab_2025/install/two_wheeled_robot/share/two_wheeled_robot/models/aws_robomaker_warehouse_GroundB_01/materials\n'}
[0.516999] (two_wheeled_robot) StdoutLine: {'line': b'-- Up-to-date: /home/greyflon/lab_2025/install/two_wheeled_robot/share/two_wheeled_robot/models/aws_robomaker_warehouse_GroundB_01/materials/textures\n'}
[0.517055] (two_wheeled_robot) StdoutLine: {'line': b'-- Up-to-date: /home/greyflon/lab_2025/install/two_wheeled_robot/share/two_wheeled_robot/models/aws_robomaker_warehouse_GroundB_01/materials/textures/aws_robomaker_warehouse_GroundB_02.png\n'}
[0.517111] (two_wheeled_robot) StdoutLine: {'line': b'-- Up-to-date: /home/greyflon/lab_2025/install/two_wheeled_robot/share/two_wheeled_robot/models/aws_robomaker_warehouse_GroundB_01/materials/textures/aws_robomaker_warehouse_GroundB_01.png\n'}
[0.517195] (two_wheeled_robot) StdoutLine: {'line': b'-- Up-to-date: /home/greyflon/lab_2025/install/two_wheeled_robot/share/two_wheeled_robot/models/aws_robomaker_warehouse_GroundB_01/model.sdf\n'}
[0.517252] (two_wheeled_robot) StdoutLine: {'line': b'-- Up-to-date: /home/greyflon/lab_2025/install/two_wheeled_robot/share/two_wheeled_robot/models/SurgicalTrolley\n'}
[0.517308] (two_wheeled_robot) StdoutLine: {'line': b'-- Up-to-date: /home/greyflon/lab_2025/install/two_wheeled_robot/share/two_wheeled_robot/models/SurgicalTrolley/model.config\n'}
[0.517364] (two_wheeled_robot) StdoutLine: {'line': b'-- Up-to-date: /home/greyflon/lab_2025/install/two_wheeled_robot/share/two_wheeled_robot/models/SurgicalTrolley/meshes\n'}
[0.517419] (two_wheeled_robot) StdoutLine: {'line': b'-- Up-to-date: /home/greyflon/lab_2025/install/two_wheeled_robot/share/two_wheeled_robot/models/SurgicalTrolley/meshes/trolley.mtl\n'}
[0.517475] (two_wheeled_robot) StdoutLine: {'line': b'-- Up-to-date: /home/greyflon/lab_2025/install/two_wheeled_robot/share/two_wheeled_robot/models/SurgicalTrolley/meshes/texture.png\n'}
[0.517530] (two_wheeled_robot) StdoutLine: {'line': b'-- Up-to-date: /home/greyflon/lab_2025/install/two_wheeled_robot/share/two_wheeled_robot/models/SurgicalTrolley/meshes/trolley.obj\n'}
[0.517586] (two_wheeled_robot) StdoutLine: {'line': b'-- Up-to-date: /home/greyflon/lab_2025/install/two_wheeled_robot/share/two_wheeled_robot/models/SurgicalTrolley/thumbnails\n'}
[0.517642] (two_wheeled_robot) StdoutLine: {'line': b'-- Up-to-date: /home/greyflon/lab_2025/install/two_wheeled_robot/share/two_wheeled_robot/models/SurgicalTrolley/thumbnails/5.png\n'}
[0.517697] (two_wheeled_robot) StdoutLine: {'line': b'-- Up-to-date: /home/greyflon/lab_2025/install/two_wheeled_robot/share/two_wheeled_robot/models/SurgicalTrolley/thumbnails/1.png\n'}
[0.517799] (two_wheeled_robot) StdoutLine: {'line': b'-- Up-to-date: /home/greyflon/lab_2025/install/two_wheeled_robot/share/two_wheeled_robot/models/SurgicalTrolley/thumbnails/2.png\n'}
[0.517864] (two_wheeled_robot) StdoutLine: {'line': b'-- Up-to-date: /home/greyflon/lab_2025/install/two_wheeled_robot/share/two_wheeled_robot/models/SurgicalTrolley/thumbnails/4.png\n'}
[0.517921] (two_wheeled_robot) StdoutLine: {'line': b'-- Up-to-date: /home/greyflon/lab_2025/install/two_wheeled_robot/share/two_wheeled_robot/models/SurgicalTrolley/thumbnails/3.png\n'}
[0.517982] (two_wheeled_robot) StdoutLine: {'line': b'-- Up-to-date: /home/greyflon/lab_2025/install/two_wheeled_robot/share/two_wheeled_robot/models/SurgicalTrolley/model.sdf\n'}
[0.518039] (two_wheeled_robot) StdoutLine: {'line': b'-- Up-to-date: /home/greyflon/lab_2025/install/two_wheeled_robot/share/two_wheeled_robot/models/Drawer\n'}
[0.518095] (two_wheeled_robot) StdoutLine: {'line': b'-- Up-to-date: /home/greyflon/lab_2025/install/two_wheeled_robot/share/two_wheeled_robot/models/Drawer/model.config\n'}
[0.518152] (two_wheeled_robot) StdoutLine: {'line': b'-- Up-to-date: /home/greyflon/lab_2025/install/two_wheeled_robot/share/two_wheeled_robot/models/Drawer/meshes\n'}
[0.518209] (two_wheeled_robot) StdoutLine: {'line': b'-- Up-to-date: /home/greyflon/lab_2025/install/two_wheeled_robot/share/two_wheeled_robot/models/Drawer/meshes/Drawer.obj\n'}
[0.518265] (two_wheeled_robot) StdoutLine: {'line': b'-- Up-to-date: /home/greyflon/lab_2025/install/two_wheeled_robot/share/two_wheeled_robot/models/Drawer/meshes/Drawer.png\n'}
[0.518322] (two_wheeled_robot) StdoutLine: {'line': b'-- Up-to-date: /home/greyflon/lab_2025/install/two_wheeled_robot/share/two_wheeled_robot/models/Drawer/meshes/Drawer_Col.obj\n'}
[0.518378] (two_wheeled_robot) StdoutLine: {'line': b'-- Up-to-date: /home/greyflon/lab_2025/install/two_wheeled_robot/share/two_wheeled_robot/models/Drawer/meshes/Drawer.mtl\n'}
[0.518435] (two_wheeled_robot) StdoutLine: {'line': b'-- Up-to-date: /home/greyflon/lab_2025/install/two_wheeled_robot/share/two_wheeled_robot/models/Drawer/thumbnails\n'}
[0.518503] (two_wheeled_robot) StdoutLine: {'line': b'-- Up-to-date: /home/greyflon/lab_2025/install/two_wheeled_robot/share/two_wheeled_robot/models/Drawer/thumbnails/5.png\n'}
[0.518560] (two_wheeled_robot) StdoutLine: {'line': b'-- Up-to-date: /home/greyflon/lab_2025/install/two_wheeled_robot/share/two_wheeled_robot/models/Drawer/thumbnails/1.png\n'}
[0.518617] (two_wheeled_robot) StdoutLine: {'line': b'-- Up-to-date: /home/greyflon/lab_2025/install/two_wheeled_robot/share/two_wheeled_robot/models/Drawer/thumbnails/2.png\n'}
[0.518673] (two_wheeled_robot) StdoutLine: {'line': b'-- Up-to-date: /home/greyflon/lab_2025/install/two_wheeled_robot/share/two_wheeled_robot/models/Drawer/thumbnails/4.png\n'}
[0.518737] (two_wheeled_robot) StdoutLine: {'line': b'-- Up-to-date: /home/greyflon/lab_2025/install/two_wheeled_robot/share/two_wheeled_robot/models/Drawer/thumbnails/3.png\n'}
[0.518832] (two_wheeled_robot) StdoutLine: {'line': b'-- Up-to-date: /home/greyflon/lab_2025/install/two_wheeled_robot/share/two_wheeled_robot/models/Drawer/model.sdf\n'}
[0.518895] (two_wheeled_robot) StdoutLine: {'line': b'-- Up-to-date: /home/greyflon/lab_2025/install/two_wheeled_robot/share/two_wheeled_robot/models/aws_robomaker_residential_CookingBench_01\n'}
[0.518953] (two_wheeled_robot) StdoutLine: {'line': b'-- Up-to-date: /home/greyflon/lab_2025/install/two_wheeled_robot/share/two_wheeled_robot/models/aws_robomaker_residential_CookingBench_01/model.config\n'}
[0.519011] (two_wheeled_robot) StdoutLine: {'line': b'-- Up-to-date: /home/greyflon/lab_2025/install/two_wheeled_robot/share/two_wheeled_robot/models/aws_robomaker_residential_CookingBench_01/meshes\n'}
[0.519070] (two_wheeled_robot) StdoutLine: {'line': b'-- Up-to-date: /home/greyflon/lab_2025/install/two_wheeled_robot/share/two_wheeled_robot/models/aws_robomaker_residential_CookingBench_01/meshes/aws_CookingBench_01_visual.DAE\n'}
[0.519128] (two_wheeled_robot) StdoutLine: {'line': b'-- Up-to-date: /home/greyflon/lab_2025/install/two_wheeled_robot/share/two_wheeled_robot/models/aws_robomaker_residential_CookingBench_01/meshes/aws_CookingBench_01.DAE\n'}
[0.519186] (two_wheeled_robot) StdoutLine: {'line': b'-- Up-to-date: /home/greyflon/lab_2025/install/two_wheeled_robot/share/two_wheeled_robot/models/aws_robomaker_residential_CookingBench_01/meshes/aws_CookingBench_01_collision.DAE\n'}
[0.519244] (two_wheeled_robot) StdoutLine: {'line': b'-- Up-to-date: /home/greyflon/lab_2025/install/two_wheeled_robot/share/two_wheeled_robot/models/aws_robomaker_residential_CookingBench_01/materials\n'}
[0.519301] (two_wheeled_robot) StdoutLine: {'line': b'-- Up-to-date: /home/greyflon/lab_2025/install/two_wheeled_robot/share/two_wheeled_robot/models/aws_robomaker_residential_CookingBench_01/materials/textures\n'}
[0.519359] (two_wheeled_robot) StdoutLine: {'line': b'-- Up-to-date: /home/greyflon/lab_2025/install/two_wheeled_robot/share/two_wheeled_robot/models/aws_robomaker_residential_CookingBench_01/materials/textures/aws_CookingBench_01.png\n'}
[0.519418] (two_wheeled_robot) StdoutLine: {'line': b'-- Up-to-date: /home/greyflon/lab_2025/install/two_wheeled_robot/share/two_wheeled_robot/models/aws_robomaker_residential_CookingBench_01/model.sdf\n'}
[0.519475] (two_wheeled_robot) StdoutLine: {'line': b'-- Up-to-date: /home/greyflon/lab_2025/install/two_wheeled_robot/share/two_wheeled_robot/models/MopCart3\n'}
[0.519539] (two_wheeled_robot) StdoutLine: {'line': b'-- Up-to-date: /home/greyflon/lab_2025/install/two_wheeled_robot/share/two_wheeled_robot/models/MopCart3/model.config\n'}
[0.519598] (two_wheeled_robot) StdoutLine: {'line': b'-- Up-to-date: /home/greyflon/lab_2025/install/two_wheeled_robot/share/two_wheeled_robot/models/MopCart3/meshes\n'}
[0.519669] (two_wheeled_robot) StdoutLine: {'line': b'-- Up-to-date: /home/greyflon/lab_2025/install/two_wheeled_robot/share/two_wheeled_robot/models/MopCart3/meshes/Spray.png\n'}
[0.519734] (two_wheeled_robot) StdoutLine: {'line': b'-- Up-to-date: /home/greyflon/lab_2025/install/two_wheeled_robot/share/two_wheeled_robot/models/MopCart3/meshes/Parcel.png\n'}
[0.519838] (two_wheeled_robot) StdoutLine: {'line': b'-- Up-to-date: /home/greyflon/lab_2025/install/two_wheeled_robot/share/two_wheeled_robot/models/MopCart3/meshes/Mop.png\n'}
[0.519897] (two_wheeled_robot) StdoutLine: {'line': b'-- Up-to-date: /home/greyflon/lab_2025/install/two_wheeled_robot/share/two_wheeled_robot/models/MopCart3/meshes/MopCart3.obj\n'}
[0.519955] (two_wheeled_robot) StdoutLine: {'line': b'-- Up-to-date: /home/greyflon/lab_2025/install/two_wheeled_robot/share/two_wheeled_robot/models/MopCart3/meshes/Red.png\n'}
[0.520012] (two_wheeled_robot) StdoutLine: {'line': b'-- Up-to-date: /home/greyflon/lab_2025/install/two_wheeled_robot/share/two_wheeled_robot/models/MopCart3/meshes/Plastic.png\n'}
[0.520069] (two_wheeled_robot) StdoutLine: {'line': b'-- Up-to-date: /home/greyflon/lab_2025/install/two_wheeled_robot/share/two_wheeled_robot/models/MopCart3/meshes/Glove.png\n'}
[0.520127] (two_wheeled_robot) StdoutLine: {'line': b'-- Up-to-date: /home/greyflon/lab_2025/install/two_wheeled_robot/share/two_wheeled_robot/models/MopCart3/meshes/Cloth.png\n'}
[0.520185] (two_wheeled_robot) StdoutLine: {'line': b'-- Up-to-date: /home/greyflon/lab_2025/install/two_wheeled_robot/share/two_wheeled_robot/models/MopCart3/meshes/Duster.png\n'}
[0.520242] (two_wheeled_robot) StdoutLine: {'line': b'-- Up-to-date: /home/greyflon/lab_2025/install/two_wheeled_robot/share/two_wheeled_robot/models/MopCart3/meshes/Blue.png\n'}
[0.520300] (two_wheeled_robot) StdoutLine: {'line': b'-- Up-to-date: /home/greyflon/lab_2025/install/two_wheeled_robot/share/two_wheeled_robot/models/MopCart3/meshes/Sign.png\n'}
[0.520358] (two_wheeled_robot) StdoutLine: {'line': b'-- Up-to-date: /home/greyflon/lab_2025/install/two_wheeled_robot/share/two_wheeled_robot/models/MopCart3/meshes/Cart.png\n'}
[0.520415] (two_wheeled_robot) StdoutLine: {'line': b'-- Up-to-date: /home/greyflon/lab_2025/install/two_wheeled_robot/share/two_wheeled_robot/models/MopCart3/meshes/MopCart3.mtl\n'}
[0.520473] (two_wheeled_robot) StdoutLine: {'line': b'-- Up-to-date: /home/greyflon/lab_2025/install/two_wheeled_robot/share/two_wheeled_robot/models/MopCart3/thumbnails\n'}
[0.520530] (two_wheeled_robot) StdoutLine: {'line': b'-- Up-to-date: /home/greyflon/lab_2025/install/two_wheeled_robot/share/two_wheeled_robot/models/MopCart3/thumbnails/5.png\n'}
[0.520588] (two_wheeled_robot) StdoutLine: {'line': b'-- Up-to-date: /home/greyflon/lab_2025/install/two_wheeled_robot/share/two_wheeled_robot/models/MopCart3/thumbnails/1.png\n'}
[0.520645] (two_wheeled_robot) StdoutLine: {'line': b'-- Up-to-date: /home/greyflon/lab_2025/install/two_wheeled_robot/share/two_wheeled_robot/models/MopCart3/thumbnails/2.png\n'}
[0.520703] (two_wheeled_robot) StdoutLine: {'line': b'-- Up-to-date: /home/greyflon/lab_2025/install/two_wheeled_robot/share/two_wheeled_robot/models/MopCart3/thumbnails/4.png\n'}
[0.520806] (two_wheeled_robot) StdoutLine: {'line': b'-- Up-to-date: /home/greyflon/lab_2025/install/two_wheeled_robot/share/two_wheeled_robot/models/MopCart3/thumbnails/3.png\n'}
[0.520868] (two_wheeled_robot) StdoutLine: {'line': b'-- Up-to-date: /home/greyflon/lab_2025/install/two_wheeled_robot/share/two_wheeled_robot/models/MopCart3/model.sdf\n'}
[0.520926] (two_wheeled_robot) StdoutLine: {'line': b'-- Up-to-date: /home/greyflon/lab_2025/install/two_wheeled_robot/share/two_wheeled_robot/models/FemaleVisitorSit\n'}
[0.520984] (two_wheeled_robot) StdoutLine: {'line': b'-- Up-to-date: /home/greyflon/lab_2025/install/two_wheeled_robot/share/two_wheeled_robot/models/FemaleVisitorSit/model.config\n'}
[0.521041] (two_wheeled_robot) StdoutLine: {'line': b'-- Up-to-date: /home/greyflon/lab_2025/install/two_wheeled_robot/share/two_wheeled_robot/models/FemaleVisitorSit/meshes\n'}
[0.521098] (two_wheeled_robot) StdoutLine: {'line': b'-- Up-to-date: /home/greyflon/lab_2025/install/two_wheeled_robot/share/two_wheeled_robot/models/FemaleVisitorSit/meshes/FemaleVisitorSit_Col.obj\n'}
[0.521156] (two_wheeled_robot) StdoutLine: {'line': b'-- Up-to-date: /home/greyflon/lab_2025/install/two_wheeled_robot/share/two_wheeled_robot/models/FemaleVisitorSit/meshes/FemaleVisitorSit.mtl\n'}
[0.521222] (two_wheeled_robot) StdoutLine: {'line': b'-- Up-to-date: /home/greyflon/lab_2025/install/two_wheeled_robot/share/two_wheeled_robot/models/FemaleVisitorSit/meshes/FemaleVisitorSit.png\n'}
[0.521279] (two_wheeled_robot) StdoutLine: {'line': b'-- Up-to-date: /home/greyflon/lab_2025/install/two_wheeled_robot/share/two_wheeled_robot/models/FemaleVisitorSit/meshes/HandbagBlack.png\n'}
[0.521337] (two_wheeled_robot) StdoutLine: {'line': b'-- Up-to-date: /home/greyflon/lab_2025/install/two_wheeled_robot/share/two_wheeled_robot/models/FemaleVisitorSit/meshes/FemaleVisitorSit.obj\n'}
[0.521394] (two_wheeled_robot) StdoutLine: {'line': b'-- Up-to-date: /home/greyflon/lab_2025/install/two_wheeled_robot/share/two_wheeled_robot/models/FemaleVisitorSit/meshes/FemaleVisitorSit_Col.mtl\n'}
[0.521460] (two_wheeled_robot) StdoutLine: {'line': b'-- Up-to-date: /home/greyflon/lab_2025/install/two_wheeled_robot/share/two_wheeled_robot/models/FemaleVisitorSit/thumbnails\n'}
[0.521519] (two_wheeled_robot) StdoutLine: {'line': b'-- Up-to-date: /home/greyflon/lab_2025/install/two_wheeled_robot/share/two_wheeled_robot/models/FemaleVisitorSit/thumbnails/5.png\n'}
[0.521577] (two_wheeled_robot) StdoutLine: {'line': b'-- Up-to-date: /home/greyflon/lab_2025/install/two_wheeled_robot/share/two_wheeled_robot/models/FemaleVisitorSit/thumbnails/1.png\n'}
[0.521635] (two_wheeled_robot) StdoutLine: {'line': b'-- Up-to-date: /home/greyflon/lab_2025/install/two_wheeled_robot/share/two_wheeled_robot/models/FemaleVisitorSit/thumbnails/2.png\n'}
[0.521722] (two_wheeled_robot) StdoutLine: {'line': b'-- Up-to-date: /home/greyflon/lab_2025/install/two_wheeled_robot/share/two_wheeled_robot/models/FemaleVisitorSit/thumbnails/4.png\n'}
[0.521797] (two_wheeled_robot) StdoutLine: {'line': b'-- Up-to-date: /home/greyflon/lab_2025/install/two_wheeled_robot/share/two_wheeled_robot/models/FemaleVisitorSit/thumbnails/3.png\n'}
[0.521856] (two_wheeled_robot) StdoutLine: {'line': b'-- Up-to-date: /home/greyflon/lab_2025/install/two_wheeled_robot/share/two_wheeled_robot/models/FemaleVisitorSit/model.sdf\n'}
[0.521915] (two_wheeled_robot) StdoutLine: {'line': b'-- Up-to-date: /home/greyflon/lab_2025/install/two_wheeled_robot/share/two_wheeled_robot/models/iris_with_standoffs\n'}
[0.521994] (two_wheeled_robot) StdoutLine: {'line': b'-- Up-to-date: /home/greyflon/lab_2025/install/two_wheeled_robot/share/two_wheeled_robot/models/iris_with_standoffs/model.config\n'}
[0.522071] (two_wheeled_robot) StdoutLine: {'line': b'-- Up-to-date: /home/greyflon/lab_2025/install/two_wheeled_robot/share/two_wheeled_robot/models/iris_with_standoffs/meshes\n'}
[0.522143] (two_wheeled_robot) StdoutLine: {'line': b'-- Up-to-date: /home/greyflon/lab_2025/install/two_wheeled_robot/share/two_wheeled_robot/models/iris_with_standoffs/meshes/iris_prop_ccw.dae\n'}
[0.522217] (two_wheeled_robot) StdoutLine: {'line': b'-- Up-to-date: /home/greyflon/lab_2025/install/two_wheeled_robot/share/two_wheeled_robot/models/iris_with_standoffs/meshes/iris_prop_cw.dae\n'}
[0.522285] (two_wheeled_robot) StdoutLine: {'line': b'-- Up-to-date: /home/greyflon/lab_2025/install/two_wheeled_robot/share/two_wheeled_robot/models/iris_with_standoffs/meshes/iris.dae\n'}
[0.522372] (two_wheeled_robot) StdoutLine: {'line': b'-- Up-to-date: /home/greyflon/lab_2025/install/two_wheeled_robot/share/two_wheeled_robot/models/iris_with_standoffs/model.sdf\n'}
[0.522446] (two_wheeled_robot) StdoutLine: {'line': b'-- Up-to-date: /home/greyflon/lab_2025/install/two_wheeled_robot/share/two_wheeled_robot/models/aws_robomaker_residential_TV_02\n'}
[0.522512] (two_wheeled_robot) StdoutLine: {'line': b'-- Up-to-date: /home/greyflon/lab_2025/install/two_wheeled_robot/share/two_wheeled_robot/models/aws_robomaker_residential_TV_02/model.config\n'}
[0.522602] (two_wheeled_robot) StdoutLine: {'line': b'-- Up-to-date: /home/greyflon/lab_2025/install/two_wheeled_robot/share/two_wheeled_robot/models/aws_robomaker_residential_TV_02/meshes\n'}
[0.522687] (two_wheeled_robot) StdoutLine: {'line': b'-- Up-to-date: /home/greyflon/lab_2025/install/two_wheeled_robot/share/two_wheeled_robot/models/aws_robomaker_residential_TV_02/meshes/aws_TV_01_collision.DAE\n'}
[0.522763] (two_wheeled_robot) StdoutLine: {'line': b'-- Up-to-date: /home/greyflon/lab_2025/install/two_wheeled_robot/share/two_wheeled_robot/models/aws_robomaker_residential_TV_02/meshes/aws_TV_01_visual.DAE\n'}
[0.522838] (two_wheeled_robot) StdoutLine: {'line': b'-- Up-to-date: /home/greyflon/lab_2025/install/two_wheeled_robot/share/two_wheeled_robot/models/aws_robomaker_residential_TV_02/materials\n'}
[0.522915] (two_wheeled_robot) StdoutLine: {'line': b'-- Up-to-date: /home/greyflon/lab_2025/install/two_wheeled_robot/share/two_wheeled_robot/models/aws_robomaker_residential_TV_02/materials/textures\n'}
[0.522996] (two_wheeled_robot) StdoutLine: {'line': b'-- Up-to-date: /home/greyflon/lab_2025/install/two_wheeled_robot/share/two_wheeled_robot/models/aws_robomaker_residential_TV_02/materials/textures/aws_TV_01.png\n'}
[0.523067] (two_wheeled_robot) StdoutLine: {'line': b'-- Up-to-date: /home/greyflon/lab_2025/install/two_wheeled_robot/share/two_wheeled_robot/models/aws_robomaker_residential_TV_02/model.sdf\n'}
[0.523141] (two_wheeled_robot) StdoutLine: {'line': b'-- Up-to-date: /home/greyflon/lab_2025/install/two_wheeled_robot/share/two_wheeled_robot/models/elegant_female\n'}
[0.523229] (two_wheeled_robot) StdoutLine: {'line': b'-- Up-to-date: /home/greyflon/lab_2025/install/two_wheeled_robot/share/two_wheeled_robot/models/elegant_female/model.config\n'}
[0.523300] (two_wheeled_robot) StdoutLine: {'line': b'-- Up-to-date: /home/greyflon/lab_2025/install/two_wheeled_robot/share/two_wheeled_robot/models/elegant_female/meshes\n'}
[0.523377] (two_wheeled_robot) StdoutLine: {'line': b'-- Up-to-date: /home/greyflon/lab_2025/install/two_wheeled_robot/share/two_wheeled_robot/models/elegant_female/meshes/elegant_female.dae\n'}
[0.523456] (two_wheeled_robot) StdoutLine: {'line': b'-- Up-to-date: /home/greyflon/lab_2025/install/two_wheeled_robot/share/two_wheeled_robot/models/elegant_female/meshes/elegant_female.png\n'}
[0.523533] (two_wheeled_robot) StdoutLine: {'line': b'-- Up-to-date: /home/greyflon/lab_2025/install/two_wheeled_robot/share/two_wheeled_robot/models/elegant_female/materials\n'}
[0.523602] (two_wheeled_robot) StdoutLine: {'line': b'-- Up-to-date: /home/greyflon/lab_2025/install/two_wheeled_robot/share/two_wheeled_robot/models/elegant_female/materials/textures\n'}
[0.523672] (two_wheeled_robot) StdoutLine: {'line': b'-- Up-to-date: /home/greyflon/lab_2025/install/two_wheeled_robot/share/two_wheeled_robot/models/elegant_female/materials/textures/eyelashes01.png\n'}
[0.523758] (two_wheeled_robot) StdoutLine: {'line': b'-- Up-to-date: /home/greyflon/lab_2025/install/two_wheeled_robot/share/two_wheeled_robot/models/elegant_female/materials/textures/ponytail01_diffuse.png\n'}
[0.523834] (two_wheeled_robot) StdoutLine: {'line': b'-- Up-to-date: /home/greyflon/lab_2025/install/two_wheeled_robot/share/two_wheeled_robot/models/elegant_female/materials/textures/young_lightskinned_female_diffuse2.png\n'}
[0.523901] (two_wheeled_robot) StdoutLine: {'line': b'-- Up-to-date: /home/greyflon/lab_2025/install/two_wheeled_robot/share/two_wheeled_robot/models/elegant_female/materials/textures/male_elegantsuit01_diffuse.png\n'}
[0.523970] (two_wheeled_robot) StdoutLine: {'line': b'-- Up-to-date: /home/greyflon/lab_2025/install/two_wheeled_robot/share/two_wheeled_robot/models/elegant_female/materials/textures/eyebrow002.png\n'}
[0.524053] (two_wheeled_robot) StdoutLine: {'line': b'-- Up-to-date: /home/greyflon/lab_2025/install/two_wheeled_robot/share/two_wheeled_robot/models/elegant_female/materials/textures/shoes03_diffuse.png\n'}
[0.524122] (two_wheeled_robot) StdoutLine: {'line': b'-- Up-to-date: /home/greyflon/lab_2025/install/two_wheeled_robot/share/two_wheeled_robot/models/elegant_female/materials/textures/brown_eye.png\n'}
[0.524205] (two_wheeled_robot) StdoutLine: {'line': b'-- Up-to-date: /home/greyflon/lab_2025/install/two_wheeled_robot/share/two_wheeled_robot/models/elegant_female/model.sdf\n'}
[0.524283] (two_wheeled_robot) StdoutLine: {'line': b'-- Up-to-date: /home/greyflon/lab_2025/install/two_wheeled_robot/share/two_wheeled_robot/models/big_box\n'}
[0.524359] (two_wheeled_robot) StdoutLine: {'line': b'-- Up-to-date: /home/greyflon/lab_2025/install/two_wheeled_robot/share/two_wheeled_robot/models/big_box/model.config\n'}
[0.524437] (two_wheeled_robot) StdoutLine: {'line': b'-- Up-to-date: /home/greyflon/lab_2025/install/two_wheeled_robot/share/two_wheeled_robot/models/big_box/meshes\n'}
[0.524508] (two_wheeled_robot) StdoutLine: {'line': b'-- Up-to-date: /home/greyflon/lab_2025/install/two_wheeled_robot/share/two_wheeled_robot/models/big_box/meshes/big_box.dae\n'}
[0.524584] (two_wheeled_robot) StdoutLine: {'line': b'-- Up-to-date: /home/greyflon/lab_2025/install/two_wheeled_robot/share/two_wheeled_robot/models/big_box/materials\n'}
[0.524662] (two_wheeled_robot) StdoutLine: {'line': b'-- Up-to-date: /home/greyflon/lab_2025/install/two_wheeled_robot/share/two_wheeled_robot/models/big_box/materials/textures\n'}
[0.524737] (two_wheeled_robot) StdoutLine: {'line': b'-- Up-to-date: /home/greyflon/lab_2025/install/two_wheeled_robot/share/two_wheeled_robot/models/big_box/materials/textures/barcode.png\n'}
[0.524814] (two_wheeled_robot) StdoutLine: {'line': b'-- Up-to-date: /home/greyflon/lab_2025/install/two_wheeled_robot/share/two_wheeled_robot/models/big_box/materials/textures/Kraft_Tile.jpg\n'}
[0.524893] (two_wheeled_robot) StdoutLine: {'line': b'-- Up-to-date: /home/greyflon/lab_2025/install/two_wheeled_robot/share/two_wheeled_robot/models/big_box/materials/textures/side2.png\n'}
[0.524964] (two_wheeled_robot) StdoutLine: {'line': b'-- Up-to-date: /home/greyflon/lab_2025/install/two_wheeled_robot/share/two_wheeled_robot/models/big_box/materials/textures/side1.pdn\n'}
[0.525030] (two_wheeled_robot) StdoutLine: {'line': b'-- Up-to-date: /home/greyflon/lab_2025/install/two_wheeled_robot/share/two_wheeled_robot/models/big_box/materials/textures/front.png\n'}
[0.525111] (two_wheeled_robot) StdoutLine: {'line': b'-- Up-to-date: /home/greyflon/lab_2025/install/two_wheeled_robot/share/two_wheeled_robot/models/big_box/materials/textures/front.pdn\n'}
[0.525178] (two_wheeled_robot) StdoutLine: {'line': b'-- Up-to-date: /home/greyflon/lab_2025/install/two_wheeled_robot/share/two_wheeled_robot/models/big_box/materials/textures/side2.pdn\n'}
[0.525256] (two_wheeled_robot) StdoutLine: {'line': b'-- Up-to-date: /home/greyflon/lab_2025/install/two_wheeled_robot/share/two_wheeled_robot/models/big_box/materials/textures/side1.png\n'}
[0.525328] (two_wheeled_robot) StdoutLine: {'line': b'-- Up-to-date: /home/greyflon/lab_2025/install/two_wheeled_robot/share/two_wheeled_robot/models/big_box/model.sdf\n'}
[0.525404] (two_wheeled_robot) StdoutLine: {'line': b'-- Up-to-date: /home/greyflon/lab_2025/install/two_wheeled_robot/share/two_wheeled_robot/models/suv\n'}
[0.525482] (two_wheeled_robot) StdoutLine: {'line': b'-- Up-to-date: /home/greyflon/lab_2025/install/two_wheeled_robot/share/two_wheeled_robot/models/suv/model.config\n'}
[0.525553] (two_wheeled_robot) StdoutLine: {'line': b'-- Up-to-date: /home/greyflon/lab_2025/install/two_wheeled_robot/share/two_wheeled_robot/models/suv/meshes\n'}
[0.525619] (two_wheeled_robot) StdoutLine: {'line': b'-- Up-to-date: /home/greyflon/lab_2025/install/two_wheeled_robot/share/two_wheeled_robot/models/suv/meshes/suv.mtl\n'}
[0.525745] (two_wheeled_robot) StdoutLine: {'line': b'-- Up-to-date: /home/greyflon/lab_2025/install/two_wheeled_robot/share/two_wheeled_robot/models/suv/meshes/suv.obj\n'}
[0.525832] (two_wheeled_robot) StdoutLine: {'line': b'-- Up-to-date: /home/greyflon/lab_2025/install/two_wheeled_robot/share/two_wheeled_robot/models/suv/materials\n'}
[0.525901] (two_wheeled_robot) StdoutLine: {'line': b'-- Up-to-date: /home/greyflon/lab_2025/install/two_wheeled_robot/share/two_wheeled_robot/models/suv/materials/textures\n'}
[0.525976] (two_wheeled_robot) StdoutLine: {'line': b'-- Up-to-date: /home/greyflon/lab_2025/install/two_wheeled_robot/share/two_wheeled_robot/models/suv/materials/textures/wheels_01.png\n'}
[0.526061] (two_wheeled_robot) StdoutLine: {'line': b'-- Up-to-date: /home/greyflon/lab_2025/install/two_wheeled_robot/share/two_wheeled_robot/models/suv/materials/textures/suv.png\n'}
[0.526132] (two_wheeled_robot) StdoutLine: {'line': b'-- Up-to-date: /home/greyflon/lab_2025/install/two_wheeled_robot/share/two_wheeled_robot/models/suv/model.sdf\n'}
[0.526198] (two_wheeled_robot) StdoutLine: {'line': b'-- Up-to-date: /home/greyflon/lab_2025/install/two_wheeled_robot/share/two_wheeled_robot/models/sun\n'}
[0.526251] (two_wheeled_robot) StdoutLine: {'line': b'-- Up-to-date: /home/greyflon/lab_2025/install/two_wheeled_robot/share/two_wheeled_robot/models/sun/model-1_2.sdf\n'}
[0.526303] (two_wheeled_robot) StdoutLine: {'line': b'-- Up-to-date: /home/greyflon/lab_2025/install/two_wheeled_robot/share/two_wheeled_robot/models/sun/model-1_4.sdf\n'}
[0.526354] (two_wheeled_robot) StdoutLine: {'line': b'-- Up-to-date: /home/greyflon/lab_2025/install/two_wheeled_robot/share/two_wheeled_robot/models/sun/model.config\n'}
[0.526416] (two_wheeled_robot) StdoutLine: {'line': b'-- Up-to-date: /home/greyflon/lab_2025/install/two_wheeled_robot/share/two_wheeled_robot/models/sun/model.sdf\n'}
[0.526468] (two_wheeled_robot) StdoutLine: {'line': b'-- Up-to-date: /home/greyflon/lab_2025/install/two_wheeled_robot/share/two_wheeled_robot/models/sun/model-1_3.sdf\n'}
[0.526584] (two_wheeled_robot) StdoutLine: {'line': b'-- Up-to-date: /home/greyflon/lab_2025/install/two_wheeled_robot/share/two_wheeled_robot/models/marker10\n'}
[0.526659] (two_wheeled_robot) StdoutLine: {'line': b'-- Up-to-date: /home/greyflon/lab_2025/install/two_wheeled_robot/share/two_wheeled_robot/models/marker10/model.config~.xml\n'}
[0.526734] (two_wheeled_robot) StdoutLine: {'line': b'-- Up-to-date: /home/greyflon/lab_2025/install/two_wheeled_robot/share/two_wheeled_robot/models/marker10/model.sdf~\n'}
[0.526877] (two_wheeled_robot) StdoutLine: {'line': b'-- Up-to-date: /home/greyflon/lab_2025/install/two_wheeled_robot/share/two_wheeled_robot/models/marker10/model-1_4.sdf\n'}
[0.527033] (two_wheeled_robot) StdoutLine: {'line': b'-- Up-to-date: /home/greyflon/lab_2025/install/two_wheeled_robot/share/two_wheeled_robot/models/marker10/model.config\n'}
[0.527162] (two_wheeled_robot) StdoutLine: {'line': b'-- Up-to-date: /home/greyflon/lab_2025/install/two_wheeled_robot/share/two_wheeled_robot/models/marker10/meshes\n'}
[0.527232] (two_wheeled_robot) StdoutLine: {'line': b'-- Up-to-date: /home/greyflon/lab_2025/install/two_wheeled_robot/share/two_wheeled_robot/models/marker10/meshes/Marker0.dae\n'}
[0.527312] (two_wheeled_robot) StdoutLine: {'line': b'-- Up-to-date: /home/greyflon/lab_2025/install/two_wheeled_robot/share/two_wheeled_robot/models/marker10/materials\n'}
[0.527396] (two_wheeled_robot) StdoutLine: {'line': b'-- Up-to-date: /home/greyflon/lab_2025/install/two_wheeled_robot/share/two_wheeled_robot/models/marker10/materials/textures\n'}
[0.527540] (two_wheeled_robot) StdoutLine: {'line': b'-- Up-to-date: /home/greyflon/lab_2025/install/two_wheeled_robot/share/two_wheeled_robot/models/marker10/materials/textures/Marker0.png\n'}
[0.527612] (two_wheeled_robot) StdoutLine: {'line': b'-- Up-to-date: /home/greyflon/lab_2025/install/two_wheeled_robot/share/two_wheeled_robot/models/marker10/model.sdf\n'}
[0.527690] (two_wheeled_robot) StdoutLine: {'line': b'-- Up-to-date: /home/greyflon/lab_2025/install/two_wheeled_robot/share/two_wheeled_robot/models/marker10/model-1_5.sdf~\n'}
[0.527773] (two_wheeled_robot) StdoutLine: {'line': b'-- Up-to-date: /home/greyflon/lab_2025/install/two_wheeled_robot/share/two_wheeled_robot/models/marker10/model-1_5.sdf\n'}
[0.527839] (two_wheeled_robot) StdoutLine: {'line': b'-- Up-to-date: /home/greyflon/lab_2025/install/two_wheeled_robot/share/two_wheeled_robot/models/marker10/model-1_4.sdf~\n'}
[0.527909] (two_wheeled_robot) StdoutLine: {'line': b'-- Up-to-date: /home/greyflon/lab_2025/install/two_wheeled_robot/share/two_wheeled_robot/models/target_table\n'}
[0.527984] (two_wheeled_robot) StdoutLine: {'line': b'-- Up-to-date: /home/greyflon/lab_2025/install/two_wheeled_robot/share/two_wheeled_robot/models/target_table/model.config\n'}
[0.528062] (two_wheeled_robot) StdoutLine: {'line': b'-- Up-to-date: /home/greyflon/lab_2025/install/two_wheeled_robot/share/two_wheeled_robot/models/target_table/meshes\n'}
[0.528135] (two_wheeled_robot) StdoutLine: {'line': b'-- Up-to-date: /home/greyflon/lab_2025/install/two_wheeled_robot/share/two_wheeled_robot/models/target_table/meshes/target_table.dae\n'}
[0.528201] (two_wheeled_robot) StdoutLine: {'line': b'-- Up-to-date: /home/greyflon/lab_2025/install/two_wheeled_robot/share/two_wheeled_robot/models/target_table/model.sdf\n'}
[0.528275] (two_wheeled_robot) StdoutLine: {'line': b'-- Up-to-date: /home/greyflon/lab_2025/install/two_wheeled_robot/share/two_wheeled_robot/models/cabinet\n'}
[0.528364] (two_wheeled_robot) StdoutLine: {'line': b'-- Up-to-date: /home/greyflon/lab_2025/install/two_wheeled_robot/share/two_wheeled_robot/models/cabinet/model-1_2.sdf\n'}
[0.528442] (two_wheeled_robot) StdoutLine: {'line': b'-- Up-to-date: /home/greyflon/lab_2025/install/two_wheeled_robot/share/two_wheeled_robot/models/cabinet/model-1_4.sdf\n'}
[0.528509] (two_wheeled_robot) StdoutLine: {'line': b'-- Up-to-date: /home/greyflon/lab_2025/install/two_wheeled_robot/share/two_wheeled_robot/models/cabinet/model.config\n'}
[0.528583] (two_wheeled_robot) StdoutLine: {'line': b'-- Up-to-date: /home/greyflon/lab_2025/install/two_wheeled_robot/share/two_wheeled_robot/models/cabinet/model.sdf\n'}
[0.528650] (two_wheeled_robot) StdoutLine: {'line': b'-- Up-to-date: /home/greyflon/lab_2025/install/two_wheeled_robot/share/two_wheeled_robot/models/cabinet/model-1_3.sdf\n'}
[0.528726] (two_wheeled_robot) StdoutLine: {'line': b'-- Up-to-date: /home/greyflon/lab_2025/install/two_wheeled_robot/share/two_wheeled_robot/models/bus\n'}
[0.528809] (two_wheeled_robot) StdoutLine: {'line': b'-- Up-to-date: /home/greyflon/lab_2025/install/two_wheeled_robot/share/two_wheeled_robot/models/bus/model.config\n'}
[0.528877] (two_wheeled_robot) StdoutLine: {'line': b'-- Up-to-date: /home/greyflon/lab_2025/install/two_wheeled_robot/share/two_wheeled_robot/models/bus/meshes\n'}
[0.528945] (two_wheeled_robot) StdoutLine: {'line': b'-- Up-to-date: /home/greyflon/lab_2025/install/two_wheeled_robot/share/two_wheeled_robot/models/bus/meshes/bus.mtl\n'}
[0.529011] (two_wheeled_robot) StdoutLine: {'line': b'-- Up-to-date: /home/greyflon/lab_2025/install/two_wheeled_robot/share/two_wheeled_robot/models/bus/meshes/bus.obj\n'}
[0.529088] (two_wheeled_robot) StdoutLine: {'line': b'-- Up-to-date: /home/greyflon/lab_2025/install/two_wheeled_robot/share/two_wheeled_robot/models/bus/materials\n'}
[0.529161] (two_wheeled_robot) StdoutLine: {'line': b'-- Up-to-date: /home/greyflon/lab_2025/install/two_wheeled_robot/share/two_wheeled_robot/models/bus/materials/textures\n'}
[0.529234] (two_wheeled_robot) StdoutLine: {'line': b'-- Up-to-date: /home/greyflon/lab_2025/install/two_wheeled_robot/share/two_wheeled_robot/models/bus/materials/textures/bus.png\n'}
[0.529304] (two_wheeled_robot) StdoutLine: {'line': b'-- Up-to-date: /home/greyflon/lab_2025/install/two_wheeled_robot/share/two_wheeled_robot/models/bus/model.sdf\n'}
[0.529387] (two_wheeled_robot) StdoutLine: {'line': b'-- Up-to-date: /home/greyflon/lab_2025/install/two_wheeled_robot/share/two_wheeled_robot/models/stop_sign\n'}
[0.529463] (two_wheeled_robot) StdoutLine: {'line': b'-- Up-to-date: /home/greyflon/lab_2025/install/two_wheeled_robot/share/two_wheeled_robot/models/stop_sign/model-1_4.sdf\n'}
[0.529536] (two_wheeled_robot) StdoutLine: {'line': b'-- Up-to-date: /home/greyflon/lab_2025/install/two_wheeled_robot/share/two_wheeled_robot/models/stop_sign/model.config\n'}
[0.529595] (two_wheeled_robot) StdoutLine: {'line': b'-- Up-to-date: /home/greyflon/lab_2025/install/two_wheeled_robot/share/two_wheeled_robot/models/stop_sign/meshes\n'}
[0.529671] (two_wheeled_robot) StdoutLine: {'line': b'-- Up-to-date: /home/greyflon/lab_2025/install/two_wheeled_robot/share/two_wheeled_robot/models/stop_sign/meshes/stop_sign.dae\n'}
[0.529784] (two_wheeled_robot) StdoutLine: {'line': b'-- Up-to-date: /home/greyflon/lab_2025/install/two_wheeled_robot/share/two_wheeled_robot/models/stop_sign/materials\n'}
[0.529870] (two_wheeled_robot) StdoutLine: {'line': b'-- Up-to-date: /home/greyflon/lab_2025/install/two_wheeled_robot/share/two_wheeled_robot/models/stop_sign/materials/scripts\n'}
[0.529945] (two_wheeled_robot) StdoutLine: {'line': b'-- Up-to-date: /home/greyflon/lab_2025/install/two_wheeled_robot/share/two_wheeled_robot/models/stop_sign/materials/scripts/stopsign.material\n'}
[0.530012] (two_wheeled_robot) StdoutLine: {'line': b'-- Up-to-date: /home/greyflon/lab_2025/install/two_wheeled_robot/share/two_wheeled_robot/models/stop_sign/materials/textures\n'}
[0.530086] (two_wheeled_robot) StdoutLine: {'line': b'-- Up-to-date: /home/greyflon/lab_2025/install/two_wheeled_robot/share/two_wheeled_robot/models/stop_sign/materials/textures/StopSign_Spec.png\n'}
[0.530171] (two_wheeled_robot) StdoutLine: {'line': b'-- Up-to-date: /home/greyflon/lab_2025/install/two_wheeled_robot/share/two_wheeled_robot/models/stop_sign/materials/textures/StopSign_Diffuse.png\n'}
[0.530243] (two_wheeled_robot) StdoutLine: {'line': b'-- Up-to-date: /home/greyflon/lab_2025/install/two_wheeled_robot/share/two_wheeled_robot/models/stop_sign/model.sdf\n'}
[0.530319] (two_wheeled_robot) StdoutLine: {'line': b'-- Up-to-date: /home/greyflon/lab_2025/install/two_wheeled_robot/share/two_wheeled_robot/models/stop_sign/my_mesh.world~\n'}
[0.530399] (two_wheeled_robot) StdoutLine: {'line': b'-- Up-to-date: /home/greyflon/lab_2025/install/two_wheeled_robot/share/two_wheeled_robot/models/stop_sign/model-1_3.sdf\n'}
[0.530471] (two_wheeled_robot) StdoutLine: {'line': b'-- Up-to-date: /home/greyflon/lab_2025/install/two_wheeled_robot/share/two_wheeled_robot/models/aws_robomaker_residential_DeskPortraitA_02\n'}
[0.530543] (two_wheeled_robot) StdoutLine: {'line': b'-- Up-to-date: /home/greyflon/lab_2025/install/two_wheeled_robot/share/two_wheeled_robot/models/aws_robomaker_residential_DeskPortraitA_02/model.config\n'}
[0.530602] (two_wheeled_robot) StdoutLine: {'line': b'-- Up-to-date: /home/greyflon/lab_2025/install/two_wheeled_robot/share/two_wheeled_robot/models/aws_robomaker_residential_DeskPortraitA_02/meshes\n'}
[0.530671] (two_wheeled_robot) StdoutLine: {'line': b'-- Up-to-date: /home/greyflon/lab_2025/install/two_wheeled_robot/share/two_wheeled_robot/models/aws_robomaker_residential_DeskPortraitA_02/meshes/aws_DeskPortraitA_01_visual.DAE\n'}
[0.530761] (two_wheeled_robot) StdoutLine: {'line': b'-- Up-to-date: /home/greyflon/lab_2025/install/two_wheeled_robot/share/two_wheeled_robot/models/aws_robomaker_residential_DeskPortraitA_02/meshes/aws_DeskPortraitA_01_collision.DAE\n'}
[0.530824] (two_wheeled_robot) StdoutLine: {'line': b'-- Up-to-date: /home/greyflon/lab_2025/install/two_wheeled_robot/share/two_wheeled_robot/models/aws_robomaker_residential_DeskPortraitA_02/materials\n'}
[0.530895] (two_wheeled_robot) StdoutLine: {'line': b'-- Up-to-date: /home/greyflon/lab_2025/install/two_wheeled_robot/share/two_wheeled_robot/models/aws_robomaker_residential_DeskPortraitA_02/materials/textures\n'}
[0.530974] (two_wheeled_robot) StdoutLine: {'line': b'-- Up-to-date: /home/greyflon/lab_2025/install/two_wheeled_robot/share/two_wheeled_robot/models/aws_robomaker_residential_DeskPortraitA_02/materials/textures/aws_DeskPortraitA_01.png\n'}
[0.531044] (two_wheeled_robot) StdoutLine: {'line': b'-- Up-to-date: /home/greyflon/lab_2025/install/two_wheeled_robot/share/two_wheeled_robot/models/aws_robomaker_residential_DeskPortraitA_02/materials/textures/aws_DeskPortraitA_02.png\n'}
[0.531110] (two_wheeled_robot) StdoutLine: {'line': b'-- Up-to-date: /home/greyflon/lab_2025/install/two_wheeled_robot/share/two_wheeled_robot/models/aws_robomaker_residential_DeskPortraitA_02/materials/textures/DeskPortraitA_02.jpg\n'}
[0.531186] (two_wheeled_robot) StdoutLine: {'line': b'-- Up-to-date: /home/greyflon/lab_2025/install/two_wheeled_robot/share/two_wheeled_robot/models/aws_robomaker_residential_DeskPortraitA_02/model.sdf\n'}
[0.531251] (two_wheeled_robot) StdoutLine: {'line': b'-- Up-to-date: /home/greyflon/lab_2025/install/two_wheeled_robot/share/two_wheeled_robot/models/marker00\n'}
[0.531328] (two_wheeled_robot) StdoutLine: {'line': b'-- Up-to-date: /home/greyflon/lab_2025/install/two_wheeled_robot/share/two_wheeled_robot/models/marker00/model.config~.xml\n'}
[0.531402] (two_wheeled_robot) StdoutLine: {'line': b'-- Up-to-date: /home/greyflon/lab_2025/install/two_wheeled_robot/share/two_wheeled_robot/models/marker00/model.sdf~\n'}
[0.531468] (two_wheeled_robot) StdoutLine: {'line': b'-- Up-to-date: /home/greyflon/lab_2025/install/two_wheeled_robot/share/two_wheeled_robot/models/marker00/model-1_4.sdf\n'}
[0.531537] (two_wheeled_robot) StdoutLine: {'line': b'-- Up-to-date: /home/greyflon/lab_2025/install/two_wheeled_robot/share/two_wheeled_robot/models/marker00/model.config\n'}
[0.531615] (two_wheeled_robot) StdoutLine: {'line': b'-- Up-to-date: /home/greyflon/lab_2025/install/two_wheeled_robot/share/two_wheeled_robot/models/marker00/meshes\n'}
[0.531674] (two_wheeled_robot) StdoutLine: {'line': b'-- Up-to-date: /home/greyflon/lab_2025/install/two_wheeled_robot/share/two_wheeled_robot/models/marker00/meshes/Marker0.dae\n'}
[0.531768] (two_wheeled_robot) StdoutLine: {'line': b'-- Up-to-date: /home/greyflon/lab_2025/install/two_wheeled_robot/share/two_wheeled_robot/models/marker00/materials\n'}
[0.531845] (two_wheeled_robot) StdoutLine: {'line': b'-- Up-to-date: /home/greyflon/lab_2025/install/two_wheeled_robot/share/two_wheeled_robot/models/marker00/materials/textures\n'}
[0.531912] (two_wheeled_robot) StdoutLine: {'line': b'-- Up-to-date: /home/greyflon/lab_2025/install/two_wheeled_robot/share/two_wheeled_robot/models/marker00/materials/textures/Marker0.png\n'}
[0.531990] (two_wheeled_robot) StdoutLine: {'line': b'-- Up-to-date: /home/greyflon/lab_2025/install/two_wheeled_robot/share/two_wheeled_robot/models/marker00/model.sdf\n'}
[0.532048] (two_wheeled_robot) StdoutLine: {'line': b'-- Up-to-date: /home/greyflon/lab_2025/install/two_wheeled_robot/share/two_wheeled_robot/models/marker00/model-1_5.sdf~\n'}
[0.532129] (two_wheeled_robot) StdoutLine: {'line': b'-- Up-to-date: /home/greyflon/lab_2025/install/two_wheeled_robot/share/two_wheeled_robot/models/marker00/model-1_5.sdf\n'}
[0.532201] (two_wheeled_robot) StdoutLine: {'line': b'-- Up-to-date: /home/greyflon/lab_2025/install/two_wheeled_robot/share/two_wheeled_robot/models/marker00/model-1_4.sdf~\n'}
[0.532268] (two_wheeled_robot) StdoutLine: {'line': b'-- Up-to-date: /home/greyflon/lab_2025/install/two_wheeled_robot/share/two_wheeled_robot/models/bathroom_sink\n'}
[0.532327] (two_wheeled_robot) StdoutLine: {'line': b'-- Up-to-date: /home/greyflon/lab_2025/install/two_wheeled_robot/share/two_wheeled_robot/models/bathroom_sink/model.config\n'}
[0.532396] (two_wheeled_robot) StdoutLine: {'line': b'-- Up-to-date: /home/greyflon/lab_2025/install/two_wheeled_robot/share/two_wheeled_robot/models/bathroom_sink/meshes\n'}
[0.532473] (two_wheeled_robot) StdoutLine: {'line': b'-- Up-to-date: /home/greyflon/lab_2025/install/two_wheeled_robot/share/two_wheeled_robot/models/bathroom_sink/meshes/bathroom_sink.dae\n'}
[0.532544] (two_wheeled_robot) StdoutLine: {'line': b'-- Up-to-date: /home/greyflon/lab_2025/install/two_wheeled_robot/share/two_wheeled_robot/models/bathroom_sink/materials\n'}
[0.532601] (two_wheeled_robot) StdoutLine: {'line': b'-- Up-to-date: /home/greyflon/lab_2025/install/two_wheeled_robot/share/two_wheeled_robot/models/bathroom_sink/materials/textures\n'}
[0.532669] (two_wheeled_robot) StdoutLine: {'line': b'-- Up-to-date: /home/greyflon/lab_2025/install/two_wheeled_robot/share/two_wheeled_robot/models/bathroom_sink/materials/textures/bathroom_sink_diffuse.png\n'}
[0.532746] (two_wheeled_robot) StdoutLine: {'line': b'-- Up-to-date: /home/greyflon/lab_2025/install/two_wheeled_robot/share/two_wheeled_robot/models/bathroom_sink/materials/textures/bathroom_sink_specular.png\n'}
[0.532840] (two_wheeled_robot) StdoutLine: {'line': b'-- Up-to-date: /home/greyflon/lab_2025/install/two_wheeled_robot/share/two_wheeled_robot/models/bathroom_sink/model.sdf\n'}
[0.532916] (two_wheeled_robot) StdoutLine: {'line': b'-- Up-to-date: /home/greyflon/lab_2025/install/two_wheeled_robot/share/two_wheeled_robot/models/grocery_store\n'}
[0.532982] (two_wheeled_robot) StdoutLine: {'line': b'-- Up-to-date: /home/greyflon/lab_2025/install/two_wheeled_robot/share/two_wheeled_robot/models/grocery_store/model.config\n'}
[0.533057] (two_wheeled_robot) StdoutLine: {'line': b'-- Up-to-date: /home/greyflon/lab_2025/install/two_wheeled_robot/share/two_wheeled_robot/models/grocery_store/meshes\n'}
[0.533145] (two_wheeled_robot) StdoutLine: {'line': b'-- Up-to-date: /home/greyflon/lab_2025/install/two_wheeled_robot/share/two_wheeled_robot/models/grocery_store/meshes/grocery_store.dae\n'}
[0.533216] (two_wheeled_robot) StdoutLine: {'line': b'-- Up-to-date: /home/greyflon/lab_2025/install/two_wheeled_robot/share/two_wheeled_robot/models/grocery_store/materials\n'}
[0.533282] (two_wheeled_robot) StdoutLine: {'line': b'-- Up-to-date: /home/greyflon/lab_2025/install/two_wheeled_robot/share/two_wheeled_robot/models/grocery_store/materials/textures\n'}
[0.533363] (two_wheeled_robot) StdoutLine: {'line': b'-- Up-to-date: /home/greyflon/lab_2025/install/two_wheeled_robot/share/two_wheeled_robot/models/grocery_store/materials/textures/grocery_store_diffuse.jpg\n'}
[0.533440] (two_wheeled_robot) StdoutLine: {'line': b'-- Up-to-date: /home/greyflon/lab_2025/install/two_wheeled_robot/share/two_wheeled_robot/models/grocery_store/materials/textures/grocery_store_spec.jpg\n'}
[0.533513] (two_wheeled_robot) StdoutLine: {'line': b'-- Up-to-date: /home/greyflon/lab_2025/install/two_wheeled_robot/share/two_wheeled_robot/models/grocery_store/model.sdf\n'}
[0.533579] (two_wheeled_robot) StdoutLine: {'line': b'-- Up-to-date: /home/greyflon/lab_2025/install/two_wheeled_robot/share/two_wheeled_robot/models/garden\n'}
[0.533647] (two_wheeled_robot) StdoutLine: {'line': b'-- Up-to-date: /home/greyflon/lab_2025/install/two_wheeled_robot/share/two_wheeled_robot/models/garden/model.config\n'}
[0.533726] (two_wheeled_robot) StdoutLine: {'line': b'-- Up-to-date: /home/greyflon/lab_2025/install/two_wheeled_robot/share/two_wheeled_robot/models/garden/materials\n'}
[0.533822] (two_wheeled_robot) StdoutLine: {'line': b'-- Up-to-date: /home/greyflon/lab_2025/install/two_wheeled_robot/share/two_wheeled_robot/models/garden/materials/scripts\n'}
[0.533908] (two_wheeled_robot) StdoutLine: {'line': b'-- Up-to-date: /home/greyflon/lab_2025/install/two_wheeled_robot/share/two_wheeled_robot/models/garden/materials/scripts/grass.material\n'}
[0.533986] (two_wheeled_robot) StdoutLine: {'line': b'-- Up-to-date: /home/greyflon/lab_2025/install/two_wheeled_robot/share/two_wheeled_robot/models/garden/materials/textures\n'}
[0.534066] (two_wheeled_robot) StdoutLine: {'line': b'-- Up-to-date: /home/greyflon/lab_2025/install/two_wheeled_robot/share/two_wheeled_robot/models/garden/materials/textures/grass_dry.jpg\n'}
[0.534142] (two_wheeled_robot) StdoutLine: {'line': b'-- Up-to-date: /home/greyflon/lab_2025/install/two_wheeled_robot/share/two_wheeled_robot/models/garden/model.sdf\n'}
[0.534224] (two_wheeled_robot) StdoutLine: {'line': b'-- Up-to-date: /home/greyflon/lab_2025/install/two_wheeled_robot/share/two_wheeled_robot/models/aws_robomaker_residential_TV_01\n'}
[0.534302] (two_wheeled_robot) StdoutLine: {'line': b'-- Up-to-date: /home/greyflon/lab_2025/install/two_wheeled_robot/share/two_wheeled_robot/models/aws_robomaker_residential_TV_01/model.config\n'}
[0.534380] (two_wheeled_robot) StdoutLine: {'line': b'-- Up-to-date: /home/greyflon/lab_2025/install/two_wheeled_robot/share/two_wheeled_robot/models/aws_robomaker_residential_TV_01/meshes\n'}
[0.534454] (two_wheeled_robot) StdoutLine: {'line': b'-- Up-to-date: /home/greyflon/lab_2025/install/two_wheeled_robot/share/two_wheeled_robot/models/aws_robomaker_residential_TV_01/meshes/aws_TV_01_collision.DAE\n'}
[0.534538] (two_wheeled_robot) StdoutLine: {'line': b'-- Up-to-date: /home/greyflon/lab_2025/install/two_wheeled_robot/share/two_wheeled_robot/models/aws_robomaker_residential_TV_01/meshes/aws_TV_01_visual.DAE\n'}
[0.534623] (two_wheeled_robot) StdoutLine: {'line': b'-- Up-to-date: /home/greyflon/lab_2025/install/two_wheeled_robot/share/two_wheeled_robot/models/aws_robomaker_residential_TV_01/materials\n'}
[0.534705] (two_wheeled_robot) StdoutLine: {'line': b'-- Up-to-date: /home/greyflon/lab_2025/install/two_wheeled_robot/share/two_wheeled_robot/models/aws_robomaker_residential_TV_01/materials/textures\n'}
[0.534789] (two_wheeled_robot) StdoutLine: {'line': b'-- Up-to-date: /home/greyflon/lab_2025/install/two_wheeled_robot/share/two_wheeled_robot/models/aws_robomaker_residential_TV_01/materials/textures/aws_TV_01.png\n'}
[0.534876] (two_wheeled_robot) StdoutLine: {'line': b'-- Up-to-date: /home/greyflon/lab_2025/install/two_wheeled_robot/share/two_wheeled_robot/models/aws_robomaker_residential_TV_01/model.sdf\n'}
[0.534967] (two_wheeled_robot) StdoutLine: {'line': b'-- Up-to-date: /home/greyflon/lab_2025/install/two_wheeled_robot/share/two_wheeled_robot/models/aws_robomaker_residential_Refrigerator_01\n'}
[0.535047] (two_wheeled_robot) StdoutLine: {'line': b'-- Up-to-date: /home/greyflon/lab_2025/install/two_wheeled_robot/share/two_wheeled_robot/models/aws_robomaker_residential_Refrigerator_01/model.config\n'}
[0.535132] (two_wheeled_robot) StdoutLine: {'line': b'-- Up-to-date: /home/greyflon/lab_2025/install/two_wheeled_robot/share/two_wheeled_robot/models/aws_robomaker_residential_Refrigerator_01/meshes\n'}
[0.535198] (two_wheeled_robot) StdoutLine: {'line': b'-- Up-to-date: /home/greyflon/lab_2025/install/two_wheeled_robot/share/two_wheeled_robot/models/aws_robomaker_residential_Refrigerator_01/meshes/aws_Refrigerator_01_collision.DAE\n'}
[0.535282] (two_wheeled_robot) StdoutLine: {'line': b'-- Up-to-date: /home/greyflon/lab_2025/install/two_wheeled_robot/share/two_wheeled_robot/models/aws_robomaker_residential_Refrigerator_01/meshes/aws_Refrigerator_01_visual.DAE\n'}
[0.535361] (two_wheeled_robot) StdoutLine: {'line': b'-- Up-to-date: /home/greyflon/lab_2025/install/two_wheeled_robot/share/two_wheeled_robot/models/aws_robomaker_residential_Refrigerator_01/meshes/aws_Refrigerator_01.DAE\n'}
[0.535439] (two_wheeled_robot) StdoutLine: {'line': b'-- Up-to-date: /home/greyflon/lab_2025/install/two_wheeled_robot/share/two_wheeled_robot/models/aws_robomaker_residential_Refrigerator_01/materials\n'}
[0.535516] (two_wheeled_robot) StdoutLine: {'line': b'-- Up-to-date: /home/greyflon/lab_2025/install/two_wheeled_robot/share/two_wheeled_robot/models/aws_robomaker_residential_Refrigerator_01/materials/textures\n'}
[0.535601] (two_wheeled_robot) StdoutLine: {'line': b'-- Up-to-date: /home/greyflon/lab_2025/install/two_wheeled_robot/share/two_wheeled_robot/models/aws_robomaker_residential_Refrigerator_01/materials/textures/aws_Refrigerator_01.png\n'}
[0.535681] (two_wheeled_robot) StdoutLine: {'line': b'-- Up-to-date: /home/greyflon/lab_2025/install/two_wheeled_robot/share/two_wheeled_robot/models/aws_robomaker_residential_Refrigerator_01/materials/textures/aws_Refrigerator_02.png\n'}
[0.535779] (two_wheeled_robot) StdoutLine: {'line': b'-- Up-to-date: /home/greyflon/lab_2025/install/two_wheeled_robot/share/two_wheeled_robot/models/aws_robomaker_residential_Refrigerator_01/model.sdf\n'}
[0.535853] (two_wheeled_robot) StdoutLine: {'line': b'-- Up-to-date: /home/greyflon/lab_2025/install/two_wheeled_robot/share/two_wheeled_robot/models/parking_garage\n'}
[0.535938] (two_wheeled_robot) StdoutLine: {'line': b'-- Up-to-date: /home/greyflon/lab_2025/install/two_wheeled_robot/share/two_wheeled_robot/models/parking_garage/model.config\n'}
[0.536017] (two_wheeled_robot) StdoutLine: {'line': b'-- Up-to-date: /home/greyflon/lab_2025/install/two_wheeled_robot/share/two_wheeled_robot/models/parking_garage/meshes\n'}
[0.536098] (two_wheeled_robot) StdoutLine: {'line': b'-- Up-to-date: /home/greyflon/lab_2025/install/two_wheeled_robot/share/two_wheeled_robot/models/parking_garage/meshes/parking_garage.dae\n'}
[0.536182] (two_wheeled_robot) StdoutLine: {'line': b'-- Up-to-date: /home/greyflon/lab_2025/install/two_wheeled_robot/share/two_wheeled_robot/models/parking_garage/materials\n'}
[0.536259] (two_wheeled_robot) StdoutLine: {'line': b'-- Up-to-date: /home/greyflon/lab_2025/install/two_wheeled_robot/share/two_wheeled_robot/models/parking_garage/materials/textures\n'}
[0.536346] (two_wheeled_robot) StdoutLine: {'line': b'-- Up-to-date: /home/greyflon/lab_2025/install/two_wheeled_robot/share/two_wheeled_robot/models/parking_garage/materials/textures/parking_garage_spec.jpg\n'}
[0.536425] (two_wheeled_robot) StdoutLine: {'line': b'-- Up-to-date: /home/greyflon/lab_2025/install/two_wheeled_robot/share/two_wheeled_robot/models/parking_garage/materials/textures/parking_garage_diffuse.jpg\n'}
[0.536509] (two_wheeled_robot) StdoutLine: {'line': b'-- Up-to-date: /home/greyflon/lab_2025/install/two_wheeled_robot/share/two_wheeled_robot/models/parking_garage/model.sdf\n'}
[0.536593] (two_wheeled_robot) StdoutLine: {'line': b'-- Up-to-date: /home/greyflon/lab_2025/install/two_wheeled_robot/share/two_wheeled_robot/models/aws_robomaker_residential_Board_01\n'}
[0.536672] (two_wheeled_robot) StdoutLine: {'line': b'-- Up-to-date: /home/greyflon/lab_2025/install/two_wheeled_robot/share/two_wheeled_robot/models/aws_robomaker_residential_Board_01/model.config\n'}
[0.536767] (two_wheeled_robot) StdoutLine: {'line': b'-- Up-to-date: /home/greyflon/lab_2025/install/two_wheeled_robot/share/two_wheeled_robot/models/aws_robomaker_residential_Board_01/meshes\n'}
[0.536853] (two_wheeled_robot) StdoutLine: {'line': b'-- Up-to-date: /home/greyflon/lab_2025/install/two_wheeled_robot/share/two_wheeled_robot/models/aws_robomaker_residential_Board_01/meshes/aws_Board_01_visual.DAE\n'}
[0.536919] (two_wheeled_robot) StdoutLine: {'line': b'-- Up-to-date: /home/greyflon/lab_2025/install/two_wheeled_robot/share/two_wheeled_robot/models/aws_robomaker_residential_Board_01/meshes/aws_Board_01_collision.DAE\n'}
[0.536985] (two_wheeled_robot) StdoutLine: {'line': b'-- Up-to-date: /home/greyflon/lab_2025/install/two_wheeled_robot/share/two_wheeled_robot/models/aws_robomaker_residential_Board_01/materials\n'}
[0.537078] (two_wheeled_robot) StdoutLine: {'line': b'-- Up-to-date: /home/greyflon/lab_2025/install/two_wheeled_robot/share/two_wheeled_robot/models/aws_robomaker_residential_Board_01/materials/textures\n'}
[0.537170] (two_wheeled_robot) StdoutLine: {'line': b'-- Up-to-date: /home/greyflon/lab_2025/install/two_wheeled_robot/share/two_wheeled_robot/models/aws_robomaker_residential_Board_01/materials/textures/aws_Board_01.png\n'}
[0.537292] (two_wheeled_robot) StdoutLine: {'line': b'-- Up-to-date: /home/greyflon/lab_2025/install/two_wheeled_robot/share/two_wheeled_robot/models/aws_robomaker_residential_Board_01/model.sdf\n'}
[0.537376] (two_wheeled_robot) StdoutLine: {'line': b'-- Up-to-date: /home/greyflon/lab_2025/install/two_wheeled_robot/share/two_wheeled_robot/models/aws_robomaker_hospital_floor_02_ceiling\n'}
[0.537452] (two_wheeled_robot) StdoutLine: {'line': b'-- Up-to-date: /home/greyflon/lab_2025/install/two_wheeled_robot/share/two_wheeled_robot/models/aws_robomaker_hospital_floor_02_ceiling/model.config\n'}
[0.537530] (two_wheeled_robot) StdoutLine: {'line': b'-- Up-to-date: /home/greyflon/lab_2025/install/two_wheeled_robot/share/two_wheeled_robot/models/aws_robomaker_hospital_floor_02_ceiling/meshes\n'}
[0.537594] (two_wheeled_robot) StdoutLine: {'line': b'-- Up-to-date: /home/greyflon/lab_2025/install/two_wheeled_robot/share/two_wheeled_robot/models/aws_robomaker_hospital_floor_02_ceiling/meshes/aws_robomaker_hospital_floor_02_ceiling_collision.dae\n'}
[0.537681] (two_wheeled_robot) StdoutLine: {'line': b'-- Up-to-date: /home/greyflon/lab_2025/install/two_wheeled_robot/share/two_wheeled_robot/models/aws_robomaker_hospital_floor_02_ceiling/meshes/aws_robomaker_hospital_floor_02_ceiling_visual.dae\n'}
[0.537779] (two_wheeled_robot) StdoutLine: {'line': b'-- Up-to-date: /home/greyflon/lab_2025/install/two_wheeled_robot/share/two_wheeled_robot/models/aws_robomaker_hospital_floor_02_ceiling/meshes/aws_robomaker_hospital_floor_02_ceiling.png\n'}
[0.537885] (two_wheeled_robot) StdoutLine: {'line': b'-- Up-to-date: /home/greyflon/lab_2025/install/two_wheeled_robot/share/two_wheeled_robot/models/aws_robomaker_hospital_floor_02_ceiling/meshes/aws_robomaker_hospital_floor_02_ceiling_normal.png\n'}
[0.537970] (two_wheeled_robot) StdoutLine: {'line': b'-- Up-to-date: /home/greyflon/lab_2025/install/two_wheeled_robot/share/two_wheeled_robot/models/aws_robomaker_hospital_floor_02_ceiling/materials\n'}
[0.538033] (two_wheeled_robot) StdoutLine: {'line': b'-- Up-to-date: /home/greyflon/lab_2025/install/two_wheeled_robot/share/two_wheeled_robot/models/aws_robomaker_hospital_floor_02_ceiling/materials/model.sdf\n'}
[0.538116] (two_wheeled_robot) StdoutLine: {'line': b'-- Up-to-date: /home/greyflon/lab_2025/install/two_wheeled_robot/share/two_wheeled_robot/models/aws_robomaker_hospital_floor_02_ceiling/model.sdf\n'}
[0.538192] (two_wheeled_robot) StdoutLine: {'line': b'-- Up-to-date: /home/greyflon/lab_2025/install/two_wheeled_robot/share/two_wheeled_robot/models/gas_station\n'}
[0.538267] (two_wheeled_robot) StdoutLine: {'line': b'-- Up-to-date: /home/greyflon/lab_2025/install/two_wheeled_robot/share/two_wheeled_robot/models/gas_station/model-1_4.sdf\n'}
[0.538351] (two_wheeled_robot) StdoutLine: {'line': b'-- Up-to-date: /home/greyflon/lab_2025/install/two_wheeled_robot/share/two_wheeled_robot/models/gas_station/model.config\n'}
[0.538436] (two_wheeled_robot) StdoutLine: {'line': b'-- Up-to-date: /home/greyflon/lab_2025/install/two_wheeled_robot/share/two_wheeled_robot/models/gas_station/meshes\n'}
[0.538513] (two_wheeled_robot) StdoutLine: {'line': b'-- Up-to-date: /home/greyflon/lab_2025/install/two_wheeled_robot/share/two_wheeled_robot/models/gas_station/meshes/gas_station.dae\n'}
[0.538588] (two_wheeled_robot) StdoutLine: {'line': b'-- Up-to-date: /home/greyflon/lab_2025/install/two_wheeled_robot/share/two_wheeled_robot/models/gas_station/materials\n'}
[0.538676] (two_wheeled_robot) StdoutLine: {'line': b'-- Up-to-date: /home/greyflon/lab_2025/install/two_wheeled_robot/share/two_wheeled_robot/models/gas_station/materials/scripts\n'}
[0.538780] (two_wheeled_robot) StdoutLine: {'line': b'-- Up-to-date: /home/greyflon/lab_2025/install/two_wheeled_robot/share/two_wheeled_robot/models/gas_station/materials/scripts/gas_station.material\n'}
[0.538861] (two_wheeled_robot) StdoutLine: {'line': b'-- Up-to-date: /home/greyflon/lab_2025/install/two_wheeled_robot/share/two_wheeled_robot/models/gas_station/materials/textures\n'}
[0.538946] (two_wheeled_robot) StdoutLine: {'line': b'-- Up-to-date: /home/greyflon/lab_2025/install/two_wheeled_robot/share/two_wheeled_robot/models/gas_station/materials/textures/GasStation_Diffuse.png\n'}
[0.539010] (two_wheeled_robot) StdoutLine: {'line': b'-- Up-to-date: /home/greyflon/lab_2025/install/two_wheeled_robot/share/two_wheeled_robot/models/gas_station/materials/textures/GasStation_Spec.png\n'}
[0.539072] (two_wheeled_robot) StdoutLine: {'line': b'-- Up-to-date: /home/greyflon/lab_2025/install/two_wheeled_robot/share/two_wheeled_robot/models/gas_station/materials/textures/GasStation_Normal.png\n'}
[0.539136] (two_wheeled_robot) StdoutLine: {'line': b'-- Up-to-date: /home/greyflon/lab_2025/install/two_wheeled_robot/share/two_wheeled_robot/models/gas_station/model.sdf\n'}
[0.539197] (two_wheeled_robot) StdoutLine: {'line': b'-- Up-to-date: /home/greyflon/lab_2025/install/two_wheeled_robot/share/two_wheeled_robot/models/gas_station/model-1_3.sdf\n'}
[0.539282] (two_wheeled_robot) StdoutLine: {'line': b'-- Up-to-date: /home/greyflon/lab_2025/install/two_wheeled_robot/share/two_wheeled_robot/models/ParkingTrolleyMin\n'}
[0.539360] (two_wheeled_robot) StdoutLine: {'line': b'-- Up-to-date: /home/greyflon/lab_2025/install/two_wheeled_robot/share/two_wheeled_robot/models/ParkingTrolleyMin/model.config\n'}
[0.539454] (two_wheeled_robot) StdoutLine: {'line': b'-- Up-to-date: /home/greyflon/lab_2025/install/two_wheeled_robot/share/two_wheeled_robot/models/ParkingTrolleyMin/meshes\n'}
[0.539548] (two_wheeled_robot) StdoutLine: {'line': b'-- Up-to-date: /home/greyflon/lab_2025/install/two_wheeled_robot/share/two_wheeled_robot/models/ParkingTrolleyMin/meshes/trolleymin.mtl\n'}
[0.539624] (two_wheeled_robot) StdoutLine: {'line': b'-- Up-to-date: /home/greyflon/lab_2025/install/two_wheeled_robot/share/two_wheeled_robot/models/ParkingTrolleyMin/meshes/bag.png\n'}
[0.539713] (two_wheeled_robot) StdoutLine: {'line': b'-- Up-to-date: /home/greyflon/lab_2025/install/two_wheeled_robot/share/two_wheeled_robot/models/ParkingTrolleyMin/meshes/texture.png\n'}
[0.539795] (two_wheeled_robot) StdoutLine: {'line': b'-- Up-to-date: /home/greyflon/lab_2025/install/two_wheeled_robot/share/two_wheeled_robot/models/ParkingTrolleyMin/meshes/potato.png\n'}
[0.539884] (two_wheeled_robot) StdoutLine: {'line': b'-- Up-to-date: /home/greyflon/lab_2025/install/two_wheeled_robot/share/two_wheeled_robot/models/ParkingTrolleyMin/meshes/trolleymin.obj\n'}
[0.539947] (two_wheeled_robot) StdoutLine: {'line': b'-- Up-to-date: /home/greyflon/lab_2025/install/two_wheeled_robot/share/two_wheeled_robot/models/ParkingTrolleyMin/thumbnails\n'}
[0.540024] (two_wheeled_robot) StdoutLine: {'line': b'-- Up-to-date: /home/greyflon/lab_2025/install/two_wheeled_robot/share/two_wheeled_robot/models/ParkingTrolleyMin/thumbnails/5.png\n'}
[0.540109] (two_wheeled_robot) StdoutLine: {'line': b'-- Up-to-date: /home/greyflon/lab_2025/install/two_wheeled_robot/share/two_wheeled_robot/models/ParkingTrolleyMin/thumbnails/1.png\n'}
[0.540193] (two_wheeled_robot) StdoutLine: {'line': b'-- Up-to-date: /home/greyflon/lab_2025/install/two_wheeled_robot/share/two_wheeled_robot/models/ParkingTrolleyMin/thumbnails/2.png\n'}
[0.540269] (two_wheeled_robot) StdoutLine: {'line': b'-- Up-to-date: /home/greyflon/lab_2025/install/two_wheeled_robot/share/two_wheeled_robot/models/ParkingTrolleyMin/thumbnails/4.png\n'}
[0.540349] (two_wheeled_robot) StdoutLine: {'line': b'-- Up-to-date: /home/greyflon/lab_2025/install/two_wheeled_robot/share/two_wheeled_robot/models/ParkingTrolleyMin/thumbnails/3.png\n'}
[0.540423] (two_wheeled_robot) StdoutLine: {'line': b'-- Up-to-date: /home/greyflon/lab_2025/install/two_wheeled_robot/share/two_wheeled_robot/models/ParkingTrolleyMin/model.sdf\n'}
[0.540506] (two_wheeled_robot) StdoutLine: {'line': b'-- Up-to-date: /home/greyflon/lab_2025/install/two_wheeled_robot/share/two_wheeled_robot/models/aws_robomaker_residential_FloorB_01\n'}
[0.540583] (two_wheeled_robot) StdoutLine: {'line': b'-- Up-to-date: /home/greyflon/lab_2025/install/two_wheeled_robot/share/two_wheeled_robot/models/aws_robomaker_residential_FloorB_01/model.config\n'}
[0.540668] (two_wheeled_robot) StdoutLine: {'line': b'-- Up-to-date: /home/greyflon/lab_2025/install/two_wheeled_robot/share/two_wheeled_robot/models/aws_robomaker_residential_FloorB_01/meshes\n'}
[0.540737] (two_wheeled_robot) StdoutLine: {'line': b'-- Up-to-date: /home/greyflon/lab_2025/install/two_wheeled_robot/share/two_wheeled_robot/models/aws_robomaker_residential_FloorB_01/meshes/aws_FloorB_01_collision.DAE\n'}
[0.540828] (two_wheeled_robot) StdoutLine: {'line': b'-- Up-to-date: /home/greyflon/lab_2025/install/two_wheeled_robot/share/two_wheeled_robot/models/aws_robomaker_residential_FloorB_01/meshes/aws_FloorB_01_visual.DAE\n'}
[0.540906] (two_wheeled_robot) StdoutLine: {'line': b'-- Up-to-date: /home/greyflon/lab_2025/install/two_wheeled_robot/share/two_wheeled_robot/models/aws_robomaker_residential_FloorB_01/materials\n'}
[0.540981] (two_wheeled_robot) StdoutLine: {'line': b'-- Up-to-date: /home/greyflon/lab_2025/install/two_wheeled_robot/share/two_wheeled_robot/models/aws_robomaker_residential_FloorB_01/materials/textures\n'}
[0.541068] (two_wheeled_robot) StdoutLine: {'line': b'-- Up-to-date: /home/greyflon/lab_2025/install/two_wheeled_robot/share/two_wheeled_robot/models/aws_robomaker_residential_FloorB_01/materials/textures/aws_FloorB_01.png\n'}
[0.541153] (two_wheeled_robot) StdoutLine: {'line': b'-- Up-to-date: /home/greyflon/lab_2025/install/two_wheeled_robot/share/two_wheeled_robot/models/aws_robomaker_residential_FloorB_01/model.sdf\n'}
[0.541238] (two_wheeled_robot) StdoutLine: {'line': b'-- Up-to-date: /home/greyflon/lab_2025/install/two_wheeled_robot/share/two_wheeled_robot/models/AdjTable\n'}
[0.541314] (two_wheeled_robot) StdoutLine: {'line': b'-- Up-to-date: /home/greyflon/lab_2025/install/two_wheeled_robot/share/two_wheeled_robot/models/AdjTable/model.config\n'}
[0.541388] (two_wheeled_robot) StdoutLine: {'line': b'-- Up-to-date: /home/greyflon/lab_2025/install/two_wheeled_robot/share/two_wheeled_robot/models/AdjTable/meshes\n'}
[0.541470] (two_wheeled_robot) StdoutLine: {'line': b'-- Up-to-date: /home/greyflon/lab_2025/install/two_wheeled_robot/share/two_wheeled_robot/models/AdjTable/meshes/AdjTable_Col.obj\n'}
[0.541546] (two_wheeled_robot) StdoutLine: {'line': b'-- Up-to-date: /home/greyflon/lab_2025/install/two_wheeled_robot/share/two_wheeled_robot/models/AdjTable/meshes/AdjTable_Col.mtl\n'}
[0.541622] (two_wheeled_robot) StdoutLine: {'line': b'-- Up-to-date: /home/greyflon/lab_2025/install/two_wheeled_robot/share/two_wheeled_robot/models/AdjTable/meshes/AdjTable.obj\n'}
[0.541696] (two_wheeled_robot) StdoutLine: {'line': b'-- Up-to-date: /home/greyflon/lab_2025/install/two_wheeled_robot/share/two_wheeled_robot/models/AdjTable/meshes/AdjTable_Diffuse.png\n'}
[0.541809] (two_wheeled_robot) StdoutLine: {'line': b'-- Up-to-date: /home/greyflon/lab_2025/install/two_wheeled_robot/share/two_wheeled_robot/models/AdjTable/meshes/AdjTable.mtl\n'}
[0.541924] (two_wheeled_robot) StdoutLine: {'line': b'-- Up-to-date: /home/greyflon/lab_2025/install/two_wheeled_robot/share/two_wheeled_robot/models/AdjTable/thumbnails\n'}
[0.542009] (two_wheeled_robot) StdoutLine: {'line': b'-- Up-to-date: /home/greyflon/lab_2025/install/two_wheeled_robot/share/two_wheeled_robot/models/AdjTable/thumbnails/5.png\n'}
[0.542085] (two_wheeled_robot) StdoutLine: {'line': b'-- Up-to-date: /home/greyflon/lab_2025/install/two_wheeled_robot/share/two_wheeled_robot/models/AdjTable/thumbnails/1.png\n'}
[0.542168] (two_wheeled_robot) StdoutLine: {'line': b'-- Up-to-date: /home/greyflon/lab_2025/install/two_wheeled_robot/share/two_wheeled_robot/models/AdjTable/thumbnails/2.png\n'}
[0.542232] (two_wheeled_robot) StdoutLine: {'line': b'-- Up-to-date: /home/greyflon/lab_2025/install/two_wheeled_robot/share/two_wheeled_robot/models/AdjTable/thumbnails/4.png\n'}
[0.542315] (two_wheeled_robot) StdoutLine: {'line': b'-- Up-to-date: /home/greyflon/lab_2025/install/two_wheeled_robot/share/two_wheeled_robot/models/AdjTable/thumbnails/3.png\n'}
[0.542392] (two_wheeled_robot) StdoutLine: {'line': b'-- Up-to-date: /home/greyflon/lab_2025/install/two_wheeled_robot/share/two_wheeled_robot/models/AdjTable/model.sdf\n'}
[0.542471] (two_wheeled_robot) StdoutLine: {'line': b'-- Up-to-date: /home/greyflon/lab_2025/install/two_wheeled_robot/share/two_wheeled_robot/models/aws_robomaker_warehouse_RoofB_01\n'}
[0.542545] (two_wheeled_robot) StdoutLine: {'line': b'-- Up-to-date: /home/greyflon/lab_2025/install/two_wheeled_robot/share/two_wheeled_robot/models/aws_robomaker_warehouse_RoofB_01/model.config\n'}
[0.542626] (two_wheeled_robot) StdoutLine: {'line': b'-- Up-to-date: /home/greyflon/lab_2025/install/two_wheeled_robot/share/two_wheeled_robot/models/aws_robomaker_warehouse_RoofB_01/meshes\n'}
[0.542702] (two_wheeled_robot) StdoutLine: {'line': b'-- Up-to-date: /home/greyflon/lab_2025/install/two_wheeled_robot/share/two_wheeled_robot/models/aws_robomaker_warehouse_RoofB_01/meshes/aws_robomaker_warehouse_RoofB_01_visual.DAE\n'}
[0.542784] (two_wheeled_robot) StdoutLine: {'line': b'-- Up-to-date: /home/greyflon/lab_2025/install/two_wheeled_robot/share/two_wheeled_robot/models/aws_robomaker_warehouse_RoofB_01/meshes/aws_robomaker_warehouse_RoofB_01_collision.DAE\n'}
[0.542863] (two_wheeled_robot) StdoutLine: {'line': b'-- Up-to-date: /home/greyflon/lab_2025/install/two_wheeled_robot/share/two_wheeled_robot/models/aws_robomaker_warehouse_RoofB_01/materials\n'}
[0.542945] (two_wheeled_robot) StdoutLine: {'line': b'-- Up-to-date: /home/greyflon/lab_2025/install/two_wheeled_robot/share/two_wheeled_robot/models/aws_robomaker_warehouse_RoofB_01/materials/textures\n'}
[0.543056] (two_wheeled_robot) StdoutLine: {'line': b'-- Up-to-date: /home/greyflon/lab_2025/install/two_wheeled_robot/share/two_wheeled_robot/models/aws_robomaker_warehouse_RoofB_01/materials/textures/aws_robomaker_warehouse_RoofB_01.png\n'}
[0.543144] (two_wheeled_robot) StdoutLine: {'line': b'-- Up-to-date: /home/greyflon/lab_2025/install/two_wheeled_robot/share/two_wheeled_robot/models/aws_robomaker_warehouse_RoofB_01/model.sdf\n'}
[0.543207] (two_wheeled_robot) StdoutLine: {'line': b'-- Up-to-date: /home/greyflon/lab_2025/install/two_wheeled_robot/share/two_wheeled_robot/models/house_3\n'}
[0.543289] (two_wheeled_robot) StdoutLine: {'line': b'-- Up-to-date: /home/greyflon/lab_2025/install/two_wheeled_robot/share/two_wheeled_robot/models/house_3/model-1_4.sdf\n'}
[0.543366] (two_wheeled_robot) StdoutLine: {'line': b'-- Up-to-date: /home/greyflon/lab_2025/install/two_wheeled_robot/share/two_wheeled_robot/models/house_3/model.config\n'}
[0.543442] (two_wheeled_robot) StdoutLine: {'line': b'-- Up-to-date: /home/greyflon/lab_2025/install/two_wheeled_robot/share/two_wheeled_robot/models/house_3/meshes\n'}
[0.543516] (two_wheeled_robot) StdoutLine: {'line': b'-- Up-to-date: /home/greyflon/lab_2025/install/two_wheeled_robot/share/two_wheeled_robot/models/house_3/meshes/house_3.dae\n'}
[0.543591] (two_wheeled_robot) StdoutLine: {'line': b'-- Up-to-date: /home/greyflon/lab_2025/install/two_wheeled_robot/share/two_wheeled_robot/models/house_3/materials\n'}
[0.543675] (two_wheeled_robot) StdoutLine: {'line': b'-- Up-to-date: /home/greyflon/lab_2025/install/two_wheeled_robot/share/two_wheeled_robot/models/house_3/materials/scripts\n'}
[0.543766] (two_wheeled_robot) StdoutLine: {'line': b'-- Up-to-date: /home/greyflon/lab_2025/install/two_wheeled_robot/share/two_wheeled_robot/models/house_3/materials/scripts/house_3.material\n'}
[0.543835] (two_wheeled_robot) StdoutLine: {'line': b'-- Up-to-date: /home/greyflon/lab_2025/install/two_wheeled_robot/share/two_wheeled_robot/models/house_3/materials/textures\n'}
[0.543911] (two_wheeled_robot) StdoutLine: {'line': b'-- Up-to-date: /home/greyflon/lab_2025/install/two_wheeled_robot/share/two_wheeled_robot/models/house_3/materials/textures/House_3_Diffuse.png\n'}
[0.543974] (two_wheeled_robot) StdoutLine: {'line': b'-- Up-to-date: /home/greyflon/lab_2025/install/two_wheeled_robot/share/two_wheeled_robot/models/house_3/model.sdf\n'}
[0.544059] (two_wheeled_robot) StdoutLine: {'line': b'-- Up-to-date: /home/greyflon/lab_2025/install/two_wheeled_robot/share/two_wheeled_robot/models/house_3/model-1_3.sdf\n'}
[0.544165] (two_wheeled_robot) StdoutLine: {'line': b'-- Up-to-date: /home/greyflon/lab_2025/install/two_wheeled_robot/share/two_wheeled_robot/models/fire_hydrant\n'}
[0.544243] (two_wheeled_robot) StdoutLine: {'line': b'-- Up-to-date: /home/greyflon/lab_2025/install/two_wheeled_robot/share/two_wheeled_robot/models/fire_hydrant/model-1_4.sdf\n'}
[0.544337] (two_wheeled_robot) StdoutLine: {'line': b'-- Up-to-date: /home/greyflon/lab_2025/install/two_wheeled_robot/share/two_wheeled_robot/models/fire_hydrant/model.config\n'}
[0.544413] (two_wheeled_robot) StdoutLine: {'line': b'-- Up-to-date: /home/greyflon/lab_2025/install/two_wheeled_robot/share/two_wheeled_robot/models/fire_hydrant/meshes\n'}
[0.544495] (two_wheeled_robot) StdoutLine: {'line': b'-- Up-to-date: /home/greyflon/lab_2025/install/two_wheeled_robot/share/two_wheeled_robot/models/fire_hydrant/meshes/fire_hydrant.dae\n'}
[0.544580] (two_wheeled_robot) StdoutLine: {'line': b'-- Up-to-date: /home/greyflon/lab_2025/install/two_wheeled_robot/share/two_wheeled_robot/models/fire_hydrant/materials\n'}
[0.544656] (two_wheeled_robot) StdoutLine: {'line': b'-- Up-to-date: /home/greyflon/lab_2025/install/two_wheeled_robot/share/two_wheeled_robot/models/fire_hydrant/materials/textures\n'}
[0.544742] (two_wheeled_robot) StdoutLine: {'line': b'-- Up-to-date: /home/greyflon/lab_2025/install/two_wheeled_robot/share/two_wheeled_robot/models/fire_hydrant/materials/textures/fire_hydrant_spec.png\n'}
[0.544839] (two_wheeled_robot) StdoutLine: {'line': b'-- Up-to-date: /home/greyflon/lab_2025/install/two_wheeled_robot/share/two_wheeled_robot/models/fire_hydrant/materials/textures/fire_hydrant_diffuse.png\n'}
[0.544922] (two_wheeled_robot) StdoutLine: {'line': b'-- Up-to-date: /home/greyflon/lab_2025/install/two_wheeled_robot/share/two_wheeled_robot/models/fire_hydrant/model.sdf\n'}
[0.545000] (two_wheeled_robot) StdoutLine: {'line': b'-- Up-to-date: /home/greyflon/lab_2025/install/two_wheeled_robot/share/two_wheeled_robot/models/OfficeChairBlack\n'}
[0.545079] (two_wheeled_robot) StdoutLine: {'line': b'-- Up-to-date: /home/greyflon/lab_2025/install/two_wheeled_robot/share/two_wheeled_robot/models/OfficeChairBlack/model.config\n'}
[0.545154] (two_wheeled_robot) StdoutLine: {'line': b'-- Up-to-date: /home/greyflon/lab_2025/install/two_wheeled_robot/share/two_wheeled_robot/models/OfficeChairBlack/meshes\n'}
[0.545239] (two_wheeled_robot) StdoutLine: {'line': b'-- Up-to-date: /home/greyflon/lab_2025/install/two_wheeled_robot/share/two_wheeled_robot/models/OfficeChairBlack/meshes/OfficeChairBlack_Col.obj\n'}
[0.545316] (two_wheeled_robot) StdoutLine: {'line': b'-- Up-to-date: /home/greyflon/lab_2025/install/two_wheeled_robot/share/two_wheeled_robot/models/OfficeChairBlack/meshes/OfficeChairBlack.png\n'}
[0.545398] (two_wheeled_robot) StdoutLine: {'line': b'-- Up-to-date: /home/greyflon/lab_2025/install/two_wheeled_robot/share/two_wheeled_robot/models/OfficeChairBlack/meshes/OfficeChairBlack_Col.mtl\n'}
[0.545473] (two_wheeled_robot) StdoutLine: {'line': b'-- Up-to-date: /home/greyflon/lab_2025/install/two_wheeled_robot/share/two_wheeled_robot/models/OfficeChairBlack/meshes/OfficeChairBlack.mtl\n'}
[0.545536] (two_wheeled_robot) StdoutLine: {'line': b'-- Up-to-date: /home/greyflon/lab_2025/install/two_wheeled_robot/share/two_wheeled_robot/models/OfficeChairBlack/meshes/OfficeChairBlack.obj\n'}
[0.545618] (two_wheeled_robot) StdoutLine: {'line': b'-- Up-to-date: /home/greyflon/lab_2025/install/two_wheeled_robot/share/two_wheeled_robot/models/OfficeChairBlack/thumbnails\n'}
[0.545695] (two_wheeled_robot) StdoutLine: {'line': b'-- Up-to-date: /home/greyflon/lab_2025/install/two_wheeled_robot/share/two_wheeled_robot/models/OfficeChairBlack/thumbnails/5.png\n'}
[0.545785] (two_wheeled_robot) StdoutLine: {'line': b'-- Up-to-date: /home/greyflon/lab_2025/install/two_wheeled_robot/share/two_wheeled_robot/models/OfficeChairBlack/thumbnails/meta\n'}
[0.545865] (two_wheeled_robot) StdoutLine: {'line': b'-- Up-to-date: /home/greyflon/lab_2025/install/two_wheeled_robot/share/two_wheeled_robot/models/OfficeChairBlack/thumbnails/meta/5.png\n'}
[0.545947] (two_wheeled_robot) StdoutLine: {'line': b'-- Up-to-date: /home/greyflon/lab_2025/install/two_wheeled_robot/share/two_wheeled_robot/models/OfficeChairBlack/thumbnails/meta/1.png\n'}
[0.546025] (two_wheeled_robot) StdoutLine: {'line': b'-- Up-to-date: /home/greyflon/lab_2025/install/two_wheeled_robot/share/two_wheeled_robot/models/OfficeChairBlack/thumbnails/meta/2.png\n'}
[0.546115] (two_wheeled_robot) StdoutLine: {'line': b'-- Up-to-date: /home/greyflon/lab_2025/install/two_wheeled_robot/share/two_wheeled_robot/models/OfficeChairBlack/thumbnails/meta/4.png\n'}
[0.546179] (two_wheeled_robot) StdoutLine: {'line': b'-- Up-to-date: /home/greyflon/lab_2025/install/two_wheeled_robot/share/two_wheeled_robot/models/OfficeChairBlack/thumbnails/meta/3.png\n'}
[0.546240] (two_wheeled_robot) StdoutLine: {'line': b'-- Up-to-date: /home/greyflon/lab_2025/install/two_wheeled_robot/share/two_wheeled_robot/models/OfficeChairBlack/thumbnails/1.png\n'}
[0.546317] (two_wheeled_robot) StdoutLine: {'line': b'-- Up-to-date: /home/greyflon/lab_2025/install/two_wheeled_robot/share/two_wheeled_robot/models/OfficeChairBlack/thumbnails/2.png\n'}
[0.546401] (two_wheeled_robot) StdoutLine: {'line': b'-- Up-to-date: /home/greyflon/lab_2025/install/two_wheeled_robot/share/two_wheeled_robot/models/OfficeChairBlack/thumbnails/4.png\n'}
[0.546490] (two_wheeled_robot) StdoutLine: {'line': b'-- Up-to-date: /home/greyflon/lab_2025/install/two_wheeled_robot/share/two_wheeled_robot/models/OfficeChairBlack/thumbnails/3.png\n'}
[0.546567] (two_wheeled_robot) StdoutLine: {'line': b'-- Up-to-date: /home/greyflon/lab_2025/install/two_wheeled_robot/share/two_wheeled_robot/models/OfficeChairBlack/model.sdf\n'}
[0.546643] (two_wheeled_robot) StdoutLine: {'line': b'-- Up-to-date: /home/greyflon/lab_2025/install/two_wheeled_robot/share/two_wheeled_robot/models/BoxesLargeOnPallet\n'}
[0.546734] (two_wheeled_robot) StdoutLine: {'line': b'-- Up-to-date: /home/greyflon/lab_2025/install/two_wheeled_robot/share/two_wheeled_robot/models/BoxesLargeOnPallet/model.config\n'}
[0.546813] (two_wheeled_robot) StdoutLine: {'line': b'-- Up-to-date: /home/greyflon/lab_2025/install/two_wheeled_robot/share/two_wheeled_robot/models/BoxesLargeOnPallet/materials\n'}
[0.546892] (two_wheeled_robot) StdoutLine: {'line': b'-- Up-to-date: /home/greyflon/lab_2025/install/two_wheeled_robot/share/two_wheeled_robot/models/BoxesLargeOnPallet/materials/scripts\n'}
[0.546967] (two_wheeled_robot) StdoutLine: {'line': b'-- Up-to-date: /home/greyflon/lab_2025/install/two_wheeled_robot/share/two_wheeled_robot/models/BoxesLargeOnPallet/materials/scripts/BoxesLargeOnPallet.material\n'}
[0.547042] (two_wheeled_robot) StdoutLine: {'line': b'-- Up-to-date: /home/greyflon/lab_2025/install/two_wheeled_robot/share/two_wheeled_robot/models/BoxesLargeOnPallet/model.sdf\n'}
[0.547106] (two_wheeled_robot) StdoutLine: {'line': b'-- Up-to-date: /home/greyflon/lab_2025/install/two_wheeled_robot/share/two_wheeled_robot/models/refrigerator\n'}
[0.547189] (two_wheeled_robot) StdoutLine: {'line': b'-- Up-to-date: /home/greyflon/lab_2025/install/two_wheeled_robot/share/two_wheeled_robot/models/refrigerator/model.config\n'}
[0.547267] (two_wheeled_robot) StdoutLine: {'line': b'-- Up-to-date: /home/greyflon/lab_2025/install/two_wheeled_robot/share/two_wheeled_robot/models/refrigerator/meshes\n'}
[0.547349] (two_wheeled_robot) StdoutLine: {'line': b'-- Up-to-date: /home/greyflon/lab_2025/install/two_wheeled_robot/share/two_wheeled_robot/models/refrigerator/meshes/refrigerator.mtl\n'}
[0.547424] (two_wheeled_robot) StdoutLine: {'line': b'-- Up-to-date: /home/greyflon/lab_2025/install/two_wheeled_robot/share/two_wheeled_robot/models/refrigerator/meshes/refrigerator.obj\n'}
[0.547510] (two_wheeled_robot) StdoutLine: {'line': b'-- Up-to-date: /home/greyflon/lab_2025/install/two_wheeled_robot/share/two_wheeled_robot/models/refrigerator/materials\n'}
[0.547587] (two_wheeled_robot) StdoutLine: {'line': b'-- Up-to-date: /home/greyflon/lab_2025/install/two_wheeled_robot/share/two_wheeled_robot/models/refrigerator/materials/textures\n'}
[0.547673] (two_wheeled_robot) StdoutLine: {'line': b'-- Up-to-date: /home/greyflon/lab_2025/install/two_wheeled_robot/share/two_wheeled_robot/models/refrigerator/materials/textures/refrigerator.png\n'}
[0.547744] (two_wheeled_robot) StdoutLine: {'line': b'-- Up-to-date: /home/greyflon/lab_2025/install/two_wheeled_robot/share/two_wheeled_robot/models/refrigerator/model.sdf\n'}
[0.547822] (two_wheeled_robot) StdoutLine: {'line': b'-- Up-to-date: /home/greyflon/lab_2025/install/two_wheeled_robot/share/two_wheeled_robot/models/cafe_table\n'}
[0.547910] (two_wheeled_robot) StdoutLine: {'line': b'-- Up-to-date: /home/greyflon/lab_2025/install/two_wheeled_robot/share/two_wheeled_robot/models/cafe_table/model-1_4.sdf\n'}
[0.547988] (two_wheeled_robot) StdoutLine: {'line': b'-- Up-to-date: /home/greyflon/lab_2025/install/two_wheeled_robot/share/two_wheeled_robot/models/cafe_table/model.config\n'}
[0.548069] (two_wheeled_robot) StdoutLine: {'line': b'-- Up-to-date: /home/greyflon/lab_2025/install/two_wheeled_robot/share/two_wheeled_robot/models/cafe_table/meshes\n'}
[0.548146] (two_wheeled_robot) StdoutLine: {'line': b'-- Up-to-date: /home/greyflon/lab_2025/install/two_wheeled_robot/share/two_wheeled_robot/models/cafe_table/meshes/cafe_table.dae\n'}
[0.548209] (two_wheeled_robot) StdoutLine: {'line': b'-- Up-to-date: /home/greyflon/lab_2025/install/two_wheeled_robot/share/two_wheeled_robot/models/cafe_table/materials\n'}
[0.548298] (two_wheeled_robot) StdoutLine: {'line': b'-- Up-to-date: /home/greyflon/lab_2025/install/two_wheeled_robot/share/two_wheeled_robot/models/cafe_table/materials/textures\n'}
[0.548375] (two_wheeled_robot) StdoutLine: {'line': b'-- Up-to-date: /home/greyflon/lab_2025/install/two_wheeled_robot/share/two_wheeled_robot/models/cafe_table/materials/textures/Maple.jpg\n'}
[0.548453] (two_wheeled_robot) StdoutLine: {'line': b'-- Up-to-date: /home/greyflon/lab_2025/install/two_wheeled_robot/share/two_wheeled_robot/models/cafe_table/materials/textures/Wood_Floor_Dark.jpg\n'}
[0.548530] (two_wheeled_robot) StdoutLine: {'line': b'-- Up-to-date: /home/greyflon/lab_2025/install/two_wheeled_robot/share/two_wheeled_robot/models/cafe_table/model.sdf\n'}
[0.548604] (two_wheeled_robot) StdoutLine: {'line': b'-- Up-to-date: /home/greyflon/lab_2025/install/two_wheeled_robot/share/two_wheeled_robot/models/aws_robomaker_residential_Quilt_01\n'}
[0.548689] (two_wheeled_robot) StdoutLine: {'line': b'-- Up-to-date: /home/greyflon/lab_2025/install/two_wheeled_robot/share/two_wheeled_robot/models/aws_robomaker_residential_Quilt_01/model.config\n'}
[0.548780] (two_wheeled_robot) StdoutLine: {'line': b'-- Up-to-date: /home/greyflon/lab_2025/install/two_wheeled_robot/share/two_wheeled_robot/models/aws_robomaker_residential_Quilt_01/meshes\n'}
[0.548877] (two_wheeled_robot) StdoutLine: {'line': b'-- Up-to-date: /home/greyflon/lab_2025/install/two_wheeled_robot/share/two_wheeled_robot/models/aws_robomaker_residential_Quilt_01/meshes/aws_Quilt_01_visual.DAE\n'}
[0.548962] (two_wheeled_robot) StdoutLine: {'line': b'-- Up-to-date: /home/greyflon/lab_2025/install/two_wheeled_robot/share/two_wheeled_robot/models/aws_robomaker_residential_Quilt_01/meshes/aws_Quilt_01_collision.DAE\n'}
[0.549040] (two_wheeled_robot) StdoutLine: {'line': b'-- Up-to-date: /home/greyflon/lab_2025/install/two_wheeled_robot/share/two_wheeled_robot/models/aws_robomaker_residential_Quilt_01/materials\n'}
[0.549132] (two_wheeled_robot) StdoutLine: {'line': b'-- Up-to-date: /home/greyflon/lab_2025/install/two_wheeled_robot/share/two_wheeled_robot/models/aws_robomaker_residential_Quilt_01/materials/textures\n'}
[0.549199] (two_wheeled_robot) StdoutLine: {'line': b'-- Up-to-date: /home/greyflon/lab_2025/install/two_wheeled_robot/share/two_wheeled_robot/models/aws_robomaker_residential_Quilt_01/materials/textures/aws_Quilt_01.png\n'}
[0.549284] (two_wheeled_robot) StdoutLine: {'line': b'-- Up-to-date: /home/greyflon/lab_2025/install/two_wheeled_robot/share/two_wheeled_robot/models/aws_robomaker_residential_Quilt_01/model.sdf\n'}
[0.549361] (two_wheeled_robot) StdoutLine: {'line': b'-- Up-to-date: /home/greyflon/lab_2025/install/two_wheeled_robot/share/two_wheeled_robot/models/aws_robomaker_hospital_elevator_01_portal\n'}
[0.549446] (two_wheeled_robot) StdoutLine: {'line': b'-- Up-to-date: /home/greyflon/lab_2025/install/two_wheeled_robot/share/two_wheeled_robot/models/aws_robomaker_hospital_elevator_01_portal/model.config\n'}
[0.549525] (two_wheeled_robot) StdoutLine: {'line': b'-- Up-to-date: /home/greyflon/lab_2025/install/two_wheeled_robot/share/two_wheeled_robot/models/aws_robomaker_hospital_elevator_01_portal/meshes\n'}
[0.549612] (two_wheeled_robot) StdoutLine: {'line': b'-- Up-to-date: /home/greyflon/lab_2025/install/two_wheeled_robot/share/two_wheeled_robot/models/aws_robomaker_hospital_elevator_01_portal/meshes/aws_robomaker_hospital_elevator_01_visual_normal.png\n'}
[0.549689] (two_wheeled_robot) StdoutLine: {'line': b'-- Up-to-date: /home/greyflon/lab_2025/install/two_wheeled_robot/share/two_wheeled_robot/models/aws_robomaker_hospital_elevator_01_portal/meshes/aws_robomaker_hospital_elevator_01_portal_visual.dae\n'}
[0.549784] (two_wheeled_robot) StdoutLine: {'line': b'-- Up-to-date: /home/greyflon/lab_2025/install/two_wheeled_robot/share/two_wheeled_robot/models/aws_robomaker_hospital_elevator_01_portal/meshes/aws_robomaker_hospital_elevator_01_portal_collision.dae\n'}
[0.549887] (two_wheeled_robot) StdoutLine: {'line': b'-- Up-to-date: /home/greyflon/lab_2025/install/two_wheeled_robot/share/two_wheeled_robot/models/aws_robomaker_hospital_elevator_01_portal/meshes/aws_robomaker_hospital_elevator_01_low.png\n'}
[0.549964] (two_wheeled_robot) StdoutLine: {'line': b'-- Up-to-date: /home/greyflon/lab_2025/install/two_wheeled_robot/share/two_wheeled_robot/models/aws_robomaker_hospital_elevator_01_portal/meshes/aws_robomaker_hospital_elevator_01_low_normal.png\n'}
[0.550041] (two_wheeled_robot) StdoutLine: {'line': b'-- Up-to-date: /home/greyflon/lab_2025/install/two_wheeled_robot/share/two_wheeled_robot/models/aws_robomaker_hospital_elevator_01_portal/meshes/aws_robomaker_hospital_elevator_01_portal_low.dae\n'}
[0.550115] (two_wheeled_robot) StdoutLine: {'line': b'-- Up-to-date: /home/greyflon/lab_2025/install/two_wheeled_robot/share/two_wheeled_robot/models/aws_robomaker_hospital_elevator_01_portal/meshes/aws_robomaker_hospital_elevator_01_visual.png\n'}
[0.550197] (two_wheeled_robot) StdoutLine: {'line': b'-- Up-to-date: /home/greyflon/lab_2025/install/two_wheeled_robot/share/two_wheeled_robot/models/aws_robomaker_hospital_elevator_01_portal/model.sdf\n'}
[0.550274] (two_wheeled_robot) StdoutLine: {'line': b'-- Up-to-date: /home/greyflon/lab_2025/install/two_wheeled_robot/share/two_wheeled_robot/models/aws_robomaker_residential_Sofa_01\n'}
[0.550353] (two_wheeled_robot) StdoutLine: {'line': b'-- Up-to-date: /home/greyflon/lab_2025/install/two_wheeled_robot/share/two_wheeled_robot/models/aws_robomaker_residential_Sofa_01/model.config\n'}
[0.550428] (two_wheeled_robot) StdoutLine: {'line': b'-- Up-to-date: /home/greyflon/lab_2025/install/two_wheeled_robot/share/two_wheeled_robot/models/aws_robomaker_residential_Sofa_01/meshes\n'}
[0.550510] (two_wheeled_robot) StdoutLine: {'line': b'-- Up-to-date: /home/greyflon/lab_2025/install/two_wheeled_robot/share/two_wheeled_robot/models/aws_robomaker_residential_Sofa_01/meshes/aws_Sofa_01.DAE\n'}
[0.550586] (two_wheeled_robot) StdoutLine: {'line': b'-- Up-to-date: /home/greyflon/lab_2025/install/two_wheeled_robot/share/two_wheeled_robot/models/aws_robomaker_residential_Sofa_01/meshes/aws_Sofa_01_visual.DAE\n'}
[0.550662] (two_wheeled_robot) StdoutLine: {'line': b'-- Up-to-date: /home/greyflon/lab_2025/install/two_wheeled_robot/share/two_wheeled_robot/models/aws_robomaker_residential_Sofa_01/meshes/aws_Sofa_01_collision.DAE\n'}
[0.550743] (two_wheeled_robot) StdoutLine: {'line': b'-- Up-to-date: /home/greyflon/lab_2025/install/two_wheeled_robot/share/two_wheeled_robot/models/aws_robomaker_residential_Sofa_01/materials\n'}
[0.550826] (two_wheeled_robot) StdoutLine: {'line': b'-- Up-to-date: /home/greyflon/lab_2025/install/two_wheeled_robot/share/two_wheeled_robot/models/aws_robomaker_residential_Sofa_01/materials/textures\n'}
[0.550903] (two_wheeled_robot) StdoutLine: {'line': b'-- Up-to-date: /home/greyflon/lab_2025/install/two_wheeled_robot/share/two_wheeled_robot/models/aws_robomaker_residential_Sofa_01/materials/textures/aws_Sofa_01.png\n'}
[0.550987] (two_wheeled_robot) StdoutLine: {'line': b'-- Up-to-date: /home/greyflon/lab_2025/install/two_wheeled_robot/share/two_wheeled_robot/models/aws_robomaker_residential_Sofa_01/model.sdf\n'}
[0.551064] (two_wheeled_robot) StdoutLine: {'line': b'-- Up-to-date: /home/greyflon/lab_2025/install/two_wheeled_robot/share/two_wheeled_robot/models/pioneer2dx\n'}
[0.551143] (two_wheeled_robot) StdoutLine: {'line': b'-- Up-to-date: /home/greyflon/lab_2025/install/two_wheeled_robot/share/two_wheeled_robot/models/pioneer2dx/model-1_2.sdf\n'}
[0.551218] (two_wheeled_robot) StdoutLine: {'line': b'-- Up-to-date: /home/greyflon/lab_2025/install/two_wheeled_robot/share/two_wheeled_robot/models/pioneer2dx/model-1_4.sdf\n'}
[0.551303] (two_wheeled_robot) StdoutLine: {'line': b'-- Up-to-date: /home/greyflon/lab_2025/install/two_wheeled_robot/share/two_wheeled_robot/models/pioneer2dx/model.config\n'}
[0.551378] (two_wheeled_robot) StdoutLine: {'line': b'-- Up-to-date: /home/greyflon/lab_2025/install/two_wheeled_robot/share/two_wheeled_robot/models/pioneer2dx/meshes\n'}
[0.551468] (two_wheeled_robot) StdoutLine: {'line': b'-- Up-to-date: /home/greyflon/lab_2025/install/two_wheeled_robot/share/two_wheeled_robot/models/pioneer2dx/meshes/wheel.dae\n'}
[0.551532] (two_wheeled_robot) StdoutLine: {'line': b'-- Up-to-date: /home/greyflon/lab_2025/install/two_wheeled_robot/share/two_wheeled_robot/models/pioneer2dx/meshes/chassis.dae\n'}
[0.551615] (two_wheeled_robot) StdoutLine: {'line': b'-- Up-to-date: /home/greyflon/lab_2025/install/two_wheeled_robot/share/two_wheeled_robot/models/pioneer2dx/materials\n'}
[0.551691] (two_wheeled_robot) StdoutLine: {'line': b'-- Up-to-date: /home/greyflon/lab_2025/install/two_wheeled_robot/share/two_wheeled_robot/models/pioneer2dx/materials/textures\n'}
[0.551765] (two_wheeled_robot) StdoutLine: {'line': b'-- Up-to-date: /home/greyflon/lab_2025/install/two_wheeled_robot/share/two_wheeled_robot/models/pioneer2dx/materials/textures/plate_2_logo.png\n'}
[0.551850] (two_wheeled_robot) StdoutLine: {'line': b'-- Up-to-date: /home/greyflon/lab_2025/install/two_wheeled_robot/share/two_wheeled_robot/models/pioneer2dx/materials/textures/68-04552-2000-RA_Turtlebot_M-F_Standoff_color.png\n'}
[0.551931] (two_wheeled_robot) StdoutLine: {'line': b'-- Up-to-date: /home/greyflon/lab_2025/install/two_wheeled_robot/share/two_wheeled_robot/models/pioneer2dx/materials/textures/plate_1_logo.png\n'}
[0.552017] (two_wheeled_robot) StdoutLine: {'line': b'-- Up-to-date: /home/greyflon/lab_2025/install/two_wheeled_robot/share/two_wheeled_robot/models/pioneer2dx/materials/textures/68-02421-8000-RA_Turtlebot_F-F_Standoff_color.png\n'}
[0.552098] (two_wheeled_robot) StdoutLine: {'line': b'-- Up-to-date: /home/greyflon/lab_2025/install/two_wheeled_robot/share/two_wheeled_robot/models/pioneer2dx/materials/textures/68-04552-1000-RA_Turtlebot_M-F_Standoff_color.png\n'}
[0.552178] (two_wheeled_robot) StdoutLine: {'line': b'-- Up-to-date: /home/greyflon/lab_2025/install/two_wheeled_robot/share/two_wheeled_robot/models/pioneer2dx/materials/textures/plate_0_logo.png\n'}
[0.552255] (two_wheeled_robot) StdoutLine: {'line': b'-- Up-to-date: /home/greyflon/lab_2025/install/two_wheeled_robot/share/two_wheeled_robot/models/pioneer2dx/materials/textures/create_body.png\n'}
[0.552337] (two_wheeled_robot) StdoutLine: {'line': b'-- Up-to-date: /home/greyflon/lab_2025/install/two_wheeled_robot/share/two_wheeled_robot/models/pioneer2dx/model.sdf\n'}
[0.552415] (two_wheeled_robot) StdoutLine: {'line': b'-- Up-to-date: /home/greyflon/lab_2025/install/two_wheeled_robot/share/two_wheeled_robot/models/pioneer2dx/model-1_3.sdf\n'}
[0.552492] (two_wheeled_robot) StdoutLine: {'line': b'-- Up-to-date: /home/greyflon/lab_2025/install/two_wheeled_robot/share/two_wheeled_robot/models/beer\n'}
[0.552577] (two_wheeled_robot) StdoutLine: {'line': b'-- Up-to-date: /home/greyflon/lab_2025/install/two_wheeled_robot/share/two_wheeled_robot/models/beer/model-1_4.sdf\n'}
[0.552642] (two_wheeled_robot) StdoutLine: {'line': b'-- Up-to-date: /home/greyflon/lab_2025/install/two_wheeled_robot/share/two_wheeled_robot/models/beer/model.config\n'}
[0.552737] (two_wheeled_robot) StdoutLine: {'line': b'-- Up-to-date: /home/greyflon/lab_2025/install/two_wheeled_robot/share/two_wheeled_robot/models/beer/materials\n'}
[0.552817] (two_wheeled_robot) StdoutLine: {'line': b'-- Up-to-date: /home/greyflon/lab_2025/install/two_wheeled_robot/share/two_wheeled_robot/models/beer/materials/scripts\n'}
[0.552898] (two_wheeled_robot) StdoutLine: {'line': b'-- Up-to-date: /home/greyflon/lab_2025/install/two_wheeled_robot/share/two_wheeled_robot/models/beer/materials/scripts/beer.material\n'}
[0.552984] (two_wheeled_robot) StdoutLine: {'line': b'-- Up-to-date: /home/greyflon/lab_2025/install/two_wheeled_robot/share/two_wheeled_robot/models/beer/materials/textures\n'}
[0.553050] (two_wheeled_robot) StdoutLine: {'line': b'-- Up-to-date: /home/greyflon/lab_2025/install/two_wheeled_robot/share/two_wheeled_robot/models/beer/materials/textures/beer.png\n'}
[0.553147] (two_wheeled_robot) StdoutLine: {'line': b'-- Up-to-date: /home/greyflon/lab_2025/install/two_wheeled_robot/share/two_wheeled_robot/models/beer/model.sdf\n'}
[0.553276] (two_wheeled_robot) StdoutLine: {'line': b'-- Up-to-date: /home/greyflon/lab_2025/install/two_wheeled_robot/share/two_wheeled_robot/models/office_cafe_table\n'}
[0.553365] (two_wheeled_robot) StdoutLine: {'line': b'-- Up-to-date: /home/greyflon/lab_2025/install/two_wheeled_robot/share/two_wheeled_robot/models/office_cafe_table/model.config\n'}
[0.553452] (two_wheeled_robot) StdoutLine: {'line': b'-- Up-to-date: /home/greyflon/lab_2025/install/two_wheeled_robot/share/two_wheeled_robot/models/office_cafe_table/meshes\n'}
[0.553528] (two_wheeled_robot) StdoutLine: {'line': b'-- Up-to-date: /home/greyflon/lab_2025/install/two_wheeled_robot/share/two_wheeled_robot/models/office_cafe_table/meshes/office_cafe_table.dae\n'}
[0.553615] (two_wheeled_robot) StdoutLine: {'line': b'-- Up-to-date: /home/greyflon/lab_2025/install/two_wheeled_robot/share/two_wheeled_robot/models/office_cafe_table/materials\n'}
[0.553694] (two_wheeled_robot) StdoutLine: {'line': b'-- Up-to-date: /home/greyflon/lab_2025/install/two_wheeled_robot/share/two_wheeled_robot/models/office_cafe_table/materials/textures\n'}
[0.553799] (two_wheeled_robot) StdoutLine: {'line': b'-- Up-to-date: /home/greyflon/lab_2025/install/two_wheeled_robot/share/two_wheeled_robot/models/office_cafe_table/materials/textures/Maple.jpg\n'}
[0.553886] (two_wheeled_robot) StdoutLine: {'line': b'-- Up-to-date: /home/greyflon/lab_2025/install/two_wheeled_robot/share/two_wheeled_robot/models/office_cafe_table/materials/textures/Wood_Floor_Dark.jpg\n'}
[0.553965] (two_wheeled_robot) StdoutLine: {'line': b'-- Up-to-date: /home/greyflon/lab_2025/install/two_wheeled_robot/share/two_wheeled_robot/models/office_cafe_table/model.sdf\n'}
[0.554052] (two_wheeled_robot) StdoutLine: {'line': b'-- Up-to-date: /home/greyflon/lab_2025/install/two_wheeled_robot/share/two_wheeled_robot/models/aws_robomaker_hospital_nursesstation_01\n'}
[0.554140] (two_wheeled_robot) StdoutLine: {'line': b'-- Up-to-date: /home/greyflon/lab_2025/install/two_wheeled_robot/share/two_wheeled_robot/models/aws_robomaker_hospital_nursesstation_01/model.config\n'}
[0.554216] (two_wheeled_robot) StdoutLine: {'line': b'-- Up-to-date: /home/greyflon/lab_2025/install/two_wheeled_robot/share/two_wheeled_robot/models/aws_robomaker_hospital_nursesstation_01/meshes\n'}
[0.554300] (two_wheeled_robot) StdoutLine: {'line': b'-- Up-to-date: /home/greyflon/lab_2025/install/two_wheeled_robot/share/two_wheeled_robot/models/aws_robomaker_hospital_nursesstation_01/meshes/aws_robomaker_hospital_nursesstation_01_low.dae\n'}
[0.554364] (two_wheeled_robot) StdoutLine: {'line': b'-- Up-to-date: /home/greyflon/lab_2025/install/two_wheeled_robot/share/two_wheeled_robot/models/aws_robomaker_hospital_nursesstation_01/meshes/aws_robomaker_hospital_nursesstation_01_low.png\n'}
[0.554446] (two_wheeled_robot) StdoutLine: {'line': b'-- Up-to-date: /home/greyflon/lab_2025/install/two_wheeled_robot/share/two_wheeled_robot/models/aws_robomaker_hospital_nursesstation_01/meshes/aws_robomaker_hospital_nursesstation_01_low_normal.png\n'}
[0.554523] (two_wheeled_robot) StdoutLine: {'line': b'-- Up-to-date: /home/greyflon/lab_2025/install/two_wheeled_robot/share/two_wheeled_robot/models/aws_robomaker_hospital_nursesstation_01/meshes/aws_robomaker_hospital_nursesstation_01_visual.png\n'}
[0.554602] (two_wheeled_robot) StdoutLine: {'line': b'-- Up-to-date: /home/greyflon/lab_2025/install/two_wheeled_robot/share/two_wheeled_robot/models/aws_robomaker_hospital_nursesstation_01/meshes/aws_robomaker_hospital_nursesstation_01_visual_normal.png\n'}
[0.554679] (two_wheeled_robot) StdoutLine: {'line': b'-- Up-to-date: /home/greyflon/lab_2025/install/two_wheeled_robot/share/two_wheeled_robot/models/aws_robomaker_hospital_nursesstation_01/meshes/aws_robomaker_hospital_nursesstation_01_visual.dae\n'}
[0.554775] (two_wheeled_robot) StdoutLine: {'line': b'-- Up-to-date: /home/greyflon/lab_2025/install/two_wheeled_robot/share/two_wheeled_robot/models/aws_robomaker_hospital_nursesstation_01/meshes/aws_robomaker_hospital_nursesstation_01_collision.dae\n'}
[0.554871] (two_wheeled_robot) StdoutLine: {'line': b'-- Up-to-date: /home/greyflon/lab_2025/install/two_wheeled_robot/share/two_wheeled_robot/models/aws_robomaker_hospital_nursesstation_01/model.sdf\n'}
[0.554949] (two_wheeled_robot) StdoutLine: {'line': b'-- Up-to-date: /home/greyflon/lab_2025/install/two_wheeled_robot/share/two_wheeled_robot/models/amazon_robot2\n'}
[0.555024] (two_wheeled_robot) StdoutLine: {'line': b'-- Up-to-date: /home/greyflon/lab_2025/install/two_wheeled_robot/share/two_wheeled_robot/models/amazon_robot2/model.config\n'}
[0.555106] (two_wheeled_robot) StdoutLine: {'line': b'-- Up-to-date: /home/greyflon/lab_2025/install/two_wheeled_robot/share/two_wheeled_robot/models/amazon_robot2/meshes\n'}
[0.555183] (two_wheeled_robot) StdoutLine: {'line': b'-- Up-to-date: /home/greyflon/lab_2025/install/two_wheeled_robot/share/two_wheeled_robot/models/amazon_robot2/meshes/lds.dae\n'}
[0.555259] (two_wheeled_robot) StdoutLine: {'line': b'-- Up-to-date: /home/greyflon/lab_2025/install/two_wheeled_robot/share/two_wheeled_robot/models/amazon_robot2/meshes/waffle_pi_base.dae\n'}
[0.555334] (two_wheeled_robot) StdoutLine: {'line': b'-- Up-to-date: /home/greyflon/lab_2025/install/two_wheeled_robot/share/two_wheeled_robot/models/amazon_robot2/meshes/left_tire.dae\n'}
[0.555424] (two_wheeled_robot) StdoutLine: {'line': b'-- Up-to-date: /home/greyflon/lab_2025/install/two_wheeled_robot/share/two_wheeled_robot/models/amazon_robot2/meshes/right_tire.dae\n'}
[0.555503] (two_wheeled_robot) StdoutLine: {'line': b'-- Up-to-date: /home/greyflon/lab_2025/install/two_wheeled_robot/share/two_wheeled_robot/models/amazon_robot2/model.sdf\n'}
[0.555578] (two_wheeled_robot) StdoutLine: {'line': b'-- Up-to-date: /home/greyflon/lab_2025/install/two_wheeled_robot/share/two_wheeled_robot/models/ground_plane\n'}
[0.555664] (two_wheeled_robot) StdoutLine: {'line': b'-- Up-to-date: /home/greyflon/lab_2025/install/two_wheeled_robot/share/two_wheeled_robot/models/ground_plane/model-1_2.sdf\n'}
[0.555732] (two_wheeled_robot) StdoutLine: {'line': b'-- Up-to-date: /home/greyflon/lab_2025/install/two_wheeled_robot/share/two_wheeled_robot/models/ground_plane/model-1_4.sdf\n'}
[0.555809] (two_wheeled_robot) StdoutLine: {'line': b'-- Up-to-date: /home/greyflon/lab_2025/install/two_wheeled_robot/share/two_wheeled_robot/models/ground_plane/model.config\n'}
[0.555893] (two_wheeled_robot) StdoutLine: {'line': b'-- Up-to-date: /home/greyflon/lab_2025/install/two_wheeled_robot/share/two_wheeled_robot/models/ground_plane/model.sdf\n'}
[0.555970] (two_wheeled_robot) StdoutLine: {'line': b'-- Up-to-date: /home/greyflon/lab_2025/install/two_wheeled_robot/share/two_wheeled_robot/models/ground_plane/model-1_3.sdf\n'}
[0.556047] (two_wheeled_robot) StdoutLine: {'line': b'-- Up-to-date: /home/greyflon/lab_2025/install/two_wheeled_robot/share/two_wheeled_robot/models/microwave\n'}
[0.556122] (two_wheeled_robot) StdoutLine: {'line': b'-- Up-to-date: /home/greyflon/lab_2025/install/two_wheeled_robot/share/two_wheeled_robot/models/microwave/model.config\n'}
[0.556206] (two_wheeled_robot) StdoutLine: {'line': b'-- Up-to-date: /home/greyflon/lab_2025/install/two_wheeled_robot/share/two_wheeled_robot/models/microwave/meshes\n'}
[0.556283] (two_wheeled_robot) StdoutLine: {'line': b'-- Up-to-date: /home/greyflon/lab_2025/install/two_wheeled_robot/share/two_wheeled_robot/models/microwave/meshes/microwave.obj\n'}
[0.556357] (two_wheeled_robot) StdoutLine: {'line': b'-- Up-to-date: /home/greyflon/lab_2025/install/two_wheeled_robot/share/two_wheeled_robot/models/microwave/meshes/microwave.mtl\n'}
[0.556434] (two_wheeled_robot) StdoutLine: {'line': b'-- Up-to-date: /home/greyflon/lab_2025/install/two_wheeled_robot/share/two_wheeled_robot/models/microwave/materials\n'}
[0.556510] (two_wheeled_robot) StdoutLine: {'line': b'-- Up-to-date: /home/greyflon/lab_2025/install/two_wheeled_robot/share/two_wheeled_robot/models/microwave/materials/textures\n'}
[0.556593] (two_wheeled_robot) StdoutLine: {'line': b'-- Up-to-date: /home/greyflon/lab_2025/install/two_wheeled_robot/share/two_wheeled_robot/models/microwave/materials/textures/microwave.png\n'}
[0.556677] (two_wheeled_robot) StdoutLine: {'line': b'-- Up-to-date: /home/greyflon/lab_2025/install/two_wheeled_robot/share/two_wheeled_robot/models/microwave/model.sdf\n'}
[0.556761] (two_wheeled_robot) StdoutLine: {'line': b'-- Up-to-date: /home/greyflon/lab_2025/install/two_wheeled_robot/share/two_wheeled_robot/models/office_desk\n'}
[0.556857] (two_wheeled_robot) StdoutLine: {'line': b'-- Up-to-date: /home/greyflon/lab_2025/install/two_wheeled_robot/share/two_wheeled_robot/models/office_desk/model.config\n'}
[0.556939] (two_wheeled_robot) StdoutLine: {'line': b'-- Up-to-date: /home/greyflon/lab_2025/install/two_wheeled_robot/share/two_wheeled_robot/models/office_desk/meshes\n'}
[0.557016] (two_wheeled_robot) StdoutLine: {'line': b'-- Up-to-date: /home/greyflon/lab_2025/install/two_wheeled_robot/share/two_wheeled_robot/models/office_desk/meshes/office_desk.dae\n'}
[0.557090] (two_wheeled_robot) StdoutLine: {'line': b'-- Up-to-date: /home/greyflon/lab_2025/install/two_wheeled_robot/share/two_wheeled_robot/models/office_desk/materials\n'}
[0.557173] (two_wheeled_robot) StdoutLine: {'line': b'-- Up-to-date: /home/greyflon/lab_2025/install/two_wheeled_robot/share/two_wheeled_robot/models/office_desk/materials/textures\n'}
[0.557236] (two_wheeled_robot) StdoutLine: {'line': b'-- Up-to-date: /home/greyflon/lab_2025/install/two_wheeled_robot/share/two_wheeled_robot/models/office_desk/materials/textures/office_desk_diffuse.png\n'}
[0.557322] (two_wheeled_robot) StdoutLine: {'line': b'-- Up-to-date: /home/greyflon/lab_2025/install/two_wheeled_robot/share/two_wheeled_robot/models/office_desk/materials/textures/office_desk_specular.png\n'}
[0.557401] (two_wheeled_robot) StdoutLine: {'line': b'-- Up-to-date: /home/greyflon/lab_2025/install/two_wheeled_robot/share/two_wheeled_robot/models/office_desk/model.sdf\n'}
[0.557477] (two_wheeled_robot) StdoutLine: {'line': b'-- Up-to-date: /home/greyflon/lab_2025/install/two_wheeled_robot/share/two_wheeled_robot/models/BoxesLargeOnPallet_3\n'}
[0.557552] (two_wheeled_robot) StdoutLine: {'line': b'-- Up-to-date: /home/greyflon/lab_2025/install/two_wheeled_robot/share/two_wheeled_robot/models/BoxesLargeOnPallet_3/model.config\n'}
[0.557635] (two_wheeled_robot) StdoutLine: {'line': b'-- Up-to-date: /home/greyflon/lab_2025/install/two_wheeled_robot/share/two_wheeled_robot/models/BoxesLargeOnPallet_3/model.sdf\n'}
[0.557713] (two_wheeled_robot) StdoutLine: {'line': b'-- Up-to-date: /home/greyflon/lab_2025/install/two_wheeled_robot/share/two_wheeled_robot/models/cardboard_box\n'}
[0.557791] (two_wheeled_robot) StdoutLine: {'line': b'-- Up-to-date: /home/greyflon/lab_2025/install/two_wheeled_robot/share/two_wheeled_robot/models/cardboard_box/model.config\n'}
[0.557880] (two_wheeled_robot) StdoutLine: {'line': b'-- Up-to-date: /home/greyflon/lab_2025/install/two_wheeled_robot/share/two_wheeled_robot/models/cardboard_box/meshes\n'}
[0.557967] (two_wheeled_robot) StdoutLine: {'line': b'-- Up-to-date: /home/greyflon/lab_2025/install/two_wheeled_robot/share/two_wheeled_robot/models/cardboard_box/meshes/cardboard_box.dae\n'}
[0.558044] (two_wheeled_robot) StdoutLine: {'line': b'-- Up-to-date: /home/greyflon/lab_2025/install/two_wheeled_robot/share/two_wheeled_robot/models/cardboard_box/materials\n'}
[0.558125] (two_wheeled_robot) StdoutLine: {'line': b'-- Up-to-date: /home/greyflon/lab_2025/install/two_wheeled_robot/share/two_wheeled_robot/models/cardboard_box/materials/textures\n'}
[0.558200] (two_wheeled_robot) StdoutLine: {'line': b'-- Up-to-date: /home/greyflon/lab_2025/install/two_wheeled_robot/share/two_wheeled_robot/models/cardboard_box/materials/textures/cardboard_box.png\n'}
[0.558275] (two_wheeled_robot) StdoutLine: {'line': b'-- Up-to-date: /home/greyflon/lab_2025/install/two_wheeled_robot/share/two_wheeled_robot/models/cardboard_box/model.sdf\n'}
[0.558338] (two_wheeled_robot) StdoutLine: {'line': b'-- Up-to-date: /home/greyflon/lab_2025/install/two_wheeled_robot/share/two_wheeled_robot/models/aws_robomaker_residential_Rangehood_01\n'}
[0.558429] (two_wheeled_robot) StdoutLine: {'line': b'-- Up-to-date: /home/greyflon/lab_2025/install/two_wheeled_robot/share/two_wheeled_robot/models/aws_robomaker_residential_Rangehood_01/model.config\n'}
[0.558506] (two_wheeled_robot) StdoutLine: {'line': b'-- Up-to-date: /home/greyflon/lab_2025/install/two_wheeled_robot/share/two_wheeled_robot/models/aws_robomaker_residential_Rangehood_01/meshes\n'}
[0.558592] (two_wheeled_robot) StdoutLine: {'line': b'-- Up-to-date: /home/greyflon/lab_2025/install/two_wheeled_robot/share/two_wheeled_robot/models/aws_robomaker_residential_Rangehood_01/meshes/aws_Rangehood_01_collision.DAE\n'}
[0.558657] (two_wheeled_robot) StdoutLine: {'line': b'-- Up-to-date: /home/greyflon/lab_2025/install/two_wheeled_robot/share/two_wheeled_robot/models/aws_robomaker_residential_Rangehood_01/meshes/aws_Rangehood_01_visual.DAE\n'}
[0.558748] (two_wheeled_robot) StdoutLine: {'line': b'-- Up-to-date: /home/greyflon/lab_2025/install/two_wheeled_robot/share/two_wheeled_robot/models/aws_robomaker_residential_Rangehood_01/materials\n'}
[0.558827] (two_wheeled_robot) StdoutLine: {'line': b'-- Up-to-date: /home/greyflon/lab_2025/install/two_wheeled_robot/share/two_wheeled_robot/models/aws_robomaker_residential_Rangehood_01/materials/textures\n'}
[0.558905] (two_wheeled_robot) StdoutLine: {'line': b'-- Up-to-date: /home/greyflon/lab_2025/install/two_wheeled_robot/share/two_wheeled_robot/models/aws_robomaker_residential_Rangehood_01/materials/textures/aws_Rangehood_01.png\n'}
[0.558981] (two_wheeled_robot) StdoutLine: {'line': b'-- Up-to-date: /home/greyflon/lab_2025/install/two_wheeled_robot/share/two_wheeled_robot/models/aws_robomaker_residential_Rangehood_01/model.sdf\n'}
[0.559056] (two_wheeled_robot) StdoutLine: {'line': b'-- Up-to-date: /home/greyflon/lab_2025/install/two_wheeled_robot/share/two_wheeled_robot/models/shelves_high2_no_collision\n'}
[0.559132] (two_wheeled_robot) StdoutLine: {'line': b'-- Up-to-date: /home/greyflon/lab_2025/install/two_wheeled_robot/share/two_wheeled_robot/models/shelves_high2_no_collision/model.config\n'}
[0.559220] (two_wheeled_robot) StdoutLine: {'line': b'-- Up-to-date: /home/greyflon/lab_2025/install/two_wheeled_robot/share/two_wheeled_robot/models/shelves_high2_no_collision/meshes\n'}
[0.559297] (two_wheeled_robot) StdoutLine: {'line': b'-- Up-to-date: /home/greyflon/lab_2025/install/two_wheeled_robot/share/two_wheeled_robot/models/shelves_high2_no_collision/meshes/shelves_high2.dae\n'}
[0.559389] (two_wheeled_robot) StdoutLine: {'line': b'-- Up-to-date: /home/greyflon/lab_2025/install/two_wheeled_robot/share/two_wheeled_robot/models/shelves_high2_no_collision/materials\n'}
[0.559476] (two_wheeled_robot) StdoutLine: {'line': b'-- Up-to-date: /home/greyflon/lab_2025/install/two_wheeled_robot/share/two_wheeled_robot/models/shelves_high2_no_collision/materials/textures\n'}
[0.559553] (two_wheeled_robot) StdoutLine: {'line': b'-- Up-to-date: /home/greyflon/lab_2025/install/two_wheeled_robot/share/two_wheeled_robot/models/shelves_high2_no_collision/materials/textures/__CorrogateShiny_.jpg\n'}
[0.559628] (two_wheeled_robot) StdoutLine: {'line': b'-- Up-to-date: /home/greyflon/lab_2025/install/two_wheeled_robot/share/two_wheeled_robot/models/shelves_high2_no_collision/model.sdf\n'}
[0.559710] (two_wheeled_robot) StdoutLine: {'line': b'-- Up-to-date: /home/greyflon/lab_2025/install/two_wheeled_robot/share/two_wheeled_robot/models/jersey_barrier\n'}
[0.559790] (two_wheeled_robot) StdoutLine: {'line': b'-- Up-to-date: /home/greyflon/lab_2025/install/two_wheeled_robot/share/two_wheeled_robot/models/jersey_barrier/model-1_4.sdf\n'}
[0.559879] (two_wheeled_robot) StdoutLine: {'line': b'-- Up-to-date: /home/greyflon/lab_2025/install/two_wheeled_robot/share/two_wheeled_robot/models/jersey_barrier/model.config\n'}
[0.559956] (two_wheeled_robot) StdoutLine: {'line': b'-- Up-to-date: /home/greyflon/lab_2025/install/two_wheeled_robot/share/two_wheeled_robot/models/jersey_barrier/meshes\n'}
[0.560058] (two_wheeled_robot) StdoutLine: {'line': b'-- Up-to-date: /home/greyflon/lab_2025/install/two_wheeled_robot/share/two_wheeled_robot/models/jersey_barrier/meshes/jersey_barrier.dae\n'}
[0.560146] (two_wheeled_robot) StdoutLine: {'line': b'-- Up-to-date: /home/greyflon/lab_2025/install/two_wheeled_robot/share/two_wheeled_robot/models/jersey_barrier/materials\n'}
[0.560223] (two_wheeled_robot) StdoutLine: {'line': b'-- Up-to-date: /home/greyflon/lab_2025/install/two_wheeled_robot/share/two_wheeled_robot/models/jersey_barrier/materials/textures\n'}
[0.560298] (two_wheeled_robot) StdoutLine: {'line': b'-- Up-to-date: /home/greyflon/lab_2025/install/two_wheeled_robot/share/two_wheeled_robot/models/jersey_barrier/materials/textures/jersey_barrier_diffuse.png\n'}
[0.560375] (two_wheeled_robot) StdoutLine: {'line': b'-- Up-to-date: /home/greyflon/lab_2025/install/two_wheeled_robot/share/two_wheeled_robot/models/jersey_barrier/materials/textures/jersey_barrier.png\n'}
[0.560466] (two_wheeled_robot) StdoutLine: {'line': b'-- Up-to-date: /home/greyflon/lab_2025/install/two_wheeled_robot/share/two_wheeled_robot/models/jersey_barrier/materials/textures/jersey_barrier_spec.png\n'}
[0.560541] (two_wheeled_robot) StdoutLine: {'line': b'-- Up-to-date: /home/greyflon/lab_2025/install/two_wheeled_robot/share/two_wheeled_robot/models/jersey_barrier/model.sdf\n'}
[0.560634] (two_wheeled_robot) StdoutLine: {'line': b'-- Up-to-date: /home/greyflon/lab_2025/install/two_wheeled_robot/share/two_wheeled_robot/models/aws_robomaker_residential_Tablet_01\n'}
[0.560712] (two_wheeled_robot) StdoutLine: {'line': b'-- Up-to-date: /home/greyflon/lab_2025/install/two_wheeled_robot/share/two_wheeled_robot/models/aws_robomaker_residential_Tablet_01/model.config\n'}
[0.560800] (two_wheeled_robot) StdoutLine: {'line': b'-- Up-to-date: /home/greyflon/lab_2025/install/two_wheeled_robot/share/two_wheeled_robot/models/aws_robomaker_residential_Tablet_01/meshes\n'}
[0.560884] (two_wheeled_robot) StdoutLine: {'line': b'-- Up-to-date: /home/greyflon/lab_2025/install/two_wheeled_robot/share/two_wheeled_robot/models/aws_robomaker_residential_Tablet_01/meshes/aws_Tablet_01_visual.DAE\n'}
[0.560960] (two_wheeled_robot) StdoutLine: {'line': b'-- Up-to-date: /home/greyflon/lab_2025/install/two_wheeled_robot/share/two_wheeled_robot/models/aws_robomaker_residential_Tablet_01/meshes/aws_Tablet_01_collision.DAE\n'}
[0.561044] (two_wheeled_robot) StdoutLine: {'line': b'-- Up-to-date: /home/greyflon/lab_2025/install/two_wheeled_robot/share/two_wheeled_robot/models/aws_robomaker_residential_Tablet_01/materials\n'}
[0.561120] (two_wheeled_robot) StdoutLine: {'line': b'-- Up-to-date: /home/greyflon/lab_2025/install/two_wheeled_robot/share/two_wheeled_robot/models/aws_robomaker_residential_Tablet_01/materials/textures\n'}
[0.561195] (two_wheeled_robot) StdoutLine: {'line': b'-- Up-to-date: /home/greyflon/lab_2025/install/two_wheeled_robot/share/two_wheeled_robot/models/aws_robomaker_residential_Tablet_01/materials/textures/aws_Tablet_01_nologo.png\n'}
[0.561299] (two_wheeled_robot) StdoutLine: {'line': b'-- Up-to-date: /home/greyflon/lab_2025/install/two_wheeled_robot/share/two_wheeled_robot/models/aws_robomaker_residential_Tablet_01/model.sdf\n'}
[0.561377] (two_wheeled_robot) StdoutLine: {'line': b'-- Up-to-date: /home/greyflon/lab_2025/install/two_wheeled_robot/share/two_wheeled_robot/models/stop_light_post\n'}
[0.561454] (two_wheeled_robot) StdoutLine: {'line': b'-- Up-to-date: /home/greyflon/lab_2025/install/two_wheeled_robot/share/two_wheeled_robot/models/stop_light_post/model.config\n'}
[0.561531] (two_wheeled_robot) StdoutLine: {'line': b'-- Up-to-date: /home/greyflon/lab_2025/install/two_wheeled_robot/share/two_wheeled_robot/models/stop_light_post/meshes\n'}
[0.561635] (two_wheeled_robot) StdoutLine: {'line': b'-- Up-to-date: /home/greyflon/lab_2025/install/two_wheeled_robot/share/two_wheeled_robot/models/stop_light_post/meshes/stop_light_post.mtl\n'}
[0.561712] (two_wheeled_robot) StdoutLine: {'line': b'-- Up-to-date: /home/greyflon/lab_2025/install/two_wheeled_robot/share/two_wheeled_robot/models/stop_light_post/meshes/stop_light_extension.mtl\n'}
[0.561801] (two_wheeled_robot) StdoutLine: {'line': b'-- Up-to-date: /home/greyflon/lab_2025/install/two_wheeled_robot/share/two_wheeled_robot/models/stop_light_post/meshes/stop_light_extension.obj\n'}
[0.561887] (two_wheeled_robot) StdoutLine: {'line': b'-- Up-to-date: /home/greyflon/lab_2025/install/two_wheeled_robot/share/two_wheeled_robot/models/stop_light_post/meshes/stop_light_post.obj\n'}
[0.561958] (two_wheeled_robot) StdoutLine: {'line': b'-- Up-to-date: /home/greyflon/lab_2025/install/two_wheeled_robot/share/two_wheeled_robot/models/stop_light_post/materials\n'}
[0.562044] (two_wheeled_robot) StdoutLine: {'line': b'-- Up-to-date: /home/greyflon/lab_2025/install/two_wheeled_robot/share/two_wheeled_robot/models/stop_light_post/materials/textures\n'}
[0.562124] (two_wheeled_robot) StdoutLine: {'line': b'-- Up-to-date: /home/greyflon/lab_2025/install/two_wheeled_robot/share/two_wheeled_robot/models/stop_light_post/materials/textures/stop_light.png\n'}
[0.562206] (two_wheeled_robot) StdoutLine: {'line': b'-- Up-to-date: /home/greyflon/lab_2025/install/two_wheeled_robot/share/two_wheeled_robot/models/stop_light_post/model.sdf\n'}
[0.562283] (two_wheeled_robot) StdoutLine: {'line': b'-- Up-to-date: /home/greyflon/lab_2025/install/two_wheeled_robot/share/two_wheeled_robot/models/computer\n'}
[0.562389] (two_wheeled_robot) StdoutLine: {'line': b'-- Up-to-date: /home/greyflon/lab_2025/install/two_wheeled_robot/share/two_wheeled_robot/models/computer/model.config\n'}
[0.562469] (two_wheeled_robot) StdoutLine: {'line': b'-- Up-to-date: /home/greyflon/lab_2025/install/two_wheeled_robot/share/two_wheeled_robot/models/computer/meshes\n'}
[0.562545] (two_wheeled_robot) StdoutLine: {'line': b'-- Up-to-date: /home/greyflon/lab_2025/install/two_wheeled_robot/share/two_wheeled_robot/models/computer/meshes/computer_monitor.obj\n'}
[0.562629] (two_wheeled_robot) StdoutLine: {'line': b'-- Up-to-date: /home/greyflon/lab_2025/install/two_wheeled_robot/share/two_wheeled_robot/models/computer/meshes/computer_tower.obj\n'}
[0.562707] (two_wheeled_robot) StdoutLine: {'line': b'-- Up-to-date: /home/greyflon/lab_2025/install/two_wheeled_robot/share/two_wheeled_robot/models/computer/meshes/computer.obj\n'}
[0.562789] (two_wheeled_robot) StdoutLine: {'line': b'-- Up-to-date: /home/greyflon/lab_2025/install/two_wheeled_robot/share/two_wheeled_robot/models/computer/meshes/computer.mtl\n'}
[0.562871] (two_wheeled_robot) StdoutLine: {'line': b'-- Up-to-date: /home/greyflon/lab_2025/install/two_wheeled_robot/share/two_wheeled_robot/models/computer/materials\n'}
[0.562947] (two_wheeled_robot) StdoutLine: {'line': b'-- Up-to-date: /home/greyflon/lab_2025/install/two_wheeled_robot/share/two_wheeled_robot/models/computer/materials/textures\n'}
[0.563012] (two_wheeled_robot) StdoutLine: {'line': b'-- Up-to-date: /home/greyflon/lab_2025/install/two_wheeled_robot/share/two_wheeled_robot/models/computer/materials/textures/computer.png\n'}
[0.563087] (two_wheeled_robot) StdoutLine: {'line': b'-- Up-to-date: /home/greyflon/lab_2025/install/two_wheeled_robot/share/two_wheeled_robot/models/computer/model.sdf\n'}
[0.563176] (two_wheeled_robot) StdoutLine: {'line': b'-- Up-to-date: /home/greyflon/lab_2025/install/two_wheeled_robot/share/two_wheeled_robot/models/reception_desk\n'}
[0.563253] (two_wheeled_robot) StdoutLine: {'line': b'-- Up-to-date: /home/greyflon/lab_2025/install/two_wheeled_robot/share/two_wheeled_robot/models/reception_desk/model.config\n'}
[0.563339] (two_wheeled_robot) StdoutLine: {'line': b'-- Up-to-date: /home/greyflon/lab_2025/install/two_wheeled_robot/share/two_wheeled_robot/models/reception_desk/meshes\n'}
[0.563406] (two_wheeled_robot) StdoutLine: {'line': b'-- Up-to-date: /home/greyflon/lab_2025/install/two_wheeled_robot/share/two_wheeled_robot/models/reception_desk/meshes/reception_desk.obj\n'}
[0.563490] (two_wheeled_robot) StdoutLine: {'line': b'-- Up-to-date: /home/greyflon/lab_2025/install/two_wheeled_robot/share/two_wheeled_robot/models/reception_desk/meshes/reception_desk.mtl\n'}
[0.563597] (two_wheeled_robot) StdoutLine: {'line': b'-- Up-to-date: /home/greyflon/lab_2025/install/two_wheeled_robot/share/two_wheeled_robot/models/reception_desk/materials\n'}
[0.563662] (two_wheeled_robot) StdoutLine: {'line': b'-- Up-to-date: /home/greyflon/lab_2025/install/two_wheeled_robot/share/two_wheeled_robot/models/reception_desk/materials/textures\n'}
[0.563756] (two_wheeled_robot) StdoutLine: {'line': b'-- Up-to-date: /home/greyflon/lab_2025/install/two_wheeled_robot/share/two_wheeled_robot/models/reception_desk/materials/textures/reception_desk.png\n'}
[0.563841] (two_wheeled_robot) StdoutLine: {'line': b'-- Up-to-date: /home/greyflon/lab_2025/install/two_wheeled_robot/share/two_wheeled_robot/models/reception_desk/model.sdf\n'}
[0.563917] (two_wheeled_robot) StdoutLine: {'line': b'-- Up-to-date: /home/greyflon/lab_2025/install/two_wheeled_robot/share/two_wheeled_robot/models/cessna\n'}
[0.563995] (two_wheeled_robot) StdoutLine: {'line': b'-- Up-to-date: /home/greyflon/lab_2025/install/two_wheeled_robot/share/two_wheeled_robot/models/cessna/model.config\n'}
[0.564058] (two_wheeled_robot) StdoutLine: {'line': b'-- Up-to-date: /home/greyflon/lab_2025/install/two_wheeled_robot/share/two_wheeled_robot/models/cessna/meshes\n'}
[0.564143] (two_wheeled_robot) StdoutLine: {'line': b'-- Up-to-date: /home/greyflon/lab_2025/install/two_wheeled_robot/share/two_wheeled_robot/models/cessna/meshes/left_aileron.dae\n'}
[0.564221] (two_wheeled_robot) StdoutLine: {'line': b'-- Up-to-date: /home/greyflon/lab_2025/install/two_wheeled_robot/share/two_wheeled_robot/models/cessna/meshes/cessna_prop.dae\n'}
[0.564296] (two_wheeled_robot) StdoutLine: {'line': b'-- Up-to-date: /home/greyflon/lab_2025/install/two_wheeled_robot/share/two_wheeled_robot/models/cessna/meshes/right_flap.dae\n'}
[0.564373] (two_wheeled_robot) StdoutLine: {'line': b'-- Up-to-date: /home/greyflon/lab_2025/install/two_wheeled_robot/share/two_wheeled_robot/models/cessna/meshes/elevators.dae\n'}
[0.564438] (two_wheeled_robot) StdoutLine: {'line': b'-- Up-to-date: /home/greyflon/lab_2025/install/two_wheeled_robot/share/two_wheeled_robot/models/cessna/meshes/cessna_front_wheel.dae\n'}
[0.564527] (two_wheeled_robot) StdoutLine: {'line': b'-- Up-to-date: /home/greyflon/lab_2025/install/two_wheeled_robot/share/two_wheeled_robot/models/cessna/meshes/left_flap.dae\n'}
[0.564606] (two_wheeled_robot) StdoutLine: {'line': b'-- Up-to-date: /home/greyflon/lab_2025/install/two_wheeled_robot/share/two_wheeled_robot/models/cessna/meshes/rudder.dae\n'}
[0.564700] (two_wheeled_robot) StdoutLine: {'line': b'-- Up-to-date: /home/greyflon/lab_2025/install/two_wheeled_robot/share/two_wheeled_robot/models/cessna/meshes/body.dae\n'}
[0.564785] (two_wheeled_robot) StdoutLine: {'line': b'-- Up-to-date: /home/greyflon/lab_2025/install/two_wheeled_robot/share/two_wheeled_robot/models/cessna/meshes/cessna_rear_right_wheel.dae\n'}
[0.564880] (two_wheeled_robot) StdoutLine: {'line': b'-- Up-to-date: /home/greyflon/lab_2025/install/two_wheeled_robot/share/two_wheeled_robot/models/cessna/meshes/cessna_rear_left_wheel.dae\n'}
[0.564959] (two_wheeled_robot) StdoutLine: {'line': b'-- Up-to-date: /home/greyflon/lab_2025/install/two_wheeled_robot/share/two_wheeled_robot/models/cessna/meshes/right_aileron.dae\n'}
[0.565041] (two_wheeled_robot) StdoutLine: {'line': b'-- Up-to-date: /home/greyflon/lab_2025/install/two_wheeled_robot/share/two_wheeled_robot/models/cessna/model.sdf\n'}
[0.565116] (two_wheeled_robot) StdoutLine: {'line': b'-- Up-to-date: /home/greyflon/lab_2025/install/two_wheeled_robot/share/two_wheeled_robot/models/aws_robomaker_residential_Wardrobe_01\n'}
[0.565199] (two_wheeled_robot) StdoutLine: {'line': b'-- Up-to-date: /home/greyflon/lab_2025/install/two_wheeled_robot/share/two_wheeled_robot/models/aws_robomaker_residential_Wardrobe_01/model.config\n'}
[0.565276] (two_wheeled_robot) StdoutLine: {'line': b'-- Up-to-date: /home/greyflon/lab_2025/install/two_wheeled_robot/share/two_wheeled_robot/models/aws_robomaker_residential_Wardrobe_01/meshes\n'}
[0.565361] (two_wheeled_robot) StdoutLine: {'line': b'-- Up-to-date: /home/greyflon/lab_2025/install/two_wheeled_robot/share/two_wheeled_robot/models/aws_robomaker_residential_Wardrobe_01/meshes/aws_Wardrobe_01_collision.DAE\n'}
[0.565437] (two_wheeled_robot) StdoutLine: {'line': b'-- Up-to-date: /home/greyflon/lab_2025/install/two_wheeled_robot/share/two_wheeled_robot/models/aws_robomaker_residential_Wardrobe_01/meshes/aws_Wardrobe_01_visual.DAE\n'}
[0.565519] (two_wheeled_robot) StdoutLine: {'line': b'-- Up-to-date: /home/greyflon/lab_2025/install/two_wheeled_robot/share/two_wheeled_robot/models/aws_robomaker_residential_Wardrobe_01/materials\n'}
[0.565593] (two_wheeled_robot) StdoutLine: {'line': b'-- Up-to-date: /home/greyflon/lab_2025/install/two_wheeled_robot/share/two_wheeled_robot/models/aws_robomaker_residential_Wardrobe_01/materials/textures\n'}
[0.565672] (two_wheeled_robot) StdoutLine: {'line': b'-- Up-to-date: /home/greyflon/lab_2025/install/two_wheeled_robot/share/two_wheeled_robot/models/aws_robomaker_residential_Wardrobe_01/materials/textures/aws_Wardrobe_01.png\n'}
[0.565762] (two_wheeled_robot) StdoutLine: {'line': b'-- Up-to-date: /home/greyflon/lab_2025/install/two_wheeled_robot/share/two_wheeled_robot/models/aws_robomaker_residential_Wardrobe_01/model.sdf\n'}
[0.565837] (two_wheeled_robot) StdoutLine: {'line': b'-- Up-to-date: /home/greyflon/lab_2025/install/two_wheeled_robot/share/two_wheeled_robot/models/Chair\n'}
[0.565911] (two_wheeled_robot) StdoutLine: {'line': b'-- Up-to-date: /home/greyflon/lab_2025/install/two_wheeled_robot/share/two_wheeled_robot/models/Chair/model.config\n'}
[0.565996] (two_wheeled_robot) StdoutLine: {'line': b'-- Up-to-date: /home/greyflon/lab_2025/install/two_wheeled_robot/share/two_wheeled_robot/models/Chair/meshes\n'}
[0.566073] (two_wheeled_robot) StdoutLine: {'line': b'-- Up-to-date: /home/greyflon/lab_2025/install/two_wheeled_robot/share/two_wheeled_robot/models/Chair/meshes/Chair_SpecGloss.png\n'}
[0.566157] (two_wheeled_robot) StdoutLine: {'line': b'-- Up-to-date: /home/greyflon/lab_2025/install/two_wheeled_robot/share/two_wheeled_robot/models/Chair/meshes/Chair_Normal.png\n'}
[0.566222] (two_wheeled_robot) StdoutLine: {'line': b'-- Up-to-date: /home/greyflon/lab_2025/install/two_wheeled_robot/share/two_wheeled_robot/models/Chair/meshes/Chair.png\n'}
[0.566304] (two_wheeled_robot) StdoutLine: {'line': b'-- Up-to-date: /home/greyflon/lab_2025/install/two_wheeled_robot/share/two_wheeled_robot/models/Chair/meshes/Chair.mtl\n'}
[0.566381] (two_wheeled_robot) StdoutLine: {'line': b'-- Up-to-date: /home/greyflon/lab_2025/install/two_wheeled_robot/share/two_wheeled_robot/models/Chair/meshes/Chair.obj\n'}
[0.566462] (two_wheeled_robot) StdoutLine: {'line': b'-- Up-to-date: /home/greyflon/lab_2025/install/two_wheeled_robot/share/two_wheeled_robot/models/Chair/meshes/Chair_Diffuse.png\n'}
[0.566536] (two_wheeled_robot) StdoutLine: {'line': b'-- Up-to-date: /home/greyflon/lab_2025/install/two_wheeled_robot/share/two_wheeled_robot/models/Chair/thumbnails\n'}
[0.566618] (two_wheeled_robot) StdoutLine: {'line': b'-- Up-to-date: /home/greyflon/lab_2025/install/two_wheeled_robot/share/two_wheeled_robot/models/Chair/thumbnails/5.png\n'}
[0.566695] (two_wheeled_robot) StdoutLine: {'line': b'-- Up-to-date: /home/greyflon/lab_2025/install/two_wheeled_robot/share/two_wheeled_robot/models/Chair/thumbnails/1.png\n'}
[0.566782] (two_wheeled_robot) StdoutLine: {'line': b'-- Up-to-date: /home/greyflon/lab_2025/install/two_wheeled_robot/share/two_wheeled_robot/models/Chair/thumbnails/2.png\n'}
[0.566870] (two_wheeled_robot) StdoutLine: {'line': b'-- Up-to-date: /home/greyflon/lab_2025/install/two_wheeled_robot/share/two_wheeled_robot/models/Chair/thumbnails/4.png\n'}
[0.566952] (two_wheeled_robot) StdoutLine: {'line': b'-- Up-to-date: /home/greyflon/lab_2025/install/two_wheeled_robot/share/two_wheeled_robot/models/Chair/thumbnails/3.png\n'}
[0.567039] (two_wheeled_robot) StdoutLine: {'line': b'-- Up-to-date: /home/greyflon/lab_2025/install/two_wheeled_robot/share/two_wheeled_robot/models/Chair/model.sdf\n'}
[0.567113] (two_wheeled_robot) StdoutLine: {'line': b'-- Up-to-date: /home/greyflon/lab_2025/install/two_wheeled_robot/share/two_wheeled_robot/models/workcell\n'}
[0.567200] (two_wheeled_robot) StdoutLine: {'line': b'-- Up-to-date: /home/greyflon/lab_2025/install/two_wheeled_robot/share/two_wheeled_robot/models/workcell/model.config\n'}
[0.567286] (two_wheeled_robot) StdoutLine: {'line': b'-- Up-to-date: /home/greyflon/lab_2025/install/two_wheeled_robot/share/two_wheeled_robot/models/workcell/meshes\n'}
[0.567382] (two_wheeled_robot) StdoutLine: {'line': b'-- Up-to-date: /home/greyflon/lab_2025/install/two_wheeled_robot/share/two_wheeled_robot/models/workcell/meshes/mesh_backup.dae\n'}
[0.567448] (two_wheeled_robot) StdoutLine: {'line': b'-- Up-to-date: /home/greyflon/lab_2025/install/two_wheeled_robot/share/two_wheeled_robot/models/workcell/meshes/mesh.dae\n'}
[0.567533] (two_wheeled_robot) StdoutLine: {'line': b'-- Up-to-date: /home/greyflon/lab_2025/install/two_wheeled_robot/share/two_wheeled_robot/models/workcell/materials\n'}
[0.567613] (two_wheeled_robot) StdoutLine: {'line': b'-- Up-to-date: /home/greyflon/lab_2025/install/two_wheeled_robot/share/two_wheeled_robot/models/workcell/materials/textures\n'}
[0.567692] (two_wheeled_robot) StdoutLine: {'line': b'-- Up-to-date: /home/greyflon/lab_2025/install/two_wheeled_robot/share/two_wheeled_robot/models/workcell/materials/textures/Conveyor.png\n'}
[0.567769] (two_wheeled_robot) StdoutLine: {'line': b'-- Up-to-date: /home/greyflon/lab_2025/install/two_wheeled_robot/share/two_wheeled_robot/models/workcell/materials/textures/Wall_Corrugated.png\n'}
[0.567844] (two_wheeled_robot) StdoutLine: {'line': b'-- Up-to-date: /home/greyflon/lab_2025/install/two_wheeled_robot/share/two_wheeled_robot/models/workcell/materials/textures/Yellow.png\n'}
[0.567908] (two_wheeled_robot) StdoutLine: {'line': b'-- Up-to-date: /home/greyflon/lab_2025/install/two_wheeled_robot/share/two_wheeled_robot/models/workcell/materials/textures/CardboardBoxes.png\n'}
[0.567985] (two_wheeled_robot) StdoutLine: {'line': b'-- Up-to-date: /home/greyflon/lab_2025/install/two_wheeled_robot/share/two_wheeled_robot/models/workcell/materials/textures/ControlPanel.png\n'}
[0.568071] (two_wheeled_robot) StdoutLine: {'line': b'-- Up-to-date: /home/greyflon/lab_2025/install/two_wheeled_robot/share/two_wheeled_robot/models/workcell/materials/textures/PalletWrap.png\n'}
[0.568150] (two_wheeled_robot) StdoutLine: {'line': b'-- Up-to-date: /home/greyflon/lab_2025/install/two_wheeled_robot/share/two_wheeled_robot/models/workcell/materials/textures/Shelves.png\n'}
[0.568259] (two_wheeled_robot) StdoutLine: {'line': b'-- Up-to-date: /home/greyflon/lab_2025/install/two_wheeled_robot/share/two_wheeled_robot/models/workcell/materials/textures/Floor.png\n'}
[0.568344] (two_wheeled_robot) StdoutLine: {'line': b'-- Up-to-date: /home/greyflon/lab_2025/install/two_wheeled_robot/share/two_wheeled_robot/models/workcell/materials/textures/Wall_Concrete.png\n'}
[0.568425] (two_wheeled_robot) StdoutLine: {'line': b'-- Up-to-date: /home/greyflon/lab_2025/install/two_wheeled_robot/share/two_wheeled_robot/models/workcell/materials/textures/Door_Window.png\n'}
[0.568503] (two_wheeled_robot) StdoutLine: {'line': b'-- Up-to-date: /home/greyflon/lab_2025/install/two_wheeled_robot/share/two_wheeled_robot/models/workcell/materials/textures/Pallet.png\n'}
[0.568625] (two_wheeled_robot) StdoutLine: {'line': b'-- Up-to-date: /home/greyflon/lab_2025/install/two_wheeled_robot/share/two_wheeled_robot/models/workcell/materials/textures/Mesh.png\n'}
[0.568703] (two_wheeled_robot) StdoutLine: {'line': b'-- Up-to-date: /home/greyflon/lab_2025/install/two_wheeled_robot/share/two_wheeled_robot/models/workcell/materials/textures/Stairs.png\n'}
[0.568786] (two_wheeled_robot) StdoutLine: {'line': b'-- Up-to-date: /home/greyflon/lab_2025/install/two_wheeled_robot/share/two_wheeled_robot/models/workcell/materials/textures/RollupDoor.png\n'}
[0.568897] (two_wheeled_robot) StdoutLine: {'line': b'-- Up-to-date: /home/greyflon/lab_2025/install/two_wheeled_robot/share/two_wheeled_robot/models/workcell/materials/textures/Bin.png\n'}
[0.568987] (two_wheeled_robot) StdoutLine: {'line': b'-- Up-to-date: /home/greyflon/lab_2025/install/two_wheeled_robot/share/two_wheeled_robot/models/workcell/materials/textures/Plywood.png\n'}
[0.569073] (two_wheeled_robot) StdoutLine: {'line': b'-- Up-to-date: /home/greyflon/lab_2025/install/two_wheeled_robot/share/two_wheeled_robot/models/workcell/materials/textures/WorkCell_Render.png\n'}
[0.569138] (two_wheeled_robot) StdoutLine: {'line': b'-- Up-to-date: /home/greyflon/lab_2025/install/two_wheeled_robot/share/two_wheeled_robot/models/workcell/materials/textures/Pillar.png\n'}
[0.569221] (two_wheeled_robot) StdoutLine: {'line': b'-- Up-to-date: /home/greyflon/lab_2025/install/two_wheeled_robot/share/two_wheeled_robot/models/workcell/materials/textures/RubberMat.png\n'}
[0.569298] (two_wheeled_robot) StdoutLine: {'line': b'-- Up-to-date: /home/greyflon/lab_2025/install/two_wheeled_robot/share/two_wheeled_robot/models/workcell/model.sdf\n'}
[0.569385] (two_wheeled_robot) StdoutLine: {'line': b'-- Up-to-date: /home/greyflon/lab_2025/install/two_wheeled_robot/share/two_wheeled_robot/models/aws_robomaker_hospital_floor_01_ceiling\n'}
[0.569471] (two_wheeled_robot) StdoutLine: {'line': b'-- Up-to-date: /home/greyflon/lab_2025/install/two_wheeled_robot/share/two_wheeled_robot/models/aws_robomaker_hospital_floor_01_ceiling/model.config\n'}
[0.569549] (two_wheeled_robot) StdoutLine: {'line': b'-- Up-to-date: /home/greyflon/lab_2025/install/two_wheeled_robot/share/two_wheeled_robot/models/aws_robomaker_hospital_floor_01_ceiling/meshes\n'}
[0.569632] (two_wheeled_robot) StdoutLine: {'line': b'-- Up-to-date: /home/greyflon/lab_2025/install/two_wheeled_robot/share/two_wheeled_robot/models/aws_robomaker_hospital_floor_01_ceiling/meshes/aws_robomaker_hospital_floor_01_ceiling_visual.dae\n'}
[0.569707] (two_wheeled_robot) StdoutLine: {'line': b'-- Up-to-date: /home/greyflon/lab_2025/install/two_wheeled_robot/share/two_wheeled_robot/models/aws_robomaker_hospital_floor_01_ceiling/meshes/aws_robomaker_hospital_floor_01_ceiling_normal.png\n'}
[0.569787] (two_wheeled_robot) StdoutLine: {'line': b'-- Up-to-date: /home/greyflon/lab_2025/install/two_wheeled_robot/share/two_wheeled_robot/models/aws_robomaker_hospital_floor_01_ceiling/meshes/aws_robomaker_hospital_floor_01_ceiling_collision.dae\n'}
[0.569871] (two_wheeled_robot) StdoutLine: {'line': b'-- Up-to-date: /home/greyflon/lab_2025/install/two_wheeled_robot/share/two_wheeled_robot/models/aws_robomaker_hospital_floor_01_ceiling/meshes/aws_robomaker_hospital_floor_01_ceiling.png\n'}
[0.569947] (two_wheeled_robot) StdoutLine: {'line': b'-- Up-to-date: /home/greyflon/lab_2025/install/two_wheeled_robot/share/two_wheeled_robot/models/aws_robomaker_hospital_floor_01_ceiling/model.sdf\n'}
[0.570029] (two_wheeled_robot) StdoutLine: {'line': b'-- Up-to-date: /home/greyflon/lab_2025/install/two_wheeled_robot/share/two_wheeled_robot/models/aws_robomaker_warehouse_TrashCanC_01\n'}
[0.570116] (two_wheeled_robot) StdoutLine: {'line': b'-- Up-to-date: /home/greyflon/lab_2025/install/two_wheeled_robot/share/two_wheeled_robot/models/aws_robomaker_warehouse_TrashCanC_01/model.config\n'}
[0.570193] (two_wheeled_robot) StdoutLine: {'line': b'-- Up-to-date: /home/greyflon/lab_2025/install/two_wheeled_robot/share/two_wheeled_robot/models/aws_robomaker_warehouse_TrashCanC_01/meshes\n'}
[0.570279] (two_wheeled_robot) StdoutLine: {'line': b'-- Up-to-date: /home/greyflon/lab_2025/install/two_wheeled_robot/share/two_wheeled_robot/models/aws_robomaker_warehouse_TrashCanC_01/meshes/aws_robomaker_warehouse_TrashCanC_01_collision.DAE\n'}
[0.570345] (two_wheeled_robot) StdoutLine: {'line': b'-- Up-to-date: /home/greyflon/lab_2025/install/two_wheeled_robot/share/two_wheeled_robot/models/aws_robomaker_warehouse_TrashCanC_01/meshes/aws_robomaker_warehouse_TrashCanC_01_visual.DAE\n'}
[0.570428] (two_wheeled_robot) StdoutLine: {'line': b'-- Up-to-date: /home/greyflon/lab_2025/install/two_wheeled_robot/share/two_wheeled_robot/models/aws_robomaker_warehouse_TrashCanC_01/materials\n'}
[0.570530] (two_wheeled_robot) StdoutLine: {'line': b'-- Up-to-date: /home/greyflon/lab_2025/install/two_wheeled_robot/share/two_wheeled_robot/models/aws_robomaker_warehouse_TrashCanC_01/materials/textures\n'}
[0.570603] (two_wheeled_robot) StdoutLine: {'line': b'-- Up-to-date: /home/greyflon/lab_2025/install/two_wheeled_robot/share/two_wheeled_robot/models/aws_robomaker_warehouse_TrashCanC_01/materials/textures/aws_robomaker_warehouse_TrashCanC_01.png\n'}
[0.570679] (two_wheeled_robot) StdoutLine: {'line': b'-- Up-to-date: /home/greyflon/lab_2025/install/two_wheeled_robot/share/two_wheeled_robot/models/aws_robomaker_warehouse_TrashCanC_01/model.sdf\n'}
[0.570751] (two_wheeled_robot) StdoutLine: {'line': b'-- Up-to-date: /home/greyflon/lab_2025/install/two_wheeled_robot/share/two_wheeled_robot/models/camera\n'}
[0.570844] (two_wheeled_robot) StdoutLine: {'line': b'-- Up-to-date: /home/greyflon/lab_2025/install/two_wheeled_robot/share/two_wheeled_robot/models/camera/model-1_2.sdf\n'}
[0.570921] (two_wheeled_robot) StdoutLine: {'line': b'-- Up-to-date: /home/greyflon/lab_2025/install/two_wheeled_robot/share/two_wheeled_robot/models/camera/model-1_4.sdf\n'}
[0.571005] (two_wheeled_robot) StdoutLine: {'line': b'-- Up-to-date: /home/greyflon/lab_2025/install/two_wheeled_robot/share/two_wheeled_robot/models/camera/model.config\n'}
[0.571069] (two_wheeled_robot) StdoutLine: {'line': b'-- Up-to-date: /home/greyflon/lab_2025/install/two_wheeled_robot/share/two_wheeled_robot/models/camera/model.sdf\n'}
[0.571154] (two_wheeled_robot) StdoutLine: {'line': b'-- Up-to-date: /home/greyflon/lab_2025/install/two_wheeled_robot/share/two_wheeled_robot/models/camera/model-1_3.sdf\n'}
[0.571230] (two_wheeled_robot) StdoutLine: {'line': b'-- Up-to-date: /home/greyflon/lab_2025/install/two_wheeled_robot/share/two_wheeled_robot/models/simple_arm\n'}
[0.571306] (two_wheeled_robot) StdoutLine: {'line': b'-- Up-to-date: /home/greyflon/lab_2025/install/two_wheeled_robot/share/two_wheeled_robot/models/simple_arm/model-1_2.sdf\n'}
[0.571380] (two_wheeled_robot) StdoutLine: {'line': b'-- Up-to-date: /home/greyflon/lab_2025/install/two_wheeled_robot/share/two_wheeled_robot/models/simple_arm/model-1_4.sdf\n'}
[0.571443] (two_wheeled_robot) StdoutLine: {'line': b'-- Up-to-date: /home/greyflon/lab_2025/install/two_wheeled_robot/share/two_wheeled_robot/models/simple_arm/model.config\n'}
[0.571525] (two_wheeled_robot) StdoutLine: {'line': b'-- Up-to-date: /home/greyflon/lab_2025/install/two_wheeled_robot/share/two_wheeled_robot/models/simple_arm/model.sdf\n'}
[0.571602] (two_wheeled_robot) StdoutLine: {'line': b'-- Up-to-date: /home/greyflon/lab_2025/install/two_wheeled_robot/share/two_wheeled_robot/models/simple_arm/model-1_3.sdf\n'}
[0.571678] (two_wheeled_robot) StdoutLine: {'line': b'-- Up-to-date: /home/greyflon/lab_2025/install/two_wheeled_robot/share/two_wheeled_robot/models/stop_light\n'}
[0.571788] (two_wheeled_robot) StdoutLine: {'line': b'-- Up-to-date: /home/greyflon/lab_2025/install/two_wheeled_robot/share/two_wheeled_robot/models/stop_light/model.config\n'}
[0.571874] (two_wheeled_robot) StdoutLine: {'line': b'-- Up-to-date: /home/greyflon/lab_2025/install/two_wheeled_robot/share/two_wheeled_robot/models/stop_light/meshes\n'}
[0.571953] (two_wheeled_robot) StdoutLine: {'line': b'-- Up-to-date: /home/greyflon/lab_2025/install/two_wheeled_robot/share/two_wheeled_robot/models/stop_light/meshes/stop_light.mtl\n'}
[0.572027] (two_wheeled_robot) StdoutLine: {'line': b'-- Up-to-date: /home/greyflon/lab_2025/install/two_wheeled_robot/share/two_wheeled_robot/models/stop_light/meshes/stop_light.obj\n'}
[0.572109] (two_wheeled_robot) StdoutLine: {'line': b'-- Up-to-date: /home/greyflon/lab_2025/install/two_wheeled_robot/share/two_wheeled_robot/models/stop_light/materials\n'}
[0.572185] (two_wheeled_robot) StdoutLine: {'line': b'-- Up-to-date: /home/greyflon/lab_2025/install/two_wheeled_robot/share/two_wheeled_robot/models/stop_light/materials/scripts\n'}
[0.572261] (two_wheeled_robot) StdoutLine: {'line': b'-- Up-to-date: /home/greyflon/lab_2025/install/two_wheeled_robot/share/two_wheeled_robot/models/stop_light/materials/scripts/stop_light.material\n'}
[0.572346] (two_wheeled_robot) StdoutLine: {'line': b'-- Up-to-date: /home/greyflon/lab_2025/install/two_wheeled_robot/share/two_wheeled_robot/models/stop_light/materials/textures\n'}
[0.572431] (two_wheeled_robot) StdoutLine: {'line': b'-- Up-to-date: /home/greyflon/lab_2025/install/two_wheeled_robot/share/two_wheeled_robot/models/stop_light/materials/textures/stop_light.png\n'}
[0.572507] (two_wheeled_robot) StdoutLine: {'line': b'-- Up-to-date: /home/greyflon/lab_2025/install/two_wheeled_robot/share/two_wheeled_robot/models/stop_light/materials/textures/greyscale_light.png\n'}
[0.572581] (two_wheeled_robot) StdoutLine: {'line': b'-- Up-to-date: /home/greyflon/lab_2025/install/two_wheeled_robot/share/two_wheeled_robot/models/stop_light/model.sdf\n'}
[0.572656] (two_wheeled_robot) StdoutLine: {'line': b'-- Up-to-date: /home/greyflon/lab_2025/install/two_wheeled_robot/share/two_wheeled_robot/models/pallet_full\n'}
[0.572719] (two_wheeled_robot) StdoutLine: {'line': b'-- Up-to-date: /home/greyflon/lab_2025/install/two_wheeled_robot/share/two_wheeled_robot/models/pallet_full/model.config\n'}
[0.572799] (two_wheeled_robot) StdoutLine: {'line': b'-- Up-to-date: /home/greyflon/lab_2025/install/two_wheeled_robot/share/two_wheeled_robot/models/pallet_full/model.sdf\n'}
[0.572885] (two_wheeled_robot) StdoutLine: {'line': b'-- Up-to-date: /home/greyflon/lab_2025/install/two_wheeled_robot/share/two_wheeled_robot/models/radio_tower\n'}
[0.572962] (two_wheeled_robot) StdoutLine: {'line': b'-- Up-to-date: /home/greyflon/lab_2025/install/two_wheeled_robot/share/two_wheeled_robot/models/radio_tower/model.config\n'}
[0.573044] (two_wheeled_robot) StdoutLine: {'line': b'-- Up-to-date: /home/greyflon/lab_2025/install/two_wheeled_robot/share/two_wheeled_robot/models/radio_tower/meshes\n'}
[0.573120] (two_wheeled_robot) StdoutLine: {'line': b'-- Up-to-date: /home/greyflon/lab_2025/install/two_wheeled_robot/share/two_wheeled_robot/models/radio_tower/meshes/radio_tower.dae\n'}
[0.573203] (two_wheeled_robot) StdoutLine: {'line': b'-- Up-to-date: /home/greyflon/lab_2025/install/two_wheeled_robot/share/two_wheeled_robot/models/radio_tower/materials\n'}
[0.573280] (two_wheeled_robot) StdoutLine: {'line': b'-- Up-to-date: /home/greyflon/lab_2025/install/two_wheeled_robot/share/two_wheeled_robot/models/radio_tower/materials/textures\n'}
[0.573358] (two_wheeled_robot) StdoutLine: {'line': b'-- Up-to-date: /home/greyflon/lab_2025/install/two_wheeled_robot/share/two_wheeled_robot/models/radio_tower/materials/textures/radio_tower_spec.jpg\n'}
[0.573433] (two_wheeled_robot) StdoutLine: {'line': b'-- Up-to-date: /home/greyflon/lab_2025/install/two_wheeled_robot/share/two_wheeled_robot/models/radio_tower/materials/textures/radio_tower_diffuse.jpg\n'}
[0.573496] (two_wheeled_robot) StdoutLine: {'line': b'-- Up-to-date: /home/greyflon/lab_2025/install/two_wheeled_robot/share/two_wheeled_robot/models/radio_tower/model.sdf\n'}
[0.573578] (two_wheeled_robot) StdoutLine: {'line': b'-- Up-to-date: /home/greyflon/lab_2025/install/two_wheeled_robot/share/two_wheeled_robot/models/aws_robomaker_residential_DeskPortraitB_02\n'}
[0.573654] (two_wheeled_robot) StdoutLine: {'line': b'-- Up-to-date: /home/greyflon/lab_2025/install/two_wheeled_robot/share/two_wheeled_robot/models/aws_robomaker_residential_DeskPortraitB_02/model.config\n'}
[0.573736] (two_wheeled_robot) StdoutLine: {'line': b'-- Up-to-date: /home/greyflon/lab_2025/install/two_wheeled_robot/share/two_wheeled_robot/models/aws_robomaker_residential_DeskPortraitB_02/meshes\n'}
[0.573815] (two_wheeled_robot) StdoutLine: {'line': b'-- Up-to-date: /home/greyflon/lab_2025/install/two_wheeled_robot/share/two_wheeled_robot/models/aws_robomaker_residential_DeskPortraitB_02/meshes/aws_DeskPortraitB_01_visual.DAE\n'}
[0.573900] (two_wheeled_robot) StdoutLine: {'line': b'-- Up-to-date: /home/greyflon/lab_2025/install/two_wheeled_robot/share/two_wheeled_robot/models/aws_robomaker_residential_DeskPortraitB_02/meshes/aws_DeskPortraitB_01_collision.DAE\n'}
[0.573997] (two_wheeled_robot) StdoutLine: {'line': b'-- Up-to-date: /home/greyflon/lab_2025/install/two_wheeled_robot/share/two_wheeled_robot/models/aws_robomaker_residential_DeskPortraitB_02/materials\n'}
[0.574080] (two_wheeled_robot) StdoutLine: {'line': b'-- Up-to-date: /home/greyflon/lab_2025/install/two_wheeled_robot/share/two_wheeled_robot/models/aws_robomaker_residential_DeskPortraitB_02/materials/textures\n'}
[0.574159] (two_wheeled_robot) StdoutLine: {'line': b'-- Up-to-date: /home/greyflon/lab_2025/install/two_wheeled_robot/share/two_wheeled_robot/models/aws_robomaker_residential_DeskPortraitB_02/materials/textures/DeskPortraitB_02.jpg\n'}
[0.574235] (two_wheeled_robot) StdoutLine: {'line': b'-- Up-to-date: /home/greyflon/lab_2025/install/two_wheeled_robot/share/two_wheeled_robot/models/aws_robomaker_residential_DeskPortraitB_02/materials/textures/aws_DeskPortraitB_02.png\n'}
[0.574299] (two_wheeled_robot) StdoutLine: {'line': b'-- Up-to-date: /home/greyflon/lab_2025/install/two_wheeled_robot/share/two_wheeled_robot/models/aws_robomaker_residential_DeskPortraitB_02/materials/textures/aws_DeskPortraitB_01.png\n'}
[0.574383] (two_wheeled_robot) StdoutLine: {'line': b'-- Up-to-date: /home/greyflon/lab_2025/install/two_wheeled_robot/share/two_wheeled_robot/models/aws_robomaker_residential_DeskPortraitB_02/model.sdf\n'}
[0.574462] (two_wheeled_robot) StdoutLine: {'line': b'-- Up-to-date: /home/greyflon/lab_2025/install/two_wheeled_robot/share/two_wheeled_robot/models/aws_robomaker_residential_PortraitA_02\n'}
[0.574547] (two_wheeled_robot) StdoutLine: {'line': b'-- Up-to-date: /home/greyflon/lab_2025/install/two_wheeled_robot/share/two_wheeled_robot/models/aws_robomaker_residential_PortraitA_02/model.config\n'}
[0.574623] (two_wheeled_robot) StdoutLine: {'line': b'-- Up-to-date: /home/greyflon/lab_2025/install/two_wheeled_robot/share/two_wheeled_robot/models/aws_robomaker_residential_PortraitA_02/meshes\n'}
[0.574706] (two_wheeled_robot) StdoutLine: {'line': b'-- Up-to-date: /home/greyflon/lab_2025/install/two_wheeled_robot/share/two_wheeled_robot/models/aws_robomaker_residential_PortraitA_02/meshes/aws_PortraitA_01_visual.DAE\n'}
[0.574788] (two_wheeled_robot) StdoutLine: {'line': b'-- Up-to-date: /home/greyflon/lab_2025/install/two_wheeled_robot/share/two_wheeled_robot/models/aws_robomaker_residential_PortraitA_02/meshes/aws_PortraitA_01_collision.DAE\n'}
[0.574868] (two_wheeled_robot) StdoutLine: {'line': b'-- Up-to-date: /home/greyflon/lab_2025/install/two_wheeled_robot/share/two_wheeled_robot/models/aws_robomaker_residential_PortraitA_02/materials\n'}
[0.574945] (two_wheeled_robot) StdoutLine: {'line': b'-- Up-to-date: /home/greyflon/lab_2025/install/two_wheeled_robot/share/two_wheeled_robot/models/aws_robomaker_residential_PortraitA_02/materials/textures\n'}
[0.575021] (two_wheeled_robot) StdoutLine: {'line': b'-- Up-to-date: /home/greyflon/lab_2025/install/two_wheeled_robot/share/two_wheeled_robot/models/aws_robomaker_residential_PortraitA_02/materials/textures/aws_PortraitA_01.png\n'}
[0.575102] (two_wheeled_robot) StdoutLine: {'line': b'-- Up-to-date: /home/greyflon/lab_2025/install/two_wheeled_robot/share/two_wheeled_robot/models/aws_robomaker_residential_PortraitA_02/materials/textures/PortraitA_02.jpg\n'}
[0.575180] (two_wheeled_robot) StdoutLine: {'line': b'-- Up-to-date: /home/greyflon/lab_2025/install/two_wheeled_robot/share/two_wheeled_robot/models/aws_robomaker_residential_PortraitA_02/materials/textures/aws_PortraitA_02.png\n'}
[0.575255] (two_wheeled_robot) StdoutLine: {'line': b'-- Up-to-date: /home/greyflon/lab_2025/install/two_wheeled_robot/share/two_wheeled_robot/models/aws_robomaker_residential_PortraitA_02/model.sdf\n'}
[0.575331] (two_wheeled_robot) StdoutLine: {'line': b'-- Up-to-date: /home/greyflon/lab_2025/install/two_wheeled_robot/share/two_wheeled_robot/models/aws_robomaker_warehouse_DeskC_01\n'}
[0.575406] (two_wheeled_robot) StdoutLine: {'line': b'-- Up-to-date: /home/greyflon/lab_2025/install/two_wheeled_robot/share/two_wheeled_robot/models/aws_robomaker_warehouse_DeskC_01/model.config\n'}
[0.575498] (two_wheeled_robot) StdoutLine: {'line': b'-- Up-to-date: /home/greyflon/lab_2025/install/two_wheeled_robot/share/two_wheeled_robot/models/aws_robomaker_warehouse_DeskC_01/meshes\n'}
[0.575575] (two_wheeled_robot) StdoutLine: {'line': b'-- Up-to-date: /home/greyflon/lab_2025/install/two_wheeled_robot/share/two_wheeled_robot/models/aws_robomaker_warehouse_DeskC_01/meshes/aws_robomaker_warehouse_DeskC_01_collision.DAE\n'}
[0.575663] (two_wheeled_robot) StdoutLine: {'line': b'-- Up-to-date: /home/greyflon/lab_2025/install/two_wheeled_robot/share/two_wheeled_robot/models/aws_robomaker_warehouse_DeskC_01/meshes/aws_robomaker_warehouse_DeskC_01_visual.DAE\n'}
[0.575733] (two_wheeled_robot) StdoutLine: {'line': b'-- Up-to-date: /home/greyflon/lab_2025/install/two_wheeled_robot/share/two_wheeled_robot/models/aws_robomaker_warehouse_DeskC_01/materials\n'}
[0.575826] (two_wheeled_robot) StdoutLine: {'line': b'-- Up-to-date: /home/greyflon/lab_2025/install/two_wheeled_robot/share/two_wheeled_robot/models/aws_robomaker_warehouse_DeskC_01/materials/textures\n'}
[0.575904] (two_wheeled_robot) StdoutLine: {'line': b'-- Up-to-date: /home/greyflon/lab_2025/install/two_wheeled_robot/share/two_wheeled_robot/models/aws_robomaker_warehouse_DeskC_01/materials/textures/aws_robomaker_warehouse_DeskC_03.psd\n'}
[0.575985] (two_wheeled_robot) StdoutLine: {'line': b'-- Up-to-date: /home/greyflon/lab_2025/install/two_wheeled_robot/share/two_wheeled_robot/models/aws_robomaker_warehouse_DeskC_01/materials/textures/aws_robomaker_warehouse_DeskC_02.png\n'}
[0.576066] (two_wheeled_robot) StdoutLine: {'line': b'-- Up-to-date: /home/greyflon/lab_2025/install/two_wheeled_robot/share/two_wheeled_robot/models/aws_robomaker_warehouse_DeskC_01/materials/textures/aws_robomaker_warehouse_DeskC_03.png\n'}
[0.576150] (two_wheeled_robot) StdoutLine: {'line': b'-- Up-to-date: /home/greyflon/lab_2025/install/two_wheeled_robot/share/two_wheeled_robot/models/aws_robomaker_warehouse_DeskC_01/materials/textures/aws_robomaker_warehouse_DeskC_04.png\n'}
[0.576227] (two_wheeled_robot) StdoutLine: {'line': b'-- Up-to-date: /home/greyflon/lab_2025/install/two_wheeled_robot/share/two_wheeled_robot/models/aws_robomaker_warehouse_DeskC_01/materials/textures/aws_robomaker_warehouse_DeskC_01.png\n'}
[0.576304] (two_wheeled_robot) StdoutLine: {'line': b'-- Up-to-date: /home/greyflon/lab_2025/install/two_wheeled_robot/share/two_wheeled_robot/models/aws_robomaker_warehouse_DeskC_01/model.sdf\n'}
[0.576379] (two_wheeled_robot) StdoutLine: {'line': b'-- Up-to-date: /home/greyflon/lab_2025/install/two_wheeled_robot/share/two_wheeled_robot/models/stopW\n'}
[0.576462] (two_wheeled_robot) StdoutLine: {'line': b'-- Up-to-date: /home/greyflon/lab_2025/install/two_wheeled_robot/share/two_wheeled_robot/models/stopW/model.config\n'}
[0.576539] (two_wheeled_robot) StdoutLine: {'line': b'-- Up-to-date: /home/greyflon/lab_2025/install/two_wheeled_robot/share/two_wheeled_robot/models/stopW/meshes\n'}
[0.576604] (two_wheeled_robot) StdoutLine: {'line': b'-- Up-to-date: /home/greyflon/lab_2025/install/two_wheeled_robot/share/two_wheeled_robot/models/stopW/meshes/Asphalt_New.jpg\n'}
[0.576682] (two_wheeled_robot) StdoutLine: {'line': b'-- Up-to-date: /home/greyflon/lab_2025/install/two_wheeled_robot/share/two_wheeled_robot/models/stopW/meshes/Concrete_Pavers_Block_Multi.jpg\n'}
[0.576785] (two_wheeled_robot) StdoutLine: {'line': b'-- Up-to-date: /home/greyflon/lab_2025/install/two_wheeled_robot/share/two_wheeled_robot/models/stopW/meshes/stop.dae\n'}
[0.576859] (two_wheeled_robot) StdoutLine: {'line': b'-- Up-to-date: /home/greyflon/lab_2025/install/two_wheeled_robot/share/two_wheeled_robot/models/stopW/model.sdf\n'}
[0.576937] (two_wheeled_robot) StdoutLine: {'line': b'-- Up-to-date: /home/greyflon/lab_2025/install/two_wheeled_robot/share/two_wheeled_robot/models/aws_robomaker_residential_DeskPortraitC_01\n'}
[0.577028] (two_wheeled_robot) StdoutLine: {'line': b'-- Up-to-date: /home/greyflon/lab_2025/install/two_wheeled_robot/share/two_wheeled_robot/models/aws_robomaker_residential_DeskPortraitC_01/model.config\n'}
[0.577103] (two_wheeled_robot) StdoutLine: {'line': b'-- Up-to-date: /home/greyflon/lab_2025/install/two_wheeled_robot/share/two_wheeled_robot/models/aws_robomaker_residential_DeskPortraitC_01/meshes\n'}
[0.577188] (two_wheeled_robot) StdoutLine: {'line': b'-- Up-to-date: /home/greyflon/lab_2025/install/two_wheeled_robot/share/two_wheeled_robot/models/aws_robomaker_residential_DeskPortraitC_01/meshes/aws_DeskPortraitC_01_collision.DAE\n'}
[0.577268] (two_wheeled_robot) StdoutLine: {'line': b'-- Up-to-date: /home/greyflon/lab_2025/install/two_wheeled_robot/share/two_wheeled_robot/models/aws_robomaker_residential_DeskPortraitC_01/meshes/aws_DeskPortraitC_01_visual.DAE\n'}
[0.577345] (two_wheeled_robot) StdoutLine: {'line': b'-- Up-to-date: /home/greyflon/lab_2025/install/two_wheeled_robot/share/two_wheeled_robot/models/aws_robomaker_residential_DeskPortraitC_01/materials\n'}
[0.577422] (two_wheeled_robot) StdoutLine: {'line': b'-- Up-to-date: /home/greyflon/lab_2025/install/two_wheeled_robot/share/two_wheeled_robot/models/aws_robomaker_residential_DeskPortraitC_01/materials/textures\n'}
[0.577520] (two_wheeled_robot) StdoutLine: {'line': b'-- Up-to-date: /home/greyflon/lab_2025/install/two_wheeled_robot/share/two_wheeled_robot/models/aws_robomaker_residential_DeskPortraitC_01/materials/textures/aws_DeskPortraitC_01.png\n'}
[0.577610] (two_wheeled_robot) StdoutLine: {'line': b'-- Up-to-date: /home/greyflon/lab_2025/install/two_wheeled_robot/share/two_wheeled_robot/models/aws_robomaker_residential_DeskPortraitC_01/materials/textures/DeskPortraitC_01.jpg\n'}
[0.577691] (two_wheeled_robot) StdoutLine: {'line': b'-- Up-to-date: /home/greyflon/lab_2025/install/two_wheeled_robot/share/two_wheeled_robot/models/aws_robomaker_residential_DeskPortraitC_01/materials/textures/aws_DeskPortraitC_02.png\n'}
[0.577766] (two_wheeled_robot) StdoutLine: {'line': b'-- Up-to-date: /home/greyflon/lab_2025/install/two_wheeled_robot/share/two_wheeled_robot/models/aws_robomaker_residential_DeskPortraitC_01/model.sdf\n'}
[0.577856] (two_wheeled_robot) StdoutLine: {'line': b'-- Up-to-date: /home/greyflon/lab_2025/install/two_wheeled_robot/share/two_wheeled_robot/models/blue_target\n'}
[0.577922] (two_wheeled_robot) StdoutLine: {'line': b'-- Up-to-date: /home/greyflon/lab_2025/install/two_wheeled_robot/share/two_wheeled_robot/models/blue_target/model.config\n'}
[0.578010] (two_wheeled_robot) StdoutLine: {'line': b'-- Up-to-date: /home/greyflon/lab_2025/install/two_wheeled_robot/share/two_wheeled_robot/models/blue_target/meshes\n'}
[0.578089] (two_wheeled_robot) StdoutLine: {'line': b'-- Up-to-date: /home/greyflon/lab_2025/install/two_wheeled_robot/share/two_wheeled_robot/models/blue_target/meshes/blue_target.dae\n'}
[0.578174] (two_wheeled_robot) StdoutLine: {'line': b'-- Up-to-date: /home/greyflon/lab_2025/install/two_wheeled_robot/share/two_wheeled_robot/models/blue_target/model.sdf\n'}
[0.578261] (two_wheeled_robot) StdoutLine: {'line': b'-- Up-to-date: /home/greyflon/lab_2025/install/two_wheeled_robot/share/two_wheeled_robot/models/casual_female\n'}
[0.578339] (two_wheeled_robot) StdoutLine: {'line': b'-- Up-to-date: /home/greyflon/lab_2025/install/two_wheeled_robot/share/two_wheeled_robot/models/casual_female/model.config\n'}
[0.578417] (two_wheeled_robot) StdoutLine: {'line': b'-- Up-to-date: /home/greyflon/lab_2025/install/two_wheeled_robot/share/two_wheeled_robot/models/casual_female/meshes\n'}
[0.578494] (two_wheeled_robot) StdoutLine: {'line': b'-- Up-to-date: /home/greyflon/lab_2025/install/two_wheeled_robot/share/two_wheeled_robot/models/casual_female/meshes/casual_female.dae\n'}
[0.578579] (two_wheeled_robot) StdoutLine: {'line': b'-- Up-to-date: /home/greyflon/lab_2025/install/two_wheeled_robot/share/two_wheeled_robot/models/casual_female/materials\n'}
[0.578658] (two_wheeled_robot) StdoutLine: {'line': b'-- Up-to-date: /home/greyflon/lab_2025/install/two_wheeled_robot/share/two_wheeled_robot/models/casual_female/materials/textures\n'}
[0.578756] (two_wheeled_robot) StdoutLine: {'line': b'-- Up-to-date: /home/greyflon/lab_2025/install/two_wheeled_robot/share/two_wheeled_robot/models/casual_female/materials/textures/casual_female.png\n'}
[0.578833] (two_wheeled_robot) StdoutLine: {'line': b'-- Up-to-date: /home/greyflon/lab_2025/install/two_wheeled_robot/share/two_wheeled_robot/models/casual_female/materials/textures/eyelashes01.png\n'}
[0.578911] (two_wheeled_robot) StdoutLine: {'line': b'-- Up-to-date: /home/greyflon/lab_2025/install/two_wheeled_robot/share/two_wheeled_robot/models/casual_female/materials/textures/tongue01_diffuse.png\n'}
[0.578994] (two_wheeled_robot) StdoutLine: {'line': b'-- Up-to-date: /home/greyflon/lab_2025/install/two_wheeled_robot/share/two_wheeled_robot/models/casual_female/materials/textures/female_casualsuit01_diffuse.png\n'}
[0.579073] (two_wheeled_robot) StdoutLine: {'line': b'-- Up-to-date: /home/greyflon/lab_2025/install/two_wheeled_robot/share/two_wheeled_robot/models/casual_female/materials/textures/female_casualsuit02_diffuse.png\n'}
[0.579151] (two_wheeled_robot) StdoutLine: {'line': b'-- Up-to-date: /home/greyflon/lab_2025/install/two_wheeled_robot/share/two_wheeled_robot/models/casual_female/materials/textures/ponytail01_diffuse.png\n'}
[0.579229] (two_wheeled_robot) StdoutLine: {'line': b'-- Up-to-date: /home/greyflon/lab_2025/install/two_wheeled_robot/share/two_wheeled_robot/models/casual_female/materials/textures/young_lightskinned_female_diffuse.png\n'}
[0.579307] (two_wheeled_robot) StdoutLine: {'line': b'-- Up-to-date: /home/greyflon/lab_2025/install/two_wheeled_robot/share/two_wheeled_robot/models/casual_female/materials/textures/shoes05_diffuse.png\n'}
[0.579397] (two_wheeled_robot) StdoutLine: {'line': b'-- Up-to-date: /home/greyflon/lab_2025/install/two_wheeled_robot/share/two_wheeled_robot/models/casual_female/materials/textures/eyebrow002.png\n'}
[0.579476] (two_wheeled_robot) StdoutLine: {'line': b'-- Up-to-date: /home/greyflon/lab_2025/install/two_wheeled_robot/share/two_wheeled_robot/models/casual_female/materials/textures/female_casualsuit01_normal.png\n'}
[0.579563] (two_wheeled_robot) StdoutLine: {'line': b'-- Up-to-date: /home/greyflon/lab_2025/install/two_wheeled_robot/share/two_wheeled_robot/models/casual_female/materials/textures/brown_eye.png\n'}
[0.579631] (two_wheeled_robot) StdoutLine: {'line': b'-- Up-to-date: /home/greyflon/lab_2025/install/two_wheeled_robot/share/two_wheeled_robot/models/casual_female/materials/textures/female_casualsuit02_normal.png\n'}
[0.579716] (two_wheeled_robot) StdoutLine: {'line': b'-- Up-to-date: /home/greyflon/lab_2025/install/two_wheeled_robot/share/two_wheeled_robot/models/casual_female/model.sdf\n'}
[0.579840] (two_wheeled_robot) StdoutLine: {'line': b'-- Up-to-date: /home/greyflon/lab_2025/install/two_wheeled_robot/share/two_wheeled_robot/models/servicebot\n'}
[0.579921] (two_wheeled_robot) StdoutLine: {'line': b'-- Up-to-date: /home/greyflon/lab_2025/install/two_wheeled_robot/share/two_wheeled_robot/models/servicebot/model.config\n'}
[0.580009] (two_wheeled_robot) StdoutLine: {'line': b'-- Up-to-date: /home/greyflon/lab_2025/install/two_wheeled_robot/share/two_wheeled_robot/models/servicebot/meshes\n'}
[0.580088] (two_wheeled_robot) StdoutLine: {'line': b'-- Up-to-date: /home/greyflon/lab_2025/install/two_wheeled_robot/share/two_wheeled_robot/models/servicebot/meshes/servicebot.mtl\n'}
[0.580166] (two_wheeled_robot) StdoutLine: {'line': b'-- Up-to-date: /home/greyflon/lab_2025/install/two_wheeled_robot/share/two_wheeled_robot/models/servicebot/meshes/servicebot.obj\n'}
[0.580240] (two_wheeled_robot) StdoutLine: {'line': b'-- Up-to-date: /home/greyflon/lab_2025/install/two_wheeled_robot/share/two_wheeled_robot/models/servicebot/materials\n'}
[0.580321] (two_wheeled_robot) StdoutLine: {'line': b'-- Up-to-date: /home/greyflon/lab_2025/install/two_wheeled_robot/share/two_wheeled_robot/models/servicebot/materials/textures\n'}
[0.580397] (two_wheeled_robot) StdoutLine: {'line': b'-- Up-to-date: /home/greyflon/lab_2025/install/two_wheeled_robot/share/two_wheeled_robot/models/servicebot/materials/textures/servicebot.png\n'}
[0.580488] (two_wheeled_robot) StdoutLine: {'line': b'-- Up-to-date: /home/greyflon/lab_2025/install/two_wheeled_robot/share/two_wheeled_robot/models/servicebot/model.sdf\n'}
[0.580583] (two_wheeled_robot) StdoutLine: {'line': b'-- Up-to-date: /home/greyflon/lab_2025/install/two_wheeled_robot/share/two_wheeled_robot/models/dishwasher\n'}
[0.580659] (two_wheeled_robot) StdoutLine: {'line': b'-- Up-to-date: /home/greyflon/lab_2025/install/two_wheeled_robot/share/two_wheeled_robot/models/dishwasher/model.config\n'}
[0.580759] (two_wheeled_robot) StdoutLine: {'line': b'-- Up-to-date: /home/greyflon/lab_2025/install/two_wheeled_robot/share/two_wheeled_robot/models/dishwasher/meshes\n'}
[0.580853] (two_wheeled_robot) StdoutLine: {'line': b'-- Up-to-date: /home/greyflon/lab_2025/install/two_wheeled_robot/share/two_wheeled_robot/models/dishwasher/meshes/dishwasher.mtl\n'}
[0.580931] (two_wheeled_robot) StdoutLine: {'line': b'-- Up-to-date: /home/greyflon/lab_2025/install/two_wheeled_robot/share/two_wheeled_robot/models/dishwasher/meshes/dishwasher.obj\n'}
[0.581004] (two_wheeled_robot) StdoutLine: {'line': b'-- Up-to-date: /home/greyflon/lab_2025/install/two_wheeled_robot/share/two_wheeled_robot/models/dishwasher/materials\n'}
[0.581077] (two_wheeled_robot) StdoutLine: {'line': b'-- Up-to-date: /home/greyflon/lab_2025/install/two_wheeled_robot/share/two_wheeled_robot/models/dishwasher/materials/textures\n'}
[0.581160] (two_wheeled_robot) StdoutLine: {'line': b'-- Up-to-date: /home/greyflon/lab_2025/install/two_wheeled_robot/share/two_wheeled_robot/models/dishwasher/materials/textures/dishwasher.png\n'}
[0.581237] (two_wheeled_robot) StdoutLine: {'line': b'-- Up-to-date: /home/greyflon/lab_2025/install/two_wheeled_robot/share/two_wheeled_robot/models/dishwasher/model.sdf\n'}
[0.581315] (two_wheeled_robot) StdoutLine: {'line': b'-- Up-to-date: /home/greyflon/lab_2025/install/two_wheeled_robot/share/two_wheeled_robot/models/aws_robomaker_residential_PortraitB_02\n'}
[0.581389] (two_wheeled_robot) StdoutLine: {'line': b'-- Up-to-date: /home/greyflon/lab_2025/install/two_wheeled_robot/share/two_wheeled_robot/models/aws_robomaker_residential_PortraitB_02/model.config\n'}
[0.581470] (two_wheeled_robot) StdoutLine: {'line': b'-- Up-to-date: /home/greyflon/lab_2025/install/two_wheeled_robot/share/two_wheeled_robot/models/aws_robomaker_residential_PortraitB_02/meshes\n'}
[0.581547] (two_wheeled_robot) StdoutLine: {'line': b'-- Up-to-date: /home/greyflon/lab_2025/install/two_wheeled_robot/share/two_wheeled_robot/models/aws_robomaker_residential_PortraitB_02/meshes/aws_PortraitB_01_visual.DAE\n'}
[0.581629] (two_wheeled_robot) StdoutLine: {'line': b'-- Up-to-date: /home/greyflon/lab_2025/install/two_wheeled_robot/share/two_wheeled_robot/models/aws_robomaker_residential_PortraitB_02/meshes/aws_PortraitB_01_collision.DAE\n'}
[0.581715] (two_wheeled_robot) StdoutLine: {'line': b'-- Up-to-date: /home/greyflon/lab_2025/install/two_wheeled_robot/share/two_wheeled_robot/models/aws_robomaker_residential_PortraitB_02/materials\n'}
[0.581796] (two_wheeled_robot) StdoutLine: {'line': b'-- Up-to-date: /home/greyflon/lab_2025/install/two_wheeled_robot/share/two_wheeled_robot/models/aws_robomaker_residential_PortraitB_02/materials/textures\n'}
[0.581879] (two_wheeled_robot) StdoutLine: {'line': b'-- Up-to-date: /home/greyflon/lab_2025/install/two_wheeled_robot/share/two_wheeled_robot/models/aws_robomaker_residential_PortraitB_02/materials/textures/aws_PortraitB_01.png\n'}
[0.581963] (two_wheeled_robot) StdoutLine: {'line': b'-- Up-to-date: /home/greyflon/lab_2025/install/two_wheeled_robot/share/two_wheeled_robot/models/aws_robomaker_residential_PortraitB_02/materials/textures/aws_PortraitB_02.png\n'}
[0.582027] (two_wheeled_robot) StdoutLine: {'line': b'-- Up-to-date: /home/greyflon/lab_2025/install/two_wheeled_robot/share/two_wheeled_robot/models/aws_robomaker_residential_PortraitB_02/materials/textures/PortraitB_02.jpg\n'}
[0.582109] (two_wheeled_robot) StdoutLine: {'line': b'-- Up-to-date: /home/greyflon/lab_2025/install/two_wheeled_robot/share/two_wheeled_robot/models/aws_robomaker_residential_PortraitB_02/model.sdf\n'}
[0.582193] (two_wheeled_robot) StdoutLine: {'line': b'-- Up-to-date: /home/greyflon/lab_2025/install/two_wheeled_robot/share/two_wheeled_robot/models/bookshelf\n'}
[0.582267] (two_wheeled_robot) StdoutLine: {'line': b'-- Up-to-date: /home/greyflon/lab_2025/install/two_wheeled_robot/share/two_wheeled_robot/models/bookshelf/model-1_2.sdf\n'}
[0.582348] (two_wheeled_robot) StdoutLine: {'line': b'-- Up-to-date: /home/greyflon/lab_2025/install/two_wheeled_robot/share/two_wheeled_robot/models/bookshelf/model-1_4.sdf\n'}
[0.582422] (two_wheeled_robot) StdoutLine: {'line': b'-- Up-to-date: /home/greyflon/lab_2025/install/two_wheeled_robot/share/two_wheeled_robot/models/bookshelf/model.config\n'}
[0.582504] (two_wheeled_robot) StdoutLine: {'line': b'-- Up-to-date: /home/greyflon/lab_2025/install/two_wheeled_robot/share/two_wheeled_robot/models/bookshelf/model.sdf\n'}
[0.582581] (two_wheeled_robot) StdoutLine: {'line': b'-- Up-to-date: /home/greyflon/lab_2025/install/two_wheeled_robot/share/two_wheeled_robot/models/bookshelf/model-1_3.sdf\n'}
[0.582655] (two_wheeled_robot) StdoutLine: {'line': b'-- Up-to-date: /home/greyflon/lab_2025/install/two_wheeled_robot/share/two_wheeled_robot/models/lamp_post\n'}
[0.582736] (two_wheeled_robot) StdoutLine: {'line': b'-- Up-to-date: /home/greyflon/lab_2025/install/two_wheeled_robot/share/two_wheeled_robot/models/lamp_post/model-1_4.sdf\n'}
[0.582847] (two_wheeled_robot) StdoutLine: {'line': b'-- Up-to-date: /home/greyflon/lab_2025/install/two_wheeled_robot/share/two_wheeled_robot/models/lamp_post/model.config\n'}
[0.582935] (two_wheeled_robot) StdoutLine: {'line': b'-- Up-to-date: /home/greyflon/lab_2025/install/two_wheeled_robot/share/two_wheeled_robot/models/lamp_post/meshes\n'}
[0.583022] (two_wheeled_robot) StdoutLine: {'line': b'-- Up-to-date: /home/greyflon/lab_2025/install/two_wheeled_robot/share/two_wheeled_robot/models/lamp_post/meshes/lamp_post.dae\n'}
[0.583100] (two_wheeled_robot) StdoutLine: {'line': b'-- Up-to-date: /home/greyflon/lab_2025/install/two_wheeled_robot/share/two_wheeled_robot/models/lamp_post/materials\n'}
[0.583183] (two_wheeled_robot) StdoutLine: {'line': b'-- Up-to-date: /home/greyflon/lab_2025/install/two_wheeled_robot/share/two_wheeled_robot/models/lamp_post/materials/textures\n'}
[0.583247] (two_wheeled_robot) StdoutLine: {'line': b'-- Up-to-date: /home/greyflon/lab_2025/install/two_wheeled_robot/share/two_wheeled_robot/models/lamp_post/materials/textures/Lamp_Post_Spec.png\n'}
[0.583329] (two_wheeled_robot) StdoutLine: {'line': b'-- Up-to-date: /home/greyflon/lab_2025/install/two_wheeled_robot/share/two_wheeled_robot/models/lamp_post/materials/textures/Lamp_Post_Diffuse.png\n'}
[0.583407] (two_wheeled_robot) StdoutLine: {'line': b'-- Up-to-date: /home/greyflon/lab_2025/install/two_wheeled_robot/share/two_wheeled_robot/models/lamp_post/materials/textures/Lamp_Post_Emissive.png\n'}
[0.583491] (two_wheeled_robot) StdoutLine: {'line': b'-- Up-to-date: /home/greyflon/lab_2025/install/two_wheeled_robot/share/two_wheeled_robot/models/lamp_post/model.sdf\n'}
[0.583555] (two_wheeled_robot) StdoutLine: {'line': b'-- Up-to-date: /home/greyflon/lab_2025/install/two_wheeled_robot/share/two_wheeled_robot/models/lamp_post/model-1_3.sdf\n'}
[0.583638] (two_wheeled_robot) StdoutLine: {'line': b'-- Up-to-date: /home/greyflon/lab_2025/install/two_wheeled_robot/share/two_wheeled_robot/models/aws_robomaker_warehouse_ClutteringA_01\n'}
[0.583715] (two_wheeled_robot) StdoutLine: {'line': b'-- Up-to-date: /home/greyflon/lab_2025/install/two_wheeled_robot/share/two_wheeled_robot/models/aws_robomaker_warehouse_ClutteringA_01/model.config\n'}
[0.583793] (two_wheeled_robot) StdoutLine: {'line': b'-- Up-to-date: /home/greyflon/lab_2025/install/two_wheeled_robot/share/two_wheeled_robot/models/aws_robomaker_warehouse_ClutteringA_01/meshes\n'}
[0.583874] (two_wheeled_robot) StdoutLine: {'line': b'-- Up-to-date: /home/greyflon/lab_2025/install/two_wheeled_robot/share/two_wheeled_robot/models/aws_robomaker_warehouse_ClutteringA_01/meshes/aws_robomaker_warehouse_ClutteringA_01_visual.DAE\n'}
[0.583944] (two_wheeled_robot) StdoutLine: {'line': b'-- Up-to-date: /home/greyflon/lab_2025/install/two_wheeled_robot/share/two_wheeled_robot/models/aws_robomaker_warehouse_ClutteringA_01/meshes/aws_robomaker_warehouse_ClutteringA_01_collision.DAE\n'}
[0.584029] (two_wheeled_robot) StdoutLine: {'line': b'-- Up-to-date: /home/greyflon/lab_2025/install/two_wheeled_robot/share/two_wheeled_robot/models/aws_robomaker_warehouse_ClutteringA_01/materials\n'}
[0.584106] (two_wheeled_robot) StdoutLine: {'line': b'-- Up-to-date: /home/greyflon/lab_2025/install/two_wheeled_robot/share/two_wheeled_robot/models/aws_robomaker_warehouse_ClutteringA_01/materials/textures\n'}
[0.584191] (two_wheeled_robot) StdoutLine: {'line': b'-- Up-to-date: /home/greyflon/lab_2025/install/two_wheeled_robot/share/two_wheeled_robot/models/aws_robomaker_warehouse_ClutteringA_01/materials/textures/aws_robomaker_warehouse_ClutteringA_03.png\n'}
[0.584256] (two_wheeled_robot) StdoutLine: {'line': b'-- Up-to-date: /home/greyflon/lab_2025/install/two_wheeled_robot/share/two_wheeled_robot/models/aws_robomaker_warehouse_ClutteringA_01/materials/textures/aws_robomaker_warehouse_ClutteringA_02.png\n'}
[0.584338] (two_wheeled_robot) StdoutLine: {'line': b'-- Up-to-date: /home/greyflon/lab_2025/install/two_wheeled_robot/share/two_wheeled_robot/models/aws_robomaker_warehouse_ClutteringA_01/materials/textures/aws_robomaker_warehouse_ClutteringA_01.png\n'}
[0.584415] (two_wheeled_robot) StdoutLine: {'line': b'-- Up-to-date: /home/greyflon/lab_2025/install/two_wheeled_robot/share/two_wheeled_robot/models/aws_robomaker_warehouse_ClutteringA_01/model.sdf\n'}
[0.584489] (two_wheeled_robot) StdoutLine: {'line': b'-- Up-to-date: /home/greyflon/lab_2025/install/two_wheeled_robot/share/two_wheeled_robot/models/aws_robomaker_residential_PortraitB_03\n'}
[0.584563] (two_wheeled_robot) StdoutLine: {'line': b'-- Up-to-date: /home/greyflon/lab_2025/install/two_wheeled_robot/share/two_wheeled_robot/models/aws_robomaker_residential_PortraitB_03/model.config\n'}
[0.584640] (two_wheeled_robot) StdoutLine: {'line': b'-- Up-to-date: /home/greyflon/lab_2025/install/two_wheeled_robot/share/two_wheeled_robot/models/aws_robomaker_residential_PortraitB_03/meshes\n'}
[0.584703] (two_wheeled_robot) StdoutLine: {'line': b'-- Up-to-date: /home/greyflon/lab_2025/install/two_wheeled_robot/share/two_wheeled_robot/models/aws_robomaker_residential_PortraitB_03/meshes/aws_PortraitB_01_visual.DAE\n'}
[0.584783] (two_wheeled_robot) StdoutLine: {'line': b'-- Up-to-date: /home/greyflon/lab_2025/install/two_wheeled_robot/share/two_wheeled_robot/models/aws_robomaker_residential_PortraitB_03/meshes/aws_PortraitB_01_collision.DAE\n'}
[0.584877] (two_wheeled_robot) StdoutLine: {'line': b'-- Up-to-date: /home/greyflon/lab_2025/install/two_wheeled_robot/share/two_wheeled_robot/models/aws_robomaker_residential_PortraitB_03/materials\n'}
[0.584956] (two_wheeled_robot) StdoutLine: {'line': b'-- Up-to-date: /home/greyflon/lab_2025/install/two_wheeled_robot/share/two_wheeled_robot/models/aws_robomaker_residential_PortraitB_03/materials/textures\n'}
[0.585043] (two_wheeled_robot) StdoutLine: {'line': b'-- Up-to-date: /home/greyflon/lab_2025/install/two_wheeled_robot/share/two_wheeled_robot/models/aws_robomaker_residential_PortraitB_03/materials/textures/aws_PortraitB_01.png\n'}
[0.585108] (two_wheeled_robot) StdoutLine: {'line': b'-- Up-to-date: /home/greyflon/lab_2025/install/two_wheeled_robot/share/two_wheeled_robot/models/aws_robomaker_residential_PortraitB_03/materials/textures/PortraitB_03.jpg\n'}
[0.585193] (two_wheeled_robot) StdoutLine: {'line': b'-- Up-to-date: /home/greyflon/lab_2025/install/two_wheeled_robot/share/two_wheeled_robot/models/aws_robomaker_residential_PortraitB_03/materials/textures/aws_PortraitB_02.png\n'}
[0.585270] (two_wheeled_robot) StdoutLine: {'line': b'-- Up-to-date: /home/greyflon/lab_2025/install/two_wheeled_robot/share/two_wheeled_robot/models/aws_robomaker_residential_PortraitB_03/model.sdf\n'}
[0.585343] (two_wheeled_robot) StdoutLine: {'line': b'-- Up-to-date: /home/greyflon/lab_2025/install/two_wheeled_robot/share/two_wheeled_robot/models/aws_robomaker_residential_PortraitB_01\n'}
[0.585418] (two_wheeled_robot) StdoutLine: {'line': b'-- Up-to-date: /home/greyflon/lab_2025/install/two_wheeled_robot/share/two_wheeled_robot/models/aws_robomaker_residential_PortraitB_01/model.config\n'}
[0.585500] (two_wheeled_robot) StdoutLine: {'line': b'-- Up-to-date: /home/greyflon/lab_2025/install/two_wheeled_robot/share/two_wheeled_robot/models/aws_robomaker_residential_PortraitB_01/meshes\n'}
[0.585577] (two_wheeled_robot) StdoutLine: {'line': b'-- Up-to-date: /home/greyflon/lab_2025/install/two_wheeled_robot/share/two_wheeled_robot/models/aws_robomaker_residential_PortraitB_01/meshes/aws_PortraitB_01_visual.DAE\n'}
[0.585652] (two_wheeled_robot) StdoutLine: {'line': b'-- Up-to-date: /home/greyflon/lab_2025/install/two_wheeled_robot/share/two_wheeled_robot/models/aws_robomaker_residential_PortraitB_01/meshes/aws_PortraitB_01_collision.DAE\n'}
[0.585741] (two_wheeled_robot) StdoutLine: {'line': b'-- Up-to-date: /home/greyflon/lab_2025/install/two_wheeled_robot/share/two_wheeled_robot/models/aws_robomaker_residential_PortraitB_01/materials\n'}
[0.585815] (two_wheeled_robot) StdoutLine: {'line': b'-- Up-to-date: /home/greyflon/lab_2025/install/two_wheeled_robot/share/two_wheeled_robot/models/aws_robomaker_residential_PortraitB_01/materials/textures\n'}
[0.585903] (two_wheeled_robot) StdoutLine: {'line': b'-- Up-to-date: /home/greyflon/lab_2025/install/two_wheeled_robot/share/two_wheeled_robot/models/aws_robomaker_residential_PortraitB_01/materials/textures/aws_PortraitB_01.png\n'}
[0.585980] (two_wheeled_robot) StdoutLine: {'line': b'-- Up-to-date: /home/greyflon/lab_2025/install/two_wheeled_robot/share/two_wheeled_robot/models/aws_robomaker_residential_PortraitB_01/materials/textures/PortraitB_01.jpg\n'}
[0.586064] (two_wheeled_robot) StdoutLine: {'line': b'-- Up-to-date: /home/greyflon/lab_2025/install/two_wheeled_robot/share/two_wheeled_robot/models/aws_robomaker_residential_PortraitB_01/materials/textures/aws_PortraitB_02.png\n'}
[0.586128] (two_wheeled_robot) StdoutLine: {'line': b'-- Up-to-date: /home/greyflon/lab_2025/install/two_wheeled_robot/share/two_wheeled_robot/models/aws_robomaker_residential_PortraitB_01/model.sdf\n'}
[0.586210] (two_wheeled_robot) StdoutLine: {'line': b'-- Up-to-date: /home/greyflon/lab_2025/install/two_wheeled_robot/share/two_wheeled_robot/models/oak_tree\n'}
[0.586287] (two_wheeled_robot) StdoutLine: {'line': b'-- Up-to-date: /home/greyflon/lab_2025/install/two_wheeled_robot/share/two_wheeled_robot/models/oak_tree/model.config\n'}
[0.586371] (two_wheeled_robot) StdoutLine: {'line': b'-- Up-to-date: /home/greyflon/lab_2025/install/two_wheeled_robot/share/two_wheeled_robot/models/oak_tree/meshes\n'}
[0.586435] (two_wheeled_robot) StdoutLine: {'line': b'-- Up-to-date: /home/greyflon/lab_2025/install/two_wheeled_robot/share/two_wheeled_robot/models/oak_tree/meshes/oak_tree.dae\n'}
[0.586518] (two_wheeled_robot) StdoutLine: {'line': b'-- Up-to-date: /home/greyflon/lab_2025/install/two_wheeled_robot/share/two_wheeled_robot/models/oak_tree/materials\n'}
[0.586594] (two_wheeled_robot) StdoutLine: {'line': b'-- Up-to-date: /home/greyflon/lab_2025/install/two_wheeled_robot/share/two_wheeled_robot/models/oak_tree/materials/scripts\n'}
[0.586669] (two_wheeled_robot) StdoutLine: {'line': b'-- Up-to-date: /home/greyflon/lab_2025/install/two_wheeled_robot/share/two_wheeled_robot/models/oak_tree/materials/scripts/oak_tree.material\n'}
[0.586776] (two_wheeled_robot) StdoutLine: {'line': b'-- Up-to-date: /home/greyflon/lab_2025/install/two_wheeled_robot/share/two_wheeled_robot/models/oak_tree/materials/scripts/caster_vp.glsl\n'}
[0.586850] (two_wheeled_robot) StdoutLine: {'line': b'-- Up-to-date: /home/greyflon/lab_2025/install/two_wheeled_robot/share/two_wheeled_robot/models/oak_tree/materials/scripts/caster_fp.glsl\n'}
[0.586944] (two_wheeled_robot) StdoutLine: {'line': b'-- Up-to-date: /home/greyflon/lab_2025/install/two_wheeled_robot/share/two_wheeled_robot/models/oak_tree/materials/textures\n'}
[0.587022] (two_wheeled_robot) StdoutLine: {'line': b'-- Up-to-date: /home/greyflon/lab_2025/install/two_wheeled_robot/share/two_wheeled_robot/models/oak_tree/materials/textures/branch_diffuse.png\n'}
[0.587103] (two_wheeled_robot) StdoutLine: {'line': b'-- Up-to-date: /home/greyflon/lab_2025/install/two_wheeled_robot/share/two_wheeled_robot/models/oak_tree/materials/textures/bark_diffuse.png\n'}
[0.587181] (two_wheeled_robot) StdoutLine: {'line': b'-- Up-to-date: /home/greyflon/lab_2025/install/two_wheeled_robot/share/two_wheeled_robot/models/oak_tree/model.sdf\n'}
[0.587266] (two_wheeled_robot) StdoutLine: {'line': b'-- Up-to-date: /home/greyflon/lab_2025/install/two_wheeled_robot/share/two_wheeled_robot/models/aws_robomaker_residential_CoffeeTable_01\n'}
[0.587343] (two_wheeled_robot) StdoutLine: {'line': b'-- Up-to-date: /home/greyflon/lab_2025/install/two_wheeled_robot/share/two_wheeled_robot/models/aws_robomaker_residential_CoffeeTable_01/model.config\n'}
[0.587418] (two_wheeled_robot) StdoutLine: {'line': b'-- Up-to-date: /home/greyflon/lab_2025/install/two_wheeled_robot/share/two_wheeled_robot/models/aws_robomaker_residential_CoffeeTable_01/meshes\n'}
[0.587495] (two_wheeled_robot) StdoutLine: {'line': b'-- Up-to-date: /home/greyflon/lab_2025/install/two_wheeled_robot/share/two_wheeled_robot/models/aws_robomaker_residential_CoffeeTable_01/meshes/aws_CoffeeTable_01_visual.DAE\n'}
[0.587579] (two_wheeled_robot) StdoutLine: {'line': b'-- Up-to-date: /home/greyflon/lab_2025/install/two_wheeled_robot/share/two_wheeled_robot/models/aws_robomaker_residential_CoffeeTable_01/meshes/aws_CoffeeTable_01_collision.DAE\n'}
[0.587657] (two_wheeled_robot) StdoutLine: {'line': b'-- Up-to-date: /home/greyflon/lab_2025/install/two_wheeled_robot/share/two_wheeled_robot/models/aws_robomaker_residential_CoffeeTable_01/materials\n'}
[0.587744] (two_wheeled_robot) StdoutLine: {'line': b'-- Up-to-date: /home/greyflon/lab_2025/install/two_wheeled_robot/share/two_wheeled_robot/models/aws_robomaker_residential_CoffeeTable_01/materials/textures\n'}
[0.587822] (two_wheeled_robot) StdoutLine: {'line': b'-- Up-to-date: /home/greyflon/lab_2025/install/two_wheeled_robot/share/two_wheeled_robot/models/aws_robomaker_residential_CoffeeTable_01/materials/textures/aws_CoffeeTable_01.png\n'}
[0.587884] (two_wheeled_robot) StdoutLine: {'line': b'-- Up-to-date: /home/greyflon/lab_2025/install/two_wheeled_robot/share/two_wheeled_robot/models/aws_robomaker_residential_CoffeeTable_01/model.sdf\n'}
[0.587958] (two_wheeled_robot) StdoutLine: {'line': b'-- Up-to-date: /home/greyflon/lab_2025/install/two_wheeled_robot/share/two_wheeled_robot/models/hangout_chair\n'}
[0.588042] (two_wheeled_robot) StdoutLine: {'line': b'-- Up-to-date: /home/greyflon/lab_2025/install/two_wheeled_robot/share/two_wheeled_robot/models/hangout_chair/model.config\n'}
[0.588119] (two_wheeled_robot) StdoutLine: {'line': b'-- Up-to-date: /home/greyflon/lab_2025/install/two_wheeled_robot/share/two_wheeled_robot/models/hangout_chair/meshes\n'}
[0.588183] (two_wheeled_robot) StdoutLine: {'line': b'-- Up-to-date: /home/greyflon/lab_2025/install/two_wheeled_robot/share/two_wheeled_robot/models/hangout_chair/meshes/hangout_chair.obj\n'}
[0.588261] (two_wheeled_robot) StdoutLine: {'line': b'-- Up-to-date: /home/greyflon/lab_2025/install/two_wheeled_robot/share/two_wheeled_robot/models/hangout_chair/meshes/hangout_chair.mtl\n'}
[0.588336] (two_wheeled_robot) StdoutLine: {'line': b'-- Up-to-date: /home/greyflon/lab_2025/install/two_wheeled_robot/share/two_wheeled_robot/models/hangout_chair/materials\n'}
[0.588417] (two_wheeled_robot) StdoutLine: {'line': b'-- Up-to-date: /home/greyflon/lab_2025/install/two_wheeled_robot/share/two_wheeled_robot/models/hangout_chair/materials/textures\n'}
[0.588494] (two_wheeled_robot) StdoutLine: {'line': b'-- Up-to-date: /home/greyflon/lab_2025/install/two_wheeled_robot/share/two_wheeled_robot/models/hangout_chair/materials/textures/hangout_chair.png\n'}
[0.588586] (two_wheeled_robot) StdoutLine: {'line': b'-- Up-to-date: /home/greyflon/lab_2025/install/two_wheeled_robot/share/two_wheeled_robot/models/hangout_chair/model.sdf\n'}
[0.588651] (two_wheeled_robot) StdoutLine: {'line': b'-- Up-to-date: /home/greyflon/lab_2025/install/two_wheeled_robot/share/two_wheeled_robot/models/conference_table_small\n'}
[0.588742] (two_wheeled_robot) StdoutLine: {'line': b'-- Up-to-date: /home/greyflon/lab_2025/install/two_wheeled_robot/share/two_wheeled_robot/models/conference_table_small/model.config\n'}
[0.588821] (two_wheeled_robot) StdoutLine: {'line': b'-- Up-to-date: /home/greyflon/lab_2025/install/two_wheeled_robot/share/two_wheeled_robot/models/conference_table_small/meshes\n'}
[0.588899] (two_wheeled_robot) StdoutLine: {'line': b'-- Up-to-date: /home/greyflon/lab_2025/install/two_wheeled_robot/share/two_wheeled_robot/models/conference_table_small/meshes/conference_table_small.mtl\n'}
[0.588983] (two_wheeled_robot) StdoutLine: {'line': b'-- Up-to-date: /home/greyflon/lab_2025/install/two_wheeled_robot/share/two_wheeled_robot/models/conference_table_small/meshes/conference_table_small.obj\n'}
[0.589047] (two_wheeled_robot) StdoutLine: {'line': b'-- Up-to-date: /home/greyflon/lab_2025/install/two_wheeled_robot/share/two_wheeled_robot/models/conference_table_small/materials\n'}
[0.589124] (two_wheeled_robot) StdoutLine: {'line': b'-- Up-to-date: /home/greyflon/lab_2025/install/two_wheeled_robot/share/two_wheeled_robot/models/conference_table_small/materials/textures\n'}
[0.589207] (two_wheeled_robot) StdoutLine: {'line': b'-- Up-to-date: /home/greyflon/lab_2025/install/two_wheeled_robot/share/two_wheeled_robot/models/conference_table_small/materials/textures/conference_table.png\n'}
[0.589285] (two_wheeled_robot) StdoutLine: {'line': b'-- Up-to-date: /home/greyflon/lab_2025/install/two_wheeled_robot/share/two_wheeled_robot/models/conference_table_small/model.sdf\n'}
[0.589394] (two_wheeled_robot) StdoutLine: {'line': b'-- Up-to-date: /home/greyflon/lab_2025/install/two_wheeled_robot/share/two_wheeled_robot/models/mini_fridge\n'}
[0.589472] (two_wheeled_robot) StdoutLine: {'line': b'-- Up-to-date: /home/greyflon/lab_2025/install/two_wheeled_robot/share/two_wheeled_robot/models/mini_fridge/model.config\n'}
[0.589556] (two_wheeled_robot) StdoutLine: {'line': b'-- Up-to-date: /home/greyflon/lab_2025/install/two_wheeled_robot/share/two_wheeled_robot/models/mini_fridge/meshes\n'}
[0.589637] (two_wheeled_robot) StdoutLine: {'line': b'-- Up-to-date: /home/greyflon/lab_2025/install/two_wheeled_robot/share/two_wheeled_robot/models/mini_fridge/meshes/mini_fridge.obj\n'}
[0.589714] (two_wheeled_robot) StdoutLine: {'line': b'-- Up-to-date: /home/greyflon/lab_2025/install/two_wheeled_robot/share/two_wheeled_robot/models/mini_fridge/meshes/mini_fridge.mtl\n'}
[0.589794] (two_wheeled_robot) StdoutLine: {'line': b'-- Up-to-date: /home/greyflon/lab_2025/install/two_wheeled_robot/share/two_wheeled_robot/models/mini_fridge/materials\n'}
[0.589875] (two_wheeled_robot) StdoutLine: {'line': b'-- Up-to-date: /home/greyflon/lab_2025/install/two_wheeled_robot/share/two_wheeled_robot/models/mini_fridge/materials/textures\n'}
[0.589949] (two_wheeled_robot) StdoutLine: {'line': b'-- Up-to-date: /home/greyflon/lab_2025/install/two_wheeled_robot/share/two_wheeled_robot/models/mini_fridge/materials/textures/mini_fridge.png\n'}
[0.590034] (two_wheeled_robot) StdoutLine: {'line': b'-- Up-to-date: /home/greyflon/lab_2025/install/two_wheeled_robot/share/two_wheeled_robot/models/mini_fridge/model.sdf\n'}
[0.590112] (two_wheeled_robot) StdoutLine: {'line': b'-- Up-to-date: /home/greyflon/lab_2025/install/two_wheeled_robot/share/two_wheeled_robot/models/aws_robomaker_warehouse_Lamp_01\n'}
[0.590195] (two_wheeled_robot) StdoutLine: {'line': b'-- Up-to-date: /home/greyflon/lab_2025/install/two_wheeled_robot/share/two_wheeled_robot/models/aws_robomaker_warehouse_Lamp_01/model.config\n'}
[0.590260] (two_wheeled_robot) StdoutLine: {'line': b'-- Up-to-date: /home/greyflon/lab_2025/install/two_wheeled_robot/share/two_wheeled_robot/models/aws_robomaker_warehouse_Lamp_01/meshes\n'}
[0.590349] (two_wheeled_robot) StdoutLine: {'line': b'-- Up-to-date: /home/greyflon/lab_2025/install/two_wheeled_robot/share/two_wheeled_robot/models/aws_robomaker_warehouse_Lamp_01/meshes/aws_robomaker_warehouse_Lamp_01_visual.DAE\n'}
[0.590425] (two_wheeled_robot) StdoutLine: {'line': b'-- Up-to-date: /home/greyflon/lab_2025/install/two_wheeled_robot/share/two_wheeled_robot/models/aws_robomaker_warehouse_Lamp_01/meshes/aws_robomaker_warehouse_Lamp_01_collision.DAE\n'}
[0.590506] (two_wheeled_robot) StdoutLine: {'line': b'-- Up-to-date: /home/greyflon/lab_2025/install/two_wheeled_robot/share/two_wheeled_robot/models/aws_robomaker_warehouse_Lamp_01/materials\n'}
[0.590580] (two_wheeled_robot) StdoutLine: {'line': b'-- Up-to-date: /home/greyflon/lab_2025/install/two_wheeled_robot/share/two_wheeled_robot/models/aws_robomaker_warehouse_Lamp_01/materials/textures\n'}
[0.590663] (two_wheeled_robot) StdoutLine: {'line': b'-- Up-to-date: /home/greyflon/lab_2025/install/two_wheeled_robot/share/two_wheeled_robot/models/aws_robomaker_warehouse_Lamp_01/materials/textures/aws_robomaker_warehouse_Lamp_01.png\n'}
[0.590754] (two_wheeled_robot) StdoutLine: {'line': b'-- Up-to-date: /home/greyflon/lab_2025/install/two_wheeled_robot/share/two_wheeled_robot/models/aws_robomaker_warehouse_Lamp_01/model.sdf\n'}
[0.590832] (two_wheeled_robot) StdoutLine: {'line': b'-- Up-to-date: /home/greyflon/lab_2025/install/two_wheeled_robot/share/two_wheeled_robot/models/box_target_green\n'}
[0.590908] (two_wheeled_robot) StdoutLine: {'line': b'-- Up-to-date: /home/greyflon/lab_2025/install/two_wheeled_robot/share/two_wheeled_robot/models/box_target_green/model.config\n'}
[0.590982] (two_wheeled_robot) StdoutLine: {'line': b'-- Up-to-date: /home/greyflon/lab_2025/install/two_wheeled_robot/share/two_wheeled_robot/models/box_target_green/meshes\n'}
[0.591064] (two_wheeled_robot) StdoutLine: {'line': b'-- Up-to-date: /home/greyflon/lab_2025/install/two_wheeled_robot/share/two_wheeled_robot/models/box_target_green/meshes/mesh.dae\n'}
[0.591141] (two_wheeled_robot) StdoutLine: {'line': b'-- Up-to-date: /home/greyflon/lab_2025/install/two_wheeled_robot/share/two_wheeled_robot/models/box_target_green/materials\n'}
[0.591225] (two_wheeled_robot) StdoutLine: {'line': b'-- Up-to-date: /home/greyflon/lab_2025/install/two_wheeled_robot/share/two_wheeled_robot/models/box_target_green/materials/textures\n'}
[0.591288] (two_wheeled_robot) StdoutLine: {'line': b'-- Up-to-date: /home/greyflon/lab_2025/install/two_wheeled_robot/share/two_wheeled_robot/models/box_target_green/materials/textures/start_pad.png\n'}
[0.591379] (two_wheeled_robot) StdoutLine: {'line': b'-- Up-to-date: /home/greyflon/lab_2025/install/two_wheeled_robot/share/two_wheeled_robot/models/box_target_green/model.sdf\n'}
[0.591457] (two_wheeled_robot) StdoutLine: {'line': b'-- Up-to-date: /home/greyflon/lab_2025/install/two_wheeled_robot/share/two_wheeled_robot/models/aws_robomaker_hospital_hospitalsign_01\n'}
[0.591531] (two_wheeled_robot) StdoutLine: {'line': b'-- Up-to-date: /home/greyflon/lab_2025/install/two_wheeled_robot/share/two_wheeled_robot/models/aws_robomaker_hospital_hospitalsign_01/model.config\n'}
[0.591612] (two_wheeled_robot) StdoutLine: {'line': b'-- Up-to-date: /home/greyflon/lab_2025/install/two_wheeled_robot/share/two_wheeled_robot/models/aws_robomaker_hospital_hospitalsign_01/meshes\n'}
[0.591675] (two_wheeled_robot) StdoutLine: {'line': b'-- Up-to-date: /home/greyflon/lab_2025/install/two_wheeled_robot/share/two_wheeled_robot/models/aws_robomaker_hospital_hospitalsign_01/meshes/aws_robomaker_hospital_hospitalsign_01_visual.dae\n'}
[0.591771] (two_wheeled_robot) StdoutLine: {'line': b'-- Up-to-date: /home/greyflon/lab_2025/install/two_wheeled_robot/share/two_wheeled_robot/models/aws_robomaker_hospital_hospitalsign_01/meshes/aws_robomaker_hospital_hospitalsign_01_normal.png\n'}
[0.591854] (two_wheeled_robot) StdoutLine: {'line': b'-- Up-to-date: /home/greyflon/lab_2025/install/two_wheeled_robot/share/two_wheeled_robot/models/aws_robomaker_hospital_hospitalsign_01/meshes/aws_robomaker_hospital_hospitalsign_01.png\n'}
[0.591936] (two_wheeled_robot) StdoutLine: {'line': b'-- Up-to-date: /home/greyflon/lab_2025/install/two_wheeled_robot/share/two_wheeled_robot/models/aws_robomaker_hospital_hospitalsign_01/meshes/aws_robomaker_hospital_hospitalsign_01_collision.dae\n'}
[0.592004] (two_wheeled_robot) StdoutLine: {'line': b'-- Up-to-date: /home/greyflon/lab_2025/install/two_wheeled_robot/share/two_wheeled_robot/models/aws_robomaker_hospital_hospitalsign_01/model.sdf\n'}
[0.592081] (two_wheeled_robot) StdoutLine: {'line': b'-- Up-to-date: /home/greyflon/lab_2025/install/two_wheeled_robot/share/two_wheeled_robot/models/aws_robomaker_residential_ReadingDesk_01\n'}
[0.592160] (two_wheeled_robot) StdoutLine: {'line': b'-- Up-to-date: /home/greyflon/lab_2025/install/two_wheeled_robot/share/two_wheeled_robot/models/aws_robomaker_residential_ReadingDesk_01/model.config\n'}
[0.592227] (two_wheeled_robot) StdoutLine: {'line': b'-- Up-to-date: /home/greyflon/lab_2025/install/two_wheeled_robot/share/two_wheeled_robot/models/aws_robomaker_residential_ReadingDesk_01/meshes\n'}
[0.592335] (two_wheeled_robot) StdoutLine: {'line': b'-- Up-to-date: /home/greyflon/lab_2025/install/two_wheeled_robot/share/two_wheeled_robot/models/aws_robomaker_residential_ReadingDesk_01/meshes/aws_ReadingDesk_01_collision.DAE\n'}
[0.592417] (two_wheeled_robot) StdoutLine: {'line': b'-- Up-to-date: /home/greyflon/lab_2025/install/two_wheeled_robot/share/two_wheeled_robot/models/aws_robomaker_residential_ReadingDesk_01/meshes/aws_ReadingDesk_01_visual.DAE\n'}
[0.592492] (two_wheeled_robot) StdoutLine: {'line': b'-- Up-to-date: /home/greyflon/lab_2025/install/two_wheeled_robot/share/two_wheeled_robot/models/aws_robomaker_residential_ReadingDesk_01/materials\n'}
[0.592573] (two_wheeled_robot) StdoutLine: {'line': b'-- Up-to-date: /home/greyflon/lab_2025/install/two_wheeled_robot/share/two_wheeled_robot/models/aws_robomaker_residential_ReadingDesk_01/materials/textures\n'}
[0.592658] (two_wheeled_robot) StdoutLine: {'line': b'-- Up-to-date: /home/greyflon/lab_2025/install/two_wheeled_robot/share/two_wheeled_robot/models/aws_robomaker_residential_ReadingDesk_01/materials/textures/aws_ReadingDesk_01.png\n'}
[0.592743] (two_wheeled_robot) StdoutLine: {'line': b'-- Up-to-date: /home/greyflon/lab_2025/install/two_wheeled_robot/share/two_wheeled_robot/models/aws_robomaker_residential_ReadingDesk_01/model.sdf\n'}
[0.592820] (two_wheeled_robot) StdoutLine: {'line': b'-- Up-to-date: /home/greyflon/lab_2025/install/two_wheeled_robot/share/two_wheeled_robot/models/office_box\n'}
[0.592896] (two_wheeled_robot) StdoutLine: {'line': b'-- Up-to-date: /home/greyflon/lab_2025/install/two_wheeled_robot/share/two_wheeled_robot/models/office_box/model.config\n'}
[0.592981] (two_wheeled_robot) StdoutLine: {'line': b'-- Up-to-date: /home/greyflon/lab_2025/install/two_wheeled_robot/share/two_wheeled_robot/models/office_box/meshes\n'}
[0.593060] (two_wheeled_robot) StdoutLine: {'line': b'-- Up-to-date: /home/greyflon/lab_2025/install/two_wheeled_robot/share/two_wheeled_robot/models/office_box/meshes/office_box.dae\n'}
[0.593141] (two_wheeled_robot) StdoutLine: {'line': b'-- Up-to-date: /home/greyflon/lab_2025/install/two_wheeled_robot/share/two_wheeled_robot/models/office_box/materials\n'}
[0.593217] (two_wheeled_robot) StdoutLine: {'line': b'-- Up-to-date: /home/greyflon/lab_2025/install/two_wheeled_robot/share/two_wheeled_robot/models/office_box/materials/textures\n'}
[0.593299] (two_wheeled_robot) StdoutLine: {'line': b'-- Up-to-date: /home/greyflon/lab_2025/install/two_wheeled_robot/share/two_wheeled_robot/models/office_box/materials/textures/office_box.png\n'}
[0.593377] (two_wheeled_robot) StdoutLine: {'line': b'-- Up-to-date: /home/greyflon/lab_2025/install/two_wheeled_robot/share/two_wheeled_robot/models/office_box/model.sdf\n'}
[0.593479] (two_wheeled_robot) StdoutLine: {'line': b'-- Up-to-date: /home/greyflon/lab_2025/install/two_wheeled_robot/share/two_wheeled_robot/models/person_standing\n'}
[0.593551] (two_wheeled_robot) StdoutLine: {'line': b'-- Up-to-date: /home/greyflon/lab_2025/install/two_wheeled_robot/share/two_wheeled_robot/models/person_standing/model.config\n'}
[0.593638] (two_wheeled_robot) StdoutLine: {'line': b'-- Up-to-date: /home/greyflon/lab_2025/install/two_wheeled_robot/share/two_wheeled_robot/models/person_standing/meshes\n'}
[0.593717] (two_wheeled_robot) StdoutLine: {'line': b'-- Up-to-date: /home/greyflon/lab_2025/install/two_wheeled_robot/share/two_wheeled_robot/models/person_standing/meshes/standing.dae\n'}
[0.593811] (two_wheeled_robot) StdoutLine: {'line': b'-- Up-to-date: /home/greyflon/lab_2025/install/two_wheeled_robot/share/two_wheeled_robot/models/person_standing/materials\n'}
[0.593892] (two_wheeled_robot) StdoutLine: {'line': b'-- Up-to-date: /home/greyflon/lab_2025/install/two_wheeled_robot/share/two_wheeled_robot/models/person_standing/materials/textures\n'}
[0.593958] (two_wheeled_robot) StdoutLine: {'line': b'-- Up-to-date: /home/greyflon/lab_2025/install/two_wheeled_robot/share/two_wheeled_robot/models/person_standing/materials/textures/eyebrow001-unmodified.png\n'}
[0.594043] (two_wheeled_robot) StdoutLine: {'line': b'-- Up-to-date: /home/greyflon/lab_2025/install/two_wheeled_robot/share/two_wheeled_robot/models/person_standing/materials/textures/male02_diffuse_black-unmodified.png\n'}
[0.594131] (two_wheeled_robot) StdoutLine: {'line': b'-- Up-to-date: /home/greyflon/lab_2025/install/two_wheeled_robot/share/two_wheeled_robot/models/person_standing/materials/textures/green_eye.png\n'}
[0.594211] (two_wheeled_robot) StdoutLine: {'line': b'-- Up-to-date: /home/greyflon/lab_2025/install/two_wheeled_robot/share/two_wheeled_robot/models/person_standing/materials/textures/jeans_basic_diffuse.png\n'}
[0.594289] (two_wheeled_robot) StdoutLine: {'line': b'-- Up-to-date: /home/greyflon/lab_2025/install/two_wheeled_robot/share/two_wheeled_robot/models/person_standing/materials/textures/eyebrow001.png\n'}
[0.594374] (two_wheeled_robot) StdoutLine: {'line': b'-- Up-to-date: /home/greyflon/lab_2025/install/two_wheeled_robot/share/two_wheeled_robot/models/person_standing/materials/textures/tshirt02_normals.png\n'}
[0.594453] (two_wheeled_robot) StdoutLine: {'line': b'-- Up-to-date: /home/greyflon/lab_2025/install/two_wheeled_robot/share/two_wheeled_robot/models/person_standing/materials/textures/jeans01_normals.png\n'}
[0.594537] (two_wheeled_robot) StdoutLine: {'line': b'-- Up-to-date: /home/greyflon/lab_2025/install/two_wheeled_robot/share/two_wheeled_robot/models/person_standing/materials/textures/male02_diffuse_black.png\n'}
[0.594604] (two_wheeled_robot) StdoutLine: {'line': b'-- Up-to-date: /home/greyflon/lab_2025/install/two_wheeled_robot/share/two_wheeled_robot/models/person_standing/materials/textures/young_lightskinned_male_diffuse.png\n'}
[0.594687] (two_wheeled_robot) StdoutLine: {'line': b'-- Up-to-date: /home/greyflon/lab_2025/install/two_wheeled_robot/share/two_wheeled_robot/models/person_standing/materials/textures/teeth.png\n'}
[0.594783] (two_wheeled_robot) StdoutLine: {'line': b'-- Up-to-date: /home/greyflon/lab_2025/install/two_wheeled_robot/share/two_wheeled_robot/models/person_standing/materials/textures/tshirt02_texture.png\n'}
[0.594873] (two_wheeled_robot) StdoutLine: {'line': b'-- Up-to-date: /home/greyflon/lab_2025/install/two_wheeled_robot/share/two_wheeled_robot/models/person_standing/model.sdf\n'}
[0.594949] (two_wheeled_robot) StdoutLine: {'line': b'-- Up-to-date: /home/greyflon/lab_2025/install/two_wheeled_robot/share/two_wheeled_robot/models/marker11\n'}
[0.595037] (two_wheeled_robot) StdoutLine: {'line': b'-- Up-to-date: /home/greyflon/lab_2025/install/two_wheeled_robot/share/two_wheeled_robot/models/marker11/model.config~.xml\n'}
[0.595117] (two_wheeled_robot) StdoutLine: {'line': b'-- Up-to-date: /home/greyflon/lab_2025/install/two_wheeled_robot/share/two_wheeled_robot/models/marker11/model.sdf~\n'}
[0.595200] (two_wheeled_robot) StdoutLine: {'line': b'-- Up-to-date: /home/greyflon/lab_2025/install/two_wheeled_robot/share/two_wheeled_robot/models/marker11/model-1_4.sdf\n'}
[0.595296] (two_wheeled_robot) StdoutLine: {'line': b'-- Up-to-date: /home/greyflon/lab_2025/install/two_wheeled_robot/share/two_wheeled_robot/models/marker11/model.config\n'}
[0.595373] (two_wheeled_robot) StdoutLine: {'line': b'-- Up-to-date: /home/greyflon/lab_2025/install/two_wheeled_robot/share/two_wheeled_robot/models/marker11/meshes\n'}
[0.595456] (two_wheeled_robot) StdoutLine: {'line': b'-- Up-to-date: /home/greyflon/lab_2025/install/two_wheeled_robot/share/two_wheeled_robot/models/marker11/meshes/Marker0.dae\n'}
[0.595520] (two_wheeled_robot) StdoutLine: {'line': b'-- Up-to-date: /home/greyflon/lab_2025/install/two_wheeled_robot/share/two_wheeled_robot/models/marker11/materials\n'}
[0.595583] (two_wheeled_robot) StdoutLine: {'line': b'-- Up-to-date: /home/greyflon/lab_2025/install/two_wheeled_robot/share/two_wheeled_robot/models/marker11/materials/textures\n'}
[0.595665] (two_wheeled_robot) StdoutLine: {'line': b'-- Up-to-date: /home/greyflon/lab_2025/install/two_wheeled_robot/share/two_wheeled_robot/models/marker11/materials/textures/BKP_Marker0.png\n'}
[0.595752] (two_wheeled_robot) StdoutLine: {'line': b'-- Up-to-date: /home/greyflon/lab_2025/install/two_wheeled_robot/share/two_wheeled_robot/models/marker11/materials/textures/Marker0.png\n'}
[0.595829] (two_wheeled_robot) StdoutLine: {'line': b'-- Up-to-date: /home/greyflon/lab_2025/install/two_wheeled_robot/share/two_wheeled_robot/models/marker11/model.sdf\n'}
[0.595893] (two_wheeled_robot) StdoutLine: {'line': b'-- Up-to-date: /home/greyflon/lab_2025/install/two_wheeled_robot/share/two_wheeled_robot/models/marker11/model-1_5.sdf~\n'}
[0.595977] (two_wheeled_robot) StdoutLine: {'line': b'-- Up-to-date: /home/greyflon/lab_2025/install/two_wheeled_robot/share/two_wheeled_robot/models/marker11/model-1_5.sdf\n'}
[0.596054] (two_wheeled_robot) StdoutLine: {'line': b'-- Up-to-date: /home/greyflon/lab_2025/install/two_wheeled_robot/share/two_wheeled_robot/models/marker11/model-1_4.sdf~\n'}
[0.596133] (two_wheeled_robot) StdoutLine: {'line': b'-- Up-to-date: /home/greyflon/lab_2025/install/two_wheeled_robot/share/two_wheeled_robot/models/yellow_target\n'}
[0.596208] (two_wheeled_robot) StdoutLine: {'line': b'-- Up-to-date: /home/greyflon/lab_2025/install/two_wheeled_robot/share/two_wheeled_robot/models/yellow_target/model.config\n'}
[0.596282] (two_wheeled_robot) StdoutLine: {'line': b'-- Up-to-date: /home/greyflon/lab_2025/install/two_wheeled_robot/share/two_wheeled_robot/models/yellow_target/meshes\n'}
[0.596364] (two_wheeled_robot) StdoutLine: {'line': b'-- Up-to-date: /home/greyflon/lab_2025/install/two_wheeled_robot/share/two_wheeled_robot/models/yellow_target/meshes/yellow_target.dae\n'}
[0.596441] (two_wheeled_robot) StdoutLine: {'line': b'-- Up-to-date: /home/greyflon/lab_2025/install/two_wheeled_robot/share/two_wheeled_robot/models/yellow_target/model.sdf\n'}
[0.596507] (two_wheeled_robot) StdoutLine: {'line': b'-- Up-to-date: /home/greyflon/lab_2025/install/two_wheeled_robot/share/two_wheeled_robot/models/coffee_maker\n'}
[0.596588] (two_wheeled_robot) StdoutLine: {'line': b'-- Up-to-date: /home/greyflon/lab_2025/install/two_wheeled_robot/share/two_wheeled_robot/models/coffee_maker/model.config\n'}
[0.596666] (two_wheeled_robot) StdoutLine: {'line': b'-- Up-to-date: /home/greyflon/lab_2025/install/two_wheeled_robot/share/two_wheeled_robot/models/coffee_maker/meshes\n'}
[0.596736] (two_wheeled_robot) StdoutLine: {'line': b'-- Up-to-date: /home/greyflon/lab_2025/install/two_wheeled_robot/share/two_wheeled_robot/models/coffee_maker/meshes/coffee_maker.mtl\n'}
[0.596813] (two_wheeled_robot) StdoutLine: {'line': b'-- Up-to-date: /home/greyflon/lab_2025/install/two_wheeled_robot/share/two_wheeled_robot/models/coffee_maker/meshes/coffee_maker.obj\n'}
[0.596905] (two_wheeled_robot) StdoutLine: {'line': b'-- Up-to-date: /home/greyflon/lab_2025/install/two_wheeled_robot/share/two_wheeled_robot/models/coffee_maker/materials\n'}
[0.596984] (two_wheeled_robot) StdoutLine: {'line': b'-- Up-to-date: /home/greyflon/lab_2025/install/two_wheeled_robot/share/two_wheeled_robot/models/coffee_maker/materials/textures\n'}
[0.597083] (two_wheeled_robot) StdoutLine: {'line': b'-- Up-to-date: /home/greyflon/lab_2025/install/two_wheeled_robot/share/two_wheeled_robot/models/coffee_maker/materials/textures/coffee_maker.png\n'}
[0.597150] (two_wheeled_robot) StdoutLine: {'line': b'-- Up-to-date: /home/greyflon/lab_2025/install/two_wheeled_robot/share/two_wheeled_robot/models/coffee_maker/model.sdf\n'}
[0.597235] (two_wheeled_robot) StdoutLine: {'line': b'-- Up-to-date: /home/greyflon/lab_2025/install/two_wheeled_robot/share/two_wheeled_robot/models/two_wheeled_robot_description\n'}
[0.597314] (two_wheeled_robot) StdoutLine: {'line': b'-- Up-to-date: /home/greyflon/lab_2025/install/two_wheeled_robot/share/two_wheeled_robot/models/two_wheeled_robot_description/model.config\n'}
[0.597411] (two_wheeled_robot) StdoutLine: {'line': b'-- Up-to-date: /home/greyflon/lab_2025/install/two_wheeled_robot/share/two_wheeled_robot/models/two_wheeled_robot_description/meshes\n'}
[0.597499] (two_wheeled_robot) StdoutLine: {'line': b'-- Up-to-date: /home/greyflon/lab_2025/install/two_wheeled_robot/share/two_wheeled_robot/models/two_wheeled_robot_description/meshes/elbow.stl\n'}
[0.597579] (two_wheeled_robot) StdoutLine: {'line': b'-- Up-to-date: /home/greyflon/lab_2025/install/two_wheeled_robot/share/two_wheeled_robot/models/two_wheeled_robot_description/meshes/bicep.stl\n'}
[0.597656] (two_wheeled_robot) StdoutLine: {'line': b'-- Up-to-date: /home/greyflon/lab_2025/install/two_wheeled_robot/share/two_wheeled_robot/models/two_wheeled_robot_description/meshes/robot_base.stl\n'}
[0.597740] (two_wheeled_robot) StdoutLine: {'line': b'-- Up-to-date: /home/greyflon/lab_2025/install/two_wheeled_robot/share/two_wheeled_robot/models/two_wheeled_robot_description/meshes/wrist.stl\n'}
[0.597819] (two_wheeled_robot) StdoutLine: {'line': b'-- Up-to-date: /home/greyflon/lab_2025/install/two_wheeled_robot/share/two_wheeled_robot/models/two_wheeled_robot_description/meshes/wheel.stl\n'}
[0.597884] (two_wheeled_robot) StdoutLine: {'line': b'-- Up-to-date: /home/greyflon/lab_2025/install/two_wheeled_robot/share/two_wheeled_robot/models/two_wheeled_robot_description/meshes/arm_base.stl\n'}
[0.597972] (two_wheeled_robot) StdoutLine: {'line': b'-- Up-to-date: /home/greyflon/lab_2025/install/two_wheeled_robot/share/two_wheeled_robot/models/two_wheeled_robot_description/model.sdf\n'}
[0.598051] (two_wheeled_robot) StdoutLine: {'line': b'-- Up-to-date: /home/greyflon/lab_2025/install/two_wheeled_robot/share/two_wheeled_robot/models/grey_wall\n'}
[0.598134] (two_wheeled_robot) StdoutLine: {'line': b'-- Up-to-date: /home/greyflon/lab_2025/install/two_wheeled_robot/share/two_wheeled_robot/models/grey_wall/model-1_4.sdf\n'}
[0.598218] (two_wheeled_robot) StdoutLine: {'line': b'-- Up-to-date: /home/greyflon/lab_2025/install/two_wheeled_robot/share/two_wheeled_robot/models/grey_wall/model.config\n'}
[0.598304] (two_wheeled_robot) StdoutLine: {'line': b'-- Up-to-date: /home/greyflon/lab_2025/install/two_wheeled_robot/share/two_wheeled_robot/models/grey_wall/materials\n'}
[0.598384] (two_wheeled_robot) StdoutLine: {'line': b'-- Up-to-date: /home/greyflon/lab_2025/install/two_wheeled_robot/share/two_wheeled_robot/models/grey_wall/materials/scripts\n'}
[0.598471] (two_wheeled_robot) StdoutLine: {'line': b'-- Up-to-date: /home/greyflon/lab_2025/install/two_wheeled_robot/share/two_wheeled_robot/models/grey_wall/materials/scripts/grey_wall.material\n'}
[0.598559] (two_wheeled_robot) StdoutLine: {'line': b'-- Up-to-date: /home/greyflon/lab_2025/install/two_wheeled_robot/share/two_wheeled_robot/models/grey_wall/materials/textures\n'}
[0.598638] (two_wheeled_robot) StdoutLine: {'line': b'-- Up-to-date: /home/greyflon/lab_2025/install/two_wheeled_robot/share/two_wheeled_robot/models/grey_wall/materials/textures/grey_wall.png\n'}
[0.598725] (two_wheeled_robot) StdoutLine: {'line': b'-- Up-to-date: /home/greyflon/lab_2025/install/two_wheeled_robot/share/two_wheeled_robot/models/grey_wall/model.sdf\n'}
[0.598818] (two_wheeled_robot) StdoutLine: {'line': b'-- Up-to-date: /home/greyflon/lab_2025/install/two_wheeled_robot/share/two_wheeled_robot/models/grey_wall/model-1_3.sdf\n'}
[0.598895] (two_wheeled_robot) StdoutLine: {'line': b'-- Up-to-date: /home/greyflon/lab_2025/install/two_wheeled_robot/share/two_wheeled_robot/models/iris_with_standoffs_demo\n'}
[0.598959] (two_wheeled_robot) StdoutLine: {'line': b'-- Up-to-date: /home/greyflon/lab_2025/install/two_wheeled_robot/share/two_wheeled_robot/models/iris_with_standoffs_demo/model.config\n'}
[0.599044] (two_wheeled_robot) StdoutLine: {'line': b'-- Up-to-date: /home/greyflon/lab_2025/install/two_wheeled_robot/share/two_wheeled_robot/models/iris_with_standoffs_demo/model.sdf\n'}
[0.599123] (two_wheeled_robot) StdoutLine: {'line': b'-- Up-to-date: /home/greyflon/lab_2025/install/two_wheeled_robot/share/two_wheeled_robot/models/office_table\n'}
[0.599210] (two_wheeled_robot) StdoutLine: {'line': b'-- Up-to-date: /home/greyflon/lab_2025/install/two_wheeled_robot/share/two_wheeled_robot/models/office_table/model.config\n'}
[0.599296] (two_wheeled_robot) StdoutLine: {'line': b'-- Up-to-date: /home/greyflon/lab_2025/install/two_wheeled_robot/share/two_wheeled_robot/models/office_table/meshes\n'}
[0.599374] (two_wheeled_robot) StdoutLine: {'line': b'-- Up-to-date: /home/greyflon/lab_2025/install/two_wheeled_robot/share/two_wheeled_robot/models/office_table/meshes/office_table.dae\n'}
[0.599452] (two_wheeled_robot) StdoutLine: {'line': b'-- Up-to-date: /home/greyflon/lab_2025/install/two_wheeled_robot/share/two_wheeled_robot/models/office_table/materials\n'}
[0.599528] (two_wheeled_robot) StdoutLine: {'line': b'-- Up-to-date: /home/greyflon/lab_2025/install/two_wheeled_robot/share/two_wheeled_robot/models/office_table/materials/textures\n'}
[0.599612] (two_wheeled_robot) StdoutLine: {'line': b'-- Up-to-date: /home/greyflon/lab_2025/install/two_wheeled_robot/share/two_wheeled_robot/models/office_table/materials/textures/office_table_diffuse.png\n'}
[0.599690] (two_wheeled_robot) StdoutLine: {'line': b'-- Up-to-date: /home/greyflon/lab_2025/install/two_wheeled_robot/share/two_wheeled_robot/models/office_table/materials/textures/office_table_specular.png\n'}
[0.599778] (two_wheeled_robot) StdoutLine: {'line': b'-- Up-to-date: /home/greyflon/lab_2025/install/two_wheeled_robot/share/two_wheeled_robot/models/office_table/model.sdf\n'}
[0.599855] (two_wheeled_robot) StdoutLine: {'line': b'-- Up-to-date: /home/greyflon/lab_2025/install/two_wheeled_robot/share/two_wheeled_robot/models/aws_robomaker_warehouse_ShelfE_01\n'}
[0.599943] (two_wheeled_robot) StdoutLine: {'line': b'-- Up-to-date: /home/greyflon/lab_2025/install/two_wheeled_robot/share/two_wheeled_robot/models/aws_robomaker_warehouse_ShelfE_01/model.config\n'}
[0.600021] (two_wheeled_robot) StdoutLine: {'line': b'-- Up-to-date: /home/greyflon/lab_2025/install/two_wheeled_robot/share/two_wheeled_robot/models/aws_robomaker_warehouse_ShelfE_01/meshes\n'}
[0.600104] (two_wheeled_robot) StdoutLine: {'line': b'-- Up-to-date: /home/greyflon/lab_2025/install/two_wheeled_robot/share/two_wheeled_robot/models/aws_robomaker_warehouse_ShelfE_01/meshes/aws_robomaker_warehouse_ShelfE_01_visual.DAE\n'}
[0.600181] (two_wheeled_robot) StdoutLine: {'line': b'-- Up-to-date: /home/greyflon/lab_2025/install/two_wheeled_robot/share/two_wheeled_robot/models/aws_robomaker_warehouse_ShelfE_01/meshes/aws_robomaker_warehouse_ShelfE_01_collision.DAE\n'}
[0.600267] (two_wheeled_robot) StdoutLine: {'line': b'-- Up-to-date: /home/greyflon/lab_2025/install/two_wheeled_robot/share/two_wheeled_robot/models/aws_robomaker_warehouse_ShelfE_01/materials\n'}
[0.600346] (two_wheeled_robot) StdoutLine: {'line': b'-- Up-to-date: /home/greyflon/lab_2025/install/two_wheeled_robot/share/two_wheeled_robot/models/aws_robomaker_warehouse_ShelfE_01/materials/textures\n'}
[0.600433] (two_wheeled_robot) StdoutLine: {'line': b'-- Up-to-date: /home/greyflon/lab_2025/install/two_wheeled_robot/share/two_wheeled_robot/models/aws_robomaker_warehouse_ShelfE_01/materials/textures/aws_robomaker_warehouse_ShelfE_04.png\n'}
[0.600514] (two_wheeled_robot) StdoutLine: {'line': b'-- Up-to-date: /home/greyflon/lab_2025/install/two_wheeled_robot/share/two_wheeled_robot/models/aws_robomaker_warehouse_ShelfE_01/materials/textures/aws_robomaker_warehouse_ShelfE_01.png\n'}
[0.600603] (two_wheeled_robot) StdoutLine: {'line': b'-- Up-to-date: /home/greyflon/lab_2025/install/two_wheeled_robot/share/two_wheeled_robot/models/aws_robomaker_warehouse_ShelfE_01/materials/textures/aws_robomaker_warehouse_ShelfE_02.png\n'}
[0.600683] (two_wheeled_robot) StdoutLine: {'line': b'-- Up-to-date: /home/greyflon/lab_2025/install/two_wheeled_robot/share/two_wheeled_robot/models/aws_robomaker_warehouse_ShelfE_01/materials/textures/aws_robomaker_warehouse_ShelfE_03.png\n'}
[0.600780] (two_wheeled_robot) StdoutLine: {'line': b'-- Up-to-date: /home/greyflon/lab_2025/install/two_wheeled_robot/share/two_wheeled_robot/models/aws_robomaker_warehouse_ShelfE_01/model.sdf\n'}
[0.600857] (two_wheeled_robot) StdoutLine: {'line': b'-- Up-to-date: /home/greyflon/lab_2025/install/two_wheeled_robot/share/two_wheeled_robot/models/aws_robomaker_residential_ShoeRack_01\n'}
[0.600937] (two_wheeled_robot) StdoutLine: {'line': b'-- Up-to-date: /home/greyflon/lab_2025/install/two_wheeled_robot/share/two_wheeled_robot/models/aws_robomaker_residential_ShoeRack_01/model.config\n'}
[0.601023] (two_wheeled_robot) StdoutLine: {'line': b'-- Up-to-date: /home/greyflon/lab_2025/install/two_wheeled_robot/share/two_wheeled_robot/models/aws_robomaker_residential_ShoeRack_01/meshes\n'}
[0.601105] (two_wheeled_robot) StdoutLine: {'line': b'-- Up-to-date: /home/greyflon/lab_2025/install/two_wheeled_robot/share/two_wheeled_robot/models/aws_robomaker_residential_ShoeRack_01/meshes/aws_ShoeRack_01_visual.DAE\n'}
[0.601180] (two_wheeled_robot) StdoutLine: {'line': b'-- Up-to-date: /home/greyflon/lab_2025/install/two_wheeled_robot/share/two_wheeled_robot/models/aws_robomaker_residential_ShoeRack_01/meshes/aws_ShoeRack_01_collision.DAE\n'}
[0.601254] (-) TimerEvent: {}
[0.601352] (two_wheeled_robot) StdoutLine: {'line': b'-- Up-to-date: /home/greyflon/lab_2025/install/two_wheeled_robot/share/two_wheeled_robot/models/aws_robomaker_residential_ShoeRack_01/materials\n'}
[0.601451] (two_wheeled_robot) StdoutLine: {'line': b'-- Up-to-date: /home/greyflon/lab_2025/install/two_wheeled_robot/share/two_wheeled_robot/models/aws_robomaker_residential_ShoeRack_01/materials/textures\n'}
[0.601529] (two_wheeled_robot) StdoutLine: {'line': b'-- Up-to-date: /home/greyflon/lab_2025/install/two_wheeled_robot/share/two_wheeled_robot/models/aws_robomaker_residential_ShoeRack_01/materials/textures/aws_ShoeRack_01.png\n'}
[0.601603] (two_wheeled_robot) StdoutLine: {'line': b'-- Up-to-date: /home/greyflon/lab_2025/install/two_wheeled_robot/share/two_wheeled_robot/models/aws_robomaker_residential_ShoeRack_01/model.sdf\n'}
[0.601678] (two_wheeled_robot) StdoutLine: {'line': b'-- Up-to-date: /home/greyflon/lab_2025/install/two_wheeled_robot/share/two_wheeled_robot/models/aws_robomaker_residential_HouseWallB_01\n'}
[0.601767] (two_wheeled_robot) StdoutLine: {'line': b'-- Up-to-date: /home/greyflon/lab_2025/install/two_wheeled_robot/share/two_wheeled_robot/models/aws_robomaker_residential_HouseWallB_01/model.config\n'}
[0.601853] (two_wheeled_robot) StdoutLine: {'line': b'-- Up-to-date: /home/greyflon/lab_2025/install/two_wheeled_robot/share/two_wheeled_robot/models/aws_robomaker_residential_HouseWallB_01/meshes\n'}
[0.601939] (two_wheeled_robot) StdoutLine: {'line': b'-- Up-to-date: /home/greyflon/lab_2025/install/two_wheeled_robot/share/two_wheeled_robot/models/aws_robomaker_residential_HouseWallB_01/meshes/aws_HouseWallB_01_collision.DAE\n'}
[0.602027] (two_wheeled_robot) StdoutLine: {'line': b'-- Up-to-date: /home/greyflon/lab_2025/install/two_wheeled_robot/share/two_wheeled_robot/models/aws_robomaker_residential_HouseWallB_01/meshes/aws_HouseWallB_01_visual.DAE\n'}
[0.602104] (two_wheeled_robot) StdoutLine: {'line': b'-- Up-to-date: /home/greyflon/lab_2025/install/two_wheeled_robot/share/two_wheeled_robot/models/aws_robomaker_residential_HouseWallB_01/materials\n'}
[0.602189] (two_wheeled_robot) StdoutLine: {'line': b'-- Up-to-date: /home/greyflon/lab_2025/install/two_wheeled_robot/share/two_wheeled_robot/models/aws_robomaker_residential_HouseWallB_01/materials/textures\n'}
[0.602272] (two_wheeled_robot) StdoutLine: {'line': b'-- Up-to-date: /home/greyflon/lab_2025/install/two_wheeled_robot/share/two_wheeled_robot/models/aws_robomaker_residential_HouseWallB_01/materials/textures/aws_HouseWallB_01.png\n'}
[0.602350] (two_wheeled_robot) StdoutLine: {'line': b'-- Up-to-date: /home/greyflon/lab_2025/install/two_wheeled_robot/share/two_wheeled_robot/models/aws_robomaker_residential_HouseWallB_01/model.sdf\n'}
[0.602435] (two_wheeled_robot) StdoutLine: {'line': b'-- Up-to-date: /home/greyflon/lab_2025/install/two_wheeled_robot/share/two_wheeled_robot/models/ElderMalePatient\n'}
[0.602499] (two_wheeled_robot) StdoutLine: {'line': b'-- Up-to-date: /home/greyflon/lab_2025/install/two_wheeled_robot/share/two_wheeled_robot/models/ElderMalePatient/model.config\n'}
[0.602581] (two_wheeled_robot) StdoutLine: {'line': b'-- Up-to-date: /home/greyflon/lab_2025/install/two_wheeled_robot/share/two_wheeled_robot/models/ElderMalePatient/meshes\n'}
[0.602658] (two_wheeled_robot) StdoutLine: {'line': b'-- Up-to-date: /home/greyflon/lab_2025/install/two_wheeled_robot/share/two_wheeled_robot/models/ElderMalePatient/meshes/Carts_Wheels_Diffuse.png\n'}
[0.602747] (two_wheeled_robot) StdoutLine: {'line': b'-- Up-to-date: /home/greyflon/lab_2025/install/two_wheeled_robot/share/two_wheeled_robot/models/ElderMalePatient/meshes/ElderMalePatient.obj\n'}
[0.602851] (two_wheeled_robot) StdoutLine: {'line': b'-- Up-to-date: /home/greyflon/lab_2025/install/two_wheeled_robot/share/two_wheeled_robot/models/ElderMalePatient/meshes/ElderMale_color1.jpg\n'}
[0.602929] (two_wheeled_robot) StdoutLine: {'line': b'-- Up-to-date: /home/greyflon/lab_2025/install/two_wheeled_robot/share/two_wheeled_robot/models/ElderMalePatient/meshes/ElderMalePatient.mtl\n'}
[0.603007] (two_wheeled_robot) StdoutLine: {'line': b'-- Up-to-date: /home/greyflon/lab_2025/install/two_wheeled_robot/share/two_wheeled_robot/models/ElderMalePatient/meshes/towel1.jpg\n'}
[0.603081] (two_wheeled_robot) StdoutLine: {'line': b'-- Up-to-date: /home/greyflon/lab_2025/install/two_wheeled_robot/share/two_wheeled_robot/models/ElderMalePatient/meshes/CGMVanguard_Diffuse.png\n'}
[0.603162] (two_wheeled_robot) StdoutLine: {'line': b'-- Up-to-date: /home/greyflon/lab_2025/install/two_wheeled_robot/share/two_wheeled_robot/models/ElderMalePatient/thumbnails\n'}
[0.603240] (two_wheeled_robot) StdoutLine: {'line': b'-- Up-to-date: /home/greyflon/lab_2025/install/two_wheeled_robot/share/two_wheeled_robot/models/ElderMalePatient/thumbnails/5.png\n'}
[0.603317] (two_wheeled_robot) StdoutLine: {'line': b'-- Up-to-date: /home/greyflon/lab_2025/install/two_wheeled_robot/share/two_wheeled_robot/models/ElderMalePatient/thumbnails/1.png\n'}
[0.603391] (two_wheeled_robot) StdoutLine: {'line': b'-- Up-to-date: /home/greyflon/lab_2025/install/two_wheeled_robot/share/two_wheeled_robot/models/ElderMalePatient/thumbnails/2.png\n'}
[0.603454] (two_wheeled_robot) StdoutLine: {'line': b'-- Up-to-date: /home/greyflon/lab_2025/install/two_wheeled_robot/share/two_wheeled_robot/models/ElderMalePatient/thumbnails/4.png\n'}
[0.603528] (two_wheeled_robot) StdoutLine: {'line': b'-- Up-to-date: /home/greyflon/lab_2025/install/two_wheeled_robot/share/two_wheeled_robot/models/ElderMalePatient/thumbnails/3.png\n'}
[0.603615] (two_wheeled_robot) StdoutLine: {'line': b'-- Up-to-date: /home/greyflon/lab_2025/install/two_wheeled_robot/share/two_wheeled_robot/models/ElderMalePatient/model.sdf\n'}
[0.603691] (two_wheeled_robot) StdoutLine: {'line': b'-- Up-to-date: /home/greyflon/lab_2025/install/two_wheeled_robot/share/two_wheeled_robot/models/StorageRack\n'}
[0.603766] (two_wheeled_robot) StdoutLine: {'line': b'-- Up-to-date: /home/greyflon/lab_2025/install/two_wheeled_robot/share/two_wheeled_robot/models/StorageRack/model.config\n'}
[0.603864] (two_wheeled_robot) StdoutLine: {'line': b'-- Up-to-date: /home/greyflon/lab_2025/install/two_wheeled_robot/share/two_wheeled_robot/models/StorageRack/meshes\n'}
[0.603947] (two_wheeled_robot) StdoutLine: {'line': b'-- Up-to-date: /home/greyflon/lab_2025/install/two_wheeled_robot/share/two_wheeled_robot/models/StorageRack/meshes/StorageRack.obj\n'}
[0.604024] (two_wheeled_robot) StdoutLine: {'line': b'-- Up-to-date: /home/greyflon/lab_2025/install/two_wheeled_robot/share/two_wheeled_robot/models/StorageRack/meshes/StorageRack.mtl\n'}
[0.604090] (two_wheeled_robot) StdoutLine: {'line': b'-- Up-to-date: /home/greyflon/lab_2025/install/two_wheeled_robot/share/two_wheeled_robot/models/StorageRack/meshes/StorageRack.png\n'}
[0.604166] (two_wheeled_robot) StdoutLine: {'line': b'-- Up-to-date: /home/greyflon/lab_2025/install/two_wheeled_robot/share/two_wheeled_robot/models/StorageRack/thumbnails\n'}
[0.604244] (two_wheeled_robot) StdoutLine: {'line': b'-- Up-to-date: /home/greyflon/lab_2025/install/two_wheeled_robot/share/two_wheeled_robot/models/StorageRack/thumbnails/5.png\n'}
[0.604315] (two_wheeled_robot) StdoutLine: {'line': b'-- Up-to-date: /home/greyflon/lab_2025/install/two_wheeled_robot/share/two_wheeled_robot/models/StorageRack/thumbnails/1.png\n'}
[0.604392] (two_wheeled_robot) StdoutLine: {'line': b'-- Up-to-date: /home/greyflon/lab_2025/install/two_wheeled_robot/share/two_wheeled_robot/models/StorageRack/thumbnails/2.png\n'}
[0.604469] (two_wheeled_robot) StdoutLine: {'line': b'-- Up-to-date: /home/greyflon/lab_2025/install/two_wheeled_robot/share/two_wheeled_robot/models/StorageRack/thumbnails/4.png\n'}
[0.604541] (two_wheeled_robot) StdoutLine: {'line': b'-- Up-to-date: /home/greyflon/lab_2025/install/two_wheeled_robot/share/two_wheeled_robot/models/StorageRack/thumbnails/3.png\n'}
[0.604616] (two_wheeled_robot) StdoutLine: {'line': b'-- Up-to-date: /home/greyflon/lab_2025/install/two_wheeled_robot/share/two_wheeled_robot/models/StorageRack/model.sdf\n'}
[0.604704] (two_wheeled_robot) StdoutLine: {'line': b'-- Up-to-date: /home/greyflon/lab_2025/install/two_wheeled_robot/share/two_wheeled_robot/models/cubicle_island\n'}
[0.604774] (two_wheeled_robot) StdoutLine: {'line': b'-- Up-to-date: /home/greyflon/lab_2025/install/two_wheeled_robot/share/two_wheeled_robot/models/cubicle_island/model.config\n'}
[0.604852] (two_wheeled_robot) StdoutLine: {'line': b'-- Up-to-date: /home/greyflon/lab_2025/install/two_wheeled_robot/share/two_wheeled_robot/models/cubicle_island/meshes\n'}
[0.604918] (two_wheeled_robot) StdoutLine: {'line': b'-- Up-to-date: /home/greyflon/lab_2025/install/two_wheeled_robot/share/two_wheeled_robot/models/cubicle_island/meshes/cubicle_island.obj\n'}
[0.604989] (two_wheeled_robot) StdoutLine: {'line': b'-- Up-to-date: /home/greyflon/lab_2025/install/two_wheeled_robot/share/two_wheeled_robot/models/cubicle_island/meshes/cubicle_island.mtl\n'}
[0.605061] (two_wheeled_robot) StdoutLine: {'line': b'-- Up-to-date: /home/greyflon/lab_2025/install/two_wheeled_robot/share/two_wheeled_robot/models/cubicle_island/materials\n'}
[0.605139] (two_wheeled_robot) StdoutLine: {'line': b'-- Up-to-date: /home/greyflon/lab_2025/install/two_wheeled_robot/share/two_wheeled_robot/models/cubicle_island/materials/textures\n'}
[0.605210] (two_wheeled_robot) StdoutLine: {'line': b'-- Up-to-date: /home/greyflon/lab_2025/install/two_wheeled_robot/share/two_wheeled_robot/models/cubicle_island/materials/textures/cubicle_island.png\n'}
[0.605284] (two_wheeled_robot) StdoutLine: {'line': b'-- Up-to-date: /home/greyflon/lab_2025/install/two_wheeled_robot/share/two_wheeled_robot/models/cubicle_island/materials/textures/cubicle_1.png\n'}
[0.605363] (two_wheeled_robot) StdoutLine: {'line': b'-- Up-to-date: /home/greyflon/lab_2025/install/two_wheeled_robot/share/two_wheeled_robot/models/cubicle_island/model.sdf\n'}
[0.605436] (two_wheeled_robot) StdoutLine: {'line': b'-- Up-to-date: /home/greyflon/lab_2025/install/two_wheeled_robot/share/two_wheeled_robot/models/cubicle_wall\n'}
[0.605511] (two_wheeled_robot) StdoutLine: {'line': b'-- Up-to-date: /home/greyflon/lab_2025/install/two_wheeled_robot/share/two_wheeled_robot/models/cubicle_wall/model.config\n'}
[0.605608] (two_wheeled_robot) StdoutLine: {'line': b'-- Up-to-date: /home/greyflon/lab_2025/install/two_wheeled_robot/share/two_wheeled_robot/models/cubicle_wall/meshes\n'}
[0.605680] (two_wheeled_robot) StdoutLine: {'line': b'-- Up-to-date: /home/greyflon/lab_2025/install/two_wheeled_robot/share/two_wheeled_robot/models/cubicle_wall/meshes/cubicle_corner.obj\n'}
[0.605756] (two_wheeled_robot) StdoutLine: {'line': b'-- Up-to-date: /home/greyflon/lab_2025/install/two_wheeled_robot/share/two_wheeled_robot/models/cubicle_wall/meshes/cubicle_open.obj\n'}
[0.605841] (two_wheeled_robot) StdoutLine: {'line': b'-- Up-to-date: /home/greyflon/lab_2025/install/two_wheeled_robot/share/two_wheeled_robot/models/cubicle_wall/meshes/cubicle_wall.mtl\n'}
[0.605912] (two_wheeled_robot) StdoutLine: {'line': b'-- Up-to-date: /home/greyflon/lab_2025/install/two_wheeled_robot/share/two_wheeled_robot/models/cubicle_wall/meshes/cubicle_wall.obj\n'}
[0.605979] (two_wheeled_robot) StdoutLine: {'line': b'-- Up-to-date: /home/greyflon/lab_2025/install/two_wheeled_robot/share/two_wheeled_robot/models/cubicle_wall/meshes/cubicle_closed.obj\n'}
[0.606047] (two_wheeled_robot) StdoutLine: {'line': b'-- Up-to-date: /home/greyflon/lab_2025/install/two_wheeled_robot/share/two_wheeled_robot/models/cubicle_wall/materials\n'}
[0.606124] (two_wheeled_robot) StdoutLine: {'line': b'-- Up-to-date: /home/greyflon/lab_2025/install/two_wheeled_robot/share/two_wheeled_robot/models/cubicle_wall/materials/textures\n'}
[0.606201] (two_wheeled_robot) StdoutLine: {'line': b'-- Up-to-date: /home/greyflon/lab_2025/install/two_wheeled_robot/share/two_wheeled_robot/models/cubicle_wall/materials/textures/cubicle_wall.png\n'}
[0.606274] (two_wheeled_robot) StdoutLine: {'line': b'-- Up-to-date: /home/greyflon/lab_2025/install/two_wheeled_robot/share/two_wheeled_robot/models/cubicle_wall/model.sdf\n'}
[0.606349] (two_wheeled_robot) StdoutLine: {'line': b'-- Up-to-date: /home/greyflon/lab_2025/install/two_wheeled_robot/share/two_wheeled_robot/models/cubicle_corner\n'}
[0.606417] (two_wheeled_robot) StdoutLine: {'line': b'-- Up-to-date: /home/greyflon/lab_2025/install/two_wheeled_robot/share/two_wheeled_robot/models/cubicle_corner/model.config\n'}
[0.606495] (two_wheeled_robot) StdoutLine: {'line': b'-- Up-to-date: /home/greyflon/lab_2025/install/two_wheeled_robot/share/two_wheeled_robot/models/cubicle_corner/meshes\n'}
[0.606566] (two_wheeled_robot) StdoutLine: {'line': b'-- Up-to-date: /home/greyflon/lab_2025/install/two_wheeled_robot/share/two_wheeled_robot/models/cubicle_corner/meshes/cubicle_corner.obj\n'}
[0.606641] (two_wheeled_robot) StdoutLine: {'line': b'-- Up-to-date: /home/greyflon/lab_2025/install/two_wheeled_robot/share/two_wheeled_robot/models/cubicle_corner/meshes/cubicle_corner.mtl\n'}
[0.606701] (two_wheeled_robot) StdoutLine: {'line': b'-- Up-to-date: /home/greyflon/lab_2025/install/two_wheeled_robot/share/two_wheeled_robot/models/cubicle_corner/materials\n'}
[0.606789] (two_wheeled_robot) StdoutLine: {'line': b'-- Up-to-date: /home/greyflon/lab_2025/install/two_wheeled_robot/share/two_wheeled_robot/models/cubicle_corner/materials/textures\n'}
[0.606866] (two_wheeled_robot) StdoutLine: {'line': b'-- Up-to-date: /home/greyflon/lab_2025/install/two_wheeled_robot/share/two_wheeled_robot/models/cubicle_corner/materials/textures/cubicle_corner.png\n'}
[0.606947] (two_wheeled_robot) StdoutLine: {'line': b'-- Up-to-date: /home/greyflon/lab_2025/install/two_wheeled_robot/share/two_wheeled_robot/models/cubicle_corner/model.sdf\n'}
[0.607027] (two_wheeled_robot) StdoutLine: {'line': b'-- Up-to-date: /home/greyflon/lab_2025/install/two_wheeled_robot/share/two_wheeled_robot/models/aws_robomaker_hospital_elevator_01_door\n'}
[0.607098] (two_wheeled_robot) StdoutLine: {'line': b'-- Up-to-date: /home/greyflon/lab_2025/install/two_wheeled_robot/share/two_wheeled_robot/models/aws_robomaker_hospital_elevator_01_door/model.config\n'}
[0.607180] (two_wheeled_robot) StdoutLine: {'line': b'-- Up-to-date: /home/greyflon/lab_2025/install/two_wheeled_robot/share/two_wheeled_robot/models/aws_robomaker_hospital_elevator_01_door/meshes\n'}
[0.607246] (two_wheeled_robot) StdoutLine: {'line': b'-- Up-to-date: /home/greyflon/lab_2025/install/two_wheeled_robot/share/two_wheeled_robot/models/aws_robomaker_hospital_elevator_01_door/meshes/aws_robomaker_hospital_elevator_01_door_collision.dae\n'}
[0.607323] (two_wheeled_robot) StdoutLine: {'line': b'-- Up-to-date: /home/greyflon/lab_2025/install/two_wheeled_robot/share/two_wheeled_robot/models/aws_robomaker_hospital_elevator_01_door/meshes/aws_robomaker_hospital_elevator_01_visual_normal.png\n'}
[0.607395] (two_wheeled_robot) StdoutLine: {'line': b'-- Up-to-date: /home/greyflon/lab_2025/install/two_wheeled_robot/share/two_wheeled_robot/models/aws_robomaker_hospital_elevator_01_door/meshes/aws_robomaker_hospital_elevator_01_door_low.dae\n'}
[0.607471] (two_wheeled_robot) StdoutLine: {'line': b'-- Up-to-date: /home/greyflon/lab_2025/install/two_wheeled_robot/share/two_wheeled_robot/models/aws_robomaker_hospital_elevator_01_door/meshes/aws_robomaker_hospital_elevator_01_door_visual.dae\n'}
[0.607550] (two_wheeled_robot) StdoutLine: {'line': b'-- Up-to-date: /home/greyflon/lab_2025/install/two_wheeled_robot/share/two_wheeled_robot/models/aws_robomaker_hospital_elevator_01_door/meshes/aws_robomaker_hospital_elevator_01_low.png\n'}
[0.607622] (two_wheeled_robot) StdoutLine: {'line': b'-- Up-to-date: /home/greyflon/lab_2025/install/two_wheeled_robot/share/two_wheeled_robot/models/aws_robomaker_hospital_elevator_01_door/meshes/aws_robomaker_hospital_elevator_01_low_normal.png\n'}
[0.607697] (two_wheeled_robot) StdoutLine: {'line': b'-- Up-to-date: /home/greyflon/lab_2025/install/two_wheeled_robot/share/two_wheeled_robot/models/aws_robomaker_hospital_elevator_01_door/meshes/aws_robomaker_hospital_elevator_01_visual.png\n'}
[0.607785] (two_wheeled_robot) StdoutLine: {'line': b'-- Up-to-date: /home/greyflon/lab_2025/install/two_wheeled_robot/share/two_wheeled_robot/models/aws_robomaker_hospital_elevator_01_door/model.sdf\n'}
[0.607862] (two_wheeled_robot) StdoutLine: {'line': b'-- Up-to-date: /home/greyflon/lab_2025/install/two_wheeled_robot/share/two_wheeled_robot/models/IVStand\n'}
[0.607934] (two_wheeled_robot) StdoutLine: {'line': b'-- Up-to-date: /home/greyflon/lab_2025/install/two_wheeled_robot/share/two_wheeled_robot/models/IVStand/model.config\n'}
[0.607993] (two_wheeled_robot) StdoutLine: {'line': b'-- Up-to-date: /home/greyflon/lab_2025/install/two_wheeled_robot/share/two_wheeled_robot/models/IVStand/meshes\n'}
[0.608061] (two_wheeled_robot) StdoutLine: {'line': b'-- Up-to-date: /home/greyflon/lab_2025/install/two_wheeled_robot/share/two_wheeled_robot/models/IVStand/meshes/IVStand_Diffuse.png\n'}
[0.608130] (two_wheeled_robot) StdoutLine: {'line': b'-- Up-to-date: /home/greyflon/lab_2025/install/two_wheeled_robot/share/two_wheeled_robot/models/IVStand/meshes/Carts_Wheels_Diffuse.png\n'}
[0.608210] (two_wheeled_robot) StdoutLine: {'line': b'-- Up-to-date: /home/greyflon/lab_2025/install/two_wheeled_robot/share/two_wheeled_robot/models/IVStand/meshes/IVStand.obj\n'}
[0.608281] (two_wheeled_robot) StdoutLine: {'line': b'-- Up-to-date: /home/greyflon/lab_2025/install/two_wheeled_robot/share/two_wheeled_robot/models/IVStand/meshes/IVStand.mtl\n'}
[0.608368] (two_wheeled_robot) StdoutLine: {'line': b'-- Up-to-date: /home/greyflon/lab_2025/install/two_wheeled_robot/share/two_wheeled_robot/models/IVStand/thumbnails\n'}
[0.608460] (two_wheeled_robot) StdoutLine: {'line': b'-- Up-to-date: /home/greyflon/lab_2025/install/two_wheeled_robot/share/two_wheeled_robot/models/IVStand/thumbnails/5.png\n'}
[0.608546] (two_wheeled_robot) StdoutLine: {'line': b'-- Up-to-date: /home/greyflon/lab_2025/install/two_wheeled_robot/share/two_wheeled_robot/models/IVStand/thumbnails/1.png\n'}
[0.608636] (two_wheeled_robot) StdoutLine: {'line': b'-- Up-to-date: /home/greyflon/lab_2025/install/two_wheeled_robot/share/two_wheeled_robot/models/IVStand/thumbnails/2.png\n'}
[0.608726] (two_wheeled_robot) StdoutLine: {'line': b'-- Up-to-date: /home/greyflon/lab_2025/install/two_wheeled_robot/share/two_wheeled_robot/models/IVStand/thumbnails/4.png\n'}
[0.608829] (two_wheeled_robot) StdoutLine: {'line': b'-- Up-to-date: /home/greyflon/lab_2025/install/two_wheeled_robot/share/two_wheeled_robot/models/IVStand/thumbnails/3.png\n'}
[0.608894] (two_wheeled_robot) StdoutLine: {'line': b'-- Up-to-date: /home/greyflon/lab_2025/install/two_wheeled_robot/share/two_wheeled_robot/models/IVStand/model.sdf\n'}
[0.608978] (two_wheeled_robot) StdoutLine: {'line': b'-- Up-to-date: /home/greyflon/lab_2025/install/two_wheeled_robot/share/two_wheeled_robot/models/small_box\n'}
[0.609056] (two_wheeled_robot) StdoutLine: {'line': b'-- Up-to-date: /home/greyflon/lab_2025/install/two_wheeled_robot/share/two_wheeled_robot/models/small_box/model.config\n'}
[0.609138] (two_wheeled_robot) StdoutLine: {'line': b'-- Up-to-date: /home/greyflon/lab_2025/install/two_wheeled_robot/share/two_wheeled_robot/models/small_box/meshes\n'}
[0.609214] (two_wheeled_robot) StdoutLine: {'line': b'-- Up-to-date: /home/greyflon/lab_2025/install/two_wheeled_robot/share/two_wheeled_robot/models/small_box/meshes/small_box.dae\n'}
[0.609297] (two_wheeled_robot) StdoutLine: {'line': b'-- Up-to-date: /home/greyflon/lab_2025/install/two_wheeled_robot/share/two_wheeled_robot/models/small_box/materials\n'}
[0.609374] (two_wheeled_robot) StdoutLine: {'line': b'-- Up-to-date: /home/greyflon/lab_2025/install/two_wheeled_robot/share/two_wheeled_robot/models/small_box/materials/textures\n'}
[0.609456] (two_wheeled_robot) StdoutLine: {'line': b'-- Up-to-date: /home/greyflon/lab_2025/install/two_wheeled_robot/share/two_wheeled_robot/models/small_box/materials/textures/Kraft_Tile.jpg\n'}
[0.609532] (two_wheeled_robot) StdoutLine: {'line': b'-- Up-to-date: /home/greyflon/lab_2025/install/two_wheeled_robot/share/two_wheeled_robot/models/small_box/materials/textures/S-3878BX_Side1.jpg\n'}
[0.609613] (two_wheeled_robot) StdoutLine: {'line': b'-- Up-to-date: /home/greyflon/lab_2025/install/two_wheeled_robot/share/two_wheeled_robot/models/small_box/materials/textures/S-3878BX_Front.jpg\n'}
[0.609690] (two_wheeled_robot) StdoutLine: {'line': b'-- Up-to-date: /home/greyflon/lab_2025/install/two_wheeled_robot/share/two_wheeled_robot/models/small_box/materials/textures/S-3878BX_Side2.jpg\n'}
[0.609777] (two_wheeled_robot) StdoutLine: {'line': b'-- Up-to-date: /home/greyflon/lab_2025/install/two_wheeled_robot/share/two_wheeled_robot/models/small_box/materials/textures/S-3878BX_Back.jpg\n'}
[0.609857] (two_wheeled_robot) StdoutLine: {'line': b'-- Up-to-date: /home/greyflon/lab_2025/install/two_wheeled_robot/share/two_wheeled_robot/models/small_box/model.sdf\n'}
[0.609943] (two_wheeled_robot) StdoutLine: {'line': b'-- Up-to-date: /home/greyflon/lab_2025/install/two_wheeled_robot/share/two_wheeled_robot/models/gimbal_small_2d\n'}
[0.610019] (two_wheeled_robot) StdoutLine: {'line': b'-- Up-to-date: /home/greyflon/lab_2025/install/two_wheeled_robot/share/two_wheeled_robot/models/gimbal_small_2d/model.config\n'}
[0.610104] (two_wheeled_robot) StdoutLine: {'line': b'-- Up-to-date: /home/greyflon/lab_2025/install/two_wheeled_robot/share/two_wheeled_robot/models/gimbal_small_2d/meshes\n'}
[0.610168] (two_wheeled_robot) StdoutLine: {'line': b'-- Up-to-date: /home/greyflon/lab_2025/install/two_wheeled_robot/share/two_wheeled_robot/models/gimbal_small_2d/meshes/base_arm.dae\n'}
[0.610250] (two_wheeled_robot) StdoutLine: {'line': b'-- Up-to-date: /home/greyflon/lab_2025/install/two_wheeled_robot/share/two_wheeled_robot/models/gimbal_small_2d/meshes/tilt.dae\n'}
[0.610327] (two_wheeled_robot) StdoutLine: {'line': b'-- Up-to-date: /home/greyflon/lab_2025/install/two_wheeled_robot/share/two_wheeled_robot/models/gimbal_small_2d/meshes/base_main.dae\n'}
[0.610404] (two_wheeled_robot) StdoutLine: {'line': b'-- Up-to-date: /home/greyflon/lab_2025/install/two_wheeled_robot/share/two_wheeled_robot/models/gimbal_small_2d/model.sdf\n'}
[0.610479] (two_wheeled_robot) StdoutLine: {'line': b'-- Up-to-date: /home/greyflon/lab_2025/install/two_wheeled_robot/share/two_wheeled_robot/models/aws_robomaker_hospital_floor_02_floor\n'}
[0.610584] (two_wheeled_robot) StdoutLine: {'line': b'-- Up-to-date: /home/greyflon/lab_2025/install/two_wheeled_robot/share/two_wheeled_robot/models/aws_robomaker_hospital_floor_02_floor/model.config\n'}
[0.610662] (two_wheeled_robot) StdoutLine: {'line': b'-- Up-to-date: /home/greyflon/lab_2025/install/two_wheeled_robot/share/two_wheeled_robot/models/aws_robomaker_hospital_floor_02_floor/meshes\n'}
[0.610745] (two_wheeled_robot) StdoutLine: {'line': b'-- Up-to-date: /home/greyflon/lab_2025/install/two_wheeled_robot/share/two_wheeled_robot/models/aws_robomaker_hospital_floor_02_floor/meshes/aws_robomaker_hospital_floor_02_floor_collision.dae\n'}
[0.610859] (two_wheeled_robot) StdoutLine: {'line': b'-- Up-to-date: /home/greyflon/lab_2025/install/two_wheeled_robot/share/two_wheeled_robot/models/aws_robomaker_hospital_floor_02_floor/meshes/aws_robomaker_hospital_floor_02_floor_visual.dae\n'}
[0.610939] (two_wheeled_robot) StdoutLine: {'line': b'-- Up-to-date: /home/greyflon/lab_2025/install/two_wheeled_robot/share/two_wheeled_robot/models/aws_robomaker_hospital_floor_02_floor/meshes/aws_robomaker_hospital_floor_02_floor_normal.png\n'}
[0.611012] (two_wheeled_robot) StdoutLine: {'line': b'-- Up-to-date: /home/greyflon/lab_2025/install/two_wheeled_robot/share/two_wheeled_robot/models/aws_robomaker_hospital_floor_02_floor/meshes/aws_robomaker_hospital_floor_02_floor.png\n'}
[0.611095] (two_wheeled_robot) StdoutLine: {'line': b'-- Up-to-date: /home/greyflon/lab_2025/install/two_wheeled_robot/share/two_wheeled_robot/models/aws_robomaker_hospital_floor_02_floor/model.sdf\n'}
[0.611182] (two_wheeled_robot) StdoutLine: {'line': b'-- Up-to-date: /home/greyflon/lab_2025/install/two_wheeled_robot/share/two_wheeled_robot/models/robonaut\n'}
[0.611245] (two_wheeled_robot) StdoutLine: {'line': b'-- Up-to-date: /home/greyflon/lab_2025/install/two_wheeled_robot/share/two_wheeled_robot/models/robonaut/model-1_4.sdf\n'}
[0.611322] (two_wheeled_robot) StdoutLine: {'line': b'-- Up-to-date: /home/greyflon/lab_2025/install/two_wheeled_robot/share/two_wheeled_robot/models/robonaut/model.config\n'}
[0.611415] (two_wheeled_robot) StdoutLine: {'line': b'-- Up-to-date: /home/greyflon/lab_2025/install/two_wheeled_robot/share/two_wheeled_robot/models/robonaut/meshes\n'}
[0.611500] (two_wheeled_robot) StdoutLine: {'line': b'-- Up-to-date: /home/greyflon/lab_2025/install/two_wheeled_robot/share/two_wheeled_robot/models/robonaut/meshes/Backpack.dae\n'}
[0.611577] (two_wheeled_robot) StdoutLine: {'line': b'-- Up-to-date: /home/greyflon/lab_2025/install/two_wheeled_robot/share/two_wheeled_robot/models/robonaut/meshes/Head.dae\n'}
[0.611653] (two_wheeled_robot) StdoutLine: {'line': b'-- Up-to-date: /home/greyflon/lab_2025/install/two_wheeled_robot/share/two_wheeled_robot/models/robonaut/meshes/Neck_Lower.dae\n'}
[0.611739] (two_wheeled_robot) StdoutLine: {'line': b'-- Up-to-date: /home/greyflon/lab_2025/install/two_wheeled_robot/share/two_wheeled_robot/models/robonaut/meshes/Left_Palm.dae\n'}
[0.611832] (two_wheeled_robot) StdoutLine: {'line': b'-- Up-to-date: /home/greyflon/lab_2025/install/two_wheeled_robot/share/two_wheeled_robot/models/robonaut/meshes/Left_Shoulder_Lower.dae\n'}
[0.611910] (two_wheeled_robot) StdoutLine: {'line': b'-- Up-to-date: /home/greyflon/lab_2025/install/two_wheeled_robot/share/two_wheeled_robot/models/robonaut/meshes/Transforms.txt\n'}
[0.611995] (two_wheeled_robot) StdoutLine: {'line': b'-- Up-to-date: /home/greyflon/lab_2025/install/two_wheeled_robot/share/two_wheeled_robot/models/robonaut/meshes/Right_Elbow.dae\n'}
[0.612077] (two_wheeled_robot) StdoutLine: {'line': b'-- Up-to-date: /home/greyflon/lab_2025/install/two_wheeled_robot/share/two_wheeled_robot/models/robonaut/meshes/Finger_Proximal.dae\n'}
[0.612153] (two_wheeled_robot) StdoutLine: {'line': b'-- Up-to-date: /home/greyflon/lab_2025/install/two_wheeled_robot/share/two_wheeled_robot/models/robonaut/meshes/Right_Palm.dae\n'}
[0.612239] (two_wheeled_robot) StdoutLine: {'line': b'-- Up-to-date: /home/greyflon/lab_2025/install/two_wheeled_robot/share/two_wheeled_robot/models/robonaut/meshes/Stanchion_Baseplate.dae\n'}
[0.612302] (two_wheeled_robot) StdoutLine: {'line': b'-- Up-to-date: /home/greyflon/lab_2025/install/two_wheeled_robot/share/two_wheeled_robot/models/robonaut/meshes/Neck_Upper.dae\n'}
[0.612378] (two_wheeled_robot) StdoutLine: {'line': b'-- Up-to-date: /home/greyflon/lab_2025/install/two_wheeled_robot/share/two_wheeled_robot/models/robonaut/meshes/Stanchion.dae\n'}
[0.612462] (two_wheeled_robot) StdoutLine: {'line': b'-- Up-to-date: /home/greyflon/lab_2025/install/two_wheeled_robot/share/two_wheeled_robot/models/robonaut/meshes/Left_Shoulder_Upper.dae\n'}
[0.612538] (two_wheeled_robot) StdoutLine: {'line': b'-- Up-to-date: /home/greyflon/lab_2025/install/two_wheeled_robot/share/two_wheeled_robot/models/robonaut/meshes/Body.dae\n'}
[0.612621] (two_wheeled_robot) StdoutLine: {'line': b'-- Up-to-date: /home/greyflon/lab_2025/install/two_wheeled_robot/share/two_wheeled_robot/models/robonaut/meshes/Finger_Mid.dae\n'}
[0.612686] (two_wheeled_robot) StdoutLine: {'line': b'-- Up-to-date: /home/greyflon/lab_2025/install/two_wheeled_robot/share/two_wheeled_robot/models/robonaut/meshes/Thumb_Proximal.dae\n'}
[0.612787] (two_wheeled_robot) StdoutLine: {'line': b'-- Up-to-date: /home/greyflon/lab_2025/install/two_wheeled_robot/share/two_wheeled_robot/models/robonaut/meshes/Right_Shoulder_Lower.dae\n'}
[0.612862] (two_wheeled_robot) StdoutLine: {'line': b'-- Up-to-date: /home/greyflon/lab_2025/install/two_wheeled_robot/share/two_wheeled_robot/models/robonaut/meshes/Right_Forearm.dae\n'}
[0.612939] (two_wheeled_robot) StdoutLine: {'line': b'-- Up-to-date: /home/greyflon/lab_2025/install/two_wheeled_robot/share/two_wheeled_robot/models/robonaut/meshes/Left_Forearm.dae\n'}
[0.613023] (two_wheeled_robot) StdoutLine: {'line': b'-- Up-to-date: /home/greyflon/lab_2025/install/two_wheeled_robot/share/two_wheeled_robot/models/robonaut/meshes/Thumb_Dist.dae\n'}
[0.613087] (two_wheeled_robot) StdoutLine: {'line': b'-- Up-to-date: /home/greyflon/lab_2025/install/two_wheeled_robot/share/two_wheeled_robot/models/robonaut/meshes/Body_Cover.dae\n'}
[0.613170] (two_wheeled_robot) StdoutLine: {'line': b'-- Up-to-date: /home/greyflon/lab_2025/install/two_wheeled_robot/share/two_wheeled_robot/models/robonaut/meshes/Right_Upper_Arm.dae\n'}
[0.613245] (two_wheeled_robot) StdoutLine: {'line': b'-- Up-to-date: /home/greyflon/lab_2025/install/two_wheeled_robot/share/two_wheeled_robot/models/robonaut/meshes/Left_Thumb_Carp.dae\n'}
[0.613323] (two_wheeled_robot) StdoutLine: {'line': b'-- Up-to-date: /home/greyflon/lab_2025/install/two_wheeled_robot/share/two_wheeled_robot/models/robonaut/meshes/Left_Upper_Arm.dae\n'}
[0.613404] (two_wheeled_robot) StdoutLine: {'line': b'-- Up-to-date: /home/greyflon/lab_2025/install/two_wheeled_robot/share/two_wheeled_robot/models/robonaut/meshes/Right_Shoulder_Upper.dae\n'}
[0.613479] (two_wheeled_robot) StdoutLine: {'line': b'-- Up-to-date: /home/greyflon/lab_2025/install/two_wheeled_robot/share/two_wheeled_robot/models/robonaut/meshes/Left_Thumb_MtCar.dae\n'}
[0.613562] (two_wheeled_robot) StdoutLine: {'line': b'-- Up-to-date: /home/greyflon/lab_2025/install/two_wheeled_robot/share/two_wheeled_robot/models/robonaut/meshes/Left_Elbow.dae\n'}
[0.613640] (two_wheeled_robot) StdoutLine: {'line': b'-- Up-to-date: /home/greyflon/lab_2025/install/two_wheeled_robot/share/two_wheeled_robot/models/robonaut/meshes/Right_Thumb_MtCar.dae\n'}
[0.613718] (two_wheeled_robot) StdoutLine: {'line': b'-- Up-to-date: /home/greyflon/lab_2025/install/two_wheeled_robot/share/two_wheeled_robot/models/robonaut/meshes/Finger_Dist.dae\n'}
[0.613798] (two_wheeled_robot) StdoutLine: {'line': b'-- Up-to-date: /home/greyflon/lab_2025/install/two_wheeled_robot/share/two_wheeled_robot/models/robonaut/materials\n'}
[0.613876] (two_wheeled_robot) StdoutLine: {'line': b'-- Up-to-date: /home/greyflon/lab_2025/install/two_wheeled_robot/share/two_wheeled_robot/models/robonaut/materials/textures\n'}
[0.613965] (two_wheeled_robot) StdoutLine: {'line': b'-- Up-to-date: /home/greyflon/lab_2025/install/two_wheeled_robot/share/two_wheeled_robot/models/robonaut/materials/textures/R2_Stanchion_12_Col_256.png\n'}
[0.614050] (two_wheeled_robot) StdoutLine: {'line': b'-- Up-to-date: /home/greyflon/lab_2025/install/two_wheeled_robot/share/two_wheeled_robot/models/robonaut/materials/textures/gold_texture_old.png\n'}
[0.614135] (two_wheeled_robot) StdoutLine: {'line': b'-- Up-to-date: /home/greyflon/lab_2025/install/two_wheeled_robot/share/two_wheeled_robot/models/robonaut/materials/textures/gold.png\n'}
[0.614211] (two_wheeled_robot) StdoutLine: {'line': b'-- Up-to-date: /home/greyflon/lab_2025/install/two_wheeled_robot/share/two_wheeled_robot/models/robonaut/materials/textures/R2_backpack.png\n'}
[0.614298] (two_wheeled_robot) StdoutLine: {'line': b'-- Up-to-date: /home/greyflon/lab_2025/install/two_wheeled_robot/share/two_wheeled_robot/models/robonaut/materials/textures/R2_Stanchion_4_Col_256.png\n'}
[0.614377] (two_wheeled_robot) StdoutLine: {'line': b'-- Up-to-date: /home/greyflon/lab_2025/install/two_wheeled_robot/share/two_wheeled_robot/models/robonaut/materials/textures/R2_Body_Cover.png\n'}
[0.614465] (two_wheeled_robot) StdoutLine: {'line': b'-- Up-to-date: /home/greyflon/lab_2025/install/two_wheeled_robot/share/two_wheeled_robot/models/robonaut/materials/textures/StanchionDovetail.png\n'}
[0.614532] (two_wheeled_robot) StdoutLine: {'line': b'-- Up-to-date: /home/greyflon/lab_2025/install/two_wheeled_robot/share/two_wheeled_robot/models/robonaut/materials/textures/StanchionBaseplate.png\n'}
[0.614617] (two_wheeled_robot) StdoutLine: {'line': b'-- Up-to-date: /home/greyflon/lab_2025/install/two_wheeled_robot/share/two_wheeled_robot/models/robonaut/materials/textures/helmet_front.png\n'}
[0.614698] (two_wheeled_robot) StdoutLine: {'line': b'-- Up-to-date: /home/greyflon/lab_2025/install/two_wheeled_robot/share/two_wheeled_robot/models/robonaut/materials/textures/BrushedMetalGray.png\n'}
[0.614789] (two_wheeled_robot) StdoutLine: {'line': b'-- Up-to-date: /home/greyflon/lab_2025/install/two_wheeled_robot/share/two_wheeled_robot/models/robonaut/materials/textures/R2_Stanchion_Cover_2_Col_256.png\n'}
[0.614869] (two_wheeled_robot) StdoutLine: {'line': b'-- Up-to-date: /home/greyflon/lab_2025/install/two_wheeled_robot/share/two_wheeled_robot/models/robonaut/materials/textures/visor.png\n'}
[0.614954] (two_wheeled_robot) StdoutLine: {'line': b'-- Up-to-date: /home/greyflon/lab_2025/install/two_wheeled_robot/share/two_wheeled_robot/models/robonaut/materials/textures/R2_Stanchion_7_Col_256.png\n'}
[0.615033] (two_wheeled_robot) StdoutLine: {'line': b'-- Up-to-date: /home/greyflon/lab_2025/install/two_wheeled_robot/share/two_wheeled_robot/models/robonaut/materials/textures/R2_Stanchion_5_Col_256.png\n'}
[0.615112] (two_wheeled_robot) StdoutLine: {'line': b'-- Up-to-date: /home/greyflon/lab_2025/install/two_wheeled_robot/share/two_wheeled_robot/models/robonaut/materials/textures/R2_Leg.png\n'}
[0.615189] (two_wheeled_robot) StdoutLine: {'line': b'-- Up-to-date: /home/greyflon/lab_2025/install/two_wheeled_robot/share/two_wheeled_robot/models/robonaut/materials/textures/light_shield.png\n'}
[0.615273] (two_wheeled_robot) StdoutLine: {'line': b'-- Up-to-date: /home/greyflon/lab_2025/install/two_wheeled_robot/share/two_wheeled_robot/models/robonaut/materials/textures/R2_Stanchion_8_Col_256.png\n'}
[0.615352] (two_wheeled_robot) StdoutLine: {'line': b'-- Up-to-date: /home/greyflon/lab_2025/install/two_wheeled_robot/share/two_wheeled_robot/models/robonaut/materials/textures/gold_texture.png\n'}
[0.615420] (two_wheeled_robot) StdoutLine: {'line': b'-- Up-to-date: /home/greyflon/lab_2025/install/two_wheeled_robot/share/two_wheeled_robot/models/robonaut/materials/textures/R2_Stanchion_Cover_4_Col_256.png\n'}
[0.615512] (two_wheeled_robot) StdoutLine: {'line': b'-- Up-to-date: /home/greyflon/lab_2025/install/two_wheeled_robot/share/two_wheeled_robot/models/robonaut/materials/textures/R2_Stanchion_6_Col_256.png\n'}
[0.615595] (two_wheeled_robot) StdoutLine: {'line': b'-- Up-to-date: /home/greyflon/lab_2025/install/two_wheeled_robot/share/two_wheeled_robot/models/robonaut/materials/textures/R2_Stanchion_10_Col_256.png\n'}
[0.615674] (two_wheeled_robot) StdoutLine: {'line': b'-- Up-to-date: /home/greyflon/lab_2025/install/two_wheeled_robot/share/two_wheeled_robot/models/robonaut/materials/textures/notexture.png\n'}
[0.615779] (two_wheeled_robot) StdoutLine: {'line': b'-- Up-to-date: /home/greyflon/lab_2025/install/two_wheeled_robot/share/two_wheeled_robot/models/robonaut/materials/textures/R2_Stanchion_3_Col_256.png\n'}
[0.615866] (two_wheeled_robot) StdoutLine: {'line': b'-- Up-to-date: /home/greyflon/lab_2025/install/two_wheeled_robot/share/two_wheeled_robot/models/robonaut/materials/textures/R2_Arm.png\n'}
[0.615953] (two_wheeled_robot) StdoutLine: {'line': b'-- Up-to-date: /home/greyflon/lab_2025/install/two_wheeled_robot/share/two_wheeled_robot/models/robonaut/materials/textures/jaws.png\n'}
[0.616019] (two_wheeled_robot) StdoutLine: {'line': b'-- Up-to-date: /home/greyflon/lab_2025/install/two_wheeled_robot/share/two_wheeled_robot/models/robonaut/materials/textures/R2_Stanchion_9_Col_256.png\n'}
[0.616105] (two_wheeled_robot) StdoutLine: {'line': b'-- Up-to-date: /home/greyflon/lab_2025/install/two_wheeled_robot/share/two_wheeled_robot/models/robonaut/materials/textures/R2_Stanchion_Col_512_Proj.png\n'}
[0.616186] (two_wheeled_robot) StdoutLine: {'line': b'-- Up-to-date: /home/greyflon/lab_2025/install/two_wheeled_robot/share/two_wheeled_robot/models/robonaut/materials/textures/Left_PalmSnap00.png\n'}
[0.616271] (two_wheeled_robot) StdoutLine: {'line': b'-- Up-to-date: /home/greyflon/lab_2025/install/two_wheeled_robot/share/two_wheeled_robot/models/robonaut/materials/textures/R2_Stanchion_11_Col_256.png\n'}
[0.616337] (two_wheeled_robot) StdoutLine: {'line': b'-- Up-to-date: /home/greyflon/lab_2025/install/two_wheeled_robot/share/two_wheeled_robot/models/robonaut/materials/textures/R2_Stanchion_Cover_1_Col_256.png\n'}
[0.616424] (two_wheeled_robot) StdoutLine: {'line': b'-- Up-to-date: /home/greyflon/lab_2025/install/two_wheeled_robot/share/two_wheeled_robot/models/robonaut/materials/textures/helmet_back.png\n'}
[0.616488] (two_wheeled_robot) StdoutLine: {'line': b'-- Up-to-date: /home/greyflon/lab_2025/install/two_wheeled_robot/share/two_wheeled_robot/models/robonaut/materials/textures/R2_Stanchion_Cover_3_Col_256.png\n'}
[0.616567] (two_wheeled_robot) StdoutLine: {'line': b'-- Up-to-date: /home/greyflon/lab_2025/install/two_wheeled_robot/share/two_wheeled_robot/models/robonaut/materials/textures/StanchionKnob.png\n'}
[0.616648] (two_wheeled_robot) StdoutLine: {'line': b'-- Up-to-date: /home/greyflon/lab_2025/install/two_wheeled_robot/share/two_wheeled_robot/models/robonaut/materials/textures/R2_Stanchion_2_Col_256.png\n'}
[0.616725] (two_wheeled_robot) StdoutLine: {'line': b'-- Up-to-date: /home/greyflon/lab_2025/install/two_wheeled_robot/share/two_wheeled_robot/models/robonaut/model.sdf\n'}
[0.616825] (two_wheeled_robot) StdoutLine: {'line': b'-- Up-to-date: /home/greyflon/lab_2025/install/two_wheeled_robot/share/two_wheeled_robot/models/aws_robomaker_residential_RoomWindow_01\n'}
[0.616905] (two_wheeled_robot) StdoutLine: {'line': b'-- Up-to-date: /home/greyflon/lab_2025/install/two_wheeled_robot/share/two_wheeled_robot/models/aws_robomaker_residential_RoomWindow_01/model.config\n'}
[0.616986] (two_wheeled_robot) StdoutLine: {'line': b'-- Up-to-date: /home/greyflon/lab_2025/install/two_wheeled_robot/share/two_wheeled_robot/models/aws_robomaker_residential_RoomWindow_01/meshes\n'}
[0.617062] (two_wheeled_robot) StdoutLine: {'line': b'-- Up-to-date: /home/greyflon/lab_2025/install/two_wheeled_robot/share/two_wheeled_robot/models/aws_robomaker_residential_RoomWindow_01/meshes/aws_RoomWindow_01_visual.DAE\n'}
[0.617149] (two_wheeled_robot) StdoutLine: {'line': b'-- Up-to-date: /home/greyflon/lab_2025/install/two_wheeled_robot/share/two_wheeled_robot/models/aws_robomaker_residential_RoomWindow_01/meshes/aws_RoomWindow_01_collision.DAE\n'}
[0.617235] (two_wheeled_robot) StdoutLine: {'line': b'-- Up-to-date: /home/greyflon/lab_2025/install/two_wheeled_robot/share/two_wheeled_robot/models/aws_robomaker_residential_RoomWindow_01/materials\n'}
[0.617318] (two_wheeled_robot) StdoutLine: {'line': b'-- Up-to-date: /home/greyflon/lab_2025/install/two_wheeled_robot/share/two_wheeled_robot/models/aws_robomaker_residential_RoomWindow_01/materials/textures\n'}
[0.617395] (two_wheeled_robot) StdoutLine: {'line': b'-- Up-to-date: /home/greyflon/lab_2025/install/two_wheeled_robot/share/two_wheeled_robot/models/aws_robomaker_residential_RoomWindow_01/materials/textures/aws_RoomWindow_01.png\n'}
[0.617480] (two_wheeled_robot) StdoutLine: {'line': b'-- Up-to-date: /home/greyflon/lab_2025/install/two_wheeled_robot/share/two_wheeled_robot/models/aws_robomaker_residential_RoomWindow_01/model.sdf\n'}
[0.617545] (two_wheeled_robot) StdoutLine: {'line': b'-- Up-to-date: /home/greyflon/lab_2025/install/two_wheeled_robot/share/two_wheeled_robot/models/warehouse_pallet\n'}
[0.617623] (two_wheeled_robot) StdoutLine: {'line': b'-- Up-to-date: /home/greyflon/lab_2025/install/two_wheeled_robot/share/two_wheeled_robot/models/warehouse_pallet/model.config\n'}
[0.617702] (two_wheeled_robot) StdoutLine: {'line': b'-- Up-to-date: /home/greyflon/lab_2025/install/two_wheeled_robot/share/two_wheeled_robot/models/warehouse_pallet/model.sdf\n'}
[0.617784] (two_wheeled_robot) StdoutLine: {'line': b'-- Up-to-date: /home/greyflon/lab_2025/install/two_wheeled_robot/share/two_wheeled_robot/models/aws_robomaker_residential_SeasoningBox_01\n'}
[0.617869] (two_wheeled_robot) StdoutLine: {'line': b'-- Up-to-date: /home/greyflon/lab_2025/install/two_wheeled_robot/share/two_wheeled_robot/models/aws_robomaker_residential_SeasoningBox_01/model.config\n'}
[0.617965] (two_wheeled_robot) StdoutLine: {'line': b'-- Up-to-date: /home/greyflon/lab_2025/install/two_wheeled_robot/share/two_wheeled_robot/models/aws_robomaker_residential_SeasoningBox_01/meshes\n'}
[0.618044] (two_wheeled_robot) StdoutLine: {'line': b'-- Up-to-date: /home/greyflon/lab_2025/install/two_wheeled_robot/share/two_wheeled_robot/models/aws_robomaker_residential_SeasoningBox_01/meshes/aws_SeasoningBox_01_collision.DAE\n'}
[0.618118] (two_wheeled_robot) StdoutLine: {'line': b'-- Up-to-date: /home/greyflon/lab_2025/install/two_wheeled_robot/share/two_wheeled_robot/models/aws_robomaker_residential_SeasoningBox_01/meshes/aws_SeasoningBox_01_visual.DAE\n'}
[0.618202] (two_wheeled_robot) StdoutLine: {'line': b'-- Up-to-date: /home/greyflon/lab_2025/install/two_wheeled_robot/share/two_wheeled_robot/models/aws_robomaker_residential_SeasoningBox_01/materials\n'}
[0.618266] (two_wheeled_robot) StdoutLine: {'line': b'-- Up-to-date: /home/greyflon/lab_2025/install/two_wheeled_robot/share/two_wheeled_robot/models/aws_robomaker_residential_SeasoningBox_01/materials/textures\n'}
[0.618354] (two_wheeled_robot) StdoutLine: {'line': b'-- Up-to-date: /home/greyflon/lab_2025/install/two_wheeled_robot/share/two_wheeled_robot/models/aws_robomaker_residential_SeasoningBox_01/materials/textures/aws_SeasoningBox_01.png\n'}
[0.618432] (two_wheeled_robot) StdoutLine: {'line': b'-- Up-to-date: /home/greyflon/lab_2025/install/two_wheeled_robot/share/two_wheeled_robot/models/aws_robomaker_residential_SeasoningBox_01/model.sdf\n'}
[0.618512] (two_wheeled_robot) StdoutLine: {'line': b'-- Up-to-date: /home/greyflon/lab_2025/install/two_wheeled_robot/share/two_wheeled_robot/models/aws_robomaker_residential_DeskPortraitA_01\n'}
[0.618590] (two_wheeled_robot) StdoutLine: {'line': b'-- Up-to-date: /home/greyflon/lab_2025/install/two_wheeled_robot/share/two_wheeled_robot/models/aws_robomaker_residential_DeskPortraitA_01/model.config\n'}
[0.618673] (two_wheeled_robot) StdoutLine: {'line': b'-- Up-to-date: /home/greyflon/lab_2025/install/two_wheeled_robot/share/two_wheeled_robot/models/aws_robomaker_residential_DeskPortraitA_01/meshes\n'}
[0.618760] (two_wheeled_robot) StdoutLine: {'line': b'-- Up-to-date: /home/greyflon/lab_2025/install/two_wheeled_robot/share/two_wheeled_robot/models/aws_robomaker_residential_DeskPortraitA_01/meshes/aws_DeskPortraitA_01_visual.DAE\n'}
[0.618857] (two_wheeled_robot) StdoutLine: {'line': b'-- Up-to-date: /home/greyflon/lab_2025/install/two_wheeled_robot/share/two_wheeled_robot/models/aws_robomaker_residential_DeskPortraitA_01/meshes/aws_DeskPortraitA_01_collision.DAE\n'}
[0.618939] (two_wheeled_robot) StdoutLine: {'line': b'-- Up-to-date: /home/greyflon/lab_2025/install/two_wheeled_robot/share/two_wheeled_robot/models/aws_robomaker_residential_DeskPortraitA_01/materials\n'}
[0.619016] (two_wheeled_robot) StdoutLine: {'line': b'-- Up-to-date: /home/greyflon/lab_2025/install/two_wheeled_robot/share/two_wheeled_robot/models/aws_robomaker_residential_DeskPortraitA_01/materials/textures\n'}
[0.619091] (two_wheeled_robot) StdoutLine: {'line': b'-- Up-to-date: /home/greyflon/lab_2025/install/two_wheeled_robot/share/two_wheeled_robot/models/aws_robomaker_residential_DeskPortraitA_01/materials/textures/aws_DeskPortraitA_01.png\n'}
[0.619165] (two_wheeled_robot) StdoutLine: {'line': b'-- Up-to-date: /home/greyflon/lab_2025/install/two_wheeled_robot/share/two_wheeled_robot/models/aws_robomaker_residential_DeskPortraitA_01/materials/textures/DeskPortraitA_01.jpg\n'}
[0.619250] (two_wheeled_robot) StdoutLine: {'line': b'-- Up-to-date: /home/greyflon/lab_2025/install/two_wheeled_robot/share/two_wheeled_robot/models/aws_robomaker_residential_DeskPortraitA_01/materials/textures/aws_DeskPortraitA_02.png\n'}
[0.619327] (two_wheeled_robot) StdoutLine: {'line': b'-- Up-to-date: /home/greyflon/lab_2025/install/two_wheeled_robot/share/two_wheeled_robot/models/aws_robomaker_residential_DeskPortraitA_01/model.sdf\n'}
[0.619412] (two_wheeled_robot) StdoutLine: {'line': b'-- Up-to-date: /home/greyflon/lab_2025/install/two_wheeled_robot/share/two_wheeled_robot/models/house_2\n'}
[0.619477] (two_wheeled_robot) StdoutLine: {'line': b'-- Up-to-date: /home/greyflon/lab_2025/install/two_wheeled_robot/share/two_wheeled_robot/models/house_2/model-1_4.sdf\n'}
[0.619558] (two_wheeled_robot) StdoutLine: {'line': b'-- Up-to-date: /home/greyflon/lab_2025/install/two_wheeled_robot/share/two_wheeled_robot/models/house_2/model.config\n'}
[0.619635] (two_wheeled_robot) StdoutLine: {'line': b'-- Up-to-date: /home/greyflon/lab_2025/install/two_wheeled_robot/share/two_wheeled_robot/models/house_2/meshes\n'}
[0.619714] (two_wheeled_robot) StdoutLine: {'line': b'-- Up-to-date: /home/greyflon/lab_2025/install/two_wheeled_robot/share/two_wheeled_robot/models/house_2/meshes/house_2.dae\n'}
[0.619794] (two_wheeled_robot) StdoutLine: {'line': b'-- Up-to-date: /home/greyflon/lab_2025/install/two_wheeled_robot/share/two_wheeled_robot/models/house_2/materials\n'}
[0.619871] (two_wheeled_robot) StdoutLine: {'line': b'-- Up-to-date: /home/greyflon/lab_2025/install/two_wheeled_robot/share/two_wheeled_robot/models/house_2/materials/scripts\n'}
[0.619955] (two_wheeled_robot) StdoutLine: {'line': b'-- Up-to-date: /home/greyflon/lab_2025/install/two_wheeled_robot/share/two_wheeled_robot/models/house_2/materials/scripts/house_2.material\n'}
[0.620032] (two_wheeled_robot) StdoutLine: {'line': b'-- Up-to-date: /home/greyflon/lab_2025/install/two_wheeled_robot/share/two_wheeled_robot/models/house_2/materials/textures\n'}
[0.620106] (two_wheeled_robot) StdoutLine: {'line': b'-- Up-to-date: /home/greyflon/lab_2025/install/two_wheeled_robot/share/two_wheeled_robot/models/house_2/materials/textures/House_2_Diffuse.png\n'}
[0.620189] (two_wheeled_robot) StdoutLine: {'line': b'-- Up-to-date: /home/greyflon/lab_2025/install/two_wheeled_robot/share/two_wheeled_robot/models/house_2/model.sdf\n'}
[0.620271] (two_wheeled_robot) StdoutLine: {'line': b'-- Up-to-date: /home/greyflon/lab_2025/install/two_wheeled_robot/share/two_wheeled_robot/models/house_2/model-1_3.sdf\n'}
[0.620347] (two_wheeled_robot) StdoutLine: {'line': b'-- Up-to-date: /home/greyflon/lab_2025/install/two_wheeled_robot/share/two_wheeled_robot/models/InstrumentCart1\n'}
[0.620421] (two_wheeled_robot) StdoutLine: {'line': b'-- Up-to-date: /home/greyflon/lab_2025/install/two_wheeled_robot/share/two_wheeled_robot/models/InstrumentCart1/model.config\n'}
[0.620515] (two_wheeled_robot) StdoutLine: {'line': b'-- Up-to-date: /home/greyflon/lab_2025/install/two_wheeled_robot/share/two_wheeled_robot/models/InstrumentCart1/meshes\n'}
[0.620603] (two_wheeled_robot) StdoutLine: {'line': b'-- Up-to-date: /home/greyflon/lab_2025/install/two_wheeled_robot/share/two_wheeled_robot/models/InstrumentCart1/meshes/InstrumentCart1.mtl\n'}
[0.620681] (two_wheeled_robot) StdoutLine: {'line': b'-- Up-to-date: /home/greyflon/lab_2025/install/two_wheeled_robot/share/two_wheeled_robot/models/InstrumentCart1/meshes/texture.png\n'}
[0.620796] (two_wheeled_robot) StdoutLine: {'line': b'-- Up-to-date: /home/greyflon/lab_2025/install/two_wheeled_robot/share/two_wheeled_robot/models/InstrumentCart1/meshes/InstrumentCart1.obj\n'}
[0.620874] (two_wheeled_robot) StdoutLine: {'line': b'-- Up-to-date: /home/greyflon/lab_2025/install/two_wheeled_robot/share/two_wheeled_robot/models/InstrumentCart1/thumbnails\n'}
[0.620954] (two_wheeled_robot) StdoutLine: {'line': b'-- Up-to-date: /home/greyflon/lab_2025/install/two_wheeled_robot/share/two_wheeled_robot/models/InstrumentCart1/thumbnails/5.png\n'}
[0.621041] (two_wheeled_robot) StdoutLine: {'line': b'-- Up-to-date: /home/greyflon/lab_2025/install/two_wheeled_robot/share/two_wheeled_robot/models/InstrumentCart1/thumbnails/1.png\n'}
[0.621123] (two_wheeled_robot) StdoutLine: {'line': b'-- Up-to-date: /home/greyflon/lab_2025/install/two_wheeled_robot/share/two_wheeled_robot/models/InstrumentCart1/thumbnails/2.png\n'}
[0.621201] (two_wheeled_robot) StdoutLine: {'line': b'-- Up-to-date: /home/greyflon/lab_2025/install/two_wheeled_robot/share/two_wheeled_robot/models/InstrumentCart1/thumbnails/4.png\n'}
[0.621279] (two_wheeled_robot) StdoutLine: {'line': b'-- Up-to-date: /home/greyflon/lab_2025/install/two_wheeled_robot/share/two_wheeled_robot/models/InstrumentCart1/thumbnails/3.png\n'}
[0.621430] (two_wheeled_robot) StdoutLine: {'line': b'-- Up-to-date: /home/greyflon/lab_2025/install/two_wheeled_robot/share/two_wheeled_robot/models/InstrumentCart1/model.sdf\n'}
[0.621524] (two_wheeled_robot) StdoutLine: {'line': b'-- Up-to-date: /home/greyflon/lab_2025/install/two_wheeled_robot/share/two_wheeled_robot/models/aws_robomaker_residential_PortraitC_01\n'}
[0.621617] (two_wheeled_robot) StdoutLine: {'line': b'-- Up-to-date: /home/greyflon/lab_2025/install/two_wheeled_robot/share/two_wheeled_robot/models/aws_robomaker_residential_PortraitC_01/model.config\n'}
[0.621685] (two_wheeled_robot) StdoutLine: {'line': b'-- Up-to-date: /home/greyflon/lab_2025/install/two_wheeled_robot/share/two_wheeled_robot/models/aws_robomaker_residential_PortraitC_01/meshes\n'}
[0.621794] (two_wheeled_robot) StdoutLine: {'line': b'-- Up-to-date: /home/greyflon/lab_2025/install/two_wheeled_robot/share/two_wheeled_robot/models/aws_robomaker_residential_PortraitC_01/meshes/aws_PortraitC_01_collision.DAE\n'}
[0.621884] (two_wheeled_robot) StdoutLine: {'line': b'-- Up-to-date: /home/greyflon/lab_2025/install/two_wheeled_robot/share/two_wheeled_robot/models/aws_robomaker_residential_PortraitC_01/meshes/aws_PortraitC_01_visual.DAE\n'}
[0.621964] (two_wheeled_robot) StdoutLine: {'line': b'-- Up-to-date: /home/greyflon/lab_2025/install/two_wheeled_robot/share/two_wheeled_robot/models/aws_robomaker_residential_PortraitC_01/materials\n'}
[0.622046] (two_wheeled_robot) StdoutLine: {'line': b'-- Up-to-date: /home/greyflon/lab_2025/install/two_wheeled_robot/share/two_wheeled_robot/models/aws_robomaker_residential_PortraitC_01/materials/textures\n'}
[0.622120] (two_wheeled_robot) StdoutLine: {'line': b'-- Up-to-date: /home/greyflon/lab_2025/install/two_wheeled_robot/share/two_wheeled_robot/models/aws_robomaker_residential_PortraitC_01/materials/textures/aws_PortraitC_02.png\n'}
[0.622253] (two_wheeled_robot) StdoutLine: {'line': b'-- Up-to-date: /home/greyflon/lab_2025/install/two_wheeled_robot/share/two_wheeled_robot/models/aws_robomaker_residential_PortraitC_01/materials/textures/aws_PortraitC_01.png\n'}
[0.622343] (two_wheeled_robot) StdoutLine: {'line': b'-- Up-to-date: /home/greyflon/lab_2025/install/two_wheeled_robot/share/two_wheeled_robot/models/aws_robomaker_residential_PortraitC_01/materials/textures/PortraitC_01.jpg\n'}
[0.622419] (two_wheeled_robot) StdoutLine: {'line': b'-- Up-to-date: /home/greyflon/lab_2025/install/two_wheeled_robot/share/two_wheeled_robot/models/aws_robomaker_residential_PortraitC_01/model.sdf\n'}
[0.622499] (two_wheeled_robot) StdoutLine: {'line': b'-- Up-to-date: /home/greyflon/lab_2025/install/two_wheeled_robot/share/two_wheeled_robot/models/aws_robomaker_residential_PortraitE_02\n'}
[0.622571] (two_wheeled_robot) StdoutLine: {'line': b'-- Up-to-date: /home/greyflon/lab_2025/install/two_wheeled_robot/share/two_wheeled_robot/models/aws_robomaker_residential_PortraitE_02/model.config\n'}
[0.622645] (two_wheeled_robot) StdoutLine: {'line': b'-- Up-to-date: /home/greyflon/lab_2025/install/two_wheeled_robot/share/two_wheeled_robot/models/aws_robomaker_residential_PortraitE_02/meshes\n'}
[0.622733] (two_wheeled_robot) StdoutLine: {'line': b'-- Up-to-date: /home/greyflon/lab_2025/install/two_wheeled_robot/share/two_wheeled_robot/models/aws_robomaker_residential_PortraitE_02/meshes/aws_PortraitE_01_visual.DAE\n'}
[0.622815] (two_wheeled_robot) StdoutLine: {'line': b'-- Up-to-date: /home/greyflon/lab_2025/install/two_wheeled_robot/share/two_wheeled_robot/models/aws_robomaker_residential_PortraitE_02/meshes/aws_PortraitE_01_collision.DAE\n'}
[0.622888] (two_wheeled_robot) StdoutLine: {'line': b'-- Up-to-date: /home/greyflon/lab_2025/install/two_wheeled_robot/share/two_wheeled_robot/models/aws_robomaker_residential_PortraitE_02/materials\n'}
[0.622966] (two_wheeled_robot) StdoutLine: {'line': b'-- Up-to-date: /home/greyflon/lab_2025/install/two_wheeled_robot/share/two_wheeled_robot/models/aws_robomaker_residential_PortraitE_02/materials/textures\n'}
[0.623038] (two_wheeled_robot) StdoutLine: {'line': b'-- Up-to-date: /home/greyflon/lab_2025/install/two_wheeled_robot/share/two_wheeled_robot/models/aws_robomaker_residential_PortraitE_02/materials/textures/aws_PortraitE_01.png\n'}
[0.623124] (two_wheeled_robot) StdoutLine: {'line': b'-- Up-to-date: /home/greyflon/lab_2025/install/two_wheeled_robot/share/two_wheeled_robot/models/aws_robomaker_residential_PortraitE_02/materials/textures/aws_PortraitE_02.png\n'}
[0.623195] (two_wheeled_robot) StdoutLine: {'line': b'-- Up-to-date: /home/greyflon/lab_2025/install/two_wheeled_robot/share/two_wheeled_robot/models/aws_robomaker_residential_PortraitE_02/materials/textures/PortraitE_02.jpg\n'}
[0.623277] (two_wheeled_robot) StdoutLine: {'line': b'-- Up-to-date: /home/greyflon/lab_2025/install/two_wheeled_robot/share/two_wheeled_robot/models/aws_robomaker_residential_PortraitE_02/model.sdf\n'}
[0.623350] (two_wheeled_robot) StdoutLine: {'line': b'-- Up-to-date: /home/greyflon/lab_2025/install/two_wheeled_robot/share/two_wheeled_robot/models/aws_robomaker_residential_ChairA_01\n'}
[0.623418] (two_wheeled_robot) StdoutLine: {'line': b'-- Up-to-date: /home/greyflon/lab_2025/install/two_wheeled_robot/share/two_wheeled_robot/models/aws_robomaker_residential_ChairA_01/model.config\n'}
[0.623489] (two_wheeled_robot) StdoutLine: {'line': b'-- Up-to-date: /home/greyflon/lab_2025/install/two_wheeled_robot/share/two_wheeled_robot/models/aws_robomaker_residential_ChairA_01/meshes\n'}
[0.623558] (two_wheeled_robot) StdoutLine: {'line': b'-- Up-to-date: /home/greyflon/lab_2025/install/two_wheeled_robot/share/two_wheeled_robot/models/aws_robomaker_residential_ChairA_01/meshes/aws_ChairA_01_visual.DAE\n'}
[0.623637] (two_wheeled_robot) StdoutLine: {'line': b'-- Up-to-date: /home/greyflon/lab_2025/install/two_wheeled_robot/share/two_wheeled_robot/models/aws_robomaker_residential_ChairA_01/meshes/aws_ChairA_01_collision.DAE\n'}
[0.623712] (two_wheeled_robot) StdoutLine: {'line': b'-- Up-to-date: /home/greyflon/lab_2025/install/two_wheeled_robot/share/two_wheeled_robot/models/aws_robomaker_residential_ChairA_01/materials\n'}
[0.623795] (two_wheeled_robot) StdoutLine: {'line': b'-- Up-to-date: /home/greyflon/lab_2025/install/two_wheeled_robot/share/two_wheeled_robot/models/aws_robomaker_residential_ChairA_01/materials/textures\n'}
[0.623865] (two_wheeled_robot) StdoutLine: {'line': b'-- Up-to-date: /home/greyflon/lab_2025/install/two_wheeled_robot/share/two_wheeled_robot/models/aws_robomaker_residential_ChairA_01/materials/textures/aws_ChairA_01.png\n'}
[0.623946] (two_wheeled_robot) StdoutLine: {'line': b'-- Up-to-date: /home/greyflon/lab_2025/install/two_wheeled_robot/share/two_wheeled_robot/models/aws_robomaker_residential_ChairA_01/model.sdf\n'}
[0.624019] (two_wheeled_robot) StdoutLine: {'line': b'-- Up-to-date: /home/greyflon/lab_2025/install/two_wheeled_robot/share/two_wheeled_robot/models/aws_robomaker_residential_KitchenCabinet_01\n'}
[0.624095] (two_wheeled_robot) StdoutLine: {'line': b'-- Up-to-date: /home/greyflon/lab_2025/install/two_wheeled_robot/share/two_wheeled_robot/models/aws_robomaker_residential_KitchenCabinet_01/model.config\n'}
[0.624157] (two_wheeled_robot) StdoutLine: {'line': b'-- Up-to-date: /home/greyflon/lab_2025/install/two_wheeled_robot/share/two_wheeled_robot/models/aws_robomaker_residential_KitchenCabinet_01/meshes\n'}
[0.624234] (two_wheeled_robot) StdoutLine: {'line': b'-- Up-to-date: /home/greyflon/lab_2025/install/two_wheeled_robot/share/two_wheeled_robot/models/aws_robomaker_residential_KitchenCabinet_01/meshes/aws_KitchenCabinet_01_collision.DAE\n'}
[0.624311] (two_wheeled_robot) StdoutLine: {'line': b'-- Up-to-date: /home/greyflon/lab_2025/install/two_wheeled_robot/share/two_wheeled_robot/models/aws_robomaker_residential_KitchenCabinet_01/meshes/aws_KitchenCabinet_01_visual.DAE\n'}
[0.624384] (two_wheeled_robot) StdoutLine: {'line': b'-- Up-to-date: /home/greyflon/lab_2025/install/two_wheeled_robot/share/two_wheeled_robot/models/aws_robomaker_residential_KitchenCabinet_01/materials\n'}
[0.624445] (two_wheeled_robot) StdoutLine: {'line': b'-- Up-to-date: /home/greyflon/lab_2025/install/two_wheeled_robot/share/two_wheeled_robot/models/aws_robomaker_residential_KitchenCabinet_01/materials/textures\n'}
[0.624514] (two_wheeled_robot) StdoutLine: {'line': b'-- Up-to-date: /home/greyflon/lab_2025/install/two_wheeled_robot/share/two_wheeled_robot/models/aws_robomaker_residential_KitchenCabinet_01/materials/textures/aws_KitchenCabinet_01.png\n'}
[0.624584] (two_wheeled_robot) StdoutLine: {'line': b'-- Up-to-date: /home/greyflon/lab_2025/install/two_wheeled_robot/share/two_wheeled_robot/models/aws_robomaker_residential_KitchenCabinet_01/model.sdf\n'}
[0.624669] (two_wheeled_robot) StdoutLine: {'line': b'-- Up-to-date: /home/greyflon/lab_2025/install/two_wheeled_robot/share/two_wheeled_robot/models/aws_robomaker_residential_FitnessEquipment_01\n'}
[0.624752] (two_wheeled_robot) StdoutLine: {'line': b'-- Up-to-date: /home/greyflon/lab_2025/install/two_wheeled_robot/share/two_wheeled_robot/models/aws_robomaker_residential_FitnessEquipment_01/model.config\n'}
[0.624836] (two_wheeled_robot) StdoutLine: {'line': b'-- Up-to-date: /home/greyflon/lab_2025/install/two_wheeled_robot/share/two_wheeled_robot/models/aws_robomaker_residential_FitnessEquipment_01/meshes\n'}
[0.624918] (two_wheeled_robot) StdoutLine: {'line': b'-- Up-to-date: /home/greyflon/lab_2025/install/two_wheeled_robot/share/two_wheeled_robot/models/aws_robomaker_residential_FitnessEquipment_01/meshes/aws_FitnessEquipment_01_collision.DAE\n'}
[0.624991] (two_wheeled_robot) StdoutLine: {'line': b'-- Up-to-date: /home/greyflon/lab_2025/install/two_wheeled_robot/share/two_wheeled_robot/models/aws_robomaker_residential_FitnessEquipment_01/meshes/aws_FitnessEquipment_01_visual.DAE\n'}
[0.625074] (two_wheeled_robot) StdoutLine: {'line': b'-- Up-to-date: /home/greyflon/lab_2025/install/two_wheeled_robot/share/two_wheeled_robot/models/aws_robomaker_residential_FitnessEquipment_01/materials\n'}
[0.625156] (two_wheeled_robot) StdoutLine: {'line': b'-- Up-to-date: /home/greyflon/lab_2025/install/two_wheeled_robot/share/two_wheeled_robot/models/aws_robomaker_residential_FitnessEquipment_01/materials/textures\n'}
[0.625256] (two_wheeled_robot) StdoutLine: {'line': b'-- Up-to-date: /home/greyflon/lab_2025/install/two_wheeled_robot/share/two_wheeled_robot/models/aws_robomaker_residential_FitnessEquipment_01/materials/textures/aws_FitnessEquipment_01.png\n'}
[0.625336] (two_wheeled_robot) StdoutLine: {'line': b'-- Up-to-date: /home/greyflon/lab_2025/install/two_wheeled_robot/share/two_wheeled_robot/models/aws_robomaker_residential_FitnessEquipment_01/model.sdf\n'}
[0.625407] (two_wheeled_robot) StdoutLine: {'line': b'-- Up-to-date: /home/greyflon/lab_2025/install/two_wheeled_robot/share/two_wheeled_robot/models/aws_robomaker_residential_Handle_01\n'}
[0.625481] (two_wheeled_robot) StdoutLine: {'line': b'-- Up-to-date: /home/greyflon/lab_2025/install/two_wheeled_robot/share/two_wheeled_robot/models/aws_robomaker_residential_Handle_01/model.config\n'}
[0.625549] (two_wheeled_robot) StdoutLine: {'line': b'-- Up-to-date: /home/greyflon/lab_2025/install/two_wheeled_robot/share/two_wheeled_robot/models/aws_robomaker_residential_Handle_01/meshes\n'}
[0.625624] (two_wheeled_robot) StdoutLine: {'line': b'-- Up-to-date: /home/greyflon/lab_2025/install/two_wheeled_robot/share/two_wheeled_robot/models/aws_robomaker_residential_Handle_01/meshes/aws_Handle_01_collision.DAE\n'}
[0.625695] (two_wheeled_robot) StdoutLine: {'line': b'-- Up-to-date: /home/greyflon/lab_2025/install/two_wheeled_robot/share/two_wheeled_robot/models/aws_robomaker_residential_Handle_01/meshes/aws_Handle_01_visual.DAE\n'}
[0.625763] (two_wheeled_robot) StdoutLine: {'line': b'-- Up-to-date: /home/greyflon/lab_2025/install/two_wheeled_robot/share/two_wheeled_robot/models/aws_robomaker_residential_Handle_01/materials\n'}
[0.625827] (two_wheeled_robot) StdoutLine: {'line': b'-- Up-to-date: /home/greyflon/lab_2025/install/two_wheeled_robot/share/two_wheeled_robot/models/aws_robomaker_residential_Handle_01/materials/textures\n'}
[0.625910] (two_wheeled_robot) StdoutLine: {'line': b'-- Up-to-date: /home/greyflon/lab_2025/install/two_wheeled_robot/share/two_wheeled_robot/models/aws_robomaker_residential_Handle_01/materials/textures/aws_Handle_01.png\n'}
[0.625994] (two_wheeled_robot) StdoutLine: {'line': b'-- Up-to-date: /home/greyflon/lab_2025/install/two_wheeled_robot/share/two_wheeled_robot/models/aws_robomaker_residential_Handle_01/model.sdf\n'}
[0.626071] (two_wheeled_robot) StdoutLine: {'line': b'-- Up-to-date: /home/greyflon/lab_2025/install/two_wheeled_robot/share/two_wheeled_robot/models/conference_table_large\n'}
[0.626139] (two_wheeled_robot) StdoutLine: {'line': b'-- Up-to-date: /home/greyflon/lab_2025/install/two_wheeled_robot/share/two_wheeled_robot/models/conference_table_large/model.config\n'}
[0.626216] (two_wheeled_robot) StdoutLine: {'line': b'-- Up-to-date: /home/greyflon/lab_2025/install/two_wheeled_robot/share/two_wheeled_robot/models/conference_table_large/meshes\n'}
[0.626277] (two_wheeled_robot) StdoutLine: {'line': b'-- Up-to-date: /home/greyflon/lab_2025/install/two_wheeled_robot/share/two_wheeled_robot/models/conference_table_large/meshes/conference_table_large.mtl\n'}
[0.626357] (two_wheeled_robot) StdoutLine: {'line': b'-- Up-to-date: /home/greyflon/lab_2025/install/two_wheeled_robot/share/two_wheeled_robot/models/conference_table_large/meshes/conference_table_large.obj\n'}
[0.626430] (two_wheeled_robot) StdoutLine: {'line': b'-- Up-to-date: /home/greyflon/lab_2025/install/two_wheeled_robot/share/two_wheeled_robot/models/conference_table_large/model.sdf\n'}
[0.626498] (two_wheeled_robot) StdoutLine: {'line': b'-- Up-to-date: /home/greyflon/lab_2025/install/two_wheeled_robot/share/two_wheeled_robot/models/office_lamp\n'}
[0.626577] (two_wheeled_robot) StdoutLine: {'line': b'-- Up-to-date: /home/greyflon/lab_2025/install/two_wheeled_robot/share/two_wheeled_robot/models/office_lamp/model.config\n'}
[0.626652] (two_wheeled_robot) StdoutLine: {'line': b'-- Up-to-date: /home/greyflon/lab_2025/install/two_wheeled_robot/share/two_wheeled_robot/models/office_lamp/meshes\n'}
[0.626721] (two_wheeled_robot) StdoutLine: {'line': b'-- Up-to-date: /home/greyflon/lab_2025/install/two_wheeled_robot/share/two_wheeled_robot/models/office_lamp/meshes/office_lamp.dae\n'}
[0.626823] (two_wheeled_robot) StdoutLine: {'line': b'-- Up-to-date: /home/greyflon/lab_2025/install/two_wheeled_robot/share/two_wheeled_robot/models/office_lamp/materials\n'}
[0.626902] (two_wheeled_robot) StdoutLine: {'line': b'-- Up-to-date: /home/greyflon/lab_2025/install/two_wheeled_robot/share/two_wheeled_robot/models/office_lamp/materials/textures\n'}
[0.626971] (two_wheeled_robot) StdoutLine: {'line': b'-- Up-to-date: /home/greyflon/lab_2025/install/two_wheeled_robot/share/two_wheeled_robot/models/office_lamp/materials/textures/office_lamp_diffuse.png\n'}
[0.627041] (two_wheeled_robot) StdoutLine: {'line': b'-- Up-to-date: /home/greyflon/lab_2025/install/two_wheeled_robot/share/two_wheeled_robot/models/office_lamp/materials/textures/office_lamp_illumination.png\n'}
[0.627110] (two_wheeled_robot) StdoutLine: {'line': b'-- Up-to-date: /home/greyflon/lab_2025/install/two_wheeled_robot/share/two_wheeled_robot/models/office_lamp/materials/textures/office_lamp_specular.png\n'}
[0.627191] (two_wheeled_robot) StdoutLine: {'line': b'-- Up-to-date: /home/greyflon/lab_2025/install/two_wheeled_robot/share/two_wheeled_robot/models/office_lamp/model.sdf\n'}
[0.627264] (two_wheeled_robot) StdoutLine: {'line': b'-- Up-to-date: /home/greyflon/lab_2025/install/two_wheeled_robot/share/two_wheeled_robot/models/KitchenSink\n'}
[0.627332] (two_wheeled_robot) StdoutLine: {'line': b'-- Up-to-date: /home/greyflon/lab_2025/install/two_wheeled_robot/share/two_wheeled_robot/models/KitchenSink/model.config\n'}
[0.627409] (two_wheeled_robot) StdoutLine: {'line': b'-- Up-to-date: /home/greyflon/lab_2025/install/two_wheeled_robot/share/two_wheeled_robot/models/KitchenSink/meshes\n'}
[0.627481] (two_wheeled_robot) StdoutLine: {'line': b'-- Up-to-date: /home/greyflon/lab_2025/install/two_wheeled_robot/share/two_wheeled_robot/models/KitchenSink/meshes/kitchenSink.mtl\n'}
[0.627569] (two_wheeled_robot) StdoutLine: {'line': b'-- Up-to-date: /home/greyflon/lab_2025/install/two_wheeled_robot/share/two_wheeled_robot/models/KitchenSink/meshes/kitchenSink.obj\n'}
[0.627643] (two_wheeled_robot) StdoutLine: {'line': b'-- Up-to-date: /home/greyflon/lab_2025/install/two_wheeled_robot/share/two_wheeled_robot/models/KitchenSink/thumbnails\n'}
[0.627710] (two_wheeled_robot) StdoutLine: {'line': b'-- Up-to-date: /home/greyflon/lab_2025/install/two_wheeled_robot/share/two_wheeled_robot/models/KitchenSink/thumbnails/5.png\n'}
[0.627794] (two_wheeled_robot) StdoutLine: {'line': b'-- Up-to-date: /home/greyflon/lab_2025/install/two_wheeled_robot/share/two_wheeled_robot/models/KitchenSink/thumbnails/1.png\n'}
[0.627887] (two_wheeled_robot) StdoutLine: {'line': b'-- Up-to-date: /home/greyflon/lab_2025/install/two_wheeled_robot/share/two_wheeled_robot/models/KitchenSink/thumbnails/2.png\n'}
[0.627963] (two_wheeled_robot) StdoutLine: {'line': b'-- Up-to-date: /home/greyflon/lab_2025/install/two_wheeled_robot/share/two_wheeled_robot/models/KitchenSink/thumbnails/4.png\n'}
[0.628021] (two_wheeled_robot) StdoutLine: {'line': b'-- Up-to-date: /home/greyflon/lab_2025/install/two_wheeled_robot/share/two_wheeled_robot/models/KitchenSink/thumbnails/3.png\n'}
[0.628089] (two_wheeled_robot) StdoutLine: {'line': b'-- Up-to-date: /home/greyflon/lab_2025/install/two_wheeled_robot/share/two_wheeled_robot/models/KitchenSink/model.sdf\n'}
[0.628176] (two_wheeled_robot) StdoutLine: {'line': b'-- Up-to-date: /home/greyflon/lab_2025/install/two_wheeled_robot/share/two_wheeled_robot/models/prius_hybrid\n'}
[0.628258] (two_wheeled_robot) StdoutLine: {'line': b'-- Up-to-date: /home/greyflon/lab_2025/install/two_wheeled_robot/share/two_wheeled_robot/models/prius_hybrid/model.config\n'}
[0.628330] (two_wheeled_robot) StdoutLine: {'line': b'-- Up-to-date: /home/greyflon/lab_2025/install/two_wheeled_robot/share/two_wheeled_robot/models/prius_hybrid/meshes\n'}
[0.628398] (two_wheeled_robot) StdoutLine: {'line': b'-- Up-to-date: /home/greyflon/lab_2025/install/two_wheeled_robot/share/two_wheeled_robot/models/prius_hybrid/meshes/Hybrid.mtl\n'}
[0.628465] (two_wheeled_robot) StdoutLine: {'line': b'-- Up-to-date: /home/greyflon/lab_2025/install/two_wheeled_robot/share/two_wheeled_robot/models/prius_hybrid/meshes/Hybrid.obj\n'}
[0.628536] (two_wheeled_robot) StdoutLine: {'line': b'-- Up-to-date: /home/greyflon/lab_2025/install/two_wheeled_robot/share/two_wheeled_robot/models/prius_hybrid/materials\n'}
[0.628614] (two_wheeled_robot) StdoutLine: {'line': b'-- Up-to-date: /home/greyflon/lab_2025/install/two_wheeled_robot/share/two_wheeled_robot/models/prius_hybrid/materials/textures\n'}
[0.628686] (two_wheeled_robot) StdoutLine: {'line': b'-- Up-to-date: /home/greyflon/lab_2025/install/two_wheeled_robot/share/two_wheeled_robot/models/prius_hybrid/materials/textures/Hybrid_Interior.png\n'}
[0.628773] (two_wheeled_robot) StdoutLine: {'line': b'-- Up-to-date: /home/greyflon/lab_2025/install/two_wheeled_robot/share/two_wheeled_robot/models/prius_hybrid/materials/textures/Wheels3.png\n'}
[0.628859] (two_wheeled_robot) StdoutLine: {'line': b'-- Up-to-date: /home/greyflon/lab_2025/install/two_wheeled_robot/share/two_wheeled_robot/models/prius_hybrid/materials/textures/Hybrid.png\n'}
[0.628941] (two_wheeled_robot) StdoutLine: {'line': b'-- Up-to-date: /home/greyflon/lab_2025/install/two_wheeled_robot/share/two_wheeled_robot/models/prius_hybrid/model.sdf\n'}
[0.629020] (two_wheeled_robot) StdoutLine: {'line': b'-- Up-to-date: /home/greyflon/lab_2025/install/two_wheeled_robot/share/two_wheeled_robot/models/construction_barrel\n'}
[0.629098] (two_wheeled_robot) StdoutLine: {'line': b'-- Up-to-date: /home/greyflon/lab_2025/install/two_wheeled_robot/share/two_wheeled_robot/models/construction_barrel/model-1_4.sdf\n'}
[0.629168] (two_wheeled_robot) StdoutLine: {'line': b'-- Up-to-date: /home/greyflon/lab_2025/install/two_wheeled_robot/share/two_wheeled_robot/models/construction_barrel/model.config\n'}
[0.629240] (two_wheeled_robot) StdoutLine: {'line': b'-- Up-to-date: /home/greyflon/lab_2025/install/two_wheeled_robot/share/two_wheeled_robot/models/construction_barrel/meshes\n'}
[0.629315] (two_wheeled_robot) StdoutLine: {'line': b'-- Up-to-date: /home/greyflon/lab_2025/install/two_wheeled_robot/share/two_wheeled_robot/models/construction_barrel/meshes/construction_barrel.dae\n'}
[0.629385] (two_wheeled_robot) StdoutLine: {'line': b'-- Up-to-date: /home/greyflon/lab_2025/install/two_wheeled_robot/share/two_wheeled_robot/models/construction_barrel/materials\n'}
[0.629465] (two_wheeled_robot) StdoutLine: {'line': b'-- Up-to-date: /home/greyflon/lab_2025/install/two_wheeled_robot/share/two_wheeled_robot/models/construction_barrel/materials/textures\n'}
[0.629536] (two_wheeled_robot) StdoutLine: {'line': b'-- Up-to-date: /home/greyflon/lab_2025/install/two_wheeled_robot/share/two_wheeled_robot/models/construction_barrel/materials/textures/Construction_Barrel_Spec.png\n'}
[0.629604] (two_wheeled_robot) StdoutLine: {'line': b'-- Up-to-date: /home/greyflon/lab_2025/install/two_wheeled_robot/share/two_wheeled_robot/models/construction_barrel/materials/textures/Construction_Barrel_Diffuse.png\n'}
[0.629663] (two_wheeled_robot) StdoutLine: {'line': b'-- Up-to-date: /home/greyflon/lab_2025/install/two_wheeled_robot/share/two_wheeled_robot/models/construction_barrel/model.sdf\n'}
[0.629739] (two_wheeled_robot) StdoutLine: {'line': b'-- Up-to-date: /home/greyflon/lab_2025/install/two_wheeled_robot/share/two_wheeled_robot/models/construction_barrel/model-1_3.sdf\n'}
[0.629826] (two_wheeled_robot) StdoutLine: {'line': b'-- Up-to-date: /home/greyflon/lab_2025/install/two_wheeled_robot/share/two_wheeled_robot/models/BMWCart\n'}
[0.629899] (two_wheeled_robot) StdoutLine: {'line': b'-- Up-to-date: /home/greyflon/lab_2025/install/two_wheeled_robot/share/two_wheeled_robot/models/BMWCart/model.config\n'}
[0.629975] (two_wheeled_robot) StdoutLine: {'line': b'-- Up-to-date: /home/greyflon/lab_2025/install/two_wheeled_robot/share/two_wheeled_robot/models/BMWCart/meshes\n'}
[0.630055] (two_wheeled_robot) StdoutLine: {'line': b'-- Up-to-date: /home/greyflon/lab_2025/install/two_wheeled_robot/share/two_wheeled_robot/models/BMWCart/meshes/Cart_BMW_Col.mtl\n'}
[0.630119] (two_wheeled_robot) StdoutLine: {'line': b'-- Up-to-date: /home/greyflon/lab_2025/install/two_wheeled_robot/share/two_wheeled_robot/models/BMWCart/meshes/Cart_BMW.mtl\n'}
[0.630191] (two_wheeled_robot) StdoutLine: {'line': b'-- Up-to-date: /home/greyflon/lab_2025/install/two_wheeled_robot/share/two_wheeled_robot/models/BMWCart/meshes/Carts_Wheels_Diffuse.png\n'}
[0.630268] (two_wheeled_robot) StdoutLine: {'line': b'-- Up-to-date: /home/greyflon/lab_2025/install/two_wheeled_robot/share/two_wheeled_robot/models/BMWCart/meshes/Cart_BMW_Col.obj\n'}
[0.630345] (two_wheeled_robot) StdoutLine: {'line': b'-- Up-to-date: /home/greyflon/lab_2025/install/two_wheeled_robot/share/two_wheeled_robot/models/BMWCart/meshes/Cart_BMW_SpecGloss.png\n'}
[0.630420] (two_wheeled_robot) StdoutLine: {'line': b'-- Up-to-date: /home/greyflon/lab_2025/install/two_wheeled_robot/share/two_wheeled_robot/models/BMWCart/meshes/Cart_BMW_Diffuse.png\n'}
[0.630488] (two_wheeled_robot) StdoutLine: {'line': b'-- Up-to-date: /home/greyflon/lab_2025/install/two_wheeled_robot/share/two_wheeled_robot/models/BMWCart/meshes/Cart_BMW.obj\n'}
[0.630557] (two_wheeled_robot) StdoutLine: {'line': b'-- Up-to-date: /home/greyflon/lab_2025/install/two_wheeled_robot/share/two_wheeled_robot/models/BMWCart/meshes/Cart_BMW_Normal.png\n'}
[0.630638] (two_wheeled_robot) StdoutLine: {'line': b'-- Up-to-date: /home/greyflon/lab_2025/install/two_wheeled_robot/share/two_wheeled_robot/models/BMWCart/thumbnails\n'}
[0.630711] (two_wheeled_robot) StdoutLine: {'line': b'-- Up-to-date: /home/greyflon/lab_2025/install/two_wheeled_robot/share/two_wheeled_robot/models/BMWCart/thumbnails/5.png\n'}
[0.630803] (two_wheeled_robot) StdoutLine: {'line': b'-- Up-to-date: /home/greyflon/lab_2025/install/two_wheeled_robot/share/two_wheeled_robot/models/BMWCart/thumbnails/1.png\n'}
[0.630867] (two_wheeled_robot) StdoutLine: {'line': b'-- Up-to-date: /home/greyflon/lab_2025/install/two_wheeled_robot/share/two_wheeled_robot/models/BMWCart/thumbnails/2.png\n'}
[0.630946] (two_wheeled_robot) StdoutLine: {'line': b'-- Up-to-date: /home/greyflon/lab_2025/install/two_wheeled_robot/share/two_wheeled_robot/models/BMWCart/thumbnails/4.png\n'}
[0.631018] (two_wheeled_robot) StdoutLine: {'line': b'-- Up-to-date: /home/greyflon/lab_2025/install/two_wheeled_robot/share/two_wheeled_robot/models/BMWCart/thumbnails/3.png\n'}
[0.631096] (two_wheeled_robot) StdoutLine: {'line': b'-- Up-to-date: /home/greyflon/lab_2025/install/two_wheeled_robot/share/two_wheeled_robot/models/BMWCart/model.sdf\n'}
[0.631176] (two_wheeled_robot) StdoutLine: {'line': b'-- Up-to-date: /home/greyflon/lab_2025/install/two_wheeled_robot/share/two_wheeled_robot/models/PatientFSit\n'}
[0.631258] (two_wheeled_robot) StdoutLine: {'line': b'-- Up-to-date: /home/greyflon/lab_2025/install/two_wheeled_robot/share/two_wheeled_robot/models/PatientFSit/model.config\n'}
[0.631332] (two_wheeled_robot) StdoutLine: {'line': b'-- Up-to-date: /home/greyflon/lab_2025/install/two_wheeled_robot/share/two_wheeled_robot/models/PatientFSit/meshes\n'}
[0.631402] (two_wheeled_robot) StdoutLine: {'line': b'-- Up-to-date: /home/greyflon/lab_2025/install/two_wheeled_robot/share/two_wheeled_robot/models/PatientFSit/meshes/PatientFPurple.png\n'}
[0.631462] (two_wheeled_robot) StdoutLine: {'line': b'-- Up-to-date: /home/greyflon/lab_2025/install/two_wheeled_robot/share/two_wheeled_robot/models/PatientFSit/meshes/PatientFSit_Col.mtl\n'}
[0.631539] (two_wheeled_robot) StdoutLine: {'line': b'-- Up-to-date: /home/greyflon/lab_2025/install/two_wheeled_robot/share/two_wheeled_robot/models/PatientFSit/meshes/PatientFSit_Col.obj\n'}
[0.631609] (two_wheeled_robot) StdoutLine: {'line': b'-- Up-to-date: /home/greyflon/lab_2025/install/two_wheeled_robot/share/two_wheeled_robot/models/PatientFSit/meshes/PatientFSit.mtl\n'}
[0.631683] (two_wheeled_robot) StdoutLine: {'line': b'-- Up-to-date: /home/greyflon/lab_2025/install/two_wheeled_robot/share/two_wheeled_robot/models/PatientFSit/meshes/PatientFSit.obj\n'}
[0.631780] (two_wheeled_robot) StdoutLine: {'line': b'-- Up-to-date: /home/greyflon/lab_2025/install/two_wheeled_robot/share/two_wheeled_robot/models/PatientFSit/thumbnails\n'}
[0.631857] (two_wheeled_robot) StdoutLine: {'line': b'-- Up-to-date: /home/greyflon/lab_2025/install/two_wheeled_robot/share/two_wheeled_robot/models/PatientFSit/thumbnails/5.png\n'}
[0.631938] (two_wheeled_robot) StdoutLine: {'line': b'-- Up-to-date: /home/greyflon/lab_2025/install/two_wheeled_robot/share/two_wheeled_robot/models/PatientFSit/thumbnails/1.png\n'}
[0.632011] (two_wheeled_robot) StdoutLine: {'line': b'-- Up-to-date: /home/greyflon/lab_2025/install/two_wheeled_robot/share/two_wheeled_robot/models/PatientFSit/thumbnails/2.png\n'}
[0.632079] (two_wheeled_robot) StdoutLine: {'line': b'-- Up-to-date: /home/greyflon/lab_2025/install/two_wheeled_robot/share/two_wheeled_robot/models/PatientFSit/thumbnails/4.png\n'}
[0.632141] (two_wheeled_robot) StdoutLine: {'line': b'-- Up-to-date: /home/greyflon/lab_2025/install/two_wheeled_robot/share/two_wheeled_robot/models/PatientFSit/thumbnails/3.png\n'}
[0.632209] (two_wheeled_robot) StdoutLine: {'line': b'-- Up-to-date: /home/greyflon/lab_2025/install/two_wheeled_robot/share/two_wheeled_robot/models/PatientFSit/model.sdf\n'}
[0.632298] (two_wheeled_robot) StdoutLine: {'line': b'-- Up-to-date: /home/greyflon/lab_2025/install/two_wheeled_robot/share/two_wheeled_robot/models/VisitorKidSit\n'}
[0.632371] (two_wheeled_robot) StdoutLine: {'line': b'-- Up-to-date: /home/greyflon/lab_2025/install/two_wheeled_robot/share/two_wheeled_robot/models/VisitorKidSit/model.config\n'}
[0.632449] (two_wheeled_robot) StdoutLine: {'line': b'-- Up-to-date: /home/greyflon/lab_2025/install/two_wheeled_robot/share/two_wheeled_robot/models/VisitorKidSit/meshes\n'}
[0.632529] (two_wheeled_robot) StdoutLine: {'line': b'-- Up-to-date: /home/greyflon/lab_2025/install/two_wheeled_robot/share/two_wheeled_robot/models/VisitorKidSit/meshes/VisitorKidSit.mtl\n'}
[0.632605] (two_wheeled_robot) StdoutLine: {'line': b'-- Up-to-date: /home/greyflon/lab_2025/install/two_wheeled_robot/share/two_wheeled_robot/models/VisitorKidSit/meshes/VisitorKidSit_Col.obj\n'}
[0.632681] (two_wheeled_robot) StdoutLine: {'line': b'-- Up-to-date: /home/greyflon/lab_2025/install/two_wheeled_robot/share/two_wheeled_robot/models/VisitorKidSit/meshes/VisitorKidSit_Col.mtl\n'}
[0.632776] (two_wheeled_robot) StdoutLine: {'line': b'-- Up-to-date: /home/greyflon/lab_2025/install/two_wheeled_robot/share/two_wheeled_robot/models/VisitorKidSit/meshes/VisitorKidSit.obj\n'}
[0.632854] (two_wheeled_robot) StdoutLine: {'line': b'-- Up-to-date: /home/greyflon/lab_2025/install/two_wheeled_robot/share/two_wheeled_robot/models/VisitorKidSit/meshes/VisitorKidGreen.png\n'}
[0.632931] (two_wheeled_robot) StdoutLine: {'line': b'-- Up-to-date: /home/greyflon/lab_2025/install/two_wheeled_robot/share/two_wheeled_robot/models/VisitorKidSit/meshes/Book.png\n'}
[0.633013] (two_wheeled_robot) StdoutLine: {'line': b'-- Up-to-date: /home/greyflon/lab_2025/install/two_wheeled_robot/share/two_wheeled_robot/models/VisitorKidSit/thumbnails\n'}
[0.633086] (two_wheeled_robot) StdoutLine: {'line': b'-- Up-to-date: /home/greyflon/lab_2025/install/two_wheeled_robot/share/two_wheeled_robot/models/VisitorKidSit/thumbnails/5.png\n'}
[0.633162] (two_wheeled_robot) StdoutLine: {'line': b'-- Up-to-date: /home/greyflon/lab_2025/install/two_wheeled_robot/share/two_wheeled_robot/models/VisitorKidSit/thumbnails/1.png\n'}
[0.633232] (two_wheeled_robot) StdoutLine: {'line': b'-- Up-to-date: /home/greyflon/lab_2025/install/two_wheeled_robot/share/two_wheeled_robot/models/VisitorKidSit/thumbnails/2.png\n'}
[0.633311] (two_wheeled_robot) StdoutLine: {'line': b'-- Up-to-date: /home/greyflon/lab_2025/install/two_wheeled_robot/share/two_wheeled_robot/models/VisitorKidSit/thumbnails/4.png\n'}
[0.633384] (two_wheeled_robot) StdoutLine: {'line': b'-- Up-to-date: /home/greyflon/lab_2025/install/two_wheeled_robot/share/two_wheeled_robot/models/VisitorKidSit/thumbnails/3.png\n'}
[0.633451] (two_wheeled_robot) StdoutLine: {'line': b'-- Up-to-date: /home/greyflon/lab_2025/install/two_wheeled_robot/share/two_wheeled_robot/models/VisitorKidSit/model.sdf\n'}
[0.633537] (two_wheeled_robot) StdoutLine: {'line': b'-- Up-to-date: /home/greyflon/lab_2025/install/two_wheeled_robot/share/two_wheeled_robot/models/aws_robomaker_residential_KitchenTable_01\n'}
[0.633618] (two_wheeled_robot) StdoutLine: {'line': b'-- Up-to-date: /home/greyflon/lab_2025/install/two_wheeled_robot/share/two_wheeled_robot/models/aws_robomaker_residential_KitchenTable_01/model.config\n'}
[0.633693] (two_wheeled_robot) StdoutLine: {'line': b'-- Up-to-date: /home/greyflon/lab_2025/install/two_wheeled_robot/share/two_wheeled_robot/models/aws_robomaker_residential_KitchenTable_01/meshes\n'}
[0.633760] (two_wheeled_robot) StdoutLine: {'line': b'-- Up-to-date: /home/greyflon/lab_2025/install/two_wheeled_robot/share/two_wheeled_robot/models/aws_robomaker_residential_KitchenTable_01/meshes/aws_KitchenTable_01_collision.DAE\n'}
[0.633833] (two_wheeled_robot) StdoutLine: {'line': b'-- Up-to-date: /home/greyflon/lab_2025/install/two_wheeled_robot/share/two_wheeled_robot/models/aws_robomaker_residential_KitchenTable_01/meshes/aws_KitchenTable_01_visual.DAE\n'}
[0.633903] (two_wheeled_robot) StdoutLine: {'line': b'-- Up-to-date: /home/greyflon/lab_2025/install/two_wheeled_robot/share/two_wheeled_robot/models/aws_robomaker_residential_KitchenTable_01/materials\n'}
[0.633972] (two_wheeled_robot) StdoutLine: {'line': b'-- Up-to-date: /home/greyflon/lab_2025/install/two_wheeled_robot/share/two_wheeled_robot/models/aws_robomaker_residential_KitchenTable_01/materials/textures\n'}
[0.634041] (two_wheeled_robot) StdoutLine: {'line': b'-- Up-to-date: /home/greyflon/lab_2025/install/two_wheeled_robot/share/two_wheeled_robot/models/aws_robomaker_residential_KitchenTable_01/materials/textures/aws_KitchenTable_01.png\n'}
[0.634124] (two_wheeled_robot) StdoutLine: {'line': b'-- Up-to-date: /home/greyflon/lab_2025/install/two_wheeled_robot/share/two_wheeled_robot/models/aws_robomaker_residential_KitchenTable_01/model.sdf\n'}
[0.634199] (two_wheeled_robot) StdoutLine: {'line': b'-- Up-to-date: /home/greyflon/lab_2025/install/two_wheeled_robot/share/two_wheeled_robot/models/thrift_shop\n'}
[0.634273] (two_wheeled_robot) StdoutLine: {'line': b'-- Up-to-date: /home/greyflon/lab_2025/install/two_wheeled_robot/share/two_wheeled_robot/models/thrift_shop/model.config\n'}
[0.634343] (two_wheeled_robot) StdoutLine: {'line': b'-- Up-to-date: /home/greyflon/lab_2025/install/two_wheeled_robot/share/two_wheeled_robot/models/thrift_shop/meshes\n'}
[0.634425] (two_wheeled_robot) StdoutLine: {'line': b'-- Up-to-date: /home/greyflon/lab_2025/install/two_wheeled_robot/share/two_wheeled_robot/models/thrift_shop/meshes/thrift_shop.dae\n'}
[0.634516] (two_wheeled_robot) StdoutLine: {'line': b'-- Up-to-date: /home/greyflon/lab_2025/install/two_wheeled_robot/share/two_wheeled_robot/models/thrift_shop/materials\n'}
[0.634595] (two_wheeled_robot) StdoutLine: {'line': b'-- Up-to-date: /home/greyflon/lab_2025/install/two_wheeled_robot/share/two_wheeled_robot/models/thrift_shop/materials/textures\n'}
[0.634671] (two_wheeled_robot) StdoutLine: {'line': b'-- Up-to-date: /home/greyflon/lab_2025/install/two_wheeled_robot/share/two_wheeled_robot/models/thrift_shop/materials/textures/thrift_shop_diffuse.jpg\n'}
[0.634767] (two_wheeled_robot) StdoutLine: {'line': b'-- Up-to-date: /home/greyflon/lab_2025/install/two_wheeled_robot/share/two_wheeled_robot/models/thrift_shop/materials/textures/thrift_shop_spec.jpg\n'}
[0.634838] (two_wheeled_robot) StdoutLine: {'line': b'-- Up-to-date: /home/greyflon/lab_2025/install/two_wheeled_robot/share/two_wheeled_robot/models/thrift_shop/model.sdf\n'}
[0.634926] (two_wheeled_robot) StdoutLine: {'line': b'-- Up-to-date: /home/greyflon/lab_2025/install/two_wheeled_robot/share/two_wheeled_robot/models/ParkingTrolleyMax\n'}
[0.635004] (two_wheeled_robot) StdoutLine: {'line': b'-- Up-to-date: /home/greyflon/lab_2025/install/two_wheeled_robot/share/two_wheeled_robot/models/ParkingTrolleyMax/model.config\n'}
[0.635096] (two_wheeled_robot) StdoutLine: {'line': b'-- Up-to-date: /home/greyflon/lab_2025/install/two_wheeled_robot/share/two_wheeled_robot/models/ParkingTrolleyMax/meshes\n'}
[0.635160] (two_wheeled_robot) StdoutLine: {'line': b'-- Up-to-date: /home/greyflon/lab_2025/install/two_wheeled_robot/share/two_wheeled_robot/models/ParkingTrolleyMax/meshes/ParkingTrolleyMax.obj\n'}
[0.635243] (two_wheeled_robot) StdoutLine: {'line': b'-- Up-to-date: /home/greyflon/lab_2025/install/two_wheeled_robot/share/two_wheeled_robot/models/ParkingTrolleyMax/meshes/ParkingTrolleyMax_Diffuse.png\n'}
[0.635320] (two_wheeled_robot) StdoutLine: {'line': b'-- Up-to-date: /home/greyflon/lab_2025/install/two_wheeled_robot/share/two_wheeled_robot/models/ParkingTrolleyMax/meshes/ParkingTrolleyMax.mtl\n'}
[0.635403] (two_wheeled_robot) StdoutLine: {'line': b'-- Up-to-date: /home/greyflon/lab_2025/install/two_wheeled_robot/share/two_wheeled_robot/models/ParkingTrolleyMax/thumbnails\n'}
[0.635488] (two_wheeled_robot) StdoutLine: {'line': b'-- Up-to-date: /home/greyflon/lab_2025/install/two_wheeled_robot/share/two_wheeled_robot/models/ParkingTrolleyMax/thumbnails/5.png\n'}
[0.635565] (two_wheeled_robot) StdoutLine: {'line': b'-- Up-to-date: /home/greyflon/lab_2025/install/two_wheeled_robot/share/two_wheeled_robot/models/ParkingTrolleyMax/thumbnails/1.png\n'}
[0.635645] (two_wheeled_robot) StdoutLine: {'line': b'-- Up-to-date: /home/greyflon/lab_2025/install/two_wheeled_robot/share/two_wheeled_robot/models/ParkingTrolleyMax/thumbnails/2.png\n'}
[0.635732] (two_wheeled_robot) StdoutLine: {'line': b'-- Up-to-date: /home/greyflon/lab_2025/install/two_wheeled_robot/share/two_wheeled_robot/models/ParkingTrolleyMax/thumbnails/4.png\n'}
[0.635828] (two_wheeled_robot) StdoutLine: {'line': b'-- Up-to-date: /home/greyflon/lab_2025/install/two_wheeled_robot/share/two_wheeled_robot/models/ParkingTrolleyMax/thumbnails/3.png\n'}
[0.635907] (two_wheeled_robot) StdoutLine: {'line': b'-- Up-to-date: /home/greyflon/lab_2025/install/two_wheeled_robot/share/two_wheeled_robot/models/ParkingTrolleyMax/model.sdf\n'}
[0.635988] (two_wheeled_robot) StdoutLine: {'line': b'-- Up-to-date: /home/greyflon/lab_2025/install/two_wheeled_robot/share/two_wheeled_robot/models/InstrumentCart2\n'}
[0.636065] (two_wheeled_robot) StdoutLine: {'line': b'-- Up-to-date: /home/greyflon/lab_2025/install/two_wheeled_robot/share/two_wheeled_robot/models/InstrumentCart2/model.config\n'}
[0.636151] (two_wheeled_robot) StdoutLine: {'line': b'-- Up-to-date: /home/greyflon/lab_2025/install/two_wheeled_robot/share/two_wheeled_robot/models/InstrumentCart2/meshes\n'}
[0.636230] (two_wheeled_robot) StdoutLine: {'line': b'-- Up-to-date: /home/greyflon/lab_2025/install/two_wheeled_robot/share/two_wheeled_robot/models/InstrumentCart2/meshes/InstrumentCart2.obj\n'}
[0.636315] (two_wheeled_robot) StdoutLine: {'line': b'-- Up-to-date: /home/greyflon/lab_2025/install/two_wheeled_robot/share/two_wheeled_robot/models/InstrumentCart2/meshes/texture.png\n'}
[0.636381] (two_wheeled_robot) StdoutLine: {'line': b'-- Up-to-date: /home/greyflon/lab_2025/install/two_wheeled_robot/share/two_wheeled_robot/models/InstrumentCart2/meshes/InstrumentCart2.mtl\n'}
[0.636456] (two_wheeled_robot) StdoutLine: {'line': b'-- Up-to-date: /home/greyflon/lab_2025/install/two_wheeled_robot/share/two_wheeled_robot/models/InstrumentCart2/thumbnails\n'}
[0.636540] (two_wheeled_robot) StdoutLine: {'line': b'-- Up-to-date: /home/greyflon/lab_2025/install/two_wheeled_robot/share/two_wheeled_robot/models/InstrumentCart2/thumbnails/5.png\n'}
[0.636618] (two_wheeled_robot) StdoutLine: {'line': b'-- Up-to-date: /home/greyflon/lab_2025/install/two_wheeled_robot/share/two_wheeled_robot/models/InstrumentCart2/thumbnails/1.png\n'}
[0.636694] (two_wheeled_robot) StdoutLine: {'line': b'-- Up-to-date: /home/greyflon/lab_2025/install/two_wheeled_robot/share/two_wheeled_robot/models/InstrumentCart2/thumbnails/2.png\n'}
[0.636784] (two_wheeled_robot) StdoutLine: {'line': b'-- Up-to-date: /home/greyflon/lab_2025/install/two_wheeled_robot/share/two_wheeled_robot/models/InstrumentCart2/thumbnails/4.png\n'}
[0.636895] (two_wheeled_robot) StdoutLine: {'line': b'-- Up-to-date: /home/greyflon/lab_2025/install/two_wheeled_robot/share/two_wheeled_robot/models/InstrumentCart2/thumbnails/3.png\n'}
[0.636977] (two_wheeled_robot) StdoutLine: {'line': b'-- Up-to-date: /home/greyflon/lab_2025/install/two_wheeled_robot/share/two_wheeled_robot/models/InstrumentCart2/model.sdf\n'}
[0.637052] (two_wheeled_robot) StdoutLine: {'line': b'-- Up-to-date: /home/greyflon/lab_2025/install/two_wheeled_robot/share/two_wheeled_robot/models/Box\n'}
[0.637135] (two_wheeled_robot) StdoutLine: {'line': b'-- Up-to-date: /home/greyflon/lab_2025/install/two_wheeled_robot/share/two_wheeled_robot/models/Box/model.config\n'}
[0.637212] (two_wheeled_robot) StdoutLine: {'line': b'-- Up-to-date: /home/greyflon/lab_2025/install/two_wheeled_robot/share/two_wheeled_robot/models/Box/model.sdf\n'}
[0.637290] (two_wheeled_robot) StdoutLine: {'line': b'-- Up-to-date: /home/greyflon/lab_2025/install/two_wheeled_robot/share/two_wheeled_robot/models/aws_robomaker_residential_Carpet_01\n'}
[0.637365] (two_wheeled_robot) StdoutLine: {'line': b'-- Up-to-date: /home/greyflon/lab_2025/install/two_wheeled_robot/share/two_wheeled_robot/models/aws_robomaker_residential_Carpet_01/model.config\n'}
[0.637452] (two_wheeled_robot) StdoutLine: {'line': b'-- Up-to-date: /home/greyflon/lab_2025/install/two_wheeled_robot/share/two_wheeled_robot/models/aws_robomaker_residential_Carpet_01/meshes\n'}
[0.637529] (two_wheeled_robot) StdoutLine: {'line': b'-- Up-to-date: /home/greyflon/lab_2025/install/two_wheeled_robot/share/two_wheeled_robot/models/aws_robomaker_residential_Carpet_01/meshes/aws_Carpet_01_visual.DAE\n'}
[0.637613] (two_wheeled_robot) StdoutLine: {'line': b'-- Up-to-date: /home/greyflon/lab_2025/install/two_wheeled_robot/share/two_wheeled_robot/models/aws_robomaker_residential_Carpet_01/meshes/aws_Carpet_01_collision.DAE\n'}
[0.637679] (two_wheeled_robot) StdoutLine: {'line': b'-- Up-to-date: /home/greyflon/lab_2025/install/two_wheeled_robot/share/two_wheeled_robot/models/aws_robomaker_residential_Carpet_01/materials\n'}
[0.637751] (two_wheeled_robot) StdoutLine: {'line': b'-- Up-to-date: /home/greyflon/lab_2025/install/two_wheeled_robot/share/two_wheeled_robot/models/aws_robomaker_residential_Carpet_01/materials/textures\n'}
[0.637843] (two_wheeled_robot) StdoutLine: {'line': b'-- Up-to-date: /home/greyflon/lab_2025/install/two_wheeled_robot/share/two_wheeled_robot/models/aws_robomaker_residential_Carpet_01/materials/textures/aws_Carpet_01.png\n'}
[0.637922] (two_wheeled_robot) StdoutLine: {'line': b'-- Up-to-date: /home/greyflon/lab_2025/install/two_wheeled_robot/share/two_wheeled_robot/models/aws_robomaker_residential_Carpet_01/model.sdf\n'}
[0.638004] (two_wheeled_robot) StdoutLine: {'line': b'-- Up-to-date: /home/greyflon/lab_2025/install/two_wheeled_robot/share/two_wheeled_robot/models/ambulance\n'}
[0.638086] (two_wheeled_robot) StdoutLine: {'line': b'-- Up-to-date: /home/greyflon/lab_2025/install/two_wheeled_robot/share/two_wheeled_robot/models/ambulance/model.config\n'}
[0.638172] (two_wheeled_robot) StdoutLine: {'line': b'-- Up-to-date: /home/greyflon/lab_2025/install/two_wheeled_robot/share/two_wheeled_robot/models/ambulance/meshes\n'}
[0.638249] (two_wheeled_robot) StdoutLine: {'line': b'-- Up-to-date: /home/greyflon/lab_2025/install/two_wheeled_robot/share/two_wheeled_robot/models/ambulance/meshes/ambulance.obj\n'}
[0.638327] (two_wheeled_robot) StdoutLine: {'line': b'-- Up-to-date: /home/greyflon/lab_2025/install/two_wheeled_robot/share/two_wheeled_robot/models/ambulance/meshes/ambulance.mtl\n'}
[0.638403] (two_wheeled_robot) StdoutLine: {'line': b'-- Up-to-date: /home/greyflon/lab_2025/install/two_wheeled_robot/share/two_wheeled_robot/models/ambulance/materials\n'}
[0.638485] (two_wheeled_robot) StdoutLine: {'line': b'-- Up-to-date: /home/greyflon/lab_2025/install/two_wheeled_robot/share/two_wheeled_robot/models/ambulance/materials/textures\n'}
[0.638564] (two_wheeled_robot) StdoutLine: {'line': b'-- Up-to-date: /home/greyflon/lab_2025/install/two_wheeled_robot/share/two_wheeled_robot/models/ambulance/materials/textures/ambulance.png\n'}
[0.638649] (two_wheeled_robot) StdoutLine: {'line': b'-- Up-to-date: /home/greyflon/lab_2025/install/two_wheeled_robot/share/two_wheeled_robot/models/ambulance/model.sdf\n'}
[0.638725] (two_wheeled_robot) StdoutLine: {'line': b'-- Up-to-date: /home/greyflon/lab_2025/install/two_wheeled_robot/share/two_wheeled_robot/models/small_plant\n'}
[0.638828] (two_wheeled_robot) StdoutLine: {'line': b'-- Up-to-date: /home/greyflon/lab_2025/install/two_wheeled_robot/share/two_wheeled_robot/models/small_plant/mesh\n'}
[0.638906] (two_wheeled_robot) StdoutLine: {'line': b'-- Up-to-date: /home/greyflon/lab_2025/install/two_wheeled_robot/share/two_wheeled_robot/models/small_plant/mesh/small_plant.stl\n'}
[0.638983] (two_wheeled_robot) StdoutLine: {'line': b'-- Up-to-date: /home/greyflon/lab_2025/install/two_wheeled_robot/share/two_wheeled_robot/models/small_plant/model.config\n'}
[0.639070] (two_wheeled_robot) StdoutLine: {'line': b'-- Up-to-date: /home/greyflon/lab_2025/install/two_wheeled_robot/share/two_wheeled_robot/models/small_plant/model.sdf\n'}
[0.639135] (two_wheeled_robot) StdoutLine: {'line': b'-- Up-to-date: /home/greyflon/lab_2025/install/two_wheeled_robot/share/two_wheeled_robot/models/coke_can\n'}
[0.639198] (two_wheeled_robot) StdoutLine: {'line': b'-- Up-to-date: /home/greyflon/lab_2025/install/two_wheeled_robot/share/two_wheeled_robot/models/coke_can/model-1_2.sdf\n'}
[0.639282] (two_wheeled_robot) StdoutLine: {'line': b'-- Up-to-date: /home/greyflon/lab_2025/install/two_wheeled_robot/share/two_wheeled_robot/models/coke_can/model-1_4.sdf\n'}
[0.639361] (two_wheeled_robot) StdoutLine: {'line': b'-- Up-to-date: /home/greyflon/lab_2025/install/two_wheeled_robot/share/two_wheeled_robot/models/coke_can/model.config\n'}
[0.639447] (two_wheeled_robot) StdoutLine: {'line': b'-- Up-to-date: /home/greyflon/lab_2025/install/two_wheeled_robot/share/two_wheeled_robot/models/coke_can/meshes\n'}
[0.639523] (two_wheeled_robot) StdoutLine: {'line': b'-- Up-to-date: /home/greyflon/lab_2025/install/two_wheeled_robot/share/two_wheeled_robot/models/coke_can/meshes/coke_can.dae\n'}
[0.639609] (two_wheeled_robot) StdoutLine: {'line': b'-- Up-to-date: /home/greyflon/lab_2025/install/two_wheeled_robot/share/two_wheeled_robot/models/coke_can/materials\n'}
[0.639687] (two_wheeled_robot) StdoutLine: {'line': b'-- Up-to-date: /home/greyflon/lab_2025/install/two_wheeled_robot/share/two_wheeled_robot/models/coke_can/materials/textures\n'}
[0.639787] (two_wheeled_robot) StdoutLine: {'line': b'-- Up-to-date: /home/greyflon/lab_2025/install/two_wheeled_robot/share/two_wheeled_robot/models/coke_can/materials/textures/coke_can.png\n'}
[0.639882] (two_wheeled_robot) StdoutLine: {'line': b'-- Up-to-date: /home/greyflon/lab_2025/install/two_wheeled_robot/share/two_wheeled_robot/models/coke_can/model.sdf\n'}
[0.639961] (two_wheeled_robot) StdoutLine: {'line': b'-- Up-to-date: /home/greyflon/lab_2025/install/two_wheeled_robot/share/two_wheeled_robot/models/coke_can/model-1_3.sdf\n'}
[0.640048] (two_wheeled_robot) StdoutLine: {'line': b'-- Up-to-date: /home/greyflon/lab_2025/install/two_wheeled_robot/share/two_wheeled_robot/models/shelves_high\n'}
[0.640116] (two_wheeled_robot) StdoutLine: {'line': b'-- Up-to-date: /home/greyflon/lab_2025/install/two_wheeled_robot/share/two_wheeled_robot/models/shelves_high/model.config\n'}
[0.640201] (two_wheeled_robot) StdoutLine: {'line': b'-- Up-to-date: /home/greyflon/lab_2025/install/two_wheeled_robot/share/two_wheeled_robot/models/shelves_high/meshes\n'}
[0.640277] (two_wheeled_robot) StdoutLine: {'line': b'-- Up-to-date: /home/greyflon/lab_2025/install/two_wheeled_robot/share/two_wheeled_robot/models/shelves_high/meshes/shelves_high.dae\n'}
[0.640341] (two_wheeled_robot) StdoutLine: {'line': b'-- Up-to-date: /home/greyflon/lab_2025/install/two_wheeled_robot/share/two_wheeled_robot/models/shelves_high/meshes/shelves_high_collision.dae\n'}
[0.640414] (two_wheeled_robot) StdoutLine: {'line': b'-- Up-to-date: /home/greyflon/lab_2025/install/two_wheeled_robot/share/two_wheeled_robot/models/shelves_high/materials\n'}
[0.640504] (two_wheeled_robot) StdoutLine: {'line': b'-- Up-to-date: /home/greyflon/lab_2025/install/two_wheeled_robot/share/two_wheeled_robot/models/shelves_high/materials/scripts\n'}
[0.640587] (two_wheeled_robot) StdoutLine: {'line': b'-- Up-to-date: /home/greyflon/lab_2025/install/two_wheeled_robot/share/two_wheeled_robot/models/shelves_high/materials/scripts/shelves_2.material\n'}
[0.640665] (two_wheeled_robot) StdoutLine: {'line': b'-- Up-to-date: /home/greyflon/lab_2025/install/two_wheeled_robot/share/two_wheeled_robot/models/shelves_high/materials/textures\n'}
[0.640743] (two_wheeled_robot) StdoutLine: {'line': b'-- Up-to-date: /home/greyflon/lab_2025/install/two_wheeled_robot/share/two_wheeled_robot/models/shelves_high/materials/textures/Metal_Seamed_1.jpg\n'}
[0.640834] (two_wheeled_robot) StdoutLine: {'line': b'-- Up-to-date: /home/greyflon/lab_2025/install/two_wheeled_robot/share/two_wheeled_robot/models/shelves_high/materials/textures/__Metal_Seamed_1.jpg\n'}
[0.640912] (two_wheeled_robot) StdoutLine: {'line': b'-- Up-to-date: /home/greyflon/lab_2025/install/two_wheeled_robot/share/two_wheeled_robot/models/shelves_high/materials/textures/__Metal_Seamed_1_0.jpg\n'}
[0.640999] (two_wheeled_robot) StdoutLine: {'line': b'-- Up-to-date: /home/greyflon/lab_2025/install/two_wheeled_robot/share/two_wheeled_robot/models/shelves_high/materials/textures/Metal_Seamed.jpg\n'}
[0.641087] (two_wheeled_robot) StdoutLine: {'line': b'-- Up-to-date: /home/greyflon/lab_2025/install/two_wheeled_robot/share/two_wheeled_robot/models/shelves_high/materials/textures/Metal_Aluminum_Anodized.jpg\n'}
[0.641165] (two_wheeled_robot) StdoutLine: {'line': b'-- Up-to-date: /home/greyflon/lab_2025/install/two_wheeled_robot/share/two_wheeled_robot/models/shelves_high/model.sdf\n'}
[0.641242] (two_wheeled_robot) StdoutLine: {'line': b'-- Up-to-date: /home/greyflon/lab_2025/install/two_wheeled_robot/share/two_wheeled_robot/models/BoxesLargeOnPallet_2\n'}
[0.641318] (two_wheeled_robot) StdoutLine: {'line': b'-- Up-to-date: /home/greyflon/lab_2025/install/two_wheeled_robot/share/two_wheeled_robot/models/BoxesLargeOnPallet_2/model.config\n'}
[0.641381] (two_wheeled_robot) StdoutLine: {'line': b'-- Up-to-date: /home/greyflon/lab_2025/install/two_wheeled_robot/share/two_wheeled_robot/models/BoxesLargeOnPallet_2/model.sdf\n'}
[0.641464] (two_wheeled_robot) StdoutLine: {'line': b'-- Up-to-date: /home/greyflon/lab_2025/install/two_wheeled_robot/share/two_wheeled_robot/models/irobot_hand\n'}
[0.641541] (two_wheeled_robot) StdoutLine: {'line': b'-- Up-to-date: /home/greyflon/lab_2025/install/two_wheeled_robot/share/two_wheeled_robot/models/irobot_hand/model-1_4.sdf\n'}
[0.641634] (two_wheeled_robot) StdoutLine: {'line': b'-- Up-to-date: /home/greyflon/lab_2025/install/two_wheeled_robot/share/two_wheeled_robot/models/irobot_hand/model.config\n'}
[0.641696] (two_wheeled_robot) StdoutLine: {'line': b'-- Up-to-date: /home/greyflon/lab_2025/install/two_wheeled_robot/share/two_wheeled_robot/models/irobot_hand/meshes\n'}
[0.641781] (two_wheeled_robot) StdoutLine: {'line': b'-- Up-to-date: /home/greyflon/lab_2025/install/two_wheeled_robot/share/two_wheeled_robot/models/irobot_hand/meshes/palm.stl\n'}
[0.641869] (two_wheeled_robot) StdoutLine: {'line': b'-- Up-to-date: /home/greyflon/lab_2025/install/two_wheeled_robot/share/two_wheeled_robot/models/irobot_hand/meshes/finger_base.stl\n'}
[0.641947] (two_wheeled_robot) StdoutLine: {'line': b'-- Up-to-date: /home/greyflon/lab_2025/install/two_wheeled_robot/share/two_wheeled_robot/models/irobot_hand/meshes/finger_distal.stl\n'}
[0.642033] (two_wheeled_robot) StdoutLine: {'line': b'-- Up-to-date: /home/greyflon/lab_2025/install/two_wheeled_robot/share/two_wheeled_robot/models/irobot_hand/meshes/finger_proximal.stl\n'}
[0.642098] (two_wheeled_robot) StdoutLine: {'line': b'-- Up-to-date: /home/greyflon/lab_2025/install/two_wheeled_robot/share/two_wheeled_robot/models/irobot_hand/model.sdf\n'}
[0.642191] (two_wheeled_robot) StdoutLine: {'line': b'-- Up-to-date: /home/greyflon/lab_2025/install/two_wheeled_robot/share/two_wheeled_robot/models/irobot_hand/model-1_3.sdf\n'}
[0.642268] (two_wheeled_robot) StdoutLine: {'line': b'-- Up-to-date: /home/greyflon/lab_2025/install/two_wheeled_robot/share/two_wheeled_robot/models/XRayMachine\n'}
[0.642360] (two_wheeled_robot) StdoutLine: {'line': b'-- Up-to-date: /home/greyflon/lab_2025/install/two_wheeled_robot/share/two_wheeled_robot/models/XRayMachine/model.config\n'}
[0.642445] (two_wheeled_robot) StdoutLine: {'line': b'-- Up-to-date: /home/greyflon/lab_2025/install/two_wheeled_robot/share/two_wheeled_robot/models/XRayMachine/meshes\n'}
[0.642522] (two_wheeled_robot) StdoutLine: {'line': b'-- Up-to-date: /home/greyflon/lab_2025/install/two_wheeled_robot/share/two_wheeled_robot/models/XRayMachine/meshes/XRayMachine.obj\n'}
[0.642605] (two_wheeled_robot) StdoutLine: {'line': b'-- Up-to-date: /home/greyflon/lab_2025/install/two_wheeled_robot/share/two_wheeled_robot/models/XRayMachine/meshes/XRayMachine.mtl\n'}
[0.642680] (two_wheeled_robot) StdoutLine: {'line': b'-- Up-to-date: /home/greyflon/lab_2025/install/two_wheeled_robot/share/two_wheeled_robot/models/XRayMachine/meshes/XRayMachine.png\n'}
[0.642782] (two_wheeled_robot) StdoutLine: {'line': b'-- Up-to-date: /home/greyflon/lab_2025/install/two_wheeled_robot/share/two_wheeled_robot/models/XRayMachine/meshes/XRayMachine_Col.mtl\n'}
[0.642857] (two_wheeled_robot) StdoutLine: {'line': b'-- Up-to-date: /home/greyflon/lab_2025/install/two_wheeled_robot/share/two_wheeled_robot/models/XRayMachine/meshes/XRayMachine_Col.obj\n'}
[0.642935] (two_wheeled_robot) StdoutLine: {'line': b'-- Up-to-date: /home/greyflon/lab_2025/install/two_wheeled_robot/share/two_wheeled_robot/models/XRayMachine/thumbnails\n'}
[0.643027] (two_wheeled_robot) StdoutLine: {'line': b'-- Up-to-date: /home/greyflon/lab_2025/install/two_wheeled_robot/share/two_wheeled_robot/models/XRayMachine/thumbnails/5.png\n'}
[0.643117] (two_wheeled_robot) StdoutLine: {'line': b'-- Up-to-date: /home/greyflon/lab_2025/install/two_wheeled_robot/share/two_wheeled_robot/models/XRayMachine/thumbnails/1.png\n'}
[0.643194] (two_wheeled_robot) StdoutLine: {'line': b'-- Up-to-date: /home/greyflon/lab_2025/install/two_wheeled_robot/share/two_wheeled_robot/models/XRayMachine/thumbnails/2.png\n'}
[0.643281] (two_wheeled_robot) StdoutLine: {'line': b'-- Up-to-date: /home/greyflon/lab_2025/install/two_wheeled_robot/share/two_wheeled_robot/models/XRayMachine/thumbnails/4.png\n'}
[0.643345] (two_wheeled_robot) StdoutLine: {'line': b'-- Up-to-date: /home/greyflon/lab_2025/install/two_wheeled_robot/share/two_wheeled_robot/models/XRayMachine/thumbnails/3.png\n'}
[0.643426] (two_wheeled_robot) StdoutLine: {'line': b'-- Up-to-date: /home/greyflon/lab_2025/install/two_wheeled_robot/share/two_wheeled_robot/models/XRayMachine/model.sdf\n'}
[0.643502] (two_wheeled_robot) StdoutLine: {'line': b'-- Up-to-date: /home/greyflon/lab_2025/install/two_wheeled_robot/share/two_wheeled_robot/models/FemaleVisitor\n'}
[0.643587] (two_wheeled_robot) StdoutLine: {'line': b'-- Up-to-date: /home/greyflon/lab_2025/install/two_wheeled_robot/share/two_wheeled_robot/models/FemaleVisitor/model.config\n'}
[0.643651] (two_wheeled_robot) StdoutLine: {'line': b'-- Up-to-date: /home/greyflon/lab_2025/install/two_wheeled_robot/share/two_wheeled_robot/models/FemaleVisitor/meshes\n'}
[0.643740] (two_wheeled_robot) StdoutLine: {'line': b'-- Up-to-date: /home/greyflon/lab_2025/install/two_wheeled_robot/share/two_wheeled_robot/models/FemaleVisitor/meshes/FemaleVisitor.png\n'}
[0.643828] (two_wheeled_robot) StdoutLine: {'line': b'-- Up-to-date: /home/greyflon/lab_2025/install/two_wheeled_robot/share/two_wheeled_robot/models/FemaleVisitor/meshes/FemaleVisitor.mtl\n'}
[0.643905] (two_wheeled_robot) StdoutLine: {'line': b'-- Up-to-date: /home/greyflon/lab_2025/install/two_wheeled_robot/share/two_wheeled_robot/models/FemaleVisitor/meshes/FemaleVisitor_Col.obj\n'}
[0.643980] (two_wheeled_robot) StdoutLine: {'line': b'-- Up-to-date: /home/greyflon/lab_2025/install/two_wheeled_robot/share/two_wheeled_robot/models/FemaleVisitor/meshes/FemaleVisitor_Col.mtl\n'}
[0.644071] (two_wheeled_robot) StdoutLine: {'line': b'-- Up-to-date: /home/greyflon/lab_2025/install/two_wheeled_robot/share/two_wheeled_robot/models/FemaleVisitor/meshes/FemaleVisitor.obj\n'}
[0.644152] (two_wheeled_robot) StdoutLine: {'line': b'-- Up-to-date: /home/greyflon/lab_2025/install/two_wheeled_robot/share/two_wheeled_robot/models/FemaleVisitor/meshes/Handbag.png\n'}
[0.644227] (two_wheeled_robot) StdoutLine: {'line': b'-- Up-to-date: /home/greyflon/lab_2025/install/two_wheeled_robot/share/two_wheeled_robot/models/FemaleVisitor/thumbnails\n'}
[0.644303] (two_wheeled_robot) StdoutLine: {'line': b'-- Up-to-date: /home/greyflon/lab_2025/install/two_wheeled_robot/share/two_wheeled_robot/models/FemaleVisitor/thumbnails/5.png\n'}
[0.644378] (two_wheeled_robot) StdoutLine: {'line': b'-- Up-to-date: /home/greyflon/lab_2025/install/two_wheeled_robot/share/two_wheeled_robot/models/FemaleVisitor/thumbnails/1.png\n'}
[0.644452] (two_wheeled_robot) StdoutLine: {'line': b'-- Up-to-date: /home/greyflon/lab_2025/install/two_wheeled_robot/share/two_wheeled_robot/models/FemaleVisitor/thumbnails/2.png\n'}
[0.644537] (two_wheeled_robot) StdoutLine: {'line': b'-- Up-to-date: /home/greyflon/lab_2025/install/two_wheeled_robot/share/two_wheeled_robot/models/FemaleVisitor/thumbnails/4.png\n'}
[0.644614] (two_wheeled_robot) StdoutLine: {'line': b'-- Up-to-date: /home/greyflon/lab_2025/install/two_wheeled_robot/share/two_wheeled_robot/models/FemaleVisitor/thumbnails/3.png\n'}
[0.644697] (two_wheeled_robot) StdoutLine: {'line': b'-- Up-to-date: /home/greyflon/lab_2025/install/two_wheeled_robot/share/two_wheeled_robot/models/FemaleVisitor/model.sdf\n'}
[0.644773] (two_wheeled_robot) StdoutLine: {'line': b'-- Up-to-date: /home/greyflon/lab_2025/install/two_wheeled_robot/share/two_wheeled_robot/models/aws_robomaker_warehouse_WallB_01\n'}
[0.644859] (two_wheeled_robot) StdoutLine: {'line': b'-- Up-to-date: /home/greyflon/lab_2025/install/two_wheeled_robot/share/two_wheeled_robot/models/aws_robomaker_warehouse_WallB_01/model.config\n'}
[0.644938] (two_wheeled_robot) StdoutLine: {'line': b'-- Up-to-date: /home/greyflon/lab_2025/install/two_wheeled_robot/share/two_wheeled_robot/models/aws_robomaker_warehouse_WallB_01/meshes\n'}
[0.645013] (two_wheeled_robot) StdoutLine: {'line': b'-- Up-to-date: /home/greyflon/lab_2025/install/two_wheeled_robot/share/two_wheeled_robot/models/aws_robomaker_warehouse_WallB_01/meshes/aws_robomaker_warehouse_WallB_01_collision.DAE\n'}
[0.645091] (two_wheeled_robot) StdoutLine: {'line': b'-- Up-to-date: /home/greyflon/lab_2025/install/two_wheeled_robot/share/two_wheeled_robot/models/aws_robomaker_warehouse_WallB_01/meshes/aws_robomaker_warehouse_WallB_01_visual.DAE\n'}
[0.645169] (two_wheeled_robot) StdoutLine: {'line': b'-- Up-to-date: /home/greyflon/lab_2025/install/two_wheeled_robot/share/two_wheeled_robot/models/aws_robomaker_warehouse_WallB_01/materials\n'}
[0.645233] (two_wheeled_robot) StdoutLine: {'line': b'-- Up-to-date: /home/greyflon/lab_2025/install/two_wheeled_robot/share/two_wheeled_robot/models/aws_robomaker_warehouse_WallB_01/materials/textures\n'}
[0.645329] (two_wheeled_robot) StdoutLine: {'line': b'-- Up-to-date: /home/greyflon/lab_2025/install/two_wheeled_robot/share/two_wheeled_robot/models/aws_robomaker_warehouse_WallB_01/materials/textures/aws_robomaker_warehouse_WallB_01.png\n'}
[0.645408] (two_wheeled_robot) StdoutLine: {'line': b'-- Up-to-date: /home/greyflon/lab_2025/install/two_wheeled_robot/share/two_wheeled_robot/models/aws_robomaker_warehouse_WallB_01/model.sdf\n'}
[0.645493] (two_wheeled_robot) StdoutLine: {'line': b'-- Up-to-date: /home/greyflon/lab_2025/install/two_wheeled_robot/share/two_wheeled_robot/models/desk\n'}
[0.645557] (two_wheeled_robot) StdoutLine: {'line': b'-- Up-to-date: /home/greyflon/lab_2025/install/two_wheeled_robot/share/two_wheeled_robot/models/desk/model.config\n'}
[0.645643] (two_wheeled_robot) StdoutLine: {'line': b'-- Up-to-date: /home/greyflon/lab_2025/install/two_wheeled_robot/share/two_wheeled_robot/models/desk/meshes\n'}
[0.645733] (two_wheeled_robot) StdoutLine: {'line': b'-- Up-to-date: /home/greyflon/lab_2025/install/two_wheeled_robot/share/two_wheeled_robot/models/desk/meshes/desk.obj\n'}
[0.645806] (two_wheeled_robot) StdoutLine: {'line': b'-- Up-to-date: /home/greyflon/lab_2025/install/two_wheeled_robot/share/two_wheeled_robot/models/desk/meshes/desk.mtl\n'}
[0.645884] (two_wheeled_robot) StdoutLine: {'line': b'-- Up-to-date: /home/greyflon/lab_2025/install/two_wheeled_robot/share/two_wheeled_robot/models/desk/materials\n'}
[0.645947] (two_wheeled_robot) StdoutLine: {'line': b'-- Up-to-date: /home/greyflon/lab_2025/install/two_wheeled_robot/share/two_wheeled_robot/models/desk/materials/textures\n'}
[0.646030] (two_wheeled_robot) StdoutLine: {'line': b'-- Up-to-date: /home/greyflon/lab_2025/install/two_wheeled_robot/share/two_wheeled_robot/models/desk/materials/textures/desk.png\n'}
[0.646113] (two_wheeled_robot) StdoutLine: {'line': b'-- Up-to-date: /home/greyflon/lab_2025/install/two_wheeled_robot/share/two_wheeled_robot/models/desk/model.sdf\n'}
[0.646190] (two_wheeled_robot) StdoutLine: {'line': b'-- Up-to-date: /home/greyflon/lab_2025/install/two_wheeled_robot/share/two_wheeled_robot/models/submarine_buoyant\n'}
[0.646258] (two_wheeled_robot) StdoutLine: {'line': b'-- Up-to-date: /home/greyflon/lab_2025/install/two_wheeled_robot/share/two_wheeled_robot/models/submarine_buoyant/model.config\n'}
[0.646334] (two_wheeled_robot) StdoutLine: {'line': b'-- Up-to-date: /home/greyflon/lab_2025/install/two_wheeled_robot/share/two_wheeled_robot/models/submarine_buoyant/model.sdf\n'}
[0.646401] (two_wheeled_robot) StdoutLine: {'line': b'-- Up-to-date: /home/greyflon/lab_2025/install/two_wheeled_robot/share/two_wheeled_robot/models/submarine_buoyant/model.sdf.erb\n'}
[0.646487] (two_wheeled_robot) StdoutLine: {'line': b'-- Up-to-date: /home/greyflon/lab_2025/install/two_wheeled_robot/share/two_wheeled_robot/models/aws_robomaker_residential_DeskPortraitD_02\n'}
[0.646566] (two_wheeled_robot) StdoutLine: {'line': b'-- Up-to-date: /home/greyflon/lab_2025/install/two_wheeled_robot/share/two_wheeled_robot/models/aws_robomaker_residential_DeskPortraitD_02/model.config\n'}
[0.646652] (two_wheeled_robot) StdoutLine: {'line': b'-- Up-to-date: /home/greyflon/lab_2025/install/two_wheeled_robot/share/two_wheeled_robot/models/aws_robomaker_residential_DeskPortraitD_02/meshes\n'}
[0.646743] (two_wheeled_robot) StdoutLine: {'line': b'-- Up-to-date: /home/greyflon/lab_2025/install/two_wheeled_robot/share/two_wheeled_robot/models/aws_robomaker_residential_DeskPortraitD_02/meshes/aws_DeskPortraitD_01_visual.DAE\n'}
[0.646824] (two_wheeled_robot) StdoutLine: {'line': b'-- Up-to-date: /home/greyflon/lab_2025/install/two_wheeled_robot/share/two_wheeled_robot/models/aws_robomaker_residential_DeskPortraitD_02/meshes/aws_DeskPortraitD_01_collision.DAE\n'}
[0.646916] (two_wheeled_robot) StdoutLine: {'line': b'-- Up-to-date: /home/greyflon/lab_2025/install/two_wheeled_robot/share/two_wheeled_robot/models/aws_robomaker_residential_DeskPortraitD_02/materials\n'}
[0.646997] (two_wheeled_robot) StdoutLine: {'line': b'-- Up-to-date: /home/greyflon/lab_2025/install/two_wheeled_robot/share/two_wheeled_robot/models/aws_robomaker_residential_DeskPortraitD_02/materials/textures\n'}
[0.647094] (two_wheeled_robot) StdoutLine: {'line': b'-- Up-to-date: /home/greyflon/lab_2025/install/two_wheeled_robot/share/two_wheeled_robot/models/aws_robomaker_residential_DeskPortraitD_02/materials/textures/aws_DeskPortraitD_02.png\n'}
[0.647181] (two_wheeled_robot) StdoutLine: {'line': b'-- Up-to-date: /home/greyflon/lab_2025/install/two_wheeled_robot/share/two_wheeled_robot/models/aws_robomaker_residential_DeskPortraitD_02/materials/textures/aws_DeskPortraitD_01.png\n'}
[0.647261] (two_wheeled_robot) StdoutLine: {'line': b'-- Up-to-date: /home/greyflon/lab_2025/install/two_wheeled_robot/share/two_wheeled_robot/models/aws_robomaker_residential_DeskPortraitD_02/materials/textures/DeskPortraitD_02.jpg\n'}
[0.647351] (two_wheeled_robot) StdoutLine: {'line': b'-- Up-to-date: /home/greyflon/lab_2025/install/two_wheeled_robot/share/two_wheeled_robot/models/aws_robomaker_residential_DeskPortraitD_02/model.sdf\n'}
[0.647428] (two_wheeled_robot) StdoutLine: {'line': b'-- Up-to-date: /home/greyflon/lab_2025/install/two_wheeled_robot/share/two_wheeled_robot/models/VendingMachine\n'}
[0.647516] (two_wheeled_robot) StdoutLine: {'line': b'-- Up-to-date: /home/greyflon/lab_2025/install/two_wheeled_robot/share/two_wheeled_robot/models/VendingMachine/model.config\n'}
[0.647601] (two_wheeled_robot) StdoutLine: {'line': b'-- Up-to-date: /home/greyflon/lab_2025/install/two_wheeled_robot/share/two_wheeled_robot/models/VendingMachine/meshes\n'}
[0.647686] (two_wheeled_robot) StdoutLine: {'line': b'-- Up-to-date: /home/greyflon/lab_2025/install/two_wheeled_robot/share/two_wheeled_robot/models/VendingMachine/meshes/VendingMachine.mtl\n'}
[0.647777] (two_wheeled_robot) StdoutLine: {'line': b'-- Up-to-date: /home/greyflon/lab_2025/install/two_wheeled_robot/share/two_wheeled_robot/models/VendingMachine/meshes/VendingMachine_Diffuse.png\n'}
[0.647853] (two_wheeled_robot) StdoutLine: {'line': b'-- Up-to-date: /home/greyflon/lab_2025/install/two_wheeled_robot/share/two_wheeled_robot/models/VendingMachine/meshes/VendingMachine.obj\n'}
[0.647918] (two_wheeled_robot) StdoutLine: {'line': b'-- Up-to-date: /home/greyflon/lab_2025/install/two_wheeled_robot/share/two_wheeled_robot/models/VendingMachine/thumbnails\n'}
[0.648004] (two_wheeled_robot) StdoutLine: {'line': b'-- Up-to-date: /home/greyflon/lab_2025/install/two_wheeled_robot/share/two_wheeled_robot/models/VendingMachine/thumbnails/5.png\n'}
[0.648085] (two_wheeled_robot) StdoutLine: {'line': b'-- Up-to-date: /home/greyflon/lab_2025/install/two_wheeled_robot/share/two_wheeled_robot/models/VendingMachine/thumbnails/1.png\n'}
[0.648157] (two_wheeled_robot) StdoutLine: {'line': b'-- Up-to-date: /home/greyflon/lab_2025/install/two_wheeled_robot/share/two_wheeled_robot/models/VendingMachine/thumbnails/2.png\n'}
[0.648232] (two_wheeled_robot) StdoutLine: {'line': b'-- Up-to-date: /home/greyflon/lab_2025/install/two_wheeled_robot/share/two_wheeled_robot/models/VendingMachine/thumbnails/4.png\n'}
[0.648316] (two_wheeled_robot) StdoutLine: {'line': b'-- Up-to-date: /home/greyflon/lab_2025/install/two_wheeled_robot/share/two_wheeled_robot/models/VendingMachine/thumbnails/3.png\n'}
[0.648393] (two_wheeled_robot) StdoutLine: {'line': b'-- Up-to-date: /home/greyflon/lab_2025/install/two_wheeled_robot/share/two_wheeled_robot/models/VendingMachine/model.sdf\n'}
[0.648473] (two_wheeled_robot) StdoutLine: {'line': b'-- Up-to-date: /home/greyflon/lab_2025/install/two_wheeled_robot/share/two_wheeled_robot/models/marker_infini_logo\n'}
[0.648564] (two_wheeled_robot) StdoutLine: {'line': b'-- Up-to-date: /home/greyflon/lab_2025/install/two_wheeled_robot/share/two_wheeled_robot/models/marker_infini_logo/model.config~.xml\n'}
[0.648642] (two_wheeled_robot) StdoutLine: {'line': b'-- Up-to-date: /home/greyflon/lab_2025/install/two_wheeled_robot/share/two_wheeled_robot/models/marker_infini_logo/model.sdf~\n'}
[0.648719] (two_wheeled_robot) StdoutLine: {'line': b'-- Up-to-date: /home/greyflon/lab_2025/install/two_wheeled_robot/share/two_wheeled_robot/models/marker_infini_logo/model-1_4.sdf\n'}
[0.648799] (two_wheeled_robot) StdoutLine: {'line': b'-- Up-to-date: /home/greyflon/lab_2025/install/two_wheeled_robot/share/two_wheeled_robot/models/marker_infini_logo/model.config\n'}
[0.648876] (two_wheeled_robot) StdoutLine: {'line': b'-- Up-to-date: /home/greyflon/lab_2025/install/two_wheeled_robot/share/two_wheeled_robot/models/marker_infini_logo/meshes\n'}
[0.648961] (two_wheeled_robot) StdoutLine: {'line': b'-- Up-to-date: /home/greyflon/lab_2025/install/two_wheeled_robot/share/two_wheeled_robot/models/marker_infini_logo/meshes/Marker0.dae\n'}
[0.649039] (two_wheeled_robot) StdoutLine: {'line': b'-- Up-to-date: /home/greyflon/lab_2025/install/two_wheeled_robot/share/two_wheeled_robot/models/marker_infini_logo/materials\n'}
[0.649120] (two_wheeled_robot) StdoutLine: {'line': b'-- Up-to-date: /home/greyflon/lab_2025/install/two_wheeled_robot/share/two_wheeled_robot/models/marker_infini_logo/materials/textures\n'}
[0.649206] (two_wheeled_robot) StdoutLine: {'line': b'-- Up-to-date: /home/greyflon/lab_2025/install/two_wheeled_robot/share/two_wheeled_robot/models/marker_infini_logo/materials/textures/Marker0_tmp.png\n'}
[0.649271] (two_wheeled_robot) StdoutLine: {'line': b'-- Up-to-date: /home/greyflon/lab_2025/install/two_wheeled_robot/share/two_wheeled_robot/models/marker_infini_logo/materials/textures/BKP_Marker0.png\n'}
[0.649353] (two_wheeled_robot) StdoutLine: {'line': b'-- Up-to-date: /home/greyflon/lab_2025/install/two_wheeled_robot/share/two_wheeled_robot/models/marker_infini_logo/materials/textures/Marker0.png\n'}
[0.649430] (two_wheeled_robot) StdoutLine: {'line': b'-- Up-to-date: /home/greyflon/lab_2025/install/two_wheeled_robot/share/two_wheeled_robot/models/marker_infini_logo/model.sdf\n'}
[0.649510] (two_wheeled_robot) StdoutLine: {'line': b'-- Up-to-date: /home/greyflon/lab_2025/install/two_wheeled_robot/share/two_wheeled_robot/models/marker_infini_logo/model-1_5.sdf~\n'}
[0.649585] (two_wheeled_robot) StdoutLine: {'line': b'-- Up-to-date: /home/greyflon/lab_2025/install/two_wheeled_robot/share/two_wheeled_robot/models/marker_infini_logo/model-1_5.sdf\n'}
[0.649669] (two_wheeled_robot) StdoutLine: {'line': b'-- Up-to-date: /home/greyflon/lab_2025/install/two_wheeled_robot/share/two_wheeled_robot/models/marker_infini_logo/model-1_4.sdf~\n'}
[0.649756] (two_wheeled_robot) StdoutLine: {'line': b'-- Up-to-date: /home/greyflon/lab_2025/install/two_wheeled_robot/share/two_wheeled_robot/models/aws_robomaker_residential_PortraitE_01\n'}
[0.649826] (two_wheeled_robot) StdoutLine: {'line': b'-- Up-to-date: /home/greyflon/lab_2025/install/two_wheeled_robot/share/two_wheeled_robot/models/aws_robomaker_residential_PortraitE_01/model.config\n'}
[0.649927] (two_wheeled_robot) StdoutLine: {'line': b'-- Up-to-date: /home/greyflon/lab_2025/install/two_wheeled_robot/share/two_wheeled_robot/models/aws_robomaker_residential_PortraitE_01/meshes\n'}
[0.650006] (two_wheeled_robot) StdoutLine: {'line': b'-- Up-to-date: /home/greyflon/lab_2025/install/two_wheeled_robot/share/two_wheeled_robot/models/aws_robomaker_residential_PortraitE_01/meshes/aws_PortraitE_01_visual.DAE\n'}
[0.650082] (two_wheeled_robot) StdoutLine: {'line': b'-- Up-to-date: /home/greyflon/lab_2025/install/two_wheeled_robot/share/two_wheeled_robot/models/aws_robomaker_residential_PortraitE_01/meshes/aws_PortraitE_01_collision.DAE\n'}
[0.650174] (two_wheeled_robot) StdoutLine: {'line': b'-- Up-to-date: /home/greyflon/lab_2025/install/two_wheeled_robot/share/two_wheeled_robot/models/aws_robomaker_residential_PortraitE_01/materials\n'}
[0.650266] (two_wheeled_robot) StdoutLine: {'line': b'-- Up-to-date: /home/greyflon/lab_2025/install/two_wheeled_robot/share/two_wheeled_robot/models/aws_robomaker_residential_PortraitE_01/materials/textures\n'}
[0.650346] (two_wheeled_robot) StdoutLine: {'line': b'-- Up-to-date: /home/greyflon/lab_2025/install/two_wheeled_robot/share/two_wheeled_robot/models/aws_robomaker_residential_PortraitE_01/materials/textures/aws_PortraitE_01.png\n'}
[0.650435] (two_wheeled_robot) StdoutLine: {'line': b'-- Up-to-date: /home/greyflon/lab_2025/install/two_wheeled_robot/share/two_wheeled_robot/models/aws_robomaker_residential_PortraitE_01/materials/textures/aws_PortraitE_02.png\n'}
[0.650502] (two_wheeled_robot) StdoutLine: {'line': b'-- Up-to-date: /home/greyflon/lab_2025/install/two_wheeled_robot/share/two_wheeled_robot/models/aws_robomaker_residential_PortraitE_01/materials/textures/PortraitE_01.jpg\n'}
[0.650587] (two_wheeled_robot) StdoutLine: {'line': b'-- Up-to-date: /home/greyflon/lab_2025/install/two_wheeled_robot/share/two_wheeled_robot/models/aws_robomaker_residential_PortraitE_01/model.sdf\n'}
[0.650667] (two_wheeled_robot) StdoutLine: {'line': b'-- Up-to-date: /home/greyflon/lab_2025/install/two_wheeled_robot/share/two_wheeled_robot/models/aws_robomaker_residential_DeskPortraitC_02\n'}
[0.650767] (two_wheeled_robot) StdoutLine: {'line': b'-- Up-to-date: /home/greyflon/lab_2025/install/two_wheeled_robot/share/two_wheeled_robot/models/aws_robomaker_residential_DeskPortraitC_02/model.config\n'}
[0.650845] (two_wheeled_robot) StdoutLine: {'line': b'-- Up-to-date: /home/greyflon/lab_2025/install/two_wheeled_robot/share/two_wheeled_robot/models/aws_robomaker_residential_DeskPortraitC_02/meshes\n'}
[0.650922] (two_wheeled_robot) StdoutLine: {'line': b'-- Up-to-date: /home/greyflon/lab_2025/install/two_wheeled_robot/share/two_wheeled_robot/models/aws_robomaker_residential_DeskPortraitC_02/meshes/aws_DeskPortraitC_01_collision.DAE\n'}
[0.651008] (two_wheeled_robot) StdoutLine: {'line': b'-- Up-to-date: /home/greyflon/lab_2025/install/two_wheeled_robot/share/two_wheeled_robot/models/aws_robomaker_residential_DeskPortraitC_02/meshes/aws_DeskPortraitC_01_visual.DAE\n'}
[0.651091] (two_wheeled_robot) StdoutLine: {'line': b'-- Up-to-date: /home/greyflon/lab_2025/install/two_wheeled_robot/share/two_wheeled_robot/models/aws_robomaker_residential_DeskPortraitC_02/materials\n'}
[0.651172] (two_wheeled_robot) StdoutLine: {'line': b'-- Up-to-date: /home/greyflon/lab_2025/install/two_wheeled_robot/share/two_wheeled_robot/models/aws_robomaker_residential_DeskPortraitC_02/materials/textures\n'}
[0.651250] (two_wheeled_robot) StdoutLine: {'line': b'-- Up-to-date: /home/greyflon/lab_2025/install/two_wheeled_robot/share/two_wheeled_robot/models/aws_robomaker_residential_DeskPortraitC_02/materials/textures/aws_DeskPortraitC_01.png\n'}
[0.651328] (two_wheeled_robot) StdoutLine: {'line': b'-- Up-to-date: /home/greyflon/lab_2025/install/two_wheeled_robot/share/two_wheeled_robot/models/aws_robomaker_residential_DeskPortraitC_02/materials/textures/aws_DeskPortraitC_02.png\n'}
[0.651414] (two_wheeled_robot) StdoutLine: {'line': b'-- Up-to-date: /home/greyflon/lab_2025/install/two_wheeled_robot/share/two_wheeled_robot/models/aws_robomaker_residential_DeskPortraitC_02/materials/textures/DeskPortraitC_02.jpg\n'}
[0.651495] (two_wheeled_robot) StdoutLine: {'line': b'-- Up-to-date: /home/greyflon/lab_2025/install/two_wheeled_robot/share/two_wheeled_robot/models/aws_robomaker_residential_DeskPortraitC_02/model.sdf\n'}
[0.651572] (two_wheeled_robot) StdoutLine: {'line': b'-- Up-to-date: /home/greyflon/lab_2025/install/two_wheeled_robot/share/two_wheeled_robot/models/BloodPressureMonitor\n'}
[0.651657] (two_wheeled_robot) StdoutLine: {'line': b'-- Up-to-date: /home/greyflon/lab_2025/install/two_wheeled_robot/share/two_wheeled_robot/models/BloodPressureMonitor/model.config\n'}
[0.651759] (two_wheeled_robot) StdoutLine: {'line': b'-- Up-to-date: /home/greyflon/lab_2025/install/two_wheeled_robot/share/two_wheeled_robot/models/BloodPressureMonitor/meshes\n'}
[0.651838] (two_wheeled_robot) StdoutLine: {'line': b'-- Up-to-date: /home/greyflon/lab_2025/install/two_wheeled_robot/share/two_wheeled_robot/models/BloodPressureMonitor/meshes/BloodPressureMonitor.png\n'}
[0.651919] (two_wheeled_robot) StdoutLine: {'line': b'-- Up-to-date: /home/greyflon/lab_2025/install/two_wheeled_robot/share/two_wheeled_robot/models/BloodPressureMonitor/meshes/BloodPressureMonitor_Col.obj\n'}
[0.652007] (two_wheeled_robot) StdoutLine: {'line': b'-- Up-to-date: /home/greyflon/lab_2025/install/two_wheeled_robot/share/two_wheeled_robot/models/BloodPressureMonitor/meshes/BloodPressureMonitor_Col.mtl\n'}
[0.652076] (two_wheeled_robot) StdoutLine: {'line': b'-- Up-to-date: /home/greyflon/lab_2025/install/two_wheeled_robot/share/two_wheeled_robot/models/BloodPressureMonitor/meshes/BloodPressureMonitor.mtl\n'}
[0.652143] (two_wheeled_robot) StdoutLine: {'line': b'-- Up-to-date: /home/greyflon/lab_2025/install/two_wheeled_robot/share/two_wheeled_robot/models/BloodPressureMonitor/meshes/BloodPressureMonitor.obj\n'}
[0.652230] (two_wheeled_robot) StdoutLine: {'line': b'-- Up-to-date: /home/greyflon/lab_2025/install/two_wheeled_robot/share/two_wheeled_robot/models/BloodPressureMonitor/thumbnails\n'}
[0.652309] (two_wheeled_robot) StdoutLine: {'line': b'-- Up-to-date: /home/greyflon/lab_2025/install/two_wheeled_robot/share/two_wheeled_robot/models/BloodPressureMonitor/thumbnails/5.png\n'}
[0.652396] (two_wheeled_robot) StdoutLine: {'line': b'-- Up-to-date: /home/greyflon/lab_2025/install/two_wheeled_robot/share/two_wheeled_robot/models/BloodPressureMonitor/thumbnails/1.png\n'}
[0.652471] (two_wheeled_robot) StdoutLine: {'line': b'-- Up-to-date: /home/greyflon/lab_2025/install/two_wheeled_robot/share/two_wheeled_robot/models/BloodPressureMonitor/thumbnails/2.png\n'}
[0.652556] (two_wheeled_robot) StdoutLine: {'line': b'-- Up-to-date: /home/greyflon/lab_2025/install/two_wheeled_robot/share/two_wheeled_robot/models/BloodPressureMonitor/thumbnails/4.png\n'}
[0.652635] (two_wheeled_robot) StdoutLine: {'line': b'-- Up-to-date: /home/greyflon/lab_2025/install/two_wheeled_robot/share/two_wheeled_robot/models/BloodPressureMonitor/thumbnails/3.png\n'}
[0.652713] (two_wheeled_robot) StdoutLine: {'line': b'-- Up-to-date: /home/greyflon/lab_2025/install/two_wheeled_robot/share/two_wheeled_robot/models/BloodPressureMonitor/model.sdf\n'}
[0.652793] (two_wheeled_robot) StdoutLine: {'line': b'-- Up-to-date: /home/greyflon/lab_2025/install/two_wheeled_robot/share/two_wheeled_robot/models/shelves_high2\n'}
[0.652872] (two_wheeled_robot) StdoutLine: {'line': b'-- Up-to-date: /home/greyflon/lab_2025/install/two_wheeled_robot/share/two_wheeled_robot/models/shelves_high2/model.config\n'}
[0.652955] (two_wheeled_robot) StdoutLine: {'line': b'-- Up-to-date: /home/greyflon/lab_2025/install/two_wheeled_robot/share/two_wheeled_robot/models/shelves_high2/meshes\n'}
[0.653033] (two_wheeled_robot) StdoutLine: {'line': b'-- Up-to-date: /home/greyflon/lab_2025/install/two_wheeled_robot/share/two_wheeled_robot/models/shelves_high2/meshes/shelves_high2.dae\n'}
[0.653113] (two_wheeled_robot) StdoutLine: {'line': b'-- Up-to-date: /home/greyflon/lab_2025/install/two_wheeled_robot/share/two_wheeled_robot/models/shelves_high2/meshes/shelves_high2_collision.dae\n'}
[0.653192] (two_wheeled_robot) StdoutLine: {'line': b'-- Up-to-date: /home/greyflon/lab_2025/install/two_wheeled_robot/share/two_wheeled_robot/models/shelves_high2/materials\n'}
[0.653279] (two_wheeled_robot) StdoutLine: {'line': b'-- Up-to-date: /home/greyflon/lab_2025/install/two_wheeled_robot/share/two_wheeled_robot/models/shelves_high2/materials/textures\n'}
[0.653358] (two_wheeled_robot) StdoutLine: {'line': b'-- Up-to-date: /home/greyflon/lab_2025/install/two_wheeled_robot/share/two_wheeled_robot/models/shelves_high2/materials/textures/__CorrogateShiny_.jpg\n'}
[0.653450] (two_wheeled_robot) StdoutLine: {'line': b'-- Up-to-date: /home/greyflon/lab_2025/install/two_wheeled_robot/share/two_wheeled_robot/models/shelves_high2/model.sdf\n'}
[0.653539] (two_wheeled_robot) StdoutLine: {'line': b'-- Up-to-date: /home/greyflon/lab_2025/install/two_wheeled_robot/share/two_wheeled_robot/models/MaleVisitorSit\n'}
[0.653618] (two_wheeled_robot) StdoutLine: {'line': b'-- Up-to-date: /home/greyflon/lab_2025/install/two_wheeled_robot/share/two_wheeled_robot/models/MaleVisitorSit/model.config\n'}
[0.653693] (two_wheeled_robot) StdoutLine: {'line': b'-- Up-to-date: /home/greyflon/lab_2025/install/two_wheeled_robot/share/two_wheeled_robot/models/MaleVisitorSit/meshes\n'}
[0.653782] (two_wheeled_robot) StdoutLine: {'line': b'-- Up-to-date: /home/greyflon/lab_2025/install/two_wheeled_robot/share/two_wheeled_robot/models/MaleVisitorSit/meshes/Phone.png\n'}
[0.653872] (two_wheeled_robot) StdoutLine: {'line': b'-- Up-to-date: /home/greyflon/lab_2025/install/two_wheeled_robot/share/two_wheeled_robot/models/MaleVisitorSit/meshes/MaleVisitorSit_Col.mtl\n'}
[0.653936] (two_wheeled_robot) StdoutLine: {'line': b'-- Up-to-date: /home/greyflon/lab_2025/install/two_wheeled_robot/share/two_wheeled_robot/models/MaleVisitorSit/meshes/MaleVisitorSit.obj\n'}
[0.654023] (two_wheeled_robot) StdoutLine: {'line': b'-- Up-to-date: /home/greyflon/lab_2025/install/two_wheeled_robot/share/two_wheeled_robot/models/MaleVisitorSit/meshes/MaleVisitorSit_Col.obj\n'}
[0.654101] (two_wheeled_robot) StdoutLine: {'line': b'-- Up-to-date: /home/greyflon/lab_2025/install/two_wheeled_robot/share/two_wheeled_robot/models/MaleVisitorSit/meshes/MaleVisitorSit.mtl\n'}
[0.654187] (two_wheeled_robot) StdoutLine: {'line': b'-- Up-to-date: /home/greyflon/lab_2025/install/two_wheeled_robot/share/two_wheeled_robot/models/MaleVisitorSit/meshes/MaleVisitorSit.png\n'}
[0.654258] (two_wheeled_robot) StdoutLine: {'line': b'-- Up-to-date: /home/greyflon/lab_2025/install/two_wheeled_robot/share/two_wheeled_robot/models/MaleVisitorSit/thumbnails\n'}
[0.654354] (two_wheeled_robot) StdoutLine: {'line': b'-- Up-to-date: /home/greyflon/lab_2025/install/two_wheeled_robot/share/two_wheeled_robot/models/MaleVisitorSit/thumbnails/5.png\n'}
[0.654431] (two_wheeled_robot) StdoutLine: {'line': b'-- Up-to-date: /home/greyflon/lab_2025/install/two_wheeled_robot/share/two_wheeled_robot/models/MaleVisitorSit/thumbnails/1.png\n'}
[0.654511] (two_wheeled_robot) StdoutLine: {'line': b'-- Up-to-date: /home/greyflon/lab_2025/install/two_wheeled_robot/share/two_wheeled_robot/models/MaleVisitorSit/thumbnails/2.png\n'}
[0.654587] (two_wheeled_robot) StdoutLine: {'line': b'-- Up-to-date: /home/greyflon/lab_2025/install/two_wheeled_robot/share/two_wheeled_robot/models/MaleVisitorSit/thumbnails/4.png\n'}
[0.654669] (two_wheeled_robot) StdoutLine: {'line': b'-- Up-to-date: /home/greyflon/lab_2025/install/two_wheeled_robot/share/two_wheeled_robot/models/MaleVisitorSit/thumbnails/3.png\n'}
[0.654756] (two_wheeled_robot) StdoutLine: {'line': b'-- Up-to-date: /home/greyflon/lab_2025/install/two_wheeled_robot/share/two_wheeled_robot/models/MaleVisitorSit/model.sdf\n'}
[0.654829] (two_wheeled_robot) StdoutLine: {'line': b'-- Up-to-date: /home/greyflon/lab_2025/install/two_wheeled_robot/share/two_wheeled_robot/models/bowl\n'}
[0.654904] (two_wheeled_robot) StdoutLine: {'line': b'-- Up-to-date: /home/greyflon/lab_2025/install/two_wheeled_robot/share/two_wheeled_robot/models/bowl/model-1_2.sdf\n'}
[0.654991] (two_wheeled_robot) StdoutLine: {'line': b'-- Up-to-date: /home/greyflon/lab_2025/install/two_wheeled_robot/share/two_wheeled_robot/models/bowl/model-1_4.sdf\n'}
[0.655069] (two_wheeled_robot) StdoutLine: {'line': b'-- Up-to-date: /home/greyflon/lab_2025/install/two_wheeled_robot/share/two_wheeled_robot/models/bowl/model.config\n'}
[0.655155] (two_wheeled_robot) StdoutLine: {'line': b'-- Up-to-date: /home/greyflon/lab_2025/install/two_wheeled_robot/share/two_wheeled_robot/models/bowl/meshes\n'}
[0.655220] (two_wheeled_robot) StdoutLine: {'line': b'-- Up-to-date: /home/greyflon/lab_2025/install/two_wheeled_robot/share/two_wheeled_robot/models/bowl/meshes/bowl.dae\n'}
[0.655282] (two_wheeled_robot) StdoutLine: {'line': b'-- Up-to-date: /home/greyflon/lab_2025/install/two_wheeled_robot/share/two_wheeled_robot/models/bowl/model.sdf\n'}
[0.655365] (two_wheeled_robot) StdoutLine: {'line': b'-- Up-to-date: /home/greyflon/lab_2025/install/two_wheeled_robot/share/two_wheeled_robot/models/bowl/model-1_3.sdf\n'}
[0.655442] (two_wheeled_robot) StdoutLine: {'line': b'-- Up-to-date: /home/greyflon/lab_2025/install/two_wheeled_robot/share/two_wheeled_robot/models/green_target\n'}
[0.655519] (two_wheeled_robot) StdoutLine: {'line': b'-- Up-to-date: /home/greyflon/lab_2025/install/two_wheeled_robot/share/two_wheeled_robot/models/green_target/model.config\n'}
[0.655595] (two_wheeled_robot) StdoutLine: {'line': b'-- Up-to-date: /home/greyflon/lab_2025/install/two_wheeled_robot/share/two_wheeled_robot/models/green_target/meshes\n'}
[0.655679] (two_wheeled_robot) StdoutLine: {'line': b'-- Up-to-date: /home/greyflon/lab_2025/install/two_wheeled_robot/share/two_wheeled_robot/models/green_target/meshes/green_target.dae\n'}
[0.655767] (two_wheeled_robot) StdoutLine: {'line': b'-- Up-to-date: /home/greyflon/lab_2025/install/two_wheeled_robot/share/two_wheeled_robot/models/green_target/model.sdf\n'}
[0.655836] (two_wheeled_robot) StdoutLine: {'line': b'-- Up-to-date: /home/greyflon/lab_2025/install/two_wheeled_robot/share/two_wheeled_robot/models/door\n'}
[0.655911] (two_wheeled_robot) StdoutLine: {'line': b'-- Up-to-date: /home/greyflon/lab_2025/install/two_wheeled_robot/share/two_wheeled_robot/models/door/model.config\n'}
[0.655981] (two_wheeled_robot) StdoutLine: {'line': b'-- Up-to-date: /home/greyflon/lab_2025/install/two_wheeled_robot/share/two_wheeled_robot/models/door/meshes\n'}
[0.656067] (two_wheeled_robot) StdoutLine: {'line': b'-- Up-to-date: /home/greyflon/lab_2025/install/two_wheeled_robot/share/two_wheeled_robot/models/door/meshes/door_frame.obj\n'}
[0.656144] (two_wheeled_robot) StdoutLine: {'line': b'-- Up-to-date: /home/greyflon/lab_2025/install/two_wheeled_robot/share/two_wheeled_robot/models/door/meshes/door.obj\n'}
[0.656228] (two_wheeled_robot) StdoutLine: {'line': b'-- Up-to-date: /home/greyflon/lab_2025/install/two_wheeled_robot/share/two_wheeled_robot/models/door/meshes/door.mtl\n'}
[0.656305] (two_wheeled_robot) StdoutLine: {'line': b'-- Up-to-date: /home/greyflon/lab_2025/install/two_wheeled_robot/share/two_wheeled_robot/models/door/meshes/door_door.obj\n'}
[0.656368] (two_wheeled_robot) StdoutLine: {'line': b'-- Up-to-date: /home/greyflon/lab_2025/install/two_wheeled_robot/share/two_wheeled_robot/models/door/materials\n'}
[0.656443] (two_wheeled_robot) StdoutLine: {'line': b'-- Up-to-date: /home/greyflon/lab_2025/install/two_wheeled_robot/share/two_wheeled_robot/models/door/materials/textures\n'}
[0.656526] (two_wheeled_robot) StdoutLine: {'line': b'-- Up-to-date: /home/greyflon/lab_2025/install/two_wheeled_robot/share/two_wheeled_robot/models/door/materials/textures/refrigerator.png\n'}
[0.656605] (two_wheeled_robot) StdoutLine: {'line': b'-- Up-to-date: /home/greyflon/lab_2025/install/two_wheeled_robot/share/two_wheeled_robot/models/door/materials/textures/ceiling.png\n'}
[0.656684] (two_wheeled_robot) StdoutLine: {'line': b'-- Up-to-date: /home/greyflon/lab_2025/install/two_wheeled_robot/share/two_wheeled_robot/models/door/materials/textures/door.png\n'}
[0.656774] (two_wheeled_robot) StdoutLine: {'line': b'-- Up-to-date: /home/greyflon/lab_2025/install/two_wheeled_robot/share/two_wheeled_robot/models/door/model.sdf\n'}
[0.656865] (two_wheeled_robot) StdoutLine: {'line': b'-- Up-to-date: /home/greyflon/lab_2025/install/two_wheeled_robot/share/two_wheeled_robot/models/TrolleyBed\n'}
[0.656942] (two_wheeled_robot) StdoutLine: {'line': b'-- Up-to-date: /home/greyflon/lab_2025/install/two_wheeled_robot/share/two_wheeled_robot/models/TrolleyBed/model.config\n'}
[0.657021] (two_wheeled_robot) StdoutLine: {'line': b'-- Up-to-date: /home/greyflon/lab_2025/install/two_wheeled_robot/share/two_wheeled_robot/models/TrolleyBed/meshes\n'}
[0.657096] (two_wheeled_robot) StdoutLine: {'line': b'-- Up-to-date: /home/greyflon/lab_2025/install/two_wheeled_robot/share/two_wheeled_robot/models/TrolleyBed/meshes/TrolleyBed.obj\n'}
[0.657177] (two_wheeled_robot) StdoutLine: {'line': b'-- Up-to-date: /home/greyflon/lab_2025/install/two_wheeled_robot/share/two_wheeled_robot/models/TrolleyBed/meshes/TrolleyBed.mtl\n'}
[0.657254] (two_wheeled_robot) StdoutLine: {'line': b'-- Up-to-date: /home/greyflon/lab_2025/install/two_wheeled_robot/share/two_wheeled_robot/models/TrolleyBed/meshes/TrolleyBed_Diffuse.png\n'}
[0.657330] (two_wheeled_robot) StdoutLine: {'line': b'-- Up-to-date: /home/greyflon/lab_2025/install/two_wheeled_robot/share/two_wheeled_robot/models/TrolleyBed/thumbnails\n'}
[0.657394] (two_wheeled_robot) StdoutLine: {'line': b'-- Up-to-date: /home/greyflon/lab_2025/install/two_wheeled_robot/share/two_wheeled_robot/models/TrolleyBed/thumbnails/5.png\n'}
[0.657471] (two_wheeled_robot) StdoutLine: {'line': b'-- Up-to-date: /home/greyflon/lab_2025/install/two_wheeled_robot/share/two_wheeled_robot/models/TrolleyBed/thumbnails/1.png\n'}
[0.657556] (two_wheeled_robot) StdoutLine: {'line': b'-- Up-to-date: /home/greyflon/lab_2025/install/two_wheeled_robot/share/two_wheeled_robot/models/TrolleyBed/thumbnails/2.png\n'}
[0.657633] (two_wheeled_robot) StdoutLine: {'line': b'-- Up-to-date: /home/greyflon/lab_2025/install/two_wheeled_robot/share/two_wheeled_robot/models/TrolleyBed/thumbnails/4.png\n'}
[0.657716] (two_wheeled_robot) StdoutLine: {'line': b'-- Up-to-date: /home/greyflon/lab_2025/install/two_wheeled_robot/share/two_wheeled_robot/models/TrolleyBed/thumbnails/3.png\n'}
[0.657798] (two_wheeled_robot) StdoutLine: {'line': b'-- Up-to-date: /home/greyflon/lab_2025/install/two_wheeled_robot/share/two_wheeled_robot/models/TrolleyBed/model.sdf\n'}
[0.657885] (two_wheeled_robot) StdoutLine: {'line': b'-- Up-to-date: /home/greyflon/lab_2025/install/two_wheeled_robot/share/two_wheeled_robot/models/aws_robomaker_residential_PortraitD_02\n'}
[0.657971] (two_wheeled_robot) StdoutLine: {'line': b'-- Up-to-date: /home/greyflon/lab_2025/install/two_wheeled_robot/share/two_wheeled_robot/models/aws_robomaker_residential_PortraitD_02/model.config\n'}
[0.658048] (two_wheeled_robot) StdoutLine: {'line': b'-- Up-to-date: /home/greyflon/lab_2025/install/two_wheeled_robot/share/two_wheeled_robot/models/aws_robomaker_residential_PortraitD_02/meshes\n'}
[0.658127] (two_wheeled_robot) StdoutLine: {'line': b'-- Up-to-date: /home/greyflon/lab_2025/install/two_wheeled_robot/share/two_wheeled_robot/models/aws_robomaker_residential_PortraitD_02/meshes/aws_PortraitD_01_collision.DAE\n'}
[0.658202] (two_wheeled_robot) StdoutLine: {'line': b'-- Up-to-date: /home/greyflon/lab_2025/install/two_wheeled_robot/share/two_wheeled_robot/models/aws_robomaker_residential_PortraitD_02/meshes/aws_PortraitD_01_visual.DAE\n'}
[0.658285] (two_wheeled_robot) StdoutLine: {'line': b'-- Up-to-date: /home/greyflon/lab_2025/install/two_wheeled_robot/share/two_wheeled_robot/models/aws_robomaker_residential_PortraitD_02/materials\n'}
[0.658362] (two_wheeled_robot) StdoutLine: {'line': b'-- Up-to-date: /home/greyflon/lab_2025/install/two_wheeled_robot/share/two_wheeled_robot/models/aws_robomaker_residential_PortraitD_02/materials/textures\n'}
[0.658428] (two_wheeled_robot) StdoutLine: {'line': b'-- Up-to-date: /home/greyflon/lab_2025/install/two_wheeled_robot/share/two_wheeled_robot/models/aws_robomaker_residential_PortraitD_02/materials/textures/aws_PortraitD_02.png\n'}
[0.658507] (two_wheeled_robot) StdoutLine: {'line': b'-- Up-to-date: /home/greyflon/lab_2025/install/two_wheeled_robot/share/two_wheeled_robot/models/aws_robomaker_residential_PortraitD_02/materials/textures/PortraitD_02.jpg\n'}
[0.658590] (two_wheeled_robot) StdoutLine: {'line': b'-- Up-to-date: /home/greyflon/lab_2025/install/two_wheeled_robot/share/two_wheeled_robot/models/aws_robomaker_residential_PortraitD_02/materials/textures/aws_PortraitD_01.png\n'}
[0.658667] (two_wheeled_robot) StdoutLine: {'line': b'-- Up-to-date: /home/greyflon/lab_2025/install/two_wheeled_robot/share/two_wheeled_robot/models/aws_robomaker_residential_PortraitD_02/model.sdf\n'}
[0.658752] (two_wheeled_robot) StdoutLine: {'line': b'-- Up-to-date: /home/greyflon/lab_2025/install/two_wheeled_robot/share/two_wheeled_robot/models/aws_robomaker_residential_BalconyTable_01\n'}
[0.658839] (two_wheeled_robot) StdoutLine: {'line': b'-- Up-to-date: /home/greyflon/lab_2025/install/two_wheeled_robot/share/two_wheeled_robot/models/aws_robomaker_residential_BalconyTable_01/model.config\n'}
[0.658902] (two_wheeled_robot) StdoutLine: {'line': b'-- Up-to-date: /home/greyflon/lab_2025/install/two_wheeled_robot/share/two_wheeled_robot/models/aws_robomaker_residential_BalconyTable_01/meshes\n'}
[0.658969] (two_wheeled_robot) StdoutLine: {'line': b'-- Up-to-date: /home/greyflon/lab_2025/install/two_wheeled_robot/share/two_wheeled_robot/models/aws_robomaker_residential_BalconyTable_01/meshes/aws_BalconyTable_01_collision.DAE\n'}
[0.659056] (two_wheeled_robot) StdoutLine: {'line': b'-- Up-to-date: /home/greyflon/lab_2025/install/two_wheeled_robot/share/two_wheeled_robot/models/aws_robomaker_residential_BalconyTable_01/meshes/aws_BalconyTable_01_visual.DAE\n'}
[0.659136] (two_wheeled_robot) StdoutLine: {'line': b'-- Up-to-date: /home/greyflon/lab_2025/install/two_wheeled_robot/share/two_wheeled_robot/models/aws_robomaker_residential_BalconyTable_01/materials\n'}
[0.659217] (two_wheeled_robot) StdoutLine: {'line': b'-- Up-to-date: /home/greyflon/lab_2025/install/two_wheeled_robot/share/two_wheeled_robot/models/aws_robomaker_residential_BalconyTable_01/materials/textures\n'}
[0.659302] (two_wheeled_robot) StdoutLine: {'line': b'-- Up-to-date: /home/greyflon/lab_2025/install/two_wheeled_robot/share/two_wheeled_robot/models/aws_robomaker_residential_BalconyTable_01/materials/textures/aws_BalconyTable_01.png\n'}
[0.659389] (two_wheeled_robot) StdoutLine: {'line': b'-- Up-to-date: /home/greyflon/lab_2025/install/two_wheeled_robot/share/two_wheeled_robot/models/aws_robomaker_residential_BalconyTable_01/model.sdf\n'}
[0.659469] (two_wheeled_robot) StdoutLine: {'line': b'-- Up-to-date: /home/greyflon/lab_2025/install/two_wheeled_robot/share/two_wheeled_robot/models/aws_robomaker_residential_PortraitD_01\n'}
[0.659555] (two_wheeled_robot) StdoutLine: {'line': b'-- Up-to-date: /home/greyflon/lab_2025/install/two_wheeled_robot/share/two_wheeled_robot/models/aws_robomaker_residential_PortraitD_01/model.config\n'}
[0.659620] (two_wheeled_robot) StdoutLine: {'line': b'-- Up-to-date: /home/greyflon/lab_2025/install/two_wheeled_robot/share/two_wheeled_robot/models/aws_robomaker_residential_PortraitD_01/meshes\n'}
[0.659703] (two_wheeled_robot) StdoutLine: {'line': b'-- Up-to-date: /home/greyflon/lab_2025/install/two_wheeled_robot/share/two_wheeled_robot/models/aws_robomaker_residential_PortraitD_01/meshes/aws_PortraitD_01_collision.DAE\n'}
[0.659795] (two_wheeled_robot) StdoutLine: {'line': b'-- Up-to-date: /home/greyflon/lab_2025/install/two_wheeled_robot/share/two_wheeled_robot/models/aws_robomaker_residential_PortraitD_01/meshes/aws_PortraitD_01_visual.DAE\n'}
[0.659874] (two_wheeled_robot) StdoutLine: {'line': b'-- Up-to-date: /home/greyflon/lab_2025/install/two_wheeled_robot/share/two_wheeled_robot/models/aws_robomaker_residential_PortraitD_01/materials\n'}
[0.659949] (two_wheeled_robot) StdoutLine: {'line': b'-- Up-to-date: /home/greyflon/lab_2025/install/two_wheeled_robot/share/two_wheeled_robot/models/aws_robomaker_residential_PortraitD_01/materials/textures\n'}
[0.660034] (two_wheeled_robot) StdoutLine: {'line': b'-- Up-to-date: /home/greyflon/lab_2025/install/two_wheeled_robot/share/two_wheeled_robot/models/aws_robomaker_residential_PortraitD_01/materials/textures/aws_PortraitD_02.png\n'}
[0.660112] (two_wheeled_robot) StdoutLine: {'line': b'-- Up-to-date: /home/greyflon/lab_2025/install/two_wheeled_robot/share/two_wheeled_robot/models/aws_robomaker_residential_PortraitD_01/materials/textures/PortraitD_01.jpg\n'}
[0.660189] (two_wheeled_robot) StdoutLine: {'line': b'-- Up-to-date: /home/greyflon/lab_2025/install/two_wheeled_robot/share/two_wheeled_robot/models/aws_robomaker_residential_PortraitD_01/materials/textures/aws_PortraitD_01.png\n'}
[0.660264] (two_wheeled_robot) StdoutLine: {'line': b'-- Up-to-date: /home/greyflon/lab_2025/install/two_wheeled_robot/share/two_wheeled_robot/models/aws_robomaker_residential_PortraitD_01/model.sdf\n'}
[0.660345] (two_wheeled_robot) StdoutLine: {'line': b'-- Up-to-date: /home/greyflon/lab_2025/install/two_wheeled_robot/share/two_wheeled_robot/models/aws_robomaker_residential_DeskPortraitD_03\n'}
[0.660421] (two_wheeled_robot) StdoutLine: {'line': b'-- Up-to-date: /home/greyflon/lab_2025/install/two_wheeled_robot/share/two_wheeled_robot/models/aws_robomaker_residential_DeskPortraitD_03/model.config\n'}
[0.660501] (two_wheeled_robot) StdoutLine: {'line': b'-- Up-to-date: /home/greyflon/lab_2025/install/two_wheeled_robot/share/two_wheeled_robot/models/aws_robomaker_residential_DeskPortraitD_03/meshes\n'}
[0.660581] (two_wheeled_robot) StdoutLine: {'line': b'-- Up-to-date: /home/greyflon/lab_2025/install/two_wheeled_robot/share/two_wheeled_robot/models/aws_robomaker_residential_DeskPortraitD_03/meshes/aws_DeskPortraitD_01_visual.DAE\n'}
[0.660669] (two_wheeled_robot) StdoutLine: {'line': b'-- Up-to-date: /home/greyflon/lab_2025/install/two_wheeled_robot/share/two_wheeled_robot/models/aws_robomaker_residential_DeskPortraitD_03/meshes/aws_DeskPortraitD_01_collision.DAE\n'}
[0.660756] (two_wheeled_robot) StdoutLine: {'line': b'-- Up-to-date: /home/greyflon/lab_2025/install/two_wheeled_robot/share/two_wheeled_robot/models/aws_robomaker_residential_DeskPortraitD_03/materials\n'}
[0.660857] (two_wheeled_robot) StdoutLine: {'line': b'-- Up-to-date: /home/greyflon/lab_2025/install/two_wheeled_robot/share/two_wheeled_robot/models/aws_robomaker_residential_DeskPortraitD_03/materials/textures\n'}
[0.660931] (two_wheeled_robot) StdoutLine: {'line': b'-- Up-to-date: /home/greyflon/lab_2025/install/two_wheeled_robot/share/two_wheeled_robot/models/aws_robomaker_residential_DeskPortraitD_03/materials/textures/aws_DeskPortraitD_02.png\n'}
[0.661020] (two_wheeled_robot) StdoutLine: {'line': b'-- Up-to-date: /home/greyflon/lab_2025/install/two_wheeled_robot/share/two_wheeled_robot/models/aws_robomaker_residential_DeskPortraitD_03/materials/textures/aws_DeskPortraitD_01.png\n'}
[0.661085] (two_wheeled_robot) StdoutLine: {'line': b'-- Up-to-date: /home/greyflon/lab_2025/install/two_wheeled_robot/share/two_wheeled_robot/models/aws_robomaker_residential_DeskPortraitD_03/materials/textures/DeskPortraitD_03.jpg\n'}
[0.661170] (two_wheeled_robot) StdoutLine: {'line': b'-- Up-to-date: /home/greyflon/lab_2025/install/two_wheeled_robot/share/two_wheeled_robot/models/aws_robomaker_residential_DeskPortraitD_03/model.sdf\n'}
[0.661249] (two_wheeled_robot) StdoutLine: {'line': b'-- Up-to-date: /home/greyflon/lab_2025/install/two_wheeled_robot/share/two_wheeled_robot/models/whiteboard\n'}
[0.661326] (two_wheeled_robot) StdoutLine: {'line': b'-- Up-to-date: /home/greyflon/lab_2025/install/two_wheeled_robot/share/two_wheeled_robot/models/whiteboard/model.config\n'}
[0.661401] (two_wheeled_robot) StdoutLine: {'line': b'-- Up-to-date: /home/greyflon/lab_2025/install/two_wheeled_robot/share/two_wheeled_robot/models/whiteboard/meshes\n'}
[0.661484] (two_wheeled_robot) StdoutLine: {'line': b'-- Up-to-date: /home/greyflon/lab_2025/install/two_wheeled_robot/share/two_wheeled_robot/models/whiteboard/meshes/whiteboard.mtl\n'}
[0.661562] (two_wheeled_robot) StdoutLine: {'line': b'-- Up-to-date: /home/greyflon/lab_2025/install/two_wheeled_robot/share/two_wheeled_robot/models/whiteboard/meshes/whiteboard.obj\n'}
[0.661641] (two_wheeled_robot) StdoutLine: {'line': b'-- Up-to-date: /home/greyflon/lab_2025/install/two_wheeled_robot/share/two_wheeled_robot/models/whiteboard/materials\n'}
[0.661716] (two_wheeled_robot) StdoutLine: {'line': b'-- Up-to-date: /home/greyflon/lab_2025/install/two_wheeled_robot/share/two_wheeled_robot/models/whiteboard/materials/textures\n'}
[0.661796] (two_wheeled_robot) StdoutLine: {'line': b'-- Up-to-date: /home/greyflon/lab_2025/install/two_wheeled_robot/share/two_wheeled_robot/models/whiteboard/materials/textures/whiteboard.png\n'}
[0.661897] (two_wheeled_robot) StdoutLine: {'line': b'-- Up-to-date: /home/greyflon/lab_2025/install/two_wheeled_robot/share/two_wheeled_robot/models/whiteboard/model.sdf\n'}
[0.661961] (two_wheeled_robot) StdoutLine: {'line': b'-- Up-to-date: /home/greyflon/lab_2025/install/two_wheeled_robot/share/two_wheeled_robot/models/mud_box\n'}
[0.662022] (two_wheeled_robot) StdoutLine: {'line': b'-- Up-to-date: /home/greyflon/lab_2025/install/two_wheeled_robot/share/two_wheeled_robot/models/mud_box/model-1_4.sdf\n'}
[0.662083] (two_wheeled_robot) StdoutLine: {'line': b'-- Up-to-date: /home/greyflon/lab_2025/install/two_wheeled_robot/share/two_wheeled_robot/models/mud_box/model.config\n'}
[0.662144] (two_wheeled_robot) StdoutLine: {'line': b'-- Up-to-date: /home/greyflon/lab_2025/install/two_wheeled_robot/share/two_wheeled_robot/models/mud_box/materials\n'}
[0.662234] (two_wheeled_robot) StdoutLine: {'line': b'-- Up-to-date: /home/greyflon/lab_2025/install/two_wheeled_robot/share/two_wheeled_robot/models/mud_box/materials/scripts\n'}
[0.662299] (two_wheeled_robot) StdoutLine: {'line': b'-- Up-to-date: /home/greyflon/lab_2025/install/two_wheeled_robot/share/two_wheeled_robot/models/mud_box/materials/scripts/mud.material\n'}
[0.662372] (two_wheeled_robot) StdoutLine: {'line': b'-- Up-to-date: /home/greyflon/lab_2025/install/two_wheeled_robot/share/two_wheeled_robot/models/mud_box/materials/textures\n'}
[0.662470] (two_wheeled_robot) StdoutLine: {'line': b'-- Up-to-date: /home/greyflon/lab_2025/install/two_wheeled_robot/share/two_wheeled_robot/models/mud_box/materials/textures/mud_soft_leaves.png\n'}
[0.662548] (two_wheeled_robot) StdoutLine: {'line': b'-- Up-to-date: /home/greyflon/lab_2025/install/two_wheeled_robot/share/two_wheeled_robot/models/mud_box/model.sdf\n'}
[0.662632] (two_wheeled_robot) StdoutLine: {'line': b'-- Up-to-date: /home/greyflon/lab_2025/install/two_wheeled_robot/share/two_wheeled_robot/models/desk_chair\n'}
[0.662708] (two_wheeled_robot) StdoutLine: {'line': b'-- Up-to-date: /home/greyflon/lab_2025/install/two_wheeled_robot/share/two_wheeled_robot/models/desk_chair/model.config\n'}
[0.662789] (two_wheeled_robot) StdoutLine: {'line': b'-- Up-to-date: /home/greyflon/lab_2025/install/two_wheeled_robot/share/two_wheeled_robot/models/desk_chair/meshes\n'}
[0.662854] (two_wheeled_robot) StdoutLine: {'line': b'-- Up-to-date: /home/greyflon/lab_2025/install/two_wheeled_robot/share/two_wheeled_robot/models/desk_chair/meshes/desk_chair.mtl\n'}
[0.662938] (two_wheeled_robot) StdoutLine: {'line': b'-- Up-to-date: /home/greyflon/lab_2025/install/two_wheeled_robot/share/two_wheeled_robot/models/desk_chair/meshes/desk_chair.obj\n'}
[0.663015] (two_wheeled_robot) StdoutLine: {'line': b'-- Up-to-date: /home/greyflon/lab_2025/install/two_wheeled_robot/share/two_wheeled_robot/models/desk_chair/materials\n'}
[0.663094] (two_wheeled_robot) StdoutLine: {'line': b'-- Up-to-date: /home/greyflon/lab_2025/install/two_wheeled_robot/share/two_wheeled_robot/models/desk_chair/materials/textures\n'}
[0.663168] (two_wheeled_robot) StdoutLine: {'line': b'-- Up-to-date: /home/greyflon/lab_2025/install/two_wheeled_robot/share/two_wheeled_robot/models/desk_chair/materials/textures/desk_chair.png\n'}
[0.663258] (two_wheeled_robot) StdoutLine: {'line': b'-- Up-to-date: /home/greyflon/lab_2025/install/two_wheeled_robot/share/two_wheeled_robot/models/desk_chair/model.sdf\n'}
[0.663337] (two_wheeled_robot) StdoutLine: {'line': b'-- Up-to-date: /home/greyflon/lab_2025/install/two_wheeled_robot/share/two_wheeled_robot/models/aws_robomaker_retail_Computer_01\n'}
[0.663411] (two_wheeled_robot) StdoutLine: {'line': b'-- Up-to-date: /home/greyflon/lab_2025/install/two_wheeled_robot/share/two_wheeled_robot/models/aws_robomaker_retail_Computer_01/model.config\n'}
[0.663488] (two_wheeled_robot) StdoutLine: {'line': b'-- Up-to-date: /home/greyflon/lab_2025/install/two_wheeled_robot/share/two_wheeled_robot/models/aws_robomaker_retail_Computer_01/meshes\n'}
[0.663562] (two_wheeled_robot) StdoutLine: {'line': b'-- Up-to-date: /home/greyflon/lab_2025/install/two_wheeled_robot/share/two_wheeled_robot/models/aws_robomaker_retail_Computer_01/meshes/aws_Computer_01_collision.DAE\n'}
[0.663644] (two_wheeled_robot) StdoutLine: {'line': b'-- Up-to-date: /home/greyflon/lab_2025/install/two_wheeled_robot/share/two_wheeled_robot/models/aws_robomaker_retail_Computer_01/meshes/aws_Computer_01_visual.DAE\n'}
[0.663722] (two_wheeled_robot) StdoutLine: {'line': b'-- Up-to-date: /home/greyflon/lab_2025/install/two_wheeled_robot/share/two_wheeled_robot/models/aws_robomaker_retail_Computer_01/materials\n'}
[0.663802] (two_wheeled_robot) StdoutLine: {'line': b'-- Up-to-date: /home/greyflon/lab_2025/install/two_wheeled_robot/share/two_wheeled_robot/models/aws_robomaker_retail_Computer_01/materials/textures\n'}
[0.663878] (two_wheeled_robot) StdoutLine: {'line': b'-- Up-to-date: /home/greyflon/lab_2025/install/two_wheeled_robot/share/two_wheeled_robot/models/aws_robomaker_retail_Computer_01/materials/textures/aws_Computer_01.png\n'}
[0.663965] (two_wheeled_robot) StdoutLine: {'line': b'-- Up-to-date: /home/greyflon/lab_2025/install/two_wheeled_robot/share/two_wheeled_robot/models/aws_robomaker_retail_Computer_01/model.sdf\n'}
[0.664042] (two_wheeled_robot) StdoutLine: {'line': b'-- Up-to-date: /home/greyflon/lab_2025/install/two_wheeled_robot/share/two_wheeled_robot/models/dumpster\n'}
[0.664123] (two_wheeled_robot) StdoutLine: {'line': b'-- Up-to-date: /home/greyflon/lab_2025/install/two_wheeled_robot/share/two_wheeled_robot/models/dumpster/model-1_4.sdf\n'}
[0.664205] (two_wheeled_robot) StdoutLine: {'line': b'-- Up-to-date: /home/greyflon/lab_2025/install/two_wheeled_robot/share/two_wheeled_robot/models/dumpster/model.config\n'}
[0.664286] (two_wheeled_robot) StdoutLine: {'line': b'-- Up-to-date: /home/greyflon/lab_2025/install/two_wheeled_robot/share/two_wheeled_robot/models/dumpster/meshes\n'}
[0.664362] (two_wheeled_robot) StdoutLine: {'line': b'-- Up-to-date: /home/greyflon/lab_2025/install/two_wheeled_robot/share/two_wheeled_robot/models/dumpster/meshes/dumpster.dae\n'}
[0.664438] (two_wheeled_robot) StdoutLine: {'line': b'-- Up-to-date: /home/greyflon/lab_2025/install/two_wheeled_robot/share/two_wheeled_robot/models/dumpster/materials\n'}
[0.664500] (two_wheeled_robot) StdoutLine: {'line': b'-- Up-to-date: /home/greyflon/lab_2025/install/two_wheeled_robot/share/two_wheeled_robot/models/dumpster/materials/scripts\n'}
[0.664572] (two_wheeled_robot) StdoutLine: {'line': b'-- Up-to-date: /home/greyflon/lab_2025/install/two_wheeled_robot/share/two_wheeled_robot/models/dumpster/materials/scripts/dumpster.material\n'}
[0.664654] (two_wheeled_robot) StdoutLine: {'line': b'-- Up-to-date: /home/greyflon/lab_2025/install/two_wheeled_robot/share/two_wheeled_robot/models/dumpster/materials/textures\n'}
[0.664735] (two_wheeled_robot) StdoutLine: {'line': b'-- Up-to-date: /home/greyflon/lab_2025/install/two_wheeled_robot/share/two_wheeled_robot/models/dumpster/materials/textures/Dumpster_Diffuse.png\n'}
[0.664808] (two_wheeled_robot) StdoutLine: {'line': b'-- Up-to-date: /home/greyflon/lab_2025/install/two_wheeled_robot/share/two_wheeled_robot/models/dumpster/materials/textures/Dumpster_Spec.png\n'}
[0.664884] (two_wheeled_robot) StdoutLine: {'line': b'-- Up-to-date: /home/greyflon/lab_2025/install/two_wheeled_robot/share/two_wheeled_robot/models/dumpster/model.sdf\n'}
[0.664966] (two_wheeled_robot) StdoutLine: {'line': b'-- Up-to-date: /home/greyflon/lab_2025/install/two_wheeled_robot/share/two_wheeled_robot/models/dumpster/model-1_3.sdf\n'}
[0.665044] (two_wheeled_robot) StdoutLine: {'line': b'-- Up-to-date: /home/greyflon/lab_2025/install/two_wheeled_robot/share/two_wheeled_robot/models/marker_infini2\n'}
[0.665124] (two_wheeled_robot) StdoutLine: {'line': b'-- Up-to-date: /home/greyflon/lab_2025/install/two_wheeled_robot/share/two_wheeled_robot/models/marker_infini2/model.config~.xml\n'}
[0.665198] (two_wheeled_robot) StdoutLine: {'line': b'-- Up-to-date: /home/greyflon/lab_2025/install/two_wheeled_robot/share/two_wheeled_robot/models/marker_infini2/model.sdf~\n'}
[0.665284] (two_wheeled_robot) StdoutLine: {'line': b'-- Up-to-date: /home/greyflon/lab_2025/install/two_wheeled_robot/share/two_wheeled_robot/models/marker_infini2/model-1_4.sdf\n'}
[0.665362] (two_wheeled_robot) StdoutLine: {'line': b'-- Up-to-date: /home/greyflon/lab_2025/install/two_wheeled_robot/share/two_wheeled_robot/models/marker_infini2/model.config\n'}
[0.665442] (two_wheeled_robot) StdoutLine: {'line': b'-- Up-to-date: /home/greyflon/lab_2025/install/two_wheeled_robot/share/two_wheeled_robot/models/marker_infini2/meshes\n'}
[0.665517] (two_wheeled_robot) StdoutLine: {'line': b'-- Up-to-date: /home/greyflon/lab_2025/install/two_wheeled_robot/share/two_wheeled_robot/models/marker_infini2/meshes/Marker0.dae\n'}
[0.665604] (two_wheeled_robot) StdoutLine: {'line': b'-- Up-to-date: /home/greyflon/lab_2025/install/two_wheeled_robot/share/two_wheeled_robot/models/marker_infini2/materials\n'}
[0.665683] (two_wheeled_robot) StdoutLine: {'line': b'-- Up-to-date: /home/greyflon/lab_2025/install/two_wheeled_robot/share/two_wheeled_robot/models/marker_infini2/materials/textures\n'}
[0.665777] (two_wheeled_robot) StdoutLine: {'line': b'-- Up-to-date: /home/greyflon/lab_2025/install/two_wheeled_robot/share/two_wheeled_robot/models/marker_infini2/materials/textures/BKP_Marker0.png\n'}
[0.665895] (two_wheeled_robot) StdoutLine: {'line': b'-- Up-to-date: /home/greyflon/lab_2025/install/two_wheeled_robot/share/two_wheeled_robot/models/marker_infini2/materials/textures/Marker0.png\n'}
[0.665987] (two_wheeled_robot) StdoutLine: {'line': b'-- Up-to-date: /home/greyflon/lab_2025/install/two_wheeled_robot/share/two_wheeled_robot/models/marker_infini2/model.sdf\n'}
[0.666072] (two_wheeled_robot) StdoutLine: {'line': b'-- Up-to-date: /home/greyflon/lab_2025/install/two_wheeled_robot/share/two_wheeled_robot/models/marker_infini2/model-1_5.sdf~\n'}
[0.666149] (two_wheeled_robot) StdoutLine: {'line': b'-- Up-to-date: /home/greyflon/lab_2025/install/two_wheeled_robot/share/two_wheeled_robot/models/marker_infini2/model-1_5.sdf\n'}
[0.666227] (two_wheeled_robot) StdoutLine: {'line': b'-- Up-to-date: /home/greyflon/lab_2025/install/two_wheeled_robot/share/two_wheeled_robot/models/marker_infini2/model-1_4.sdf~\n'}
[0.666303] (two_wheeled_robot) StdoutLine: {'line': b'-- Up-to-date: /home/greyflon/lab_2025/install/two_wheeled_robot/share/two_wheeled_robot/models/aws_robomaker_residential_SecurityCamera_01\n'}
[0.666387] (two_wheeled_robot) StdoutLine: {'line': b'-- Up-to-date: /home/greyflon/lab_2025/install/two_wheeled_robot/share/two_wheeled_robot/models/aws_robomaker_residential_SecurityCamera_01/model.config\n'}
[0.666464] (two_wheeled_robot) StdoutLine: {'line': b'-- Up-to-date: /home/greyflon/lab_2025/install/two_wheeled_robot/share/two_wheeled_robot/models/aws_robomaker_residential_SecurityCamera_01/meshes\n'}
[0.666541] (two_wheeled_robot) StdoutLine: {'line': b'-- Up-to-date: /home/greyflon/lab_2025/install/two_wheeled_robot/share/two_wheeled_robot/models/aws_robomaker_residential_SecurityCamera_01/meshes/aws_SecurityCamera_01_collision.DAE\n'}
[0.666616] (two_wheeled_robot) StdoutLine: {'line': b'-- Up-to-date: /home/greyflon/lab_2025/install/two_wheeled_robot/share/two_wheeled_robot/models/aws_robomaker_residential_SecurityCamera_01/meshes/aws_SecurityCamera_01_visual.DAE\n'}
[0.666680] (two_wheeled_robot) StdoutLine: {'line': b'-- Up-to-date: /home/greyflon/lab_2025/install/two_wheeled_robot/share/two_wheeled_robot/models/aws_robomaker_residential_SecurityCamera_01/materials\n'}
[0.666780] (two_wheeled_robot) StdoutLine: {'line': b'-- Up-to-date: /home/greyflon/lab_2025/install/two_wheeled_robot/share/two_wheeled_robot/models/aws_robomaker_residential_SecurityCamera_01/materials/textures\n'}
[0.666864] (two_wheeled_robot) StdoutLine: {'line': b'-- Up-to-date: /home/greyflon/lab_2025/install/two_wheeled_robot/share/two_wheeled_robot/models/aws_robomaker_residential_SecurityCamera_01/materials/textures/aws_SecurityCamera_01.png\n'}
[0.666973] (two_wheeled_robot) StdoutLine: {'line': b'-- Up-to-date: /home/greyflon/lab_2025/install/two_wheeled_robot/share/two_wheeled_robot/models/aws_robomaker_residential_SecurityCamera_01/model.sdf\n'}
[0.667052] (two_wheeled_robot) StdoutLine: {'line': b'-- Up-to-date: /home/greyflon/lab_2025/install/two_wheeled_robot/share/two_wheeled_robot/models/marker01\n'}
[0.667118] (two_wheeled_robot) StdoutLine: {'line': b'-- Up-to-date: /home/greyflon/lab_2025/install/two_wheeled_robot/share/two_wheeled_robot/models/marker01/model.config~.xml\n'}
[0.667192] (two_wheeled_robot) StdoutLine: {'line': b'-- Up-to-date: /home/greyflon/lab_2025/install/two_wheeled_robot/share/two_wheeled_robot/models/marker01/model.sdf~\n'}
[0.667273] (two_wheeled_robot) StdoutLine: {'line': b'-- Up-to-date: /home/greyflon/lab_2025/install/two_wheeled_robot/share/two_wheeled_robot/models/marker01/model-1_4.sdf\n'}
[0.667350] (two_wheeled_robot) StdoutLine: {'line': b'-- Up-to-date: /home/greyflon/lab_2025/install/two_wheeled_robot/share/two_wheeled_robot/models/marker01/model.config\n'}
[0.667427] (two_wheeled_robot) StdoutLine: {'line': b'-- Up-to-date: /home/greyflon/lab_2025/install/two_wheeled_robot/share/two_wheeled_robot/models/marker01/meshes\n'}
[0.667502] (two_wheeled_robot) StdoutLine: {'line': b'-- Up-to-date: /home/greyflon/lab_2025/install/two_wheeled_robot/share/two_wheeled_robot/models/marker01/meshes/Marker0.dae\n'}
[0.667586] (two_wheeled_robot) StdoutLine: {'line': b'-- Up-to-date: /home/greyflon/lab_2025/install/two_wheeled_robot/share/two_wheeled_robot/models/marker01/materials\n'}
[0.667671] (two_wheeled_robot) StdoutLine: {'line': b'-- Up-to-date: /home/greyflon/lab_2025/install/two_wheeled_robot/share/two_wheeled_robot/models/marker01/materials/textures\n'}
[0.667752] (two_wheeled_robot) StdoutLine: {'line': b'-- Up-to-date: /home/greyflon/lab_2025/install/two_wheeled_robot/share/two_wheeled_robot/models/marker01/materials/textures/Marker0.png\n'}
[0.667827] (two_wheeled_robot) StdoutLine: {'line': b'-- Up-to-date: /home/greyflon/lab_2025/install/two_wheeled_robot/share/two_wheeled_robot/models/marker01/model.sdf\n'}
[0.667929] (two_wheeled_robot) StdoutLine: {'line': b'-- Up-to-date: /home/greyflon/lab_2025/install/two_wheeled_robot/share/two_wheeled_robot/models/marker01/model-1_5.sdf~\n'}
[0.668008] (two_wheeled_robot) StdoutLine: {'line': b'-- Up-to-date: /home/greyflon/lab_2025/install/two_wheeled_robot/share/two_wheeled_robot/models/marker01/model-1_5.sdf\n'}
[0.668091] (two_wheeled_robot) StdoutLine: {'line': b'-- Up-to-date: /home/greyflon/lab_2025/install/two_wheeled_robot/share/two_wheeled_robot/models/marker01/model-1_4.sdf~\n'}
[0.668155] (two_wheeled_robot) StdoutLine: {'line': b'-- Up-to-date: /home/greyflon/lab_2025/install/two_wheeled_robot/share/two_wheeled_robot/models/aws_robomaker_residential_ChairD_01\n'}
[0.668239] (two_wheeled_robot) StdoutLine: {'line': b'-- Up-to-date: /home/greyflon/lab_2025/install/two_wheeled_robot/share/two_wheeled_robot/models/aws_robomaker_residential_ChairD_01/model.config\n'}
[0.668314] (two_wheeled_robot) StdoutLine: {'line': b'-- Up-to-date: /home/greyflon/lab_2025/install/two_wheeled_robot/share/two_wheeled_robot/models/aws_robomaker_residential_ChairD_01/meshes\n'}
[0.668394] (two_wheeled_robot) StdoutLine: {'line': b'-- Up-to-date: /home/greyflon/lab_2025/install/two_wheeled_robot/share/two_wheeled_robot/models/aws_robomaker_residential_ChairD_01/meshes/aws_ChairD_01_collision.DAE\n'}
[0.668464] (two_wheeled_robot) StdoutLine: {'line': b'-- Up-to-date: /home/greyflon/lab_2025/install/two_wheeled_robot/share/two_wheeled_robot/models/aws_robomaker_residential_ChairD_01/meshes/aws_ChairD_01_visual.DAE\n'}
[0.668588] (two_wheeled_robot) StdoutLine: {'line': b'-- Up-to-date: /home/greyflon/lab_2025/install/two_wheeled_robot/share/two_wheeled_robot/models/aws_robomaker_residential_ChairD_01/materials\n'}
[0.668659] (two_wheeled_robot) StdoutLine: {'line': b'-- Up-to-date: /home/greyflon/lab_2025/install/two_wheeled_robot/share/two_wheeled_robot/models/aws_robomaker_residential_ChairD_01/materials/textures\n'}
[0.668784] (two_wheeled_robot) StdoutLine: {'line': b'-- Up-to-date: /home/greyflon/lab_2025/install/two_wheeled_robot/share/two_wheeled_robot/models/aws_robomaker_residential_ChairD_01/materials/textures/aws_ChairD_01.png\n'}
[0.668859] (two_wheeled_robot) StdoutLine: {'line': b'-- Up-to-date: /home/greyflon/lab_2025/install/two_wheeled_robot/share/two_wheeled_robot/models/aws_robomaker_residential_ChairD_01/model.sdf\n'}
[0.668941] (two_wheeled_robot) StdoutLine: {'line': b'-- Up-to-date: /home/greyflon/lab_2025/install/two_wheeled_robot/share/two_wheeled_robot/models/osrf_first_office\n'}
[0.669021] (two_wheeled_robot) StdoutLine: {'line': b'-- Up-to-date: /home/greyflon/lab_2025/install/two_wheeled_robot/share/two_wheeled_robot/models/osrf_first_office/model.config\n'}
[0.669096] (two_wheeled_robot) StdoutLine: {'line': b'-- Up-to-date: /home/greyflon/lab_2025/install/two_wheeled_robot/share/two_wheeled_robot/models/osrf_first_office/meshes\n'}
[0.669179] (two_wheeled_robot) StdoutLine: {'line': b'-- Up-to-date: /home/greyflon/lab_2025/install/two_wheeled_robot/share/two_wheeled_robot/models/osrf_first_office/meshes/osrf_first_office.dae\n'}
[0.669258] (two_wheeled_robot) StdoutLine: {'line': b'-- Up-to-date: /home/greyflon/lab_2025/install/two_wheeled_robot/share/two_wheeled_robot/models/osrf_first_office/materials\n'}
[0.669334] (two_wheeled_robot) StdoutLine: {'line': b'-- Up-to-date: /home/greyflon/lab_2025/install/two_wheeled_robot/share/two_wheeled_robot/models/osrf_first_office/materials/textures\n'}
[0.669416] (two_wheeled_robot) StdoutLine: {'line': b'-- Up-to-date: /home/greyflon/lab_2025/install/two_wheeled_robot/share/two_wheeled_robot/models/osrf_first_office/materials/textures/osrf_first_office_spec.jpg\n'}
[0.669502] (two_wheeled_robot) StdoutLine: {'line': b'-- Up-to-date: /home/greyflon/lab_2025/install/two_wheeled_robot/share/two_wheeled_robot/models/osrf_first_office/materials/textures/osrf_first_office_diffuse.jpg\n'}
[0.669581] (two_wheeled_robot) StdoutLine: {'line': b'-- Up-to-date: /home/greyflon/lab_2025/install/two_wheeled_robot/share/two_wheeled_robot/models/osrf_first_office/model.sdf\n'}
[0.669668] (two_wheeled_robot) StdoutLine: {'line': b'-- Up-to-date: /home/greyflon/lab_2025/install/two_wheeled_robot/share/two_wheeled_robot/models/water_tower\n'}
[0.669740] (two_wheeled_robot) StdoutLine: {'line': b'-- Up-to-date: /home/greyflon/lab_2025/install/two_wheeled_robot/share/two_wheeled_robot/models/water_tower/model.config\n'}
[0.669818] (two_wheeled_robot) StdoutLine: {'line': b'-- Up-to-date: /home/greyflon/lab_2025/install/two_wheeled_robot/share/two_wheeled_robot/models/water_tower/meshes\n'}
[0.669902] (two_wheeled_robot) StdoutLine: {'line': b'-- Up-to-date: /home/greyflon/lab_2025/install/two_wheeled_robot/share/two_wheeled_robot/models/water_tower/meshes/water_tower.dae\n'}
[0.669966] (two_wheeled_robot) StdoutLine: {'line': b'-- Up-to-date: /home/greyflon/lab_2025/install/two_wheeled_robot/share/two_wheeled_robot/models/water_tower/materials\n'}
[0.670043] (two_wheeled_robot) StdoutLine: {'line': b'-- Up-to-date: /home/greyflon/lab_2025/install/two_wheeled_robot/share/two_wheeled_robot/models/water_tower/materials/textures\n'}
[0.670119] (two_wheeled_robot) StdoutLine: {'line': b'-- Up-to-date: /home/greyflon/lab_2025/install/two_wheeled_robot/share/two_wheeled_robot/models/water_tower/materials/textures/water_tower_spec.jpg\n'}
[0.670196] (two_wheeled_robot) StdoutLine: {'line': b'-- Up-to-date: /home/greyflon/lab_2025/install/two_wheeled_robot/share/two_wheeled_robot/models/water_tower/materials/textures/water_tower_diffuse.jpg\n'}
[0.670287] (two_wheeled_robot) StdoutLine: {'line': b'-- Up-to-date: /home/greyflon/lab_2025/install/two_wheeled_robot/share/two_wheeled_robot/models/water_tower/model.sdf\n'}
[0.670366] (two_wheeled_robot) StdoutLine: {'line': b'-- Up-to-date: /home/greyflon/lab_2025/install/two_wheeled_robot/share/two_wheeled_robot/models/aws_robomaker_retail_BookshelfB_01\n'}
[0.670442] (two_wheeled_robot) StdoutLine: {'line': b'-- Up-to-date: /home/greyflon/lab_2025/install/two_wheeled_robot/share/two_wheeled_robot/models/aws_robomaker_retail_BookshelfB_01/model.config\n'}
[0.670517] (two_wheeled_robot) StdoutLine: {'line': b'-- Up-to-date: /home/greyflon/lab_2025/install/two_wheeled_robot/share/two_wheeled_robot/models/aws_robomaker_retail_BookshelfB_01/meshes\n'}
[0.670600] (two_wheeled_robot) StdoutLine: {'line': b'-- Up-to-date: /home/greyflon/lab_2025/install/two_wheeled_robot/share/two_wheeled_robot/models/aws_robomaker_retail_BookshelfB_01/meshes/aws_BookshelfB_01_visual.DAE\n'}
[0.670679] (two_wheeled_robot) StdoutLine: {'line': b'-- Up-to-date: /home/greyflon/lab_2025/install/two_wheeled_robot/share/two_wheeled_robot/models/aws_robomaker_retail_BookshelfB_01/meshes/aws_BookshelfB_01_collision.DAE\n'}
[0.670765] (two_wheeled_robot) StdoutLine: {'line': b'-- Up-to-date: /home/greyflon/lab_2025/install/two_wheeled_robot/share/two_wheeled_robot/models/aws_robomaker_retail_BookshelfB_01/materials\n'}
[0.670836] (two_wheeled_robot) StdoutLine: {'line': b'-- Up-to-date: /home/greyflon/lab_2025/install/two_wheeled_robot/share/two_wheeled_robot/models/aws_robomaker_retail_BookshelfB_01/materials/textures\n'}
[0.670912] (two_wheeled_robot) StdoutLine: {'line': b'-- Up-to-date: /home/greyflon/lab_2025/install/two_wheeled_robot/share/two_wheeled_robot/models/aws_robomaker_retail_BookshelfB_01/materials/textures/aws_BookshelfB_02.png\n'}
[0.670999] (two_wheeled_robot) StdoutLine: {'line': b'-- Up-to-date: /home/greyflon/lab_2025/install/two_wheeled_robot/share/two_wheeled_robot/models/aws_robomaker_retail_BookshelfB_01/materials/textures/aws_BookshelfB_01.png\n'}
[0.671086] (two_wheeled_robot) StdoutLine: {'line': b'-- Up-to-date: /home/greyflon/lab_2025/install/two_wheeled_robot/share/two_wheeled_robot/models/aws_robomaker_retail_BookshelfB_01/model.sdf\n'}
[0.671157] (two_wheeled_robot) StdoutLine: {'line': b'-- Up-to-date: /home/greyflon/lab_2025/install/two_wheeled_robot/share/two_wheeled_robot/models/warehouse_walls\n'}
[0.671242] (two_wheeled_robot) StdoutLine: {'line': b'-- Up-to-date: /home/greyflon/lab_2025/install/two_wheeled_robot/share/two_wheeled_robot/models/warehouse_walls/model.config\n'}
[0.671328] (two_wheeled_robot) StdoutLine: {'line': b'-- Up-to-date: /home/greyflon/lab_2025/install/two_wheeled_robot/share/two_wheeled_robot/models/warehouse_walls/materials\n'}
[0.671407] (two_wheeled_robot) StdoutLine: {'line': b'-- Up-to-date: /home/greyflon/lab_2025/install/two_wheeled_robot/share/two_wheeled_robot/models/warehouse_walls/materials/scripts\n'}
[0.671489] (two_wheeled_robot) StdoutLine: {'line': b'-- Up-to-date: /home/greyflon/lab_2025/install/two_wheeled_robot/share/two_wheeled_robot/models/warehouse_walls/materials/scripts/grey_wall.material\n'}
[0.671566] (two_wheeled_robot) StdoutLine: {'line': b'-- Up-to-date: /home/greyflon/lab_2025/install/two_wheeled_robot/share/two_wheeled_robot/models/warehouse_walls/materials/textures\n'}
[0.671652] (two_wheeled_robot) StdoutLine: {'line': b'-- Up-to-date: /home/greyflon/lab_2025/install/two_wheeled_robot/share/two_wheeled_robot/models/warehouse_walls/materials/textures/grey_wall.png\n'}
[0.671736] (two_wheeled_robot) StdoutLine: {'line': b'-- Up-to-date: /home/greyflon/lab_2025/install/two_wheeled_robot/share/two_wheeled_robot/models/warehouse_walls/model.sdf\n'}
[0.671829] (two_wheeled_robot) StdoutLine: {'line': b'-- Up-to-date: /home/greyflon/lab_2025/install/two_wheeled_robot/share/two_wheeled_robot/models/PotatoChipChair\n'}
[0.671907] (two_wheeled_robot) StdoutLine: {'line': b'-- Up-to-date: /home/greyflon/lab_2025/install/two_wheeled_robot/share/two_wheeled_robot/models/PotatoChipChair/model.config\n'}
[0.671991] (two_wheeled_robot) StdoutLine: {'line': b'-- Up-to-date: /home/greyflon/lab_2025/install/two_wheeled_robot/share/two_wheeled_robot/models/PotatoChipChair/meshes\n'}
[0.672073] (two_wheeled_robot) StdoutLine: {'line': b'-- Up-to-date: /home/greyflon/lab_2025/install/two_wheeled_robot/share/two_wheeled_robot/models/PotatoChipChair/meshes/PotatoChipChair.mtl\n'}
[0.672154] (two_wheeled_robot) StdoutLine: {'line': b'-- Up-to-date: /home/greyflon/lab_2025/install/two_wheeled_robot/share/two_wheeled_robot/models/PotatoChipChair/meshes/PotatoChipChairDiffuse.png\n'}
[0.672230] (two_wheeled_robot) StdoutLine: {'line': b'-- Up-to-date: /home/greyflon/lab_2025/install/two_wheeled_robot/share/two_wheeled_robot/models/PotatoChipChair/meshes/PotatoChipChair.obj\n'}
[0.672317] (two_wheeled_robot) StdoutLine: {'line': b'-- Up-to-date: /home/greyflon/lab_2025/install/two_wheeled_robot/share/two_wheeled_robot/models/PotatoChipChair/meshes/PotatoChipChair_Col.obj\n'}
[0.672397] (two_wheeled_robot) StdoutLine: {'line': b'-- Up-to-date: /home/greyflon/lab_2025/install/two_wheeled_robot/share/two_wheeled_robot/models/PotatoChipChair/meshes/PotatoChipChair_Col.mtl\n'}
[0.672485] (two_wheeled_robot) StdoutLine: {'line': b'-- Up-to-date: /home/greyflon/lab_2025/install/two_wheeled_robot/share/two_wheeled_robot/models/PotatoChipChair/thumbnails\n'}
[0.672551] (two_wheeled_robot) StdoutLine: {'line': b'-- Up-to-date: /home/greyflon/lab_2025/install/two_wheeled_robot/share/two_wheeled_robot/models/PotatoChipChair/thumbnails/5.png\n'}
[0.672616] (two_wheeled_robot) StdoutLine: {'line': b'-- Up-to-date: /home/greyflon/lab_2025/install/two_wheeled_robot/share/two_wheeled_robot/models/PotatoChipChair/thumbnails/1.png\n'}
[0.672699] (two_wheeled_robot) StdoutLine: {'line': b'-- Up-to-date: /home/greyflon/lab_2025/install/two_wheeled_robot/share/two_wheeled_robot/models/PotatoChipChair/thumbnails/2.png\n'}
[0.672789] (two_wheeled_robot) StdoutLine: {'line': b'-- Up-to-date: /home/greyflon/lab_2025/install/two_wheeled_robot/share/two_wheeled_robot/models/PotatoChipChair/thumbnails/4.png\n'}
[0.672871] (two_wheeled_robot) StdoutLine: {'line': b'-- Up-to-date: /home/greyflon/lab_2025/install/two_wheeled_robot/share/two_wheeled_robot/models/PotatoChipChair/thumbnails/3.png\n'}
[0.672948] (two_wheeled_robot) StdoutLine: {'line': b'-- Up-to-date: /home/greyflon/lab_2025/install/two_wheeled_robot/share/two_wheeled_robot/models/PotatoChipChair/model.sdf\n'}
[0.673025] (two_wheeled_robot) StdoutLine: {'line': b'-- Up-to-date: /home/greyflon/lab_2025/install/two_wheeled_robot/share/two_wheeled_robot/models/big_box4\n'}
[0.673089] (two_wheeled_robot) StdoutLine: {'line': b'-- Up-to-date: /home/greyflon/lab_2025/install/two_wheeled_robot/share/two_wheeled_robot/models/big_box4/model.config\n'}
[0.673175] (two_wheeled_robot) StdoutLine: {'line': b'-- Up-to-date: /home/greyflon/lab_2025/install/two_wheeled_robot/share/two_wheeled_robot/models/big_box4/meshes\n'}
[0.673251] (two_wheeled_robot) StdoutLine: {'line': b'-- Up-to-date: /home/greyflon/lab_2025/install/two_wheeled_robot/share/two_wheeled_robot/models/big_box4/meshes/big_box.dae\n'}
[0.673330] (two_wheeled_robot) StdoutLine: {'line': b'-- Up-to-date: /home/greyflon/lab_2025/install/two_wheeled_robot/share/two_wheeled_robot/models/big_box4/materials\n'}
[0.673408] (two_wheeled_robot) StdoutLine: {'line': b'-- Up-to-date: /home/greyflon/lab_2025/install/two_wheeled_robot/share/two_wheeled_robot/models/big_box4/materials/textures\n'}
[0.673485] (two_wheeled_robot) StdoutLine: {'line': b'-- Up-to-date: /home/greyflon/lab_2025/install/two_wheeled_robot/share/two_wheeled_robot/models/big_box4/materials/textures/barcode.png\n'}
[0.673573] (two_wheeled_robot) StdoutLine: {'line': b'-- Up-to-date: /home/greyflon/lab_2025/install/two_wheeled_robot/share/two_wheeled_robot/models/big_box4/materials/textures/Kraft_Tile.jpg\n'}
[0.673652] (two_wheeled_robot) StdoutLine: {'line': b'-- Up-to-date: /home/greyflon/lab_2025/install/two_wheeled_robot/share/two_wheeled_robot/models/big_box4/materials/textures/side2.png\n'}
[0.673737] (two_wheeled_robot) StdoutLine: {'line': b'-- Up-to-date: /home/greyflon/lab_2025/install/two_wheeled_robot/share/two_wheeled_robot/models/big_box4/materials/textures/side1.pdn\n'}
[0.673817] (two_wheeled_robot) StdoutLine: {'line': b'-- Up-to-date: /home/greyflon/lab_2025/install/two_wheeled_robot/share/two_wheeled_robot/models/big_box4/materials/textures/front.png\n'}
[0.673894] (two_wheeled_robot) StdoutLine: {'line': b'-- Up-to-date: /home/greyflon/lab_2025/install/two_wheeled_robot/share/two_wheeled_robot/models/big_box4/materials/textures/front.pdn\n'}
[0.673959] (two_wheeled_robot) StdoutLine: {'line': b'-- Up-to-date: /home/greyflon/lab_2025/install/two_wheeled_robot/share/two_wheeled_robot/models/big_box4/materials/textures/side2.pdn\n'}
[0.674045] (two_wheeled_robot) StdoutLine: {'line': b'-- Up-to-date: /home/greyflon/lab_2025/install/two_wheeled_robot/share/two_wheeled_robot/models/big_box4/materials/textures/side1.png\n'}
[0.674123] (two_wheeled_robot) StdoutLine: {'line': b'-- Up-to-date: /home/greyflon/lab_2025/install/two_wheeled_robot/share/two_wheeled_robot/models/big_box4/model.sdf\n'}
[0.674202] (two_wheeled_robot) StdoutLine: {'line': b'-- Up-to-date: /home/greyflon/lab_2025/install/two_wheeled_robot/share/two_wheeled_robot/models/ElderLadyPatient\n'}
[0.674278] (two_wheeled_robot) StdoutLine: {'line': b'-- Up-to-date: /home/greyflon/lab_2025/install/two_wheeled_robot/share/two_wheeled_robot/models/ElderLadyPatient/model.config\n'}
[0.674364] (two_wheeled_robot) StdoutLine: {'line': b'-- Up-to-date: /home/greyflon/lab_2025/install/two_wheeled_robot/share/two_wheeled_robot/models/ElderLadyPatient/meshes\n'}
[0.674442] (two_wheeled_robot) StdoutLine: {'line': b'-- Up-to-date: /home/greyflon/lab_2025/install/two_wheeled_robot/share/two_wheeled_robot/models/ElderLadyPatient/meshes/ElderFPatient_color.jpg\n'}
[0.674533] (two_wheeled_robot) StdoutLine: {'line': b'-- Up-to-date: /home/greyflon/lab_2025/install/two_wheeled_robot/share/two_wheeled_robot/models/ElderLadyPatient/meshes/ElderFemale.obj\n'}
[0.674617] (two_wheeled_robot) StdoutLine: {'line': b'-- Up-to-date: /home/greyflon/lab_2025/install/two_wheeled_robot/share/two_wheeled_robot/models/ElderLadyPatient/meshes/Carts_Wheels_Diffuse.png\n'}
[0.674696] (two_wheeled_robot) StdoutLine: {'line': b'-- Up-to-date: /home/greyflon/lab_2025/install/two_wheeled_robot/share/two_wheeled_robot/models/ElderLadyPatient/meshes/ElderFemale.mtl\n'}
[0.674778] (two_wheeled_robot) StdoutLine: {'line': b'-- Up-to-date: /home/greyflon/lab_2025/install/two_wheeled_robot/share/two_wheeled_robot/models/ElderLadyPatient/meshes/CGMVanguard_Diffuse.png\n'}
[0.674855] (two_wheeled_robot) StdoutLine: {'line': b'-- Up-to-date: /home/greyflon/lab_2025/install/two_wheeled_robot/share/two_wheeled_robot/models/ElderLadyPatient/thumbnails\n'}
[0.674920] (two_wheeled_robot) StdoutLine: {'line': b'-- Up-to-date: /home/greyflon/lab_2025/install/two_wheeled_robot/share/two_wheeled_robot/models/ElderLadyPatient/thumbnails/5.png\n'}
[0.675006] (two_wheeled_robot) StdoutLine: {'line': b'-- Up-to-date: /home/greyflon/lab_2025/install/two_wheeled_robot/share/two_wheeled_robot/models/ElderLadyPatient/thumbnails/1.png\n'}
[0.675085] (two_wheeled_robot) StdoutLine: {'line': b'-- Up-to-date: /home/greyflon/lab_2025/install/two_wheeled_robot/share/two_wheeled_robot/models/ElderLadyPatient/thumbnails/2.png\n'}
[0.675170] (two_wheeled_robot) StdoutLine: {'line': b'-- Up-to-date: /home/greyflon/lab_2025/install/two_wheeled_robot/share/two_wheeled_robot/models/ElderLadyPatient/thumbnails/4.png\n'}
[0.675240] (two_wheeled_robot) StdoutLine: {'line': b'-- Up-to-date: /home/greyflon/lab_2025/install/two_wheeled_robot/share/two_wheeled_robot/models/ElderLadyPatient/thumbnails/3.png\n'}
[0.675326] (two_wheeled_robot) StdoutLine: {'line': b'-- Up-to-date: /home/greyflon/lab_2025/install/two_wheeled_robot/share/two_wheeled_robot/models/ElderLadyPatient/model.sdf\n'}
[0.675404] (two_wheeled_robot) StdoutLine: {'line': b'-- Up-to-date: /home/greyflon/lab_2025/install/two_wheeled_robot/share/two_wheeled_robot/models/aws_robomaker_residential_FoldingDoor_01\n'}
[0.675480] (two_wheeled_robot) StdoutLine: {'line': b'-- Up-to-date: /home/greyflon/lab_2025/install/two_wheeled_robot/share/two_wheeled_robot/models/aws_robomaker_residential_FoldingDoor_01/model.config\n'}
[0.675555] (two_wheeled_robot) StdoutLine: {'line': b'-- Up-to-date: /home/greyflon/lab_2025/install/two_wheeled_robot/share/two_wheeled_robot/models/aws_robomaker_residential_FoldingDoor_01/meshes\n'}
[0.675618] (two_wheeled_robot) StdoutLine: {'line': b'-- Up-to-date: /home/greyflon/lab_2025/install/two_wheeled_robot/share/two_wheeled_robot/models/aws_robomaker_residential_FoldingDoor_01/meshes/aws_FoldingDoor_01_collision.DAE\n'}
[0.675692] (two_wheeled_robot) StdoutLine: {'line': b'-- Up-to-date: /home/greyflon/lab_2025/install/two_wheeled_robot/share/two_wheeled_robot/models/aws_robomaker_residential_FoldingDoor_01/meshes/aws_FoldingDoor_01_visual.DAE\n'}
[0.675788] (two_wheeled_robot) StdoutLine: {'line': b'-- Up-to-date: /home/greyflon/lab_2025/install/two_wheeled_robot/share/two_wheeled_robot/models/aws_robomaker_residential_FoldingDoor_01/materials\n'}
[0.675871] (two_wheeled_robot) StdoutLine: {'line': b'-- Up-to-date: /home/greyflon/lab_2025/install/two_wheeled_robot/share/two_wheeled_robot/models/aws_robomaker_residential_FoldingDoor_01/materials/textures\n'}
[0.675962] (two_wheeled_robot) StdoutLine: {'line': b'-- Up-to-date: /home/greyflon/lab_2025/install/two_wheeled_robot/share/two_wheeled_robot/models/aws_robomaker_residential_FoldingDoor_01/materials/textures/aws_FoldingDoor_01.png\n'}
[0.676048] (two_wheeled_robot) StdoutLine: {'line': b'-- Up-to-date: /home/greyflon/lab_2025/install/two_wheeled_robot/share/two_wheeled_robot/models/aws_robomaker_residential_FoldingDoor_01/model.sdf\n'}
[0.676124] (two_wheeled_robot) StdoutLine: {'line': b'-- Up-to-date: /home/greyflon/lab_2025/install/two_wheeled_robot/share/two_wheeled_robot/models/wastebasket\n'}
[0.676207] (two_wheeled_robot) StdoutLine: {'line': b'-- Up-to-date: /home/greyflon/lab_2025/install/two_wheeled_robot/share/two_wheeled_robot/models/wastebasket/model.config\n'}
[0.676285] (two_wheeled_robot) StdoutLine: {'line': b'-- Up-to-date: /home/greyflon/lab_2025/install/two_wheeled_robot/share/two_wheeled_robot/models/wastebasket/meshes\n'}
[0.676348] (two_wheeled_robot) StdoutLine: {'line': b'-- Up-to-date: /home/greyflon/lab_2025/install/two_wheeled_robot/share/two_wheeled_robot/models/wastebasket/meshes/wastebasket.dae\n'}
[0.676435] (two_wheeled_robot) StdoutLine: {'line': b'-- Up-to-date: /home/greyflon/lab_2025/install/two_wheeled_robot/share/two_wheeled_robot/models/wastebasket/materials\n'}
[0.676512] (two_wheeled_robot) StdoutLine: {'line': b'-- Up-to-date: /home/greyflon/lab_2025/install/two_wheeled_robot/share/two_wheeled_robot/models/wastebasket/materials/textures\n'}
[0.676594] (two_wheeled_robot) StdoutLine: {'line': b'-- Up-to-date: /home/greyflon/lab_2025/install/two_wheeled_robot/share/two_wheeled_robot/models/wastebasket/materials/textures/wastebasket_diffuse.png\n'}
[0.676657] (two_wheeled_robot) StdoutLine: {'line': b'-- Up-to-date: /home/greyflon/lab_2025/install/two_wheeled_robot/share/two_wheeled_robot/models/wastebasket/model.sdf\n'}
[0.676743] (two_wheeled_robot) StdoutLine: {'line': b'-- Up-to-date: /home/greyflon/lab_2025/install/two_wheeled_robot/share/two_wheeled_robot/models/school\n'}
[0.676828] (two_wheeled_robot) StdoutLine: {'line': b'-- Up-to-date: /home/greyflon/lab_2025/install/two_wheeled_robot/share/two_wheeled_robot/models/school/model.config\n'}
[0.676912] (two_wheeled_robot) StdoutLine: {'line': b'-- Up-to-date: /home/greyflon/lab_2025/install/two_wheeled_robot/share/two_wheeled_robot/models/school/meshes\n'}
[0.676976] (two_wheeled_robot) StdoutLine: {'line': b'-- Up-to-date: /home/greyflon/lab_2025/install/two_wheeled_robot/share/two_wheeled_robot/models/school/meshes/school.dae\n'}
[0.677058] (two_wheeled_robot) StdoutLine: {'line': b'-- Up-to-date: /home/greyflon/lab_2025/install/two_wheeled_robot/share/two_wheeled_robot/models/school/materials\n'}
[0.677142] (two_wheeled_robot) StdoutLine: {'line': b'-- Up-to-date: /home/greyflon/lab_2025/install/two_wheeled_robot/share/two_wheeled_robot/models/school/materials/textures\n'}
[0.677226] (two_wheeled_robot) StdoutLine: {'line': b'-- Up-to-date: /home/greyflon/lab_2025/install/two_wheeled_robot/share/two_wheeled_robot/models/school/materials/textures/school_spec.jpg\n'}
[0.677290] (two_wheeled_robot) StdoutLine: {'line': b'-- Up-to-date: /home/greyflon/lab_2025/install/two_wheeled_robot/share/two_wheeled_robot/models/school/materials/textures/school_diffuse.jpg\n'}
[0.677369] (two_wheeled_robot) StdoutLine: {'line': b'-- Up-to-date: /home/greyflon/lab_2025/install/two_wheeled_robot/share/two_wheeled_robot/models/school/model.sdf\n'}
[0.677461] (two_wheeled_robot) StdoutLine: {'line': b'-- Up-to-date: /home/greyflon/lab_2025/install/two_wheeled_robot/share/two_wheeled_robot/models/speed_limit_sign\n'}
[0.677541] (two_wheeled_robot) StdoutLine: {'line': b'-- Up-to-date: /home/greyflon/lab_2025/install/two_wheeled_robot/share/two_wheeled_robot/models/speed_limit_sign/model-1_4.sdf\n'}
[0.677620] (two_wheeled_robot) StdoutLine: {'line': b'-- Up-to-date: /home/greyflon/lab_2025/install/two_wheeled_robot/share/two_wheeled_robot/models/speed_limit_sign/model.config\n'}
[0.677684] (two_wheeled_robot) StdoutLine: {'line': b'-- Up-to-date: /home/greyflon/lab_2025/install/two_wheeled_robot/share/two_wheeled_robot/models/speed_limit_sign/meshes\n'}
[0.677768] (two_wheeled_robot) StdoutLine: {'line': b'-- Up-to-date: /home/greyflon/lab_2025/install/two_wheeled_robot/share/two_wheeled_robot/models/speed_limit_sign/meshes/speed_limit_sign.dae\n'}
[0.677839] (two_wheeled_robot) StdoutLine: {'line': b'-- Up-to-date: /home/greyflon/lab_2025/install/two_wheeled_robot/share/two_wheeled_robot/models/speed_limit_sign/materials\n'}
[0.677927] (two_wheeled_robot) StdoutLine: {'line': b'-- Up-to-date: /home/greyflon/lab_2025/install/two_wheeled_robot/share/two_wheeled_robot/models/speed_limit_sign/materials/textures\n'}
[0.678015] (two_wheeled_robot) StdoutLine: {'line': b'-- Up-to-date: /home/greyflon/lab_2025/install/two_wheeled_robot/share/two_wheeled_robot/models/speed_limit_sign/materials/textures/StopSign_Spec.png\n'}
[0.678103] (two_wheeled_robot) StdoutLine: {'line': b'-- Up-to-date: /home/greyflon/lab_2025/install/two_wheeled_robot/share/two_wheeled_robot/models/speed_limit_sign/materials/textures/Speed_110.png\n'}
[0.678181] (two_wheeled_robot) StdoutLine: {'line': b'-- Up-to-date: /home/greyflon/lab_2025/install/two_wheeled_robot/share/two_wheeled_robot/models/speed_limit_sign/materials/textures/Speed_80.png\n'}
[0.678246] (two_wheeled_robot) StdoutLine: {'line': b'-- Up-to-date: /home/greyflon/lab_2025/install/two_wheeled_robot/share/two_wheeled_robot/models/speed_limit_sign/materials/textures/Speed_100.png\n'}
[0.678330] (two_wheeled_robot) StdoutLine: {'line': b'-- Up-to-date: /home/greyflon/lab_2025/install/two_wheeled_robot/share/two_wheeled_robot/models/speed_limit_sign/materials/textures/Speed_50.png\n'}
[0.678409] (two_wheeled_robot) StdoutLine: {'line': b'-- Up-to-date: /home/greyflon/lab_2025/install/two_wheeled_robot/share/two_wheeled_robot/models/speed_limit_sign/materials/textures/Speed_Spec.png\n'}
[0.678502] (two_wheeled_robot) StdoutLine: {'line': b'-- Up-to-date: /home/greyflon/lab_2025/install/two_wheeled_robot/share/two_wheeled_robot/models/speed_limit_sign/materials/textures/Speed_130.png\n'}
[0.678590] (two_wheeled_robot) StdoutLine: {'line': b'-- Up-to-date: /home/greyflon/lab_2025/install/two_wheeled_robot/share/two_wheeled_robot/models/speed_limit_sign/materials/textures/Speed_90.png\n'}
[0.678668] (two_wheeled_robot) StdoutLine: {'line': b'-- Up-to-date: /home/greyflon/lab_2025/install/two_wheeled_robot/share/two_wheeled_robot/models/speed_limit_sign/materials/textures/Speed_60.png\n'}
[0.678755] (two_wheeled_robot) StdoutLine: {'line': b'-- Up-to-date: /home/greyflon/lab_2025/install/two_wheeled_robot/share/two_wheeled_robot/models/speed_limit_sign/materials/textures/Speed_40.png\n'}
[0.678842] (two_wheeled_robot) StdoutLine: {'line': b'-- Up-to-date: /home/greyflon/lab_2025/install/two_wheeled_robot/share/two_wheeled_robot/models/speed_limit_sign/materials/textures/Speed_70.png\n'}
[0.678906] (two_wheeled_robot) StdoutLine: {'line': b'-- Up-to-date: /home/greyflon/lab_2025/install/two_wheeled_robot/share/two_wheeled_robot/models/speed_limit_sign/materials/textures/Speed_30.png\n'}
[0.678995] (two_wheeled_robot) StdoutLine: {'line': b'-- Up-to-date: /home/greyflon/lab_2025/install/two_wheeled_robot/share/two_wheeled_robot/models/speed_limit_sign/materials/textures/Speed_16.png\n'}
[0.679074] (two_wheeled_robot) StdoutLine: {'line': b'-- Up-to-date: /home/greyflon/lab_2025/install/two_wheeled_robot/share/two_wheeled_robot/models/speed_limit_sign/materials/textures/Speed_120.png\n'}
[0.679159] (two_wheeled_robot) StdoutLine: {'line': b'-- Up-to-date: /home/greyflon/lab_2025/install/two_wheeled_robot/share/two_wheeled_robot/models/speed_limit_sign/materials/textures/StopSign_Diffuse.png\n'}
[0.679225] (two_wheeled_robot) StdoutLine: {'line': b'-- Up-to-date: /home/greyflon/lab_2025/install/two_wheeled_robot/share/two_wheeled_robot/models/speed_limit_sign/model.sdf\n'}
[0.679309] (two_wheeled_robot) StdoutLine: {'line': b'-- Up-to-date: /home/greyflon/lab_2025/install/two_wheeled_robot/share/two_wheeled_robot/models/speed_limit_sign/model-1_3.sdf\n'}
[0.679394] (two_wheeled_robot) StdoutLine: {'line': b'-- Up-to-date: /home/greyflon/lab_2025/install/two_wheeled_robot/share/two_wheeled_robot/models/aws_robomaker_hospital_floor_02_walls\n'}
[0.679473] (two_wheeled_robot) StdoutLine: {'line': b'-- Up-to-date: /home/greyflon/lab_2025/install/two_wheeled_robot/share/two_wheeled_robot/models/aws_robomaker_hospital_floor_02_walls/model.config\n'}
[0.679550] (two_wheeled_robot) StdoutLine: {'line': b'-- Up-to-date: /home/greyflon/lab_2025/install/two_wheeled_robot/share/two_wheeled_robot/models/aws_robomaker_hospital_floor_02_walls/meshes\n'}
[0.679643] (two_wheeled_robot) StdoutLine: {'line': b'-- Up-to-date: /home/greyflon/lab_2025/install/two_wheeled_robot/share/two_wheeled_robot/models/aws_robomaker_hospital_floor_02_walls/meshes/aws_robomaker_hospital_floor_02_stairs.png\n'}
[0.679722] (two_wheeled_robot) StdoutLine: {'line': b'-- Up-to-date: /home/greyflon/lab_2025/install/two_wheeled_robot/share/two_wheeled_robot/models/aws_robomaker_hospital_floor_02_walls/meshes/aws_robomaker_hospital_floor_02_doorsign.png\n'}
[0.679803] (two_wheeled_robot) StdoutLine: {'line': b'-- Up-to-date: /home/greyflon/lab_2025/install/two_wheeled_robot/share/two_wheeled_robot/models/aws_robomaker_hospital_floor_02_walls/meshes/aws_robomaker_hospital_floor_02_walls_visual.dae\n'}
[0.679880] (two_wheeled_robot) StdoutLine: {'line': b'-- Up-to-date: /home/greyflon/lab_2025/install/two_wheeled_robot/share/two_wheeled_robot/models/aws_robomaker_hospital_floor_02_walls/meshes/aws_robomaker_hospital_floor_02_windows.png\n'}
[0.679964] (two_wheeled_robot) StdoutLine: {'line': b'-- Up-to-date: /home/greyflon/lab_2025/install/two_wheeled_robot/share/two_wheeled_robot/models/aws_robomaker_hospital_floor_02_walls/meshes/aws_robomaker_hospital_floor_02_walls.png\n'}
[0.680042] (two_wheeled_robot) StdoutLine: {'line': b'-- Up-to-date: /home/greyflon/lab_2025/install/two_wheeled_robot/share/two_wheeled_robot/models/aws_robomaker_hospital_floor_02_walls/meshes/aws_robomaker_hospital_floor_02_walls_collision.dae\n'}
[0.680120] (two_wheeled_robot) StdoutLine: {'line': b'-- Up-to-date: /home/greyflon/lab_2025/install/two_wheeled_robot/share/two_wheeled_robot/models/aws_robomaker_hospital_floor_02_walls/meshes/aws_robomaker_hospital_floor_02_doorframes_small.png\n'}
[0.680197] (two_wheeled_robot) StdoutLine: {'line': b'-- Up-to-date: /home/greyflon/lab_2025/install/two_wheeled_robot/share/two_wheeled_robot/models/aws_robomaker_hospital_floor_02_walls/meshes/aws_robomaker_hospital_floor_02_handrail.png\n'}
[0.680274] (two_wheeled_robot) StdoutLine: {'line': b'-- Up-to-date: /home/greyflon/lab_2025/install/two_wheeled_robot/share/two_wheeled_robot/models/aws_robomaker_hospital_floor_02_walls/meshes/aws_robomaker_hospital_floor_02_doorframes_big.png\n'}
[0.680362] (two_wheeled_robot) StdoutLine: {'line': b'-- Up-to-date: /home/greyflon/lab_2025/install/two_wheeled_robot/share/two_wheeled_robot/models/aws_robomaker_hospital_floor_02_walls/meshes/aws_robomaker_hospital_floor_02_bumprail.png\n'}
[0.680442] (two_wheeled_robot) StdoutLine: {'line': b'-- Up-to-date: /home/greyflon/lab_2025/install/two_wheeled_robot/share/two_wheeled_robot/models/aws_robomaker_hospital_floor_02_walls/model.sdf\n'}
[0.680519] (two_wheeled_robot) StdoutLine: {'line': b'-- Up-to-date: /home/greyflon/lab_2025/install/two_wheeled_robot/share/two_wheeled_robot/models/office_chair\n'}
[0.680603] (two_wheeled_robot) StdoutLine: {'line': b'-- Up-to-date: /home/greyflon/lab_2025/install/two_wheeled_robot/share/two_wheeled_robot/models/office_chair/model.config\n'}
[0.680688] (two_wheeled_robot) StdoutLine: {'line': b'-- Up-to-date: /home/greyflon/lab_2025/install/two_wheeled_robot/share/two_wheeled_robot/models/office_chair/meshes\n'}
[0.680781] (two_wheeled_robot) StdoutLine: {'line': b'-- Up-to-date: /home/greyflon/lab_2025/install/two_wheeled_robot/share/two_wheeled_robot/models/office_chair/meshes/office_chair.dae\n'}
[0.680857] (two_wheeled_robot) StdoutLine: {'line': b'-- Up-to-date: /home/greyflon/lab_2025/install/two_wheeled_robot/share/two_wheeled_robot/models/office_chair/materials\n'}
[0.680936] (two_wheeled_robot) StdoutLine: {'line': b'-- Up-to-date: /home/greyflon/lab_2025/install/two_wheeled_robot/share/two_wheeled_robot/models/office_chair/materials/textures\n'}
[0.681012] (two_wheeled_robot) StdoutLine: {'line': b'-- Up-to-date: /home/greyflon/lab_2025/install/two_wheeled_robot/share/two_wheeled_robot/models/office_chair/materials/textures/office_chair_diffuse.png\n'}
[0.681099] (two_wheeled_robot) StdoutLine: {'line': b'-- Up-to-date: /home/greyflon/lab_2025/install/two_wheeled_robot/share/two_wheeled_robot/models/office_chair/materials/textures/office_chair_specular.png\n'}
[0.681184] (two_wheeled_robot) StdoutLine: {'line': b'-- Up-to-date: /home/greyflon/lab_2025/install/two_wheeled_robot/share/two_wheeled_robot/models/office_chair/model.sdf\n'}
[0.681268] (two_wheeled_robot) StdoutLine: {'line': b'-- Up-to-date: /home/greyflon/lab_2025/install/two_wheeled_robot/share/two_wheeled_robot/params\n'}
[0.681343] (two_wheeled_robot) StdoutLine: {'line': b'-- Up-to-date: /home/greyflon/lab_2025/install/two_wheeled_robot/share/two_wheeled_robot/params/warehouse_world\n'}
[0.681431] (two_wheeled_robot) StdoutLine: {'line': b'-- Up-to-date: /home/greyflon/lab_2025/install/two_wheeled_robot/share/two_wheeled_robot/params/warehouse_world/basic_params.yaml\n'}
[0.681509] (two_wheeled_robot) StdoutLine: {'line': b'-- Up-to-date: /home/greyflon/lab_2025/install/two_wheeled_robot/share/two_wheeled_robot/params/neighborhood_world\n'}
[0.681587] (two_wheeled_robot) StdoutLine: {'line': b'-- Up-to-date: /home/greyflon/lab_2025/install/two_wheeled_robot/share/two_wheeled_robot/params/neighborhood_world/nav2_params.yaml\n'}
[0.681661] (two_wheeled_robot) StdoutLine: {'line': b'-- Up-to-date: /home/greyflon/lab_2025/install/two_wheeled_robot/share/two_wheeled_robot/params/neighborhood_world/nav2_params_urdf.yaml\n'}
[0.681753] (two_wheeled_robot) StdoutLine: {'line': b'-- Up-to-date: /home/greyflon/lab_2025/install/two_wheeled_robot/share/two_wheeled_robot/rviz\n'}
[0.681837] (two_wheeled_robot) StdoutLine: {'line': b'-- Up-to-date: /home/greyflon/lab_2025/install/two_wheeled_robot/share/two_wheeled_robot/rviz/rviz_basic_settings.rviz\n'}
[0.681915] (two_wheeled_robot) StdoutLine: {'line': b'-- Up-to-date: /home/greyflon/lab_2025/install/two_wheeled_robot/share/two_wheeled_robot/rviz/urdf_gazebo_config.rviz\n'}
[0.681990] (two_wheeled_robot) StdoutLine: {'line': b'-- Up-to-date: /home/greyflon/lab_2025/install/two_wheeled_robot/share/two_wheeled_robot/rviz/neighborhood_world\n'}
[0.682075] (two_wheeled_robot) StdoutLine: {'line': b'-- Up-to-date: /home/greyflon/lab_2025/install/two_wheeled_robot/share/two_wheeled_robot/rviz/neighborhood_world/urdf_config.rviz\n'}
[0.682152] (two_wheeled_robot) StdoutLine: {'line': b'-- Up-to-date: /home/greyflon/lab_2025/install/two_wheeled_robot/share/two_wheeled_robot/rviz/neighborhood_world/nav2_config_urdf.rviz\n'}
[0.682245] (two_wheeled_robot) StdoutLine: {'line': b'-- Up-to-date: /home/greyflon/lab_2025/install/two_wheeled_robot/share/two_wheeled_robot/rviz/neighborhood_world/nav2_config.rviz\n'}
[0.682329] (two_wheeled_robot) StdoutLine: {'line': b'-- Up-to-date: /home/greyflon/lab_2025/install/two_wheeled_robot/share/two_wheeled_robot/scripts\n'}
[0.682407] (two_wheeled_robot) StdoutLine: {'line': b'-- Up-to-date: /home/greyflon/lab_2025/install/two_wheeled_robot/share/two_wheeled_robot/scripts/lift_controller.py\n'}
[0.682485] (two_wheeled_robot) StdoutLine: {'line': b'-- Up-to-date: /home/greyflon/lab_2025/install/two_wheeled_robot/share/two_wheeled_robot/urdf\n'}
[0.682547] (two_wheeled_robot) StdoutLine: {'line': b'-- Up-to-date: /home/greyflon/lab_2025/install/two_wheeled_robot/share/two_wheeled_robot/urdf/two_wheeled_robot_with_gazebo_plugins.urdf\n'}
[0.682639] (two_wheeled_robot) StdoutLine: {'line': b'-- Up-to-date: /home/greyflon/lab_2025/install/two_wheeled_robot/share/two_wheeled_robot/urdf/two_wheeled_robot_with_lift.urdf\n'}
[0.682715] (two_wheeled_robot) StdoutLine: {'line': b'-- Up-to-date: /home/greyflon/lab_2025/install/two_wheeled_robot/share/two_wheeled_robot/urdf/sam_bot_description.urdf\n'}
[0.682797] (two_wheeled_robot) StdoutLine: {'line': b'-- Up-to-date: /home/greyflon/lab_2025/install/two_wheeled_robot/share/two_wheeled_robot/urdf/two_wheeled_robot_nav2.urdf\n'}
[0.682877] (two_wheeled_robot) StdoutLine: {'line': b'-- Up-to-date: /home/greyflon/lab_2025/install/two_wheeled_robot/share/two_wheeled_robot/urdf/two_wheeled_robot.urdf\n'}
[0.682968] (two_wheeled_robot) StdoutLine: {'line': b'-- Up-to-date: /home/greyflon/lab_2025/install/two_wheeled_robot/share/two_wheeled_robot/worlds\n'}
[0.683055] (two_wheeled_robot) StdoutLine: {'line': b'-- Up-to-date: /home/greyflon/lab_2025/install/two_wheeled_robot/share/two_wheeled_robot/worlds/cafe.world\n'}
[0.683132] (two_wheeled_robot) StdoutLine: {'line': b'-- Up-to-date: /home/greyflon/lab_2025/install/two_wheeled_robot/share/two_wheeled_robot/worlds/lawn.world\n'}
[0.683220] (two_wheeled_robot) StdoutLine: {'line': b'-- Up-to-date: /home/greyflon/lab_2025/install/two_wheeled_robot/share/two_wheeled_robot/worlds/factory.world\n'}
[0.683296] (two_wheeled_robot) StdoutLine: {'line': b'-- Up-to-date: /home/greyflon/lab_2025/install/two_wheeled_robot/share/two_wheeled_robot/worlds/house.world\n'}
[0.683383] (two_wheeled_robot) StdoutLine: {'line': b'-- Up-to-date: /home/greyflon/lab_2025/install/two_wheeled_robot/share/two_wheeled_robot/worlds/farm.world\n'}
[0.683461] (two_wheeled_robot) StdoutLine: {'line': b'-- Up-to-date: /home/greyflon/lab_2025/install/two_wheeled_robot/share/two_wheeled_robot/worlds/basic.world\n'}
[0.683545] (two_wheeled_robot) StdoutLine: {'line': b'-- Up-to-date: /home/greyflon/lab_2025/install/two_wheeled_robot/share/two_wheeled_robot/worlds/hospital_2_floors.world\n'}
[0.683611] (two_wheeled_robot) StdoutLine: {'line': b'-- Up-to-date: /home/greyflon/lab_2025/install/two_wheeled_robot/share/two_wheeled_robot/worlds/hospital_3_floors.world\n'}
[0.683695] (two_wheeled_robot) StdoutLine: {'line': b'-- Up-to-date: /home/greyflon/lab_2025/install/two_wheeled_robot/share/two_wheeled_robot/worlds/inventory.world\n'}
[0.683772] (two_wheeled_robot) StdoutLine: {'line': b'-- Up-to-date: /home/greyflon/lab_2025/install/two_wheeled_robot/share/two_wheeled_robot/worlds/office.world\n'}
[0.683857] (two_wheeled_robot) StdoutLine: {'line': b'-- Up-to-date: /home/greyflon/lab_2025/install/two_wheeled_robot/share/two_wheeled_robot/worlds/car.world\n'}
[0.683944] (two_wheeled_robot) StdoutLine: {'line': b'-- Up-to-date: /home/greyflon/lab_2025/install/two_wheeled_robot/share/two_wheeled_robot/worlds/warehouse.world\n'}
[0.684010] (two_wheeled_robot) StdoutLine: {'line': b'-- Up-to-date: /home/greyflon/lab_2025/install/two_wheeled_robot/share/two_wheeled_robot/worlds/neighborhood.world\n'}
[0.684102] (two_wheeled_robot) StdoutLine: {'line': b'-- Up-to-date: /home/greyflon/lab_2025/install/two_wheeled_robot/share/two_wheeled_robot/worlds/distribution_center.world\n'}
[0.684181] (two_wheeled_robot) StdoutLine: {'line': b'-- Up-to-date: /home/greyflon/lab_2025/install/two_wheeled_robot/share/two_wheeled_robot/worlds/hospital.world\n'}
[0.684258] (two_wheeled_robot) StdoutLine: {'line': b'-- Up-to-date: /home/greyflon/lab_2025/install/two_wheeled_robot/share/ament_index/resource_index/package_run_dependencies/two_wheeled_robot\n'}
[0.684335] (two_wheeled_robot) StdoutLine: {'line': b'-- Up-to-date: /home/greyflon/lab_2025/install/two_wheeled_robot/share/ament_index/resource_index/parent_prefix_path/two_wheeled_robot\n'}
[0.684399] (two_wheeled_robot) StdoutLine: {'line': b'-- Up-to-date: /home/greyflon/lab_2025/install/two_wheeled_robot/share/two_wheeled_robot/environment/ament_prefix_path.sh\n'}
[0.684484] (two_wheeled_robot) StdoutLine: {'line': b'-- Up-to-date: /home/greyflon/lab_2025/install/two_wheeled_robot/share/two_wheeled_robot/environment/ament_prefix_path.dsv\n'}
[0.684562] (two_wheeled_robot) StdoutLine: {'line': b'-- Up-to-date: /home/greyflon/lab_2025/install/two_wheeled_robot/share/two_wheeled_robot/environment/path.sh\n'}
[0.684651] (two_wheeled_robot) StdoutLine: {'line': b'-- Up-to-date: /home/greyflon/lab_2025/install/two_wheeled_robot/share/two_wheeled_robot/environment/path.dsv\n'}
[0.684716] (two_wheeled_robot) StdoutLine: {'line': b'-- Up-to-date: /home/greyflon/lab_2025/install/two_wheeled_robot/share/two_wheeled_robot/local_setup.bash\n'}
[0.684797] (two_wheeled_robot) StdoutLine: {'line': b'-- Up-to-date: /home/greyflon/lab_2025/install/two_wheeled_robot/share/two_wheeled_robot/local_setup.sh\n'}
[0.684890] (two_wheeled_robot) StdoutLine: {'line': b'-- Up-to-date: /home/greyflon/lab_2025/install/two_wheeled_robot/share/two_wheeled_robot/local_setup.zsh\n'}
[0.684976] (two_wheeled_robot) StdoutLine: {'line': b'-- Up-to-date: /home/greyflon/lab_2025/install/two_wheeled_robot/share/two_wheeled_robot/local_setup.dsv\n'}
[0.685060] (two_wheeled_robot) StdoutLine: {'line': b'-- Installing: /home/greyflon/lab_2025/install/two_wheeled_robot/share/two_wheeled_robot/package.dsv\n'}
[0.685137] (two_wheeled_robot) StdoutLine: {'line': b'-- Up-to-date: /home/greyflon/lab_2025/install/two_wheeled_robot/share/ament_index/resource_index/packages/two_wheeled_robot\n'}
[0.685201] (two_wheeled_robot) StdoutLine: {'line': b'-- Up-to-date: /home/greyflon/lab_2025/install/two_wheeled_robot/share/two_wheeled_robot/cmake/two_wheeled_robotConfig.cmake\n'}
[0.685288] (two_wheeled_robot) StdoutLine: {'line': b'-- Up-to-date: /home/greyflon/lab_2025/install/two_wheeled_robot/share/two_wheeled_robot/cmake/two_wheeled_robotConfig-version.cmake\n'}
[0.685365] (two_wheeled_robot) StdoutLine: {'line': b'-- Up-to-date: /home/greyflon/lab_2025/install/two_wheeled_robot/share/two_wheeled_robot/package.xml\n'}
[0.685445] (two_wheeled_robot) CommandEnded: {'returncode': 0}
[0.701335] (-) TimerEvent: {}
[0.733036] (two_wheeled_robot) JobEnded: {'identifier': 'two_wheeled_robot', 'rc': 0}
[0.735135] (cv_basics) Command: {'cmd': ['/usr/bin/python3', '-W', 'ignore:setup.py install is deprecated', '-W', 'ignore:easy_install command is deprecated', 'setup.py', 'egg_info', '--egg-base', '../../build/cv_basics', 'build', '--build-base', '/home/greyflon/lab_2025/build/cv_basics/build', 'install', '--record', '/home/greyflon/lab_2025/build/cv_basics/install.log', '--single-version-externally-managed', 'install_data'], 'cwd': '/home/greyflon/lab_2025/src/cv_basics', 'env': {'LESSOPEN': '| /usr/bin/lesspipe %s', 'USER': 'greyflon', 'XDG_SESSION_TYPE': 'wayland', 'SHLVL': '1', 'LD_LIBRARY_PATH': '/usr/lib/x86_64-linux-gnu/gazebo-11/plugins:/opt/ros/humble/opt/rviz_ogre_vendor/lib:/opt/ros/humble/lib/x86_64-linux-gnu:/opt/ros/humble/lib', 'HOME': '/home/greyflon', 'OLDPWD': '/home/greyflon', 'DESKTOP_SESSION': 'ubuntu', 'ROS_PYTHON_VERSION': '3', 'GNOME_SHELL_SESSION_MODE': 'ubuntu', 'GTK_MODULES': 'gail:atk-bridge', 'SYSTEMD_EXEC_PID': '1582', 'DBUS_SESSION_BUS_ADDRESS': 'unix:path=/run/user/1000/bus', 'COLORTERM': 'truecolor', 'IM_CONFIG_PHASE': '1', 'WAYLAND_DISPLAY': 'wayland-0', 'COLCON_PREFIX_PATH': '/home/greyflon/lab_2025/install', 'ROS_DISTRO': 'humble', 'LOGNAME': 'greyflon', '_': '/usr/bin/colcon', 'ROS_VERSION': '2', 'XDG_SESSION_CLASS': 'user', 'USERNAME': 'greyflon', 'TERM': 'xterm-256color', 'GNOME_DESKTOP_SESSION_ID': 'this-is-deprecated', 'ROS_LOCALHOST_ONLY': '0', 'PATH': '/opt/ros/humble/bin:/home/greyflon/.local/bin:/usr/local/sbin:/usr/local/bin:/usr/sbin:/usr/bin:/sbin:/bin:/usr/games:/usr/local/games:/snap/bin:/snap/bin', 'SESSION_MANAGER': 'local/greyflon-desktop:@/tmp/.ICE-unix/1559,unix/greyflon-desktop:/tmp/.ICE-unix/1559', 'XDG_MENU_PREFIX': 'gnome-', 'GNOME_TERMINAL_SCREEN': '/org/gnome/Terminal/screen/8ba91f51_be59_418d_992a_1824daeba29e', 'GNOME_SETUP_DISPLAY': ':1', 'XDG_RUNTIME_DIR': '/run/user/1000', 'DISPLAY': ':0', 'LANG': 'en_US.UTF-8', 'XDG_CURRENT_DESKTOP': 'ubuntu:GNOME', 'XMODIFIERS': '@im=ibus', 'XDG_SESSION_DESKTOP': 'ubuntu', 'XAUTHORITY': '/run/user/1000/.mutter-Xwaylandauth.FQQJ72', 'LS_COLORS': 'rs=0:di=01;34:ln=01;36:mh=00:pi=40;33:so=01;35:do=01;35:bd=40;33;01:cd=40;33;01:or=40;31;01:mi=00:su=37;41:sg=30;43:ca=30;41:tw=30;42:ow=34;42:st=37;44:ex=01;32:*.tar=01;31:*.tgz=01;31:*.arc=01;31:*.arj=01;31:*.taz=01;31:*.lha=01;31:*.lz4=01;31:*.lzh=01;31:*.lzma=01;31:*.tlz=01;31:*.txz=01;31:*.tzo=01;31:*.t7z=01;31:*.zip=01;31:*.z=01;31:*.dz=01;31:*.gz=01;31:*.lrz=01;31:*.lz=01;31:*.lzo=01;31:*.xz=01;31:*.zst=01;31:*.tzst=01;31:*.bz2=01;31:*.bz=01;31:*.tbz=01;31:*.tbz2=01;31:*.tz=01;31:*.deb=01;31:*.rpm=01;31:*.jar=01;31:*.war=01;31:*.ear=01;31:*.sar=01;31:*.rar=01;31:*.alz=01;31:*.ace=01;31:*.zoo=01;31:*.cpio=01;31:*.7z=01;31:*.rz=01;31:*.cab=01;31:*.wim=01;31:*.swm=01;31:*.dwm=01;31:*.esd=01;31:*.jpg=01;35:*.jpeg=01;35:*.mjpg=01;35:*.mjpeg=01;35:*.gif=01;35:*.bmp=01;35:*.pbm=01;35:*.pgm=01;35:*.ppm=01;35:*.tga=01;35:*.xbm=01;35:*.xpm=01;35:*.tif=01;35:*.tiff=01;35:*.png=01;35:*.svg=01;35:*.svgz=01;35:*.mng=01;35:*.pcx=01;35:*.mov=01;35:*.mpg=01;35:*.mpeg=01;35:*.m2v=01;35:*.mkv=01;35:*.webm=01;35:*.webp=01;35:*.ogm=01;35:*.mp4=01;35:*.m4v=01;35:*.mp4v=01;35:*.vob=01;35:*.qt=01;35:*.nuv=01;35:*.wmv=01;35:*.asf=01;35:*.rm=01;35:*.rmvb=01;35:*.flc=01;35:*.avi=01;35:*.fli=01;35:*.flv=01;35:*.gl=01;35:*.dl=01;35:*.xcf=01;35:*.xwd=01;35:*.yuv=01;35:*.cgm=01;35:*.emf=01;35:*.ogv=01;35:*.ogx=01;35:*.aac=00;36:*.au=00;36:*.flac=00;36:*.m4a=00;36:*.mid=00;36:*.midi=00;36:*.mka=00;36:*.mp3=00;36:*.mpc=00;36:*.ogg=00;36:*.ra=00;36:*.wav=00;36:*.oga=00;36:*.opus=00;36:*.spx=00;36:*.xspf=00;36:', 'GNOME_TERMINAL_SERVICE': ':1.123', 'SSH_AGENT_LAUNCHER': 'gnome-keyring', 'SSH_AUTH_SOCK': '/run/user/1000/keyring/ssh', 'AMENT_PREFIX_PATH': '/home/greyflon/lab_2025/install/two_wheeled_robot:/home/greyflon/lab_2025/install/cv_basics:/opt/ros/humble', 'SHELL': '/bin/bash', 'QT_ACCESSIBILITY': '1', 'GDMSESSION': 'ubuntu', 'LESSCLOSE': '/usr/bin/lesspipe %s %s', 'QT_IM_MODULE': 'ibus', 'PWD': '/home/greyflon/lab_2025/build/cv_basics', 'LC_ALL': 'en_US.UTF-8', 'XDG_CONFIG_DIRS': '/etc/xdg/xdg-ubuntu:/etc/xdg', 'XDG_DATA_DIRS': '/usr/share/ubuntu:/usr/local/share/:/usr/share/:/var/lib/snapd/desktop', 'PYTHONPATH': '/home/greyflon/lab_2025/build/cv_basics/prefix_override:/usr/lib/python3/dist-packages/colcon_core/task/python/colcon_distutils_commands:/home/greyflon/lab_2025/install/cv_basics/lib/python3.10/site-packages:/home/greyflon/lab_2025/install/cv_basics/lib/python3.10/site-packages:/opt/ros/humble/lib/python3.10/site-packages:/opt/ros/humble/local/lib/python3.10/dist-packages', 'COLCON': '1', 'VTE_VERSION': '6800', 'CMAKE_PREFIX_PATH': '/home/greyflon/lab_2025/install/two_wheeled_robot'}, 'shell': False}
[0.801427] (-) TimerEvent: {}
[0.901683] (-) TimerEvent: {}
[0.986239] (cv_basics) StdoutLine: {'line': b'running egg_info\n'}
[0.986788] (cv_basics) StdoutLine: {'line': b'writing ../../build/cv_basics/cv_basics.egg-info/PKG-INFO\n'}
[0.987051] (cv_basics) StdoutLine: {'line': b'writing dependency_links to ../../build/cv_basics/cv_basics.egg-info/dependency_links.txt\n'}
[0.987289] (cv_basics) StdoutLine: {'line': b'writing entry points to ../../build/cv_basics/cv_basics.egg-info/entry_points.txt\n'}
[0.987462] (cv_basics) StdoutLine: {'line': b'writing requirements to ../../build/cv_basics/cv_basics.egg-info/requires.txt\n'}
[0.987686] (cv_basics) StdoutLine: {'line': b'writing top-level names to ../../build/cv_basics/cv_basics.egg-info/top_level.txt\n'}
[0.989704] (cv_basics) StdoutLine: {'line': b"reading manifest file '../../build/cv_basics/cv_basics.egg-info/SOURCES.txt'\n"}
[0.990447] (cv_basics) StdoutLine: {'line': b"writing manifest file '../../build/cv_basics/cv_basics.egg-info/SOURCES.txt'\n"}
[0.990724] (cv_basics) StdoutLine: {'line': b'running build\n'}
[0.990928] (cv_basics) StdoutLine: {'line': b'running build_py\n'}
[0.991158] (cv_basics) StdoutLine: {'line': b'running install\n'}
[0.991390] (cv_basics) StdoutLine: {'line': b'running install_lib\n'}
[0.992362] (cv_basics) StdoutLine: {'line': b'running install_data\n'}
[0.992601] (cv_basics) StdoutLine: {'line': b'running install_egg_info\n'}
[0.994082] (cv_basics) StdoutLine: {'line': b"removing '/home/greyflon/lab_2025/install/cv_basics/lib/python3.10/site-packages/cv_basics-0.0.0-py3.10.egg-info' (and everything under it)\n"}
[0.994443] (cv_basics) StdoutLine: {'line': b'Copying ../../build/cv_basics/cv_basics.egg-info to /home/greyflon/lab_2025/install/cv_basics/lib/python3.10/site-packages/cv_basics-0.0.0-py3.10.egg-info\n'}
[0.995328] (cv_basics) StdoutLine: {'line': b'running install_scripts\n'}
[1.001768] (-) TimerEvent: {}
[1.014549] (cv_basics) StdoutLine: {'line': b'Installing inference_yolo_node script to /home/greyflon/lab_2025/install/cv_basics/lib/cv_basics\n'}
[1.014831] (cv_basics) StdoutLine: {'line': b'Installing module_ROS script to /home/greyflon/lab_2025/install/cv_basics/lib/cv_basics\n'}
[1.015049] (cv_basics) StdoutLine: {'line': b'Installing service script to /home/greyflon/lab_2025/install/cv_basics/lib/cv_basics\n'}
[1.015261] (cv_basics) StdoutLine: {'line': b"writing list of installed files to '/home/greyflon/lab_2025/build/cv_basics/install.log'\n"}
[1.043408] (cv_basics) CommandEnded: {'returncode': 0}
[1.058547] (cv_basics) JobEnded: {'identifier': 'cv_basics', 'rc': 0}
[1.059742] (-) EventReactorShutdown: {}
