[0.000000] (-) TimerEvent: {}
[0.000859] (cv_basics) JobQueued: {'identifier': 'cv_basics', 'dependencies': OrderedDict()}
[0.001000] (two_wheeled_robot) JobQueued: {'identifier': 'two_wheeled_robot', 'dependencies': OrderedDict()}
[0.001056] (cv_basics) JobStarted: {'identifier': 'cv_basics'}
[0.008545] (two_wheeled_robot) JobStarted: {'identifier': 'two_wheeled_robot'}
[0.099658] (-) TimerEvent: {}
[0.200023] (-) TimerEvent: {}
[0.295029] (two_wheeled_robot) JobProgress: {'identifier': 'two_wheeled_robot', 'progress': 'cmake'}
[0.295546] (two_wheeled_robot) JobProgress: {'identifier': 'two_wheeled_robot', 'progress': 'build'}
[0.296189] (two_wheeled_robot) Command: {'cmd': ['/usr/bin/cmake', '--build', '/home/greyflon/lab_2025/build/two_wheeled_robot', '--', '-j12', '-l12'], 'cwd': '/home/greyflon/lab_2025/build/two_wheeled_robot', 'env': OrderedDict([('LESSOPEN', '| /usr/bin/lesspipe %s'), ('USER', 'greyflon'), ('XDG_SESSION_TYPE', 'wayland'), ('SHLVL', '1'), ('LD_LIBRARY_PATH', '/usr/lib/x86_64-linux-gnu/gazebo-11/plugins:/opt/ros/humble/opt/rviz_ogre_vendor/lib:/opt/ros/humble/lib/x86_64-linux-gnu:/opt/ros/humble/lib'), ('HOME', '/home/greyflon'), ('OLDPWD', '/home/greyflon'), ('DESKTOP_SESSION', 'ubuntu'), ('ROS_PYTHON_VERSION', '3'), ('GNOME_SHELL_SESSION_MODE', 'ubuntu'), ('GTK_MODULES', 'gail:atk-bridge'), ('SYSTEMD_EXEC_PID', '1582'), ('DBUS_SESSION_BUS_ADDRESS', 'unix:path=/run/user/1000/bus'), ('COLORTERM', 'truecolor'), ('IM_CONFIG_PHASE', '1'), ('WAYLAND_DISPLAY', 'wayland-0'), ('COLCON_PREFIX_PATH', '/home/greyflon/lab_2025/install'), ('ROS_DISTRO', 'humble'), ('LOGNAME', 'greyflon'), ('_', '/usr/bin/colcon'), ('ROS_VERSION', '2'), ('XDG_SESSION_CLASS', 'user'), ('USERNAME', 'greyflon'), ('TERM', 'xterm-256color'), ('GNOME_DESKTOP_SESSION_ID', 'this-is-deprecated'), ('ROS_LOCALHOST_ONLY', '0'), ('PATH', '/opt/ros/humble/bin:/home/greyflon/.local/bin:/usr/local/sbin:/usr/local/bin:/usr/sbin:/usr/bin:/sbin:/bin:/usr/games:/usr/local/games:/snap/bin:/snap/bin'), ('SESSION_MANAGER', 'local/greyflon-desktop:@/tmp/.ICE-unix/1559,unix/greyflon-desktop:/tmp/.ICE-unix/1559'), ('XDG_MENU_PREFIX', 'gnome-'), ('GNOME_TERMINAL_SCREEN', '/org/gnome/Terminal/screen/8ba91f51_be59_418d_992a_1824daeba29e'), ('GNOME_SETUP_DISPLAY', ':1'), ('XDG_RUNTIME_DIR', '/run/user/1000'), ('DISPLAY', ':0'), ('LANG', 'en_US.UTF-8'), ('XDG_CURRENT_DESKTOP', 'ubuntu:GNOME'), ('XMODIFIERS', '@im=ibus'), ('XDG_SESSION_DESKTOP', 'ubuntu'), ('XAUTHORITY', '/run/user/1000/.mutter-Xwaylandauth.FQQJ72'), ('LS_COLORS', 'rs=0:di=01;34:ln=01;36:mh=00:pi=40;33:so=01;35:do=01;35:bd=40;33;01:cd=40;33;01:or=40;31;01:mi=00:su=37;41:sg=30;43:ca=30;41:tw=30;42:ow=34;42:st=37;44:ex=01;32:*.tar=01;31:*.tgz=01;31:*.arc=01;31:*.arj=01;31:*.taz=01;31:*.lha=01;31:*.lz4=01;31:*.lzh=01;31:*.lzma=01;31:*.tlz=01;31:*.txz=01;31:*.tzo=01;31:*.t7z=01;31:*.zip=01;31:*.z=01;31:*.dz=01;31:*.gz=01;31:*.lrz=01;31:*.lz=01;31:*.lzo=01;31:*.xz=01;31:*.zst=01;31:*.tzst=01;31:*.bz2=01;31:*.bz=01;31:*.tbz=01;31:*.tbz2=01;31:*.tz=01;31:*.deb=01;31:*.rpm=01;31:*.jar=01;31:*.war=01;31:*.ear=01;31:*.sar=01;31:*.rar=01;31:*.alz=01;31:*.ace=01;31:*.zoo=01;31:*.cpio=01;31:*.7z=01;31:*.rz=01;31:*.cab=01;31:*.wim=01;31:*.swm=01;31:*.dwm=01;31:*.esd=01;31:*.jpg=01;35:*.jpeg=01;35:*.mjpg=01;35:*.mjpeg=01;35:*.gif=01;35:*.bmp=01;35:*.pbm=01;35:*.pgm=01;35:*.ppm=01;35:*.tga=01;35:*.xbm=01;35:*.xpm=01;35:*.tif=01;35:*.tiff=01;35:*.png=01;35:*.svg=01;35:*.svgz=01;35:*.mng=01;35:*.pcx=01;35:*.mov=01;35:*.mpg=01;35:*.mpeg=01;35:*.m2v=01;35:*.mkv=01;35:*.webm=01;35:*.webp=01;35:*.ogm=01;35:*.mp4=01;35:*.m4v=01;35:*.mp4v=01;35:*.vob=01;35:*.qt=01;35:*.nuv=01;35:*.wmv=01;35:*.asf=01;35:*.rm=01;35:*.rmvb=01;35:*.flc=01;35:*.avi=01;35:*.fli=01;35:*.flv=01;35:*.gl=01;35:*.dl=01;35:*.xcf=01;35:*.xwd=01;35:*.yuv=01;35:*.cgm=01;35:*.emf=01;35:*.ogv=01;35:*.ogx=01;35:*.aac=00;36:*.au=00;36:*.flac=00;36:*.m4a=00;36:*.mid=00;36:*.midi=00;36:*.mka=00;36:*.mp3=00;36:*.mpc=00;36:*.ogg=00;36:*.ra=00;36:*.wav=00;36:*.oga=00;36:*.opus=00;36:*.spx=00;36:*.xspf=00;36:'), ('GNOME_TERMINAL_SERVICE', ':1.123'), ('SSH_AGENT_LAUNCHER', 'gnome-keyring'), ('SSH_AUTH_SOCK', '/run/user/1000/keyring/ssh'), ('AMENT_PREFIX_PATH', '/home/greyflon/lab_2025/install/two_wheeled_robot:/home/greyflon/lab_2025/install/cv_basics:/opt/ros/humble'), ('SHELL', '/bin/bash'), ('QT_ACCESSIBILITY', '1'), ('GDMSESSION', 'ubuntu'), ('LESSCLOSE', '/usr/bin/lesspipe %s %s'), ('QT_IM_MODULE', 'ibus'), ('PWD', '/home/greyflon/lab_2025/build/two_wheeled_robot'), ('LC_ALL', 'en_US.UTF-8'), ('XDG_CONFIG_DIRS', '/etc/xdg/xdg-ubuntu:/etc/xdg'), ('XDG_DATA_DIRS', '/usr/share/ubuntu:/usr/local/share/:/usr/share/:/var/lib/snapd/desktop'), ('PYTHONPATH', '/home/greyflon/lab_2025/install/cv_basics/lib/python3.10/site-packages:/opt/ros/humble/lib/python3.10/site-packages:/opt/ros/humble/local/lib/python3.10/dist-packages'), ('COLCON', '1'), ('VTE_VERSION', '6800'), ('CMAKE_PREFIX_PATH', '/home/greyflon/lab_2025/install/two_wheeled_robot:/home/greyflon/lab_2025/install/cv_basics:/opt/ros/humble')]), 'shell': False}
[0.300169] (-) TimerEvent: {}
[0.365681] (two_wheeled_robot) CommandEnded: {'returncode': 0}
[0.366344] (two_wheeled_robot) JobProgress: {'identifier': 'two_wheeled_robot', 'progress': 'install'}
[0.376329] (two_wheeled_robot) Command: {'cmd': ['/usr/bin/cmake', '--install', '/home/greyflon/lab_2025/build/two_wheeled_robot'], 'cwd': '/home/greyflon/lab_2025/build/two_wheeled_robot', 'env': OrderedDict([('LESSOPEN', '| /usr/bin/lesspipe %s'), ('USER', 'greyflon'), ('XDG_SESSION_TYPE', 'wayland'), ('SHLVL', '1'), ('LD_LIBRARY_PATH', '/usr/lib/x86_64-linux-gnu/gazebo-11/plugins:/opt/ros/humble/opt/rviz_ogre_vendor/lib:/opt/ros/humble/lib/x86_64-linux-gnu:/opt/ros/humble/lib'), ('HOME', '/home/greyflon'), ('OLDPWD', '/home/greyflon'), ('DESKTOP_SESSION', 'ubuntu'), ('ROS_PYTHON_VERSION', '3'), ('GNOME_SHELL_SESSION_MODE', 'ubuntu'), ('GTK_MODULES', 'gail:atk-bridge'), ('SYSTEMD_EXEC_PID', '1582'), ('DBUS_SESSION_BUS_ADDRESS', 'unix:path=/run/user/1000/bus'), ('COLORTERM', 'truecolor'), ('IM_CONFIG_PHASE', '1'), ('WAYLAND_DISPLAY', 'wayland-0'), ('COLCON_PREFIX_PATH', '/home/greyflon/lab_2025/install'), ('ROS_DISTRO', 'humble'), ('LOGNAME', 'greyflon'), ('_', '/usr/bin/colcon'), ('ROS_VERSION', '2'), ('XDG_SESSION_CLASS', 'user'), ('USERNAME', 'greyflon'), ('TERM', 'xterm-256color'), ('GNOME_DESKTOP_SESSION_ID', 'this-is-deprecated'), ('ROS_LOCALHOST_ONLY', '0'), ('PATH', '/opt/ros/humble/bin:/home/greyflon/.local/bin:/usr/local/sbin:/usr/local/bin:/usr/sbin:/usr/bin:/sbin:/bin:/usr/games:/usr/local/games:/snap/bin:/snap/bin'), ('SESSION_MANAGER', 'local/greyflon-desktop:@/tmp/.ICE-unix/1559,unix/greyflon-desktop:/tmp/.ICE-unix/1559'), ('XDG_MENU_PREFIX', 'gnome-'), ('GNOME_TERMINAL_SCREEN', '/org/gnome/Terminal/screen/8ba91f51_be59_418d_992a_1824daeba29e'), ('GNOME_SETUP_DISPLAY', ':1'), ('XDG_RUNTIME_DIR', '/run/user/1000'), ('DISPLAY', ':0'), ('LANG', 'en_US.UTF-8'), ('XDG_CURRENT_DESKTOP', 'ubuntu:GNOME'), ('XMODIFIERS', '@im=ibus'), ('XDG_SESSION_DESKTOP', 'ubuntu'), ('XAUTHORITY', '/run/user/1000/.mutter-Xwaylandauth.FQQJ72'), ('LS_COLORS', 'rs=0:di=01;34:ln=01;36:mh=00:pi=40;33:so=01;35:do=01;35:bd=40;33;01:cd=40;33;01:or=40;31;01:mi=00:su=37;41:sg=30;43:ca=30;41:tw=30;42:ow=34;42:st=37;44:ex=01;32:*.tar=01;31:*.tgz=01;31:*.arc=01;31:*.arj=01;31:*.taz=01;31:*.lha=01;31:*.lz4=01;31:*.lzh=01;31:*.lzma=01;31:*.tlz=01;31:*.txz=01;31:*.tzo=01;31:*.t7z=01;31:*.zip=01;31:*.z=01;31:*.dz=01;31:*.gz=01;31:*.lrz=01;31:*.lz=01;31:*.lzo=01;31:*.xz=01;31:*.zst=01;31:*.tzst=01;31:*.bz2=01;31:*.bz=01;31:*.tbz=01;31:*.tbz2=01;31:*.tz=01;31:*.deb=01;31:*.rpm=01;31:*.jar=01;31:*.war=01;31:*.ear=01;31:*.sar=01;31:*.rar=01;31:*.alz=01;31:*.ace=01;31:*.zoo=01;31:*.cpio=01;31:*.7z=01;31:*.rz=01;31:*.cab=01;31:*.wim=01;31:*.swm=01;31:*.dwm=01;31:*.esd=01;31:*.jpg=01;35:*.jpeg=01;35:*.mjpg=01;35:*.mjpeg=01;35:*.gif=01;35:*.bmp=01;35:*.pbm=01;35:*.pgm=01;35:*.ppm=01;35:*.tga=01;35:*.xbm=01;35:*.xpm=01;35:*.tif=01;35:*.tiff=01;35:*.png=01;35:*.svg=01;35:*.svgz=01;35:*.mng=01;35:*.pcx=01;35:*.mov=01;35:*.mpg=01;35:*.mpeg=01;35:*.m2v=01;35:*.mkv=01;35:*.webm=01;35:*.webp=01;35:*.ogm=01;35:*.mp4=01;35:*.m4v=01;35:*.mp4v=01;35:*.vob=01;35:*.qt=01;35:*.nuv=01;35:*.wmv=01;35:*.asf=01;35:*.rm=01;35:*.rmvb=01;35:*.flc=01;35:*.avi=01;35:*.fli=01;35:*.flv=01;35:*.gl=01;35:*.dl=01;35:*.xcf=01;35:*.xwd=01;35:*.yuv=01;35:*.cgm=01;35:*.emf=01;35:*.ogv=01;35:*.ogx=01;35:*.aac=00;36:*.au=00;36:*.flac=00;36:*.m4a=00;36:*.mid=00;36:*.midi=00;36:*.mka=00;36:*.mp3=00;36:*.mpc=00;36:*.ogg=00;36:*.ra=00;36:*.wav=00;36:*.oga=00;36:*.opus=00;36:*.spx=00;36:*.xspf=00;36:'), ('GNOME_TERMINAL_SERVICE', ':1.123'), ('SSH_AGENT_LAUNCHER', 'gnome-keyring'), ('SSH_AUTH_SOCK', '/run/user/1000/keyring/ssh'), ('AMENT_PREFIX_PATH', '/home/greyflon/lab_2025/install/two_wheeled_robot:/home/greyflon/lab_2025/install/cv_basics:/opt/ros/humble'), ('SHELL', '/bin/bash'), ('QT_ACCESSIBILITY', '1'), ('GDMSESSION', 'ubuntu'), ('LESSCLOSE', '/usr/bin/lesspipe %s %s'), ('QT_IM_MODULE', 'ibus'), ('PWD', '/home/greyflon/lab_2025/build/two_wheeled_robot'), ('LC_ALL', 'en_US.UTF-8'), ('XDG_CONFIG_DIRS', '/etc/xdg/xdg-ubuntu:/etc/xdg'), ('XDG_DATA_DIRS', '/usr/share/ubuntu:/usr/local/share/:/usr/share/:/var/lib/snapd/desktop'), ('PYTHONPATH', '/home/greyflon/lab_2025/install/cv_basics/lib/python3.10/site-packages:/opt/ros/humble/lib/python3.10/site-packages:/opt/ros/humble/local/lib/python3.10/dist-packages'), ('COLCON', '1'), ('VTE_VERSION', '6800'), ('CMAKE_PREFIX_PATH', '/home/greyflon/lab_2025/install/two_wheeled_robot:/home/greyflon/lab_2025/install/cv_basics:/opt/ros/humble')]), 'shell': False}
[0.394434] (two_wheeled_robot) StdoutLine: {'line': b'-- Install configuration: ""\n'}
[0.394711] (two_wheeled_robot) StdoutLine: {'line': b'-- Up-to-date: /home/greyflon/lab_2025/install/two_wheeled_robot/share/two_wheeled_robot/config\n'}
[0.394852] (two_wheeled_robot) StdoutLine: {'line': b'-- Up-to-date: /home/greyflon/lab_2025/install/two_wheeled_robot/share/two_wheeled_robot/config/ekf.yaml\n'}
[0.394960] (two_wheeled_robot) StdoutLine: {'line': b'-- Up-to-date: /home/greyflon/lab_2025/install/two_wheeled_robot/share/two_wheeled_robot/config/ekf_urdf.yaml\n'}
[0.395062] (two_wheeled_robot) StdoutLine: {'line': b'-- Up-to-date: /home/greyflon/lab_2025/install/two_wheeled_robot/share/two_wheeled_robot/launch\n'}
[0.395169] (two_wheeled_robot) StdoutLine: {'line': b'-- Installing: /home/greyflon/lab_2025/install/two_wheeled_robot/share/two_wheeled_robot/launch/launch_urdf_into_gazebo.launch.py\n'}
[0.395310] (two_wheeled_robot) StdoutLine: {'line': b'-- Up-to-date: /home/greyflon/lab_2025/install/two_wheeled_robot/share/two_wheeled_robot/launch/warehouse_world\n'}
[0.395463] (two_wheeled_robot) StdoutLine: {'line': b'-- Up-to-date: /home/greyflon/lab_2025/install/two_wheeled_robot/share/two_wheeled_robot/launch/warehouse_world/todo_warehouse.py\n'}
[0.395565] (two_wheeled_robot) StdoutLine: {'line': b'-- Up-to-date: /home/greyflon/lab_2025/install/two_wheeled_robot/share/two_wheeled_robot/launch/neighborhood_world\n'}
[0.395678] (two_wheeled_robot) StdoutLine: {'line': b'-- Up-to-date: /home/greyflon/lab_2025/install/two_wheeled_robot/share/two_wheeled_robot/launch/neighborhood_world/neighborhood_world_v3.launch.py\n'}
[0.395800] (two_wheeled_robot) StdoutLine: {'line': b'-- Up-to-date: /home/greyflon/lab_2025/install/two_wheeled_robot/share/two_wheeled_robot/launch/neighborhood_world/neighborhood_world_v2.launch.py\n'}
[0.395900] (two_wheeled_robot) StdoutLine: {'line': b'-- Up-to-date: /home/greyflon/lab_2025/install/two_wheeled_robot/share/two_wheeled_robot/launch/neighborhood_world/neighborhood_world_v1.launch.py\n'}
[0.396002] (two_wheeled_robot) StdoutLine: {'line': b'-- Up-to-date: /home/greyflon/lab_2025/install/two_wheeled_robot/share/two_wheeled_robot/launch/load_world_into_gazebo.launch.py\n'}
[0.396104] (two_wheeled_robot) StdoutLine: {'line': b'-- Up-to-date: /home/greyflon/lab_2025/install/two_wheeled_robot/share/two_wheeled_robot/launch/launch_sim_cv.launch.py\n'}
[0.396205] (two_wheeled_robot) StdoutLine: {'line': b'-- Installing: /home/greyflon/lab_2025/install/two_wheeled_robot/share/two_wheeled_robot/launch/two_wheeled_robot_rviz.launch.py\n'}
[0.396315] (two_wheeled_robot) StdoutLine: {'line': b'-- Up-to-date: /home/greyflon/lab_2025/install/two_wheeled_robot/share/two_wheeled_robot/maps\n'}
[0.396419] (two_wheeled_robot) StdoutLine: {'line': b'-- Up-to-date: /home/greyflon/lab_2025/install/two_wheeled_robot/share/two_wheeled_robot/maps/warehouse_world\n'}
[0.396596] (two_wheeled_robot) StdoutLine: {'line': b'-- Up-to-date: /home/greyflon/lab_2025/install/two_wheeled_robot/share/two_wheeled_robot/maps/warehouse_world/002\n'}
[0.396757] (two_wheeled_robot) StdoutLine: {'line': b'-- Up-to-date: /home/greyflon/lab_2025/install/two_wheeled_robot/share/two_wheeled_robot/maps/warehouse_world/002/map.yaml\n'}
[0.396862] (two_wheeled_robot) StdoutLine: {'line': b'-- Up-to-date: /home/greyflon/lab_2025/install/two_wheeled_robot/share/two_wheeled_robot/maps/warehouse_world/002/map.pgm\n'}
[0.396964] (two_wheeled_robot) StdoutLine: {'line': b'-- Up-to-date: /home/greyflon/lab_2025/install/two_wheeled_robot/share/two_wheeled_robot/maps/warehouse_world/005\n'}
[0.397066] (two_wheeled_robot) StdoutLine: {'line': b'-- Up-to-date: /home/greyflon/lab_2025/install/two_wheeled_robot/share/two_wheeled_robot/maps/warehouse_world/005/map_rotated.pgm\n'}
[0.397167] (two_wheeled_robot) StdoutLine: {'line': b'-- Up-to-date: /home/greyflon/lab_2025/install/two_wheeled_robot/share/two_wheeled_robot/maps/warehouse_world/005/map_rotated.png\n'}
[0.397268] (two_wheeled_robot) StdoutLine: {'line': b'-- Up-to-date: /home/greyflon/lab_2025/install/two_wheeled_robot/share/two_wheeled_robot/maps/warehouse_world/005/map.yaml\n'}
[0.397368] (two_wheeled_robot) StdoutLine: {'line': b'-- Up-to-date: /home/greyflon/lab_2025/install/two_wheeled_robot/share/two_wheeled_robot/maps/warehouse_world/005/map.pgm\n'}
[0.397467] (two_wheeled_robot) StdoutLine: {'line': b'-- Up-to-date: /home/greyflon/lab_2025/install/two_wheeled_robot/share/two_wheeled_robot/maps/warehouse_world/keepout2.yaml\n'}
[0.397567] (two_wheeled_robot) StdoutLine: {'line': b'-- Up-to-date: /home/greyflon/lab_2025/install/two_wheeled_robot/share/two_wheeled_robot/maps/warehouse_world/lanes.yaml\n'}
[0.397812] (two_wheeled_robot) StdoutLine: {'line': b'-- Up-to-date: /home/greyflon/lab_2025/install/two_wheeled_robot/share/two_wheeled_robot/maps/warehouse_world/keepout_rotated2.pgm\n'}
[0.397936] (two_wheeled_robot) StdoutLine: {'line': b'-- Up-to-date: /home/greyflon/lab_2025/install/two_wheeled_robot/share/two_wheeled_robot/maps/warehouse_world/lanes_rotated.pgm\n'}
[0.398037] (two_wheeled_robot) StdoutLine: {'line': b'-- Up-to-date: /home/greyflon/lab_2025/install/two_wheeled_robot/share/two_wheeled_robot/maps/neighborhood_world\n'}
[0.398139] (two_wheeled_robot) StdoutLine: {'line': b'-- Up-to-date: /home/greyflon/lab_2025/install/two_wheeled_robot/share/two_wheeled_robot/maps/neighborhood_world/neighborhood_world.yaml\n'}
[0.398238] (two_wheeled_robot) StdoutLine: {'line': b'-- Up-to-date: /home/greyflon/lab_2025/install/two_wheeled_robot/share/two_wheeled_robot/maps/neighborhood_world/neighborhood_world.pgm\n'}
[0.398338] (two_wheeled_robot) StdoutLine: {'line': b'-- Up-to-date: /home/greyflon/lab_2025/install/two_wheeled_robot/share/two_wheeled_robot/media\n'}
[0.398436] (two_wheeled_robot) StdoutLine: {'line': b'-- Up-to-date: /home/greyflon/lab_2025/install/two_wheeled_robot/share/two_wheeled_robot/media/materials\n'}
[0.398537] (two_wheeled_robot) StdoutLine: {'line': b'-- Up-to-date: /home/greyflon/lab_2025/install/two_wheeled_robot/share/two_wheeled_robot/media/materials/scripts\n'}
[0.398750] (two_wheeled_robot) StdoutLine: {'line': b'-- Up-to-date: /home/greyflon/lab_2025/install/two_wheeled_robot/share/two_wheeled_robot/media/materials/scripts/servicesim.material\n'}
[0.398872] (two_wheeled_robot) StdoutLine: {'line': b'-- Up-to-date: /home/greyflon/lab_2025/install/two_wheeled_robot/share/two_wheeled_robot/media/materials/textures\n'}
[0.398974] (two_wheeled_robot) StdoutLine: {'line': b'-- Up-to-date: /home/greyflon/lab_2025/install/two_wheeled_robot/share/two_wheeled_robot/media/materials/textures/hallway.png\n'}
[0.399082] (two_wheeled_robot) StdoutLine: {'line': b'-- Up-to-date: /home/greyflon/lab_2025/install/two_wheeled_robot/share/two_wheeled_robot/media/materials/textures/cubicle_wall.png\n'}
[0.399182] (two_wheeled_robot) StdoutLine: {'line': b'-- Up-to-date: /home/greyflon/lab_2025/install/two_wheeled_robot/share/two_wheeled_robot/media/materials/textures/wall_window_and_elevator.png\n'}
[0.399283] (two_wheeled_robot) StdoutLine: {'line': b'-- Up-to-date: /home/greyflon/lab_2025/install/two_wheeled_robot/share/two_wheeled_robot/media/materials/textures/door_wall.png\n'}
[0.399381] (two_wheeled_robot) StdoutLine: {'line': b'-- Up-to-date: /home/greyflon/lab_2025/install/two_wheeled_robot/share/two_wheeled_robot/media/materials/textures/floors.png\n'}
[0.399482] (two_wheeled_robot) StdoutLine: {'line': b'-- Up-to-date: /home/greyflon/lab_2025/install/two_wheeled_robot/share/two_wheeled_robot/media/materials/textures/plain.png\n'}
[0.399580] (two_wheeled_robot) StdoutLine: {'line': b'-- Up-to-date: /home/greyflon/lab_2025/install/two_wheeled_robot/share/two_wheeled_robot/media/materials/textures/wall_plain_and_door.png\n'}
[0.399822] (two_wheeled_robot) StdoutLine: {'line': b'-- Up-to-date: /home/greyflon/lab_2025/install/two_wheeled_robot/share/two_wheeled_robot/media/materials/textures/ceiling.png\n'}
[0.399927] (two_wheeled_robot) StdoutLine: {'line': b'-- Up-to-date: /home/greyflon/lab_2025/install/two_wheeled_robot/share/two_wheeled_robot/media/materials/textures/wall_color.png\n'}
[0.400033] (two_wheeled_robot) StdoutLine: {'line': b'-- Up-to-date: /home/greyflon/lab_2025/install/two_wheeled_robot/share/two_wheeled_robot/media/materials/textures/window.png\n'}
[0.400139] (two_wheeled_robot) StdoutLine: {'line': b'-- Up-to-date: /home/greyflon/lab_2025/install/two_wheeled_robot/share/two_wheeled_robot/media/materials/textures/sink.png\n'}
[0.400236] (-) TimerEvent: {}
[0.400422] (two_wheeled_robot) StdoutLine: {'line': b'-- Up-to-date: /home/greyflon/lab_2025/install/two_wheeled_robot/share/two_wheeled_robot/media/materials/textures/elevator.png\n'}
[0.400529] (two_wheeled_robot) StdoutLine: {'line': b'-- Up-to-date: /home/greyflon/lab_2025/install/two_wheeled_robot/share/two_wheeled_robot/media/materials/textures/bathroom.png\n'}
[0.400898] (two_wheeled_robot) StdoutLine: {'line': b'-- Up-to-date: /home/greyflon/lab_2025/install/two_wheeled_robot/share/two_wheeled_robot/media/frames\n'}
[0.401042] (two_wheeled_robot) StdoutLine: {'line': b'-- Up-to-date: /home/greyflon/lab_2025/install/two_wheeled_robot/share/two_wheeled_robot/media/frames/frames.gv\n'}
[0.401146] (two_wheeled_robot) StdoutLine: {'line': b'-- Up-to-date: /home/greyflon/lab_2025/install/two_wheeled_robot/share/two_wheeled_robot/media/frames/frames.pdf\n'}
[0.401252] (two_wheeled_robot) StdoutLine: {'line': b'-- Up-to-date: /home/greyflon/lab_2025/install/two_wheeled_robot/share/two_wheeled_robot/media/gps\n'}
[0.401360] (two_wheeled_robot) StdoutLine: {'line': b'-- Up-to-date: /home/greyflon/lab_2025/install/two_wheeled_robot/share/two_wheeled_robot/media/gps/gps_service_call_set_origin_lat_lon\n'}
[0.401462] (two_wheeled_robot) StdoutLine: {'line': b'-- Up-to-date: /home/greyflon/lab_2025/install/two_wheeled_robot/share/two_wheeled_robot/media/node_graph\n'}
[0.401566] (two_wheeled_robot) StdoutLine: {'line': b'-- Up-to-date: /home/greyflon/lab_2025/install/two_wheeled_robot/share/two_wheeled_robot/media/node_graph/rviz_launch_rosgraph.png\n'}
[0.401685] (two_wheeled_robot) StdoutLine: {'line': b'-- Up-to-date: /home/greyflon/lab_2025/install/two_wheeled_robot/share/two_wheeled_robot/meshes\n'}
[0.401827] (two_wheeled_robot) StdoutLine: {'line': b'-- Up-to-date: /home/greyflon/lab_2025/install/two_wheeled_robot/share/two_wheeled_robot/meshes/elbow.stl\n'}
[0.401930] (two_wheeled_robot) StdoutLine: {'line': b'-- Up-to-date: /home/greyflon/lab_2025/install/two_wheeled_robot/share/two_wheeled_robot/meshes/cafe\n'}
[0.402028] (two_wheeled_robot) StdoutLine: {'line': b'-- Up-to-date: /home/greyflon/lab_2025/install/two_wheeled_robot/share/two_wheeled_robot/meshes/cafe/walk.dae\n'}
[0.402315] (two_wheeled_robot) StdoutLine: {'line': b'-- Up-to-date: /home/greyflon/lab_2025/install/two_wheeled_robot/share/two_wheeled_robot/meshes/bicep.stl\n'}
[0.402417] (two_wheeled_robot) StdoutLine: {'line': b'-- Up-to-date: /home/greyflon/lab_2025/install/two_wheeled_robot/share/two_wheeled_robot/meshes/robot_base.stl\n'}
[0.402518] (two_wheeled_robot) StdoutLine: {'line': b'-- Up-to-date: /home/greyflon/lab_2025/install/two_wheeled_robot/share/two_wheeled_robot/meshes/office\n'}
[0.402682] (two_wheeled_robot) StdoutLine: {'line': b'-- Up-to-date: /home/greyflon/lab_2025/install/two_wheeled_robot/share/two_wheeled_robot/meshes/office/hallway.obj\n'}
[0.402888] (two_wheeled_robot) StdoutLine: {'line': b'-- Up-to-date: /home/greyflon/lab_2025/install/two_wheeled_robot/share/two_wheeled_robot/meshes/office/tile.obj\n'}
[0.402982] (two_wheeled_robot) StdoutLine: {'line': b'-- Up-to-date: /home/greyflon/lab_2025/install/two_wheeled_robot/share/two_wheeled_robot/meshes/office/meeting_room_large.obj\n'}
[0.403075] (two_wheeled_robot) StdoutLine: {'line': b'-- Up-to-date: /home/greyflon/lab_2025/install/two_wheeled_robot/share/two_wheeled_robot/meshes/office/wall_window.obj\n'}
[0.403167] (two_wheeled_robot) StdoutLine: {'line': b'-- Up-to-date: /home/greyflon/lab_2025/install/two_wheeled_robot/share/two_wheeled_robot/meshes/office/sink.obj\n'}
[0.403254] (two_wheeled_robot) StdoutLine: {'line': b'-- Up-to-date: /home/greyflon/lab_2025/install/two_wheeled_robot/share/two_wheeled_robot/meshes/office/bathroom.obj\n'}
[0.403457] (two_wheeled_robot) StdoutLine: {'line': b'-- Up-to-date: /home/greyflon/lab_2025/install/two_wheeled_robot/share/two_wheeled_robot/meshes/office/office_large.obj\n'}
[0.403554] (two_wheeled_robot) StdoutLine: {'line': b'-- Up-to-date: /home/greyflon/lab_2025/install/two_wheeled_robot/share/two_wheeled_robot/meshes/office/wall_plain.obj\n'}
[0.403764] (two_wheeled_robot) StdoutLine: {'line': b'-- Up-to-date: /home/greyflon/lab_2025/install/two_wheeled_robot/share/two_wheeled_robot/meshes/office/meeting_room_small.obj\n'}
[0.403894] (two_wheeled_robot) StdoutLine: {'line': b'-- Up-to-date: /home/greyflon/lab_2025/install/two_wheeled_robot/share/two_wheeled_robot/meshes/office/cubicle_wall.mtl\n'}
[0.403989] (two_wheeled_robot) StdoutLine: {'line': b'-- Up-to-date: /home/greyflon/lab_2025/install/two_wheeled_robot/share/two_wheeled_robot/meshes/office/carpet.obj\n'}
[0.404081] (two_wheeled_robot) StdoutLine: {'line': b'-- Up-to-date: /home/greyflon/lab_2025/install/two_wheeled_robot/share/two_wheeled_robot/meshes/office/cubicle_wall.obj\n'}
[0.404175] (two_wheeled_robot) StdoutLine: {'line': b'-- Up-to-date: /home/greyflon/lab_2025/install/two_wheeled_robot/share/two_wheeled_robot/meshes/office/office_small.obj\n'}
[0.404271] (two_wheeled_robot) StdoutLine: {'line': b'-- Up-to-date: /home/greyflon/lab_2025/install/two_wheeled_robot/share/two_wheeled_robot/meshes/office/office.mtl\n'}
[0.404365] (two_wheeled_robot) StdoutLine: {'line': b'-- Up-to-date: /home/greyflon/lab_2025/install/two_wheeled_robot/share/two_wheeled_robot/meshes/office/wall_elevator.obj\n'}
[0.404454] (two_wheeled_robot) StdoutLine: {'line': b'-- Up-to-date: /home/greyflon/lab_2025/install/two_wheeled_robot/share/two_wheeled_robot/meshes/office/ceiling.obj\n'}
[0.404545] (two_wheeled_robot) StdoutLine: {'line': b'-- Up-to-date: /home/greyflon/lab_2025/install/two_wheeled_robot/share/two_wheeled_robot/meshes/office/reception.obj\n'}
[0.404678] (two_wheeled_robot) StdoutLine: {'line': b'-- Up-to-date: /home/greyflon/lab_2025/install/two_wheeled_robot/share/two_wheeled_robot/meshes/office/wall_door.obj\n'}
[0.404774] (two_wheeled_robot) StdoutLine: {'line': b'-- Up-to-date: /home/greyflon/lab_2025/install/two_wheeled_robot/share/two_wheeled_robot/meshes/office/refreshment_area.obj\n'}
[0.404866] (two_wheeled_robot) StdoutLine: {'line': b'-- Up-to-date: /home/greyflon/lab_2025/install/two_wheeled_robot/share/two_wheeled_robot/meshes/wrist.stl\n'}
[0.404959] (two_wheeled_robot) StdoutLine: {'line': b'-- Up-to-date: /home/greyflon/lab_2025/install/two_wheeled_robot/share/two_wheeled_robot/meshes/wheel.stl\n'}
[0.405162] (two_wheeled_robot) StdoutLine: {'line': b'-- Up-to-date: /home/greyflon/lab_2025/install/two_wheeled_robot/share/two_wheeled_robot/meshes/arm_base.stl\n'}
[0.405260] (two_wheeled_robot) StdoutLine: {'line': b'-- Up-to-date: /home/greyflon/lab_2025/install/two_wheeled_robot/share/two_wheeled_robot/models\n'}
[0.405357] (two_wheeled_robot) StdoutLine: {'line': b'-- Up-to-date: /home/greyflon/lab_2025/install/two_wheeled_robot/share/two_wheeled_robot/models/aws_robomaker_hospital_ramp_01\n'}
[0.405449] (two_wheeled_robot) StdoutLine: {'line': b'-- Up-to-date: /home/greyflon/lab_2025/install/two_wheeled_robot/share/two_wheeled_robot/models/aws_robomaker_hospital_ramp_01/model.config\n'}
[0.405537] (two_wheeled_robot) StdoutLine: {'line': b'-- Up-to-date: /home/greyflon/lab_2025/install/two_wheeled_robot/share/two_wheeled_robot/models/aws_robomaker_hospital_ramp_01/meshes\n'}
[0.405641] (two_wheeled_robot) StdoutLine: {'line': b'-- Up-to-date: /home/greyflon/lab_2025/install/two_wheeled_robot/share/two_wheeled_robot/models/aws_robomaker_hospital_ramp_01/meshes/aws_robomaker_hospital_ramp_01.png\n'}
[0.405808] (two_wheeled_robot) StdoutLine: {'line': b'-- Up-to-date: /home/greyflon/lab_2025/install/two_wheeled_robot/share/two_wheeled_robot/models/aws_robomaker_hospital_ramp_01/meshes/aws_robomaker_hospital_ramp_01_collision.dae\n'}
[0.405905] (two_wheeled_robot) StdoutLine: {'line': b'-- Up-to-date: /home/greyflon/lab_2025/install/two_wheeled_robot/share/two_wheeled_robot/models/aws_robomaker_hospital_ramp_01/meshes/aws_robomaker_hospital_ramp_01_normal.png\n'}
[0.406000] (two_wheeled_robot) StdoutLine: {'line': b'-- Up-to-date: /home/greyflon/lab_2025/install/two_wheeled_robot/share/two_wheeled_robot/models/aws_robomaker_hospital_ramp_01/meshes/aws_robomaker_hospital_ramp_01_visual.dae\n'}
[0.406095] (two_wheeled_robot) StdoutLine: {'line': b'-- Up-to-date: /home/greyflon/lab_2025/install/two_wheeled_robot/share/two_wheeled_robot/models/aws_robomaker_hospital_ramp_01/model.sdf\n'}
[0.406191] (two_wheeled_robot) StdoutLine: {'line': b'-- Up-to-date: /home/greyflon/lab_2025/install/two_wheeled_robot/share/two_wheeled_robot/models/toilet\n'}
[0.406287] (two_wheeled_robot) StdoutLine: {'line': b'-- Up-to-date: /home/greyflon/lab_2025/install/two_wheeled_robot/share/two_wheeled_robot/models/toilet/model.config\n'}
[0.406385] (two_wheeled_robot) StdoutLine: {'line': b'-- Up-to-date: /home/greyflon/lab_2025/install/two_wheeled_robot/share/two_wheeled_robot/models/toilet/meshes\n'}
[0.406480] (two_wheeled_robot) StdoutLine: {'line': b'-- Up-to-date: /home/greyflon/lab_2025/install/two_wheeled_robot/share/two_wheeled_robot/models/toilet/meshes/toilet.mtl\n'}
[0.406573] (two_wheeled_robot) StdoutLine: {'line': b'-- Up-to-date: /home/greyflon/lab_2025/install/two_wheeled_robot/share/two_wheeled_robot/models/toilet/meshes/toilet.dae\n'}
[0.406841] (two_wheeled_robot) StdoutLine: {'line': b'-- Up-to-date: /home/greyflon/lab_2025/install/two_wheeled_robot/share/two_wheeled_robot/models/toilet/meshes/toilet.obj\n'}
[0.406960] (two_wheeled_robot) StdoutLine: {'line': b'-- Up-to-date: /home/greyflon/lab_2025/install/two_wheeled_robot/share/two_wheeled_robot/models/toilet/materials\n'}
[0.407059] (two_wheeled_robot) StdoutLine: {'line': b'-- Up-to-date: /home/greyflon/lab_2025/install/two_wheeled_robot/share/two_wheeled_robot/models/toilet/materials/textures\n'}
[0.407200] (two_wheeled_robot) StdoutLine: {'line': b'-- Up-to-date: /home/greyflon/lab_2025/install/two_wheeled_robot/share/two_wheeled_robot/models/toilet/materials/textures/toilet_diffuse_specular.png\n'}
[0.407293] (two_wheeled_robot) StdoutLine: {'line': b'-- Up-to-date: /home/greyflon/lab_2025/install/two_wheeled_robot/share/two_wheeled_robot/models/toilet/thumbnails\n'}
[0.407381] (two_wheeled_robot) StdoutLine: {'line': b'-- Up-to-date: /home/greyflon/lab_2025/install/two_wheeled_robot/share/two_wheeled_robot/models/toilet/thumbnails/5.png\n'}
[0.407477] (two_wheeled_robot) StdoutLine: {'line': b'-- Up-to-date: /home/greyflon/lab_2025/install/two_wheeled_robot/share/two_wheeled_robot/models/toilet/thumbnails/1.png\n'}
[0.407574] (two_wheeled_robot) StdoutLine: {'line': b'-- Up-to-date: /home/greyflon/lab_2025/install/two_wheeled_robot/share/two_wheeled_robot/models/toilet/thumbnails/2.png\n'}
[0.407756] (two_wheeled_robot) StdoutLine: {'line': b'-- Up-to-date: /home/greyflon/lab_2025/install/two_wheeled_robot/share/two_wheeled_robot/models/toilet/thumbnails/4.png\n'}
[0.407873] (two_wheeled_robot) StdoutLine: {'line': b'-- Up-to-date: /home/greyflon/lab_2025/install/two_wheeled_robot/share/two_wheeled_robot/models/toilet/thumbnails/3.png\n'}
[0.407971] (two_wheeled_robot) StdoutLine: {'line': b'-- Up-to-date: /home/greyflon/lab_2025/install/two_wheeled_robot/share/two_wheeled_robot/models/toilet/model.sdf\n'}
[0.408067] (two_wheeled_robot) StdoutLine: {'line': b'-- Up-to-date: /home/greyflon/lab_2025/install/two_wheeled_robot/share/two_wheeled_robot/models/aws_robomaker_residential_RoomCeiling_01\n'}
[0.408163] (two_wheeled_robot) StdoutLine: {'line': b'-- Up-to-date: /home/greyflon/lab_2025/install/two_wheeled_robot/share/two_wheeled_robot/models/aws_robomaker_residential_RoomCeiling_01/model.config\n'}
[0.408253] (two_wheeled_robot) StdoutLine: {'line': b'-- Up-to-date: /home/greyflon/lab_2025/install/two_wheeled_robot/share/two_wheeled_robot/models/aws_robomaker_residential_RoomCeiling_01/meshes\n'}
[0.408350] (two_wheeled_robot) StdoutLine: {'line': b'-- Up-to-date: /home/greyflon/lab_2025/install/two_wheeled_robot/share/two_wheeled_robot/models/aws_robomaker_residential_RoomCeiling_01/meshes/aws_RoomCeiling_01_collision.DAE\n'}
[0.408447] (two_wheeled_robot) StdoutLine: {'line': b'-- Up-to-date: /home/greyflon/lab_2025/install/two_wheeled_robot/share/two_wheeled_robot/models/aws_robomaker_residential_RoomCeiling_01/meshes/aws_RoomCeiling_01_visual.DAE\n'}
[0.408539] (two_wheeled_robot) StdoutLine: {'line': b'-- Up-to-date: /home/greyflon/lab_2025/install/two_wheeled_robot/share/two_wheeled_robot/models/aws_robomaker_residential_RoomCeiling_01/materials\n'}
[0.408739] (two_wheeled_robot) StdoutLine: {'line': b'-- Up-to-date: /home/greyflon/lab_2025/install/two_wheeled_robot/share/two_wheeled_robot/models/aws_robomaker_residential_RoomCeiling_01/materials/textures\n'}
[0.408880] (two_wheeled_robot) StdoutLine: {'line': b'-- Up-to-date: /home/greyflon/lab_2025/install/two_wheeled_robot/share/two_wheeled_robot/models/aws_robomaker_residential_RoomCeiling_01/materials/textures/aws_RoomCeiling_01.png\n'}
[0.408990] (two_wheeled_robot) StdoutLine: {'line': b'-- Up-to-date: /home/greyflon/lab_2025/install/two_wheeled_robot/share/two_wheeled_robot/models/aws_robomaker_residential_RoomCeiling_01/model.sdf\n'}
[0.409093] (two_wheeled_robot) StdoutLine: {'line': b'-- Up-to-date: /home/greyflon/lab_2025/install/two_wheeled_robot/share/two_wheeled_robot/models/BedsideTable\n'}
[0.409194] (two_wheeled_robot) StdoutLine: {'line': b'-- Up-to-date: /home/greyflon/lab_2025/install/two_wheeled_robot/share/two_wheeled_robot/models/BedsideTable/model.config\n'}
[0.409297] (two_wheeled_robot) StdoutLine: {'line': b'-- Up-to-date: /home/greyflon/lab_2025/install/two_wheeled_robot/share/two_wheeled_robot/models/BedsideTable/meshes\n'}
[0.409399] (two_wheeled_robot) StdoutLine: {'line': b'-- Up-to-date: /home/greyflon/lab_2025/install/two_wheeled_robot/share/two_wheeled_robot/models/BedsideTable/meshes/BedsideTable_Normal.png\n'}
[0.409500] (two_wheeled_robot) StdoutLine: {'line': b'-- Up-to-date: /home/greyflon/lab_2025/install/two_wheeled_robot/share/two_wheeled_robot/models/BedsideTable/meshes/BedsideTable_SpecGloss.png\n'}
[0.409609] (two_wheeled_robot) StdoutLine: {'line': b'-- Up-to-date: /home/greyflon/lab_2025/install/two_wheeled_robot/share/two_wheeled_robot/models/BedsideTable/meshes/BedsideTable_Col.obj\n'}
[0.409833] (two_wheeled_robot) StdoutLine: {'line': b'-- Up-to-date: /home/greyflon/lab_2025/install/two_wheeled_robot/share/two_wheeled_robot/models/BedsideTable/meshes/BedsideTable_Diffuse.png\n'}
[0.409946] (two_wheeled_robot) StdoutLine: {'line': b'-- Up-to-date: /home/greyflon/lab_2025/install/two_wheeled_robot/share/two_wheeled_robot/models/BedsideTable/meshes/BedsideTable.png\n'}
[0.410050] (two_wheeled_robot) StdoutLine: {'line': b'-- Up-to-date: /home/greyflon/lab_2025/install/two_wheeled_robot/share/two_wheeled_robot/models/BedsideTable/meshes/BedsideTable.mtl\n'}
[0.410154] (two_wheeled_robot) StdoutLine: {'line': b'-- Up-to-date: /home/greyflon/lab_2025/install/two_wheeled_robot/share/two_wheeled_robot/models/BedsideTable/meshes/BedsideTable.obj\n'}
[0.410249] (two_wheeled_robot) StdoutLine: {'line': b'-- Up-to-date: /home/greyflon/lab_2025/install/two_wheeled_robot/share/two_wheeled_robot/models/BedsideTable/meshes/BedsideTable_Col.mtl\n'}
[0.410342] (two_wheeled_robot) StdoutLine: {'line': b'-- Up-to-date: /home/greyflon/lab_2025/install/two_wheeled_robot/share/two_wheeled_robot/models/BedsideTable/thumbnails\n'}
[0.410440] (two_wheeled_robot) StdoutLine: {'line': b'-- Up-to-date: /home/greyflon/lab_2025/install/two_wheeled_robot/share/two_wheeled_robot/models/BedsideTable/thumbnails/5.png\n'}
[0.410627] (two_wheeled_robot) StdoutLine: {'line': b'-- Up-to-date: /home/greyflon/lab_2025/install/two_wheeled_robot/share/two_wheeled_robot/models/BedsideTable/thumbnails/1.png\n'}
[0.410771] (two_wheeled_robot) StdoutLine: {'line': b'-- Up-to-date: /home/greyflon/lab_2025/install/two_wheeled_robot/share/two_wheeled_robot/models/BedsideTable/thumbnails/2.png\n'}
[0.410866] (two_wheeled_robot) StdoutLine: {'line': b'-- Up-to-date: /home/greyflon/lab_2025/install/two_wheeled_robot/share/two_wheeled_robot/models/BedsideTable/thumbnails/4.png\n'}
[0.410964] (two_wheeled_robot) StdoutLine: {'line': b'-- Up-to-date: /home/greyflon/lab_2025/install/two_wheeled_robot/share/two_wheeled_robot/models/BedsideTable/thumbnails/3.png\n'}
[0.411061] (two_wheeled_robot) StdoutLine: {'line': b'-- Up-to-date: /home/greyflon/lab_2025/install/two_wheeled_robot/share/two_wheeled_robot/models/BedsideTable/model.sdf\n'}
[0.411161] (two_wheeled_robot) StdoutLine: {'line': b'-- Up-to-date: /home/greyflon/lab_2025/install/two_wheeled_robot/share/two_wheeled_robot/models/StorageRackCovered\n'}
[0.411258] (two_wheeled_robot) StdoutLine: {'line': b'-- Up-to-date: /home/greyflon/lab_2025/install/two_wheeled_robot/share/two_wheeled_robot/models/StorageRackCovered/model.config\n'}
[0.411355] (two_wheeled_robot) StdoutLine: {'line': b'-- Up-to-date: /home/greyflon/lab_2025/install/two_wheeled_robot/share/two_wheeled_robot/models/StorageRackCovered/meshes\n'}
[0.411451] (two_wheeled_robot) StdoutLine: {'line': b'-- Up-to-date: /home/greyflon/lab_2025/install/two_wheeled_robot/share/two_wheeled_robot/models/StorageRackCovered/meshes/StorageRackCovered.obj\n'}
[0.411546] (two_wheeled_robot) StdoutLine: {'line': b'-- Up-to-date: /home/greyflon/lab_2025/install/two_wheeled_robot/share/two_wheeled_robot/models/StorageRackCovered/meshes/StorageRackCovered.png\n'}
[0.411760] (two_wheeled_robot) StdoutLine: {'line': b'-- Up-to-date: /home/greyflon/lab_2025/install/two_wheeled_robot/share/two_wheeled_robot/models/StorageRackCovered/meshes/StorageRackCovered.mtl\n'}
[0.411867] (two_wheeled_robot) StdoutLine: {'line': b'-- Up-to-date: /home/greyflon/lab_2025/install/two_wheeled_robot/share/two_wheeled_robot/models/StorageRackCovered/thumbnails\n'}
[0.411967] (two_wheeled_robot) StdoutLine: {'line': b'-- Up-to-date: /home/greyflon/lab_2025/install/two_wheeled_robot/share/two_wheeled_robot/models/StorageRackCovered/thumbnails/5.png\n'}
[0.412067] (two_wheeled_robot) StdoutLine: {'line': b'-- Up-to-date: /home/greyflon/lab_2025/install/two_wheeled_robot/share/two_wheeled_robot/models/StorageRackCovered/thumbnails/1.png\n'}
[0.412171] (two_wheeled_robot) StdoutLine: {'line': b'-- Up-to-date: /home/greyflon/lab_2025/install/two_wheeled_robot/share/two_wheeled_robot/models/StorageRackCovered/thumbnails/2.png\n'}
[0.412283] (two_wheeled_robot) StdoutLine: {'line': b'-- Up-to-date: /home/greyflon/lab_2025/install/two_wheeled_robot/share/two_wheeled_robot/models/StorageRackCovered/thumbnails/4.png\n'}
[0.412439] (two_wheeled_robot) StdoutLine: {'line': b'-- Up-to-date: /home/greyflon/lab_2025/install/two_wheeled_robot/share/two_wheeled_robot/models/StorageRackCovered/thumbnails/3.png\n'}
[0.412539] (two_wheeled_robot) StdoutLine: {'line': b'-- Up-to-date: /home/greyflon/lab_2025/install/two_wheeled_robot/share/two_wheeled_robot/models/StorageRackCovered/model.sdf\n'}
[0.412706] (two_wheeled_robot) StdoutLine: {'line': b'-- Up-to-date: /home/greyflon/lab_2025/install/two_wheeled_robot/share/two_wheeled_robot/models/fast_food\n'}
[0.412824] (two_wheeled_robot) StdoutLine: {'line': b'-- Up-to-date: /home/greyflon/lab_2025/install/two_wheeled_robot/share/two_wheeled_robot/models/fast_food/model-1_4.sdf\n'}
[0.412922] (two_wheeled_robot) StdoutLine: {'line': b'-- Up-to-date: /home/greyflon/lab_2025/install/two_wheeled_robot/share/two_wheeled_robot/models/fast_food/model.config\n'}
[0.413021] (two_wheeled_robot) StdoutLine: {'line': b'-- Up-to-date: /home/greyflon/lab_2025/install/two_wheeled_robot/share/two_wheeled_robot/models/fast_food/meshes\n'}
[0.413116] (two_wheeled_robot) StdoutLine: {'line': b'-- Up-to-date: /home/greyflon/lab_2025/install/two_wheeled_robot/share/two_wheeled_robot/models/fast_food/meshes/fast_food.dae\n'}
[0.413213] (two_wheeled_robot) StdoutLine: {'line': b'-- Up-to-date: /home/greyflon/lab_2025/install/two_wheeled_robot/share/two_wheeled_robot/models/fast_food/materials\n'}
[0.413308] (two_wheeled_robot) StdoutLine: {'line': b'-- Up-to-date: /home/greyflon/lab_2025/install/two_wheeled_robot/share/two_wheeled_robot/models/fast_food/materials/scripts\n'}
[0.413406] (two_wheeled_robot) StdoutLine: {'line': b'-- Up-to-date: /home/greyflon/lab_2025/install/two_wheeled_robot/share/two_wheeled_robot/models/fast_food/materials/scripts/fast_food.material\n'}
[0.413505] (two_wheeled_robot) StdoutLine: {'line': b'-- Up-to-date: /home/greyflon/lab_2025/install/two_wheeled_robot/share/two_wheeled_robot/models/fast_food/materials/textures\n'}
[0.413611] (two_wheeled_robot) StdoutLine: {'line': b'-- Up-to-date: /home/greyflon/lab_2025/install/two_wheeled_robot/share/two_wheeled_robot/models/fast_food/materials/textures/FastFood_Normal.png\n'}
[0.413855] (two_wheeled_robot) StdoutLine: {'line': b'-- Up-to-date: /home/greyflon/lab_2025/install/two_wheeled_robot/share/two_wheeled_robot/models/fast_food/materials/textures/FastFood_Spec.png\n'}
[0.413957] (two_wheeled_robot) StdoutLine: {'line': b'-- Up-to-date: /home/greyflon/lab_2025/install/two_wheeled_robot/share/two_wheeled_robot/models/fast_food/materials/textures/FastFood_Diffuse.png\n'}
[0.414059] (two_wheeled_robot) StdoutLine: {'line': b'-- Up-to-date: /home/greyflon/lab_2025/install/two_wheeled_robot/share/two_wheeled_robot/models/fast_food/model.sdf\n'}
[0.414162] (two_wheeled_robot) StdoutLine: {'line': b'-- Up-to-date: /home/greyflon/lab_2025/install/two_wheeled_robot/share/two_wheeled_robot/models/fast_food/model-1_3.sdf\n'}
[0.414328] (two_wheeled_robot) StdoutLine: {'line': b'-- Up-to-date: /home/greyflon/lab_2025/install/two_wheeled_robot/share/two_wheeled_robot/models/blue_tray\n'}
[0.414414] (two_wheeled_robot) StdoutLine: {'line': b'-- Up-to-date: /home/greyflon/lab_2025/install/two_wheeled_robot/share/two_wheeled_robot/models/blue_tray/model.config\n'}
[0.414504] (two_wheeled_robot) StdoutLine: {'line': b'-- Up-to-date: /home/greyflon/lab_2025/install/two_wheeled_robot/share/two_wheeled_robot/models/blue_tray/meshes\n'}
[0.414603] (two_wheeled_robot) StdoutLine: {'line': b'-- Up-to-date: /home/greyflon/lab_2025/install/two_wheeled_robot/share/two_wheeled_robot/models/blue_tray/meshes/blue_tray.dae\n'}
[0.415101] (two_wheeled_robot) StdoutLine: {'line': b'-- Up-to-date: /home/greyflon/lab_2025/install/two_wheeled_robot/share/two_wheeled_robot/models/blue_tray/model.sdf\n'}
[0.415211] (two_wheeled_robot) StdoutLine: {'line': b'-- Up-to-date: /home/greyflon/lab_2025/install/two_wheeled_robot/share/two_wheeled_robot/models/office_couch\n'}
[0.415315] (two_wheeled_robot) StdoutLine: {'line': b'-- Up-to-date: /home/greyflon/lab_2025/install/two_wheeled_robot/share/two_wheeled_robot/models/office_couch/model.config\n'}
[0.415478] (two_wheeled_robot) StdoutLine: {'line': b'-- Up-to-date: /home/greyflon/lab_2025/install/two_wheeled_robot/share/two_wheeled_robot/models/office_couch/meshes\n'}
[0.415589] (two_wheeled_robot) StdoutLine: {'line': b'-- Up-to-date: /home/greyflon/lab_2025/install/two_wheeled_robot/share/two_wheeled_robot/models/office_couch/meshes/office_couch.dae\n'}
[0.415772] (two_wheeled_robot) StdoutLine: {'line': b'-- Up-to-date: /home/greyflon/lab_2025/install/two_wheeled_robot/share/two_wheeled_robot/models/office_couch/materials\n'}
[0.415878] (two_wheeled_robot) StdoutLine: {'line': b'-- Up-to-date: /home/greyflon/lab_2025/install/two_wheeled_robot/share/two_wheeled_robot/models/office_couch/materials/textures\n'}
[0.415981] (two_wheeled_robot) StdoutLine: {'line': b'-- Up-to-date: /home/greyflon/lab_2025/install/two_wheeled_robot/share/two_wheeled_robot/models/office_couch/materials/textures/office_couch_specular.png\n'}
[0.416085] (two_wheeled_robot) StdoutLine: {'line': b'-- Up-to-date: /home/greyflon/lab_2025/install/two_wheeled_robot/share/two_wheeled_robot/models/office_couch/materials/textures/office_couch_diffuse.png\n'}
[0.416240] (two_wheeled_robot) StdoutLine: {'line': b'-- Up-to-date: /home/greyflon/lab_2025/install/two_wheeled_robot/share/two_wheeled_robot/models/office_couch/model.sdf\n'}
[0.416344] (two_wheeled_robot) StdoutLine: {'line': b'-- Up-to-date: /home/greyflon/lab_2025/install/two_wheeled_robot/share/two_wheeled_robot/models/simple_gripper\n'}
[0.416446] (two_wheeled_robot) StdoutLine: {'line': b'-- Up-to-date: /home/greyflon/lab_2025/install/two_wheeled_robot/share/two_wheeled_robot/models/simple_gripper/model-1_2.sdf\n'}
[0.416548] (two_wheeled_robot) StdoutLine: {'line': b'-- Up-to-date: /home/greyflon/lab_2025/install/two_wheeled_robot/share/two_wheeled_robot/models/simple_gripper/model-1_4.sdf\n'}
[0.416735] (two_wheeled_robot) StdoutLine: {'line': b'-- Up-to-date: /home/greyflon/lab_2025/install/two_wheeled_robot/share/two_wheeled_robot/models/simple_gripper/model.config\n'}
[0.416857] (two_wheeled_robot) StdoutLine: {'line': b'-- Up-to-date: /home/greyflon/lab_2025/install/two_wheeled_robot/share/two_wheeled_robot/models/simple_gripper/model.sdf\n'}
[0.416962] (two_wheeled_robot) StdoutLine: {'line': b'-- Up-to-date: /home/greyflon/lab_2025/install/two_wheeled_robot/share/two_wheeled_robot/models/simple_gripper/model-1_3.sdf\n'}
[0.417065] (two_wheeled_robot) StdoutLine: {'line': b'-- Up-to-date: /home/greyflon/lab_2025/install/two_wheeled_robot/share/two_wheeled_robot/models/MaleVisitorOnPhone\n'}
[0.417167] (two_wheeled_robot) StdoutLine: {'line': b'-- Up-to-date: /home/greyflon/lab_2025/install/two_wheeled_robot/share/two_wheeled_robot/models/MaleVisitorOnPhone/model.config\n'}
[0.417269] (two_wheeled_robot) StdoutLine: {'line': b'-- Up-to-date: /home/greyflon/lab_2025/install/two_wheeled_robot/share/two_wheeled_robot/models/MaleVisitorOnPhone/meshes\n'}
[0.417371] (two_wheeled_robot) StdoutLine: {'line': b'-- Up-to-date: /home/greyflon/lab_2025/install/two_wheeled_robot/share/two_wheeled_robot/models/MaleVisitorOnPhone/meshes/Phone.png\n'}
[0.417474] (two_wheeled_robot) StdoutLine: {'line': b'-- Up-to-date: /home/greyflon/lab_2025/install/two_wheeled_robot/share/two_wheeled_robot/models/MaleVisitorOnPhone/meshes/MaleVisitorStatic_Col.obj\n'}
[0.417576] (two_wheeled_robot) StdoutLine: {'line': b'-- Up-to-date: /home/greyflon/lab_2025/install/two_wheeled_robot/share/two_wheeled_robot/models/MaleVisitorOnPhone/meshes/MaleVisitorStatic.obj\n'}
[0.417801] (two_wheeled_robot) StdoutLine: {'line': b'-- Up-to-date: /home/greyflon/lab_2025/install/two_wheeled_robot/share/two_wheeled_robot/models/MaleVisitorOnPhone/meshes/MaleVisitor.png\n'}
[0.417908] (two_wheeled_robot) StdoutLine: {'line': b'-- Up-to-date: /home/greyflon/lab_2025/install/two_wheeled_robot/share/two_wheeled_robot/models/MaleVisitorOnPhone/meshes/MaleVisitorStatic_Col.mtl\n'}
[0.418010] (two_wheeled_robot) StdoutLine: {'line': b'-- Up-to-date: /home/greyflon/lab_2025/install/two_wheeled_robot/share/two_wheeled_robot/models/MaleVisitorOnPhone/meshes/MaleVisitorStatic.mtl\n'}
[0.418156] (two_wheeled_robot) StdoutLine: {'line': b'-- Up-to-date: /home/greyflon/lab_2025/install/two_wheeled_robot/share/two_wheeled_robot/models/MaleVisitorOnPhone/thumbnails\n'}
[0.418258] (two_wheeled_robot) StdoutLine: {'line': b'-- Up-to-date: /home/greyflon/lab_2025/install/two_wheeled_robot/share/two_wheeled_robot/models/MaleVisitorOnPhone/thumbnails/5.png\n'}
[0.418362] (two_wheeled_robot) StdoutLine: {'line': b'-- Up-to-date: /home/greyflon/lab_2025/install/two_wheeled_robot/share/two_wheeled_robot/models/MaleVisitorOnPhone/thumbnails/1.png\n'}
[0.418543] (two_wheeled_robot) StdoutLine: {'line': b'-- Up-to-date: /home/greyflon/lab_2025/install/two_wheeled_robot/share/two_wheeled_robot/models/MaleVisitorOnPhone/thumbnails/2.png\n'}
[0.418710] (two_wheeled_robot) StdoutLine: {'line': b'-- Up-to-date: /home/greyflon/lab_2025/install/two_wheeled_robot/share/two_wheeled_robot/models/MaleVisitorOnPhone/thumbnails/4.png\n'}
[0.418819] (two_wheeled_robot) StdoutLine: {'line': b'-- Up-to-date: /home/greyflon/lab_2025/install/two_wheeled_robot/share/two_wheeled_robot/models/MaleVisitorOnPhone/thumbnails/3.png\n'}
[0.418922] (two_wheeled_robot) StdoutLine: {'line': b'-- Up-to-date: /home/greyflon/lab_2025/install/two_wheeled_robot/share/two_wheeled_robot/models/MaleVisitorOnPhone/model.sdf\n'}
[0.419025] (two_wheeled_robot) StdoutLine: {'line': b'-- Up-to-date: /home/greyflon/lab_2025/install/two_wheeled_robot/share/two_wheeled_robot/models/MalePatientBed\n'}
[0.419127] (two_wheeled_robot) StdoutLine: {'line': b'-- Up-to-date: /home/greyflon/lab_2025/install/two_wheeled_robot/share/two_wheeled_robot/models/MalePatientBed/model.config\n'}
[0.419230] (two_wheeled_robot) StdoutLine: {'line': b'-- Up-to-date: /home/greyflon/lab_2025/install/two_wheeled_robot/share/two_wheeled_robot/models/MalePatientBed/meshes\n'}
[0.419332] (two_wheeled_robot) StdoutLine: {'line': b'-- Up-to-date: /home/greyflon/lab_2025/install/two_wheeled_robot/share/two_wheeled_robot/models/MalePatientBed/meshes/Carts_Wheels_Diffuse.png\n'}
[0.419430] (two_wheeled_robot) StdoutLine: {'line': b'-- Up-to-date: /home/greyflon/lab_2025/install/two_wheeled_robot/share/two_wheeled_robot/models/MalePatientBed/meshes/MalePatientBed.obj\n'}
[0.419520] (two_wheeled_robot) StdoutLine: {'line': b'-- Up-to-date: /home/greyflon/lab_2025/install/two_wheeled_robot/share/two_wheeled_robot/models/MalePatientBed/meshes/PatientM.png\n'}
[0.419636] (two_wheeled_robot) StdoutLine: {'line': b'-- Up-to-date: /home/greyflon/lab_2025/install/two_wheeled_robot/share/two_wheeled_robot/models/MalePatientBed/meshes/towel1.jpg\n'}
[0.419853] (two_wheeled_robot) StdoutLine: {'line': b'-- Up-to-date: /home/greyflon/lab_2025/install/two_wheeled_robot/share/two_wheeled_robot/models/MalePatientBed/meshes/texture.png\n'}
[0.419956] (two_wheeled_robot) StdoutLine: {'line': b'-- Up-to-date: /home/greyflon/lab_2025/install/two_wheeled_robot/share/two_wheeled_robot/models/MalePatientBed/meshes/CGMVanguard_Diffuse.png\n'}
[0.420059] (two_wheeled_robot) StdoutLine: {'line': b'-- Up-to-date: /home/greyflon/lab_2025/install/two_wheeled_robot/share/two_wheeled_robot/models/MalePatientBed/meshes/MalePatientBed.mtl\n'}
[0.420162] (two_wheeled_robot) StdoutLine: {'line': b'-- Up-to-date: /home/greyflon/lab_2025/install/two_wheeled_robot/share/two_wheeled_robot/models/MalePatientBed/thumbnails\n'}
[0.420262] (two_wheeled_robot) StdoutLine: {'line': b'-- Up-to-date: /home/greyflon/lab_2025/install/two_wheeled_robot/share/two_wheeled_robot/models/MalePatientBed/thumbnails/5.png\n'}
[0.420364] (two_wheeled_robot) StdoutLine: {'line': b'-- Up-to-date: /home/greyflon/lab_2025/install/two_wheeled_robot/share/two_wheeled_robot/models/MalePatientBed/thumbnails/1.png\n'}
[0.420465] (two_wheeled_robot) StdoutLine: {'line': b'-- Up-to-date: /home/greyflon/lab_2025/install/two_wheeled_robot/share/two_wheeled_robot/models/MalePatientBed/thumbnails/2.png\n'}
[0.420609] (two_wheeled_robot) StdoutLine: {'line': b'-- Up-to-date: /home/greyflon/lab_2025/install/two_wheeled_robot/share/two_wheeled_robot/models/MalePatientBed/thumbnails/4.png\n'}
[0.420727] (two_wheeled_robot) StdoutLine: {'line': b'-- Up-to-date: /home/greyflon/lab_2025/install/two_wheeled_robot/share/two_wheeled_robot/models/MalePatientBed/thumbnails/3.png\n'}
[0.420831] (two_wheeled_robot) StdoutLine: {'line': b'-- Up-to-date: /home/greyflon/lab_2025/install/two_wheeled_robot/share/two_wheeled_robot/models/MalePatientBed/model.sdf\n'}
[0.420934] (two_wheeled_robot) StdoutLine: {'line': b'-- Up-to-date: /home/greyflon/lab_2025/install/two_wheeled_robot/share/two_wheeled_robot/models/yellow_tray\n'}
[0.421038] (two_wheeled_robot) StdoutLine: {'line': b'-- Up-to-date: /home/greyflon/lab_2025/install/two_wheeled_robot/share/two_wheeled_robot/models/yellow_tray/model.config\n'}
[0.421138] (two_wheeled_robot) StdoutLine: {'line': b'-- Up-to-date: /home/greyflon/lab_2025/install/two_wheeled_robot/share/two_wheeled_robot/models/yellow_tray/meshes\n'}
[0.421240] (two_wheeled_robot) StdoutLine: {'line': b'-- Up-to-date: /home/greyflon/lab_2025/install/two_wheeled_robot/share/two_wheeled_robot/models/yellow_tray/meshes/yellow_tray.dae\n'}
[0.421344] (two_wheeled_robot) StdoutLine: {'line': b'-- Up-to-date: /home/greyflon/lab_2025/install/two_wheeled_robot/share/two_wheeled_robot/models/yellow_tray/model.sdf\n'}
[0.421447] (two_wheeled_robot) StdoutLine: {'line': b'-- Up-to-date: /home/greyflon/lab_2025/install/two_wheeled_robot/share/two_wheeled_robot/models/aws_robomaker_residential_Pillow_01\n'}
[0.421550] (two_wheeled_robot) StdoutLine: {'line': b'-- Up-to-date: /home/greyflon/lab_2025/install/two_wheeled_robot/share/two_wheeled_robot/models/aws_robomaker_residential_Pillow_01/model.config\n'}
[0.421668] (two_wheeled_robot) StdoutLine: {'line': b'-- Up-to-date: /home/greyflon/lab_2025/install/two_wheeled_robot/share/two_wheeled_robot/models/aws_robomaker_residential_Pillow_01/meshes\n'}
[0.421775] (two_wheeled_robot) StdoutLine: {'line': b'-- Up-to-date: /home/greyflon/lab_2025/install/two_wheeled_robot/share/two_wheeled_robot/models/aws_robomaker_residential_Pillow_01/meshes/aws_Pillow_01_collision.DAE\n'}
[0.421878] (two_wheeled_robot) StdoutLine: {'line': b'-- Up-to-date: /home/greyflon/lab_2025/install/two_wheeled_robot/share/two_wheeled_robot/models/aws_robomaker_residential_Pillow_01/meshes/aws_Pillow_01_visual.DAE\n'}
[0.422130] (two_wheeled_robot) StdoutLine: {'line': b'-- Up-to-date: /home/greyflon/lab_2025/install/two_wheeled_robot/share/two_wheeled_robot/models/aws_robomaker_residential_Pillow_01/materials\n'}
[0.422235] (two_wheeled_robot) StdoutLine: {'line': b'-- Up-to-date: /home/greyflon/lab_2025/install/two_wheeled_robot/share/two_wheeled_robot/models/aws_robomaker_residential_Pillow_01/materials/textures\n'}
[0.422339] (two_wheeled_robot) StdoutLine: {'line': b'-- Up-to-date: /home/greyflon/lab_2025/install/two_wheeled_robot/share/two_wheeled_robot/models/aws_robomaker_residential_Pillow_01/materials/textures/aws_Pillow_01.png\n'}
[0.422440] (two_wheeled_robot) StdoutLine: {'line': b'-- Up-to-date: /home/greyflon/lab_2025/install/two_wheeled_robot/share/two_wheeled_robot/models/aws_robomaker_residential_Pillow_01/model.sdf\n'}
[0.422542] (two_wheeled_robot) StdoutLine: {'line': b'-- Up-to-date: /home/greyflon/lab_2025/install/two_wheeled_robot/share/two_wheeled_robot/models/willowgarage\n'}
[0.422840] (two_wheeled_robot) StdoutLine: {'line': b'-- Up-to-date: /home/greyflon/lab_2025/install/two_wheeled_robot/share/two_wheeled_robot/models/willowgarage/model-1_2.sdf\n'}
[0.422949] (two_wheeled_robot) StdoutLine: {'line': b'-- Up-to-date: /home/greyflon/lab_2025/install/two_wheeled_robot/share/two_wheeled_robot/models/willowgarage/model-1_4.sdf\n'}
[0.423051] (two_wheeled_robot) StdoutLine: {'line': b'-- Up-to-date: /home/greyflon/lab_2025/install/two_wheeled_robot/share/two_wheeled_robot/models/willowgarage/model.config\n'}
[0.423152] (two_wheeled_robot) StdoutLine: {'line': b'-- Up-to-date: /home/greyflon/lab_2025/install/two_wheeled_robot/share/two_wheeled_robot/models/willowgarage/meshes\n'}
[0.423430] (two_wheeled_robot) StdoutLine: {'line': b'-- Up-to-date: /home/greyflon/lab_2025/install/two_wheeled_robot/share/two_wheeled_robot/models/willowgarage/meshes/willowgarage_collision.dae\n'}
[0.423536] (two_wheeled_robot) StdoutLine: {'line': b'-- Up-to-date: /home/greyflon/lab_2025/install/two_wheeled_robot/share/two_wheeled_robot/models/willowgarage/meshes/willowgarage_visual.dae\n'}
[0.423747] (two_wheeled_robot) StdoutLine: {'line': b'-- Up-to-date: /home/greyflon/lab_2025/install/two_wheeled_robot/share/two_wheeled_robot/models/willowgarage/materials\n'}
[0.423883] (two_wheeled_robot) StdoutLine: {'line': b'-- Up-to-date: /home/greyflon/lab_2025/install/two_wheeled_robot/share/two_wheeled_robot/models/willowgarage/materials/textures\n'}
[0.423987] (two_wheeled_robot) StdoutLine: {'line': b'-- Up-to-date: /home/greyflon/lab_2025/install/two_wheeled_robot/share/two_wheeled_robot/models/willowgarage/materials/textures/__Wood_Bamboo_Medium_1.png\n'}
[0.424091] (two_wheeled_robot) StdoutLine: {'line': b'-- Up-to-date: /home/greyflon/lab_2025/install/two_wheeled_robot/share/two_wheeled_robot/models/willowgarage/materials/textures/__auto_12.png\n'}
[0.424197] (two_wheeled_robot) StdoutLine: {'line': b'-- Up-to-date: /home/greyflon/lab_2025/install/two_wheeled_robot/share/two_wheeled_robot/models/willowgarage/materials/textures/Wood_Bamboo_Medium_.png\n'}
[0.424300] (two_wheeled_robot) StdoutLine: {'line': b'-- Up-to-date: /home/greyflon/lab_2025/install/two_wheeled_robot/share/two_wheeled_robot/models/willowgarage/materials/textures/Carpet_Berber_Pattern_Gray_.png\n'}
[0.424404] (two_wheeled_robot) StdoutLine: {'line': b'-- Up-to-date: /home/greyflon/lab_2025/install/two_wheeled_robot/share/two_wheeled_robot/models/willowgarage/materials/textures/Wood_Cherry_Original_.png\n'}
[0.424507] (two_wheeled_robot) StdoutLine: {'line': b'-- Up-to-date: /home/greyflon/lab_2025/install/two_wheeled_robot/share/two_wheeled_robot/models/willowgarage/materials/textures/__auto_2.png\n'}
[0.424639] (two_wheeled_robot) StdoutLine: {'line': b'-- Up-to-date: /home/greyflon/lab_2025/install/two_wheeled_robot/share/two_wheeled_robot/models/willowgarage/materials/textures/Stone_Brushed_Khaki_.png\n'}
[0.424902] (two_wheeled_robot) StdoutLine: {'line': b'-- Up-to-date: /home/greyflon/lab_2025/install/two_wheeled_robot/share/two_wheeled_robot/models/willowgarage/model.sdf\n'}
[0.425006] (two_wheeled_robot) StdoutLine: {'line': b'-- Up-to-date: /home/greyflon/lab_2025/install/two_wheeled_robot/share/two_wheeled_robot/models/willowgarage/model-1_3.sdf\n'}
[0.425109] (two_wheeled_robot) StdoutLine: {'line': b'-- Up-to-date: /home/greyflon/lab_2025/install/two_wheeled_robot/share/two_wheeled_robot/models/Shower\n'}
[0.425211] (two_wheeled_robot) StdoutLine: {'line': b'-- Up-to-date: /home/greyflon/lab_2025/install/two_wheeled_robot/share/two_wheeled_robot/models/Shower/model.config\n'}
[0.425314] (two_wheeled_robot) StdoutLine: {'line': b'-- Up-to-date: /home/greyflon/lab_2025/install/two_wheeled_robot/share/two_wheeled_robot/models/Shower/meshes\n'}
[0.425417] (two_wheeled_robot) StdoutLine: {'line': b'-- Up-to-date: /home/greyflon/lab_2025/install/two_wheeled_robot/share/two_wheeled_robot/models/Shower/meshes/ShowerDiffuse.png\n'}
[0.425518] (two_wheeled_robot) StdoutLine: {'line': b'-- Up-to-date: /home/greyflon/lab_2025/install/two_wheeled_robot/share/two_wheeled_robot/models/Shower/meshes/Shower.mtl\n'}
[0.425632] (two_wheeled_robot) StdoutLine: {'line': b'-- Up-to-date: /home/greyflon/lab_2025/install/two_wheeled_robot/share/two_wheeled_robot/models/Shower/meshes/Shower.obj\n'}
[0.425771] (two_wheeled_robot) StdoutLine: {'line': b'-- Up-to-date: /home/greyflon/lab_2025/install/two_wheeled_robot/share/two_wheeled_robot/models/Shower/thumbnails\n'}
[0.425875] (two_wheeled_robot) StdoutLine: {'line': b'-- Up-to-date: /home/greyflon/lab_2025/install/two_wheeled_robot/share/two_wheeled_robot/models/Shower/thumbnails/5.png\n'}
[0.425977] (two_wheeled_robot) StdoutLine: {'line': b'-- Up-to-date: /home/greyflon/lab_2025/install/two_wheeled_robot/share/two_wheeled_robot/models/Shower/thumbnails/1.png\n'}
[0.426270] (two_wheeled_robot) StdoutLine: {'line': b'-- Up-to-date: /home/greyflon/lab_2025/install/two_wheeled_robot/share/two_wheeled_robot/models/Shower/thumbnails/2.png\n'}
[0.426374] (two_wheeled_robot) StdoutLine: {'line': b'-- Up-to-date: /home/greyflon/lab_2025/install/two_wheeled_robot/share/two_wheeled_robot/models/Shower/thumbnails/4.png\n'}
[0.426476] (two_wheeled_robot) StdoutLine: {'line': b'-- Up-to-date: /home/greyflon/lab_2025/install/two_wheeled_robot/share/two_wheeled_robot/models/Shower/thumbnails/3.png\n'}
[0.426578] (two_wheeled_robot) StdoutLine: {'line': b'-- Up-to-date: /home/greyflon/lab_2025/install/two_wheeled_robot/share/two_wheeled_robot/models/Shower/model.sdf\n'}
[0.426772] (two_wheeled_robot) StdoutLine: {'line': b'-- Up-to-date: /home/greyflon/lab_2025/install/two_wheeled_robot/share/two_wheeled_robot/models/aws_robomaker_residential_Trash_01\n'}
[0.426877] (two_wheeled_robot) StdoutLine: {'line': b'-- Up-to-date: /home/greyflon/lab_2025/install/two_wheeled_robot/share/two_wheeled_robot/models/aws_robomaker_residential_Trash_01/model.config\n'}
[0.426978] (two_wheeled_robot) StdoutLine: {'line': b'-- Up-to-date: /home/greyflon/lab_2025/install/two_wheeled_robot/share/two_wheeled_robot/models/aws_robomaker_residential_Trash_01/meshes\n'}
[0.427079] (two_wheeled_robot) StdoutLine: {'line': b'-- Up-to-date: /home/greyflon/lab_2025/install/two_wheeled_robot/share/two_wheeled_robot/models/aws_robomaker_residential_Trash_01/meshes/aws_Trash_01_visual.DAE\n'}
[0.427189] (two_wheeled_robot) StdoutLine: {'line': b'-- Up-to-date: /home/greyflon/lab_2025/install/two_wheeled_robot/share/two_wheeled_robot/models/aws_robomaker_residential_Trash_01/meshes/aws_Trash_01_collision.DAE\n'}
[0.427293] (two_wheeled_robot) StdoutLine: {'line': b'-- Up-to-date: /home/greyflon/lab_2025/install/two_wheeled_robot/share/two_wheeled_robot/models/aws_robomaker_residential_Trash_01/materials\n'}
[0.427394] (two_wheeled_robot) StdoutLine: {'line': b'-- Up-to-date: /home/greyflon/lab_2025/install/two_wheeled_robot/share/two_wheeled_robot/models/aws_robomaker_residential_Trash_01/materials/textures\n'}
[0.427493] (two_wheeled_robot) StdoutLine: {'line': b'-- Up-to-date: /home/greyflon/lab_2025/install/two_wheeled_robot/share/two_wheeled_robot/models/aws_robomaker_residential_Trash_01/materials/textures/aws_Trash_01.png\n'}
[0.427603] (two_wheeled_robot) StdoutLine: {'line': b'-- Up-to-date: /home/greyflon/lab_2025/install/two_wheeled_robot/share/two_wheeled_robot/models/aws_robomaker_residential_Trash_01/model.sdf\n'}
[0.427820] (two_wheeled_robot) StdoutLine: {'line': b'-- Up-to-date: /home/greyflon/lab_2025/install/two_wheeled_robot/share/two_wheeled_robot/models/asphalt_plane\n'}
[0.427926] (two_wheeled_robot) StdoutLine: {'line': b'-- Up-to-date: /home/greyflon/lab_2025/install/two_wheeled_robot/share/two_wheeled_robot/models/asphalt_plane/model-1_4.sdf\n'}
[0.428031] (two_wheeled_robot) StdoutLine: {'line': b'-- Up-to-date: /home/greyflon/lab_2025/install/two_wheeled_robot/share/two_wheeled_robot/models/asphalt_plane/model.config\n'}
[0.428133] (two_wheeled_robot) StdoutLine: {'line': b'-- Up-to-date: /home/greyflon/lab_2025/install/two_wheeled_robot/share/two_wheeled_robot/models/asphalt_plane/materials\n'}
[0.428235] (two_wheeled_robot) StdoutLine: {'line': b'-- Up-to-date: /home/greyflon/lab_2025/install/two_wheeled_robot/share/two_wheeled_robot/models/asphalt_plane/materials/scripts\n'}
[0.428337] (two_wheeled_robot) StdoutLine: {'line': b'-- Up-to-date: /home/greyflon/lab_2025/install/two_wheeled_robot/share/two_wheeled_robot/models/asphalt_plane/materials/scripts/asphalt.material\n'}
[0.428442] (two_wheeled_robot) StdoutLine: {'line': b'-- Up-to-date: /home/greyflon/lab_2025/install/two_wheeled_robot/share/two_wheeled_robot/models/asphalt_plane/materials/textures\n'}
[0.428546] (two_wheeled_robot) StdoutLine: {'line': b'-- Up-to-date: /home/greyflon/lab_2025/install/two_wheeled_robot/share/two_wheeled_robot/models/asphalt_plane/materials/textures/tarmac.png\n'}
[0.428750] (two_wheeled_robot) StdoutLine: {'line': b'-- Up-to-date: /home/greyflon/lab_2025/install/two_wheeled_robot/share/two_wheeled_robot/models/asphalt_plane/model.sdf\n'}
[0.428859] (two_wheeled_robot) StdoutLine: {'line': b'-- Up-to-date: /home/greyflon/lab_2025/install/two_wheeled_robot/share/two_wheeled_robot/models/StorageRackCoverOpen\n'}
[0.428962] (two_wheeled_robot) StdoutLine: {'line': b'-- Up-to-date: /home/greyflon/lab_2025/install/two_wheeled_robot/share/two_wheeled_robot/models/StorageRackCoverOpen/model.config\n'}
[0.429065] (two_wheeled_robot) StdoutLine: {'line': b'-- Up-to-date: /home/greyflon/lab_2025/install/two_wheeled_robot/share/two_wheeled_robot/models/StorageRackCoverOpen/meshes\n'}
[0.429168] (two_wheeled_robot) StdoutLine: {'line': b'-- Up-to-date: /home/greyflon/lab_2025/install/two_wheeled_robot/share/two_wheeled_robot/models/StorageRackCoverOpen/meshes/StorageRackCoverOpen.obj\n'}
[0.429271] (two_wheeled_robot) StdoutLine: {'line': b'-- Up-to-date: /home/greyflon/lab_2025/install/two_wheeled_robot/share/two_wheeled_robot/models/StorageRackCoverOpen/meshes/StorageRackCoverOpen.png\n'}
[0.429374] (two_wheeled_robot) StdoutLine: {'line': b'-- Up-to-date: /home/greyflon/lab_2025/install/two_wheeled_robot/share/two_wheeled_robot/models/StorageRackCoverOpen/meshes/StorageRackCoverOpen.mtl\n'}
[0.429477] (two_wheeled_robot) StdoutLine: {'line': b'-- Up-to-date: /home/greyflon/lab_2025/install/two_wheeled_robot/share/two_wheeled_robot/models/StorageRackCoverOpen/thumbnails\n'}
[0.429580] (two_wheeled_robot) StdoutLine: {'line': b'-- Up-to-date: /home/greyflon/lab_2025/install/two_wheeled_robot/share/two_wheeled_robot/models/StorageRackCoverOpen/thumbnails/5.png\n'}
[0.429818] (two_wheeled_robot) StdoutLine: {'line': b'-- Up-to-date: /home/greyflon/lab_2025/install/two_wheeled_robot/share/two_wheeled_robot/models/StorageRackCoverOpen/thumbnails/1.png\n'}
[0.429943] (two_wheeled_robot) StdoutLine: {'line': b'-- Up-to-date: /home/greyflon/lab_2025/install/two_wheeled_robot/share/two_wheeled_robot/models/StorageRackCoverOpen/thumbnails/2.png\n'}
[0.430047] (two_wheeled_robot) StdoutLine: {'line': b'-- Up-to-date: /home/greyflon/lab_2025/install/two_wheeled_robot/share/two_wheeled_robot/models/StorageRackCoverOpen/thumbnails/4.png\n'}
[0.430188] (two_wheeled_robot) StdoutLine: {'line': b'-- Up-to-date: /home/greyflon/lab_2025/install/two_wheeled_robot/share/two_wheeled_robot/models/StorageRackCoverOpen/thumbnails/3.png\n'}
[0.430294] (two_wheeled_robot) StdoutLine: {'line': b'-- Up-to-date: /home/greyflon/lab_2025/install/two_wheeled_robot/share/two_wheeled_robot/models/StorageRackCoverOpen/model.sdf\n'}
[0.430397] (two_wheeled_robot) StdoutLine: {'line': b'-- Up-to-date: /home/greyflon/lab_2025/install/two_wheeled_robot/share/two_wheeled_robot/models/bin_4_dropping_task\n'}
[0.430509] (two_wheeled_robot) StdoutLine: {'line': b'-- Up-to-date: /home/greyflon/lab_2025/install/two_wheeled_robot/share/two_wheeled_robot/models/bin_4_dropping_task/model.config\n'}
[0.430663] (two_wheeled_robot) StdoutLine: {'line': b'-- Up-to-date: /home/greyflon/lab_2025/install/two_wheeled_robot/share/two_wheeled_robot/models/bin_4_dropping_task/meshes\n'}
[0.430824] (two_wheeled_robot) StdoutLine: {'line': b'-- Up-to-date: /home/greyflon/lab_2025/install/two_wheeled_robot/share/two_wheeled_robot/models/bin_4_dropping_task/meshes/bin_4_dropping_task.dae\n'}
[0.430928] (two_wheeled_robot) StdoutLine: {'line': b'-- Up-to-date: /home/greyflon/lab_2025/install/two_wheeled_robot/share/two_wheeled_robot/models/bin_4_dropping_task/model.sdf\n'}
[0.431028] (two_wheeled_robot) StdoutLine: {'line': b'-- Up-to-date: /home/greyflon/lab_2025/install/two_wheeled_robot/share/two_wheeled_robot/models/SurgicalTrolleyMed\n'}
[0.431130] (two_wheeled_robot) StdoutLine: {'line': b'-- Up-to-date: /home/greyflon/lab_2025/install/two_wheeled_robot/share/two_wheeled_robot/models/SurgicalTrolleyMed/model.config\n'}
[0.431232] (two_wheeled_robot) StdoutLine: {'line': b'-- Up-to-date: /home/greyflon/lab_2025/install/two_wheeled_robot/share/two_wheeled_robot/models/SurgicalTrolleyMed/meshes\n'}
[0.431342] (two_wheeled_robot) StdoutLine: {'line': b'-- Up-to-date: /home/greyflon/lab_2025/install/two_wheeled_robot/share/two_wheeled_robot/models/SurgicalTrolleyMed/meshes/SurgicalTrolleyMed_Col.obj\n'}
[0.431445] (two_wheeled_robot) StdoutLine: {'line': b'-- Up-to-date: /home/greyflon/lab_2025/install/two_wheeled_robot/share/two_wheeled_robot/models/SurgicalTrolleyMed/meshes/SurgicalTrolleyMed.obj\n'}
[0.431548] (two_wheeled_robot) StdoutLine: {'line': b'-- Up-to-date: /home/greyflon/lab_2025/install/two_wheeled_robot/share/two_wheeled_robot/models/SurgicalTrolleyMed/meshes/SurgicalTrolleyMed_Diffuse.png\n'}
[0.431756] (two_wheeled_robot) StdoutLine: {'line': b'-- Up-to-date: /home/greyflon/lab_2025/install/two_wheeled_robot/share/two_wheeled_robot/models/SurgicalTrolleyMed/meshes/SurgicalTrolleyMed_Col.mtl\n'}
[0.431879] (two_wheeled_robot) StdoutLine: {'line': b'-- Up-to-date: /home/greyflon/lab_2025/install/two_wheeled_robot/share/two_wheeled_robot/models/SurgicalTrolleyMed/meshes/SurgicalTrolleyMed.mtl\n'}
[0.431983] (two_wheeled_robot) StdoutLine: {'line': b'-- Up-to-date: /home/greyflon/lab_2025/install/two_wheeled_robot/share/two_wheeled_robot/models/SurgicalTrolleyMed/thumbnails\n'}
[0.432086] (two_wheeled_robot) StdoutLine: {'line': b'-- Up-to-date: /home/greyflon/lab_2025/install/two_wheeled_robot/share/two_wheeled_robot/models/SurgicalTrolleyMed/thumbnails/5.png\n'}
[0.432188] (two_wheeled_robot) StdoutLine: {'line': b'-- Up-to-date: /home/greyflon/lab_2025/install/two_wheeled_robot/share/two_wheeled_robot/models/SurgicalTrolleyMed/thumbnails/1.png\n'}
[0.432291] (two_wheeled_robot) StdoutLine: {'line': b'-- Up-to-date: /home/greyflon/lab_2025/install/two_wheeled_robot/share/two_wheeled_robot/models/SurgicalTrolleyMed/thumbnails/2.png\n'}
[0.432393] (two_wheeled_robot) StdoutLine: {'line': b'-- Up-to-date: /home/greyflon/lab_2025/install/two_wheeled_robot/share/two_wheeled_robot/models/SurgicalTrolleyMed/thumbnails/4.png\n'}
[0.432496] (two_wheeled_robot) StdoutLine: {'line': b'-- Up-to-date: /home/greyflon/lab_2025/install/two_wheeled_robot/share/two_wheeled_robot/models/SurgicalTrolleyMed/thumbnails/3.png\n'}
[0.432607] (two_wheeled_robot) StdoutLine: {'line': b'-- Up-to-date: /home/greyflon/lab_2025/install/two_wheeled_robot/share/two_wheeled_robot/models/SurgicalTrolleyMed/model.sdf\n'}
[0.432822] (two_wheeled_robot) StdoutLine: {'line': b'-- Up-to-date: /home/greyflon/lab_2025/install/two_wheeled_robot/share/two_wheeled_robot/models/pine_tree\n'}
[0.432918] (two_wheeled_robot) StdoutLine: {'line': b'-- Up-to-date: /home/greyflon/lab_2025/install/two_wheeled_robot/share/two_wheeled_robot/models/pine_tree/model.config\n'}
[0.433001] (two_wheeled_robot) StdoutLine: {'line': b'-- Up-to-date: /home/greyflon/lab_2025/install/two_wheeled_robot/share/two_wheeled_robot/models/pine_tree/meshes\n'}
[0.433093] (two_wheeled_robot) StdoutLine: {'line': b'-- Up-to-date: /home/greyflon/lab_2025/install/two_wheeled_robot/share/two_wheeled_robot/models/pine_tree/meshes/pine_tree.dae\n'}
[0.433186] (two_wheeled_robot) StdoutLine: {'line': b'-- Up-to-date: /home/greyflon/lab_2025/install/two_wheeled_robot/share/two_wheeled_robot/models/pine_tree/materials\n'}
[0.433278] (two_wheeled_robot) StdoutLine: {'line': b'-- Up-to-date: /home/greyflon/lab_2025/install/two_wheeled_robot/share/two_wheeled_robot/models/pine_tree/materials/scripts\n'}
[0.433370] (two_wheeled_robot) StdoutLine: {'line': b'-- Up-to-date: /home/greyflon/lab_2025/install/two_wheeled_robot/share/two_wheeled_robot/models/pine_tree/materials/scripts/pine_tree.material\n'}
[0.433543] (two_wheeled_robot) StdoutLine: {'line': b'-- Up-to-date: /home/greyflon/lab_2025/install/two_wheeled_robot/share/two_wheeled_robot/models/pine_tree/materials/textures\n'}
[0.433708] (two_wheeled_robot) StdoutLine: {'line': b'-- Up-to-date: /home/greyflon/lab_2025/install/two_wheeled_robot/share/two_wheeled_robot/models/pine_tree/materials/textures/branch_2_diffuse.png\n'}
[0.433839] (two_wheeled_robot) StdoutLine: {'line': b'-- Up-to-date: /home/greyflon/lab_2025/install/two_wheeled_robot/share/two_wheeled_robot/models/pine_tree/materials/textures/bark_diffuse.png\n'}
[0.433951] (two_wheeled_robot) StdoutLine: {'line': b'-- Up-to-date: /home/greyflon/lab_2025/install/two_wheeled_robot/share/two_wheeled_robot/models/pine_tree/model.sdf\n'}
[0.434055] (two_wheeled_robot) StdoutLine: {'line': b'-- Up-to-date: /home/greyflon/lab_2025/install/two_wheeled_robot/share/two_wheeled_robot/models/elegant_female2\n'}
[0.434157] (two_wheeled_robot) StdoutLine: {'line': b'-- Up-to-date: /home/greyflon/lab_2025/install/two_wheeled_robot/share/two_wheeled_robot/models/elegant_female2/model.config\n'}
[0.434260] (two_wheeled_robot) StdoutLine: {'line': b'-- Up-to-date: /home/greyflon/lab_2025/install/two_wheeled_robot/share/two_wheeled_robot/models/elegant_female2/meshes\n'}
[0.434365] (two_wheeled_robot) StdoutLine: {'line': b'-- Up-to-date: /home/greyflon/lab_2025/install/two_wheeled_robot/share/two_wheeled_robot/models/elegant_female2/meshes/elegant_female2.png\n'}
[0.434465] (two_wheeled_robot) StdoutLine: {'line': b'-- Up-to-date: /home/greyflon/lab_2025/install/two_wheeled_robot/share/two_wheeled_robot/models/elegant_female2/meshes/elegant_female2.dae\n'}
[0.434568] (two_wheeled_robot) StdoutLine: {'line': b'-- Up-to-date: /home/greyflon/lab_2025/install/two_wheeled_robot/share/two_wheeled_robot/models/elegant_female2/materials\n'}
[0.434788] (two_wheeled_robot) StdoutLine: {'line': b'-- Up-to-date: /home/greyflon/lab_2025/install/two_wheeled_robot/share/two_wheeled_robot/models/elegant_female2/materials/textures\n'}
[0.434897] (two_wheeled_robot) StdoutLine: {'line': b'-- Up-to-date: /home/greyflon/lab_2025/install/two_wheeled_robot/share/two_wheeled_robot/models/elegant_female2/materials/textures/eyelashes01.png\n'}
[0.435000] (two_wheeled_robot) StdoutLine: {'line': b'-- Up-to-date: /home/greyflon/lab_2025/install/two_wheeled_robot/share/two_wheeled_robot/models/elegant_female2/materials/textures/braid01_diffuse.png\n'}
[0.435103] (two_wheeled_robot) StdoutLine: {'line': b'-- Up-to-date: /home/greyflon/lab_2025/install/two_wheeled_robot/share/two_wheeled_robot/models/elegant_female2/materials/textures/female_elegantsuit01_normal.png\n'}
[0.435205] (two_wheeled_robot) StdoutLine: {'line': b'-- Up-to-date: /home/greyflon/lab_2025/install/two_wheeled_robot/share/two_wheeled_robot/models/elegant_female2/materials/textures/shoes03_diffuse.png\n'}
[0.435309] (two_wheeled_robot) StdoutLine: {'line': b'-- Up-to-date: /home/greyflon/lab_2025/install/two_wheeled_robot/share/two_wheeled_robot/models/elegant_female2/materials/textures/female_elegantsuit01_diffuse.png\n'}
[0.435412] (two_wheeled_robot) StdoutLine: {'line': b'-- Up-to-date: /home/greyflon/lab_2025/install/two_wheeled_robot/share/two_wheeled_robot/models/elegant_female2/materials/textures/brown_eye.png\n'}
[0.435515] (two_wheeled_robot) StdoutLine: {'line': b'-- Up-to-date: /home/greyflon/lab_2025/install/two_wheeled_robot/share/two_wheeled_robot/models/elegant_female2/materials/textures/eyebrow003.png\n'}
[0.435645] (two_wheeled_robot) StdoutLine: {'line': b'-- Up-to-date: /home/greyflon/lab_2025/install/two_wheeled_robot/share/two_wheeled_robot/models/elegant_female2/materials/textures/young_darkskinned_female_diffuse.png\n'}
[0.435859] (two_wheeled_robot) StdoutLine: {'line': b'-- Up-to-date: /home/greyflon/lab_2025/install/two_wheeled_robot/share/two_wheeled_robot/models/elegant_female2/model.sdf\n'}
[0.435963] (two_wheeled_robot) StdoutLine: {'line': b'-- Up-to-date: /home/greyflon/lab_2025/install/two_wheeled_robot/share/two_wheeled_robot/models/casual_male\n'}
[0.436066] (two_wheeled_robot) StdoutLine: {'line': b'-- Up-to-date: /home/greyflon/lab_2025/install/two_wheeled_robot/share/two_wheeled_robot/models/casual_male/model.config\n'}
[0.436173] (two_wheeled_robot) StdoutLine: {'line': b'-- Up-to-date: /home/greyflon/lab_2025/install/two_wheeled_robot/share/two_wheeled_robot/models/casual_male/meshes\n'}
[0.436286] (two_wheeled_robot) StdoutLine: {'line': b'-- Up-to-date: /home/greyflon/lab_2025/install/two_wheeled_robot/share/two_wheeled_robot/models/casual_male/meshes/casual_male.dae\n'}
[0.436388] (two_wheeled_robot) StdoutLine: {'line': b'-- Up-to-date: /home/greyflon/lab_2025/install/two_wheeled_robot/share/two_wheeled_robot/models/casual_male/materials\n'}
[0.436490] (two_wheeled_robot) StdoutLine: {'line': b'-- Up-to-date: /home/greyflon/lab_2025/install/two_wheeled_robot/share/two_wheeled_robot/models/casual_male/materials/textures\n'}
[0.436601] (two_wheeled_robot) StdoutLine: {'line': b'-- Up-to-date: /home/greyflon/lab_2025/install/two_wheeled_robot/share/two_wheeled_robot/models/casual_male/materials/textures/shoes01_normal.png\n'}
[0.436827] (two_wheeled_robot) StdoutLine: {'line': b'-- Up-to-date: /home/greyflon/lab_2025/install/two_wheeled_robot/share/two_wheeled_robot/models/casual_male/materials/textures/middleage_lightskinned_male_diffuse.png\n'}
[0.436933] (two_wheeled_robot) StdoutLine: {'line': b'-- Up-to-date: /home/greyflon/lab_2025/install/two_wheeled_robot/share/two_wheeled_robot/models/casual_male/materials/textures/eyebrow005.png\n'}
[0.437036] (two_wheeled_robot) StdoutLine: {'line': b'-- Up-to-date: /home/greyflon/lab_2025/install/two_wheeled_robot/share/two_wheeled_robot/models/casual_male/materials/textures/male_casualsuit01_diffuse.png\n'}
[0.437191] (two_wheeled_robot) StdoutLine: {'line': b'-- Up-to-date: /home/greyflon/lab_2025/install/two_wheeled_robot/share/two_wheeled_robot/models/casual_male/materials/textures/male_casualsuit01_normal.png\n'}
[0.437303] (two_wheeled_robot) StdoutLine: {'line': b'-- Up-to-date: /home/greyflon/lab_2025/install/two_wheeled_robot/share/two_wheeled_robot/models/casual_male/materials/textures/brown_eye.png\n'}
[0.437407] (two_wheeled_robot) StdoutLine: {'line': b'-- Up-to-date: /home/greyflon/lab_2025/install/two_wheeled_robot/share/two_wheeled_robot/models/casual_male/materials/textures/shoes01_diffuse.png\n'}
[0.437509] (two_wheeled_robot) StdoutLine: {'line': b'-- Up-to-date: /home/greyflon/lab_2025/install/two_wheeled_robot/share/two_wheeled_robot/models/casual_male/model.sdf\n'}
[0.437672] (two_wheeled_robot) StdoutLine: {'line': b'-- Up-to-date: /home/greyflon/lab_2025/install/two_wheeled_robot/share/two_wheeled_robot/models/aws_robomaker_residential_Curtain_01\n'}
[0.437820] (two_wheeled_robot) StdoutLine: {'line': b'-- Up-to-date: /home/greyflon/lab_2025/install/two_wheeled_robot/share/two_wheeled_robot/models/aws_robomaker_residential_Curtain_01/model.config\n'}
[0.437924] (two_wheeled_robot) StdoutLine: {'line': b'-- Up-to-date: /home/greyflon/lab_2025/install/two_wheeled_robot/share/two_wheeled_robot/models/aws_robomaker_residential_Curtain_01/meshes\n'}
[0.438026] (two_wheeled_robot) StdoutLine: {'line': b'-- Up-to-date: /home/greyflon/lab_2025/install/two_wheeled_robot/share/two_wheeled_robot/models/aws_robomaker_residential_Curtain_01/meshes/aws_Curtain_01_visual.DAE\n'}
[0.438129] (two_wheeled_robot) StdoutLine: {'line': b'-- Up-to-date: /home/greyflon/lab_2025/install/two_wheeled_robot/share/two_wheeled_robot/models/aws_robomaker_residential_Curtain_01/meshes/aws_Curtain_01_collision.DAE\n'}
[0.438232] (two_wheeled_robot) StdoutLine: {'line': b'-- Up-to-date: /home/greyflon/lab_2025/install/two_wheeled_robot/share/two_wheeled_robot/models/aws_robomaker_residential_Curtain_01/materials\n'}
[0.438334] (two_wheeled_robot) StdoutLine: {'line': b'-- Up-to-date: /home/greyflon/lab_2025/install/two_wheeled_robot/share/two_wheeled_robot/models/aws_robomaker_residential_Curtain_01/materials/textures\n'}
[0.438435] (two_wheeled_robot) StdoutLine: {'line': b'-- Up-to-date: /home/greyflon/lab_2025/install/two_wheeled_robot/share/two_wheeled_robot/models/aws_robomaker_residential_Curtain_01/materials/textures/aws_Curtain_01.png\n'}
[0.438537] (two_wheeled_robot) StdoutLine: {'line': b'-- Up-to-date: /home/greyflon/lab_2025/install/two_wheeled_robot/share/two_wheeled_robot/models/aws_robomaker_residential_Curtain_01/model.sdf\n'}
[0.438767] (two_wheeled_robot) StdoutLine: {'line': b'-- Up-to-date: /home/greyflon/lab_2025/install/two_wheeled_robot/share/two_wheeled_robot/models/red_target\n'}
[0.438905] (two_wheeled_robot) StdoutLine: {'line': b'-- Up-to-date: /home/greyflon/lab_2025/install/two_wheeled_robot/share/two_wheeled_robot/models/red_target/model.config\n'}
[0.439040] (two_wheeled_robot) StdoutLine: {'line': b'-- Up-to-date: /home/greyflon/lab_2025/install/two_wheeled_robot/share/two_wheeled_robot/models/red_target/meshes\n'}
[0.439143] (two_wheeled_robot) StdoutLine: {'line': b'-- Up-to-date: /home/greyflon/lab_2025/install/two_wheeled_robot/share/two_wheeled_robot/models/red_target/meshes/red_target.dae\n'}
[0.439244] (two_wheeled_robot) StdoutLine: {'line': b'-- Up-to-date: /home/greyflon/lab_2025/install/two_wheeled_robot/share/two_wheeled_robot/models/red_target/model.sdf\n'}
[0.439346] (two_wheeled_robot) StdoutLine: {'line': b'-- Up-to-date: /home/greyflon/lab_2025/install/two_wheeled_robot/share/two_wheeled_robot/models/pr2\n'}
[0.439449] (two_wheeled_robot) StdoutLine: {'line': b'-- Up-to-date: /home/greyflon/lab_2025/install/two_wheeled_robot/share/two_wheeled_robot/models/pr2/model-1_2.sdf\n'}
[0.439553] (two_wheeled_robot) StdoutLine: {'line': b'-- Up-to-date: /home/greyflon/lab_2025/install/two_wheeled_robot/share/two_wheeled_robot/models/pr2/model-1_4.sdf\n'}
[0.439674] (two_wheeled_robot) StdoutLine: {'line': b'-- Up-to-date: /home/greyflon/lab_2025/install/two_wheeled_robot/share/two_wheeled_robot/models/pr2/model.config\n'}
[0.439780] (two_wheeled_robot) StdoutLine: {'line': b'-- Up-to-date: /home/greyflon/lab_2025/install/two_wheeled_robot/share/two_wheeled_robot/models/pr2/meshes\n'}
[0.439882] (two_wheeled_robot) StdoutLine: {'line': b'-- Up-to-date: /home/greyflon/lab_2025/install/two_wheeled_robot/share/two_wheeled_robot/models/pr2/meshes/base_v0\n'}
[0.439985] (two_wheeled_robot) StdoutLine: {'line': b'-- Up-to-date: /home/greyflon/lab_2025/install/two_wheeled_robot/share/two_wheeled_robot/models/pr2/meshes/base_v0/wheel.dae\n'}
[0.440087] (two_wheeled_robot) StdoutLine: {'line': b'-- Up-to-date: /home/greyflon/lab_2025/install/two_wheeled_robot/share/two_wheeled_robot/models/pr2/meshes/base_v0/caster.stl\n'}
[0.440189] (two_wheeled_robot) StdoutLine: {'line': b'-- Up-to-date: /home/greyflon/lab_2025/install/two_wheeled_robot/share/two_wheeled_robot/models/pr2/meshes/base_v0/base.dae\n'}
[0.440291] (two_wheeled_robot) StdoutLine: {'line': b'-- Up-to-date: /home/greyflon/lab_2025/install/two_wheeled_robot/share/two_wheeled_robot/models/pr2/meshes/base_v0/caster_L.stl\n'}
[0.440393] (two_wheeled_robot) StdoutLine: {'line': b'-- Up-to-date: /home/greyflon/lab_2025/install/two_wheeled_robot/share/two_wheeled_robot/models/pr2/meshes/base_v0/wheel_h.dae\n'}
[0.440495] (two_wheeled_robot) StdoutLine: {'line': b'-- Up-to-date: /home/greyflon/lab_2025/install/two_wheeled_robot/share/two_wheeled_robot/models/pr2/meshes/base_v0/base_L.stl\n'}
[0.440604] (two_wheeled_robot) StdoutLine: {'line': b'-- Up-to-date: /home/greyflon/lab_2025/install/two_wheeled_robot/share/two_wheeled_robot/models/pr2/meshes/base_v0/pr2_wheel.stl\n'}
[0.440776] (two_wheeled_robot) StdoutLine: {'line': b'-- Up-to-date: /home/greyflon/lab_2025/install/two_wheeled_robot/share/two_wheeled_robot/models/pr2/meshes/base_v0/wheel.stl\n'}
[0.441292] (two_wheeled_robot) StdoutLine: {'line': b'-- Up-to-date: /home/greyflon/lab_2025/install/two_wheeled_robot/share/two_wheeled_robot/models/pr2/meshes/base_v0/base.stl\n'}
[0.441396] (two_wheeled_robot) StdoutLine: {'line': b'-- Up-to-date: /home/greyflon/lab_2025/install/two_wheeled_robot/share/two_wheeled_robot/models/pr2/meshes/sensors\n'}
[0.441498] (two_wheeled_robot) StdoutLine: {'line': b'-- Up-to-date: /home/greyflon/lab_2025/install/two_wheeled_robot/share/two_wheeled_robot/models/pr2/meshes/sensors/kinect_prosilica_v0\n'}
[0.441607] (two_wheeled_robot) StdoutLine: {'line': b'-- Up-to-date: /home/greyflon/lab_2025/install/two_wheeled_robot/share/two_wheeled_robot/models/pr2/meshes/sensors/kinect_prosilica_v0/68-04546_Kinect_Sensor--coarse.STL\n'}
[0.441754] (two_wheeled_robot) StdoutLine: {'line': b'-- Up-to-date: /home/greyflon/lab_2025/install/two_wheeled_robot/share/two_wheeled_robot/models/pr2/meshes/sensors/kinect_prosilica_v0/Prosilica_w_Lens--coarse.STL\n'}
[0.441857] (two_wheeled_robot) StdoutLine: {'line': b'-- Up-to-date: /home/greyflon/lab_2025/install/two_wheeled_robot/share/two_wheeled_robot/models/pr2/meshes/sensors/kinect_prosilica_v0/115x100_swept_back--coarse.STL\n'}
[0.441958] (two_wheeled_robot) StdoutLine: {'line': b'-- Up-to-date: /home/greyflon/lab_2025/install/two_wheeled_robot/share/two_wheeled_robot/models/pr2/meshes/tilting_laser_v0\n'}
[0.442060] (two_wheeled_robot) StdoutLine: {'line': b'-- Up-to-date: /home/greyflon/lab_2025/install/two_wheeled_robot/share/two_wheeled_robot/models/pr2/meshes/tilting_laser_v0/tilting_hokuyo.stl\n'}
[0.442168] (two_wheeled_robot) StdoutLine: {'line': b'-- Up-to-date: /home/greyflon/lab_2025/install/two_wheeled_robot/share/two_wheeled_robot/models/pr2/meshes/tilting_laser_v0/tilting_hokuyo_L.stl\n'}
[0.442271] (two_wheeled_robot) StdoutLine: {'line': b'-- Up-to-date: /home/greyflon/lab_2025/install/two_wheeled_robot/share/two_wheeled_robot/models/pr2/meshes/tilting_laser_v0/hok_tilt.stl\n'}
[0.442373] (two_wheeled_robot) StdoutLine: {'line': b'-- Up-to-date: /home/greyflon/lab_2025/install/two_wheeled_robot/share/two_wheeled_robot/models/pr2/meshes/tilting_laser_v0/tilting_hokuyo.dae\n'}
[0.442473] (two_wheeled_robot) StdoutLine: {'line': b'-- Up-to-date: /home/greyflon/lab_2025/install/two_wheeled_robot/share/two_wheeled_robot/models/pr2/meshes/torso_v0\n'}
[0.442577] (two_wheeled_robot) StdoutLine: {'line': b'-- Up-to-date: /home/greyflon/lab_2025/install/two_wheeled_robot/share/two_wheeled_robot/models/pr2/meshes/torso_v0/torso_lift.dae\n'}
[0.442702] (two_wheeled_robot) StdoutLine: {'line': b'-- Up-to-date: /home/greyflon/lab_2025/install/two_wheeled_robot/share/two_wheeled_robot/models/pr2/meshes/torso_v0/torso.stl\n'}
[0.442803] (two_wheeled_robot) StdoutLine: {'line': b'-- Up-to-date: /home/greyflon/lab_2025/install/two_wheeled_robot/share/two_wheeled_robot/models/pr2/meshes/torso_v0/torso_lift.stl\n'}
[0.442906] (two_wheeled_robot) StdoutLine: {'line': b'-- Up-to-date: /home/greyflon/lab_2025/install/two_wheeled_robot/share/two_wheeled_robot/models/pr2/meshes/torso_v0/torso_lift_L.stl\n'}
[0.443008] (two_wheeled_robot) StdoutLine: {'line': b'-- Up-to-date: /home/greyflon/lab_2025/install/two_wheeled_robot/share/two_wheeled_robot/models/pr2/meshes/shoulder_v0\n'}
[0.443109] (two_wheeled_robot) StdoutLine: {'line': b'-- Up-to-date: /home/greyflon/lab_2025/install/two_wheeled_robot/share/two_wheeled_robot/models/pr2/meshes/shoulder_v0/upper_arm_roll_L.stl\n'}
[0.443211] (two_wheeled_robot) StdoutLine: {'line': b'-- Up-to-date: /home/greyflon/lab_2025/install/two_wheeled_robot/share/two_wheeled_robot/models/pr2/meshes/shoulder_v0/shoulder_yaw.stl\n'}
[0.443314] (two_wheeled_robot) StdoutLine: {'line': b'-- Up-to-date: /home/greyflon/lab_2025/install/two_wheeled_robot/share/two_wheeled_robot/models/pr2/meshes/shoulder_v0/shoulder_lift.stl\n'}
[0.443417] (two_wheeled_robot) StdoutLine: {'line': b'-- Up-to-date: /home/greyflon/lab_2025/install/two_wheeled_robot/share/two_wheeled_robot/models/pr2/meshes/shoulder_v0/upper_arm_roll.stl\n'}
[0.443519] (two_wheeled_robot) StdoutLine: {'line': b'-- Up-to-date: /home/greyflon/lab_2025/install/two_wheeled_robot/share/two_wheeled_robot/models/pr2/meshes/shoulder_v0/shoulder_pan.stl\n'}
[0.443631] (two_wheeled_robot) StdoutLine: {'line': b'-- Up-to-date: /home/greyflon/lab_2025/install/two_wheeled_robot/share/two_wheeled_robot/models/pr2/meshes/shoulder_v0/upper_arm_roll.dae\n'}
[0.443744] (two_wheeled_robot) StdoutLine: {'line': b'-- Up-to-date: /home/greyflon/lab_2025/install/two_wheeled_robot/share/two_wheeled_robot/models/pr2/meshes/shoulder_v0/shoulder_pan.dae\n'}
[0.443847] (two_wheeled_robot) StdoutLine: {'line': b'-- Up-to-date: /home/greyflon/lab_2025/install/two_wheeled_robot/share/two_wheeled_robot/models/pr2/meshes/shoulder_v0/shoulder_lift.dae\n'}
[0.444025] (two_wheeled_robot) StdoutLine: {'line': b'-- Up-to-date: /home/greyflon/lab_2025/install/two_wheeled_robot/share/two_wheeled_robot/models/pr2/meshes/head_v0\n'}
[0.444128] (two_wheeled_robot) StdoutLine: {'line': b'-- Up-to-date: /home/greyflon/lab_2025/install/two_wheeled_robot/share/two_wheeled_robot/models/pr2/meshes/head_v0/head_pan.stl\n'}
[0.444497] (two_wheeled_robot) StdoutLine: {'line': b'-- Up-to-date: /home/greyflon/lab_2025/install/two_wheeled_robot/share/two_wheeled_robot/models/pr2/meshes/head_v0/head_tilt.stl\n'}
[0.444611] (two_wheeled_robot) StdoutLine: {'line': b'-- Up-to-date: /home/greyflon/lab_2025/install/two_wheeled_robot/share/two_wheeled_robot/models/pr2/meshes/head_v0/head_tilt_L.stl\n'}
[0.444729] (two_wheeled_robot) StdoutLine: {'line': b'-- Up-to-date: /home/greyflon/lab_2025/install/two_wheeled_robot/share/two_wheeled_robot/models/pr2/meshes/head_v0/head_pan_L.stl\n'}
[0.445145] (two_wheeled_robot) StdoutLine: {'line': b'-- Up-to-date: /home/greyflon/lab_2025/install/two_wheeled_robot/share/two_wheeled_robot/models/pr2/meshes/head_v0/head_pan.dae\n'}
[0.445248] (two_wheeled_robot) StdoutLine: {'line': b'-- Up-to-date: /home/greyflon/lab_2025/install/two_wheeled_robot/share/two_wheeled_robot/models/pr2/meshes/head_v0/head_tilt.dae\n'}
[0.445351] (two_wheeled_robot) StdoutLine: {'line': b'-- Up-to-date: /home/greyflon/lab_2025/install/two_wheeled_robot/share/two_wheeled_robot/models/pr2/meshes/forearm_v0\n'}
[0.445454] (two_wheeled_robot) StdoutLine: {'line': b'-- Up-to-date: /home/greyflon/lab_2025/install/two_wheeled_robot/share/two_wheeled_robot/models/pr2/meshes/forearm_v0/wrist_roll.stl\n'}
[0.445556] (two_wheeled_robot) StdoutLine: {'line': b'-- Up-to-date: /home/greyflon/lab_2025/install/two_wheeled_robot/share/two_wheeled_robot/models/pr2/meshes/forearm_v0/forearm.stl\n'}
[0.445677] (two_wheeled_robot) StdoutLine: {'line': b'-- Up-to-date: /home/greyflon/lab_2025/install/two_wheeled_robot/share/two_wheeled_robot/models/pr2/meshes/forearm_v0/wrist_flex.stl\n'}
[0.445783] (two_wheeled_robot) StdoutLine: {'line': b'-- Up-to-date: /home/greyflon/lab_2025/install/two_wheeled_robot/share/two_wheeled_robot/models/pr2/meshes/forearm_v0/forearm.dae\n'}
[0.445886] (two_wheeled_robot) StdoutLine: {'line': b'-- Up-to-date: /home/greyflon/lab_2025/install/two_wheeled_robot/share/two_wheeled_robot/models/pr2/meshes/forearm_v0/wrist_flex.dae\n'}
[0.445989] (two_wheeled_robot) StdoutLine: {'line': b'-- Up-to-date: /home/greyflon/lab_2025/install/two_wheeled_robot/share/two_wheeled_robot/models/pr2/meshes/forearm_v0/wrist_roll_L.stl\n'}
[0.446092] (two_wheeled_robot) StdoutLine: {'line': b'-- Up-to-date: /home/greyflon/lab_2025/install/two_wheeled_robot/share/two_wheeled_robot/models/pr2/meshes/upper_arm_v0\n'}
[0.446194] (two_wheeled_robot) StdoutLine: {'line': b'-- Up-to-date: /home/greyflon/lab_2025/install/two_wheeled_robot/share/two_wheeled_robot/models/pr2/meshes/upper_arm_v0/elbow_flex.dae\n'}
[0.446297] (two_wheeled_robot) StdoutLine: {'line': b'-- Up-to-date: /home/greyflon/lab_2025/install/two_wheeled_robot/share/two_wheeled_robot/models/pr2/meshes/upper_arm_v0/upper_arm.dae\n'}
[0.446397] (two_wheeled_robot) StdoutLine: {'line': b'-- Up-to-date: /home/greyflon/lab_2025/install/two_wheeled_robot/share/two_wheeled_robot/models/pr2/meshes/upper_arm_v0/upper_arm.stl\n'}
[0.446500] (two_wheeled_robot) StdoutLine: {'line': b'-- Up-to-date: /home/greyflon/lab_2025/install/two_wheeled_robot/share/two_wheeled_robot/models/pr2/meshes/upper_arm_v0/elbow_flex.stl\n'}
[0.446610] (two_wheeled_robot) StdoutLine: {'line': b'-- Up-to-date: /home/greyflon/lab_2025/install/two_wheeled_robot/share/two_wheeled_robot/models/pr2/meshes/upper_arm_v0/forearm_roll_L.stl\n'}
[0.446724] (two_wheeled_robot) StdoutLine: {'line': b'-- Up-to-date: /home/greyflon/lab_2025/install/two_wheeled_robot/share/two_wheeled_robot/models/pr2/meshes/upper_arm_v0/forearm_roll.stl\n'}
[0.446827] (two_wheeled_robot) StdoutLine: {'line': b'-- Up-to-date: /home/greyflon/lab_2025/install/two_wheeled_robot/share/two_wheeled_robot/models/pr2/meshes/gripper_v0\n'}
[0.447036] (two_wheeled_robot) StdoutLine: {'line': b'-- Up-to-date: /home/greyflon/lab_2025/install/two_wheeled_robot/share/two_wheeled_robot/models/pr2/meshes/gripper_v0/palm_H_UV_100430.dae\n'}
[0.447139] (two_wheeled_robot) StdoutLine: {'line': b'-- Up-to-date: /home/greyflon/lab_2025/install/two_wheeled_robot/share/two_wheeled_robot/models/pr2/meshes/gripper_v0/upper_finger_l.stl\n'}
[0.447242] (two_wheeled_robot) StdoutLine: {'line': b'-- Up-to-date: /home/greyflon/lab_2025/install/two_wheeled_robot/share/two_wheeled_robot/models/pr2/meshes/gripper_v0/finger_tip_pad2_r.stl\n'}
[0.447345] (two_wheeled_robot) StdoutLine: {'line': b'-- Up-to-date: /home/greyflon/lab_2025/install/two_wheeled_robot/share/two_wheeled_robot/models/pr2/meshes/gripper_v0/l_finger_tip.dae\n'}
[0.447449] (two_wheeled_robot) StdoutLine: {'line': b'-- Up-to-date: /home/greyflon/lab_2025/install/two_wheeled_robot/share/two_wheeled_robot/models/pr2/meshes/gripper_v0/float_H_UV_100430.dae\n'}
[0.447550] (two_wheeled_robot) StdoutLine: {'line': b'-- Up-to-date: /home/greyflon/lab_2025/install/two_wheeled_robot/share/two_wheeled_robot/models/pr2/meshes/gripper_v0/l_finger.dae\n'}
[0.448083] (two_wheeled_robot) StdoutLine: {'line': b'-- Up-to-date: /home/greyflon/lab_2025/install/two_wheeled_robot/share/two_wheeled_robot/models/pr2/meshes/gripper_v0/gripper_palm.stl\n'}
[0.448440] (two_wheeled_robot) StdoutLine: {'line': b'-- Up-to-date: /home/greyflon/lab_2025/install/two_wheeled_robot/share/two_wheeled_robot/models/pr2/meshes/gripper_v0/finger_H_UV_100430.dae\n'}
[0.448636] (two_wheeled_robot) StdoutLine: {'line': b'-- Up-to-date: /home/greyflon/lab_2025/install/two_wheeled_robot/share/two_wheeled_robot/models/pr2/meshes/gripper_v0/upper_finger_r.stl\n'}
[0.448707] (two_wheeled_robot) StdoutLine: {'line': b'-- Up-to-date: /home/greyflon/lab_2025/install/two_wheeled_robot/share/two_wheeled_robot/models/pr2/meshes/gripper_v0/finger_tip_l.stl\n'}
[0.448769] (two_wheeled_robot) StdoutLine: {'line': b'-- Up-to-date: /home/greyflon/lab_2025/install/two_wheeled_robot/share/two_wheeled_robot/models/pr2/meshes/gripper_v0/gripper_palm.dae\n'}
[0.448829] (two_wheeled_robot) StdoutLine: {'line': b'-- Up-to-date: /home/greyflon/lab_2025/install/two_wheeled_robot/share/two_wheeled_robot/models/pr2/meshes/gripper_v0/finger_tip_r.stl\n'}
[0.448893] (two_wheeled_robot) StdoutLine: {'line': b'-- Up-to-date: /home/greyflon/lab_2025/install/two_wheeled_robot/share/two_wheeled_robot/models/pr2/meshes/gripper_v0/l_floating.stl\n'}
[0.448953] (two_wheeled_robot) StdoutLine: {'line': b'-- Up-to-date: /home/greyflon/lab_2025/install/two_wheeled_robot/share/two_wheeled_robot/models/pr2/meshes/gripper_v0/l_finger.stl\n'}
[0.449078] (two_wheeled_robot) StdoutLine: {'line': b'-- Up-to-date: /home/greyflon/lab_2025/install/two_wheeled_robot/share/two_wheeled_robot/models/pr2/meshes/gripper_v0/l_finger_tip.stl\n'}
[0.449139] (two_wheeled_robot) StdoutLine: {'line': b'-- Up-to-date: /home/greyflon/lab_2025/install/two_wheeled_robot/share/two_wheeled_robot/models/pr2/meshes/gripper_v0/l_float.dae\n'}
[0.449199] (two_wheeled_robot) StdoutLine: {'line': b'-- Up-to-date: /home/greyflon/lab_2025/install/two_wheeled_robot/share/two_wheeled_robot/models/pr2/meshes/gripper_v0/finger_tip_H_UV_100430.dae\n'}
[0.449258] (two_wheeled_robot) StdoutLine: {'line': b'-- Up-to-date: /home/greyflon/lab_2025/install/two_wheeled_robot/share/two_wheeled_robot/models/pr2/meshes/gripper_v0/finger_tip_pad2_l.stl\n'}
[0.449318] (two_wheeled_robot) StdoutLine: {'line': b'-- Up-to-date: /home/greyflon/lab_2025/install/two_wheeled_robot/share/two_wheeled_robot/models/pr2/materials\n'}
[0.449482] (two_wheeled_robot) StdoutLine: {'line': b'-- Up-to-date: /home/greyflon/lab_2025/install/two_wheeled_robot/share/two_wheeled_robot/models/pr2/materials/textures\n'}
[0.449637] (two_wheeled_robot) StdoutLine: {'line': b'-- Up-to-date: /home/greyflon/lab_2025/install/two_wheeled_robot/share/two_wheeled_robot/models/pr2/materials/textures/fingertip_H_Color_100430.png\n'}
[0.449752] (two_wheeled_robot) StdoutLine: {'line': b'-- Up-to-date: /home/greyflon/lab_2025/install/two_wheeled_robot/share/two_wheeled_robot/models/pr2/materials/textures/l_float_color.png\n'}
[0.449815] (two_wheeled_robot) StdoutLine: {'line': b'-- Up-to-date: /home/greyflon/lab_2025/install/two_wheeled_robot/share/two_wheeled_robot/models/pr2/materials/textures/gripper_palm_color.png\n'}
[0.449876] (two_wheeled_robot) StdoutLine: {'line': b'-- Up-to-date: /home/greyflon/lab_2025/install/two_wheeled_robot/share/two_wheeled_robot/models/pr2/materials/textures/upper_arm_color.png\n'}
[0.449937] (two_wheeled_robot) StdoutLine: {'line': b'-- Up-to-date: /home/greyflon/lab_2025/install/two_wheeled_robot/share/two_wheeled_robot/models/pr2/materials/textures/wheel_normals.png\n'}
[0.449997] (two_wheeled_robot) StdoutLine: {'line': b'-- Up-to-date: /home/greyflon/lab_2025/install/two_wheeled_robot/share/two_wheeled_robot/models/pr2/materials/textures/upper_arm_roll_normals.png\n'}
[0.450058] (two_wheeled_robot) StdoutLine: {'line': b'-- Up-to-date: /home/greyflon/lab_2025/install/two_wheeled_robot/share/two_wheeled_robot/models/pr2/materials/textures/head_tilt_green.png\n'}
[0.450118] (two_wheeled_robot) StdoutLine: {'line': b'-- Up-to-date: /home/greyflon/lab_2025/install/two_wheeled_robot/share/two_wheeled_robot/models/pr2/materials/textures/float_H_Color_100430.png\n'}
[0.450178] (two_wheeled_robot) StdoutLine: {'line': b'-- Up-to-date: /home/greyflon/lab_2025/install/two_wheeled_robot/share/two_wheeled_robot/models/pr2/materials/textures/l_finger_tip_normals.png\n'}
[0.450239] (two_wheeled_robot) StdoutLine: {'line': b'-- Up-to-date: /home/greyflon/lab_2025/install/two_wheeled_robot/share/two_wheeled_robot/models/pr2/materials/textures/wrist_color.png\n'}
[0.450301] (two_wheeled_robot) StdoutLine: {'line': b'-- Up-to-date: /home/greyflon/lab_2025/install/two_wheeled_robot/share/two_wheeled_robot/models/pr2/materials/textures/head_tilt_normals.png\n'}
[0.450361] (two_wheeled_robot) StdoutLine: {'line': b'-- Up-to-date: /home/greyflon/lab_2025/install/two_wheeled_robot/share/two_wheeled_robot/models/pr2/materials/textures/gripper_palm_normals.png\n'}
[0.450427] (two_wheeled_robot) StdoutLine: {'line': b'-- Up-to-date: /home/greyflon/lab_2025/install/two_wheeled_robot/share/two_wheeled_robot/models/pr2/materials/textures/torso_lift_normals.png\n'}
[0.450486] (two_wheeled_robot) StdoutLine: {'line': b'-- Up-to-date: /home/greyflon/lab_2025/install/two_wheeled_robot/share/two_wheeled_robot/models/pr2/materials/textures/head_tilt_color_red.png\n'}
[0.450546] (two_wheeled_robot) StdoutLine: {'line': b'-- Up-to-date: /home/greyflon/lab_2025/install/two_wheeled_robot/share/two_wheeled_robot/models/pr2/materials/textures/forearm_normals.png\n'}
[0.450629] (two_wheeled_robot) StdoutLine: {'line': b'-- Up-to-date: /home/greyflon/lab_2025/install/two_wheeled_robot/share/two_wheeled_robot/models/pr2/materials/textures/finger_H_Color_100430.png\n'}
[0.450696] (two_wheeled_robot) StdoutLine: {'line': b'-- Up-to-date: /home/greyflon/lab_2025/install/two_wheeled_robot/share/two_wheeled_robot/models/pr2/materials/textures/shoulder_pan_normals.png\n'}
[0.450837] (two_wheeled_robot) StdoutLine: {'line': b'-- Up-to-date: /home/greyflon/lab_2025/install/two_wheeled_robot/share/two_wheeled_robot/models/pr2/materials/textures/upper_arm_normals.png\n'}
[0.450908] (two_wheeled_robot) StdoutLine: {'line': b'-- Up-to-date: /home/greyflon/lab_2025/install/two_wheeled_robot/share/two_wheeled_robot/models/pr2/materials/textures/tilting_hokuyo_normals.png\n'}
[0.450967] (two_wheeled_robot) StdoutLine: {'line': b'-- Up-to-date: /home/greyflon/lab_2025/install/two_wheeled_robot/share/two_wheeled_robot/models/pr2/materials/textures/shoulder_pan_color.png\n'}
[0.451026] (two_wheeled_robot) StdoutLine: {'line': b'-- Up-to-date: /home/greyflon/lab_2025/install/two_wheeled_robot/share/two_wheeled_robot/models/pr2/materials/textures/l_float_normals.png\n'}
[0.451084] (two_wheeled_robot) StdoutLine: {'line': b'-- Up-to-date: /home/greyflon/lab_2025/install/two_wheeled_robot/share/two_wheeled_robot/models/pr2/materials/textures/wrist_normals.png\n'}
[0.451181] (two_wheeled_robot) StdoutLine: {'line': b'-- Up-to-date: /home/greyflon/lab_2025/install/two_wheeled_robot/share/two_wheeled_robot/models/pr2/materials/textures/wheel_color.png\n'}
[0.451282] (two_wheeled_robot) StdoutLine: {'line': b'-- Up-to-date: /home/greyflon/lab_2025/install/two_wheeled_robot/share/two_wheeled_robot/models/pr2/materials/textures/wheel_h_color.png\n'}
[0.451343] (two_wheeled_robot) StdoutLine: {'line': b'-- Up-to-date: /home/greyflon/lab_2025/install/two_wheeled_robot/share/two_wheeled_robot/models/pr2/materials/textures/elbow_flex_normals.png\n'}
[0.451403] (two_wheeled_robot) StdoutLine: {'line': b'-- Up-to-date: /home/greyflon/lab_2025/install/two_wheeled_robot/share/two_wheeled_robot/models/pr2/materials/textures/head_pan_color.png\n'}
[0.451462] (two_wheeled_robot) StdoutLine: {'line': b'-- Up-to-date: /home/greyflon/lab_2025/install/two_wheeled_robot/share/two_wheeled_robot/models/pr2/materials/textures/base_color.png\n'}
[0.451520] (two_wheeled_robot) StdoutLine: {'line': b'-- Up-to-date: /home/greyflon/lab_2025/install/two_wheeled_robot/share/two_wheeled_robot/models/pr2/materials/textures/l_finger_color.png\n'}
[0.451579] (two_wheeled_robot) StdoutLine: {'line': b'-- Up-to-date: /home/greyflon/lab_2025/install/two_wheeled_robot/share/two_wheeled_robot/models/pr2/materials/textures/tilting_hokuyo_color.png\n'}
[0.451668] (two_wheeled_robot) StdoutLine: {'line': b'-- Up-to-date: /home/greyflon/lab_2025/install/two_wheeled_robot/share/two_wheeled_robot/models/pr2/materials/textures/torso_lift_color.png\n'}
[0.451729] (two_wheeled_robot) StdoutLine: {'line': b'-- Up-to-date: /home/greyflon/lab_2025/install/two_wheeled_robot/share/two_wheeled_robot/models/pr2/materials/textures/palm_H_Color_100430.png\n'}
[0.451788] (two_wheeled_robot) StdoutLine: {'line': b'-- Up-to-date: /home/greyflon/lab_2025/install/two_wheeled_robot/share/two_wheeled_robot/models/pr2/materials/textures/head_tilt_color.png\n'}
[0.451847] (two_wheeled_robot) StdoutLine: {'line': b'-- Up-to-date: /home/greyflon/lab_2025/install/two_wheeled_robot/share/two_wheeled_robot/models/pr2/materials/textures/shoulder_lift_color.png\n'}
[0.451906] (two_wheeled_robot) StdoutLine: {'line': b'-- Up-to-date: /home/greyflon/lab_2025/install/two_wheeled_robot/share/two_wheeled_robot/models/pr2/materials/textures/base_normals.png\n'}
[0.451964] (two_wheeled_robot) StdoutLine: {'line': b'-- Up-to-date: /home/greyflon/lab_2025/install/two_wheeled_robot/share/two_wheeled_robot/models/pr2/materials/textures/forearm.png\n'}
[0.452022] (two_wheeled_robot) StdoutLine: {'line': b'-- Up-to-date: /home/greyflon/lab_2025/install/two_wheeled_robot/share/two_wheeled_robot/models/pr2/materials/textures/l_finger_tip_color.png\n'}
[0.452081] (two_wheeled_robot) StdoutLine: {'line': b'-- Up-to-date: /home/greyflon/lab_2025/install/two_wheeled_robot/share/two_wheeled_robot/models/pr2/materials/textures/upper_arm.png\n'}
[0.452139] (two_wheeled_robot) StdoutLine: {'line': b'-- Up-to-date: /home/greyflon/lab_2025/install/two_wheeled_robot/share/two_wheeled_robot/models/pr2/materials/textures/forearm_color.png\n'}
[0.452198] (two_wheeled_robot) StdoutLine: {'line': b'-- Up-to-date: /home/greyflon/lab_2025/install/two_wheeled_robot/share/two_wheeled_robot/models/pr2/materials/textures/head_tilt_color_yellow.png\n'}
[0.452256] (two_wheeled_robot) StdoutLine: {'line': b'-- Up-to-date: /home/greyflon/lab_2025/install/two_wheeled_robot/share/two_wheeled_robot/models/pr2/materials/textures/elbow_flex_color.png\n'}
[0.452314] (two_wheeled_robot) StdoutLine: {'line': b'-- Up-to-date: /home/greyflon/lab_2025/install/two_wheeled_robot/share/two_wheeled_robot/models/pr2/materials/textures/l_finger_normals.png\n'}
[0.452379] (two_wheeled_robot) StdoutLine: {'line': b'-- Up-to-date: /home/greyflon/lab_2025/install/two_wheeled_robot/share/two_wheeled_robot/models/pr2/materials/textures/head_pan_normals.png\n'}
[0.452438] (two_wheeled_robot) StdoutLine: {'line': b'-- Up-to-date: /home/greyflon/lab_2025/install/two_wheeled_robot/share/two_wheeled_robot/models/pr2/materials/textures/shoulder_lift_normals.png\n'}
[0.452533] (two_wheeled_robot) StdoutLine: {'line': b'-- Up-to-date: /home/greyflon/lab_2025/install/two_wheeled_robot/share/two_wheeled_robot/models/pr2/materials/textures/upper_arm_roll_color.png\n'}
[0.452669] (two_wheeled_robot) StdoutLine: {'line': b'-- Up-to-date: /home/greyflon/lab_2025/install/two_wheeled_robot/share/two_wheeled_robot/models/pr2/model.sdf\n'}
[0.452775] (two_wheeled_robot) StdoutLine: {'line': b'-- Up-to-date: /home/greyflon/lab_2025/install/two_wheeled_robot/share/two_wheeled_robot/models/pr2/model-1_3.sdf\n'}
[0.452839] (two_wheeled_robot) StdoutLine: {'line': b'-- Up-to-date: /home/greyflon/lab_2025/install/two_wheeled_robot/share/two_wheeled_robot/models/aws_robomaker_residential_Dumbbell_01\n'}
[0.452901] (two_wheeled_robot) StdoutLine: {'line': b'-- Up-to-date: /home/greyflon/lab_2025/install/two_wheeled_robot/share/two_wheeled_robot/models/aws_robomaker_residential_Dumbbell_01/model.config\n'}
[0.452962] (two_wheeled_robot) StdoutLine: {'line': b'-- Up-to-date: /home/greyflon/lab_2025/install/two_wheeled_robot/share/two_wheeled_robot/models/aws_robomaker_residential_Dumbbell_01/meshes\n'}
[0.453023] (two_wheeled_robot) StdoutLine: {'line': b'-- Up-to-date: /home/greyflon/lab_2025/install/two_wheeled_robot/share/two_wheeled_robot/models/aws_robomaker_residential_Dumbbell_01/meshes/aws_Dumbbell_01_visual.DAE\n'}
[0.453083] (two_wheeled_robot) StdoutLine: {'line': b'-- Up-to-date: /home/greyflon/lab_2025/install/two_wheeled_robot/share/two_wheeled_robot/models/aws_robomaker_residential_Dumbbell_01/meshes/aws_Dumbbell_01_collision.DAE\n'}
[0.453144] (two_wheeled_robot) StdoutLine: {'line': b'-- Up-to-date: /home/greyflon/lab_2025/install/two_wheeled_robot/share/two_wheeled_robot/models/aws_robomaker_residential_Dumbbell_01/materials\n'}
[0.453205] (two_wheeled_robot) StdoutLine: {'line': b'-- Up-to-date: /home/greyflon/lab_2025/install/two_wheeled_robot/share/two_wheeled_robot/models/aws_robomaker_residential_Dumbbell_01/materials/textures\n'}
[0.453333] (two_wheeled_robot) StdoutLine: {'line': b'-- Up-to-date: /home/greyflon/lab_2025/install/two_wheeled_robot/share/two_wheeled_robot/models/aws_robomaker_residential_Dumbbell_01/materials/textures/aws_Dumbbell_01.png\n'}
[0.453395] (two_wheeled_robot) StdoutLine: {'line': b'-- Up-to-date: /home/greyflon/lab_2025/install/two_wheeled_robot/share/two_wheeled_robot/models/aws_robomaker_residential_Dumbbell_01/model.sdf\n'}
[0.453456] (two_wheeled_robot) StdoutLine: {'line': b'-- Up-to-date: /home/greyflon/lab_2025/install/two_wheeled_robot/share/two_wheeled_robot/models/aws_robomaker_warehouse_ShelfD_01\n'}
[0.453517] (two_wheeled_robot) StdoutLine: {'line': b'-- Up-to-date: /home/greyflon/lab_2025/install/two_wheeled_robot/share/two_wheeled_robot/models/aws_robomaker_warehouse_ShelfD_01/model.config\n'}
[0.453577] (two_wheeled_robot) StdoutLine: {'line': b'-- Up-to-date: /home/greyflon/lab_2025/install/two_wheeled_robot/share/two_wheeled_robot/models/aws_robomaker_warehouse_ShelfD_01/meshes\n'}
[0.453725] (two_wheeled_robot) StdoutLine: {'line': b'-- Up-to-date: /home/greyflon/lab_2025/install/two_wheeled_robot/share/two_wheeled_robot/models/aws_robomaker_warehouse_ShelfD_01/meshes/aws_robomaker_warehouse_ShelfD_01_collision.DAE\n'}
[0.453789] (two_wheeled_robot) StdoutLine: {'line': b'-- Up-to-date: /home/greyflon/lab_2025/install/two_wheeled_robot/share/two_wheeled_robot/models/aws_robomaker_warehouse_ShelfD_01/meshes/aws_robomaker_warehouse_ShelfD_01_visual.DAE\n'}
[0.453851] (two_wheeled_robot) StdoutLine: {'line': b'-- Up-to-date: /home/greyflon/lab_2025/install/two_wheeled_robot/share/two_wheeled_robot/models/aws_robomaker_warehouse_ShelfD_01/materials\n'}
[0.453911] (two_wheeled_robot) StdoutLine: {'line': b'-- Up-to-date: /home/greyflon/lab_2025/install/two_wheeled_robot/share/two_wheeled_robot/models/aws_robomaker_warehouse_ShelfD_01/materials/textures\n'}
[0.453972] (two_wheeled_robot) StdoutLine: {'line': b'-- Up-to-date: /home/greyflon/lab_2025/install/two_wheeled_robot/share/two_wheeled_robot/models/aws_robomaker_warehouse_ShelfD_01/materials/textures/aws_robomaker_warehouse_ShelfD_03.png\n'}
[0.454051] (two_wheeled_robot) StdoutLine: {'line': b'-- Up-to-date: /home/greyflon/lab_2025/install/two_wheeled_robot/share/two_wheeled_robot/models/aws_robomaker_warehouse_ShelfD_01/materials/textures/aws_robomaker_warehouse_ShelfD_02.png\n'}
[0.454124] (two_wheeled_robot) StdoutLine: {'line': b'-- Up-to-date: /home/greyflon/lab_2025/install/two_wheeled_robot/share/two_wheeled_robot/models/aws_robomaker_warehouse_ShelfD_01/materials/textures/aws_robomaker_warehouse_ShelfD_01.png\n'}
[0.454187] (two_wheeled_robot) StdoutLine: {'line': b'-- Up-to-date: /home/greyflon/lab_2025/install/two_wheeled_robot/share/two_wheeled_robot/models/aws_robomaker_warehouse_ShelfD_01/materials/textures/aws_robomaker_warehouse_ShelfD_04.png\n'}
[0.454248] (two_wheeled_robot) StdoutLine: {'line': b'-- Up-to-date: /home/greyflon/lab_2025/install/two_wheeled_robot/share/two_wheeled_robot/models/aws_robomaker_warehouse_ShelfD_01/model.sdf\n'}
[0.454309] (two_wheeled_robot) StdoutLine: {'line': b'-- Up-to-date: /home/greyflon/lab_2025/install/two_wheeled_robot/share/two_wheeled_robot/models/workcell_bin\n'}
[0.454370] (two_wheeled_robot) StdoutLine: {'line': b'-- Up-to-date: /home/greyflon/lab_2025/install/two_wheeled_robot/share/two_wheeled_robot/models/workcell_bin/model.config\n'}
[0.454431] (two_wheeled_robot) StdoutLine: {'line': b'-- Up-to-date: /home/greyflon/lab_2025/install/two_wheeled_robot/share/two_wheeled_robot/models/workcell_bin/meshes\n'}
[0.454522] (two_wheeled_robot) StdoutLine: {'line': b'-- Up-to-date: /home/greyflon/lab_2025/install/two_wheeled_robot/share/two_wheeled_robot/models/workcell_bin/meshes/bin.dae\n'}
[0.454593] (two_wheeled_robot) StdoutLine: {'line': b'-- Up-to-date: /home/greyflon/lab_2025/install/two_wheeled_robot/share/two_wheeled_robot/models/workcell_bin/materials\n'}
[0.454752] (two_wheeled_robot) StdoutLine: {'line': b'-- Up-to-date: /home/greyflon/lab_2025/install/two_wheeled_robot/share/two_wheeled_robot/models/workcell_bin/materials/textures\n'}
[0.454815] (two_wheeled_robot) StdoutLine: {'line': b'-- Up-to-date: /home/greyflon/lab_2025/install/two_wheeled_robot/share/two_wheeled_robot/models/workcell_bin/materials/textures/bin.png\n'}
[0.454876] (two_wheeled_robot) StdoutLine: {'line': b'-- Up-to-date: /home/greyflon/lab_2025/install/two_wheeled_robot/share/two_wheeled_robot/models/workcell_bin/model.sdf\n'}
[0.454937] (two_wheeled_robot) StdoutLine: {'line': b'-- Up-to-date: /home/greyflon/lab_2025/install/two_wheeled_robot/share/two_wheeled_robot/models/aws_robomaker_residential_DeskPortraitD_04\n'}
[0.454998] (two_wheeled_robot) StdoutLine: {'line': b'-- Up-to-date: /home/greyflon/lab_2025/install/two_wheeled_robot/share/two_wheeled_robot/models/aws_robomaker_residential_DeskPortraitD_04/model.config\n'}
[0.455058] (two_wheeled_robot) StdoutLine: {'line': b'-- Up-to-date: /home/greyflon/lab_2025/install/two_wheeled_robot/share/two_wheeled_robot/models/aws_robomaker_residential_DeskPortraitD_04/meshes\n'}
[0.455119] (two_wheeled_robot) StdoutLine: {'line': b'-- Up-to-date: /home/greyflon/lab_2025/install/two_wheeled_robot/share/two_wheeled_robot/models/aws_robomaker_residential_DeskPortraitD_04/meshes/aws_DeskPortraitD_01_visual.DAE\n'}
[0.455180] (two_wheeled_robot) StdoutLine: {'line': b'-- Up-to-date: /home/greyflon/lab_2025/install/two_wheeled_robot/share/two_wheeled_robot/models/aws_robomaker_residential_DeskPortraitD_04/meshes/aws_DeskPortraitD_01_collision.DAE\n'}
[0.455314] (two_wheeled_robot) StdoutLine: {'line': b'-- Up-to-date: /home/greyflon/lab_2025/install/two_wheeled_robot/share/two_wheeled_robot/models/aws_robomaker_residential_DeskPortraitD_04/materials\n'}
[0.455378] (two_wheeled_robot) StdoutLine: {'line': b'-- Up-to-date: /home/greyflon/lab_2025/install/two_wheeled_robot/share/two_wheeled_robot/models/aws_robomaker_residential_DeskPortraitD_04/materials/textures\n'}
[0.455468] (two_wheeled_robot) StdoutLine: {'line': b'-- Up-to-date: /home/greyflon/lab_2025/install/two_wheeled_robot/share/two_wheeled_robot/models/aws_robomaker_residential_DeskPortraitD_04/materials/textures/aws_DeskPortraitD_02.png\n'}
[0.455530] (two_wheeled_robot) StdoutLine: {'line': b'-- Up-to-date: /home/greyflon/lab_2025/install/two_wheeled_robot/share/two_wheeled_robot/models/aws_robomaker_residential_DeskPortraitD_04/materials/textures/aws_DeskPortraitD_01.png\n'}
[0.455598] (two_wheeled_robot) StdoutLine: {'line': b'-- Up-to-date: /home/greyflon/lab_2025/install/two_wheeled_robot/share/two_wheeled_robot/models/aws_robomaker_residential_DeskPortraitD_04/materials/textures/DeskPortraitD_04.jpg\n'}
[0.455710] (two_wheeled_robot) StdoutLine: {'line': b'-- Up-to-date: /home/greyflon/lab_2025/install/two_wheeled_robot/share/two_wheeled_robot/models/aws_robomaker_residential_DeskPortraitD_04/model.sdf\n'}
[0.455772] (two_wheeled_robot) StdoutLine: {'line': b'-- Up-to-date: /home/greyflon/lab_2025/install/two_wheeled_robot/share/two_wheeled_robot/models/kitchen_dining\n'}
[0.455834] (two_wheeled_robot) StdoutLine: {'line': b'-- Up-to-date: /home/greyflon/lab_2025/install/two_wheeled_robot/share/two_wheeled_robot/models/kitchen_dining/model-1_4.sdf\n'}
[0.455894] (two_wheeled_robot) StdoutLine: {'line': b'-- Up-to-date: /home/greyflon/lab_2025/install/two_wheeled_robot/share/two_wheeled_robot/models/kitchen_dining/model.config\n'}
[0.455955] (two_wheeled_robot) StdoutLine: {'line': b'-- Up-to-date: /home/greyflon/lab_2025/install/two_wheeled_robot/share/two_wheeled_robot/models/kitchen_dining/meshes\n'}
[0.456016] (two_wheeled_robot) StdoutLine: {'line': b'-- Up-to-date: /home/greyflon/lab_2025/install/two_wheeled_robot/share/two_wheeled_robot/models/kitchen_dining/meshes/kitchen_dining.dae\n'}
[0.456077] (two_wheeled_robot) StdoutLine: {'line': b'-- Up-to-date: /home/greyflon/lab_2025/install/two_wheeled_robot/share/two_wheeled_robot/models/kitchen_dining/materials\n'}
[0.456136] (two_wheeled_robot) StdoutLine: {'line': b'-- Up-to-date: /home/greyflon/lab_2025/install/two_wheeled_robot/share/two_wheeled_robot/models/kitchen_dining/materials/textures\n'}
[0.456197] (two_wheeled_robot) StdoutLine: {'line': b'-- Up-to-date: /home/greyflon/lab_2025/install/two_wheeled_robot/share/two_wheeled_robot/models/kitchen_dining/materials/textures/__auto_40.png\n'}
[0.456257] (two_wheeled_robot) StdoutLine: {'line': b'-- Up-to-date: /home/greyflon/lab_2025/install/two_wheeled_robot/share/two_wheeled_robot/models/kitchen_dining/materials/textures/__auto_57.png\n'}
[0.456318] (two_wheeled_robot) StdoutLine: {'line': b'-- Up-to-date: /home/greyflon/lab_2025/install/two_wheeled_robot/share/two_wheeled_robot/models/kitchen_dining/materials/textures/__auto_28.png\n'}
[0.456378] (two_wheeled_robot) StdoutLine: {'line': b'-- Up-to-date: /home/greyflon/lab_2025/install/two_wheeled_robot/share/two_wheeled_robot/models/kitchen_dining/materials/textures/__auto_46.png\n'}
[0.456457] (two_wheeled_robot) StdoutLine: {'line': b'-- Up-to-date: /home/greyflon/lab_2025/install/two_wheeled_robot/share/two_wheeled_robot/models/kitchen_dining/materials/textures/__auto_52.png\n'}
[0.456520] (two_wheeled_robot) StdoutLine: {'line': b'-- Up-to-date: /home/greyflon/lab_2025/install/two_wheeled_robot/share/two_wheeled_robot/models/kitchen_dining/materials/textures/__auto_19.png\n'}
[0.456587] (two_wheeled_robot) StdoutLine: {'line': b'-- Up-to-date: /home/greyflon/lab_2025/install/two_wheeled_robot/share/two_wheeled_robot/models/kitchen_dining/materials/textures/__auto_7.png\n'}
[0.456751] (two_wheeled_robot) StdoutLine: {'line': b'-- Up-to-date: /home/greyflon/lab_2025/install/two_wheeled_robot/share/two_wheeled_robot/models/kitchen_dining/materials/textures/__auto_21.png\n'}
[0.456814] (two_wheeled_robot) StdoutLine: {'line': b'-- Up-to-date: /home/greyflon/lab_2025/install/two_wheeled_robot/share/two_wheeled_robot/models/kitchen_dining/materials/textures/__auto_45.png\n'}
[0.456875] (two_wheeled_robot) StdoutLine: {'line': b'-- Up-to-date: /home/greyflon/lab_2025/install/two_wheeled_robot/share/two_wheeled_robot/models/kitchen_dining/materials/textures/__auto_64.png\n'}
[0.456946] (two_wheeled_robot) StdoutLine: {'line': b'-- Up-to-date: /home/greyflon/lab_2025/install/two_wheeled_robot/share/two_wheeled_robot/models/kitchen_dining/materials/textures/__auto_16.png\n'}
[0.457007] (two_wheeled_robot) StdoutLine: {'line': b'-- Up-to-date: /home/greyflon/lab_2025/install/two_wheeled_robot/share/two_wheeled_robot/models/kitchen_dining/materials/textures/__auto_17.png\n'}
[0.457066] (two_wheeled_robot) StdoutLine: {'line': b'-- Up-to-date: /home/greyflon/lab_2025/install/two_wheeled_robot/share/two_wheeled_robot/models/kitchen_dining/materials/textures/__auto_53.png\n'}
[0.457125] (two_wheeled_robot) StdoutLine: {'line': b'-- Up-to-date: /home/greyflon/lab_2025/install/two_wheeled_robot/share/two_wheeled_robot/models/kitchen_dining/materials/textures/__auto_38.png\n'}
[0.457185] (two_wheeled_robot) StdoutLine: {'line': b'-- Up-to-date: /home/greyflon/lab_2025/install/two_wheeled_robot/share/two_wheeled_robot/models/kitchen_dining/materials/textures/__auto_56.png\n'}
[0.457308] (two_wheeled_robot) StdoutLine: {'line': b'-- Up-to-date: /home/greyflon/lab_2025/install/two_wheeled_robot/share/two_wheeled_robot/models/kitchen_dining/materials/textures/__auto_20.png\n'}
[0.457371] (two_wheeled_robot) StdoutLine: {'line': b'-- Up-to-date: /home/greyflon/lab_2025/install/two_wheeled_robot/share/two_wheeled_robot/models/kitchen_dining/materials/textures/__auto_44.png\n'}
[0.457432] (two_wheeled_robot) StdoutLine: {'line': b'-- Up-to-date: /home/greyflon/lab_2025/install/two_wheeled_robot/share/two_wheeled_robot/models/kitchen_dining/materials/textures/__auto_9.png\n'}
[0.457492] (two_wheeled_robot) StdoutLine: {'line': b'-- Up-to-date: /home/greyflon/lab_2025/install/two_wheeled_robot/share/two_wheeled_robot/models/kitchen_dining/materials/textures/__auto_47.png\n'}
[0.457553] (two_wheeled_robot) StdoutLine: {'line': b'-- Up-to-date: /home/greyflon/lab_2025/install/two_wheeled_robot/share/two_wheeled_robot/models/kitchen_dining/materials/textures/__auto_39.png\n'}
[0.457672] (two_wheeled_robot) StdoutLine: {'line': b'-- Up-to-date: /home/greyflon/lab_2025/install/two_wheeled_robot/share/two_wheeled_robot/models/kitchen_dining/materials/textures/__auto_29.png\n'}
[0.457755] (two_wheeled_robot) StdoutLine: {'line': b'-- Up-to-date: /home/greyflon/lab_2025/install/two_wheeled_robot/share/two_wheeled_robot/models/kitchen_dining/materials/textures/__auto_25.png\n'}
[0.457816] (two_wheeled_robot) StdoutLine: {'line': b'-- Up-to-date: /home/greyflon/lab_2025/install/two_wheeled_robot/share/two_wheeled_robot/models/kitchen_dining/materials/textures/__auto_61.png\n'}
[0.457877] (two_wheeled_robot) StdoutLine: {'line': b'-- Up-to-date: /home/greyflon/lab_2025/install/two_wheeled_robot/share/two_wheeled_robot/models/kitchen_dining/materials/textures/__auto_69.png\n'}
[0.457937] (two_wheeled_robot) StdoutLine: {'line': b'-- Up-to-date: /home/greyflon/lab_2025/install/two_wheeled_robot/share/two_wheeled_robot/models/kitchen_dining/materials/textures/__auto_1.png\n'}
[0.457998] (two_wheeled_robot) StdoutLine: {'line': b'-- Up-to-date: /home/greyflon/lab_2025/install/two_wheeled_robot/share/two_wheeled_robot/models/kitchen_dining/materials/textures/__auto_43.png\n'}
[0.458059] (two_wheeled_robot) StdoutLine: {'line': b'-- Up-to-date: /home/greyflon/lab_2025/install/two_wheeled_robot/share/two_wheeled_robot/models/kitchen_dining/materials/textures/__auto_49.png\n'}
[0.458119] (two_wheeled_robot) StdoutLine: {'line': b'-- Up-to-date: /home/greyflon/lab_2025/install/two_wheeled_robot/share/two_wheeled_robot/models/kitchen_dining/materials/textures/__auto_51.png\n'}
[0.458180] (two_wheeled_robot) StdoutLine: {'line': b'-- Up-to-date: /home/greyflon/lab_2025/install/two_wheeled_robot/share/two_wheeled_robot/models/kitchen_dining/materials/textures/__auto_42.png\n'}
[0.458242] (two_wheeled_robot) StdoutLine: {'line': b'-- Up-to-date: /home/greyflon/lab_2025/install/two_wheeled_robot/share/two_wheeled_robot/models/kitchen_dining/materials/textures/__auto_50.png\n'}
[0.458322] (two_wheeled_robot) StdoutLine: {'line': b'-- Up-to-date: /home/greyflon/lab_2025/install/two_wheeled_robot/share/two_wheeled_robot/models/kitchen_dining/materials/textures/__auto_18.png\n'}
[0.458440] (two_wheeled_robot) StdoutLine: {'line': b'-- Up-to-date: /home/greyflon/lab_2025/install/two_wheeled_robot/share/two_wheeled_robot/models/kitchen_dining/materials/textures/__auto_60.png\n'}
[0.458504] (two_wheeled_robot) StdoutLine: {'line': b'-- Up-to-date: /home/greyflon/lab_2025/install/two_wheeled_robot/share/two_wheeled_robot/models/kitchen_dining/materials/textures/__auto_30.png\n'}
[0.458565] (two_wheeled_robot) StdoutLine: {'line': b'-- Up-to-date: /home/greyflon/lab_2025/install/two_wheeled_robot/share/two_wheeled_robot/models/kitchen_dining/materials/textures/__auto_41.png\n'}
[0.458682] (two_wheeled_robot) StdoutLine: {'line': b'-- Up-to-date: /home/greyflon/lab_2025/install/two_wheeled_robot/share/two_wheeled_robot/models/kitchen_dining/materials/textures/__auto_66.png\n'}
[0.458747] (two_wheeled_robot) StdoutLine: {'line': b'-- Up-to-date: /home/greyflon/lab_2025/install/two_wheeled_robot/share/two_wheeled_robot/models/kitchen_dining/materials/textures/__auto_13.png\n'}
[0.458807] (two_wheeled_robot) StdoutLine: {'line': b'-- Up-to-date: /home/greyflon/lab_2025/install/two_wheeled_robot/share/two_wheeled_robot/models/kitchen_dining/materials/textures/__auto_14.png\n'}
[0.458868] (two_wheeled_robot) StdoutLine: {'line': b'-- Up-to-date: /home/greyflon/lab_2025/install/two_wheeled_robot/share/two_wheeled_robot/models/kitchen_dining/materials/textures/__auto_59.png\n'}
[0.458929] (two_wheeled_robot) StdoutLine: {'line': b'-- Up-to-date: /home/greyflon/lab_2025/install/two_wheeled_robot/share/two_wheeled_robot/models/kitchen_dining/materials/textures/__auto_2.png\n'}
[0.458989] (two_wheeled_robot) StdoutLine: {'line': b'-- Up-to-date: /home/greyflon/lab_2025/install/two_wheeled_robot/share/two_wheeled_robot/models/kitchen_dining/materials/textures/__auto_8.png\n'}
[0.459049] (two_wheeled_robot) StdoutLine: {'line': b'-- Up-to-date: /home/greyflon/lab_2025/install/two_wheeled_robot/share/two_wheeled_robot/models/kitchen_dining/materials/textures/__auto_24.png\n'}
[0.459110] (two_wheeled_robot) StdoutLine: {'line': b'-- Up-to-date: /home/greyflon/lab_2025/install/two_wheeled_robot/share/two_wheeled_robot/models/kitchen_dining/materials/textures/__auto_22.png\n'}
[0.459170] (two_wheeled_robot) StdoutLine: {'line': b'-- Up-to-date: /home/greyflon/lab_2025/install/two_wheeled_robot/share/two_wheeled_robot/models/kitchen_dining/model.sdf\n'}
[0.459231] (two_wheeled_robot) StdoutLine: {'line': b'-- Up-to-date: /home/greyflon/lab_2025/install/two_wheeled_robot/share/two_wheeled_robot/models/kitchen_dining/model-1_3.sdf\n'}
[0.459349] (two_wheeled_robot) StdoutLine: {'line': b'-- Up-to-date: /home/greyflon/lab_2025/install/two_wheeled_robot/share/two_wheeled_robot/models/aws_robomaker_warehouse_ClutteringC_01\n'}
[0.459412] (two_wheeled_robot) StdoutLine: {'line': b'-- Up-to-date: /home/greyflon/lab_2025/install/two_wheeled_robot/share/two_wheeled_robot/models/aws_robomaker_warehouse_ClutteringC_01/model.config\n'}
[0.459474] (two_wheeled_robot) StdoutLine: {'line': b'-- Up-to-date: /home/greyflon/lab_2025/install/two_wheeled_robot/share/two_wheeled_robot/models/aws_robomaker_warehouse_ClutteringC_01/meshes\n'}
[0.459535] (two_wheeled_robot) StdoutLine: {'line': b'-- Up-to-date: /home/greyflon/lab_2025/install/two_wheeled_robot/share/two_wheeled_robot/models/aws_robomaker_warehouse_ClutteringC_01/meshes/aws_robomaker_warehouse_ClutteringC_01_collision.DAE\n'}
[0.459617] (two_wheeled_robot) StdoutLine: {'line': b'-- Up-to-date: /home/greyflon/lab_2025/install/two_wheeled_robot/share/two_wheeled_robot/models/aws_robomaker_warehouse_ClutteringC_01/meshes/aws_robomaker_warehouse_ClutteringC_01_visual.DAE\n'}
[0.459731] (two_wheeled_robot) StdoutLine: {'line': b'-- Up-to-date: /home/greyflon/lab_2025/install/two_wheeled_robot/share/two_wheeled_robot/models/aws_robomaker_warehouse_ClutteringC_01/materials\n'}
[0.459814] (two_wheeled_robot) StdoutLine: {'line': b'-- Up-to-date: /home/greyflon/lab_2025/install/two_wheeled_robot/share/two_wheeled_robot/models/aws_robomaker_warehouse_ClutteringC_01/materials/textures\n'}
[0.459876] (two_wheeled_robot) StdoutLine: {'line': b'-- Up-to-date: /home/greyflon/lab_2025/install/two_wheeled_robot/share/two_wheeled_robot/models/aws_robomaker_warehouse_ClutteringC_01/materials/textures/aws_robomaker_warehouse_ClutteringC_01.png\n'}
[0.459937] (two_wheeled_robot) StdoutLine: {'line': b'-- Up-to-date: /home/greyflon/lab_2025/install/two_wheeled_robot/share/two_wheeled_robot/models/aws_robomaker_warehouse_ClutteringC_01/materials/textures/aws_robomaker_warehouse_ClutteringC_02.png\n'}
[0.459998] (two_wheeled_robot) StdoutLine: {'line': b'-- Up-to-date: /home/greyflon/lab_2025/install/two_wheeled_robot/share/two_wheeled_robot/models/aws_robomaker_warehouse_ClutteringC_01/model.sdf\n'}
[0.460059] (two_wheeled_robot) StdoutLine: {'line': b'-- Up-to-date: /home/greyflon/lab_2025/install/two_wheeled_robot/share/two_wheeled_robot/models/AnesthesiaMachine\n'}
[0.460132] (two_wheeled_robot) StdoutLine: {'line': b'-- Up-to-date: /home/greyflon/lab_2025/install/two_wheeled_robot/share/two_wheeled_robot/models/AnesthesiaMachine/model.config\n'}
[0.460193] (two_wheeled_robot) StdoutLine: {'line': b'-- Up-to-date: /home/greyflon/lab_2025/install/two_wheeled_robot/share/two_wheeled_robot/models/AnesthesiaMachine/meshes\n'}
[0.460270] (two_wheeled_robot) StdoutLine: {'line': b'-- Up-to-date: /home/greyflon/lab_2025/install/two_wheeled_robot/share/two_wheeled_robot/models/AnesthesiaMachine/meshes/AnesthesiaMachine.png\n'}
[0.460334] (two_wheeled_robot) StdoutLine: {'line': b'-- Up-to-date: /home/greyflon/lab_2025/install/two_wheeled_robot/share/two_wheeled_robot/models/AnesthesiaMachine/meshes/AnesthesiaMachine_Col.mtl\n'}
[0.460395] (two_wheeled_robot) StdoutLine: {'line': b'-- Up-to-date: /home/greyflon/lab_2025/install/two_wheeled_robot/share/two_wheeled_robot/models/AnesthesiaMachine/meshes/AnesthesiaMachine.obj\n'}
[0.460456] (two_wheeled_robot) StdoutLine: {'line': b'-- Up-to-date: /home/greyflon/lab_2025/install/two_wheeled_robot/share/two_wheeled_robot/models/AnesthesiaMachine/meshes/AnesthesiaMachine.mtl\n'}
[0.460516] (two_wheeled_robot) StdoutLine: {'line': b'-- Up-to-date: /home/greyflon/lab_2025/install/two_wheeled_robot/share/two_wheeled_robot/models/AnesthesiaMachine/meshes/AnesthesiaMachine_Col.obj\n'}
[0.460576] (two_wheeled_robot) StdoutLine: {'line': b'-- Up-to-date: /home/greyflon/lab_2025/install/two_wheeled_robot/share/two_wheeled_robot/models/AnesthesiaMachine/thumbnails\n'}
[0.460747] (two_wheeled_robot) StdoutLine: {'line': b'-- Up-to-date: /home/greyflon/lab_2025/install/two_wheeled_robot/share/two_wheeled_robot/models/AnesthesiaMachine/thumbnails/5.png\n'}
[0.460813] (two_wheeled_robot) StdoutLine: {'line': b'-- Up-to-date: /home/greyflon/lab_2025/install/two_wheeled_robot/share/two_wheeled_robot/models/AnesthesiaMachine/thumbnails/1.png\n'}
[0.460874] (two_wheeled_robot) StdoutLine: {'line': b'-- Up-to-date: /home/greyflon/lab_2025/install/two_wheeled_robot/share/two_wheeled_robot/models/AnesthesiaMachine/thumbnails/2.png\n'}
[0.460934] (two_wheeled_robot) StdoutLine: {'line': b'-- Up-to-date: /home/greyflon/lab_2025/install/two_wheeled_robot/share/two_wheeled_robot/models/AnesthesiaMachine/thumbnails/4.png\n'}
[0.460995] (two_wheeled_robot) StdoutLine: {'line': b'-- Up-to-date: /home/greyflon/lab_2025/install/two_wheeled_robot/share/two_wheeled_robot/models/AnesthesiaMachine/thumbnails/3.png\n'}
[0.461056] (two_wheeled_robot) StdoutLine: {'line': b'-- Up-to-date: /home/greyflon/lab_2025/install/two_wheeled_robot/share/two_wheeled_robot/models/AnesthesiaMachine/model.sdf\n'}
[0.461116] (two_wheeled_robot) StdoutLine: {'line': b'-- Up-to-date: /home/greyflon/lab_2025/install/two_wheeled_robot/share/two_wheeled_robot/models/box_target_red\n'}
[0.461176] (two_wheeled_robot) StdoutLine: {'line': b'-- Up-to-date: /home/greyflon/lab_2025/install/two_wheeled_robot/share/two_wheeled_robot/models/box_target_red/model.config\n'}
[0.461256] (two_wheeled_robot) StdoutLine: {'line': b'-- Up-to-date: /home/greyflon/lab_2025/install/two_wheeled_robot/share/two_wheeled_robot/models/box_target_red/meshes\n'}
[0.461317] (two_wheeled_robot) StdoutLine: {'line': b'-- Up-to-date: /home/greyflon/lab_2025/install/two_wheeled_robot/share/two_wheeled_robot/models/box_target_red/meshes/mesh.dae\n'}
[0.461441] (two_wheeled_robot) StdoutLine: {'line': b'-- Up-to-date: /home/greyflon/lab_2025/install/two_wheeled_robot/share/two_wheeled_robot/models/box_target_red/materials\n'}
[0.461503] (two_wheeled_robot) StdoutLine: {'line': b'-- Up-to-date: /home/greyflon/lab_2025/install/two_wheeled_robot/share/two_wheeled_robot/models/box_target_red/materials/textures\n'}
[0.461564] (two_wheeled_robot) StdoutLine: {'line': b'-- Up-to-date: /home/greyflon/lab_2025/install/two_wheeled_robot/share/two_wheeled_robot/models/box_target_red/materials/textures/end_pad.png\n'}
[0.461714] (two_wheeled_robot) StdoutLine: {'line': b'-- Up-to-date: /home/greyflon/lab_2025/install/two_wheeled_robot/share/two_wheeled_robot/models/box_target_red/model.sdf\n'}
[0.461779] (two_wheeled_robot) StdoutLine: {'line': b'-- Up-to-date: /home/greyflon/lab_2025/install/two_wheeled_robot/share/two_wheeled_robot/models/big_box2\n'}
[0.461840] (two_wheeled_robot) StdoutLine: {'line': b'-- Up-to-date: /home/greyflon/lab_2025/install/two_wheeled_robot/share/two_wheeled_robot/models/big_box2/model.config\n'}
[0.461901] (two_wheeled_robot) StdoutLine: {'line': b'-- Up-to-date: /home/greyflon/lab_2025/install/two_wheeled_robot/share/two_wheeled_robot/models/big_box2/meshes\n'}
[0.461961] (two_wheeled_robot) StdoutLine: {'line': b'-- Up-to-date: /home/greyflon/lab_2025/install/two_wheeled_robot/share/two_wheeled_robot/models/big_box2/meshes/big_box.dae\n'}
[0.462022] (two_wheeled_robot) StdoutLine: {'line': b'-- Up-to-date: /home/greyflon/lab_2025/install/two_wheeled_robot/share/two_wheeled_robot/models/big_box2/materials\n'}
[0.462082] (two_wheeled_robot) StdoutLine: {'line': b'-- Up-to-date: /home/greyflon/lab_2025/install/two_wheeled_robot/share/two_wheeled_robot/models/big_box2/materials/textures\n'}
[0.462143] (two_wheeled_robot) StdoutLine: {'line': b'-- Up-to-date: /home/greyflon/lab_2025/install/two_wheeled_robot/share/two_wheeled_robot/models/big_box2/materials/textures/barcode.png\n'}
[0.462204] (two_wheeled_robot) StdoutLine: {'line': b'-- Up-to-date: /home/greyflon/lab_2025/install/two_wheeled_robot/share/two_wheeled_robot/models/big_box2/materials/textures/Kraft_Tile.jpg\n'}
[0.462265] (two_wheeled_robot) StdoutLine: {'line': b'-- Up-to-date: /home/greyflon/lab_2025/install/two_wheeled_robot/share/two_wheeled_robot/models/big_box2/materials/textures/side2.png\n'}
[0.462325] (two_wheeled_robot) StdoutLine: {'line': b'-- Up-to-date: /home/greyflon/lab_2025/install/two_wheeled_robot/share/two_wheeled_robot/models/big_box2/materials/textures/side1.pdn\n'}
[0.462403] (two_wheeled_robot) StdoutLine: {'line': b'-- Up-to-date: /home/greyflon/lab_2025/install/two_wheeled_robot/share/two_wheeled_robot/models/big_box2/materials/textures/front.png\n'}
[0.462466] (two_wheeled_robot) StdoutLine: {'line': b'-- Up-to-date: /home/greyflon/lab_2025/install/two_wheeled_robot/share/two_wheeled_robot/models/big_box2/materials/textures/front.pdn\n'}
[0.462527] (two_wheeled_robot) StdoutLine: {'line': b'-- Up-to-date: /home/greyflon/lab_2025/install/two_wheeled_robot/share/two_wheeled_robot/models/big_box2/materials/textures/side2.pdn\n'}
[0.462594] (two_wheeled_robot) StdoutLine: {'line': b'-- Up-to-date: /home/greyflon/lab_2025/install/two_wheeled_robot/share/two_wheeled_robot/models/big_box2/materials/textures/side1.png\n'}
[0.462743] (two_wheeled_robot) StdoutLine: {'line': b'-- Up-to-date: /home/greyflon/lab_2025/install/two_wheeled_robot/share/two_wheeled_robot/models/big_box2/model.sdf\n'}
[0.462805] (two_wheeled_robot) StdoutLine: {'line': b'-- Up-to-date: /home/greyflon/lab_2025/install/two_wheeled_robot/share/two_wheeled_robot/models/aws_robomaker_residential_Tableware_01\n'}
[0.462896] (two_wheeled_robot) StdoutLine: {'line': b'-- Up-to-date: /home/greyflon/lab_2025/install/two_wheeled_robot/share/two_wheeled_robot/models/aws_robomaker_residential_Tableware_01/model.config\n'}
[0.462958] (two_wheeled_robot) StdoutLine: {'line': b'-- Up-to-date: /home/greyflon/lab_2025/install/two_wheeled_robot/share/two_wheeled_robot/models/aws_robomaker_residential_Tableware_01/meshes\n'}
[0.463019] (two_wheeled_robot) StdoutLine: {'line': b'-- Up-to-date: /home/greyflon/lab_2025/install/two_wheeled_robot/share/two_wheeled_robot/models/aws_robomaker_residential_Tableware_01/meshes/aws_Tableware_01_visual.DAE\n'}
[0.463079] (two_wheeled_robot) StdoutLine: {'line': b'-- Up-to-date: /home/greyflon/lab_2025/install/two_wheeled_robot/share/two_wheeled_robot/models/aws_robomaker_residential_Tableware_01/meshes/aws_Tableware_01_collision.DAE\n'}
[0.463140] (two_wheeled_robot) StdoutLine: {'line': b'-- Up-to-date: /home/greyflon/lab_2025/install/two_wheeled_robot/share/two_wheeled_robot/models/aws_robomaker_residential_Tableware_01/materials\n'}
[0.463201] (two_wheeled_robot) StdoutLine: {'line': b'-- Up-to-date: /home/greyflon/lab_2025/install/two_wheeled_robot/share/two_wheeled_robot/models/aws_robomaker_residential_Tableware_01/materials/textures\n'}
[0.463261] (two_wheeled_robot) StdoutLine: {'line': b'-- Up-to-date: /home/greyflon/lab_2025/install/two_wheeled_robot/share/two_wheeled_robot/models/aws_robomaker_residential_Tableware_01/materials/textures/aws_Tableware_01.png\n'}
[0.463323] (two_wheeled_robot) StdoutLine: {'line': b'-- Up-to-date: /home/greyflon/lab_2025/install/two_wheeled_robot/share/two_wheeled_robot/models/aws_robomaker_residential_Tableware_01/model.sdf\n'}
[0.463383] (two_wheeled_robot) StdoutLine: {'line': b'-- Up-to-date: /home/greyflon/lab_2025/install/two_wheeled_robot/share/two_wheeled_robot/models/aws_robomaker_residential_DeskPortraitD_01\n'}
[0.463444] (two_wheeled_robot) StdoutLine: {'line': b'-- Up-to-date: /home/greyflon/lab_2025/install/two_wheeled_robot/share/two_wheeled_robot/models/aws_robomaker_residential_DeskPortraitD_01/model.config\n'}
[0.463580] (two_wheeled_robot) StdoutLine: {'line': b'-- Up-to-date: /home/greyflon/lab_2025/install/two_wheeled_robot/share/two_wheeled_robot/models/aws_robomaker_residential_DeskPortraitD_01/meshes\n'}
[0.463661] (two_wheeled_robot) StdoutLine: {'line': b'-- Up-to-date: /home/greyflon/lab_2025/install/two_wheeled_robot/share/two_wheeled_robot/models/aws_robomaker_residential_DeskPortraitD_01/meshes/aws_DeskPortraitD_01_visual.DAE\n'}
[0.463724] (two_wheeled_robot) StdoutLine: {'line': b'-- Up-to-date: /home/greyflon/lab_2025/install/two_wheeled_robot/share/two_wheeled_robot/models/aws_robomaker_residential_DeskPortraitD_01/meshes/aws_DeskPortraitD_01_collision.DAE\n'}
[0.463786] (two_wheeled_robot) StdoutLine: {'line': b'-- Up-to-date: /home/greyflon/lab_2025/install/two_wheeled_robot/share/two_wheeled_robot/models/aws_robomaker_residential_DeskPortraitD_01/materials\n'}
[0.463847] (two_wheeled_robot) StdoutLine: {'line': b'-- Up-to-date: /home/greyflon/lab_2025/install/two_wheeled_robot/share/two_wheeled_robot/models/aws_robomaker_residential_DeskPortraitD_01/materials/textures\n'}
[0.463908] (two_wheeled_robot) StdoutLine: {'line': b'-- Up-to-date: /home/greyflon/lab_2025/install/two_wheeled_robot/share/two_wheeled_robot/models/aws_robomaker_residential_DeskPortraitD_01/materials/textures/aws_DeskPortraitD_02.png\n'}
[0.463969] (two_wheeled_robot) StdoutLine: {'line': b'-- Up-to-date: /home/greyflon/lab_2025/install/two_wheeled_robot/share/two_wheeled_robot/models/aws_robomaker_residential_DeskPortraitD_01/materials/textures/aws_DeskPortraitD_01.png\n'}
[0.464030] (two_wheeled_robot) StdoutLine: {'line': b'-- Up-to-date: /home/greyflon/lab_2025/install/two_wheeled_robot/share/two_wheeled_robot/models/aws_robomaker_residential_DeskPortraitD_01/materials/textures/DeskPortraitD_01.jpg\n'}
[0.464091] (two_wheeled_robot) StdoutLine: {'line': b'-- Up-to-date: /home/greyflon/lab_2025/install/two_wheeled_robot/share/two_wheeled_robot/models/aws_robomaker_residential_DeskPortraitD_01/model.sdf\n'}
[0.464224] (two_wheeled_robot) StdoutLine: {'line': b'-- Up-to-date: /home/greyflon/lab_2025/install/two_wheeled_robot/share/two_wheeled_robot/models/BedTable\n'}
[0.464288] (two_wheeled_robot) StdoutLine: {'line': b'-- Up-to-date: /home/greyflon/lab_2025/install/two_wheeled_robot/share/two_wheeled_robot/models/BedTable/model.config\n'}
[0.464349] (two_wheeled_robot) StdoutLine: {'line': b'-- Up-to-date: /home/greyflon/lab_2025/install/two_wheeled_robot/share/two_wheeled_robot/models/BedTable/meshes\n'}
[0.464410] (two_wheeled_robot) StdoutLine: {'line': b'-- Up-to-date: /home/greyflon/lab_2025/install/two_wheeled_robot/share/two_wheeled_robot/models/BedTable/meshes/BedTable.obj\n'}
[0.464470] (two_wheeled_robot) StdoutLine: {'line': b'-- Up-to-date: /home/greyflon/lab_2025/install/two_wheeled_robot/share/two_wheeled_robot/models/BedTable/meshes/BedTable.mtl\n'}
[0.464532] (two_wheeled_robot) StdoutLine: {'line': b'-- Up-to-date: /home/greyflon/lab_2025/install/two_wheeled_robot/share/two_wheeled_robot/models/BedTable/meshes/BedTable_Diffuse.png\n'}
[0.464600] (two_wheeled_robot) StdoutLine: {'line': b'-- Up-to-date: /home/greyflon/lab_2025/install/two_wheeled_robot/share/two_wheeled_robot/models/BedTable/meshes/BedTable_SpecGloss.png\n'}
[0.464724] (two_wheeled_robot) StdoutLine: {'line': b'-- Up-to-date: /home/greyflon/lab_2025/install/two_wheeled_robot/share/two_wheeled_robot/models/BedTable/meshes/BedTable_Col.obj\n'}
[0.464787] (two_wheeled_robot) StdoutLine: {'line': b'-- Up-to-date: /home/greyflon/lab_2025/install/two_wheeled_robot/share/two_wheeled_robot/models/BedTable/meshes/BedTable.png\n'}
[0.464849] (two_wheeled_robot) StdoutLine: {'line': b'-- Up-to-date: /home/greyflon/lab_2025/install/two_wheeled_robot/share/two_wheeled_robot/models/BedTable/meshes/BedTable_Col.mtl\n'}
[0.464910] (two_wheeled_robot) StdoutLine: {'line': b'-- Up-to-date: /home/greyflon/lab_2025/install/two_wheeled_robot/share/two_wheeled_robot/models/BedTable/meshes/BedTable_Normal.png\n'}
[0.464970] (two_wheeled_robot) StdoutLine: {'line': b'-- Up-to-date: /home/greyflon/lab_2025/install/two_wheeled_robot/share/two_wheeled_robot/models/BedTable/thumbnails\n'}
[0.465031] (two_wheeled_robot) StdoutLine: {'line': b'-- Up-to-date: /home/greyflon/lab_2025/install/two_wheeled_robot/share/two_wheeled_robot/models/BedTable/thumbnails/5.png\n'}
[0.465091] (two_wheeled_robot) StdoutLine: {'line': b'-- Up-to-date: /home/greyflon/lab_2025/install/two_wheeled_robot/share/two_wheeled_robot/models/BedTable/thumbnails/1.png\n'}
[0.465151] (two_wheeled_robot) StdoutLine: {'line': b'-- Up-to-date: /home/greyflon/lab_2025/install/two_wheeled_robot/share/two_wheeled_robot/models/BedTable/thumbnails/2.png\n'}
[0.465212] (two_wheeled_robot) StdoutLine: {'line': b'-- Up-to-date: /home/greyflon/lab_2025/install/two_wheeled_robot/share/two_wheeled_robot/models/BedTable/thumbnails/4.png\n'}
[0.465273] (two_wheeled_robot) StdoutLine: {'line': b'-- Up-to-date: /home/greyflon/lab_2025/install/two_wheeled_robot/share/two_wheeled_robot/models/BedTable/thumbnails/3.png\n'}
[0.465333] (two_wheeled_robot) StdoutLine: {'line': b'-- Up-to-date: /home/greyflon/lab_2025/install/two_wheeled_robot/share/two_wheeled_robot/models/BedTable/model.sdf\n'}
[0.465394] (two_wheeled_robot) StdoutLine: {'line': b'-- Up-to-date: /home/greyflon/lab_2025/install/two_wheeled_robot/share/two_wheeled_robot/models/big_box3\n'}
[0.465454] (two_wheeled_robot) StdoutLine: {'line': b'-- Up-to-date: /home/greyflon/lab_2025/install/two_wheeled_robot/share/two_wheeled_robot/models/big_box3/model.config\n'}
[0.465514] (two_wheeled_robot) StdoutLine: {'line': b'-- Up-to-date: /home/greyflon/lab_2025/install/two_wheeled_robot/share/two_wheeled_robot/models/big_box3/meshes\n'}
[0.465689] (two_wheeled_robot) StdoutLine: {'line': b'-- Up-to-date: /home/greyflon/lab_2025/install/two_wheeled_robot/share/two_wheeled_robot/models/big_box3/meshes/big_box.dae\n'}
[0.465790] (two_wheeled_robot) StdoutLine: {'line': b'-- Up-to-date: /home/greyflon/lab_2025/install/two_wheeled_robot/share/two_wheeled_robot/models/big_box3/materials\n'}
[0.465878] (two_wheeled_robot) StdoutLine: {'line': b'-- Up-to-date: /home/greyflon/lab_2025/install/two_wheeled_robot/share/two_wheeled_robot/models/big_box3/materials/textures\n'}
[0.465940] (two_wheeled_robot) StdoutLine: {'line': b'-- Up-to-date: /home/greyflon/lab_2025/install/two_wheeled_robot/share/two_wheeled_robot/models/big_box3/materials/textures/barcode.png\n'}
[0.466001] (two_wheeled_robot) StdoutLine: {'line': b'-- Up-to-date: /home/greyflon/lab_2025/install/two_wheeled_robot/share/two_wheeled_robot/models/big_box3/materials/textures/Kraft_Tile.jpg\n'}
[0.466061] (two_wheeled_robot) StdoutLine: {'line': b'-- Up-to-date: /home/greyflon/lab_2025/install/two_wheeled_robot/share/two_wheeled_robot/models/big_box3/materials/textures/side2.png\n'}
[0.466134] (two_wheeled_robot) StdoutLine: {'line': b'-- Up-to-date: /home/greyflon/lab_2025/install/two_wheeled_robot/share/two_wheeled_robot/models/big_box3/materials/textures/side1.pdn\n'}
[0.466195] (two_wheeled_robot) StdoutLine: {'line': b'-- Up-to-date: /home/greyflon/lab_2025/install/two_wheeled_robot/share/two_wheeled_robot/models/big_box3/materials/textures/front.png\n'}
[0.466255] (two_wheeled_robot) StdoutLine: {'line': b'-- Up-to-date: /home/greyflon/lab_2025/install/two_wheeled_robot/share/two_wheeled_robot/models/big_box3/materials/textures/front.pdn\n'}
[0.466315] (two_wheeled_robot) StdoutLine: {'line': b'-- Up-to-date: /home/greyflon/lab_2025/install/two_wheeled_robot/share/two_wheeled_robot/models/big_box3/materials/textures/side2.pdn\n'}
[0.466392] (two_wheeled_robot) StdoutLine: {'line': b'-- Up-to-date: /home/greyflon/lab_2025/install/two_wheeled_robot/share/two_wheeled_robot/models/big_box3/materials/textures/side1.png\n'}
[0.466455] (two_wheeled_robot) StdoutLine: {'line': b'-- Up-to-date: /home/greyflon/lab_2025/install/two_wheeled_robot/share/two_wheeled_robot/models/big_box3/model.sdf\n'}
[0.466516] (two_wheeled_robot) StdoutLine: {'line': b'-- Up-to-date: /home/greyflon/lab_2025/install/two_wheeled_robot/share/two_wheeled_robot/models/aws_robomaker_residential_FoldingDoor_02\n'}
[0.466576] (two_wheeled_robot) StdoutLine: {'line': b'-- Up-to-date: /home/greyflon/lab_2025/install/two_wheeled_robot/share/two_wheeled_robot/models/aws_robomaker_residential_FoldingDoor_02/model.config\n'}
[0.466727] (two_wheeled_robot) StdoutLine: {'line': b'-- Up-to-date: /home/greyflon/lab_2025/install/two_wheeled_robot/share/two_wheeled_robot/models/aws_robomaker_residential_FoldingDoor_02/meshes\n'}
[0.466793] (two_wheeled_robot) StdoutLine: {'line': b'-- Up-to-date: /home/greyflon/lab_2025/install/two_wheeled_robot/share/two_wheeled_robot/models/aws_robomaker_residential_FoldingDoor_02/meshes/aws_FoldingDoor_02_collision.DAE\n'}
[0.466854] (two_wheeled_robot) StdoutLine: {'line': b'-- Up-to-date: /home/greyflon/lab_2025/install/two_wheeled_robot/share/two_wheeled_robot/models/aws_robomaker_residential_FoldingDoor_02/meshes/aws_FoldingDoor_02_visual.DAE\n'}
[0.466915] (two_wheeled_robot) StdoutLine: {'line': b'-- Up-to-date: /home/greyflon/lab_2025/install/two_wheeled_robot/share/two_wheeled_robot/models/aws_robomaker_residential_FoldingDoor_02/materials\n'}
[0.466975] (two_wheeled_robot) StdoutLine: {'line': b'-- Up-to-date: /home/greyflon/lab_2025/install/two_wheeled_robot/share/two_wheeled_robot/models/aws_robomaker_residential_FoldingDoor_02/materials/textures\n'}
[0.467035] (two_wheeled_robot) StdoutLine: {'line': b'-- Up-to-date: /home/greyflon/lab_2025/install/two_wheeled_robot/share/two_wheeled_robot/models/aws_robomaker_residential_FoldingDoor_02/materials/textures/aws_FoldingDoor_02.png\n'}
[0.467095] (two_wheeled_robot) StdoutLine: {'line': b'-- Up-to-date: /home/greyflon/lab_2025/install/two_wheeled_robot/share/two_wheeled_robot/models/aws_robomaker_residential_FoldingDoor_02/model.sdf\n'}
[0.467155] (two_wheeled_robot) StdoutLine: {'line': b'-- Up-to-date: /home/greyflon/lab_2025/install/two_wheeled_robot/share/two_wheeled_robot/models/playground\n'}
[0.467237] (two_wheeled_robot) StdoutLine: {'line': b'-- Up-to-date: /home/greyflon/lab_2025/install/two_wheeled_robot/share/two_wheeled_robot/models/playground/model.config\n'}
[0.467298] (two_wheeled_robot) StdoutLine: {'line': b'-- Up-to-date: /home/greyflon/lab_2025/install/two_wheeled_robot/share/two_wheeled_robot/models/playground/meshes\n'}
[0.467358] (two_wheeled_robot) StdoutLine: {'line': b'-- Up-to-date: /home/greyflon/lab_2025/install/two_wheeled_robot/share/two_wheeled_robot/models/playground/meshes/playground.dae\n'}
[0.467419] (two_wheeled_robot) StdoutLine: {'line': b'-- Up-to-date: /home/greyflon/lab_2025/install/two_wheeled_robot/share/two_wheeled_robot/models/playground/materials\n'}
[0.467479] (two_wheeled_robot) StdoutLine: {'line': b'-- Up-to-date: /home/greyflon/lab_2025/install/two_wheeled_robot/share/two_wheeled_robot/models/playground/materials/textures\n'}
[0.467539] (two_wheeled_robot) StdoutLine: {'line': b'-- Up-to-date: /home/greyflon/lab_2025/install/two_wheeled_robot/share/two_wheeled_robot/models/playground/materials/textures/playground_spec.jpg\n'}
[0.467644] (two_wheeled_robot) StdoutLine: {'line': b'-- Up-to-date: /home/greyflon/lab_2025/install/two_wheeled_robot/share/two_wheeled_robot/models/playground/materials/textures/playground_diffuse.jpg\n'}
[0.467713] (two_wheeled_robot) StdoutLine: {'line': b'-- Up-to-date: /home/greyflon/lab_2025/install/two_wheeled_robot/share/two_wheeled_robot/models/playground/model.sdf\n'}
[0.467841] (two_wheeled_robot) StdoutLine: {'line': b'-- Up-to-date: /home/greyflon/lab_2025/install/two_wheeled_robot/share/two_wheeled_robot/models/aws_robomaker_warehouse_ClutteringD_01\n'}
[0.467904] (two_wheeled_robot) StdoutLine: {'line': b'-- Up-to-date: /home/greyflon/lab_2025/install/two_wheeled_robot/share/two_wheeled_robot/models/aws_robomaker_warehouse_ClutteringD_01/model.config\n'}
[0.467966] (two_wheeled_robot) StdoutLine: {'line': b'-- Up-to-date: /home/greyflon/lab_2025/install/two_wheeled_robot/share/two_wheeled_robot/models/aws_robomaker_warehouse_ClutteringD_01/meshes\n'}
[0.468026] (two_wheeled_robot) StdoutLine: {'line': b'-- Up-to-date: /home/greyflon/lab_2025/install/two_wheeled_robot/share/two_wheeled_robot/models/aws_robomaker_warehouse_ClutteringD_01/meshes/aws_robomaker_warehouse_ClutteringD_01_visual.DAE\n'}
[0.468087] (two_wheeled_robot) StdoutLine: {'line': b'-- Up-to-date: /home/greyflon/lab_2025/install/two_wheeled_robot/share/two_wheeled_robot/models/aws_robomaker_warehouse_ClutteringD_01/meshes/aws_robomaker_warehouse_ClutteringD_01_collision.DAE\n'}
[0.468148] (two_wheeled_robot) StdoutLine: {'line': b'-- Up-to-date: /home/greyflon/lab_2025/install/two_wheeled_robot/share/two_wheeled_robot/models/aws_robomaker_warehouse_ClutteringD_01/materials\n'}
[0.468207] (two_wheeled_robot) StdoutLine: {'line': b'-- Up-to-date: /home/greyflon/lab_2025/install/two_wheeled_robot/share/two_wheeled_robot/models/aws_robomaker_warehouse_ClutteringD_01/materials/textures\n'}
[0.468285] (two_wheeled_robot) StdoutLine: {'line': b'-- Up-to-date: /home/greyflon/lab_2025/install/two_wheeled_robot/share/two_wheeled_robot/models/aws_robomaker_warehouse_ClutteringD_01/materials/textures/aws_robomaker_warehouse_ClutteringD_02.png\n'}
[0.468349] (two_wheeled_robot) StdoutLine: {'line': b'-- Up-to-date: /home/greyflon/lab_2025/install/two_wheeled_robot/share/two_wheeled_robot/models/aws_robomaker_warehouse_ClutteringD_01/materials/textures/aws_robomaker_warehouse_ClutteringD_01.png\n'}
[0.468411] (two_wheeled_robot) StdoutLine: {'line': b'-- Up-to-date: /home/greyflon/lab_2025/install/two_wheeled_robot/share/two_wheeled_robot/models/aws_robomaker_warehouse_ClutteringD_01/model.sdf\n'}
[0.468471] (two_wheeled_robot) StdoutLine: {'line': b'-- Up-to-date: /home/greyflon/lab_2025/install/two_wheeled_robot/share/two_wheeled_robot/models/MetalCabinet\n'}
[0.468531] (two_wheeled_robot) StdoutLine: {'line': b'-- Up-to-date: /home/greyflon/lab_2025/install/two_wheeled_robot/share/two_wheeled_robot/models/MetalCabinet/model.config\n'}
[0.468688] (two_wheeled_robot) StdoutLine: {'line': b'-- Up-to-date: /home/greyflon/lab_2025/install/two_wheeled_robot/share/two_wheeled_robot/models/MetalCabinet/meshes\n'}
[0.468754] (two_wheeled_robot) StdoutLine: {'line': b'-- Up-to-date: /home/greyflon/lab_2025/install/two_wheeled_robot/share/two_wheeled_robot/models/MetalCabinet/meshes/MetalCabinet.png\n'}
[0.468815] (two_wheeled_robot) StdoutLine: {'line': b'-- Up-to-date: /home/greyflon/lab_2025/install/two_wheeled_robot/share/two_wheeled_robot/models/MetalCabinet/meshes/MetalCabinet.mtl\n'}
[0.468876] (two_wheeled_robot) StdoutLine: {'line': b'-- Up-to-date: /home/greyflon/lab_2025/install/two_wheeled_robot/share/two_wheeled_robot/models/MetalCabinet/meshes/MetalCabinet.obj\n'}
[0.468936] (two_wheeled_robot) StdoutLine: {'line': b'-- Up-to-date: /home/greyflon/lab_2025/install/two_wheeled_robot/share/two_wheeled_robot/models/MetalCabinet/thumbnails\n'}
[0.468996] (two_wheeled_robot) StdoutLine: {'line': b'-- Up-to-date: /home/greyflon/lab_2025/install/two_wheeled_robot/share/two_wheeled_robot/models/MetalCabinet/thumbnails/5.png\n'}
[0.469056] (two_wheeled_robot) StdoutLine: {'line': b'-- Up-to-date: /home/greyflon/lab_2025/install/two_wheeled_robot/share/two_wheeled_robot/models/MetalCabinet/thumbnails/1.png\n'}
[0.469116] (two_wheeled_robot) StdoutLine: {'line': b'-- Up-to-date: /home/greyflon/lab_2025/install/two_wheeled_robot/share/two_wheeled_robot/models/MetalCabinet/thumbnails/2.png\n'}
[0.469177] (two_wheeled_robot) StdoutLine: {'line': b'-- Up-to-date: /home/greyflon/lab_2025/install/two_wheeled_robot/share/two_wheeled_robot/models/MetalCabinet/thumbnails/4.png\n'}
[0.469237] (two_wheeled_robot) StdoutLine: {'line': b'-- Up-to-date: /home/greyflon/lab_2025/install/two_wheeled_robot/share/two_wheeled_robot/models/MetalCabinet/thumbnails/3.png\n'}
[0.469298] (two_wheeled_robot) StdoutLine: {'line': b'-- Up-to-date: /home/greyflon/lab_2025/install/two_wheeled_robot/share/two_wheeled_robot/models/MetalCabinet/model.sdf\n'}
[0.469359] (two_wheeled_robot) StdoutLine: {'line': b'-- Up-to-date: /home/greyflon/lab_2025/install/two_wheeled_robot/share/two_wheeled_robot/models/CGMClassic\n'}
[0.469419] (two_wheeled_robot) StdoutLine: {'line': b'-- Up-to-date: /home/greyflon/lab_2025/install/two_wheeled_robot/share/two_wheeled_robot/models/CGMClassic/model.config\n'}
[0.469479] (two_wheeled_robot) StdoutLine: {'line': b'-- Up-to-date: /home/greyflon/lab_2025/install/two_wheeled_robot/share/two_wheeled_robot/models/CGMClassic/meshes\n'}
[0.469539] (two_wheeled_robot) StdoutLine: {'line': b'-- Up-to-date: /home/greyflon/lab_2025/install/two_wheeled_robot/share/two_wheeled_robot/models/CGMClassic/meshes/Carts_Wheels_Diffuse.png\n'}
[0.469623] (two_wheeled_robot) StdoutLine: {'line': b'-- Up-to-date: /home/greyflon/lab_2025/install/two_wheeled_robot/share/two_wheeled_robot/models/CGMClassic/meshes/CGMClassic.mtl\n'}
[0.469764] (two_wheeled_robot) StdoutLine: {'line': b'-- Up-to-date: /home/greyflon/lab_2025/install/two_wheeled_robot/share/two_wheeled_robot/models/CGMClassic/meshes/CGMClassic_Diffuse.png\n'}
[0.469826] (two_wheeled_robot) StdoutLine: {'line': b'-- Up-to-date: /home/greyflon/lab_2025/install/two_wheeled_robot/share/two_wheeled_robot/models/CGMClassic/meshes/Wheels_Normal_Normal_Bump.tga\n'}
[0.469931] (two_wheeled_robot) StdoutLine: {'line': b'-- Up-to-date: /home/greyflon/lab_2025/install/two_wheeled_robot/share/two_wheeled_robot/models/CGMClassic/meshes/CGMClassic.obj\n'}
[0.469993] (two_wheeled_robot) StdoutLine: {'line': b'-- Up-to-date: /home/greyflon/lab_2025/install/two_wheeled_robot/share/two_wheeled_robot/models/CGMClassic/thumbnails\n'}
[0.470054] (two_wheeled_robot) StdoutLine: {'line': b'-- Up-to-date: /home/greyflon/lab_2025/install/two_wheeled_robot/share/two_wheeled_robot/models/CGMClassic/thumbnails/5.png\n'}
[0.470115] (two_wheeled_robot) StdoutLine: {'line': b'-- Up-to-date: /home/greyflon/lab_2025/install/two_wheeled_robot/share/two_wheeled_robot/models/CGMClassic/thumbnails/1.png\n'}
[0.470176] (two_wheeled_robot) StdoutLine: {'line': b'-- Up-to-date: /home/greyflon/lab_2025/install/two_wheeled_robot/share/two_wheeled_robot/models/CGMClassic/thumbnails/2.png\n'}
[0.470257] (two_wheeled_robot) StdoutLine: {'line': b'-- Up-to-date: /home/greyflon/lab_2025/install/two_wheeled_robot/share/two_wheeled_robot/models/CGMClassic/thumbnails/4.png\n'}
[0.470362] (two_wheeled_robot) StdoutLine: {'line': b'-- Up-to-date: /home/greyflon/lab_2025/install/two_wheeled_robot/share/two_wheeled_robot/models/CGMClassic/thumbnails/3.png\n'}
[0.470427] (two_wheeled_robot) StdoutLine: {'line': b'-- Up-to-date: /home/greyflon/lab_2025/install/two_wheeled_robot/share/two_wheeled_robot/models/CGMClassic/model.sdf\n'}
[0.470488] (two_wheeled_robot) StdoutLine: {'line': b'-- Up-to-date: /home/greyflon/lab_2025/install/two_wheeled_robot/share/two_wheeled_robot/models/aws_robomaker_hospital_curtain_half_open_01\n'}
[0.470549] (two_wheeled_robot) StdoutLine: {'line': b'-- Up-to-date: /home/greyflon/lab_2025/install/two_wheeled_robot/share/two_wheeled_robot/models/aws_robomaker_hospital_curtain_half_open_01/model.config\n'}
[0.470667] (two_wheeled_robot) StdoutLine: {'line': b'-- Up-to-date: /home/greyflon/lab_2025/install/two_wheeled_robot/share/two_wheeled_robot/models/aws_robomaker_hospital_curtain_half_open_01/meshes\n'}
[0.470763] (two_wheeled_robot) StdoutLine: {'line': b'-- Up-to-date: /home/greyflon/lab_2025/install/two_wheeled_robot/share/two_wheeled_robot/models/aws_robomaker_hospital_curtain_half_open_01/meshes/aws_robomaker_hospital_curtainrail_01_visual.png\n'}
[0.470825] (two_wheeled_robot) StdoutLine: {'line': b'-- Up-to-date: /home/greyflon/lab_2025/install/two_wheeled_robot/share/two_wheeled_robot/models/aws_robomaker_hospital_curtain_half_open_01/meshes/aws_robomaker_hospital_curtain_half_open_01_visual.png\n'}
[0.470887] (two_wheeled_robot) StdoutLine: {'line': b'-- Up-to-date: /home/greyflon/lab_2025/install/two_wheeled_robot/share/two_wheeled_robot/models/aws_robomaker_hospital_curtain_half_open_01/meshes/aws_robomaker_hospital_curtain_half_open_01_low.png\n'}
[0.470949] (two_wheeled_robot) StdoutLine: {'line': b'-- Up-to-date: /home/greyflon/lab_2025/install/two_wheeled_robot/share/two_wheeled_robot/models/aws_robomaker_hospital_curtain_half_open_01/meshes/aws_robomaker_hospital_curtainrail_01_visual_normal.png\n'}
[0.471010] (two_wheeled_robot) StdoutLine: {'line': b'-- Up-to-date: /home/greyflon/lab_2025/install/two_wheeled_robot/share/two_wheeled_robot/models/aws_robomaker_hospital_curtain_half_open_01/meshes/aws_robomaker_hospital_curtain_half_open_01_low_normal.png\n'}
[0.471072] (two_wheeled_robot) StdoutLine: {'line': b'-- Up-to-date: /home/greyflon/lab_2025/install/two_wheeled_robot/share/two_wheeled_robot/models/aws_robomaker_hospital_curtain_half_open_01/meshes/aws_robomaker_hospital_curtain_half_open_01_collision.dae\n'}
[0.471134] (two_wheeled_robot) StdoutLine: {'line': b'-- Up-to-date: /home/greyflon/lab_2025/install/two_wheeled_robot/share/two_wheeled_robot/models/aws_robomaker_hospital_curtain_half_open_01/meshes/aws_robomaker_hospital_curtain_half_open_01_visual_normal.png\n'}
[0.471195] (two_wheeled_robot) StdoutLine: {'line': b'-- Up-to-date: /home/greyflon/lab_2025/install/two_wheeled_robot/share/two_wheeled_robot/models/aws_robomaker_hospital_curtain_half_open_01/meshes/aws_robomaker_hospital_curtainrail_01_low.png\n'}
[0.471256] (two_wheeled_robot) StdoutLine: {'line': b'-- Up-to-date: /home/greyflon/lab_2025/install/two_wheeled_robot/share/two_wheeled_robot/models/aws_robomaker_hospital_curtain_half_open_01/meshes/aws_robomaker_hospital_curtainrail_01_low_normal.png\n'}
[0.471317] (two_wheeled_robot) StdoutLine: {'line': b'-- Up-to-date: /home/greyflon/lab_2025/install/two_wheeled_robot/share/two_wheeled_robot/models/aws_robomaker_hospital_curtain_half_open_01/meshes/aws_robomaker_hospital_curtain_half_open_01_visual.dae\n'}
[0.471378] (two_wheeled_robot) StdoutLine: {'line': b'-- Up-to-date: /home/greyflon/lab_2025/install/two_wheeled_robot/share/two_wheeled_robot/models/aws_robomaker_hospital_curtain_half_open_01/model.sdf\n'}
[0.471461] (two_wheeled_robot) StdoutLine: {'line': b'-- Up-to-date: /home/greyflon/lab_2025/install/two_wheeled_robot/share/two_wheeled_robot/models/aws_robomaker_warehouse_Bucket_01\n'}
[0.471523] (two_wheeled_robot) StdoutLine: {'line': b'-- Up-to-date: /home/greyflon/lab_2025/install/two_wheeled_robot/share/two_wheeled_robot/models/aws_robomaker_warehouse_Bucket_01/model.config\n'}
[0.471591] (two_wheeled_robot) StdoutLine: {'line': b'-- Up-to-date: /home/greyflon/lab_2025/install/two_wheeled_robot/share/two_wheeled_robot/models/aws_robomaker_warehouse_Bucket_01/meshes\n'}
[0.471714] (two_wheeled_robot) StdoutLine: {'line': b'-- Up-to-date: /home/greyflon/lab_2025/install/two_wheeled_robot/share/two_wheeled_robot/models/aws_robomaker_warehouse_Bucket_01/meshes/aws_robomaker_warehouse_Bucket_01_collision.DAE\n'}
[0.471830] (two_wheeled_robot) StdoutLine: {'line': b'-- Up-to-date: /home/greyflon/lab_2025/install/two_wheeled_robot/share/two_wheeled_robot/models/aws_robomaker_warehouse_Bucket_01/meshes/aws_robomaker_warehouse_Bucket_01_visual.DAE\n'}
[0.471893] (two_wheeled_robot) StdoutLine: {'line': b'-- Up-to-date: /home/greyflon/lab_2025/install/two_wheeled_robot/share/two_wheeled_robot/models/aws_robomaker_warehouse_Bucket_01/materials\n'}
[0.471955] (two_wheeled_robot) StdoutLine: {'line': b'-- Up-to-date: /home/greyflon/lab_2025/install/two_wheeled_robot/share/two_wheeled_robot/models/aws_robomaker_warehouse_Bucket_01/materials/textures\n'}
[0.472051] (two_wheeled_robot) StdoutLine: {'line': b'-- Up-to-date: /home/greyflon/lab_2025/install/two_wheeled_robot/share/two_wheeled_robot/models/aws_robomaker_warehouse_Bucket_01/materials/textures/aws_robomaker_warehouse_Bucket_01.png\n'}
[0.472126] (two_wheeled_robot) StdoutLine: {'line': b'-- Up-to-date: /home/greyflon/lab_2025/install/two_wheeled_robot/share/two_wheeled_robot/models/aws_robomaker_warehouse_Bucket_01/model.sdf\n'}
[0.472189] (two_wheeled_robot) StdoutLine: {'line': b'-- Up-to-date: /home/greyflon/lab_2025/install/two_wheeled_robot/share/two_wheeled_robot/models/aws_robomaker_warehouse_ShelfF_01\n'}
[0.472249] (two_wheeled_robot) StdoutLine: {'line': b'-- Up-to-date: /home/greyflon/lab_2025/install/two_wheeled_robot/share/two_wheeled_robot/models/aws_robomaker_warehouse_ShelfF_01/model.config\n'}
[0.472310] (two_wheeled_robot) StdoutLine: {'line': b'-- Up-to-date: /home/greyflon/lab_2025/install/two_wheeled_robot/share/two_wheeled_robot/models/aws_robomaker_warehouse_ShelfF_01/meshes\n'}
[0.472372] (two_wheeled_robot) StdoutLine: {'line': b'-- Up-to-date: /home/greyflon/lab_2025/install/two_wheeled_robot/share/two_wheeled_robot/models/aws_robomaker_warehouse_ShelfF_01/meshes/aws_robomaker_warehouse_ShelfF_01_collision.DAE\n'}
[0.472434] (two_wheeled_robot) StdoutLine: {'line': b'-- Up-to-date: /home/greyflon/lab_2025/install/two_wheeled_robot/share/two_wheeled_robot/models/aws_robomaker_warehouse_ShelfF_01/meshes/aws_robomaker_warehouse_ShelfF_01_visual.DAE\n'}
[0.472495] (two_wheeled_robot) StdoutLine: {'line': b'-- Up-to-date: /home/greyflon/lab_2025/install/two_wheeled_robot/share/two_wheeled_robot/models/aws_robomaker_warehouse_ShelfF_01/materials\n'}
[0.472557] (two_wheeled_robot) StdoutLine: {'line': b'-- Up-to-date: /home/greyflon/lab_2025/install/two_wheeled_robot/share/two_wheeled_robot/models/aws_robomaker_warehouse_ShelfF_01/materials/textures\n'}
[0.472649] (two_wheeled_robot) StdoutLine: {'line': b'-- Up-to-date: /home/greyflon/lab_2025/install/two_wheeled_robot/share/two_wheeled_robot/models/aws_robomaker_warehouse_ShelfF_01/materials/textures/aws_robomaker_warehouse_ShelfF_01.png\n'}
[0.472714] (two_wheeled_robot) StdoutLine: {'line': b'-- Up-to-date: /home/greyflon/lab_2025/install/two_wheeled_robot/share/two_wheeled_robot/models/aws_robomaker_warehouse_ShelfF_01/materials/textures/aws_robomaker_warehouse_ShelfF_03.png\n'}
[0.472776] (two_wheeled_robot) StdoutLine: {'line': b'-- Up-to-date: /home/greyflon/lab_2025/install/two_wheeled_robot/share/two_wheeled_robot/models/aws_robomaker_warehouse_ShelfF_01/materials/textures/aws_robomaker_warehouse_ShelfF_02.png\n'}
[0.472886] (two_wheeled_robot) StdoutLine: {'line': b'-- Up-to-date: /home/greyflon/lab_2025/install/two_wheeled_robot/share/two_wheeled_robot/models/aws_robomaker_warehouse_ShelfF_01/model.sdf\n'}
[0.472948] (two_wheeled_robot) StdoutLine: {'line': b'-- Up-to-date: /home/greyflon/lab_2025/install/two_wheeled_robot/share/two_wheeled_robot/models/aws_robomaker_residential_NightStand_01\n'}
[0.473009] (two_wheeled_robot) StdoutLine: {'line': b'-- Up-to-date: /home/greyflon/lab_2025/install/two_wheeled_robot/share/two_wheeled_robot/models/aws_robomaker_residential_NightStand_01/model.config\n'}
[0.473070] (two_wheeled_robot) StdoutLine: {'line': b'-- Up-to-date: /home/greyflon/lab_2025/install/two_wheeled_robot/share/two_wheeled_robot/models/aws_robomaker_residential_NightStand_01/meshes\n'}
[0.473130] (two_wheeled_robot) StdoutLine: {'line': b'-- Up-to-date: /home/greyflon/lab_2025/install/two_wheeled_robot/share/two_wheeled_robot/models/aws_robomaker_residential_NightStand_01/meshes/aws_NightStand_01_collision.DAE\n'}
[0.473191] (two_wheeled_robot) StdoutLine: {'line': b'-- Up-to-date: /home/greyflon/lab_2025/install/two_wheeled_robot/share/two_wheeled_robot/models/aws_robomaker_residential_NightStand_01/meshes/aws_NightStand_01_visual.DAE\n'}
[0.473252] (two_wheeled_robot) StdoutLine: {'line': b'-- Up-to-date: /home/greyflon/lab_2025/install/two_wheeled_robot/share/two_wheeled_robot/models/aws_robomaker_residential_NightStand_01/materials\n'}
[0.473313] (two_wheeled_robot) StdoutLine: {'line': b'-- Up-to-date: /home/greyflon/lab_2025/install/two_wheeled_robot/share/two_wheeled_robot/models/aws_robomaker_residential_NightStand_01/materials/textures\n'}
[0.473374] (two_wheeled_robot) StdoutLine: {'line': b'-- Up-to-date: /home/greyflon/lab_2025/install/two_wheeled_robot/share/two_wheeled_robot/models/aws_robomaker_residential_NightStand_01/materials/textures/aws_NightStand_01.png\n'}
[0.473435] (two_wheeled_robot) StdoutLine: {'line': b'-- Up-to-date: /home/greyflon/lab_2025/install/two_wheeled_robot/share/two_wheeled_robot/models/aws_robomaker_residential_NightStand_01/model.sdf\n'}
[0.473598] (two_wheeled_robot) StdoutLine: {'line': b'-- Up-to-date: /home/greyflon/lab_2025/install/two_wheeled_robot/share/two_wheeled_robot/models/aws_robomaker_residential_DeskPortraitB_01\n'}
[0.473687] (two_wheeled_robot) StdoutLine: {'line': b'-- Up-to-date: /home/greyflon/lab_2025/install/two_wheeled_robot/share/two_wheeled_robot/models/aws_robomaker_residential_DeskPortraitB_01/model.config\n'}
[0.473776] (two_wheeled_robot) StdoutLine: {'line': b'-- Up-to-date: /home/greyflon/lab_2025/install/two_wheeled_robot/share/two_wheeled_robot/models/aws_robomaker_residential_DeskPortraitB_01/meshes\n'}
[0.473841] (two_wheeled_robot) StdoutLine: {'line': b'-- Up-to-date: /home/greyflon/lab_2025/install/two_wheeled_robot/share/two_wheeled_robot/models/aws_robomaker_residential_DeskPortraitB_01/meshes/aws_DeskPortraitB_01_visual.DAE\n'}
[0.473902] (two_wheeled_robot) StdoutLine: {'line': b'-- Up-to-date: /home/greyflon/lab_2025/install/two_wheeled_robot/share/two_wheeled_robot/models/aws_robomaker_residential_DeskPortraitB_01/meshes/aws_DeskPortraitB_01_collision.DAE\n'}
[0.473963] (two_wheeled_robot) StdoutLine: {'line': b'-- Up-to-date: /home/greyflon/lab_2025/install/two_wheeled_robot/share/two_wheeled_robot/models/aws_robomaker_residential_DeskPortraitB_01/materials\n'}
[0.474023] (two_wheeled_robot) StdoutLine: {'line': b'-- Up-to-date: /home/greyflon/lab_2025/install/two_wheeled_robot/share/two_wheeled_robot/models/aws_robomaker_residential_DeskPortraitB_01/materials/textures\n'}
[0.474084] (two_wheeled_robot) StdoutLine: {'line': b'-- Up-to-date: /home/greyflon/lab_2025/install/two_wheeled_robot/share/two_wheeled_robot/models/aws_robomaker_residential_DeskPortraitB_01/materials/textures/aws_DeskPortraitB_02.png\n'}
[0.474145] (two_wheeled_robot) StdoutLine: {'line': b'-- Up-to-date: /home/greyflon/lab_2025/install/two_wheeled_robot/share/two_wheeled_robot/models/aws_robomaker_residential_DeskPortraitB_01/materials/textures/DeskPortraitB_01.jpg\n'}
[0.474226] (two_wheeled_robot) StdoutLine: {'line': b'-- Up-to-date: /home/greyflon/lab_2025/install/two_wheeled_robot/share/two_wheeled_robot/models/aws_robomaker_residential_DeskPortraitB_01/materials/textures/aws_DeskPortraitB_01.png\n'}
[0.474287] (two_wheeled_robot) StdoutLine: {'line': b'-- Up-to-date: /home/greyflon/lab_2025/install/two_wheeled_robot/share/two_wheeled_robot/models/aws_robomaker_residential_DeskPortraitB_01/model.sdf\n'}
[0.474348] (two_wheeled_robot) StdoutLine: {'line': b'-- Up-to-date: /home/greyflon/lab_2025/install/two_wheeled_robot/share/two_wheeled_robot/models/aws_robomaker_hospital_curtain_open_01\n'}
[0.474409] (two_wheeled_robot) StdoutLine: {'line': b'-- Up-to-date: /home/greyflon/lab_2025/install/two_wheeled_robot/share/two_wheeled_robot/models/aws_robomaker_hospital_curtain_open_01/model.config\n'}
[0.474470] (two_wheeled_robot) StdoutLine: {'line': b'-- Up-to-date: /home/greyflon/lab_2025/install/two_wheeled_robot/share/two_wheeled_robot/models/aws_robomaker_hospital_curtain_open_01/meshes\n'}
[0.474531] (two_wheeled_robot) StdoutLine: {'line': b'-- Up-to-date: /home/greyflon/lab_2025/install/two_wheeled_robot/share/two_wheeled_robot/models/aws_robomaker_hospital_curtain_open_01/meshes/aws_robomaker_hospital_curtainrail_01_visual.png\n'}
[0.474653] (two_wheeled_robot) StdoutLine: {'line': b'-- Up-to-date: /home/greyflon/lab_2025/install/two_wheeled_robot/share/two_wheeled_robot/models/aws_robomaker_hospital_curtain_open_01/meshes/aws_robomaker_hospital_curtain_open_01_low_normal.png\n'}
[0.474796] (two_wheeled_robot) StdoutLine: {'line': b'-- Up-to-date: /home/greyflon/lab_2025/install/two_wheeled_robot/share/two_wheeled_robot/models/aws_robomaker_hospital_curtain_open_01/meshes/aws_robomaker_hospital_curtainrail_01_visual_normal.png\n'}
[0.474860] (two_wheeled_robot) StdoutLine: {'line': b'-- Up-to-date: /home/greyflon/lab_2025/install/two_wheeled_robot/share/two_wheeled_robot/models/aws_robomaker_hospital_curtain_open_01/meshes/aws_robomaker_hospital_curtain_open_01_collision.dae\n'}
[0.474922] (two_wheeled_robot) StdoutLine: {'line': b'-- Up-to-date: /home/greyflon/lab_2025/install/two_wheeled_robot/share/two_wheeled_robot/models/aws_robomaker_hospital_curtain_open_01/meshes/aws_robomaker_hospital_curtain_open_01_low.png\n'}
[0.474982] (two_wheeled_robot) StdoutLine: {'line': b'-- Up-to-date: /home/greyflon/lab_2025/install/two_wheeled_robot/share/two_wheeled_robot/models/aws_robomaker_hospital_curtain_open_01/meshes/aws_robomaker_hospital_curtain_open_01_visual.png\n'}
[0.475043] (two_wheeled_robot) StdoutLine: {'line': b'-- Up-to-date: /home/greyflon/lab_2025/install/two_wheeled_robot/share/two_wheeled_robot/models/aws_robomaker_hospital_curtain_open_01/meshes/aws_robomaker_hospital_curtain_open_01_visual_normal.png\n'}
[0.475105] (two_wheeled_robot) StdoutLine: {'line': b'-- Up-to-date: /home/greyflon/lab_2025/install/two_wheeled_robot/share/two_wheeled_robot/models/aws_robomaker_hospital_curtain_open_01/meshes/aws_robomaker_hospital_curtainrail_01_low.png\n'}
[0.475166] (two_wheeled_robot) StdoutLine: {'line': b'-- Up-to-date: /home/greyflon/lab_2025/install/two_wheeled_robot/share/two_wheeled_robot/models/aws_robomaker_hospital_curtain_open_01/meshes/aws_robomaker_hospital_curtainrail_01_low_normal.png\n'}
[0.475227] (two_wheeled_robot) StdoutLine: {'line': b'-- Up-to-date: /home/greyflon/lab_2025/install/two_wheeled_robot/share/two_wheeled_robot/models/aws_robomaker_hospital_curtain_open_01/meshes/aws_robomaker_hospital_curtain_open_01_visual.dae\n'}
[0.475355] (two_wheeled_robot) StdoutLine: {'line': b'-- Up-to-date: /home/greyflon/lab_2025/install/two_wheeled_robot/share/two_wheeled_robot/models/aws_robomaker_hospital_curtain_open_01/model.sdf\n'}
[0.475433] (two_wheeled_robot) StdoutLine: {'line': b'-- Up-to-date: /home/greyflon/lab_2025/install/two_wheeled_robot/share/two_wheeled_robot/models/apartment\n'}
[0.475497] (two_wheeled_robot) StdoutLine: {'line': b'-- Up-to-date: /home/greyflon/lab_2025/install/two_wheeled_robot/share/two_wheeled_robot/models/apartment/model.config\n'}
[0.475594] (two_wheeled_robot) StdoutLine: {'line': b'-- Up-to-date: /home/greyflon/lab_2025/install/two_wheeled_robot/share/two_wheeled_robot/models/apartment/meshes\n'}
[0.475701] (two_wheeled_robot) StdoutLine: {'line': b'-- Up-to-date: /home/greyflon/lab_2025/install/two_wheeled_robot/share/two_wheeled_robot/models/apartment/meshes/apartment.dae\n'}
[0.475764] (two_wheeled_robot) StdoutLine: {'line': b'-- Up-to-date: /home/greyflon/lab_2025/install/two_wheeled_robot/share/two_wheeled_robot/models/apartment/materials\n'}
[0.475825] (two_wheeled_robot) StdoutLine: {'line': b'-- Up-to-date: /home/greyflon/lab_2025/install/two_wheeled_robot/share/two_wheeled_robot/models/apartment/materials/textures\n'}
[0.475887] (two_wheeled_robot) StdoutLine: {'line': b'-- Up-to-date: /home/greyflon/lab_2025/install/two_wheeled_robot/share/two_wheeled_robot/models/apartment/materials/textures/apartment_diffuse.jpg\n'}
[0.475947] (two_wheeled_robot) StdoutLine: {'line': b'-- Up-to-date: /home/greyflon/lab_2025/install/two_wheeled_robot/share/two_wheeled_robot/models/apartment/materials/textures/apartment_spec.jpg\n'}
[0.476008] (two_wheeled_robot) StdoutLine: {'line': b'-- Up-to-date: /home/greyflon/lab_2025/install/two_wheeled_robot/share/two_wheeled_robot/models/apartment/model.sdf\n'}
[0.476069] (two_wheeled_robot) StdoutLine: {'line': b'-- Up-to-date: /home/greyflon/lab_2025/install/two_wheeled_robot/share/two_wheeled_robot/models/table_marble\n'}
[0.476130] (two_wheeled_robot) StdoutLine: {'line': b'-- Up-to-date: /home/greyflon/lab_2025/install/two_wheeled_robot/share/two_wheeled_robot/models/table_marble/model-1_4.sdf\n'}
[0.476191] (two_wheeled_robot) StdoutLine: {'line': b'-- Up-to-date: /home/greyflon/lab_2025/install/two_wheeled_robot/share/two_wheeled_robot/models/table_marble/model.config\n'}
[0.476252] (two_wheeled_robot) StdoutLine: {'line': b'-- Up-to-date: /home/greyflon/lab_2025/install/two_wheeled_robot/share/two_wheeled_robot/models/table_marble/meshes\n'}
[0.476312] (two_wheeled_robot) StdoutLine: {'line': b'-- Up-to-date: /home/greyflon/lab_2025/install/two_wheeled_robot/share/two_wheeled_robot/models/table_marble/meshes/table_lightmap.dae\n'}
[0.476373] (two_wheeled_robot) StdoutLine: {'line': b'-- Up-to-date: /home/greyflon/lab_2025/install/two_wheeled_robot/share/two_wheeled_robot/models/table_marble/materials\n'}
[0.476434] (two_wheeled_robot) StdoutLine: {'line': b'-- Up-to-date: /home/greyflon/lab_2025/install/two_wheeled_robot/share/two_wheeled_robot/models/table_marble/materials/scripts\n'}
[0.476495] (two_wheeled_robot) StdoutLine: {'line': b'-- Up-to-date: /home/greyflon/lab_2025/install/two_wheeled_robot/share/two_wheeled_robot/models/table_marble/materials/scripts/table_lightmap.material\n'}
[0.476556] (two_wheeled_robot) StdoutLine: {'line': b'-- Up-to-date: /home/greyflon/lab_2025/install/two_wheeled_robot/share/two_wheeled_robot/models/table_marble/materials/textures\n'}
[0.476726] (two_wheeled_robot) StdoutLine: {'line': b'-- Up-to-date: /home/greyflon/lab_2025/install/two_wheeled_robot/share/two_wheeled_robot/models/table_marble/materials/textures/table_lightmap.png\n'}
[0.476792] (two_wheeled_robot) StdoutLine: {'line': b'-- Up-to-date: /home/greyflon/lab_2025/install/two_wheeled_robot/share/two_wheeled_robot/models/table_marble/materials/textures/marble.png\n'}
[0.476853] (two_wheeled_robot) StdoutLine: {'line': b'-- Up-to-date: /home/greyflon/lab_2025/install/two_wheeled_robot/share/two_wheeled_robot/models/table_marble/model.sdf\n'}
[0.476913] (two_wheeled_robot) StdoutLine: {'line': b'-- Up-to-date: /home/greyflon/lab_2025/install/two_wheeled_robot/share/two_wheeled_robot/models/cafe\n'}
[0.476975] (two_wheeled_robot) StdoutLine: {'line': b'-- Up-to-date: /home/greyflon/lab_2025/install/two_wheeled_robot/share/two_wheeled_robot/models/cafe/model.config\n'}
[0.477037] (two_wheeled_robot) StdoutLine: {'line': b'-- Up-to-date: /home/greyflon/lab_2025/install/two_wheeled_robot/share/two_wheeled_robot/models/cafe/meshes\n'}
[0.477097] (two_wheeled_robot) StdoutLine: {'line': b'-- Up-to-date: /home/greyflon/lab_2025/install/two_wheeled_robot/share/two_wheeled_robot/models/cafe/meshes/cafe.dae\n'}
[0.477178] (two_wheeled_robot) StdoutLine: {'line': b'-- Up-to-date: /home/greyflon/lab_2025/install/two_wheeled_robot/share/two_wheeled_robot/models/cafe/materials\n'}
[0.477239] (two_wheeled_robot) StdoutLine: {'line': b'-- Up-to-date: /home/greyflon/lab_2025/install/two_wheeled_robot/share/two_wheeled_robot/models/cafe/materials/textures\n'}
[0.477300] (two_wheeled_robot) StdoutLine: {'line': b'-- Up-to-date: /home/greyflon/lab_2025/install/two_wheeled_robot/share/two_wheeled_robot/models/cafe/materials/textures/__auto_28.jpg\n'}
[0.477362] (two_wheeled_robot) StdoutLine: {'line': b'-- Up-to-date: /home/greyflon/lab_2025/install/two_wheeled_robot/share/two_wheeled_robot/models/cafe/materials/textures/__auto_29.jpg\n'}
[0.477424] (two_wheeled_robot) StdoutLine: {'line': b'-- Up-to-date: /home/greyflon/lab_2025/install/two_wheeled_robot/share/two_wheeled_robot/models/cafe/materials/textures/__auto_21.jpg\n'}
[0.477522] (two_wheeled_robot) StdoutLine: {'line': b'-- Up-to-date: /home/greyflon/lab_2025/install/two_wheeled_robot/share/two_wheeled_robot/models/cafe/materials/textures/__auto_2.jpg\n'}
[0.477660] (two_wheeled_robot) StdoutLine: {'line': b'-- Up-to-date: /home/greyflon/lab_2025/install/two_wheeled_robot/share/two_wheeled_robot/models/cafe/materials/textures/__auto_24.jpg\n'}
[0.477756] (two_wheeled_robot) StdoutLine: {'line': b'-- Up-to-date: /home/greyflon/lab_2025/install/two_wheeled_robot/share/two_wheeled_robot/models/cafe/materials/textures/__auto_23.jpg\n'}
[0.477818] (two_wheeled_robot) StdoutLine: {'line': b'-- Up-to-date: /home/greyflon/lab_2025/install/two_wheeled_robot/share/two_wheeled_robot/models/cafe/materials/textures/__auto_30.jpg\n'}
[0.477879] (two_wheeled_robot) StdoutLine: {'line': b'-- Up-to-date: /home/greyflon/lab_2025/install/two_wheeled_robot/share/two_wheeled_robot/models/cafe/materials/textures/__auto_10.jpg\n'}
[0.477940] (two_wheeled_robot) StdoutLine: {'line': b'-- Up-to-date: /home/greyflon/lab_2025/install/two_wheeled_robot/share/two_wheeled_robot/models/cafe/materials/textures/__auto_26.jpg\n'}
[0.478001] (two_wheeled_robot) StdoutLine: {'line': b'-- Up-to-date: /home/greyflon/lab_2025/install/two_wheeled_robot/share/two_wheeled_robot/models/cafe/materials/textures/__auto_35.jpg\n'}
[0.478062] (two_wheeled_robot) StdoutLine: {'line': b'-- Up-to-date: /home/greyflon/lab_2025/install/two_wheeled_robot/share/two_wheeled_robot/models/cafe/materials/textures/__auto_31.jpg\n'}
[0.478137] (two_wheeled_robot) StdoutLine: {'line': b'-- Up-to-date: /home/greyflon/lab_2025/install/two_wheeled_robot/share/two_wheeled_robot/models/cafe/materials/textures/__auto_34.jpg\n'}
[0.478198] (two_wheeled_robot) StdoutLine: {'line': b'-- Up-to-date: /home/greyflon/lab_2025/install/two_wheeled_robot/share/two_wheeled_robot/models/cafe/materials/textures/__auto_25.jpg\n'}
[0.478259] (two_wheeled_robot) StdoutLine: {'line': b'-- Up-to-date: /home/greyflon/lab_2025/install/two_wheeled_robot/share/two_wheeled_robot/models/cafe/materials/textures/__auto_37.jpg\n'}
[0.478321] (two_wheeled_robot) StdoutLine: {'line': b'-- Up-to-date: /home/greyflon/lab_2025/install/two_wheeled_robot/share/two_wheeled_robot/models/cafe/materials/textures/__auto_22.jpg\n'}
[0.478381] (two_wheeled_robot) StdoutLine: {'line': b'-- Up-to-date: /home/greyflon/lab_2025/install/two_wheeled_robot/share/two_wheeled_robot/models/cafe/model.sdf\n'}
[0.478442] (two_wheeled_robot) StdoutLine: {'line': b'-- Up-to-date: /home/greyflon/lab_2025/install/two_wheeled_robot/share/two_wheeled_robot/models/Scrubs\n'}
[0.478503] (two_wheeled_robot) StdoutLine: {'line': b'-- Up-to-date: /home/greyflon/lab_2025/install/two_wheeled_robot/share/two_wheeled_robot/models/Scrubs/model.config\n'}
[0.478564] (two_wheeled_robot) StdoutLine: {'line': b'-- Up-to-date: /home/greyflon/lab_2025/install/two_wheeled_robot/share/two_wheeled_robot/models/Scrubs/meshes\n'}
[0.478728] (two_wheeled_robot) StdoutLine: {'line': b'-- Up-to-date: /home/greyflon/lab_2025/install/two_wheeled_robot/share/two_wheeled_robot/models/Scrubs/meshes/Scrubs_Col.mtl\n'}
[0.478802] (two_wheeled_robot) StdoutLine: {'line': b'-- Up-to-date: /home/greyflon/lab_2025/install/two_wheeled_robot/share/two_wheeled_robot/models/Scrubs/meshes/ScrubsFemaleDiffuse.png\n'}
[0.478863] (two_wheeled_robot) StdoutLine: {'line': b'-- Up-to-date: /home/greyflon/lab_2025/install/two_wheeled_robot/share/two_wheeled_robot/models/Scrubs/meshes/scrubs.mtl\n'}
[0.478924] (two_wheeled_robot) StdoutLine: {'line': b'-- Up-to-date: /home/greyflon/lab_2025/install/two_wheeled_robot/share/two_wheeled_robot/models/Scrubs/meshes/scrubs.obj\n'}
[0.478985] (two_wheeled_robot) StdoutLine: {'line': b'-- Up-to-date: /home/greyflon/lab_2025/install/two_wheeled_robot/share/two_wheeled_robot/models/Scrubs/meshes/Scrubs_Col.obj\n'}
[0.479045] (two_wheeled_robot) StdoutLine: {'line': b'-- Up-to-date: /home/greyflon/lab_2025/install/two_wheeled_robot/share/two_wheeled_robot/models/Scrubs/thumbnails\n'}
[0.479106] (two_wheeled_robot) StdoutLine: {'line': b'-- Up-to-date: /home/greyflon/lab_2025/install/two_wheeled_robot/share/two_wheeled_robot/models/Scrubs/thumbnails/5.png\n'}
[0.479166] (two_wheeled_robot) StdoutLine: {'line': b'-- Up-to-date: /home/greyflon/lab_2025/install/two_wheeled_robot/share/two_wheeled_robot/models/Scrubs/thumbnails/1.png\n'}
[0.479227] (two_wheeled_robot) StdoutLine: {'line': b'-- Up-to-date: /home/greyflon/lab_2025/install/two_wheeled_robot/share/two_wheeled_robot/models/Scrubs/thumbnails/2.png\n'}
[0.479287] (two_wheeled_robot) StdoutLine: {'line': b'-- Up-to-date: /home/greyflon/lab_2025/install/two_wheeled_robot/share/two_wheeled_robot/models/Scrubs/thumbnails/4.png\n'}
[0.479347] (two_wheeled_robot) StdoutLine: {'line': b'-- Up-to-date: /home/greyflon/lab_2025/install/two_wheeled_robot/share/two_wheeled_robot/models/Scrubs/thumbnails/3.png\n'}
[0.479407] (two_wheeled_robot) StdoutLine: {'line': b'-- Up-to-date: /home/greyflon/lab_2025/install/two_wheeled_robot/share/two_wheeled_robot/models/Scrubs/model.sdf\n'}
[0.479467] (two_wheeled_robot) StdoutLine: {'line': b'-- Up-to-date: /home/greyflon/lab_2025/install/two_wheeled_robot/share/two_wheeled_robot/models/conveyor\n'}
[0.479528] (two_wheeled_robot) StdoutLine: {'line': b'-- Up-to-date: /home/greyflon/lab_2025/install/two_wheeled_robot/share/two_wheeled_robot/models/conveyor/model.config\n'}
[0.479594] (two_wheeled_robot) StdoutLine: {'line': b'-- Up-to-date: /home/greyflon/lab_2025/install/two_wheeled_robot/share/two_wheeled_robot/models/conveyor/meshes\n'}
[0.479801] (two_wheeled_robot) StdoutLine: {'line': b'-- Up-to-date: /home/greyflon/lab_2025/install/two_wheeled_robot/share/two_wheeled_robot/models/conveyor/meshes/conveyor.dae\n'}
[0.479865] (two_wheeled_robot) StdoutLine: {'line': b'-- Up-to-date: /home/greyflon/lab_2025/install/two_wheeled_robot/share/two_wheeled_robot/models/conveyor/meshes/conveyor2.dae\n'}
[0.479925] (two_wheeled_robot) StdoutLine: {'line': b'-- Up-to-date: /home/greyflon/lab_2025/install/two_wheeled_robot/share/two_wheeled_robot/models/conveyor/meshes/conveyor.obj\n'}
[0.479986] (two_wheeled_robot) StdoutLine: {'line': b'-- Up-to-date: /home/greyflon/lab_2025/install/two_wheeled_robot/share/two_wheeled_robot/models/conveyor/model.sdf\n'}
[0.480102] (two_wheeled_robot) StdoutLine: {'line': b'-- Up-to-date: /home/greyflon/lab_2025/install/two_wheeled_robot/share/two_wheeled_robot/models/aws_robomaker_residential_AirconditionerA_01\n'}
[0.480164] (two_wheeled_robot) StdoutLine: {'line': b'-- Up-to-date: /home/greyflon/lab_2025/install/two_wheeled_robot/share/two_wheeled_robot/models/aws_robomaker_residential_AirconditionerA_01/model.config\n'}
[0.480225] (two_wheeled_robot) StdoutLine: {'line': b'-- Up-to-date: /home/greyflon/lab_2025/install/two_wheeled_robot/share/two_wheeled_robot/models/aws_robomaker_residential_AirconditionerA_01/meshes\n'}
[0.480286] (two_wheeled_robot) StdoutLine: {'line': b'-- Up-to-date: /home/greyflon/lab_2025/install/two_wheeled_robot/share/two_wheeled_robot/models/aws_robomaker_residential_AirconditionerA_01/meshes/aws_AirconditionerA_01_visual.DAE\n'}
[0.480389] (two_wheeled_robot) StdoutLine: {'line': b'-- Up-to-date: /home/greyflon/lab_2025/install/two_wheeled_robot/share/two_wheeled_robot/models/aws_robomaker_residential_AirconditionerA_01/meshes/aws_AirconditionerA_01_collision.DAE\n'}
[0.480450] (two_wheeled_robot) StdoutLine: {'line': b'-- Up-to-date: /home/greyflon/lab_2025/install/two_wheeled_robot/share/two_wheeled_robot/models/aws_robomaker_residential_AirconditionerA_01/materials\n'}
[0.480510] (two_wheeled_robot) StdoutLine: {'line': b'-- Up-to-date: /home/greyflon/lab_2025/install/two_wheeled_robot/share/two_wheeled_robot/models/aws_robomaker_residential_AirconditionerA_01/materials/textures\n'}
[0.480570] (two_wheeled_robot) StdoutLine: {'line': b'-- Up-to-date: /home/greyflon/lab_2025/install/two_wheeled_robot/share/two_wheeled_robot/models/aws_robomaker_residential_AirconditionerA_01/materials/textures/aws_AirconditionerA_01.png\n'}
[0.480659] (two_wheeled_robot) StdoutLine: {'line': b'-- Up-to-date: /home/greyflon/lab_2025/install/two_wheeled_robot/share/two_wheeled_robot/models/aws_robomaker_residential_AirconditionerA_01/model.sdf\n'}
[0.480724] (two_wheeled_robot) StdoutLine: {'line': b'-- Up-to-date: /home/greyflon/lab_2025/install/two_wheeled_robot/share/two_wheeled_robot/models/aws_robomaker_hospital_floor_01_floor\n'}
[0.480785] (two_wheeled_robot) StdoutLine: {'line': b'-- Up-to-date: /home/greyflon/lab_2025/install/two_wheeled_robot/share/two_wheeled_robot/models/aws_robomaker_hospital_floor_01_floor/model.config\n'}
[0.480846] (two_wheeled_robot) StdoutLine: {'line': b'-- Up-to-date: /home/greyflon/lab_2025/install/two_wheeled_robot/share/two_wheeled_robot/models/aws_robomaker_hospital_floor_01_floor/meshes\n'}
[0.480907] (two_wheeled_robot) StdoutLine: {'line': b'-- Up-to-date: /home/greyflon/lab_2025/install/two_wheeled_robot/share/two_wheeled_robot/models/aws_robomaker_hospital_floor_01_floor/meshes/aws_robomaker_hospital_floor_01_floor_collision.dae\n'}
[0.480968] (two_wheeled_robot) StdoutLine: {'line': b'-- Up-to-date: /home/greyflon/lab_2025/install/two_wheeled_robot/share/two_wheeled_robot/models/aws_robomaker_hospital_floor_01_floor/meshes/aws_robomaker_hospital_floor_01_floor_normal.png\n'}
[0.481028] (two_wheeled_robot) StdoutLine: {'line': b'-- Up-to-date: /home/greyflon/lab_2025/install/two_wheeled_robot/share/two_wheeled_robot/models/aws_robomaker_hospital_floor_01_floor/meshes/aws_robomaker_hospital_floor_01_floor.png\n'}
[0.481088] (two_wheeled_robot) StdoutLine: {'line': b'-- Up-to-date: /home/greyflon/lab_2025/install/two_wheeled_robot/share/two_wheeled_robot/models/aws_robomaker_hospital_floor_01_floor/meshes/aws_robomaker_hospital_floor_01_floor_visual.dae\n'}
[0.481149] (two_wheeled_robot) StdoutLine: {'line': b'-- Up-to-date: /home/greyflon/lab_2025/install/two_wheeled_robot/share/two_wheeled_robot/models/aws_robomaker_hospital_floor_01_floor/model.sdf\n'}
[0.481210] (two_wheeled_robot) StdoutLine: {'line': b'-- Up-to-date: /home/greyflon/lab_2025/install/two_wheeled_robot/share/two_wheeled_robot/models/post_office\n'}
[0.481271] (two_wheeled_robot) StdoutLine: {'line': b'-- Up-to-date: /home/greyflon/lab_2025/install/two_wheeled_robot/share/two_wheeled_robot/models/post_office/model.config\n'}
[0.481332] (two_wheeled_robot) StdoutLine: {'line': b'-- Up-to-date: /home/greyflon/lab_2025/install/two_wheeled_robot/share/two_wheeled_robot/models/post_office/meshes\n'}
[0.481392] (two_wheeled_robot) StdoutLine: {'line': b'-- Up-to-date: /home/greyflon/lab_2025/install/two_wheeled_robot/share/two_wheeled_robot/models/post_office/meshes/post_office.dae\n'}
[0.481453] (two_wheeled_robot) StdoutLine: {'line': b'-- Up-to-date: /home/greyflon/lab_2025/install/two_wheeled_robot/share/two_wheeled_robot/models/post_office/materials\n'}
[0.481546] (two_wheeled_robot) StdoutLine: {'line': b'-- Up-to-date: /home/greyflon/lab_2025/install/two_wheeled_robot/share/two_wheeled_robot/models/post_office/materials/textures\n'}
[0.481695] (two_wheeled_robot) StdoutLine: {'line': b'-- Up-to-date: /home/greyflon/lab_2025/install/two_wheeled_robot/share/two_wheeled_robot/models/post_office/materials/textures/post_office_diffuse.jpg\n'}
[0.481789] (two_wheeled_robot) StdoutLine: {'line': b'-- Up-to-date: /home/greyflon/lab_2025/install/two_wheeled_robot/share/two_wheeled_robot/models/post_office/materials/textures/post_office_spec.jpg\n'}
[0.481852] (two_wheeled_robot) StdoutLine: {'line': b'-- Up-to-date: /home/greyflon/lab_2025/install/two_wheeled_robot/share/two_wheeled_robot/models/post_office/model.sdf\n'}
[0.481913] (two_wheeled_robot) StdoutLine: {'line': b'-- Up-to-date: /home/greyflon/lab_2025/install/two_wheeled_robot/share/two_wheeled_robot/models/submarine\n'}
[0.482012] (two_wheeled_robot) StdoutLine: {'line': b'-- Up-to-date: /home/greyflon/lab_2025/install/two_wheeled_robot/share/two_wheeled_robot/models/submarine/model.config\n'}
[0.482073] (two_wheeled_robot) StdoutLine: {'line': b'-- Up-to-date: /home/greyflon/lab_2025/install/two_wheeled_robot/share/two_wheeled_robot/models/submarine/model.sdf\n'}
[0.482134] (two_wheeled_robot) StdoutLine: {'line': b'-- Up-to-date: /home/greyflon/lab_2025/install/two_wheeled_robot/share/two_wheeled_robot/models/tv_stand\n'}
[0.482195] (two_wheeled_robot) StdoutLine: {'line': b'-- Up-to-date: /home/greyflon/lab_2025/install/two_wheeled_robot/share/two_wheeled_robot/models/tv_stand/model.config\n'}
[0.482255] (two_wheeled_robot) StdoutLine: {'line': b'-- Up-to-date: /home/greyflon/lab_2025/install/two_wheeled_robot/share/two_wheeled_robot/models/tv_stand/meshes\n'}
[0.482315] (two_wheeled_robot) StdoutLine: {'line': b'-- Up-to-date: /home/greyflon/lab_2025/install/two_wheeled_robot/share/two_wheeled_robot/models/tv_stand/meshes/tv_stand.dae\n'}
[0.482376] (two_wheeled_robot) StdoutLine: {'line': b'-- Up-to-date: /home/greyflon/lab_2025/install/two_wheeled_robot/share/two_wheeled_robot/models/tv_stand/materials\n'}
[0.482436] (two_wheeled_robot) StdoutLine: {'line': b'-- Up-to-date: /home/greyflon/lab_2025/install/two_wheeled_robot/share/two_wheeled_robot/models/tv_stand/materials/textures\n'}
[0.482498] (two_wheeled_robot) StdoutLine: {'line': b'-- Up-to-date: /home/greyflon/lab_2025/install/two_wheeled_robot/share/two_wheeled_robot/models/tv_stand/materials/textures/stand_diffuse.png\n'}
[0.482559] (two_wheeled_robot) StdoutLine: {'line': b'-- Up-to-date: /home/greyflon/lab_2025/install/two_wheeled_robot/share/two_wheeled_robot/models/tv_stand/materials/textures/stand_specular.png\n'}
[0.482649] (two_wheeled_robot) StdoutLine: {'line': b'-- Up-to-date: /home/greyflon/lab_2025/install/two_wheeled_robot/share/two_wheeled_robot/models/tv_stand/materials/textures/tv_diffuse.png\n'}
[0.482713] (two_wheeled_robot) StdoutLine: {'line': b'-- Up-to-date: /home/greyflon/lab_2025/install/two_wheeled_robot/share/two_wheeled_robot/models/tv_stand/materials/textures/tv_specular.png\n'}
[0.482774] (two_wheeled_robot) StdoutLine: {'line': b'-- Up-to-date: /home/greyflon/lab_2025/install/two_wheeled_robot/share/two_wheeled_robot/models/tv_stand/model.sdf\n'}
[0.482835] (two_wheeled_robot) StdoutLine: {'line': b'-- Up-to-date: /home/greyflon/lab_2025/install/two_wheeled_robot/share/two_wheeled_robot/models/cafe_counter\n'}
[0.482896] (two_wheeled_robot) StdoutLine: {'line': b'-- Up-to-date: /home/greyflon/lab_2025/install/two_wheeled_robot/share/two_wheeled_robot/models/cafe_counter/model.config\n'}
[0.482956] (two_wheeled_robot) StdoutLine: {'line': b'-- Up-to-date: /home/greyflon/lab_2025/install/two_wheeled_robot/share/two_wheeled_robot/models/cafe_counter/meshes\n'}
[0.483017] (two_wheeled_robot) StdoutLine: {'line': b'-- Up-to-date: /home/greyflon/lab_2025/install/two_wheeled_robot/share/two_wheeled_robot/models/cafe_counter/meshes/counter_sink.obj\n'}
[0.483079] (two_wheeled_robot) StdoutLine: {'line': b'-- Up-to-date: /home/greyflon/lab_2025/install/two_wheeled_robot/share/two_wheeled_robot/models/cafe_counter/meshes/cafe_counter.obj\n'}
[0.483139] (two_wheeled_robot) StdoutLine: {'line': b'-- Up-to-date: /home/greyflon/lab_2025/install/two_wheeled_robot/share/two_wheeled_robot/models/cafe_counter/meshes/counter_no_sink.obj\n'}
[0.483249] (two_wheeled_robot) StdoutLine: {'line': b'-- Up-to-date: /home/greyflon/lab_2025/install/two_wheeled_robot/share/two_wheeled_robot/models/cafe_counter/meshes/cafe_counter.mtl\n'}
[0.483311] (two_wheeled_robot) StdoutLine: {'line': b'-- Up-to-date: /home/greyflon/lab_2025/install/two_wheeled_robot/share/two_wheeled_robot/models/cafe_counter/materials\n'}
[0.483373] (two_wheeled_robot) StdoutLine: {'line': b'-- Up-to-date: /home/greyflon/lab_2025/install/two_wheeled_robot/share/two_wheeled_robot/models/cafe_counter/materials/textures\n'}
[0.483433] (two_wheeled_robot) StdoutLine: {'line': b'-- Up-to-date: /home/greyflon/lab_2025/install/two_wheeled_robot/share/two_wheeled_robot/models/cafe_counter/materials/textures/cafe_counter.png\n'}
[0.483494] (two_wheeled_robot) StdoutLine: {'line': b'-- Up-to-date: /home/greyflon/lab_2025/install/two_wheeled_robot/share/two_wheeled_robot/models/cafe_counter/model.sdf\n'}
[0.483555] (two_wheeled_robot) StdoutLine: {'line': b'-- Up-to-date: /home/greyflon/lab_2025/install/two_wheeled_robot/share/two_wheeled_robot/models/aws_robomaker_residential_SofaC_01\n'}
[0.483733] (two_wheeled_robot) StdoutLine: {'line': b'-- Up-to-date: /home/greyflon/lab_2025/install/two_wheeled_robot/share/two_wheeled_robot/models/aws_robomaker_residential_SofaC_01/model.config\n'}
[0.483809] (two_wheeled_robot) StdoutLine: {'line': b'-- Up-to-date: /home/greyflon/lab_2025/install/two_wheeled_robot/share/two_wheeled_robot/models/aws_robomaker_residential_SofaC_01/meshes\n'}
[0.483871] (two_wheeled_robot) StdoutLine: {'line': b'-- Up-to-date: /home/greyflon/lab_2025/install/two_wheeled_robot/share/two_wheeled_robot/models/aws_robomaker_residential_SofaC_01/meshes/aws_SofaC_01_collision.DAE\n'}
[0.483931] (two_wheeled_robot) StdoutLine: {'line': b'-- Up-to-date: /home/greyflon/lab_2025/install/two_wheeled_robot/share/two_wheeled_robot/models/aws_robomaker_residential_SofaC_01/meshes/aws_SofaC_01_visual.DAE\n'}
[0.483993] (two_wheeled_robot) StdoutLine: {'line': b'-- Up-to-date: /home/greyflon/lab_2025/install/two_wheeled_robot/share/two_wheeled_robot/models/aws_robomaker_residential_SofaC_01/materials\n'}
[0.484054] (two_wheeled_robot) StdoutLine: {'line': b'-- Up-to-date: /home/greyflon/lab_2025/install/two_wheeled_robot/share/two_wheeled_robot/models/aws_robomaker_residential_SofaC_01/materials/textures\n'}
[0.484127] (two_wheeled_robot) StdoutLine: {'line': b'-- Up-to-date: /home/greyflon/lab_2025/install/two_wheeled_robot/share/two_wheeled_robot/models/aws_robomaker_residential_SofaC_01/materials/textures/aws_SofaC_01.png\n'}
[0.484251] (two_wheeled_robot) StdoutLine: {'line': b'-- Up-to-date: /home/greyflon/lab_2025/install/two_wheeled_robot/share/two_wheeled_robot/models/aws_robomaker_residential_SofaC_01/model.sdf\n'}
[0.484314] (two_wheeled_robot) StdoutLine: {'line': b'-- Up-to-date: /home/greyflon/lab_2025/install/two_wheeled_robot/share/two_wheeled_robot/models/aws_robomaker_warehouse_PalletJackB_01\n'}
[0.484376] (two_wheeled_robot) StdoutLine: {'line': b'-- Up-to-date: /home/greyflon/lab_2025/install/two_wheeled_robot/share/two_wheeled_robot/models/aws_robomaker_warehouse_PalletJackB_01/model.config\n'}
[0.484437] (two_wheeled_robot) StdoutLine: {'line': b'-- Up-to-date: /home/greyflon/lab_2025/install/two_wheeled_robot/share/two_wheeled_robot/models/aws_robomaker_warehouse_PalletJackB_01/meshes\n'}
[0.484497] (two_wheeled_robot) StdoutLine: {'line': b'-- Up-to-date: /home/greyflon/lab_2025/install/two_wheeled_robot/share/two_wheeled_robot/models/aws_robomaker_warehouse_PalletJackB_01/meshes/aws_robomaker_warehouse_PalletJackB_01_visual.DAE\n'}
[0.484559] (two_wheeled_robot) StdoutLine: {'line': b'-- Up-to-date: /home/greyflon/lab_2025/install/two_wheeled_robot/share/two_wheeled_robot/models/aws_robomaker_warehouse_PalletJackB_01/meshes/aws_robomaker_warehouse_PalletJackB_01_collision.DAE\n'}
[0.484648] (two_wheeled_robot) StdoutLine: {'line': b'-- Up-to-date: /home/greyflon/lab_2025/install/two_wheeled_robot/share/two_wheeled_robot/models/aws_robomaker_warehouse_PalletJackB_01/materials\n'}
[0.484758] (two_wheeled_robot) StdoutLine: {'line': b'-- Up-to-date: /home/greyflon/lab_2025/install/two_wheeled_robot/share/two_wheeled_robot/models/aws_robomaker_warehouse_PalletJackB_01/materials/textures\n'}
[0.484821] (two_wheeled_robot) StdoutLine: {'line': b'-- Up-to-date: /home/greyflon/lab_2025/install/two_wheeled_robot/share/two_wheeled_robot/models/aws_robomaker_warehouse_PalletJackB_01/materials/textures/aws_robomaker_warehouse_PalletJackB_02.png\n'}
[0.484883] (two_wheeled_robot) StdoutLine: {'line': b'-- Up-to-date: /home/greyflon/lab_2025/install/two_wheeled_robot/share/two_wheeled_robot/models/aws_robomaker_warehouse_PalletJackB_01/materials/textures/aws_robomaker_warehouse_PalletJackB_01.png\n'}
[0.484945] (two_wheeled_robot) StdoutLine: {'line': b'-- Up-to-date: /home/greyflon/lab_2025/install/two_wheeled_robot/share/two_wheeled_robot/models/aws_robomaker_warehouse_PalletJackB_01/model.sdf\n'}
[0.485006] (two_wheeled_robot) StdoutLine: {'line': b'-- Up-to-date: /home/greyflon/lab_2025/install/two_wheeled_robot/share/two_wheeled_robot/models/aws_robomaker_residential_Ball_01\n'}
[0.485067] (two_wheeled_robot) StdoutLine: {'line': b'-- Up-to-date: /home/greyflon/lab_2025/install/two_wheeled_robot/share/two_wheeled_robot/models/aws_robomaker_residential_Ball_01/model.config\n'}
[0.485128] (two_wheeled_robot) StdoutLine: {'line': b'-- Up-to-date: /home/greyflon/lab_2025/install/two_wheeled_robot/share/two_wheeled_robot/models/aws_robomaker_residential_Ball_01/meshes\n'}
[0.485189] (two_wheeled_robot) StdoutLine: {'line': b'-- Up-to-date: /home/greyflon/lab_2025/install/two_wheeled_robot/share/two_wheeled_robot/models/aws_robomaker_residential_Ball_01/meshes/aws_Ball_01_collision.DAE\n'}
[0.485250] (two_wheeled_robot) StdoutLine: {'line': b'-- Up-to-date: /home/greyflon/lab_2025/install/two_wheeled_robot/share/two_wheeled_robot/models/aws_robomaker_residential_Ball_01/meshes/aws_Ball_01_visual.DAE\n'}
[0.485311] (two_wheeled_robot) StdoutLine: {'line': b'-- Up-to-date: /home/greyflon/lab_2025/install/two_wheeled_robot/share/two_wheeled_robot/models/aws_robomaker_residential_Ball_01/materials\n'}
[0.485372] (two_wheeled_robot) StdoutLine: {'line': b'-- Up-to-date: /home/greyflon/lab_2025/install/two_wheeled_robot/share/two_wheeled_robot/models/aws_robomaker_residential_Ball_01/materials/textures\n'}
[0.485450] (two_wheeled_robot) StdoutLine: {'line': b'-- Up-to-date: /home/greyflon/lab_2025/install/two_wheeled_robot/share/two_wheeled_robot/models/aws_robomaker_residential_Ball_01/materials/textures/aws_Ball_01.png\n'}
[0.485514] (two_wheeled_robot) StdoutLine: {'line': b'-- Up-to-date: /home/greyflon/lab_2025/install/two_wheeled_robot/share/two_wheeled_robot/models/aws_robomaker_residential_Ball_01/model.sdf\n'}
[0.485575] (two_wheeled_robot) StdoutLine: {'line': b'-- Up-to-date: /home/greyflon/lab_2025/install/two_wheeled_robot/share/two_wheeled_robot/models/submarine_sinking\n'}
[0.485703] (two_wheeled_robot) StdoutLine: {'line': b'-- Up-to-date: /home/greyflon/lab_2025/install/two_wheeled_robot/share/two_wheeled_robot/models/submarine_sinking/model.config\n'}
[0.485768] (two_wheeled_robot) StdoutLine: {'line': b'-- Up-to-date: /home/greyflon/lab_2025/install/two_wheeled_robot/share/two_wheeled_robot/models/submarine_sinking/model.sdf\n'}
[0.485829] (two_wheeled_robot) StdoutLine: {'line': b'-- Up-to-date: /home/greyflon/lab_2025/install/two_wheeled_robot/share/two_wheeled_robot/models/submarine_sinking/model.sdf.erb\n'}
[0.485890] (two_wheeled_robot) StdoutLine: {'line': b'-- Up-to-date: /home/greyflon/lab_2025/install/two_wheeled_robot/share/two_wheeled_robot/models/aws_robomaker_residential_RoomWall_01\n'}
[0.485952] (two_wheeled_robot) StdoutLine: {'line': b'-- Up-to-date: /home/greyflon/lab_2025/install/two_wheeled_robot/share/two_wheeled_robot/models/aws_robomaker_residential_RoomWall_01/model.config\n'}
[0.486013] (two_wheeled_robot) StdoutLine: {'line': b'-- Up-to-date: /home/greyflon/lab_2025/install/two_wheeled_robot/share/two_wheeled_robot/models/aws_robomaker_residential_RoomWall_01/meshes\n'}
[0.486153] (two_wheeled_robot) StdoutLine: {'line': b'-- Up-to-date: /home/greyflon/lab_2025/install/two_wheeled_robot/share/two_wheeled_robot/models/aws_robomaker_residential_RoomWall_01/meshes/aws_RoomWall_01_collision.DAE\n'}
[0.486217] (two_wheeled_robot) StdoutLine: {'line': b'-- Up-to-date: /home/greyflon/lab_2025/install/two_wheeled_robot/share/two_wheeled_robot/models/aws_robomaker_residential_RoomWall_01/meshes/aws_RoomWall_01_visual.DAE\n'}
[0.486279] (two_wheeled_robot) StdoutLine: {'line': b'-- Up-to-date: /home/greyflon/lab_2025/install/two_wheeled_robot/share/two_wheeled_robot/models/aws_robomaker_residential_RoomWall_01/materials\n'}
[0.486340] (two_wheeled_robot) StdoutLine: {'line': b'-- Up-to-date: /home/greyflon/lab_2025/install/two_wheeled_robot/share/two_wheeled_robot/models/aws_robomaker_residential_RoomWall_01/materials/textures\n'}
[0.486402] (two_wheeled_robot) StdoutLine: {'line': b'-- Up-to-date: /home/greyflon/lab_2025/install/two_wheeled_robot/share/two_wheeled_robot/models/aws_robomaker_residential_RoomWall_01/materials/textures/aws_RoomWall_01.png\n'}
[0.486463] (two_wheeled_robot) StdoutLine: {'line': b'-- Up-to-date: /home/greyflon/lab_2025/install/two_wheeled_robot/share/two_wheeled_robot/models/aws_robomaker_residential_RoomWall_01/model.sdf\n'}
[0.486524] (two_wheeled_robot) StdoutLine: {'line': b'-- Up-to-date: /home/greyflon/lab_2025/install/two_wheeled_robot/share/two_wheeled_robot/models/casual_male2\n'}
[0.486591] (two_wheeled_robot) StdoutLine: {'line': b'-- Up-to-date: /home/greyflon/lab_2025/install/two_wheeled_robot/share/two_wheeled_robot/models/casual_male2/model.config\n'}
[0.486733] (two_wheeled_robot) StdoutLine: {'line': b'-- Up-to-date: /home/greyflon/lab_2025/install/two_wheeled_robot/share/two_wheeled_robot/models/casual_male2/meshes\n'}
[0.486797] (two_wheeled_robot) StdoutLine: {'line': b'-- Up-to-date: /home/greyflon/lab_2025/install/two_wheeled_robot/share/two_wheeled_robot/models/casual_male2/meshes/casual_male2.dae\n'}
[0.486858] (two_wheeled_robot) StdoutLine: {'line': b'-- Up-to-date: /home/greyflon/lab_2025/install/two_wheeled_robot/share/two_wheeled_robot/models/casual_male2/materials\n'}
[0.486919] (two_wheeled_robot) StdoutLine: {'line': b'-- Up-to-date: /home/greyflon/lab_2025/install/two_wheeled_robot/share/two_wheeled_robot/models/casual_male2/materials/textures\n'}
[0.486980] (two_wheeled_robot) StdoutLine: {'line': b'-- Up-to-date: /home/greyflon/lab_2025/install/two_wheeled_robot/share/two_wheeled_robot/models/casual_male2/materials/textures/young_darkskinned_male_diffuse.png\n'}
[0.487041] (two_wheeled_robot) StdoutLine: {'line': b'-- Up-to-date: /home/greyflon/lab_2025/install/two_wheeled_robot/share/two_wheeled_robot/models/casual_male2/materials/textures/male_casualsuit05_normal.png\n'}
[0.487102] (two_wheeled_robot) StdoutLine: {'line': b'-- Up-to-date: /home/greyflon/lab_2025/install/two_wheeled_robot/share/two_wheeled_robot/models/casual_male2/materials/textures/afro_diffuse.png\n'}
[0.487164] (two_wheeled_robot) StdoutLine: {'line': b'-- Up-to-date: /home/greyflon/lab_2025/install/two_wheeled_robot/share/two_wheeled_robot/models/casual_male2/materials/textures/eyebrow012.png\n'}
[0.487225] (two_wheeled_robot) StdoutLine: {'line': b'-- Up-to-date: /home/greyflon/lab_2025/install/two_wheeled_robot/share/two_wheeled_robot/models/casual_male2/materials/textures/brown_eye.png\n'}
[0.487286] (two_wheeled_robot) StdoutLine: {'line': b'-- Up-to-date: /home/greyflon/lab_2025/install/two_wheeled_robot/share/two_wheeled_robot/models/casual_male2/materials/textures/male_casualsuit05_diffuse.png\n'}
[0.487347] (two_wheeled_robot) StdoutLine: {'line': b'-- Up-to-date: /home/greyflon/lab_2025/install/two_wheeled_robot/share/two_wheeled_robot/models/casual_male2/model.sdf\n'}
[0.487426] (two_wheeled_robot) StdoutLine: {'line': b'-- Up-to-date: /home/greyflon/lab_2025/install/two_wheeled_robot/share/two_wheeled_robot/models/house_1\n'}
[0.487491] (two_wheeled_robot) StdoutLine: {'line': b'-- Up-to-date: /home/greyflon/lab_2025/install/two_wheeled_robot/share/two_wheeled_robot/models/house_1/model-1_4.sdf\n'}
[0.487658] (two_wheeled_robot) StdoutLine: {'line': b'-- Up-to-date: /home/greyflon/lab_2025/install/two_wheeled_robot/share/two_wheeled_robot/models/house_1/model.config\n'}
[0.487737] (two_wheeled_robot) StdoutLine: {'line': b'-- Up-to-date: /home/greyflon/lab_2025/install/two_wheeled_robot/share/two_wheeled_robot/models/house_1/meshes\n'}
[0.487799] (two_wheeled_robot) StdoutLine: {'line': b'-- Up-to-date: /home/greyflon/lab_2025/install/two_wheeled_robot/share/two_wheeled_robot/models/house_1/meshes/house_1.dae\n'}
[0.487861] (two_wheeled_robot) StdoutLine: {'line': b'-- Up-to-date: /home/greyflon/lab_2025/install/two_wheeled_robot/share/two_wheeled_robot/models/house_1/materials\n'}
[0.487922] (two_wheeled_robot) StdoutLine: {'line': b'-- Up-to-date: /home/greyflon/lab_2025/install/two_wheeled_robot/share/two_wheeled_robot/models/house_1/materials/scripts\n'}
[0.487983] (two_wheeled_robot) StdoutLine: {'line': b'-- Up-to-date: /home/greyflon/lab_2025/install/two_wheeled_robot/share/two_wheeled_robot/models/house_1/materials/scripts/house_1.material\n'}
[0.488044] (two_wheeled_robot) StdoutLine: {'line': b'-- Up-to-date: /home/greyflon/lab_2025/install/two_wheeled_robot/share/two_wheeled_robot/models/house_1/materials/textures\n'}
[0.488104] (two_wheeled_robot) StdoutLine: {'line': b'-- Up-to-date: /home/greyflon/lab_2025/install/two_wheeled_robot/share/two_wheeled_robot/models/house_1/materials/textures/House_1_Spec.png\n'}
[0.488165] (two_wheeled_robot) StdoutLine: {'line': b'-- Up-to-date: /home/greyflon/lab_2025/install/two_wheeled_robot/share/two_wheeled_robot/models/house_1/materials/textures/House_1_Normal.png\n'}
[0.488306] (two_wheeled_robot) StdoutLine: {'line': b'-- Up-to-date: /home/greyflon/lab_2025/install/two_wheeled_robot/share/two_wheeled_robot/models/house_1/materials/textures/House_1_Diffuse.png\n'}
[0.488369] (two_wheeled_robot) StdoutLine: {'line': b'-- Up-to-date: /home/greyflon/lab_2025/install/two_wheeled_robot/share/two_wheeled_robot/models/house_1/model.sdf\n'}
[0.488429] (two_wheeled_robot) StdoutLine: {'line': b'-- Up-to-date: /home/greyflon/lab_2025/install/two_wheeled_robot/share/two_wheeled_robot/models/house_1/model-1_3.sdf\n'}
[0.488491] (two_wheeled_robot) StdoutLine: {'line': b'-- Up-to-date: /home/greyflon/lab_2025/install/two_wheeled_robot/share/two_wheeled_robot/models/aws_robomaker_residential_KitchenUtensils_01\n'}
[0.488552] (two_wheeled_robot) StdoutLine: {'line': b'-- Up-to-date: /home/greyflon/lab_2025/install/two_wheeled_robot/share/two_wheeled_robot/models/aws_robomaker_residential_KitchenUtensils_01/model.config\n'}
[0.488675] (two_wheeled_robot) StdoutLine: {'line': b'-- Up-to-date: /home/greyflon/lab_2025/install/two_wheeled_robot/share/two_wheeled_robot/models/aws_robomaker_residential_KitchenUtensils_01/meshes\n'}
[0.488763] (two_wheeled_robot) StdoutLine: {'line': b'-- Up-to-date: /home/greyflon/lab_2025/install/two_wheeled_robot/share/two_wheeled_robot/models/aws_robomaker_residential_KitchenUtensils_01/meshes/aws_KitchenUtensils_01_visual.DAE\n'}
[0.488826] (two_wheeled_robot) StdoutLine: {'line': b'-- Up-to-date: /home/greyflon/lab_2025/install/two_wheeled_robot/share/two_wheeled_robot/models/aws_robomaker_residential_KitchenUtensils_01/meshes/aws_KitchenUtensils_01_collision.DAE\n'}
[0.488888] (two_wheeled_robot) StdoutLine: {'line': b'-- Up-to-date: /home/greyflon/lab_2025/install/two_wheeled_robot/share/two_wheeled_robot/models/aws_robomaker_residential_KitchenUtensils_01/materials\n'}
[0.488949] (two_wheeled_robot) StdoutLine: {'line': b'-- Up-to-date: /home/greyflon/lab_2025/install/two_wheeled_robot/share/two_wheeled_robot/models/aws_robomaker_residential_KitchenUtensils_01/materials/textures\n'}
[0.489010] (two_wheeled_robot) StdoutLine: {'line': b'-- Up-to-date: /home/greyflon/lab_2025/install/two_wheeled_robot/share/two_wheeled_robot/models/aws_robomaker_residential_KitchenUtensils_01/materials/textures/aws_KitchenUtensils_01.png\n'}
[0.489091] (two_wheeled_robot) StdoutLine: {'line': b'-- Up-to-date: /home/greyflon/lab_2025/install/two_wheeled_robot/share/two_wheeled_robot/models/aws_robomaker_residential_KitchenUtensils_01/model.sdf\n'}
[0.489164] (two_wheeled_robot) StdoutLine: {'line': b'-- Up-to-date: /home/greyflon/lab_2025/install/two_wheeled_robot/share/two_wheeled_robot/models/person_walking\n'}
[0.489225] (two_wheeled_robot) StdoutLine: {'line': b'-- Up-to-date: /home/greyflon/lab_2025/install/two_wheeled_robot/share/two_wheeled_robot/models/person_walking/model.config\n'}
[0.489286] (two_wheeled_robot) StdoutLine: {'line': b'-- Up-to-date: /home/greyflon/lab_2025/install/two_wheeled_robot/share/two_wheeled_robot/models/person_walking/meshes\n'}
[0.489350] (two_wheeled_robot) StdoutLine: {'line': b'-- Up-to-date: /home/greyflon/lab_2025/install/two_wheeled_robot/share/two_wheeled_robot/models/person_walking/meshes/walking.dae\n'}
[0.489424] (two_wheeled_robot) StdoutLine: {'line': b'-- Up-to-date: /home/greyflon/lab_2025/install/two_wheeled_robot/share/two_wheeled_robot/models/person_walking/materials\n'}
[0.489517] (two_wheeled_robot) StdoutLine: {'line': b'-- Up-to-date: /home/greyflon/lab_2025/install/two_wheeled_robot/share/two_wheeled_robot/models/person_walking/materials/textures\n'}
[0.489588] (two_wheeled_robot) StdoutLine: {'line': b'-- Up-to-date: /home/greyflon/lab_2025/install/two_wheeled_robot/share/two_wheeled_robot/models/person_walking/materials/textures/eyebrow001-unmodified.png\n'}
[0.489727] (two_wheeled_robot) StdoutLine: {'line': b'-- Up-to-date: /home/greyflon/lab_2025/install/two_wheeled_robot/share/two_wheeled_robot/models/person_walking/materials/textures/male02_diffuse_black-unmodified.png\n'}
[0.489790] (two_wheeled_robot) StdoutLine: {'line': b'-- Up-to-date: /home/greyflon/lab_2025/install/two_wheeled_robot/share/two_wheeled_robot/models/person_walking/materials/textures/green_eye.png\n'}
[0.489852] (two_wheeled_robot) StdoutLine: {'line': b'-- Up-to-date: /home/greyflon/lab_2025/install/two_wheeled_robot/share/two_wheeled_robot/models/person_walking/materials/textures/jeans_basic_diffuse.png\n'}
[0.489912] (two_wheeled_robot) StdoutLine: {'line': b'-- Up-to-date: /home/greyflon/lab_2025/install/two_wheeled_robot/share/two_wheeled_robot/models/person_walking/materials/textures/eyebrow001.png\n'}
[0.489972] (two_wheeled_robot) StdoutLine: {'line': b'-- Up-to-date: /home/greyflon/lab_2025/install/two_wheeled_robot/share/two_wheeled_robot/models/person_walking/materials/textures/tshirt02_normals.png\n'}
[0.490032] (two_wheeled_robot) StdoutLine: {'line': b'-- Up-to-date: /home/greyflon/lab_2025/install/two_wheeled_robot/share/two_wheeled_robot/models/person_walking/materials/textures/jeans01_normals.png\n'}
[0.490107] (two_wheeled_robot) StdoutLine: {'line': b'-- Up-to-date: /home/greyflon/lab_2025/install/two_wheeled_robot/share/two_wheeled_robot/models/person_walking/materials/textures/male02_diffuse_black.png\n'}
[0.490188] (two_wheeled_robot) StdoutLine: {'line': b'-- Up-to-date: /home/greyflon/lab_2025/install/two_wheeled_robot/share/two_wheeled_robot/models/person_walking/materials/textures/young_lightskinned_male_diffuse.png\n'}
[0.490271] (two_wheeled_robot) StdoutLine: {'line': b'-- Up-to-date: /home/greyflon/lab_2025/install/two_wheeled_robot/share/two_wheeled_robot/models/person_walking/materials/textures/teeth.png\n'}
[0.490462] (two_wheeled_robot) StdoutLine: {'line': b'-- Up-to-date: /home/greyflon/lab_2025/install/two_wheeled_robot/share/two_wheeled_robot/models/person_walking/materials/textures/tshirt02_texture.png\n'}
[0.490541] (two_wheeled_robot) StdoutLine: {'line': b'-- Up-to-date: /home/greyflon/lab_2025/install/two_wheeled_robot/share/two_wheeled_robot/models/person_walking/model.sdf\n'}
[0.490686] (two_wheeled_robot) StdoutLine: {'line': b'-- Up-to-date: /home/greyflon/lab_2025/install/two_wheeled_robot/share/two_wheeled_robot/models/aws_robomaker_residential_Chandelier_01\n'}
[0.490770] (two_wheeled_robot) StdoutLine: {'line': b'-- Up-to-date: /home/greyflon/lab_2025/install/two_wheeled_robot/share/two_wheeled_robot/models/aws_robomaker_residential_Chandelier_01/model.config\n'}
[0.490892] (two_wheeled_robot) StdoutLine: {'line': b'-- Up-to-date: /home/greyflon/lab_2025/install/two_wheeled_robot/share/two_wheeled_robot/models/aws_robomaker_residential_Chandelier_01/meshes\n'}
[0.490968] (two_wheeled_robot) StdoutLine: {'line': b'-- Up-to-date: /home/greyflon/lab_2025/install/two_wheeled_robot/share/two_wheeled_robot/models/aws_robomaker_residential_Chandelier_01/meshes/aws_Chandelier_01_collision.DAE\n'}
[0.491044] (two_wheeled_robot) StdoutLine: {'line': b'-- Up-to-date: /home/greyflon/lab_2025/install/two_wheeled_robot/share/two_wheeled_robot/models/aws_robomaker_residential_Chandelier_01/meshes/aws_Chandelier_01_visual.DAE\n'}
[0.491119] (two_wheeled_robot) StdoutLine: {'line': b'-- Up-to-date: /home/greyflon/lab_2025/install/two_wheeled_robot/share/two_wheeled_robot/models/aws_robomaker_residential_Chandelier_01/meshes/aws_Chandelier_01.DAE\n'}
[0.491195] (two_wheeled_robot) StdoutLine: {'line': b'-- Up-to-date: /home/greyflon/lab_2025/install/two_wheeled_robot/share/two_wheeled_robot/models/aws_robomaker_residential_Chandelier_01/materials\n'}
[0.491270] (two_wheeled_robot) StdoutLine: {'line': b'-- Up-to-date: /home/greyflon/lab_2025/install/two_wheeled_robot/share/two_wheeled_robot/models/aws_robomaker_residential_Chandelier_01/materials/textures\n'}
[0.491345] (two_wheeled_robot) StdoutLine: {'line': b'-- Up-to-date: /home/greyflon/lab_2025/install/two_wheeled_robot/share/two_wheeled_robot/models/aws_robomaker_residential_Chandelier_01/materials/textures/aws_Chandelier_01.png\n'}
[0.491420] (two_wheeled_robot) StdoutLine: {'line': b'-- Up-to-date: /home/greyflon/lab_2025/install/two_wheeled_robot/share/two_wheeled_robot/models/aws_robomaker_residential_Chandelier_01/model.sdf\n'}
[0.491495] (two_wheeled_robot) StdoutLine: {'line': b'-- Up-to-date: /home/greyflon/lab_2025/install/two_wheeled_robot/share/two_wheeled_robot/models/big_plant\n'}
[0.491570] (two_wheeled_robot) StdoutLine: {'line': b'-- Up-to-date: /home/greyflon/lab_2025/install/two_wheeled_robot/share/two_wheeled_robot/models/big_plant/mesh\n'}
[0.491664] (two_wheeled_robot) StdoutLine: {'line': b'-- Up-to-date: /home/greyflon/lab_2025/install/two_wheeled_robot/share/two_wheeled_robot/models/big_plant/mesh/big_plant.stl\n'}
[0.491765] (two_wheeled_robot) StdoutLine: {'line': b'-- Up-to-date: /home/greyflon/lab_2025/install/two_wheeled_robot/share/two_wheeled_robot/models/big_plant/model.config\n'}
[0.491843] (two_wheeled_robot) StdoutLine: {'line': b'-- Up-to-date: /home/greyflon/lab_2025/install/two_wheeled_robot/share/two_wheeled_robot/models/big_plant/model.sdf\n'}
[0.491918] (two_wheeled_robot) StdoutLine: {'line': b'-- Up-to-date: /home/greyflon/lab_2025/install/two_wheeled_robot/share/two_wheeled_robot/models/aws_robomaker_residential_LightC_01\n'}
[0.491994] (two_wheeled_robot) StdoutLine: {'line': b'-- Up-to-date: /home/greyflon/lab_2025/install/two_wheeled_robot/share/two_wheeled_robot/models/aws_robomaker_residential_LightC_01/model.config\n'}
[0.492073] (two_wheeled_robot) StdoutLine: {'line': b'-- Up-to-date: /home/greyflon/lab_2025/install/two_wheeled_robot/share/two_wheeled_robot/models/aws_robomaker_residential_LightC_01/meshes\n'}
[0.492193] (two_wheeled_robot) StdoutLine: {'line': b'-- Up-to-date: /home/greyflon/lab_2025/install/two_wheeled_robot/share/two_wheeled_robot/models/aws_robomaker_residential_LightC_01/meshes/aws_LightC_01_visual.DAE\n'}
[0.492296] (two_wheeled_robot) StdoutLine: {'line': b'-- Up-to-date: /home/greyflon/lab_2025/install/two_wheeled_robot/share/two_wheeled_robot/models/aws_robomaker_residential_LightC_01/meshes/aws_LightC_01_collision.DAE\n'}
[0.492408] (two_wheeled_robot) StdoutLine: {'line': b'-- Up-to-date: /home/greyflon/lab_2025/install/two_wheeled_robot/share/two_wheeled_robot/models/aws_robomaker_residential_LightC_01/materials\n'}
[0.492500] (two_wheeled_robot) StdoutLine: {'line': b'-- Up-to-date: /home/greyflon/lab_2025/install/two_wheeled_robot/share/two_wheeled_robot/models/aws_robomaker_residential_LightC_01/materials/textures\n'}
[0.492858] (two_wheeled_robot) StdoutLine: {'line': b'-- Up-to-date: /home/greyflon/lab_2025/install/two_wheeled_robot/share/two_wheeled_robot/models/aws_robomaker_residential_LightC_01/materials/textures/aws_LightC_01.png\n'}
[0.492964] (two_wheeled_robot) StdoutLine: {'line': b'-- Up-to-date: /home/greyflon/lab_2025/install/two_wheeled_robot/share/two_wheeled_robot/models/aws_robomaker_residential_LightC_01/model.sdf\n'}
[0.493064] (two_wheeled_robot) StdoutLine: {'line': b'-- Up-to-date: /home/greyflon/lab_2025/install/two_wheeled_robot/share/two_wheeled_robot/models/elegant_male\n'}
[0.493160] (two_wheeled_robot) StdoutLine: {'line': b'-- Up-to-date: /home/greyflon/lab_2025/install/two_wheeled_robot/share/two_wheeled_robot/models/elegant_male/model.config\n'}
[0.493251] (two_wheeled_robot) StdoutLine: {'line': b'-- Up-to-date: /home/greyflon/lab_2025/install/two_wheeled_robot/share/two_wheeled_robot/models/elegant_male/meshes\n'}
[0.493329] (two_wheeled_robot) StdoutLine: {'line': b'-- Up-to-date: /home/greyflon/lab_2025/install/two_wheeled_robot/share/two_wheeled_robot/models/elegant_male/meshes/elegant_male.dae\n'}
[0.493425] (two_wheeled_robot) StdoutLine: {'line': b'-- Up-to-date: /home/greyflon/lab_2025/install/two_wheeled_robot/share/two_wheeled_robot/models/elegant_male/meshes/elegant_male.png\n'}
[0.493533] (two_wheeled_robot) StdoutLine: {'line': b'-- Up-to-date: /home/greyflon/lab_2025/install/two_wheeled_robot/share/two_wheeled_robot/models/elegant_male/materials\n'}
[0.493650] (two_wheeled_robot) StdoutLine: {'line': b'-- Up-to-date: /home/greyflon/lab_2025/install/two_wheeled_robot/share/two_wheeled_robot/models/elegant_male/materials/textures\n'}
[0.493747] (two_wheeled_robot) StdoutLine: {'line': b'-- Up-to-date: /home/greyflon/lab_2025/install/two_wheeled_robot/share/two_wheeled_robot/models/elegant_male/materials/textures/shoes01_normal.png\n'}
[0.493840] (two_wheeled_robot) StdoutLine: {'line': b'-- Up-to-date: /home/greyflon/lab_2025/install/two_wheeled_robot/share/two_wheeled_robot/models/elegant_male/materials/textures/short01_diffuse.png\n'}
[0.493937] (two_wheeled_robot) StdoutLine: {'line': b'-- Up-to-date: /home/greyflon/lab_2025/install/two_wheeled_robot/share/two_wheeled_robot/models/elegant_male/materials/textures/eyebrow005.png\n'}
[0.494021] (two_wheeled_robot) StdoutLine: {'line': b'-- Up-to-date: /home/greyflon/lab_2025/install/two_wheeled_robot/share/two_wheeled_robot/models/elegant_male/materials/textures/male_elegantsuit01_diffuse.png\n'}
[0.494108] (two_wheeled_robot) StdoutLine: {'line': b'-- Up-to-date: /home/greyflon/lab_2025/install/two_wheeled_robot/share/two_wheeled_robot/models/elegant_male/materials/textures/young_lightskinned_male_diffuse3.png\n'}
[0.494190] (two_wheeled_robot) StdoutLine: {'line': b'-- Up-to-date: /home/greyflon/lab_2025/install/two_wheeled_robot/share/two_wheeled_robot/models/elegant_male/materials/textures/brown_eye.png\n'}
[0.494276] (two_wheeled_robot) StdoutLine: {'line': b'-- Up-to-date: /home/greyflon/lab_2025/install/two_wheeled_robot/share/two_wheeled_robot/models/elegant_male/materials/textures/shoes01_diffuse.png\n'}
[0.494359] (two_wheeled_robot) StdoutLine: {'line': b'-- Up-to-date: /home/greyflon/lab_2025/install/two_wheeled_robot/share/two_wheeled_robot/models/elegant_male/model.sdf\n'}
[0.494447] (two_wheeled_robot) StdoutLine: {'line': b'-- Up-to-date: /home/greyflon/lab_2025/install/two_wheeled_robot/share/two_wheeled_robot/models/aws_robomaker_hospital_floor_01_walls\n'}
[0.494544] (two_wheeled_robot) StdoutLine: {'line': b'-- Up-to-date: /home/greyflon/lab_2025/install/two_wheeled_robot/share/two_wheeled_robot/models/aws_robomaker_hospital_floor_01_walls/model.config\n'}
[0.494685] (two_wheeled_robot) StdoutLine: {'line': b'-- Up-to-date: /home/greyflon/lab_2025/install/two_wheeled_robot/share/two_wheeled_robot/models/aws_robomaker_hospital_floor_01_walls/meshes\n'}
[0.494775] (two_wheeled_robot) StdoutLine: {'line': b'-- Up-to-date: /home/greyflon/lab_2025/install/two_wheeled_robot/share/two_wheeled_robot/models/aws_robomaker_hospital_floor_01_walls/meshes/aws_robomaker_hospital_floor_01_walls.png\n'}
[0.494864] (two_wheeled_robot) StdoutLine: {'line': b'-- Up-to-date: /home/greyflon/lab_2025/install/two_wheeled_robot/share/two_wheeled_robot/models/aws_robomaker_hospital_floor_01_walls/meshes/aws_robomaker_hospital_floor_01_doorsign.png\n'}
[0.494952] (two_wheeled_robot) StdoutLine: {'line': b'-- Up-to-date: /home/greyflon/lab_2025/install/two_wheeled_robot/share/two_wheeled_robot/models/aws_robomaker_hospital_floor_01_walls/meshes/aws_robomaker_hospital_floor_01_stairs.png\n'}
[0.495039] (two_wheeled_robot) StdoutLine: {'line': b'-- Up-to-date: /home/greyflon/lab_2025/install/two_wheeled_robot/share/two_wheeled_robot/models/aws_robomaker_hospital_floor_01_walls/meshes/aws_robomaker_hospital_floor_01_windows.png\n'}
[0.495145] (two_wheeled_robot) StdoutLine: {'line': b'-- Up-to-date: /home/greyflon/lab_2025/install/two_wheeled_robot/share/two_wheeled_robot/models/aws_robomaker_hospital_floor_01_walls/meshes/aws_robomaker_hospital_floor_01_walls_collision.dae\n'}
[0.495224] (two_wheeled_robot) StdoutLine: {'line': b'-- Up-to-date: /home/greyflon/lab_2025/install/two_wheeled_robot/share/two_wheeled_robot/models/aws_robomaker_hospital_floor_01_walls/meshes/aws_robomaker_hospital_floor_01_bumprail.png\n'}
[0.495308] (two_wheeled_robot) StdoutLine: {'line': b'-- Up-to-date: /home/greyflon/lab_2025/install/two_wheeled_robot/share/two_wheeled_robot/models/aws_robomaker_hospital_floor_01_walls/meshes/aws_robomaker_hospital_floor_01_handrail.png\n'}
[0.495395] (two_wheeled_robot) StdoutLine: {'line': b'-- Up-to-date: /home/greyflon/lab_2025/install/two_wheeled_robot/share/two_wheeled_robot/models/aws_robomaker_hospital_floor_01_walls/meshes/aws_robomaker_hospital_floor_01_doorframes_small.png\n'}
[0.495482] (two_wheeled_robot) StdoutLine: {'line': b'-- Up-to-date: /home/greyflon/lab_2025/install/two_wheeled_robot/share/two_wheeled_robot/models/aws_robomaker_hospital_floor_01_walls/meshes/aws_robomaker_hospital_floor_01_doorframes_big.png\n'}
[0.495567] (two_wheeled_robot) StdoutLine: {'line': b'-- Up-to-date: /home/greyflon/lab_2025/install/two_wheeled_robot/share/two_wheeled_robot/models/aws_robomaker_hospital_floor_01_walls/meshes/aws_robomaker_hospital_floor_01_walls_visual.dae\n'}
[0.495664] (two_wheeled_robot) StdoutLine: {'line': b'-- Up-to-date: /home/greyflon/lab_2025/install/two_wheeled_robot/share/two_wheeled_robot/models/aws_robomaker_hospital_floor_01_walls/model.sdf\n'}
[0.495736] (two_wheeled_robot) StdoutLine: {'line': b'-- Up-to-date: /home/greyflon/lab_2025/install/two_wheeled_robot/share/two_wheeled_robot/models/aws_robomaker_residential_Bed_01\n'}
[0.495823] (two_wheeled_robot) StdoutLine: {'line': b'-- Up-to-date: /home/greyflon/lab_2025/install/two_wheeled_robot/share/two_wheeled_robot/models/aws_robomaker_residential_Bed_01/model.config\n'}
[0.495940] (two_wheeled_robot) StdoutLine: {'line': b'-- Up-to-date: /home/greyflon/lab_2025/install/two_wheeled_robot/share/two_wheeled_robot/models/aws_robomaker_residential_Bed_01/meshes\n'}
[0.496034] (two_wheeled_robot) StdoutLine: {'line': b'-- Up-to-date: /home/greyflon/lab_2025/install/two_wheeled_robot/share/two_wheeled_robot/models/aws_robomaker_residential_Bed_01/meshes/aws_Bed_01_visual.DAE\n'}
[0.496121] (two_wheeled_robot) StdoutLine: {'line': b'-- Up-to-date: /home/greyflon/lab_2025/install/two_wheeled_robot/share/two_wheeled_robot/models/aws_robomaker_residential_Bed_01/meshes/aws_Bed_01_collision.DAE\n'}
[0.496204] (two_wheeled_robot) StdoutLine: {'line': b'-- Up-to-date: /home/greyflon/lab_2025/install/two_wheeled_robot/share/two_wheeled_robot/models/aws_robomaker_residential_Bed_01/materials\n'}
[0.496292] (two_wheeled_robot) StdoutLine: {'line': b'-- Up-to-date: /home/greyflon/lab_2025/install/two_wheeled_robot/share/two_wheeled_robot/models/aws_robomaker_residential_Bed_01/materials/textures\n'}
[0.496375] (two_wheeled_robot) StdoutLine: {'line': b'-- Up-to-date: /home/greyflon/lab_2025/install/two_wheeled_robot/share/two_wheeled_robot/models/aws_robomaker_residential_Bed_01/materials/textures/aws_BedC_01.png\n'}
[0.496469] (two_wheeled_robot) StdoutLine: {'line': b'-- Up-to-date: /home/greyflon/lab_2025/install/two_wheeled_robot/share/two_wheeled_robot/models/aws_robomaker_residential_Bed_01/materials/textures/aws_BedB_01.png\n'}
[0.496556] (two_wheeled_robot) StdoutLine: {'line': b'-- Up-to-date: /home/greyflon/lab_2025/install/two_wheeled_robot/share/two_wheeled_robot/models/aws_robomaker_residential_Bed_01/materials/textures/aws_Bed_01.png\n'}
[0.496655] (two_wheeled_robot) StdoutLine: {'line': b'-- Up-to-date: /home/greyflon/lab_2025/install/two_wheeled_robot/share/two_wheeled_robot/models/aws_robomaker_residential_Bed_01/materials/textures/aws_BedA_01.png\n'}
[0.496750] (two_wheeled_robot) StdoutLine: {'line': b'-- Up-to-date: /home/greyflon/lab_2025/install/two_wheeled_robot/share/two_wheeled_robot/models/aws_robomaker_residential_Bed_01/model.sdf\n'}
[0.496837] (two_wheeled_robot) StdoutLine: {'line': b'-- Up-to-date: /home/greyflon/lab_2025/install/two_wheeled_robot/share/two_wheeled_robot/models/green_tray\n'}
[0.496923] (two_wheeled_robot) StdoutLine: {'line': b'-- Up-to-date: /home/greyflon/lab_2025/install/two_wheeled_robot/share/two_wheeled_robot/models/green_tray/model.config\n'}
[0.497006] (two_wheeled_robot) StdoutLine: {'line': b'-- Up-to-date: /home/greyflon/lab_2025/install/two_wheeled_robot/share/two_wheeled_robot/models/green_tray/meshes\n'}
[0.497089] (two_wheeled_robot) StdoutLine: {'line': b'-- Up-to-date: /home/greyflon/lab_2025/install/two_wheeled_robot/share/two_wheeled_robot/models/green_tray/meshes/green_tray.dae\n'}
[0.497226] (two_wheeled_robot) StdoutLine: {'line': b'-- Up-to-date: /home/greyflon/lab_2025/install/two_wheeled_robot/share/two_wheeled_robot/models/green_tray/model.sdf\n'}
[0.497316] (two_wheeled_robot) StdoutLine: {'line': b'-- Up-to-date: /home/greyflon/lab_2025/install/two_wheeled_robot/share/two_wheeled_robot/models/target_4x4\n'}
[0.497411] (two_wheeled_robot) StdoutLine: {'line': b'-- Up-to-date: /home/greyflon/lab_2025/install/two_wheeled_robot/share/two_wheeled_robot/models/target_4x4/model.config\n'}
[0.497494] (two_wheeled_robot) StdoutLine: {'line': b'-- Up-to-date: /home/greyflon/lab_2025/install/two_wheeled_robot/share/two_wheeled_robot/models/target_4x4/meshes\n'}
[0.497587] (two_wheeled_robot) StdoutLine: {'line': b'-- Up-to-date: /home/greyflon/lab_2025/install/two_wheeled_robot/share/two_wheeled_robot/models/target_4x4/meshes/target_4x4.dae\n'}
[0.497685] (two_wheeled_robot) StdoutLine: {'line': b'-- Up-to-date: /home/greyflon/lab_2025/install/two_wheeled_robot/share/two_wheeled_robot/models/target_4x4/model.sdf\n'}
[0.497772] (two_wheeled_robot) StdoutLine: {'line': b'-- Up-to-date: /home/greyflon/lab_2025/install/two_wheeled_robot/share/two_wheeled_robot/models/robotbase\n'}
[0.497859] (two_wheeled_robot) StdoutLine: {'line': b'-- Up-to-date: /home/greyflon/lab_2025/install/two_wheeled_robot/share/two_wheeled_robot/models/robotbase/model.config\n'}
[0.497946] (two_wheeled_robot) StdoutLine: {'line': b'-- Up-to-date: /home/greyflon/lab_2025/install/two_wheeled_robot/share/two_wheeled_robot/models/robotbase/model.sdf\n'}
[0.498032] (two_wheeled_robot) StdoutLine: {'line': b'-- Up-to-date: /home/greyflon/lab_2025/install/two_wheeled_robot/share/two_wheeled_robot/models/washer\n'}
[0.498132] (two_wheeled_robot) StdoutLine: {'line': b'-- Up-to-date: /home/greyflon/lab_2025/install/two_wheeled_robot/share/two_wheeled_robot/models/washer/model.config\n'}
[0.498216] (two_wheeled_robot) StdoutLine: {'line': b'-- Up-to-date: /home/greyflon/lab_2025/install/two_wheeled_robot/share/two_wheeled_robot/models/washer/meshes\n'}
[0.498304] (two_wheeled_robot) StdoutLine: {'line': b'-- Up-to-date: /home/greyflon/lab_2025/install/two_wheeled_robot/share/two_wheeled_robot/models/washer/meshes/washer.dae\n'}
[0.498390] (two_wheeled_robot) StdoutLine: {'line': b'-- Up-to-date: /home/greyflon/lab_2025/install/two_wheeled_robot/share/two_wheeled_robot/models/washer/model.sdf\n'}
[0.498506] (two_wheeled_robot) StdoutLine: {'line': b'-- Up-to-date: /home/greyflon/lab_2025/install/two_wheeled_robot/share/two_wheeled_robot/models/washer/model.rsdf\n'}
[0.498592] (two_wheeled_robot) StdoutLine: {'line': b'-- Up-to-date: /home/greyflon/lab_2025/install/two_wheeled_robot/share/two_wheeled_robot/models/aws_robomaker_hospital_curtain_closed_01\n'}
[0.498712] (two_wheeled_robot) StdoutLine: {'line': b'-- Up-to-date: /home/greyflon/lab_2025/install/two_wheeled_robot/share/two_wheeled_robot/models/aws_robomaker_hospital_curtain_closed_01/model.config\n'}
[0.498818] (two_wheeled_robot) StdoutLine: {'line': b'-- Up-to-date: /home/greyflon/lab_2025/install/two_wheeled_robot/share/two_wheeled_robot/models/aws_robomaker_hospital_curtain_closed_01/meshes\n'}
[0.498910] (two_wheeled_robot) StdoutLine: {'line': b'-- Up-to-date: /home/greyflon/lab_2025/install/two_wheeled_robot/share/two_wheeled_robot/models/aws_robomaker_hospital_curtain_closed_01/meshes/aws_robomaker_hospital_curtainrail_01_visual.png\n'}
[0.498998] (two_wheeled_robot) StdoutLine: {'line': b'-- Up-to-date: /home/greyflon/lab_2025/install/two_wheeled_robot/share/two_wheeled_robot/models/aws_robomaker_hospital_curtain_closed_01/meshes/aws_robomaker_hospital_curtain_closed_01_low.png\n'}
[0.499086] (two_wheeled_robot) StdoutLine: {'line': b'-- Up-to-date: /home/greyflon/lab_2025/install/two_wheeled_robot/share/two_wheeled_robot/models/aws_robomaker_hospital_curtain_closed_01/meshes/aws_robomaker_hospital_curtainrail_01_visual_normal.png\n'}
[0.499174] (two_wheeled_robot) StdoutLine: {'line': b'-- Up-to-date: /home/greyflon/lab_2025/install/two_wheeled_robot/share/two_wheeled_robot/models/aws_robomaker_hospital_curtain_closed_01/meshes/aws_robomaker_hospital_curtain_closed_01_low_normal.png\n'}
[0.499265] (two_wheeled_robot) StdoutLine: {'line': b'-- Up-to-date: /home/greyflon/lab_2025/install/two_wheeled_robot/share/two_wheeled_robot/models/aws_robomaker_hospital_curtain_closed_01/meshes/aws_robomaker_hospital_curtain_closed_01_visual.dae\n'}
[0.499352] (two_wheeled_robot) StdoutLine: {'line': b'-- Up-to-date: /home/greyflon/lab_2025/install/two_wheeled_robot/share/two_wheeled_robot/models/aws_robomaker_hospital_curtain_closed_01/meshes/aws_robomaker_hospital_curtain_closed_01_collision.dae\n'}
[0.499449] (two_wheeled_robot) StdoutLine: {'line': b'-- Up-to-date: /home/greyflon/lab_2025/install/two_wheeled_robot/share/two_wheeled_robot/models/aws_robomaker_hospital_curtain_closed_01/meshes/aws_robomaker_hospital_curtain_closed_01_visual_normal.png\n'}
[0.499510] (two_wheeled_robot) StdoutLine: {'line': b'-- Up-to-date: /home/greyflon/lab_2025/install/two_wheeled_robot/share/two_wheeled_robot/models/aws_robomaker_hospital_curtain_closed_01/meshes/aws_robomaker_hospital_curtain_closed_01_visual.png\n'}
[0.499563] (two_wheeled_robot) StdoutLine: {'line': b'-- Up-to-date: /home/greyflon/lab_2025/install/two_wheeled_robot/share/two_wheeled_robot/models/aws_robomaker_hospital_curtain_closed_01/meshes/aws_robomaker_hospital_curtainrail_01_low.png\n'}
[0.499629] (two_wheeled_robot) StdoutLine: {'line': b'-- Up-to-date: /home/greyflon/lab_2025/install/two_wheeled_robot/share/two_wheeled_robot/models/aws_robomaker_hospital_curtain_closed_01/meshes/aws_robomaker_hospital_curtainrail_01_low_normal.png\n'}
[0.499685] (two_wheeled_robot) StdoutLine: {'line': b'-- Up-to-date: /home/greyflon/lab_2025/install/two_wheeled_robot/share/two_wheeled_robot/models/aws_robomaker_hospital_curtain_closed_01/model.sdf\n'}
[0.499738] (two_wheeled_robot) StdoutLine: {'line': b'-- Up-to-date: /home/greyflon/lab_2025/install/two_wheeled_robot/share/two_wheeled_robot/models/BPCart\n'}
[0.499791] (two_wheeled_robot) StdoutLine: {'line': b'-- Up-to-date: /home/greyflon/lab_2025/install/two_wheeled_robot/share/two_wheeled_robot/models/BPCart/model.config\n'}
[0.499844] (two_wheeled_robot) StdoutLine: {'line': b'-- Up-to-date: /home/greyflon/lab_2025/install/two_wheeled_robot/share/two_wheeled_robot/models/BPCart/meshes\n'}
[0.499897] (two_wheeled_robot) StdoutLine: {'line': b'-- Up-to-date: /home/greyflon/lab_2025/install/two_wheeled_robot/share/two_wheeled_robot/models/BPCart/meshes/Cart_BP_Diffuse.png\n'}
[0.499957] (two_wheeled_robot) StdoutLine: {'line': b'-- Up-to-date: /home/greyflon/lab_2025/install/two_wheeled_robot/share/two_wheeled_robot/models/BPCart/meshes/Carts_Wheels_Diffuse.png\n'}
[0.500010] (two_wheeled_robot) StdoutLine: {'line': b'-- Up-to-date: /home/greyflon/lab_2025/install/two_wheeled_robot/share/two_wheeled_robot/models/BPCart/meshes/Cart_BP_Col.obj\n'}
[0.500063] (two_wheeled_robot) StdoutLine: {'line': b'-- Up-to-date: /home/greyflon/lab_2025/install/two_wheeled_robot/share/two_wheeled_robot/models/BPCart/meshes/Cart_BP_Col.mtl\n'}
[0.500116] (two_wheeled_robot) StdoutLine: {'line': b'-- Up-to-date: /home/greyflon/lab_2025/install/two_wheeled_robot/share/two_wheeled_robot/models/BPCart/meshes/Cart_BP.obj\n'}
[0.500168] (two_wheeled_robot) StdoutLine: {'line': b'-- Up-to-date: /home/greyflon/lab_2025/install/two_wheeled_robot/share/two_wheeled_robot/models/BPCart/meshes/Cart_BP.mtl\n'}
[0.500221] (two_wheeled_robot) StdoutLine: {'line': b'-- Up-to-date: /home/greyflon/lab_2025/install/two_wheeled_robot/share/two_wheeled_robot/models/BPCart/meshes/BP_BP_LP_SpecularGloss.png\n'}
[0.500271] (-) TimerEvent: {}
[0.500382] (two_wheeled_robot) StdoutLine: {'line': b'-- Up-to-date: /home/greyflon/lab_2025/install/two_wheeled_robot/share/two_wheeled_robot/models/BPCart/meshes/BP_BP_LP_Normal.png\n'}
[0.500443] (two_wheeled_robot) StdoutLine: {'line': b'-- Up-to-date: /home/greyflon/lab_2025/install/two_wheeled_robot/share/two_wheeled_robot/models/BPCart/thumbnails\n'}
[0.500497] (two_wheeled_robot) StdoutLine: {'line': b'-- Up-to-date: /home/greyflon/lab_2025/install/two_wheeled_robot/share/two_wheeled_robot/models/BPCart/thumbnails/5.png\n'}
[0.500568] (two_wheeled_robot) StdoutLine: {'line': b'-- Up-to-date: /home/greyflon/lab_2025/install/two_wheeled_robot/share/two_wheeled_robot/models/BPCart/thumbnails/1.png\n'}
[0.500637] (two_wheeled_robot) StdoutLine: {'line': b'-- Up-to-date: /home/greyflon/lab_2025/install/two_wheeled_robot/share/two_wheeled_robot/models/BPCart/thumbnails/2.png\n'}
[0.500693] (two_wheeled_robot) StdoutLine: {'line': b'-- Up-to-date: /home/greyflon/lab_2025/install/two_wheeled_robot/share/two_wheeled_robot/models/BPCart/thumbnails/4.png\n'}
[0.500768] (two_wheeled_robot) StdoutLine: {'line': b'-- Up-to-date: /home/greyflon/lab_2025/install/two_wheeled_robot/share/two_wheeled_robot/models/BPCart/thumbnails/3.png\n'}
[0.500822] (two_wheeled_robot) StdoutLine: {'line': b'-- Up-to-date: /home/greyflon/lab_2025/install/two_wheeled_robot/share/two_wheeled_robot/models/BPCart/model.sdf\n'}
[0.500875] (two_wheeled_robot) StdoutLine: {'line': b'-- Up-to-date: /home/greyflon/lab_2025/install/two_wheeled_robot/share/two_wheeled_robot/models/TrolleyBedPatient\n'}
[0.500928] (two_wheeled_robot) StdoutLine: {'line': b'-- Up-to-date: /home/greyflon/lab_2025/install/two_wheeled_robot/share/two_wheeled_robot/models/TrolleyBedPatient/model.config\n'}
[0.500981] (two_wheeled_robot) StdoutLine: {'line': b'-- Up-to-date: /home/greyflon/lab_2025/install/two_wheeled_robot/share/two_wheeled_robot/models/TrolleyBedPatient/meshes\n'}
[0.501033] (two_wheeled_robot) StdoutLine: {'line': b'-- Up-to-date: /home/greyflon/lab_2025/install/two_wheeled_robot/share/two_wheeled_robot/models/TrolleyBedPatient/meshes/PatientF.png\n'}
[0.501086] (two_wheeled_robot) StdoutLine: {'line': b'-- Up-to-date: /home/greyflon/lab_2025/install/two_wheeled_robot/share/two_wheeled_robot/models/TrolleyBedPatient/meshes/TrolleyBedPatient.mtl\n'}
[0.501181] (two_wheeled_robot) StdoutLine: {'line': b'-- Up-to-date: /home/greyflon/lab_2025/install/two_wheeled_robot/share/two_wheeled_robot/models/TrolleyBedPatient/meshes/TrolleyBedPatient.obj\n'}
[0.501237] (two_wheeled_robot) StdoutLine: {'line': b'-- Up-to-date: /home/greyflon/lab_2025/install/two_wheeled_robot/share/two_wheeled_robot/models/TrolleyBedPatient/meshes/TrolleyBed_Diffuse.png\n'}
[0.501290] (two_wheeled_robot) StdoutLine: {'line': b'-- Up-to-date: /home/greyflon/lab_2025/install/two_wheeled_robot/share/two_wheeled_robot/models/TrolleyBedPatient/thumbnails\n'}
[0.501354] (two_wheeled_robot) StdoutLine: {'line': b'-- Up-to-date: /home/greyflon/lab_2025/install/two_wheeled_robot/share/two_wheeled_robot/models/TrolleyBedPatient/thumbnails/5.png\n'}
[0.501438] (two_wheeled_robot) StdoutLine: {'line': b'-- Up-to-date: /home/greyflon/lab_2025/install/two_wheeled_robot/share/two_wheeled_robot/models/TrolleyBedPatient/thumbnails/1.png\n'}
[0.501495] (two_wheeled_robot) StdoutLine: {'line': b'-- Up-to-date: /home/greyflon/lab_2025/install/two_wheeled_robot/share/two_wheeled_robot/models/TrolleyBedPatient/thumbnails/2.png\n'}
[0.501549] (two_wheeled_robot) StdoutLine: {'line': b'-- Up-to-date: /home/greyflon/lab_2025/install/two_wheeled_robot/share/two_wheeled_robot/models/TrolleyBedPatient/thumbnails/4.png\n'}
[0.501640] (two_wheeled_robot) StdoutLine: {'line': b'-- Up-to-date: /home/greyflon/lab_2025/install/two_wheeled_robot/share/two_wheeled_robot/models/TrolleyBedPatient/thumbnails/3.png\n'}
[0.501701] (two_wheeled_robot) StdoutLine: {'line': b'-- Up-to-date: /home/greyflon/lab_2025/install/two_wheeled_robot/share/two_wheeled_robot/models/TrolleyBedPatient/model.sdf\n'}
[0.501756] (two_wheeled_robot) StdoutLine: {'line': b'-- Up-to-date: /home/greyflon/lab_2025/install/two_wheeled_robot/share/two_wheeled_robot/models/aws_robomaker_residential_PortraitA_01\n'}
[0.501810] (two_wheeled_robot) StdoutLine: {'line': b'-- Up-to-date: /home/greyflon/lab_2025/install/two_wheeled_robot/share/two_wheeled_robot/models/aws_robomaker_residential_PortraitA_01/model.config\n'}
[0.501865] (two_wheeled_robot) StdoutLine: {'line': b'-- Up-to-date: /home/greyflon/lab_2025/install/two_wheeled_robot/share/two_wheeled_robot/models/aws_robomaker_residential_PortraitA_01/meshes\n'}
[0.501945] (two_wheeled_robot) StdoutLine: {'line': b'-- Up-to-date: /home/greyflon/lab_2025/install/two_wheeled_robot/share/two_wheeled_robot/models/aws_robomaker_residential_PortraitA_01/meshes/aws_PortraitA_01_visual.DAE\n'}
[0.502001] (two_wheeled_robot) StdoutLine: {'line': b'-- Up-to-date: /home/greyflon/lab_2025/install/two_wheeled_robot/share/two_wheeled_robot/models/aws_robomaker_residential_PortraitA_01/meshes/aws_PortraitA_01_collision.DAE\n'}
[0.502055] (two_wheeled_robot) StdoutLine: {'line': b'-- Up-to-date: /home/greyflon/lab_2025/install/two_wheeled_robot/share/two_wheeled_robot/models/aws_robomaker_residential_PortraitA_01/materials\n'}
[0.502110] (two_wheeled_robot) StdoutLine: {'line': b'-- Up-to-date: /home/greyflon/lab_2025/install/two_wheeled_robot/share/two_wheeled_robot/models/aws_robomaker_residential_PortraitA_01/materials/textures\n'}
[0.502164] (two_wheeled_robot) StdoutLine: {'line': b'-- Up-to-date: /home/greyflon/lab_2025/install/two_wheeled_robot/share/two_wheeled_robot/models/aws_robomaker_residential_PortraitA_01/materials/textures/aws_PortraitA_01.png\n'}
[0.502218] (two_wheeled_robot) StdoutLine: {'line': b'-- Up-to-date: /home/greyflon/lab_2025/install/two_wheeled_robot/share/two_wheeled_robot/models/aws_robomaker_residential_PortraitA_01/materials/textures/aws_PortraitA_02.png\n'}
[0.502298] (two_wheeled_robot) StdoutLine: {'line': b'-- Up-to-date: /home/greyflon/lab_2025/install/two_wheeled_robot/share/two_wheeled_robot/models/aws_robomaker_residential_PortraitA_01/materials/textures/PortraitA_01.jpg\n'}
[0.502354] (two_wheeled_robot) StdoutLine: {'line': b'-- Up-to-date: /home/greyflon/lab_2025/install/two_wheeled_robot/share/two_wheeled_robot/models/aws_robomaker_residential_PortraitA_01/model.sdf\n'}
[0.502419] (two_wheeled_robot) StdoutLine: {'line': b'-- Up-to-date: /home/greyflon/lab_2025/install/two_wheeled_robot/share/two_wheeled_robot/models/aws_robomaker_residential_Vase_01\n'}
[0.502498] (two_wheeled_robot) StdoutLine: {'line': b'-- Up-to-date: /home/greyflon/lab_2025/install/two_wheeled_robot/share/two_wheeled_robot/models/aws_robomaker_residential_Vase_01/model.config\n'}
[0.502553] (two_wheeled_robot) StdoutLine: {'line': b'-- Up-to-date: /home/greyflon/lab_2025/install/two_wheeled_robot/share/two_wheeled_robot/models/aws_robomaker_residential_Vase_01/meshes\n'}
[0.502629] (two_wheeled_robot) StdoutLine: {'line': b'-- Up-to-date: /home/greyflon/lab_2025/install/two_wheeled_robot/share/two_wheeled_robot/models/aws_robomaker_residential_Vase_01/meshes/aws_Vase_01_collision.DAE\n'}
[0.502710] (two_wheeled_robot) StdoutLine: {'line': b'-- Up-to-date: /home/greyflon/lab_2025/install/two_wheeled_robot/share/two_wheeled_robot/models/aws_robomaker_residential_Vase_01/meshes/aws_Vase_01_visual.DAE\n'}
[0.502765] (two_wheeled_robot) StdoutLine: {'line': b'-- Up-to-date: /home/greyflon/lab_2025/install/two_wheeled_robot/share/two_wheeled_robot/models/aws_robomaker_residential_Vase_01/materials\n'}
[0.502819] (two_wheeled_robot) StdoutLine: {'line': b'-- Up-to-date: /home/greyflon/lab_2025/install/two_wheeled_robot/share/two_wheeled_robot/models/aws_robomaker_residential_Vase_01/materials/textures\n'}
[0.502880] (two_wheeled_robot) StdoutLine: {'line': b'-- Up-to-date: /home/greyflon/lab_2025/install/two_wheeled_robot/share/two_wheeled_robot/models/aws_robomaker_residential_Vase_01/materials/textures/aws_Vase_01.png\n'}
[0.502935] (two_wheeled_robot) StdoutLine: {'line': b'-- Up-to-date: /home/greyflon/lab_2025/install/two_wheeled_robot/share/two_wheeled_robot/models/aws_robomaker_residential_Vase_01/model.sdf\n'}
[0.503013] (two_wheeled_robot) StdoutLine: {'line': b'-- Up-to-date: /home/greyflon/lab_2025/install/two_wheeled_robot/share/two_wheeled_robot/models/aws_robomaker_residential_TVCabinet_01\n'}
[0.503068] (two_wheeled_robot) StdoutLine: {'line': b'-- Up-to-date: /home/greyflon/lab_2025/install/two_wheeled_robot/share/two_wheeled_robot/models/aws_robomaker_residential_TVCabinet_01/model.config\n'}
[0.503122] (two_wheeled_robot) StdoutLine: {'line': b'-- Up-to-date: /home/greyflon/lab_2025/install/two_wheeled_robot/share/two_wheeled_robot/models/aws_robomaker_residential_TVCabinet_01/meshes\n'}
[0.503176] (two_wheeled_robot) StdoutLine: {'line': b'-- Up-to-date: /home/greyflon/lab_2025/install/two_wheeled_robot/share/two_wheeled_robot/models/aws_robomaker_residential_TVCabinet_01/meshes/aws_TVCabinet_01_visual.DAE\n'}
[0.503240] (two_wheeled_robot) StdoutLine: {'line': b'-- Up-to-date: /home/greyflon/lab_2025/install/two_wheeled_robot/share/two_wheeled_robot/models/aws_robomaker_residential_TVCabinet_01/meshes/aws_TVCabinet_01_collision.DAE\n'}
[0.503296] (two_wheeled_robot) StdoutLine: {'line': b'-- Up-to-date: /home/greyflon/lab_2025/install/two_wheeled_robot/share/two_wheeled_robot/models/aws_robomaker_residential_TVCabinet_01/materials\n'}
[0.503391] (two_wheeled_robot) StdoutLine: {'line': b'-- Up-to-date: /home/greyflon/lab_2025/install/two_wheeled_robot/share/two_wheeled_robot/models/aws_robomaker_residential_TVCabinet_01/materials/textures\n'}
[0.503446] (two_wheeled_robot) StdoutLine: {'line': b'-- Up-to-date: /home/greyflon/lab_2025/install/two_wheeled_robot/share/two_wheeled_robot/models/aws_robomaker_residential_TVCabinet_01/materials/textures/aws_TVCabinet_01.png\n'}
[0.503500] (two_wheeled_robot) StdoutLine: {'line': b'-- Up-to-date: /home/greyflon/lab_2025/install/two_wheeled_robot/share/two_wheeled_robot/models/aws_robomaker_residential_TVCabinet_01/model.sdf\n'}
[0.503554] (two_wheeled_robot) StdoutLine: {'line': b'-- Up-to-date: /home/greyflon/lab_2025/install/two_wheeled_robot/share/two_wheeled_robot/models/europallet\n'}
[0.503621] (two_wheeled_robot) StdoutLine: {'line': b'-- Up-to-date: /home/greyflon/lab_2025/install/two_wheeled_robot/share/two_wheeled_robot/models/europallet/model.config\n'}
[0.503680] (two_wheeled_robot) StdoutLine: {'line': b'-- Up-to-date: /home/greyflon/lab_2025/install/two_wheeled_robot/share/two_wheeled_robot/models/europallet/meshes\n'}
[0.503734] (two_wheeled_robot) StdoutLine: {'line': b'-- Up-to-date: /home/greyflon/lab_2025/install/two_wheeled_robot/share/two_wheeled_robot/models/europallet/meshes/europallet.dae\n'}
[0.503788] (two_wheeled_robot) StdoutLine: {'line': b'-- Up-to-date: /home/greyflon/lab_2025/install/two_wheeled_robot/share/two_wheeled_robot/models/europallet/materials\n'}
[0.503881] (two_wheeled_robot) StdoutLine: {'line': b'-- Up-to-date: /home/greyflon/lab_2025/install/two_wheeled_robot/share/two_wheeled_robot/models/europallet/materials/textures\n'}
[0.503936] (two_wheeled_robot) StdoutLine: {'line': b'-- Up-to-date: /home/greyflon/lab_2025/install/two_wheeled_robot/share/two_wheeled_robot/models/europallet/materials/textures/Wood_Grain_Dark.jpg\n'}
[0.503990] (two_wheeled_robot) StdoutLine: {'line': b'-- Up-to-date: /home/greyflon/lab_2025/install/two_wheeled_robot/share/two_wheeled_robot/models/europallet/model.sdf\n'}
[0.504044] (two_wheeled_robot) StdoutLine: {'line': b'-- Up-to-date: /home/greyflon/lab_2025/install/two_wheeled_robot/share/two_wheeled_robot/models/PatientWheelChair\n'}
[0.504135] (two_wheeled_robot) StdoutLine: {'line': b'-- Up-to-date: /home/greyflon/lab_2025/install/two_wheeled_robot/share/two_wheeled_robot/models/PatientWheelChair/model.config\n'}
[0.504190] (two_wheeled_robot) StdoutLine: {'line': b'-- Up-to-date: /home/greyflon/lab_2025/install/two_wheeled_robot/share/two_wheeled_robot/models/PatientWheelChair/meshes\n'}
[0.504255] (two_wheeled_robot) StdoutLine: {'line': b'-- Up-to-date: /home/greyflon/lab_2025/install/two_wheeled_robot/share/two_wheeled_robot/models/PatientWheelChair/meshes/PatientWheelChair_Diffuse.png\n'}
[0.504309] (two_wheeled_robot) StdoutLine: {'line': b'-- Up-to-date: /home/greyflon/lab_2025/install/two_wheeled_robot/share/two_wheeled_robot/models/PatientWheelChair/meshes/PatientWheelChair_Col.mtl\n'}
[0.504362] (two_wheeled_robot) StdoutLine: {'line': b'-- Up-to-date: /home/greyflon/lab_2025/install/two_wheeled_robot/share/two_wheeled_robot/models/PatientWheelChair/meshes/PatientWheelChair_Col.obj\n'}
[0.504437] (two_wheeled_robot) StdoutLine: {'line': b'-- Up-to-date: /home/greyflon/lab_2025/install/two_wheeled_robot/share/two_wheeled_robot/models/PatientWheelChair/meshes/PatientWheelChair.mtl\n'}
[0.504492] (two_wheeled_robot) StdoutLine: {'line': b'-- Up-to-date: /home/greyflon/lab_2025/install/two_wheeled_robot/share/two_wheeled_robot/models/PatientWheelChair/meshes/PatientWheelChair.obj\n'}
[0.504551] (two_wheeled_robot) StdoutLine: {'line': b'-- Up-to-date: /home/greyflon/lab_2025/install/two_wheeled_robot/share/two_wheeled_robot/models/PatientWheelChair/thumbnails\n'}
[0.504620] (two_wheeled_robot) StdoutLine: {'line': b'-- Up-to-date: /home/greyflon/lab_2025/install/two_wheeled_robot/share/two_wheeled_robot/models/PatientWheelChair/thumbnails/5.png\n'}
[0.504679] (two_wheeled_robot) StdoutLine: {'line': b'-- Up-to-date: /home/greyflon/lab_2025/install/two_wheeled_robot/share/two_wheeled_robot/models/PatientWheelChair/thumbnails/1.png\n'}
[0.504734] (two_wheeled_robot) StdoutLine: {'line': b'-- Up-to-date: /home/greyflon/lab_2025/install/two_wheeled_robot/share/two_wheeled_robot/models/PatientWheelChair/thumbnails/2.png\n'}
[0.504788] (two_wheeled_robot) StdoutLine: {'line': b'-- Up-to-date: /home/greyflon/lab_2025/install/two_wheeled_robot/share/two_wheeled_robot/models/PatientWheelChair/thumbnails/4.png\n'}
[0.504842] (two_wheeled_robot) StdoutLine: {'line': b'-- Up-to-date: /home/greyflon/lab_2025/install/two_wheeled_robot/share/two_wheeled_robot/models/PatientWheelChair/thumbnails/3.png\n'}
[0.504897] (two_wheeled_robot) StdoutLine: {'line': b'-- Up-to-date: /home/greyflon/lab_2025/install/two_wheeled_robot/share/two_wheeled_robot/models/PatientWheelChair/model.sdf\n'}
[0.504951] (two_wheeled_robot) StdoutLine: {'line': b'-- Up-to-date: /home/greyflon/lab_2025/install/two_wheeled_robot/share/two_wheeled_robot/models/aws_robomaker_hospital_elevator_01_car\n'}
[0.505006] (two_wheeled_robot) StdoutLine: {'line': b'-- Up-to-date: /home/greyflon/lab_2025/install/two_wheeled_robot/share/two_wheeled_robot/models/aws_robomaker_hospital_elevator_01_car/model.config\n'}
[0.505059] (two_wheeled_robot) StdoutLine: {'line': b'-- Up-to-date: /home/greyflon/lab_2025/install/two_wheeled_robot/share/two_wheeled_robot/models/aws_robomaker_hospital_elevator_01_car/meshes\n'}
[0.505113] (two_wheeled_robot) StdoutLine: {'line': b'-- Up-to-date: /home/greyflon/lab_2025/install/two_wheeled_robot/share/two_wheeled_robot/models/aws_robomaker_hospital_elevator_01_car/meshes/aws_robomaker_hospital_elevator_01_car_collision.dae\n'}
[0.505174] (two_wheeled_robot) StdoutLine: {'line': b'-- Up-to-date: /home/greyflon/lab_2025/install/two_wheeled_robot/share/two_wheeled_robot/models/aws_robomaker_hospital_elevator_01_car/meshes/aws_robomaker_hospital_elevator_01_car_low.dae\n'}
[0.505228] (two_wheeled_robot) StdoutLine: {'line': b'-- Up-to-date: /home/greyflon/lab_2025/install/two_wheeled_robot/share/two_wheeled_robot/models/aws_robomaker_hospital_elevator_01_car/meshes/aws_robomaker_hospital_elevator_01_visual_normal.png\n'}
[0.505283] (two_wheeled_robot) StdoutLine: {'line': b'-- Up-to-date: /home/greyflon/lab_2025/install/two_wheeled_robot/share/two_wheeled_robot/models/aws_robomaker_hospital_elevator_01_car/meshes/aws_robomaker_hospital_elevator_01_low.png\n'}
[0.505337] (two_wheeled_robot) StdoutLine: {'line': b'-- Up-to-date: /home/greyflon/lab_2025/install/two_wheeled_robot/share/two_wheeled_robot/models/aws_robomaker_hospital_elevator_01_car/meshes/aws_robomaker_hospital_elevator_01_low_normal.png\n'}
[0.505391] (two_wheeled_robot) StdoutLine: {'line': b'-- Up-to-date: /home/greyflon/lab_2025/install/two_wheeled_robot/share/two_wheeled_robot/models/aws_robomaker_hospital_elevator_01_car/meshes/aws_robomaker_hospital_elevator_01_car_visual.dae\n'}
[0.505445] (two_wheeled_robot) StdoutLine: {'line': b'-- Up-to-date: /home/greyflon/lab_2025/install/two_wheeled_robot/share/two_wheeled_robot/models/aws_robomaker_hospital_elevator_01_car/meshes/aws_robomaker_hospital_elevator_01_visual.png\n'}
[0.505499] (two_wheeled_robot) StdoutLine: {'line': b'-- Up-to-date: /home/greyflon/lab_2025/install/two_wheeled_robot/share/two_wheeled_robot/models/aws_robomaker_hospital_elevator_01_car/model.sdf\n'}
[0.505553] (two_wheeled_robot) StdoutLine: {'line': b'-- Up-to-date: /home/greyflon/lab_2025/install/two_wheeled_robot/share/two_wheeled_robot/models/aws_robomaker_residential_AirconditionerB_01\n'}
[0.505619] (two_wheeled_robot) StdoutLine: {'line': b'-- Up-to-date: /home/greyflon/lab_2025/install/two_wheeled_robot/share/two_wheeled_robot/models/aws_robomaker_residential_AirconditionerB_01/model.config\n'}
[0.505678] (two_wheeled_robot) StdoutLine: {'line': b'-- Up-to-date: /home/greyflon/lab_2025/install/two_wheeled_robot/share/two_wheeled_robot/models/aws_robomaker_residential_AirconditionerB_01/meshes\n'}
[0.505733] (two_wheeled_robot) StdoutLine: {'line': b'-- Up-to-date: /home/greyflon/lab_2025/install/two_wheeled_robot/share/two_wheeled_robot/models/aws_robomaker_residential_AirconditionerB_01/meshes/aws_AirconditionerB_01_visual.DAE\n'}
[0.505798] (two_wheeled_robot) StdoutLine: {'line': b'-- Up-to-date: /home/greyflon/lab_2025/install/two_wheeled_robot/share/two_wheeled_robot/models/aws_robomaker_residential_AirconditionerB_01/meshes/aws_AirconditionerB_01_collision.DAE\n'}
[0.505853] (two_wheeled_robot) StdoutLine: {'line': b'-- Up-to-date: /home/greyflon/lab_2025/install/two_wheeled_robot/share/two_wheeled_robot/models/aws_robomaker_residential_AirconditionerB_01/materials\n'}
[0.505907] (two_wheeled_robot) StdoutLine: {'line': b'-- Up-to-date: /home/greyflon/lab_2025/install/two_wheeled_robot/share/two_wheeled_robot/models/aws_robomaker_residential_AirconditionerB_01/materials/textures\n'}
[0.505970] (two_wheeled_robot) StdoutLine: {'line': b'-- Up-to-date: /home/greyflon/lab_2025/install/two_wheeled_robot/share/two_wheeled_robot/models/aws_robomaker_residential_AirconditionerB_01/materials/textures/aws_AirconditionerB_01.png\n'}
[0.506026] (two_wheeled_robot) StdoutLine: {'line': b'-- Up-to-date: /home/greyflon/lab_2025/install/two_wheeled_robot/share/two_wheeled_robot/models/aws_robomaker_residential_AirconditionerB_01/model.sdf\n'}
[0.506081] (two_wheeled_robot) StdoutLine: {'line': b'-- Up-to-date: /home/greyflon/lab_2025/install/two_wheeled_robot/share/two_wheeled_robot/models/aws_robomaker_residential_SofaB_01\n'}
[0.506142] (two_wheeled_robot) StdoutLine: {'line': b'-- Up-to-date: /home/greyflon/lab_2025/install/two_wheeled_robot/share/two_wheeled_robot/models/aws_robomaker_residential_SofaB_01/model.config\n'}
[0.506197] (two_wheeled_robot) StdoutLine: {'line': b'-- Up-to-date: /home/greyflon/lab_2025/install/two_wheeled_robot/share/two_wheeled_robot/models/aws_robomaker_residential_SofaB_01/meshes\n'}
[0.506251] (two_wheeled_robot) StdoutLine: {'line': b'-- Up-to-date: /home/greyflon/lab_2025/install/two_wheeled_robot/share/two_wheeled_robot/models/aws_robomaker_residential_SofaB_01/meshes/aws_SofaB_01_collision.DAE\n'}
[0.506306] (two_wheeled_robot) StdoutLine: {'line': b'-- Up-to-date: /home/greyflon/lab_2025/install/two_wheeled_robot/share/two_wheeled_robot/models/aws_robomaker_residential_SofaB_01/meshes/aws_SofaB_01_visual.DAE\n'}
[0.506360] (two_wheeled_robot) StdoutLine: {'line': b'-- Up-to-date: /home/greyflon/lab_2025/install/two_wheeled_robot/share/two_wheeled_robot/models/aws_robomaker_residential_SofaB_01/materials\n'}
[0.506415] (two_wheeled_robot) StdoutLine: {'line': b'-- Up-to-date: /home/greyflon/lab_2025/install/two_wheeled_robot/share/two_wheeled_robot/models/aws_robomaker_residential_SofaB_01/materials/textures\n'}
[0.506469] (two_wheeled_robot) StdoutLine: {'line': b'-- Up-to-date: /home/greyflon/lab_2025/install/two_wheeled_robot/share/two_wheeled_robot/models/aws_robomaker_residential_SofaB_01/materials/textures/aws_SofaB_01.png\n'}
[0.506523] (two_wheeled_robot) StdoutLine: {'line': b'-- Up-to-date: /home/greyflon/lab_2025/install/two_wheeled_robot/share/two_wheeled_robot/models/aws_robomaker_residential_SofaB_01/model.sdf\n'}
[0.506576] (two_wheeled_robot) StdoutLine: {'line': b'-- Up-to-date: /home/greyflon/lab_2025/install/two_wheeled_robot/share/two_wheeled_robot/models/aws_robomaker_residential_Door_01\n'}
[0.506644] (two_wheeled_robot) StdoutLine: {'line': b'-- Up-to-date: /home/greyflon/lab_2025/install/two_wheeled_robot/share/two_wheeled_robot/models/aws_robomaker_residential_Door_01/model.config\n'}
[0.506700] (two_wheeled_robot) StdoutLine: {'line': b'-- Up-to-date: /home/greyflon/lab_2025/install/two_wheeled_robot/share/two_wheeled_robot/models/aws_robomaker_residential_Door_01/meshes\n'}
[0.506755] (two_wheeled_robot) StdoutLine: {'line': b'-- Up-to-date: /home/greyflon/lab_2025/install/two_wheeled_robot/share/two_wheeled_robot/models/aws_robomaker_residential_Door_01/meshes/aws_Door_01_visual.DAE\n'}
[0.506809] (two_wheeled_robot) StdoutLine: {'line': b'-- Up-to-date: /home/greyflon/lab_2025/install/two_wheeled_robot/share/two_wheeled_robot/models/aws_robomaker_residential_Door_01/meshes/aws_Door_01_collision.DAE\n'}
[0.506863] (two_wheeled_robot) StdoutLine: {'line': b'-- Up-to-date: /home/greyflon/lab_2025/install/two_wheeled_robot/share/two_wheeled_robot/models/aws_robomaker_residential_Door_01/materials\n'}
[0.506917] (two_wheeled_robot) StdoutLine: {'line': b'-- Up-to-date: /home/greyflon/lab_2025/install/two_wheeled_robot/share/two_wheeled_robot/models/aws_robomaker_residential_Door_01/materials/textures\n'}
[0.506971] (two_wheeled_robot) StdoutLine: {'line': b'-- Up-to-date: /home/greyflon/lab_2025/install/two_wheeled_robot/share/two_wheeled_robot/models/aws_robomaker_residential_Door_01/materials/textures/aws_Door_01.png\n'}
[0.507025] (two_wheeled_robot) StdoutLine: {'line': b'-- Up-to-date: /home/greyflon/lab_2025/install/two_wheeled_robot/share/two_wheeled_robot/models/aws_robomaker_residential_Door_01/model.sdf\n'}
[0.507079] (two_wheeled_robot) StdoutLine: {'line': b'-- Up-to-date: /home/greyflon/lab_2025/install/two_wheeled_robot/share/two_wheeled_robot/models/WhiteChipChair\n'}
[0.507146] (two_wheeled_robot) StdoutLine: {'line': b'-- Up-to-date: /home/greyflon/lab_2025/install/two_wheeled_robot/share/two_wheeled_robot/models/WhiteChipChair/model.config\n'}
[0.507201] (two_wheeled_robot) StdoutLine: {'line': b'-- Up-to-date: /home/greyflon/lab_2025/install/two_wheeled_robot/share/two_wheeled_robot/models/WhiteChipChair/meshes\n'}
[0.507262] (two_wheeled_robot) StdoutLine: {'line': b'-- Up-to-date: /home/greyflon/lab_2025/install/two_wheeled_robot/share/two_wheeled_robot/models/WhiteChipChair/meshes/WhiteChipChair_Col.mtl\n'}
[0.507487] (two_wheeled_robot) StdoutLine: {'line': b'-- Up-to-date: /home/greyflon/lab_2025/install/two_wheeled_robot/share/two_wheeled_robot/models/WhiteChipChair/meshes/WhiteChipChair.obj\n'}
[0.507550] (two_wheeled_robot) StdoutLine: {'line': b'-- Up-to-date: /home/greyflon/lab_2025/install/two_wheeled_robot/share/two_wheeled_robot/models/WhiteChipChair/meshes/WhiteChipChair_Col.obj\n'}
[0.507651] (two_wheeled_robot) StdoutLine: {'line': b'-- Up-to-date: /home/greyflon/lab_2025/install/two_wheeled_robot/share/two_wheeled_robot/models/WhiteChipChair/meshes/WhiteChipChair.mtl\n'}
[0.507720] (two_wheeled_robot) StdoutLine: {'line': b'-- Up-to-date: /home/greyflon/lab_2025/install/two_wheeled_robot/share/two_wheeled_robot/models/WhiteChipChair/meshes/WhiteChipChairDiffuse.png\n'}
[0.508109] (two_wheeled_robot) StdoutLine: {'line': b'-- Up-to-date: /home/greyflon/lab_2025/install/two_wheeled_robot/share/two_wheeled_robot/models/WhiteChipChair/thumbnails\n'}
[0.508231] (two_wheeled_robot) StdoutLine: {'line': b'-- Up-to-date: /home/greyflon/lab_2025/install/two_wheeled_robot/share/two_wheeled_robot/models/WhiteChipChair/thumbnails/5.png\n'}
[0.508447] (two_wheeled_robot) StdoutLine: {'line': b'-- Up-to-date: /home/greyflon/lab_2025/install/two_wheeled_robot/share/two_wheeled_robot/models/WhiteChipChair/thumbnails/1.png\n'}
[0.508522] (two_wheeled_robot) StdoutLine: {'line': b'-- Up-to-date: /home/greyflon/lab_2025/install/two_wheeled_robot/share/two_wheeled_robot/models/WhiteChipChair/thumbnails/2.png\n'}
[0.508602] (two_wheeled_robot) StdoutLine: {'line': b'-- Up-to-date: /home/greyflon/lab_2025/install/two_wheeled_robot/share/two_wheeled_robot/models/WhiteChipChair/thumbnails/4.png\n'}
[0.508683] (two_wheeled_robot) StdoutLine: {'line': b'-- Up-to-date: /home/greyflon/lab_2025/install/two_wheeled_robot/share/two_wheeled_robot/models/WhiteChipChair/thumbnails/3.png\n'}
[0.508754] (two_wheeled_robot) StdoutLine: {'line': b'-- Up-to-date: /home/greyflon/lab_2025/install/two_wheeled_robot/share/two_wheeled_robot/models/WhiteChipChair/model.sdf\n'}
[0.508826] (two_wheeled_robot) StdoutLine: {'line': b'-- Up-to-date: /home/greyflon/lab_2025/install/two_wheeled_robot/share/two_wheeled_robot/models/aws_robomaker_warehouse_GroundB_01\n'}
[0.508896] (two_wheeled_robot) StdoutLine: {'line': b'-- Up-to-date: /home/greyflon/lab_2025/install/two_wheeled_robot/share/two_wheeled_robot/models/aws_robomaker_warehouse_GroundB_01/model.config\n'}
[0.508968] (two_wheeled_robot) StdoutLine: {'line': b'-- Up-to-date: /home/greyflon/lab_2025/install/two_wheeled_robot/share/two_wheeled_robot/models/aws_robomaker_warehouse_GroundB_01/meshes\n'}
[0.509039] (two_wheeled_robot) StdoutLine: {'line': b'-- Up-to-date: /home/greyflon/lab_2025/install/two_wheeled_robot/share/two_wheeled_robot/models/aws_robomaker_warehouse_GroundB_01/meshes/aws_robomaker_warehouse_GroundB_01_visual.DAE\n'}
[0.509110] (two_wheeled_robot) StdoutLine: {'line': b'-- Up-to-date: /home/greyflon/lab_2025/install/two_wheeled_robot/share/two_wheeled_robot/models/aws_robomaker_warehouse_GroundB_01/meshes/aws_robomaker_warehouse_GroundB_01_collision.DAE\n'}
[0.509181] (two_wheeled_robot) StdoutLine: {'line': b'-- Up-to-date: /home/greyflon/lab_2025/install/two_wheeled_robot/share/two_wheeled_robot/models/aws_robomaker_warehouse_GroundB_01/materials\n'}
[0.509252] (two_wheeled_robot) StdoutLine: {'line': b'-- Up-to-date: /home/greyflon/lab_2025/install/two_wheeled_robot/share/two_wheeled_robot/models/aws_robomaker_warehouse_GroundB_01/materials/textures\n'}
[0.509322] (two_wheeled_robot) StdoutLine: {'line': b'-- Up-to-date: /home/greyflon/lab_2025/install/two_wheeled_robot/share/two_wheeled_robot/models/aws_robomaker_warehouse_GroundB_01/materials/textures/aws_robomaker_warehouse_GroundB_02.png\n'}
[0.509392] (two_wheeled_robot) StdoutLine: {'line': b'-- Up-to-date: /home/greyflon/lab_2025/install/two_wheeled_robot/share/two_wheeled_robot/models/aws_robomaker_warehouse_GroundB_01/materials/textures/aws_robomaker_warehouse_GroundB_01.png\n'}
[0.509535] (two_wheeled_robot) StdoutLine: {'line': b'-- Up-to-date: /home/greyflon/lab_2025/install/two_wheeled_robot/share/two_wheeled_robot/models/aws_robomaker_warehouse_GroundB_01/model.sdf\n'}
[0.509647] (two_wheeled_robot) StdoutLine: {'line': b'-- Up-to-date: /home/greyflon/lab_2025/install/two_wheeled_robot/share/two_wheeled_robot/models/SurgicalTrolley\n'}
[0.509786] (two_wheeled_robot) StdoutLine: {'line': b'-- Up-to-date: /home/greyflon/lab_2025/install/two_wheeled_robot/share/two_wheeled_robot/models/SurgicalTrolley/model.config\n'}
[0.509847] (two_wheeled_robot) StdoutLine: {'line': b'-- Up-to-date: /home/greyflon/lab_2025/install/two_wheeled_robot/share/two_wheeled_robot/models/SurgicalTrolley/meshes\n'}
[0.509907] (two_wheeled_robot) StdoutLine: {'line': b'-- Up-to-date: /home/greyflon/lab_2025/install/two_wheeled_robot/share/two_wheeled_robot/models/SurgicalTrolley/meshes/trolley.mtl\n'}
[0.509967] (two_wheeled_robot) StdoutLine: {'line': b'-- Up-to-date: /home/greyflon/lab_2025/install/two_wheeled_robot/share/two_wheeled_robot/models/SurgicalTrolley/meshes/texture.png\n'}
[0.510026] (two_wheeled_robot) StdoutLine: {'line': b'-- Up-to-date: /home/greyflon/lab_2025/install/two_wheeled_robot/share/two_wheeled_robot/models/SurgicalTrolley/meshes/trolley.obj\n'}
[0.510086] (two_wheeled_robot) StdoutLine: {'line': b'-- Up-to-date: /home/greyflon/lab_2025/install/two_wheeled_robot/share/two_wheeled_robot/models/SurgicalTrolley/thumbnails\n'}
[0.510497] (two_wheeled_robot) StdoutLine: {'line': b'-- Up-to-date: /home/greyflon/lab_2025/install/two_wheeled_robot/share/two_wheeled_robot/models/SurgicalTrolley/thumbnails/5.png\n'}
[0.510562] (two_wheeled_robot) StdoutLine: {'line': b'-- Up-to-date: /home/greyflon/lab_2025/install/two_wheeled_robot/share/two_wheeled_robot/models/SurgicalTrolley/thumbnails/1.png\n'}
[0.510653] (two_wheeled_robot) StdoutLine: {'line': b'-- Up-to-date: /home/greyflon/lab_2025/install/two_wheeled_robot/share/two_wheeled_robot/models/SurgicalTrolley/thumbnails/2.png\n'}
[0.510717] (two_wheeled_robot) StdoutLine: {'line': b'-- Up-to-date: /home/greyflon/lab_2025/install/two_wheeled_robot/share/two_wheeled_robot/models/SurgicalTrolley/thumbnails/4.png\n'}
[0.510776] (two_wheeled_robot) StdoutLine: {'line': b'-- Up-to-date: /home/greyflon/lab_2025/install/two_wheeled_robot/share/two_wheeled_robot/models/SurgicalTrolley/thumbnails/3.png\n'}
[0.510836] (two_wheeled_robot) StdoutLine: {'line': b'-- Up-to-date: /home/greyflon/lab_2025/install/two_wheeled_robot/share/two_wheeled_robot/models/SurgicalTrolley/model.sdf\n'}
[0.510896] (two_wheeled_robot) StdoutLine: {'line': b'-- Up-to-date: /home/greyflon/lab_2025/install/two_wheeled_robot/share/two_wheeled_robot/models/Drawer\n'}
[0.510955] (two_wheeled_robot) StdoutLine: {'line': b'-- Up-to-date: /home/greyflon/lab_2025/install/two_wheeled_robot/share/two_wheeled_robot/models/Drawer/model.config\n'}
[0.511014] (two_wheeled_robot) StdoutLine: {'line': b'-- Up-to-date: /home/greyflon/lab_2025/install/two_wheeled_robot/share/two_wheeled_robot/models/Drawer/meshes\n'}
[0.511073] (two_wheeled_robot) StdoutLine: {'line': b'-- Up-to-date: /home/greyflon/lab_2025/install/two_wheeled_robot/share/two_wheeled_robot/models/Drawer/meshes/Drawer.obj\n'}
[0.511479] (two_wheeled_robot) StdoutLine: {'line': b'-- Up-to-date: /home/greyflon/lab_2025/install/two_wheeled_robot/share/two_wheeled_robot/models/Drawer/meshes/Drawer.png\n'}
[0.511542] (two_wheeled_robot) StdoutLine: {'line': b'-- Up-to-date: /home/greyflon/lab_2025/install/two_wheeled_robot/share/two_wheeled_robot/models/Drawer/meshes/Drawer_Col.obj\n'}
[0.511613] (two_wheeled_robot) StdoutLine: {'line': b'-- Up-to-date: /home/greyflon/lab_2025/install/two_wheeled_robot/share/two_wheeled_robot/models/Drawer/meshes/Drawer.mtl\n'}
[0.511716] (two_wheeled_robot) StdoutLine: {'line': b'-- Up-to-date: /home/greyflon/lab_2025/install/two_wheeled_robot/share/two_wheeled_robot/models/Drawer/thumbnails\n'}
[0.511787] (two_wheeled_robot) StdoutLine: {'line': b'-- Up-to-date: /home/greyflon/lab_2025/install/two_wheeled_robot/share/two_wheeled_robot/models/Drawer/thumbnails/5.png\n'}
[0.511846] (two_wheeled_robot) StdoutLine: {'line': b'-- Up-to-date: /home/greyflon/lab_2025/install/two_wheeled_robot/share/two_wheeled_robot/models/Drawer/thumbnails/1.png\n'}
[0.511906] (two_wheeled_robot) StdoutLine: {'line': b'-- Up-to-date: /home/greyflon/lab_2025/install/two_wheeled_robot/share/two_wheeled_robot/models/Drawer/thumbnails/2.png\n'}
[0.511974] (two_wheeled_robot) StdoutLine: {'line': b'-- Up-to-date: /home/greyflon/lab_2025/install/two_wheeled_robot/share/two_wheeled_robot/models/Drawer/thumbnails/4.png\n'}
[0.512034] (two_wheeled_robot) StdoutLine: {'line': b'-- Up-to-date: /home/greyflon/lab_2025/install/two_wheeled_robot/share/two_wheeled_robot/models/Drawer/thumbnails/3.png\n'}
[0.512093] (two_wheeled_robot) StdoutLine: {'line': b'-- Up-to-date: /home/greyflon/lab_2025/install/two_wheeled_robot/share/two_wheeled_robot/models/Drawer/model.sdf\n'}
[0.512153] (two_wheeled_robot) StdoutLine: {'line': b'-- Up-to-date: /home/greyflon/lab_2025/install/two_wheeled_robot/share/two_wheeled_robot/models/aws_robomaker_residential_CookingBench_01\n'}
[0.512213] (two_wheeled_robot) StdoutLine: {'line': b'-- Up-to-date: /home/greyflon/lab_2025/install/two_wheeled_robot/share/two_wheeled_robot/models/aws_robomaker_residential_CookingBench_01/model.config\n'}
[0.512272] (two_wheeled_robot) StdoutLine: {'line': b'-- Up-to-date: /home/greyflon/lab_2025/install/two_wheeled_robot/share/two_wheeled_robot/models/aws_robomaker_residential_CookingBench_01/meshes\n'}
[0.512332] (two_wheeled_robot) StdoutLine: {'line': b'-- Up-to-date: /home/greyflon/lab_2025/install/two_wheeled_robot/share/two_wheeled_robot/models/aws_robomaker_residential_CookingBench_01/meshes/aws_CookingBench_01_visual.DAE\n'}
[0.512392] (two_wheeled_robot) StdoutLine: {'line': b'-- Up-to-date: /home/greyflon/lab_2025/install/two_wheeled_robot/share/two_wheeled_robot/models/aws_robomaker_residential_CookingBench_01/meshes/aws_CookingBench_01.DAE\n'}
[0.512452] (two_wheeled_robot) StdoutLine: {'line': b'-- Up-to-date: /home/greyflon/lab_2025/install/two_wheeled_robot/share/two_wheeled_robot/models/aws_robomaker_residential_CookingBench_01/meshes/aws_CookingBench_01_collision.DAE\n'}
[0.512548] (two_wheeled_robot) StdoutLine: {'line': b'-- Up-to-date: /home/greyflon/lab_2025/install/two_wheeled_robot/share/two_wheeled_robot/models/aws_robomaker_residential_CookingBench_01/materials\n'}
[0.512657] (two_wheeled_robot) StdoutLine: {'line': b'-- Up-to-date: /home/greyflon/lab_2025/install/two_wheeled_robot/share/two_wheeled_robot/models/aws_robomaker_residential_CookingBench_01/materials/textures\n'}
[0.512841] (two_wheeled_robot) StdoutLine: {'line': b'-- Up-to-date: /home/greyflon/lab_2025/install/two_wheeled_robot/share/two_wheeled_robot/models/aws_robomaker_residential_CookingBench_01/materials/textures/aws_CookingBench_01.png\n'}
[0.512902] (two_wheeled_robot) StdoutLine: {'line': b'-- Up-to-date: /home/greyflon/lab_2025/install/two_wheeled_robot/share/two_wheeled_robot/models/aws_robomaker_residential_CookingBench_01/model.sdf\n'}
[0.512962] (two_wheeled_robot) StdoutLine: {'line': b'-- Up-to-date: /home/greyflon/lab_2025/install/two_wheeled_robot/share/two_wheeled_robot/models/MopCart3\n'}
[0.513026] (two_wheeled_robot) StdoutLine: {'line': b'-- Up-to-date: /home/greyflon/lab_2025/install/two_wheeled_robot/share/two_wheeled_robot/models/MopCart3/model.config\n'}
[0.513086] (two_wheeled_robot) StdoutLine: {'line': b'-- Up-to-date: /home/greyflon/lab_2025/install/two_wheeled_robot/share/two_wheeled_robot/models/MopCart3/meshes\n'}
[0.513168] (two_wheeled_robot) StdoutLine: {'line': b'-- Up-to-date: /home/greyflon/lab_2025/install/two_wheeled_robot/share/two_wheeled_robot/models/MopCart3/meshes/Spray.png\n'}
[0.513227] (two_wheeled_robot) StdoutLine: {'line': b'-- Up-to-date: /home/greyflon/lab_2025/install/two_wheeled_robot/share/two_wheeled_robot/models/MopCart3/meshes/Parcel.png\n'}
[0.513291] (two_wheeled_robot) StdoutLine: {'line': b'-- Up-to-date: /home/greyflon/lab_2025/install/two_wheeled_robot/share/two_wheeled_robot/models/MopCart3/meshes/Mop.png\n'}
[0.513350] (two_wheeled_robot) StdoutLine: {'line': b'-- Up-to-date: /home/greyflon/lab_2025/install/two_wheeled_robot/share/two_wheeled_robot/models/MopCart3/meshes/MopCart3.obj\n'}
[0.513409] (two_wheeled_robot) StdoutLine: {'line': b'-- Up-to-date: /home/greyflon/lab_2025/install/two_wheeled_robot/share/two_wheeled_robot/models/MopCart3/meshes/Red.png\n'}
[0.513468] (two_wheeled_robot) StdoutLine: {'line': b'-- Up-to-date: /home/greyflon/lab_2025/install/two_wheeled_robot/share/two_wheeled_robot/models/MopCart3/meshes/Plastic.png\n'}
[0.513526] (two_wheeled_robot) StdoutLine: {'line': b'-- Up-to-date: /home/greyflon/lab_2025/install/two_wheeled_robot/share/two_wheeled_robot/models/MopCart3/meshes/Glove.png\n'}
[0.513591] (two_wheeled_robot) StdoutLine: {'line': b'-- Up-to-date: /home/greyflon/lab_2025/install/two_wheeled_robot/share/two_wheeled_robot/models/MopCart3/meshes/Cloth.png\n'}
[0.513696] (two_wheeled_robot) StdoutLine: {'line': b'-- Up-to-date: /home/greyflon/lab_2025/install/two_wheeled_robot/share/two_wheeled_robot/models/MopCart3/meshes/Duster.png\n'}
[0.513756] (two_wheeled_robot) StdoutLine: {'line': b'-- Up-to-date: /home/greyflon/lab_2025/install/two_wheeled_robot/share/two_wheeled_robot/models/MopCart3/meshes/Blue.png\n'}
[0.513814] (two_wheeled_robot) StdoutLine: {'line': b'-- Up-to-date: /home/greyflon/lab_2025/install/two_wheeled_robot/share/two_wheeled_robot/models/MopCart3/meshes/Sign.png\n'}
[0.513872] (two_wheeled_robot) StdoutLine: {'line': b'-- Up-to-date: /home/greyflon/lab_2025/install/two_wheeled_robot/share/two_wheeled_robot/models/MopCart3/meshes/Cart.png\n'}
[0.513930] (two_wheeled_robot) StdoutLine: {'line': b'-- Up-to-date: /home/greyflon/lab_2025/install/two_wheeled_robot/share/two_wheeled_robot/models/MopCart3/meshes/MopCart3.mtl\n'}
[0.513988] (two_wheeled_robot) StdoutLine: {'line': b'-- Up-to-date: /home/greyflon/lab_2025/install/two_wheeled_robot/share/two_wheeled_robot/models/MopCart3/thumbnails\n'}
[0.514047] (two_wheeled_robot) StdoutLine: {'line': b'-- Up-to-date: /home/greyflon/lab_2025/install/two_wheeled_robot/share/two_wheeled_robot/models/MopCart3/thumbnails/5.png\n'}
[0.514104] (two_wheeled_robot) StdoutLine: {'line': b'-- Up-to-date: /home/greyflon/lab_2025/install/two_wheeled_robot/share/two_wheeled_robot/models/MopCart3/thumbnails/1.png\n'}
[0.514163] (two_wheeled_robot) StdoutLine: {'line': b'-- Up-to-date: /home/greyflon/lab_2025/install/two_wheeled_robot/share/two_wheeled_robot/models/MopCart3/thumbnails/2.png\n'}
[0.514221] (two_wheeled_robot) StdoutLine: {'line': b'-- Up-to-date: /home/greyflon/lab_2025/install/two_wheeled_robot/share/two_wheeled_robot/models/MopCart3/thumbnails/4.png\n'}
[0.514279] (two_wheeled_robot) StdoutLine: {'line': b'-- Up-to-date: /home/greyflon/lab_2025/install/two_wheeled_robot/share/two_wheeled_robot/models/MopCart3/thumbnails/3.png\n'}
[0.514336] (two_wheeled_robot) StdoutLine: {'line': b'-- Up-to-date: /home/greyflon/lab_2025/install/two_wheeled_robot/share/two_wheeled_robot/models/MopCart3/model.sdf\n'}
[0.514394] (two_wheeled_robot) StdoutLine: {'line': b'-- Up-to-date: /home/greyflon/lab_2025/install/two_wheeled_robot/share/two_wheeled_robot/models/FemaleVisitorSit\n'}
[0.514451] (two_wheeled_robot) StdoutLine: {'line': b'-- Up-to-date: /home/greyflon/lab_2025/install/two_wheeled_robot/share/two_wheeled_robot/models/FemaleVisitorSit/model.config\n'}
[0.514512] (two_wheeled_robot) StdoutLine: {'line': b'-- Up-to-date: /home/greyflon/lab_2025/install/two_wheeled_robot/share/two_wheeled_robot/models/FemaleVisitorSit/meshes\n'}
[0.514573] (two_wheeled_robot) StdoutLine: {'line': b'-- Up-to-date: /home/greyflon/lab_2025/install/two_wheeled_robot/share/two_wheeled_robot/models/FemaleVisitorSit/meshes/FemaleVisitorSit_Col.obj\n'}
[0.514647] (two_wheeled_robot) StdoutLine: {'line': b'-- Up-to-date: /home/greyflon/lab_2025/install/two_wheeled_robot/share/two_wheeled_robot/models/FemaleVisitorSit/meshes/FemaleVisitorSit.mtl\n'}
[0.514754] (two_wheeled_robot) StdoutLine: {'line': b'-- Up-to-date: /home/greyflon/lab_2025/install/two_wheeled_robot/share/two_wheeled_robot/models/FemaleVisitorSit/meshes/FemaleVisitorSit.png\n'}
[0.514813] (two_wheeled_robot) StdoutLine: {'line': b'-- Up-to-date: /home/greyflon/lab_2025/install/two_wheeled_robot/share/two_wheeled_robot/models/FemaleVisitorSit/meshes/HandbagBlack.png\n'}
[0.514872] (two_wheeled_robot) StdoutLine: {'line': b'-- Up-to-date: /home/greyflon/lab_2025/install/two_wheeled_robot/share/two_wheeled_robot/models/FemaleVisitorSit/meshes/FemaleVisitorSit.obj\n'}
[0.514930] (two_wheeled_robot) StdoutLine: {'line': b'-- Up-to-date: /home/greyflon/lab_2025/install/two_wheeled_robot/share/two_wheeled_robot/models/FemaleVisitorSit/meshes/FemaleVisitorSit_Col.mtl\n'}
[0.514994] (two_wheeled_robot) StdoutLine: {'line': b'-- Up-to-date: /home/greyflon/lab_2025/install/two_wheeled_robot/share/two_wheeled_robot/models/FemaleVisitorSit/thumbnails\n'}
[0.515053] (two_wheeled_robot) StdoutLine: {'line': b'-- Up-to-date: /home/greyflon/lab_2025/install/two_wheeled_robot/share/two_wheeled_robot/models/FemaleVisitorSit/thumbnails/5.png\n'}
[0.515112] (two_wheeled_robot) StdoutLine: {'line': b'-- Up-to-date: /home/greyflon/lab_2025/install/two_wheeled_robot/share/two_wheeled_robot/models/FemaleVisitorSit/thumbnails/1.png\n'}
[0.515171] (two_wheeled_robot) StdoutLine: {'line': b'-- Up-to-date: /home/greyflon/lab_2025/install/two_wheeled_robot/share/two_wheeled_robot/models/FemaleVisitorSit/thumbnails/2.png\n'}
[0.515241] (two_wheeled_robot) StdoutLine: {'line': b'-- Up-to-date: /home/greyflon/lab_2025/install/two_wheeled_robot/share/two_wheeled_robot/models/FemaleVisitorSit/thumbnails/4.png\n'}
[0.515300] (two_wheeled_robot) StdoutLine: {'line': b'-- Up-to-date: /home/greyflon/lab_2025/install/two_wheeled_robot/share/two_wheeled_robot/models/FemaleVisitorSit/thumbnails/3.png\n'}
[0.515359] (two_wheeled_robot) StdoutLine: {'line': b'-- Up-to-date: /home/greyflon/lab_2025/install/two_wheeled_robot/share/two_wheeled_robot/models/FemaleVisitorSit/model.sdf\n'}
[0.515418] (two_wheeled_robot) StdoutLine: {'line': b'-- Up-to-date: /home/greyflon/lab_2025/install/two_wheeled_robot/share/two_wheeled_robot/models/iris_with_standoffs\n'}
[0.515477] (two_wheeled_robot) StdoutLine: {'line': b'-- Up-to-date: /home/greyflon/lab_2025/install/two_wheeled_robot/share/two_wheeled_robot/models/iris_with_standoffs/model.config\n'}
[0.515541] (two_wheeled_robot) StdoutLine: {'line': b'-- Up-to-date: /home/greyflon/lab_2025/install/two_wheeled_robot/share/two_wheeled_robot/models/iris_with_standoffs/meshes\n'}
[0.515609] (two_wheeled_robot) StdoutLine: {'line': b'-- Up-to-date: /home/greyflon/lab_2025/install/two_wheeled_robot/share/two_wheeled_robot/models/iris_with_standoffs/meshes/iris_prop_ccw.dae\n'}
[0.515674] (two_wheeled_robot) StdoutLine: {'line': b'-- Up-to-date: /home/greyflon/lab_2025/install/two_wheeled_robot/share/two_wheeled_robot/models/iris_with_standoffs/meshes/iris_prop_cw.dae\n'}
[0.515733] (two_wheeled_robot) StdoutLine: {'line': b'-- Up-to-date: /home/greyflon/lab_2025/install/two_wheeled_robot/share/two_wheeled_robot/models/iris_with_standoffs/meshes/iris.dae\n'}
[0.515791] (two_wheeled_robot) StdoutLine: {'line': b'-- Up-to-date: /home/greyflon/lab_2025/install/two_wheeled_robot/share/two_wheeled_robot/models/iris_with_standoffs/model.sdf\n'}
[0.515850] (two_wheeled_robot) StdoutLine: {'line': b'-- Up-to-date: /home/greyflon/lab_2025/install/two_wheeled_robot/share/two_wheeled_robot/models/aws_robomaker_residential_TV_02\n'}
[0.515908] (two_wheeled_robot) StdoutLine: {'line': b'-- Up-to-date: /home/greyflon/lab_2025/install/two_wheeled_robot/share/two_wheeled_robot/models/aws_robomaker_residential_TV_02/model.config\n'}
[0.515966] (two_wheeled_robot) StdoutLine: {'line': b'-- Up-to-date: /home/greyflon/lab_2025/install/two_wheeled_robot/share/two_wheeled_robot/models/aws_robomaker_residential_TV_02/meshes\n'}
[0.516024] (two_wheeled_robot) StdoutLine: {'line': b'-- Up-to-date: /home/greyflon/lab_2025/install/two_wheeled_robot/share/two_wheeled_robot/models/aws_robomaker_residential_TV_02/meshes/aws_TV_01_collision.DAE\n'}
[0.516089] (two_wheeled_robot) StdoutLine: {'line': b'-- Up-to-date: /home/greyflon/lab_2025/install/two_wheeled_robot/share/two_wheeled_robot/models/aws_robomaker_residential_TV_02/meshes/aws_TV_01_visual.DAE\n'}
[0.516148] (two_wheeled_robot) StdoutLine: {'line': b'-- Up-to-date: /home/greyflon/lab_2025/install/two_wheeled_robot/share/two_wheeled_robot/models/aws_robomaker_residential_TV_02/materials\n'}
[0.516206] (two_wheeled_robot) StdoutLine: {'line': b'-- Up-to-date: /home/greyflon/lab_2025/install/two_wheeled_robot/share/two_wheeled_robot/models/aws_robomaker_residential_TV_02/materials/textures\n'}
[0.516263] (two_wheeled_robot) StdoutLine: {'line': b'-- Up-to-date: /home/greyflon/lab_2025/install/two_wheeled_robot/share/two_wheeled_robot/models/aws_robomaker_residential_TV_02/materials/textures/aws_TV_01.png\n'}
[0.516321] (two_wheeled_robot) StdoutLine: {'line': b'-- Up-to-date: /home/greyflon/lab_2025/install/two_wheeled_robot/share/two_wheeled_robot/models/aws_robomaker_residential_TV_02/model.sdf\n'}
[0.516380] (two_wheeled_robot) StdoutLine: {'line': b'-- Up-to-date: /home/greyflon/lab_2025/install/two_wheeled_robot/share/two_wheeled_robot/models/elegant_female\n'}
[0.516437] (two_wheeled_robot) StdoutLine: {'line': b'-- Up-to-date: /home/greyflon/lab_2025/install/two_wheeled_robot/share/two_wheeled_robot/models/elegant_female/model.config\n'}
[0.516620] (two_wheeled_robot) StdoutLine: {'line': b'-- Up-to-date: /home/greyflon/lab_2025/install/two_wheeled_robot/share/two_wheeled_robot/models/elegant_female/meshes\n'}
[0.516718] (two_wheeled_robot) StdoutLine: {'line': b'-- Up-to-date: /home/greyflon/lab_2025/install/two_wheeled_robot/share/two_wheeled_robot/models/elegant_female/meshes/elegant_female.dae\n'}
[0.516779] (two_wheeled_robot) StdoutLine: {'line': b'-- Up-to-date: /home/greyflon/lab_2025/install/two_wheeled_robot/share/two_wheeled_robot/models/elegant_female/meshes/elegant_female.png\n'}
[0.516845] (two_wheeled_robot) StdoutLine: {'line': b'-- Up-to-date: /home/greyflon/lab_2025/install/two_wheeled_robot/share/two_wheeled_robot/models/elegant_female/materials\n'}
[0.516905] (two_wheeled_robot) StdoutLine: {'line': b'-- Up-to-date: /home/greyflon/lab_2025/install/two_wheeled_robot/share/two_wheeled_robot/models/elegant_female/materials/textures\n'}
[0.516964] (two_wheeled_robot) StdoutLine: {'line': b'-- Up-to-date: /home/greyflon/lab_2025/install/two_wheeled_robot/share/two_wheeled_robot/models/elegant_female/materials/textures/eyelashes01.png\n'}
[0.517024] (two_wheeled_robot) StdoutLine: {'line': b'-- Up-to-date: /home/greyflon/lab_2025/install/two_wheeled_robot/share/two_wheeled_robot/models/elegant_female/materials/textures/ponytail01_diffuse.png\n'}
[0.517086] (two_wheeled_robot) StdoutLine: {'line': b'-- Up-to-date: /home/greyflon/lab_2025/install/two_wheeled_robot/share/two_wheeled_robot/models/elegant_female/materials/textures/young_lightskinned_female_diffuse2.png\n'}
[0.517146] (two_wheeled_robot) StdoutLine: {'line': b'-- Up-to-date: /home/greyflon/lab_2025/install/two_wheeled_robot/share/two_wheeled_robot/models/elegant_female/materials/textures/male_elegantsuit01_diffuse.png\n'}
[0.517219] (two_wheeled_robot) StdoutLine: {'line': b'-- Up-to-date: /home/greyflon/lab_2025/install/two_wheeled_robot/share/two_wheeled_robot/models/elegant_female/materials/textures/eyebrow002.png\n'}
[0.517279] (two_wheeled_robot) StdoutLine: {'line': b'-- Up-to-date: /home/greyflon/lab_2025/install/two_wheeled_robot/share/two_wheeled_robot/models/elegant_female/materials/textures/shoes03_diffuse.png\n'}
[0.517339] (two_wheeled_robot) StdoutLine: {'line': b'-- Up-to-date: /home/greyflon/lab_2025/install/two_wheeled_robot/share/two_wheeled_robot/models/elegant_female/materials/textures/brown_eye.png\n'}
[0.517398] (two_wheeled_robot) StdoutLine: {'line': b'-- Up-to-date: /home/greyflon/lab_2025/install/two_wheeled_robot/share/two_wheeled_robot/models/elegant_female/model.sdf\n'}
[0.517463] (two_wheeled_robot) StdoutLine: {'line': b'-- Up-to-date: /home/greyflon/lab_2025/install/two_wheeled_robot/share/two_wheeled_robot/models/big_box\n'}
[0.517523] (two_wheeled_robot) StdoutLine: {'line': b'-- Up-to-date: /home/greyflon/lab_2025/install/two_wheeled_robot/share/two_wheeled_robot/models/big_box/model.config\n'}
[0.517590] (two_wheeled_robot) StdoutLine: {'line': b'-- Up-to-date: /home/greyflon/lab_2025/install/two_wheeled_robot/share/two_wheeled_robot/models/big_box/meshes\n'}
[0.517705] (two_wheeled_robot) StdoutLine: {'line': b'-- Up-to-date: /home/greyflon/lab_2025/install/two_wheeled_robot/share/two_wheeled_robot/models/big_box/meshes/big_box.dae\n'}
[0.517769] (two_wheeled_robot) StdoutLine: {'line': b'-- Up-to-date: /home/greyflon/lab_2025/install/two_wheeled_robot/share/two_wheeled_robot/models/big_box/materials\n'}
[0.517829] (two_wheeled_robot) StdoutLine: {'line': b'-- Up-to-date: /home/greyflon/lab_2025/install/two_wheeled_robot/share/two_wheeled_robot/models/big_box/materials/textures\n'}
[0.517889] (two_wheeled_robot) StdoutLine: {'line': b'-- Up-to-date: /home/greyflon/lab_2025/install/two_wheeled_robot/share/two_wheeled_robot/models/big_box/materials/textures/barcode.png\n'}
[0.517949] (two_wheeled_robot) StdoutLine: {'line': b'-- Up-to-date: /home/greyflon/lab_2025/install/two_wheeled_robot/share/two_wheeled_robot/models/big_box/materials/textures/Kraft_Tile.jpg\n'}
[0.518008] (two_wheeled_robot) StdoutLine: {'line': b'-- Up-to-date: /home/greyflon/lab_2025/install/two_wheeled_robot/share/two_wheeled_robot/models/big_box/materials/textures/side2.png\n'}
[0.518068] (two_wheeled_robot) StdoutLine: {'line': b'-- Up-to-date: /home/greyflon/lab_2025/install/two_wheeled_robot/share/two_wheeled_robot/models/big_box/materials/textures/side1.pdn\n'}
[0.518127] (two_wheeled_robot) StdoutLine: {'line': b'-- Up-to-date: /home/greyflon/lab_2025/install/two_wheeled_robot/share/two_wheeled_robot/models/big_box/materials/textures/front.png\n'}
[0.518186] (two_wheeled_robot) StdoutLine: {'line': b'-- Up-to-date: /home/greyflon/lab_2025/install/two_wheeled_robot/share/two_wheeled_robot/models/big_box/materials/textures/front.pdn\n'}
[0.518245] (two_wheeled_robot) StdoutLine: {'line': b'-- Up-to-date: /home/greyflon/lab_2025/install/two_wheeled_robot/share/two_wheeled_robot/models/big_box/materials/textures/side2.pdn\n'}
[0.518327] (two_wheeled_robot) StdoutLine: {'line': b'-- Up-to-date: /home/greyflon/lab_2025/install/two_wheeled_robot/share/two_wheeled_robot/models/big_box/materials/textures/side1.png\n'}
[0.518401] (two_wheeled_robot) StdoutLine: {'line': b'-- Up-to-date: /home/greyflon/lab_2025/install/two_wheeled_robot/share/two_wheeled_robot/models/big_box/model.sdf\n'}
[0.518461] (two_wheeled_robot) StdoutLine: {'line': b'-- Up-to-date: /home/greyflon/lab_2025/install/two_wheeled_robot/share/two_wheeled_robot/models/suv\n'}
[0.518521] (two_wheeled_robot) StdoutLine: {'line': b'-- Up-to-date: /home/greyflon/lab_2025/install/two_wheeled_robot/share/two_wheeled_robot/models/suv/model.config\n'}
[0.518580] (two_wheeled_robot) StdoutLine: {'line': b'-- Up-to-date: /home/greyflon/lab_2025/install/two_wheeled_robot/share/two_wheeled_robot/models/suv/meshes\n'}
[0.518671] (two_wheeled_robot) StdoutLine: {'line': b'-- Up-to-date: /home/greyflon/lab_2025/install/two_wheeled_robot/share/two_wheeled_robot/models/suv/meshes/suv.mtl\n'}
[0.518776] (two_wheeled_robot) StdoutLine: {'line': b'-- Up-to-date: /home/greyflon/lab_2025/install/two_wheeled_robot/share/two_wheeled_robot/models/suv/meshes/suv.obj\n'}
[0.518941] (two_wheeled_robot) StdoutLine: {'line': b'-- Up-to-date: /home/greyflon/lab_2025/install/two_wheeled_robot/share/two_wheeled_robot/models/suv/materials\n'}
[0.519007] (two_wheeled_robot) StdoutLine: {'line': b'-- Up-to-date: /home/greyflon/lab_2025/install/two_wheeled_robot/share/two_wheeled_robot/models/suv/materials/textures\n'}
[0.519068] (two_wheeled_robot) StdoutLine: {'line': b'-- Up-to-date: /home/greyflon/lab_2025/install/two_wheeled_robot/share/two_wheeled_robot/models/suv/materials/textures/wheels_01.png\n'}
[0.519177] (two_wheeled_robot) StdoutLine: {'line': b'-- Up-to-date: /home/greyflon/lab_2025/install/two_wheeled_robot/share/two_wheeled_robot/models/suv/materials/textures/suv.png\n'}
[0.519250] (two_wheeled_robot) StdoutLine: {'line': b'-- Up-to-date: /home/greyflon/lab_2025/install/two_wheeled_robot/share/two_wheeled_robot/models/suv/model.sdf\n'}
[0.519312] (two_wheeled_robot) StdoutLine: {'line': b'-- Up-to-date: /home/greyflon/lab_2025/install/two_wheeled_robot/share/two_wheeled_robot/models/sun\n'}
[0.519371] (two_wheeled_robot) StdoutLine: {'line': b'-- Up-to-date: /home/greyflon/lab_2025/install/two_wheeled_robot/share/two_wheeled_robot/models/sun/model-1_2.sdf\n'}
[0.519478] (two_wheeled_robot) StdoutLine: {'line': b'-- Up-to-date: /home/greyflon/lab_2025/install/two_wheeled_robot/share/two_wheeled_robot/models/sun/model-1_4.sdf\n'}
[0.519538] (two_wheeled_robot) StdoutLine: {'line': b'-- Up-to-date: /home/greyflon/lab_2025/install/two_wheeled_robot/share/two_wheeled_robot/models/sun/model.config\n'}
[0.519629] (two_wheeled_robot) StdoutLine: {'line': b'-- Up-to-date: /home/greyflon/lab_2025/install/two_wheeled_robot/share/two_wheeled_robot/models/sun/model.sdf\n'}
[0.519695] (two_wheeled_robot) StdoutLine: {'line': b'-- Up-to-date: /home/greyflon/lab_2025/install/two_wheeled_robot/share/two_wheeled_robot/models/sun/model-1_3.sdf\n'}
[0.519755] (two_wheeled_robot) StdoutLine: {'line': b'-- Up-to-date: /home/greyflon/lab_2025/install/two_wheeled_robot/share/two_wheeled_robot/models/marker10\n'}
[0.519815] (two_wheeled_robot) StdoutLine: {'line': b'-- Up-to-date: /home/greyflon/lab_2025/install/two_wheeled_robot/share/two_wheeled_robot/models/marker10/model.config~.xml\n'}
[0.519876] (two_wheeled_robot) StdoutLine: {'line': b'-- Up-to-date: /home/greyflon/lab_2025/install/two_wheeled_robot/share/two_wheeled_robot/models/marker10/model.sdf~\n'}
[0.519936] (two_wheeled_robot) StdoutLine: {'line': b'-- Up-to-date: /home/greyflon/lab_2025/install/two_wheeled_robot/share/two_wheeled_robot/models/marker10/model-1_4.sdf\n'}
[0.519996] (two_wheeled_robot) StdoutLine: {'line': b'-- Up-to-date: /home/greyflon/lab_2025/install/two_wheeled_robot/share/two_wheeled_robot/models/marker10/model.config\n'}
[0.520055] (two_wheeled_robot) StdoutLine: {'line': b'-- Up-to-date: /home/greyflon/lab_2025/install/two_wheeled_robot/share/two_wheeled_robot/models/marker10/meshes\n'}
[0.520115] (two_wheeled_robot) StdoutLine: {'line': b'-- Up-to-date: /home/greyflon/lab_2025/install/two_wheeled_robot/share/two_wheeled_robot/models/marker10/meshes/Marker0.dae\n'}
[0.520174] (two_wheeled_robot) StdoutLine: {'line': b'-- Up-to-date: /home/greyflon/lab_2025/install/two_wheeled_robot/share/two_wheeled_robot/models/marker10/materials\n'}
[0.520234] (two_wheeled_robot) StdoutLine: {'line': b'-- Up-to-date: /home/greyflon/lab_2025/install/two_wheeled_robot/share/two_wheeled_robot/models/marker10/materials/textures\n'}
[0.520294] (two_wheeled_robot) StdoutLine: {'line': b'-- Up-to-date: /home/greyflon/lab_2025/install/two_wheeled_robot/share/two_wheeled_robot/models/marker10/materials/textures/Marker0.png\n'}
[0.520354] (two_wheeled_robot) StdoutLine: {'line': b'-- Up-to-date: /home/greyflon/lab_2025/install/two_wheeled_robot/share/two_wheeled_robot/models/marker10/model.sdf\n'}
[0.520413] (two_wheeled_robot) StdoutLine: {'line': b'-- Up-to-date: /home/greyflon/lab_2025/install/two_wheeled_robot/share/two_wheeled_robot/models/marker10/model-1_5.sdf~\n'}
[0.520473] (two_wheeled_robot) StdoutLine: {'line': b'-- Up-to-date: /home/greyflon/lab_2025/install/two_wheeled_robot/share/two_wheeled_robot/models/marker10/model-1_5.sdf\n'}
[0.520531] (two_wheeled_robot) StdoutLine: {'line': b'-- Up-to-date: /home/greyflon/lab_2025/install/two_wheeled_robot/share/two_wheeled_robot/models/marker10/model-1_4.sdf~\n'}
[0.520598] (two_wheeled_robot) StdoutLine: {'line': b'-- Up-to-date: /home/greyflon/lab_2025/install/two_wheeled_robot/share/two_wheeled_robot/models/target_table\n'}
[0.520982] (two_wheeled_robot) StdoutLine: {'line': b'-- Up-to-date: /home/greyflon/lab_2025/install/two_wheeled_robot/share/two_wheeled_robot/models/target_table/model.config\n'}
[0.521046] (two_wheeled_robot) StdoutLine: {'line': b'-- Up-to-date: /home/greyflon/lab_2025/install/two_wheeled_robot/share/two_wheeled_robot/models/target_table/meshes\n'}
[0.521106] (two_wheeled_robot) StdoutLine: {'line': b'-- Up-to-date: /home/greyflon/lab_2025/install/two_wheeled_robot/share/two_wheeled_robot/models/target_table/meshes/target_table.dae\n'}
[0.521165] (two_wheeled_robot) StdoutLine: {'line': b'-- Up-to-date: /home/greyflon/lab_2025/install/two_wheeled_robot/share/two_wheeled_robot/models/target_table/model.sdf\n'}
[0.521224] (two_wheeled_robot) StdoutLine: {'line': b'-- Up-to-date: /home/greyflon/lab_2025/install/two_wheeled_robot/share/two_wheeled_robot/models/cabinet\n'}
[0.521284] (two_wheeled_robot) StdoutLine: {'line': b'-- Up-to-date: /home/greyflon/lab_2025/install/two_wheeled_robot/share/two_wheeled_robot/models/cabinet/model-1_2.sdf\n'}
[0.521350] (two_wheeled_robot) StdoutLine: {'line': b'-- Up-to-date: /home/greyflon/lab_2025/install/two_wheeled_robot/share/two_wheeled_robot/models/cabinet/model-1_4.sdf\n'}
[0.521410] (two_wheeled_robot) StdoutLine: {'line': b'-- Up-to-date: /home/greyflon/lab_2025/install/two_wheeled_robot/share/two_wheeled_robot/models/cabinet/model.config\n'}
[0.521469] (two_wheeled_robot) StdoutLine: {'line': b'-- Up-to-date: /home/greyflon/lab_2025/install/two_wheeled_robot/share/two_wheeled_robot/models/cabinet/model.sdf\n'}
[0.521529] (two_wheeled_robot) StdoutLine: {'line': b'-- Up-to-date: /home/greyflon/lab_2025/install/two_wheeled_robot/share/two_wheeled_robot/models/cabinet/model-1_3.sdf\n'}
[0.521595] (two_wheeled_robot) StdoutLine: {'line': b'-- Up-to-date: /home/greyflon/lab_2025/install/two_wheeled_robot/share/two_wheeled_robot/models/bus\n'}
[0.521705] (two_wheeled_robot) StdoutLine: {'line': b'-- Up-to-date: /home/greyflon/lab_2025/install/two_wheeled_robot/share/two_wheeled_robot/models/bus/model.config\n'}
[0.521766] (two_wheeled_robot) StdoutLine: {'line': b'-- Up-to-date: /home/greyflon/lab_2025/install/two_wheeled_robot/share/two_wheeled_robot/models/bus/meshes\n'}
[0.521826] (two_wheeled_robot) StdoutLine: {'line': b'-- Up-to-date: /home/greyflon/lab_2025/install/two_wheeled_robot/share/two_wheeled_robot/models/bus/meshes/bus.mtl\n'}
[0.521885] (two_wheeled_robot) StdoutLine: {'line': b'-- Up-to-date: /home/greyflon/lab_2025/install/two_wheeled_robot/share/two_wheeled_robot/models/bus/meshes/bus.obj\n'}
[0.521945] (two_wheeled_robot) StdoutLine: {'line': b'-- Up-to-date: /home/greyflon/lab_2025/install/two_wheeled_robot/share/two_wheeled_robot/models/bus/materials\n'}
[0.522004] (two_wheeled_robot) StdoutLine: {'line': b'-- Up-to-date: /home/greyflon/lab_2025/install/two_wheeled_robot/share/two_wheeled_robot/models/bus/materials/textures\n'}
[0.522063] (two_wheeled_robot) StdoutLine: {'line': b'-- Up-to-date: /home/greyflon/lab_2025/install/two_wheeled_robot/share/two_wheeled_robot/models/bus/materials/textures/bus.png\n'}
[0.522236] (two_wheeled_robot) StdoutLine: {'line': b'-- Up-to-date: /home/greyflon/lab_2025/install/two_wheeled_robot/share/two_wheeled_robot/models/bus/model.sdf\n'}
[0.522298] (two_wheeled_robot) StdoutLine: {'line': b'-- Up-to-date: /home/greyflon/lab_2025/install/two_wheeled_robot/share/two_wheeled_robot/models/stop_sign\n'}
[0.522358] (two_wheeled_robot) StdoutLine: {'line': b'-- Up-to-date: /home/greyflon/lab_2025/install/two_wheeled_robot/share/two_wheeled_robot/models/stop_sign/model-1_4.sdf\n'}
[0.522418] (two_wheeled_robot) StdoutLine: {'line': b'-- Up-to-date: /home/greyflon/lab_2025/install/two_wheeled_robot/share/two_wheeled_robot/models/stop_sign/model.config\n'}
[0.522477] (two_wheeled_robot) StdoutLine: {'line': b'-- Up-to-date: /home/greyflon/lab_2025/install/two_wheeled_robot/share/two_wheeled_robot/models/stop_sign/meshes\n'}
[0.522536] (two_wheeled_robot) StdoutLine: {'line': b'-- Up-to-date: /home/greyflon/lab_2025/install/two_wheeled_robot/share/two_wheeled_robot/models/stop_sign/meshes/stop_sign.dae\n'}
[0.522613] (two_wheeled_robot) StdoutLine: {'line': b'-- Up-to-date: /home/greyflon/lab_2025/install/two_wheeled_robot/share/two_wheeled_robot/models/stop_sign/materials\n'}
[0.522713] (two_wheeled_robot) StdoutLine: {'line': b'-- Up-to-date: /home/greyflon/lab_2025/install/two_wheeled_robot/share/two_wheeled_robot/models/stop_sign/materials/scripts\n'}
[0.522774] (two_wheeled_robot) StdoutLine: {'line': b'-- Up-to-date: /home/greyflon/lab_2025/install/two_wheeled_robot/share/two_wheeled_robot/models/stop_sign/materials/scripts/stopsign.material\n'}
[0.522834] (two_wheeled_robot) StdoutLine: {'line': b'-- Up-to-date: /home/greyflon/lab_2025/install/two_wheeled_robot/share/two_wheeled_robot/models/stop_sign/materials/textures\n'}
[0.522894] (two_wheeled_robot) StdoutLine: {'line': b'-- Up-to-date: /home/greyflon/lab_2025/install/two_wheeled_robot/share/two_wheeled_robot/models/stop_sign/materials/textures/StopSign_Spec.png\n'}
[0.522953] (two_wheeled_robot) StdoutLine: {'line': b'-- Up-to-date: /home/greyflon/lab_2025/install/two_wheeled_robot/share/two_wheeled_robot/models/stop_sign/materials/textures/StopSign_Diffuse.png\n'}
[0.523013] (two_wheeled_robot) StdoutLine: {'line': b'-- Up-to-date: /home/greyflon/lab_2025/install/two_wheeled_robot/share/two_wheeled_robot/models/stop_sign/model.sdf\n'}
[0.523072] (two_wheeled_robot) StdoutLine: {'line': b'-- Up-to-date: /home/greyflon/lab_2025/install/two_wheeled_robot/share/two_wheeled_robot/models/stop_sign/my_mesh.world~\n'}
[0.523131] (two_wheeled_robot) StdoutLine: {'line': b'-- Up-to-date: /home/greyflon/lab_2025/install/two_wheeled_robot/share/two_wheeled_robot/models/stop_sign/model-1_3.sdf\n'}
[0.523191] (two_wheeled_robot) StdoutLine: {'line': b'-- Up-to-date: /home/greyflon/lab_2025/install/two_wheeled_robot/share/two_wheeled_robot/models/aws_robomaker_residential_DeskPortraitA_02\n'}
[0.523250] (two_wheeled_robot) StdoutLine: {'line': b'-- Up-to-date: /home/greyflon/lab_2025/install/two_wheeled_robot/share/two_wheeled_robot/models/aws_robomaker_residential_DeskPortraitA_02/model.config\n'}
[0.523309] (two_wheeled_robot) StdoutLine: {'line': b'-- Up-to-date: /home/greyflon/lab_2025/install/two_wheeled_robot/share/two_wheeled_robot/models/aws_robomaker_residential_DeskPortraitA_02/meshes\n'}
[0.523369] (two_wheeled_robot) StdoutLine: {'line': b'-- Up-to-date: /home/greyflon/lab_2025/install/two_wheeled_robot/share/two_wheeled_robot/models/aws_robomaker_residential_DeskPortraitA_02/meshes/aws_DeskPortraitA_01_visual.DAE\n'}
[0.523434] (two_wheeled_robot) StdoutLine: {'line': b'-- Up-to-date: /home/greyflon/lab_2025/install/two_wheeled_robot/share/two_wheeled_robot/models/aws_robomaker_residential_DeskPortraitA_02/meshes/aws_DeskPortraitA_01_collision.DAE\n'}
[0.523494] (two_wheeled_robot) StdoutLine: {'line': b'-- Up-to-date: /home/greyflon/lab_2025/install/two_wheeled_robot/share/two_wheeled_robot/models/aws_robomaker_residential_DeskPortraitA_02/materials\n'}
[0.523553] (two_wheeled_robot) StdoutLine: {'line': b'-- Up-to-date: /home/greyflon/lab_2025/install/two_wheeled_robot/share/two_wheeled_robot/models/aws_robomaker_residential_DeskPortraitA_02/materials/textures\n'}
[0.523626] (two_wheeled_robot) StdoutLine: {'line': b'-- Up-to-date: /home/greyflon/lab_2025/install/two_wheeled_robot/share/two_wheeled_robot/models/aws_robomaker_residential_DeskPortraitA_02/materials/textures/aws_DeskPortraitA_01.png\n'}
[0.523707] (two_wheeled_robot) StdoutLine: {'line': b'-- Up-to-date: /home/greyflon/lab_2025/install/two_wheeled_robot/share/two_wheeled_robot/models/aws_robomaker_residential_DeskPortraitA_02/materials/textures/aws_DeskPortraitA_02.png\n'}
[0.523768] (two_wheeled_robot) StdoutLine: {'line': b'-- Up-to-date: /home/greyflon/lab_2025/install/two_wheeled_robot/share/two_wheeled_robot/models/aws_robomaker_residential_DeskPortraitA_02/materials/textures/DeskPortraitA_02.jpg\n'}
[0.523828] (two_wheeled_robot) StdoutLine: {'line': b'-- Up-to-date: /home/greyflon/lab_2025/install/two_wheeled_robot/share/two_wheeled_robot/models/aws_robomaker_residential_DeskPortraitA_02/model.sdf\n'}
[0.523894] (two_wheeled_robot) StdoutLine: {'line': b'-- Up-to-date: /home/greyflon/lab_2025/install/two_wheeled_robot/share/two_wheeled_robot/models/marker00\n'}
[0.523974] (two_wheeled_robot) StdoutLine: {'line': b'-- Up-to-date: /home/greyflon/lab_2025/install/two_wheeled_robot/share/two_wheeled_robot/models/marker00/model.config~.xml\n'}
[0.524034] (two_wheeled_robot) StdoutLine: {'line': b'-- Up-to-date: /home/greyflon/lab_2025/install/two_wheeled_robot/share/two_wheeled_robot/models/marker00/model.sdf~\n'}
[0.524094] (two_wheeled_robot) StdoutLine: {'line': b'-- Up-to-date: /home/greyflon/lab_2025/install/two_wheeled_robot/share/two_wheeled_robot/models/marker00/model-1_4.sdf\n'}
[0.524171] (two_wheeled_robot) StdoutLine: {'line': b'-- Up-to-date: /home/greyflon/lab_2025/install/two_wheeled_robot/share/two_wheeled_robot/models/marker00/model.config\n'}
[0.524231] (two_wheeled_robot) StdoutLine: {'line': b'-- Up-to-date: /home/greyflon/lab_2025/install/two_wheeled_robot/share/two_wheeled_robot/models/marker00/meshes\n'}
[0.524290] (two_wheeled_robot) StdoutLine: {'line': b'-- Up-to-date: /home/greyflon/lab_2025/install/two_wheeled_robot/share/two_wheeled_robot/models/marker00/meshes/Marker0.dae\n'}
[0.524351] (two_wheeled_robot) StdoutLine: {'line': b'-- Up-to-date: /home/greyflon/lab_2025/install/two_wheeled_robot/share/two_wheeled_robot/models/marker00/materials\n'}
[0.524411] (two_wheeled_robot) StdoutLine: {'line': b'-- Up-to-date: /home/greyflon/lab_2025/install/two_wheeled_robot/share/two_wheeled_robot/models/marker00/materials/textures\n'}
[0.524470] (two_wheeled_robot) StdoutLine: {'line': b'-- Up-to-date: /home/greyflon/lab_2025/install/two_wheeled_robot/share/two_wheeled_robot/models/marker00/materials/textures/Marker0.png\n'}
[0.524531] (two_wheeled_robot) StdoutLine: {'line': b'-- Up-to-date: /home/greyflon/lab_2025/install/two_wheeled_robot/share/two_wheeled_robot/models/marker00/model.sdf\n'}
[0.524598] (two_wheeled_robot) StdoutLine: {'line': b'-- Up-to-date: /home/greyflon/lab_2025/install/two_wheeled_robot/share/two_wheeled_robot/models/marker00/model-1_5.sdf~\n'}
[0.524913] (two_wheeled_robot) StdoutLine: {'line': b'-- Up-to-date: /home/greyflon/lab_2025/install/two_wheeled_robot/share/two_wheeled_robot/models/marker00/model-1_5.sdf\n'}
[0.524977] (two_wheeled_robot) StdoutLine: {'line': b'-- Up-to-date: /home/greyflon/lab_2025/install/two_wheeled_robot/share/two_wheeled_robot/models/marker00/model-1_4.sdf~\n'}
[0.525037] (two_wheeled_robot) StdoutLine: {'line': b'-- Up-to-date: /home/greyflon/lab_2025/install/two_wheeled_robot/share/two_wheeled_robot/models/bathroom_sink\n'}
[0.525098] (two_wheeled_robot) StdoutLine: {'line': b'-- Up-to-date: /home/greyflon/lab_2025/install/two_wheeled_robot/share/two_wheeled_robot/models/bathroom_sink/model.config\n'}
[0.525170] (two_wheeled_robot) StdoutLine: {'line': b'-- Up-to-date: /home/greyflon/lab_2025/install/two_wheeled_robot/share/two_wheeled_robot/models/bathroom_sink/meshes\n'}
[0.525230] (two_wheeled_robot) StdoutLine: {'line': b'-- Up-to-date: /home/greyflon/lab_2025/install/two_wheeled_robot/share/two_wheeled_robot/models/bathroom_sink/meshes/bathroom_sink.dae\n'}
[0.525290] (two_wheeled_robot) StdoutLine: {'line': b'-- Up-to-date: /home/greyflon/lab_2025/install/two_wheeled_robot/share/two_wheeled_robot/models/bathroom_sink/materials\n'}
[0.525348] (two_wheeled_robot) StdoutLine: {'line': b'-- Up-to-date: /home/greyflon/lab_2025/install/two_wheeled_robot/share/two_wheeled_robot/models/bathroom_sink/materials/textures\n'}
[0.525407] (two_wheeled_robot) StdoutLine: {'line': b'-- Up-to-date: /home/greyflon/lab_2025/install/two_wheeled_robot/share/two_wheeled_robot/models/bathroom_sink/materials/textures/bathroom_sink_diffuse.png\n'}
[0.525467] (two_wheeled_robot) StdoutLine: {'line': b'-- Up-to-date: /home/greyflon/lab_2025/install/two_wheeled_robot/share/two_wheeled_robot/models/bathroom_sink/materials/textures/bathroom_sink_specular.png\n'}
[0.525532] (two_wheeled_robot) StdoutLine: {'line': b'-- Up-to-date: /home/greyflon/lab_2025/install/two_wheeled_robot/share/two_wheeled_robot/models/bathroom_sink/model.sdf\n'}
[0.525609] (two_wheeled_robot) StdoutLine: {'line': b'-- Up-to-date: /home/greyflon/lab_2025/install/two_wheeled_robot/share/two_wheeled_robot/models/grocery_store\n'}
[0.525722] (two_wheeled_robot) StdoutLine: {'line': b'-- Up-to-date: /home/greyflon/lab_2025/install/two_wheeled_robot/share/two_wheeled_robot/models/grocery_store/model.config\n'}
[0.525783] (two_wheeled_robot) StdoutLine: {'line': b'-- Up-to-date: /home/greyflon/lab_2025/install/two_wheeled_robot/share/two_wheeled_robot/models/grocery_store/meshes\n'}
[0.525844] (two_wheeled_robot) StdoutLine: {'line': b'-- Up-to-date: /home/greyflon/lab_2025/install/two_wheeled_robot/share/two_wheeled_robot/models/grocery_store/meshes/grocery_store.dae\n'}
[0.525904] (two_wheeled_robot) StdoutLine: {'line': b'-- Up-to-date: /home/greyflon/lab_2025/install/two_wheeled_robot/share/two_wheeled_robot/models/grocery_store/materials\n'}
[0.525963] (two_wheeled_robot) StdoutLine: {'line': b'-- Up-to-date: /home/greyflon/lab_2025/install/two_wheeled_robot/share/two_wheeled_robot/models/grocery_store/materials/textures\n'}
[0.526023] (two_wheeled_robot) StdoutLine: {'line': b'-- Up-to-date: /home/greyflon/lab_2025/install/two_wheeled_robot/share/two_wheeled_robot/models/grocery_store/materials/textures/grocery_store_diffuse.jpg\n'}
[0.526082] (two_wheeled_robot) StdoutLine: {'line': b'-- Up-to-date: /home/greyflon/lab_2025/install/two_wheeled_robot/share/two_wheeled_robot/models/grocery_store/materials/textures/grocery_store_spec.jpg\n'}
[0.526142] (two_wheeled_robot) StdoutLine: {'line': b'-- Up-to-date: /home/greyflon/lab_2025/install/two_wheeled_robot/share/two_wheeled_robot/models/grocery_store/model.sdf\n'}
[0.526202] (two_wheeled_robot) StdoutLine: {'line': b'-- Up-to-date: /home/greyflon/lab_2025/install/two_wheeled_robot/share/two_wheeled_robot/models/garden\n'}
[0.526262] (two_wheeled_robot) StdoutLine: {'line': b'-- Up-to-date: /home/greyflon/lab_2025/install/two_wheeled_robot/share/two_wheeled_robot/models/garden/model.config\n'}
[0.526321] (two_wheeled_robot) StdoutLine: {'line': b'-- Up-to-date: /home/greyflon/lab_2025/install/two_wheeled_robot/share/two_wheeled_robot/models/garden/materials\n'}
[0.526380] (two_wheeled_robot) StdoutLine: {'line': b'-- Up-to-date: /home/greyflon/lab_2025/install/two_wheeled_robot/share/two_wheeled_robot/models/garden/materials/scripts\n'}
[0.526439] (two_wheeled_robot) StdoutLine: {'line': b'-- Up-to-date: /home/greyflon/lab_2025/install/two_wheeled_robot/share/two_wheeled_robot/models/garden/materials/scripts/grass.material\n'}
[0.526510] (two_wheeled_robot) StdoutLine: {'line': b'-- Up-to-date: /home/greyflon/lab_2025/install/two_wheeled_robot/share/two_wheeled_robot/models/garden/materials/textures\n'}
[0.526570] (two_wheeled_robot) StdoutLine: {'line': b'-- Up-to-date: /home/greyflon/lab_2025/install/two_wheeled_robot/share/two_wheeled_robot/models/garden/materials/textures/grass_dry.jpg\n'}
[0.526687] (two_wheeled_robot) StdoutLine: {'line': b'-- Up-to-date: /home/greyflon/lab_2025/install/two_wheeled_robot/share/two_wheeled_robot/models/garden/model.sdf\n'}
[0.526751] (two_wheeled_robot) StdoutLine: {'line': b'-- Up-to-date: /home/greyflon/lab_2025/install/two_wheeled_robot/share/two_wheeled_robot/models/aws_robomaker_residential_TV_01\n'}
[0.526810] (two_wheeled_robot) StdoutLine: {'line': b'-- Up-to-date: /home/greyflon/lab_2025/install/two_wheeled_robot/share/two_wheeled_robot/models/aws_robomaker_residential_TV_01/model.config\n'}
[0.526869] (two_wheeled_robot) StdoutLine: {'line': b'-- Up-to-date: /home/greyflon/lab_2025/install/two_wheeled_robot/share/two_wheeled_robot/models/aws_robomaker_residential_TV_01/meshes\n'}
[0.526928] (two_wheeled_robot) StdoutLine: {'line': b'-- Up-to-date: /home/greyflon/lab_2025/install/two_wheeled_robot/share/two_wheeled_robot/models/aws_robomaker_residential_TV_01/meshes/aws_TV_01_collision.DAE\n'}
[0.526987] (two_wheeled_robot) StdoutLine: {'line': b'-- Up-to-date: /home/greyflon/lab_2025/install/two_wheeled_robot/share/two_wheeled_robot/models/aws_robomaker_residential_TV_01/meshes/aws_TV_01_visual.DAE\n'}
[0.527053] (two_wheeled_robot) StdoutLine: {'line': b'-- Up-to-date: /home/greyflon/lab_2025/install/two_wheeled_robot/share/two_wheeled_robot/models/aws_robomaker_residential_TV_01/materials\n'}
[0.527112] (two_wheeled_robot) StdoutLine: {'line': b'-- Up-to-date: /home/greyflon/lab_2025/install/two_wheeled_robot/share/two_wheeled_robot/models/aws_robomaker_residential_TV_01/materials/textures\n'}
[0.527172] (two_wheeled_robot) StdoutLine: {'line': b'-- Up-to-date: /home/greyflon/lab_2025/install/two_wheeled_robot/share/two_wheeled_robot/models/aws_robomaker_residential_TV_01/materials/textures/aws_TV_01.png\n'}
[0.527239] (two_wheeled_robot) StdoutLine: {'line': b'-- Up-to-date: /home/greyflon/lab_2025/install/two_wheeled_robot/share/two_wheeled_robot/models/aws_robomaker_residential_TV_01/model.sdf\n'}
[0.527299] (two_wheeled_robot) StdoutLine: {'line': b'-- Up-to-date: /home/greyflon/lab_2025/install/two_wheeled_robot/share/two_wheeled_robot/models/aws_robomaker_residential_Refrigerator_01\n'}
[0.527365] (two_wheeled_robot) StdoutLine: {'line': b'-- Up-to-date: /home/greyflon/lab_2025/install/two_wheeled_robot/share/two_wheeled_robot/models/aws_robomaker_residential_Refrigerator_01/model.config\n'}
[0.527430] (two_wheeled_robot) StdoutLine: {'line': b'-- Up-to-date: /home/greyflon/lab_2025/install/two_wheeled_robot/share/two_wheeled_robot/models/aws_robomaker_residential_Refrigerator_01/meshes\n'}
[0.527490] (two_wheeled_robot) StdoutLine: {'line': b'-- Up-to-date: /home/greyflon/lab_2025/install/two_wheeled_robot/share/two_wheeled_robot/models/aws_robomaker_residential_Refrigerator_01/meshes/aws_Refrigerator_01_collision.DAE\n'}
[0.527550] (two_wheeled_robot) StdoutLine: {'line': b'-- Up-to-date: /home/greyflon/lab_2025/install/two_wheeled_robot/share/two_wheeled_robot/models/aws_robomaker_residential_Refrigerator_01/meshes/aws_Refrigerator_01_visual.DAE\n'}
[0.527684] (two_wheeled_robot) StdoutLine: {'line': b'-- Up-to-date: /home/greyflon/lab_2025/install/two_wheeled_robot/share/two_wheeled_robot/models/aws_robomaker_residential_Refrigerator_01/meshes/aws_Refrigerator_01.DAE\n'}
[0.527747] (two_wheeled_robot) StdoutLine: {'line': b'-- Up-to-date: /home/greyflon/lab_2025/install/two_wheeled_robot/share/two_wheeled_robot/models/aws_robomaker_residential_Refrigerator_01/materials\n'}
[0.527806] (two_wheeled_robot) StdoutLine: {'line': b'-- Up-to-date: /home/greyflon/lab_2025/install/two_wheeled_robot/share/two_wheeled_robot/models/aws_robomaker_residential_Refrigerator_01/materials/textures\n'}
[0.527866] (two_wheeled_robot) StdoutLine: {'line': b'-- Up-to-date: /home/greyflon/lab_2025/install/two_wheeled_robot/share/two_wheeled_robot/models/aws_robomaker_residential_Refrigerator_01/materials/textures/aws_Refrigerator_01.png\n'}
[0.527924] (two_wheeled_robot) StdoutLine: {'line': b'-- Up-to-date: /home/greyflon/lab_2025/install/two_wheeled_robot/share/two_wheeled_robot/models/aws_robomaker_residential_Refrigerator_01/materials/textures/aws_Refrigerator_02.png\n'}
[0.527983] (two_wheeled_robot) StdoutLine: {'line': b'-- Up-to-date: /home/greyflon/lab_2025/install/two_wheeled_robot/share/two_wheeled_robot/models/aws_robomaker_residential_Refrigerator_01/model.sdf\n'}
[0.528103] (two_wheeled_robot) StdoutLine: {'line': b'-- Up-to-date: /home/greyflon/lab_2025/install/two_wheeled_robot/share/two_wheeled_robot/models/parking_garage\n'}
[0.528161] (two_wheeled_robot) StdoutLine: {'line': b'-- Up-to-date: /home/greyflon/lab_2025/install/two_wheeled_robot/share/two_wheeled_robot/models/parking_garage/model.config\n'}
[0.528221] (two_wheeled_robot) StdoutLine: {'line': b'-- Up-to-date: /home/greyflon/lab_2025/install/two_wheeled_robot/share/two_wheeled_robot/models/parking_garage/meshes\n'}
[0.528280] (two_wheeled_robot) StdoutLine: {'line': b'-- Up-to-date: /home/greyflon/lab_2025/install/two_wheeled_robot/share/two_wheeled_robot/models/parking_garage/meshes/parking_garage.dae\n'}
[0.528345] (two_wheeled_robot) StdoutLine: {'line': b'-- Up-to-date: /home/greyflon/lab_2025/install/two_wheeled_robot/share/two_wheeled_robot/models/parking_garage/materials\n'}
[0.528417] (two_wheeled_robot) StdoutLine: {'line': b'-- Up-to-date: /home/greyflon/lab_2025/install/two_wheeled_robot/share/two_wheeled_robot/models/parking_garage/materials/textures\n'}
[0.528475] (two_wheeled_robot) StdoutLine: {'line': b'-- Up-to-date: /home/greyflon/lab_2025/install/two_wheeled_robot/share/two_wheeled_robot/models/parking_garage/materials/textures/parking_garage_spec.jpg\n'}
[0.528538] (two_wheeled_robot) StdoutLine: {'line': b'-- Up-to-date: /home/greyflon/lab_2025/install/two_wheeled_robot/share/two_wheeled_robot/models/parking_garage/materials/textures/parking_garage_diffuse.jpg\n'}
[0.528609] (two_wheeled_robot) StdoutLine: {'line': b'-- Up-to-date: /home/greyflon/lab_2025/install/two_wheeled_robot/share/two_wheeled_robot/models/parking_garage/model.sdf\n'}
[0.528723] (two_wheeled_robot) StdoutLine: {'line': b'-- Up-to-date: /home/greyflon/lab_2025/install/two_wheeled_robot/share/two_wheeled_robot/models/aws_robomaker_residential_Board_01\n'}
[0.528782] (two_wheeled_robot) StdoutLine: {'line': b'-- Up-to-date: /home/greyflon/lab_2025/install/two_wheeled_robot/share/two_wheeled_robot/models/aws_robomaker_residential_Board_01/model.config\n'}
[0.528841] (two_wheeled_robot) StdoutLine: {'line': b'-- Up-to-date: /home/greyflon/lab_2025/install/two_wheeled_robot/share/two_wheeled_robot/models/aws_robomaker_residential_Board_01/meshes\n'}
[0.528898] (two_wheeled_robot) StdoutLine: {'line': b'-- Up-to-date: /home/greyflon/lab_2025/install/two_wheeled_robot/share/two_wheeled_robot/models/aws_robomaker_residential_Board_01/meshes/aws_Board_01_visual.DAE\n'}
[0.528956] (two_wheeled_robot) StdoutLine: {'line': b'-- Up-to-date: /home/greyflon/lab_2025/install/two_wheeled_robot/share/two_wheeled_robot/models/aws_robomaker_residential_Board_01/meshes/aws_Board_01_collision.DAE\n'}
[0.529015] (two_wheeled_robot) StdoutLine: {'line': b'-- Up-to-date: /home/greyflon/lab_2025/install/two_wheeled_robot/share/two_wheeled_robot/models/aws_robomaker_residential_Board_01/materials\n'}
[0.529073] (two_wheeled_robot) StdoutLine: {'line': b'-- Up-to-date: /home/greyflon/lab_2025/install/two_wheeled_robot/share/two_wheeled_robot/models/aws_robomaker_residential_Board_01/materials/textures\n'}
[0.529131] (two_wheeled_robot) StdoutLine: {'line': b'-- Up-to-date: /home/greyflon/lab_2025/install/two_wheeled_robot/share/two_wheeled_robot/models/aws_robomaker_residential_Board_01/materials/textures/aws_Board_01.png\n'}
[0.529195] (two_wheeled_robot) StdoutLine: {'line': b'-- Up-to-date: /home/greyflon/lab_2025/install/two_wheeled_robot/share/two_wheeled_robot/models/aws_robomaker_residential_Board_01/model.sdf\n'}
[0.529253] (two_wheeled_robot) StdoutLine: {'line': b'-- Up-to-date: /home/greyflon/lab_2025/install/two_wheeled_robot/share/two_wheeled_robot/models/aws_robomaker_hospital_floor_02_ceiling\n'}
[0.529311] (two_wheeled_robot) StdoutLine: {'line': b'-- Up-to-date: /home/greyflon/lab_2025/install/two_wheeled_robot/share/two_wheeled_robot/models/aws_robomaker_hospital_floor_02_ceiling/model.config\n'}
[0.529369] (two_wheeled_robot) StdoutLine: {'line': b'-- Up-to-date: /home/greyflon/lab_2025/install/two_wheeled_robot/share/two_wheeled_robot/models/aws_robomaker_hospital_floor_02_ceiling/meshes\n'}
[0.529427] (two_wheeled_robot) StdoutLine: {'line': b'-- Up-to-date: /home/greyflon/lab_2025/install/two_wheeled_robot/share/two_wheeled_robot/models/aws_robomaker_hospital_floor_02_ceiling/meshes/aws_robomaker_hospital_floor_02_ceiling_collision.dae\n'}
[0.529485] (two_wheeled_robot) StdoutLine: {'line': b'-- Up-to-date: /home/greyflon/lab_2025/install/two_wheeled_robot/share/two_wheeled_robot/models/aws_robomaker_hospital_floor_02_ceiling/meshes/aws_robomaker_hospital_floor_02_ceiling_visual.dae\n'}
[0.529543] (two_wheeled_robot) StdoutLine: {'line': b'-- Up-to-date: /home/greyflon/lab_2025/install/two_wheeled_robot/share/two_wheeled_robot/models/aws_robomaker_hospital_floor_02_ceiling/meshes/aws_robomaker_hospital_floor_02_ceiling.png\n'}
[0.529620] (two_wheeled_robot) StdoutLine: {'line': b'-- Up-to-date: /home/greyflon/lab_2025/install/two_wheeled_robot/share/two_wheeled_robot/models/aws_robomaker_hospital_floor_02_ceiling/meshes/aws_robomaker_hospital_floor_02_ceiling_normal.png\n'}
[0.529725] (two_wheeled_robot) StdoutLine: {'line': b'-- Up-to-date: /home/greyflon/lab_2025/install/two_wheeled_robot/share/two_wheeled_robot/models/aws_robomaker_hospital_floor_02_ceiling/materials\n'}
[0.529784] (two_wheeled_robot) StdoutLine: {'line': b'-- Up-to-date: /home/greyflon/lab_2025/install/two_wheeled_robot/share/two_wheeled_robot/models/aws_robomaker_hospital_floor_02_ceiling/materials/model.sdf\n'}
[0.529841] (two_wheeled_robot) StdoutLine: {'line': b'-- Up-to-date: /home/greyflon/lab_2025/install/two_wheeled_robot/share/two_wheeled_robot/models/aws_robomaker_hospital_floor_02_ceiling/model.sdf\n'}
[0.529899] (two_wheeled_robot) StdoutLine: {'line': b'-- Up-to-date: /home/greyflon/lab_2025/install/two_wheeled_robot/share/two_wheeled_robot/models/gas_station\n'}
[0.529956] (two_wheeled_robot) StdoutLine: {'line': b'-- Up-to-date: /home/greyflon/lab_2025/install/two_wheeled_robot/share/two_wheeled_robot/models/gas_station/model-1_4.sdf\n'}
[0.530014] (two_wheeled_robot) StdoutLine: {'line': b'-- Up-to-date: /home/greyflon/lab_2025/install/two_wheeled_robot/share/two_wheeled_robot/models/gas_station/model.config\n'}
[0.530072] (two_wheeled_robot) StdoutLine: {'line': b'-- Up-to-date: /home/greyflon/lab_2025/install/two_wheeled_robot/share/two_wheeled_robot/models/gas_station/meshes\n'}
[0.530130] (two_wheeled_robot) StdoutLine: {'line': b'-- Up-to-date: /home/greyflon/lab_2025/install/two_wheeled_robot/share/two_wheeled_robot/models/gas_station/meshes/gas_station.dae\n'}
[0.530199] (two_wheeled_robot) StdoutLine: {'line': b'-- Up-to-date: /home/greyflon/lab_2025/install/two_wheeled_robot/share/two_wheeled_robot/models/gas_station/materials\n'}
[0.530257] (two_wheeled_robot) StdoutLine: {'line': b'-- Up-to-date: /home/greyflon/lab_2025/install/two_wheeled_robot/share/two_wheeled_robot/models/gas_station/materials/scripts\n'}
[0.530315] (two_wheeled_robot) StdoutLine: {'line': b'-- Up-to-date: /home/greyflon/lab_2025/install/two_wheeled_robot/share/two_wheeled_robot/models/gas_station/materials/scripts/gas_station.material\n'}
[0.530374] (two_wheeled_robot) StdoutLine: {'line': b'-- Up-to-date: /home/greyflon/lab_2025/install/two_wheeled_robot/share/two_wheeled_robot/models/gas_station/materials/textures\n'}
[0.530432] (two_wheeled_robot) StdoutLine: {'line': b'-- Up-to-date: /home/greyflon/lab_2025/install/two_wheeled_robot/share/two_wheeled_robot/models/gas_station/materials/textures/GasStation_Diffuse.png\n'}
[0.530490] (two_wheeled_robot) StdoutLine: {'line': b'-- Up-to-date: /home/greyflon/lab_2025/install/two_wheeled_robot/share/two_wheeled_robot/models/gas_station/materials/textures/GasStation_Spec.png\n'}
[0.530548] (two_wheeled_robot) StdoutLine: {'line': b'-- Up-to-date: /home/greyflon/lab_2025/install/two_wheeled_robot/share/two_wheeled_robot/models/gas_station/materials/textures/GasStation_Normal.png\n'}
[0.530620] (two_wheeled_robot) StdoutLine: {'line': b'-- Up-to-date: /home/greyflon/lab_2025/install/two_wheeled_robot/share/two_wheeled_robot/models/gas_station/model.sdf\n'}
[0.530724] (two_wheeled_robot) StdoutLine: {'line': b'-- Up-to-date: /home/greyflon/lab_2025/install/two_wheeled_robot/share/two_wheeled_robot/models/gas_station/model-1_3.sdf\n'}
[0.530783] (two_wheeled_robot) StdoutLine: {'line': b'-- Up-to-date: /home/greyflon/lab_2025/install/two_wheeled_robot/share/two_wheeled_robot/models/ParkingTrolleyMin\n'}
[0.530841] (two_wheeled_robot) StdoutLine: {'line': b'-- Up-to-date: /home/greyflon/lab_2025/install/two_wheeled_robot/share/two_wheeled_robot/models/ParkingTrolleyMin/model.config\n'}
[0.530905] (two_wheeled_robot) StdoutLine: {'line': b'-- Up-to-date: /home/greyflon/lab_2025/install/two_wheeled_robot/share/two_wheeled_robot/models/ParkingTrolleyMin/meshes\n'}
[0.530968] (two_wheeled_robot) StdoutLine: {'line': b'-- Up-to-date: /home/greyflon/lab_2025/install/two_wheeled_robot/share/two_wheeled_robot/models/ParkingTrolleyMin/meshes/trolleymin.mtl\n'}
[0.531026] (two_wheeled_robot) StdoutLine: {'line': b'-- Up-to-date: /home/greyflon/lab_2025/install/two_wheeled_robot/share/two_wheeled_robot/models/ParkingTrolleyMin/meshes/bag.png\n'}
[0.531083] (two_wheeled_robot) StdoutLine: {'line': b'-- Up-to-date: /home/greyflon/lab_2025/install/two_wheeled_robot/share/two_wheeled_robot/models/ParkingTrolleyMin/meshes/texture.png\n'}
[0.531153] (two_wheeled_robot) StdoutLine: {'line': b'-- Up-to-date: /home/greyflon/lab_2025/install/two_wheeled_robot/share/two_wheeled_robot/models/ParkingTrolleyMin/meshes/potato.png\n'}
[0.531211] (two_wheeled_robot) StdoutLine: {'line': b'-- Up-to-date: /home/greyflon/lab_2025/install/two_wheeled_robot/share/two_wheeled_robot/models/ParkingTrolleyMin/meshes/trolleymin.obj\n'}
[0.531325] (two_wheeled_robot) StdoutLine: {'line': b'-- Up-to-date: /home/greyflon/lab_2025/install/two_wheeled_robot/share/two_wheeled_robot/models/ParkingTrolleyMin/thumbnails\n'}
[0.531411] (two_wheeled_robot) StdoutLine: {'line': b'-- Up-to-date: /home/greyflon/lab_2025/install/two_wheeled_robot/share/two_wheeled_robot/models/ParkingTrolleyMin/thumbnails/5.png\n'}
[0.531472] (two_wheeled_robot) StdoutLine: {'line': b'-- Up-to-date: /home/greyflon/lab_2025/install/two_wheeled_robot/share/two_wheeled_robot/models/ParkingTrolleyMin/thumbnails/1.png\n'}
[0.531536] (two_wheeled_robot) StdoutLine: {'line': b'-- Up-to-date: /home/greyflon/lab_2025/install/two_wheeled_robot/share/two_wheeled_robot/models/ParkingTrolleyMin/thumbnails/2.png\n'}
[0.531605] (two_wheeled_robot) StdoutLine: {'line': b'-- Up-to-date: /home/greyflon/lab_2025/install/two_wheeled_robot/share/two_wheeled_robot/models/ParkingTrolleyMin/thumbnails/4.png\n'}
[0.531714] (two_wheeled_robot) StdoutLine: {'line': b'-- Up-to-date: /home/greyflon/lab_2025/install/two_wheeled_robot/share/two_wheeled_robot/models/ParkingTrolleyMin/thumbnails/3.png\n'}
[0.531774] (two_wheeled_robot) StdoutLine: {'line': b'-- Up-to-date: /home/greyflon/lab_2025/install/two_wheeled_robot/share/two_wheeled_robot/models/ParkingTrolleyMin/model.sdf\n'}
[0.531833] (two_wheeled_robot) StdoutLine: {'line': b'-- Up-to-date: /home/greyflon/lab_2025/install/two_wheeled_robot/share/two_wheeled_robot/models/aws_robomaker_residential_FloorB_01\n'}
[0.531893] (two_wheeled_robot) StdoutLine: {'line': b'-- Up-to-date: /home/greyflon/lab_2025/install/two_wheeled_robot/share/two_wheeled_robot/models/aws_robomaker_residential_FloorB_01/model.config\n'}
[0.531951] (two_wheeled_robot) StdoutLine: {'line': b'-- Up-to-date: /home/greyflon/lab_2025/install/two_wheeled_robot/share/two_wheeled_robot/models/aws_robomaker_residential_FloorB_01/meshes\n'}
[0.532011] (two_wheeled_robot) StdoutLine: {'line': b'-- Up-to-date: /home/greyflon/lab_2025/install/two_wheeled_robot/share/two_wheeled_robot/models/aws_robomaker_residential_FloorB_01/meshes/aws_FloorB_01_collision.DAE\n'}
[0.532071] (two_wheeled_robot) StdoutLine: {'line': b'-- Up-to-date: /home/greyflon/lab_2025/install/two_wheeled_robot/share/two_wheeled_robot/models/aws_robomaker_residential_FloorB_01/meshes/aws_FloorB_01_visual.DAE\n'}
[0.532130] (two_wheeled_robot) StdoutLine: {'line': b'-- Up-to-date: /home/greyflon/lab_2025/install/two_wheeled_robot/share/two_wheeled_robot/models/aws_robomaker_residential_FloorB_01/materials\n'}
[0.532201] (two_wheeled_robot) StdoutLine: {'line': b'-- Up-to-date: /home/greyflon/lab_2025/install/two_wheeled_robot/share/two_wheeled_robot/models/aws_robomaker_residential_FloorB_01/materials/textures\n'}
[0.532261] (two_wheeled_robot) StdoutLine: {'line': b'-- Up-to-date: /home/greyflon/lab_2025/install/two_wheeled_robot/share/two_wheeled_robot/models/aws_robomaker_residential_FloorB_01/materials/textures/aws_FloorB_01.png\n'}
[0.532320] (two_wheeled_robot) StdoutLine: {'line': b'-- Up-to-date: /home/greyflon/lab_2025/install/two_wheeled_robot/share/two_wheeled_robot/models/aws_robomaker_residential_FloorB_01/model.sdf\n'}
[0.532385] (two_wheeled_robot) StdoutLine: {'line': b'-- Up-to-date: /home/greyflon/lab_2025/install/two_wheeled_robot/share/two_wheeled_robot/models/AdjTable\n'}
[0.532444] (two_wheeled_robot) StdoutLine: {'line': b'-- Up-to-date: /home/greyflon/lab_2025/install/two_wheeled_robot/share/two_wheeled_robot/models/AdjTable/model.config\n'}
[0.532503] (two_wheeled_robot) StdoutLine: {'line': b'-- Up-to-date: /home/greyflon/lab_2025/install/two_wheeled_robot/share/two_wheeled_robot/models/AdjTable/meshes\n'}
[0.532562] (two_wheeled_robot) StdoutLine: {'line': b'-- Up-to-date: /home/greyflon/lab_2025/install/two_wheeled_robot/share/two_wheeled_robot/models/AdjTable/meshes/AdjTable_Col.obj\n'}
[0.532636] (two_wheeled_robot) StdoutLine: {'line': b'-- Up-to-date: /home/greyflon/lab_2025/install/two_wheeled_robot/share/two_wheeled_robot/models/AdjTable/meshes/AdjTable_Col.mtl\n'}
[0.532699] (two_wheeled_robot) StdoutLine: {'line': b'-- Up-to-date: /home/greyflon/lab_2025/install/two_wheeled_robot/share/two_wheeled_robot/models/AdjTable/meshes/AdjTable.obj\n'}
[0.532799] (two_wheeled_robot) StdoutLine: {'line': b'-- Up-to-date: /home/greyflon/lab_2025/install/two_wheeled_robot/share/two_wheeled_robot/models/AdjTable/meshes/AdjTable_Diffuse.png\n'}
[0.532888] (two_wheeled_robot) StdoutLine: {'line': b'-- Up-to-date: /home/greyflon/lab_2025/install/two_wheeled_robot/share/two_wheeled_robot/models/AdjTable/meshes/AdjTable.mtl\n'}
[0.532950] (two_wheeled_robot) StdoutLine: {'line': b'-- Up-to-date: /home/greyflon/lab_2025/install/two_wheeled_robot/share/two_wheeled_robot/models/AdjTable/thumbnails\n'}
[0.533010] (two_wheeled_robot) StdoutLine: {'line': b'-- Up-to-date: /home/greyflon/lab_2025/install/two_wheeled_robot/share/two_wheeled_robot/models/AdjTable/thumbnails/5.png\n'}
[0.533262] (two_wheeled_robot) StdoutLine: {'line': b'-- Up-to-date: /home/greyflon/lab_2025/install/two_wheeled_robot/share/two_wheeled_robot/models/AdjTable/thumbnails/1.png\n'}
[0.533432] (two_wheeled_robot) StdoutLine: {'line': b'-- Up-to-date: /home/greyflon/lab_2025/install/two_wheeled_robot/share/two_wheeled_robot/models/AdjTable/thumbnails/2.png\n'}
[0.533496] (two_wheeled_robot) StdoutLine: {'line': b'-- Up-to-date: /home/greyflon/lab_2025/install/two_wheeled_robot/share/two_wheeled_robot/models/AdjTable/thumbnails/4.png\n'}
[0.533556] (two_wheeled_robot) StdoutLine: {'line': b'-- Up-to-date: /home/greyflon/lab_2025/install/two_wheeled_robot/share/two_wheeled_robot/models/AdjTable/thumbnails/3.png\n'}
[0.533656] (two_wheeled_robot) StdoutLine: {'line': b'-- Up-to-date: /home/greyflon/lab_2025/install/two_wheeled_robot/share/two_wheeled_robot/models/AdjTable/model.sdf\n'}
[0.533858] (two_wheeled_robot) StdoutLine: {'line': b'-- Up-to-date: /home/greyflon/lab_2025/install/two_wheeled_robot/share/two_wheeled_robot/models/aws_robomaker_warehouse_RoofB_01\n'}
[0.533922] (two_wheeled_robot) StdoutLine: {'line': b'-- Up-to-date: /home/greyflon/lab_2025/install/two_wheeled_robot/share/two_wheeled_robot/models/aws_robomaker_warehouse_RoofB_01/model.config\n'}
[0.534018] (two_wheeled_robot) StdoutLine: {'line': b'-- Up-to-date: /home/greyflon/lab_2025/install/two_wheeled_robot/share/two_wheeled_robot/models/aws_robomaker_warehouse_RoofB_01/meshes\n'}
[0.534080] (two_wheeled_robot) StdoutLine: {'line': b'-- Up-to-date: /home/greyflon/lab_2025/install/two_wheeled_robot/share/two_wheeled_robot/models/aws_robomaker_warehouse_RoofB_01/meshes/aws_robomaker_warehouse_RoofB_01_visual.DAE\n'}
[0.534140] (two_wheeled_robot) StdoutLine: {'line': b'-- Up-to-date: /home/greyflon/lab_2025/install/two_wheeled_robot/share/two_wheeled_robot/models/aws_robomaker_warehouse_RoofB_01/meshes/aws_robomaker_warehouse_RoofB_01_collision.DAE\n'}
[0.534199] (two_wheeled_robot) StdoutLine: {'line': b'-- Up-to-date: /home/greyflon/lab_2025/install/two_wheeled_robot/share/two_wheeled_robot/models/aws_robomaker_warehouse_RoofB_01/materials\n'}
[0.534258] (two_wheeled_robot) StdoutLine: {'line': b'-- Up-to-date: /home/greyflon/lab_2025/install/two_wheeled_robot/share/two_wheeled_robot/models/aws_robomaker_warehouse_RoofB_01/materials/textures\n'}
[0.534325] (two_wheeled_robot) StdoutLine: {'line': b'-- Up-to-date: /home/greyflon/lab_2025/install/two_wheeled_robot/share/two_wheeled_robot/models/aws_robomaker_warehouse_RoofB_01/materials/textures/aws_robomaker_warehouse_RoofB_01.png\n'}
[0.534385] (two_wheeled_robot) StdoutLine: {'line': b'-- Up-to-date: /home/greyflon/lab_2025/install/two_wheeled_robot/share/two_wheeled_robot/models/aws_robomaker_warehouse_RoofB_01/model.sdf\n'}
[0.534444] (two_wheeled_robot) StdoutLine: {'line': b'-- Up-to-date: /home/greyflon/lab_2025/install/two_wheeled_robot/share/two_wheeled_robot/models/house_3\n'}
[0.534503] (two_wheeled_robot) StdoutLine: {'line': b'-- Up-to-date: /home/greyflon/lab_2025/install/two_wheeled_robot/share/two_wheeled_robot/models/house_3/model-1_4.sdf\n'}
[0.534562] (two_wheeled_robot) StdoutLine: {'line': b'-- Up-to-date: /home/greyflon/lab_2025/install/two_wheeled_robot/share/two_wheeled_robot/models/house_3/model.config\n'}
[0.534683] (two_wheeled_robot) StdoutLine: {'line': b'-- Up-to-date: /home/greyflon/lab_2025/install/two_wheeled_robot/share/two_wheeled_robot/models/house_3/meshes\n'}
[0.534759] (two_wheeled_robot) StdoutLine: {'line': b'-- Up-to-date: /home/greyflon/lab_2025/install/two_wheeled_robot/share/two_wheeled_robot/models/house_3/meshes/house_3.dae\n'}
[0.534819] (two_wheeled_robot) StdoutLine: {'line': b'-- Up-to-date: /home/greyflon/lab_2025/install/two_wheeled_robot/share/two_wheeled_robot/models/house_3/materials\n'}
[0.534878] (two_wheeled_robot) StdoutLine: {'line': b'-- Up-to-date: /home/greyflon/lab_2025/install/two_wheeled_robot/share/two_wheeled_robot/models/house_3/materials/scripts\n'}
[0.534937] (two_wheeled_robot) StdoutLine: {'line': b'-- Up-to-date: /home/greyflon/lab_2025/install/two_wheeled_robot/share/two_wheeled_robot/models/house_3/materials/scripts/house_3.material\n'}
[0.534996] (two_wheeled_robot) StdoutLine: {'line': b'-- Up-to-date: /home/greyflon/lab_2025/install/two_wheeled_robot/share/two_wheeled_robot/models/house_3/materials/textures\n'}
[0.535054] (two_wheeled_robot) StdoutLine: {'line': b'-- Up-to-date: /home/greyflon/lab_2025/install/two_wheeled_robot/share/two_wheeled_robot/models/house_3/materials/textures/House_3_Diffuse.png\n'}
[0.535114] (two_wheeled_robot) StdoutLine: {'line': b'-- Up-to-date: /home/greyflon/lab_2025/install/two_wheeled_robot/share/two_wheeled_robot/models/house_3/model.sdf\n'}
[0.535173] (two_wheeled_robot) StdoutLine: {'line': b'-- Up-to-date: /home/greyflon/lab_2025/install/two_wheeled_robot/share/two_wheeled_robot/models/house_3/model-1_3.sdf\n'}
[0.535263] (two_wheeled_robot) StdoutLine: {'line': b'-- Up-to-date: /home/greyflon/lab_2025/install/two_wheeled_robot/share/two_wheeled_robot/models/fire_hydrant\n'}
[0.535326] (two_wheeled_robot) StdoutLine: {'line': b'-- Up-to-date: /home/greyflon/lab_2025/install/two_wheeled_robot/share/two_wheeled_robot/models/fire_hydrant/model-1_4.sdf\n'}
[0.535385] (two_wheeled_robot) StdoutLine: {'line': b'-- Up-to-date: /home/greyflon/lab_2025/install/two_wheeled_robot/share/two_wheeled_robot/models/fire_hydrant/model.config\n'}
[0.535465] (two_wheeled_robot) StdoutLine: {'line': b'-- Up-to-date: /home/greyflon/lab_2025/install/two_wheeled_robot/share/two_wheeled_robot/models/fire_hydrant/meshes\n'}
[0.535524] (two_wheeled_robot) StdoutLine: {'line': b'-- Up-to-date: /home/greyflon/lab_2025/install/two_wheeled_robot/share/two_wheeled_robot/models/fire_hydrant/meshes/fire_hydrant.dae\n'}
[0.535590] (two_wheeled_robot) StdoutLine: {'line': b'-- Up-to-date: /home/greyflon/lab_2025/install/two_wheeled_robot/share/two_wheeled_robot/models/fire_hydrant/materials\n'}
[0.535674] (two_wheeled_robot) StdoutLine: {'line': b'-- Up-to-date: /home/greyflon/lab_2025/install/two_wheeled_robot/share/two_wheeled_robot/models/fire_hydrant/materials/textures\n'}
[0.535735] (two_wheeled_robot) StdoutLine: {'line': b'-- Up-to-date: /home/greyflon/lab_2025/install/two_wheeled_robot/share/two_wheeled_robot/models/fire_hydrant/materials/textures/fire_hydrant_spec.png\n'}
[0.535804] (two_wheeled_robot) StdoutLine: {'line': b'-- Up-to-date: /home/greyflon/lab_2025/install/two_wheeled_robot/share/two_wheeled_robot/models/fire_hydrant/materials/textures/fire_hydrant_diffuse.png\n'}
[0.535863] (two_wheeled_robot) StdoutLine: {'line': b'-- Up-to-date: /home/greyflon/lab_2025/install/two_wheeled_robot/share/two_wheeled_robot/models/fire_hydrant/model.sdf\n'}
[0.535922] (two_wheeled_robot) StdoutLine: {'line': b'-- Up-to-date: /home/greyflon/lab_2025/install/two_wheeled_robot/share/two_wheeled_robot/models/OfficeChairBlack\n'}
[0.535982] (two_wheeled_robot) StdoutLine: {'line': b'-- Up-to-date: /home/greyflon/lab_2025/install/two_wheeled_robot/share/two_wheeled_robot/models/OfficeChairBlack/model.config\n'}
[0.536041] (two_wheeled_robot) StdoutLine: {'line': b'-- Up-to-date: /home/greyflon/lab_2025/install/two_wheeled_robot/share/two_wheeled_robot/models/OfficeChairBlack/meshes\n'}
[0.536101] (two_wheeled_robot) StdoutLine: {'line': b'-- Up-to-date: /home/greyflon/lab_2025/install/two_wheeled_robot/share/two_wheeled_robot/models/OfficeChairBlack/meshes/OfficeChairBlack_Col.obj\n'}
[0.536160] (two_wheeled_robot) StdoutLine: {'line': b'-- Up-to-date: /home/greyflon/lab_2025/install/two_wheeled_robot/share/two_wheeled_robot/models/OfficeChairBlack/meshes/OfficeChairBlack.png\n'}
[0.536220] (two_wheeled_robot) StdoutLine: {'line': b'-- Up-to-date: /home/greyflon/lab_2025/install/two_wheeled_robot/share/two_wheeled_robot/models/OfficeChairBlack/meshes/OfficeChairBlack_Col.mtl\n'}
[0.536279] (two_wheeled_robot) StdoutLine: {'line': b'-- Up-to-date: /home/greyflon/lab_2025/install/two_wheeled_robot/share/two_wheeled_robot/models/OfficeChairBlack/meshes/OfficeChairBlack.mtl\n'}
[0.536339] (two_wheeled_robot) StdoutLine: {'line': b'-- Up-to-date: /home/greyflon/lab_2025/install/two_wheeled_robot/share/two_wheeled_robot/models/OfficeChairBlack/meshes/OfficeChairBlack.obj\n'}
[0.536398] (two_wheeled_robot) StdoutLine: {'line': b'-- Up-to-date: /home/greyflon/lab_2025/install/two_wheeled_robot/share/two_wheeled_robot/models/OfficeChairBlack/thumbnails\n'}
[0.536458] (two_wheeled_robot) StdoutLine: {'line': b'-- Up-to-date: /home/greyflon/lab_2025/install/two_wheeled_robot/share/two_wheeled_robot/models/OfficeChairBlack/thumbnails/5.png\n'}
[0.536518] (two_wheeled_robot) StdoutLine: {'line': b'-- Up-to-date: /home/greyflon/lab_2025/install/two_wheeled_robot/share/two_wheeled_robot/models/OfficeChairBlack/thumbnails/meta\n'}
[0.536577] (two_wheeled_robot) StdoutLine: {'line': b'-- Up-to-date: /home/greyflon/lab_2025/install/two_wheeled_robot/share/two_wheeled_robot/models/OfficeChairBlack/thumbnails/meta/5.png\n'}
[0.536694] (two_wheeled_robot) StdoutLine: {'line': b'-- Up-to-date: /home/greyflon/lab_2025/install/two_wheeled_robot/share/two_wheeled_robot/models/OfficeChairBlack/thumbnails/meta/1.png\n'}
[0.536755] (two_wheeled_robot) StdoutLine: {'line': b'-- Up-to-date: /home/greyflon/lab_2025/install/two_wheeled_robot/share/two_wheeled_robot/models/OfficeChairBlack/thumbnails/meta/2.png\n'}
[0.536883] (two_wheeled_robot) StdoutLine: {'line': b'-- Up-to-date: /home/greyflon/lab_2025/install/two_wheeled_robot/share/two_wheeled_robot/models/OfficeChairBlack/thumbnails/meta/4.png\n'}
[0.536944] (two_wheeled_robot) StdoutLine: {'line': b'-- Up-to-date: /home/greyflon/lab_2025/install/two_wheeled_robot/share/two_wheeled_robot/models/OfficeChairBlack/thumbnails/meta/3.png\n'}
[0.537004] (two_wheeled_robot) StdoutLine: {'line': b'-- Up-to-date: /home/greyflon/lab_2025/install/two_wheeled_robot/share/two_wheeled_robot/models/OfficeChairBlack/thumbnails/1.png\n'}
[0.537063] (two_wheeled_robot) StdoutLine: {'line': b'-- Up-to-date: /home/greyflon/lab_2025/install/two_wheeled_robot/share/two_wheeled_robot/models/OfficeChairBlack/thumbnails/2.png\n'}
[0.537132] (two_wheeled_robot) StdoutLine: {'line': b'-- Up-to-date: /home/greyflon/lab_2025/install/two_wheeled_robot/share/two_wheeled_robot/models/OfficeChairBlack/thumbnails/4.png\n'}
[0.537206] (two_wheeled_robot) StdoutLine: {'line': b'-- Up-to-date: /home/greyflon/lab_2025/install/two_wheeled_robot/share/two_wheeled_robot/models/OfficeChairBlack/thumbnails/3.png\n'}
[0.537266] (two_wheeled_robot) StdoutLine: {'line': b'-- Up-to-date: /home/greyflon/lab_2025/install/two_wheeled_robot/share/two_wheeled_robot/models/OfficeChairBlack/model.sdf\n'}
[0.537326] (two_wheeled_robot) StdoutLine: {'line': b'-- Up-to-date: /home/greyflon/lab_2025/install/two_wheeled_robot/share/two_wheeled_robot/models/BoxesLargeOnPallet\n'}
[0.537385] (two_wheeled_robot) StdoutLine: {'line': b'-- Up-to-date: /home/greyflon/lab_2025/install/two_wheeled_robot/share/two_wheeled_robot/models/BoxesLargeOnPallet/model.config\n'}
[0.537444] (two_wheeled_robot) StdoutLine: {'line': b'-- Up-to-date: /home/greyflon/lab_2025/install/two_wheeled_robot/share/two_wheeled_robot/models/BoxesLargeOnPallet/materials\n'}
[0.537504] (two_wheeled_robot) StdoutLine: {'line': b'-- Up-to-date: /home/greyflon/lab_2025/install/two_wheeled_robot/share/two_wheeled_robot/models/BoxesLargeOnPallet/materials/scripts\n'}
[0.537563] (two_wheeled_robot) StdoutLine: {'line': b'-- Up-to-date: /home/greyflon/lab_2025/install/two_wheeled_robot/share/two_wheeled_robot/models/BoxesLargeOnPallet/materials/scripts/BoxesLargeOnPallet.material\n'}
[0.537671] (two_wheeled_robot) StdoutLine: {'line': b'-- Up-to-date: /home/greyflon/lab_2025/install/two_wheeled_robot/share/two_wheeled_robot/models/BoxesLargeOnPallet/model.sdf\n'}
[0.537734] (two_wheeled_robot) StdoutLine: {'line': b'-- Up-to-date: /home/greyflon/lab_2025/install/two_wheeled_robot/share/two_wheeled_robot/models/refrigerator\n'}
[0.537794] (two_wheeled_robot) StdoutLine: {'line': b'-- Up-to-date: /home/greyflon/lab_2025/install/two_wheeled_robot/share/two_wheeled_robot/models/refrigerator/model.config\n'}
[0.537853] (two_wheeled_robot) StdoutLine: {'line': b'-- Up-to-date: /home/greyflon/lab_2025/install/two_wheeled_robot/share/two_wheeled_robot/models/refrigerator/meshes\n'}
[0.537912] (two_wheeled_robot) StdoutLine: {'line': b'-- Up-to-date: /home/greyflon/lab_2025/install/two_wheeled_robot/share/two_wheeled_robot/models/refrigerator/meshes/refrigerator.mtl\n'}
[0.537971] (two_wheeled_robot) StdoutLine: {'line': b'-- Up-to-date: /home/greyflon/lab_2025/install/two_wheeled_robot/share/two_wheeled_robot/models/refrigerator/meshes/refrigerator.obj\n'}
[0.538030] (two_wheeled_robot) StdoutLine: {'line': b'-- Up-to-date: /home/greyflon/lab_2025/install/two_wheeled_robot/share/two_wheeled_robot/models/refrigerator/materials\n'}
[0.538090] (two_wheeled_robot) StdoutLine: {'line': b'-- Up-to-date: /home/greyflon/lab_2025/install/two_wheeled_robot/share/two_wheeled_robot/models/refrigerator/materials/textures\n'}
[0.538148] (two_wheeled_robot) StdoutLine: {'line': b'-- Up-to-date: /home/greyflon/lab_2025/install/two_wheeled_robot/share/two_wheeled_robot/models/refrigerator/materials/textures/refrigerator.png\n'}
[0.538207] (two_wheeled_robot) StdoutLine: {'line': b'-- Up-to-date: /home/greyflon/lab_2025/install/two_wheeled_robot/share/two_wheeled_robot/models/refrigerator/model.sdf\n'}
[0.538266] (two_wheeled_robot) StdoutLine: {'line': b'-- Up-to-date: /home/greyflon/lab_2025/install/two_wheeled_robot/share/two_wheeled_robot/models/cafe_table\n'}
[0.538326] (two_wheeled_robot) StdoutLine: {'line': b'-- Up-to-date: /home/greyflon/lab_2025/install/two_wheeled_robot/share/two_wheeled_robot/models/cafe_table/model-1_4.sdf\n'}
[0.538384] (two_wheeled_robot) StdoutLine: {'line': b'-- Up-to-date: /home/greyflon/lab_2025/install/two_wheeled_robot/share/two_wheeled_robot/models/cafe_table/model.config\n'}
[0.538444] (two_wheeled_robot) StdoutLine: {'line': b'-- Up-to-date: /home/greyflon/lab_2025/install/two_wheeled_robot/share/two_wheeled_robot/models/cafe_table/meshes\n'}
[0.538502] (two_wheeled_robot) StdoutLine: {'line': b'-- Up-to-date: /home/greyflon/lab_2025/install/two_wheeled_robot/share/two_wheeled_robot/models/cafe_table/meshes/cafe_table.dae\n'}
[0.538562] (two_wheeled_robot) StdoutLine: {'line': b'-- Up-to-date: /home/greyflon/lab_2025/install/two_wheeled_robot/share/two_wheeled_robot/models/cafe_table/materials\n'}
[0.538762] (two_wheeled_robot) StdoutLine: {'line': b'-- Up-to-date: /home/greyflon/lab_2025/install/two_wheeled_robot/share/two_wheeled_robot/models/cafe_table/materials/textures\n'}
[0.538826] (two_wheeled_robot) StdoutLine: {'line': b'-- Up-to-date: /home/greyflon/lab_2025/install/two_wheeled_robot/share/two_wheeled_robot/models/cafe_table/materials/textures/Maple.jpg\n'}
[0.538886] (two_wheeled_robot) StdoutLine: {'line': b'-- Up-to-date: /home/greyflon/lab_2025/install/two_wheeled_robot/share/two_wheeled_robot/models/cafe_table/materials/textures/Wood_Floor_Dark.jpg\n'}
[0.538946] (two_wheeled_robot) StdoutLine: {'line': b'-- Up-to-date: /home/greyflon/lab_2025/install/two_wheeled_robot/share/two_wheeled_robot/models/cafe_table/model.sdf\n'}
[0.539023] (two_wheeled_robot) StdoutLine: {'line': b'-- Up-to-date: /home/greyflon/lab_2025/install/two_wheeled_robot/share/two_wheeled_robot/models/aws_robomaker_residential_Quilt_01\n'}
[0.539084] (two_wheeled_robot) StdoutLine: {'line': b'-- Up-to-date: /home/greyflon/lab_2025/install/two_wheeled_robot/share/two_wheeled_robot/models/aws_robomaker_residential_Quilt_01/model.config\n'}
[0.539144] (two_wheeled_robot) StdoutLine: {'line': b'-- Up-to-date: /home/greyflon/lab_2025/install/two_wheeled_robot/share/two_wheeled_robot/models/aws_robomaker_residential_Quilt_01/meshes\n'}
[0.539209] (two_wheeled_robot) StdoutLine: {'line': b'-- Up-to-date: /home/greyflon/lab_2025/install/two_wheeled_robot/share/two_wheeled_robot/models/aws_robomaker_residential_Quilt_01/meshes/aws_Quilt_01_visual.DAE\n'}
[0.539270] (two_wheeled_robot) StdoutLine: {'line': b'-- Up-to-date: /home/greyflon/lab_2025/install/two_wheeled_robot/share/two_wheeled_robot/models/aws_robomaker_residential_Quilt_01/meshes/aws_Quilt_01_collision.DAE\n'}
[0.539329] (two_wheeled_robot) StdoutLine: {'line': b'-- Up-to-date: /home/greyflon/lab_2025/install/two_wheeled_robot/share/two_wheeled_robot/models/aws_robomaker_residential_Quilt_01/materials\n'}
[0.539388] (two_wheeled_robot) StdoutLine: {'line': b'-- Up-to-date: /home/greyflon/lab_2025/install/two_wheeled_robot/share/two_wheeled_robot/models/aws_robomaker_residential_Quilt_01/materials/textures\n'}
[0.539447] (two_wheeled_robot) StdoutLine: {'line': b'-- Up-to-date: /home/greyflon/lab_2025/install/two_wheeled_robot/share/two_wheeled_robot/models/aws_robomaker_residential_Quilt_01/materials/textures/aws_Quilt_01.png\n'}
[0.539507] (two_wheeled_robot) StdoutLine: {'line': b'-- Up-to-date: /home/greyflon/lab_2025/install/two_wheeled_robot/share/two_wheeled_robot/models/aws_robomaker_residential_Quilt_01/model.sdf\n'}
[0.539566] (two_wheeled_robot) StdoutLine: {'line': b'-- Up-to-date: /home/greyflon/lab_2025/install/two_wheeled_robot/share/two_wheeled_robot/models/aws_robomaker_hospital_elevator_01_portal\n'}
[0.539678] (two_wheeled_robot) StdoutLine: {'line': b'-- Up-to-date: /home/greyflon/lab_2025/install/two_wheeled_robot/share/two_wheeled_robot/models/aws_robomaker_hospital_elevator_01_portal/model.config\n'}
[0.539743] (two_wheeled_robot) StdoutLine: {'line': b'-- Up-to-date: /home/greyflon/lab_2025/install/two_wheeled_robot/share/two_wheeled_robot/models/aws_robomaker_hospital_elevator_01_portal/meshes\n'}
[0.539803] (two_wheeled_robot) StdoutLine: {'line': b'-- Up-to-date: /home/greyflon/lab_2025/install/two_wheeled_robot/share/two_wheeled_robot/models/aws_robomaker_hospital_elevator_01_portal/meshes/aws_robomaker_hospital_elevator_01_visual_normal.png\n'}
[0.539864] (two_wheeled_robot) StdoutLine: {'line': b'-- Up-to-date: /home/greyflon/lab_2025/install/two_wheeled_robot/share/two_wheeled_robot/models/aws_robomaker_hospital_elevator_01_portal/meshes/aws_robomaker_hospital_elevator_01_portal_visual.dae\n'}
[0.539924] (two_wheeled_robot) StdoutLine: {'line': b'-- Up-to-date: /home/greyflon/lab_2025/install/two_wheeled_robot/share/two_wheeled_robot/models/aws_robomaker_hospital_elevator_01_portal/meshes/aws_robomaker_hospital_elevator_01_portal_collision.dae\n'}
[0.539992] (two_wheeled_robot) StdoutLine: {'line': b'-- Up-to-date: /home/greyflon/lab_2025/install/two_wheeled_robot/share/two_wheeled_robot/models/aws_robomaker_hospital_elevator_01_portal/meshes/aws_robomaker_hospital_elevator_01_low.png\n'}
[0.540053] (two_wheeled_robot) StdoutLine: {'line': b'-- Up-to-date: /home/greyflon/lab_2025/install/two_wheeled_robot/share/two_wheeled_robot/models/aws_robomaker_hospital_elevator_01_portal/meshes/aws_robomaker_hospital_elevator_01_low_normal.png\n'}
[0.540114] (two_wheeled_robot) StdoutLine: {'line': b'-- Up-to-date: /home/greyflon/lab_2025/install/two_wheeled_robot/share/two_wheeled_robot/models/aws_robomaker_hospital_elevator_01_portal/meshes/aws_robomaker_hospital_elevator_01_portal_low.dae\n'}
[0.540174] (two_wheeled_robot) StdoutLine: {'line': b'-- Up-to-date: /home/greyflon/lab_2025/install/two_wheeled_robot/share/two_wheeled_robot/models/aws_robomaker_hospital_elevator_01_portal/meshes/aws_robomaker_hospital_elevator_01_visual.png\n'}
[0.540233] (two_wheeled_robot) StdoutLine: {'line': b'-- Up-to-date: /home/greyflon/lab_2025/install/two_wheeled_robot/share/two_wheeled_robot/models/aws_robomaker_hospital_elevator_01_portal/model.sdf\n'}
[0.540294] (two_wheeled_robot) StdoutLine: {'line': b'-- Up-to-date: /home/greyflon/lab_2025/install/two_wheeled_robot/share/two_wheeled_robot/models/aws_robomaker_residential_Sofa_01\n'}
[0.540353] (two_wheeled_robot) StdoutLine: {'line': b'-- Up-to-date: /home/greyflon/lab_2025/install/two_wheeled_robot/share/two_wheeled_robot/models/aws_robomaker_residential_Sofa_01/model.config\n'}
[0.540412] (two_wheeled_robot) StdoutLine: {'line': b'-- Up-to-date: /home/greyflon/lab_2025/install/two_wheeled_robot/share/two_wheeled_robot/models/aws_robomaker_residential_Sofa_01/meshes\n'}
[0.540471] (two_wheeled_robot) StdoutLine: {'line': b'-- Up-to-date: /home/greyflon/lab_2025/install/two_wheeled_robot/share/two_wheeled_robot/models/aws_robomaker_residential_Sofa_01/meshes/aws_Sofa_01.DAE\n'}
[0.540531] (two_wheeled_robot) StdoutLine: {'line': b'-- Up-to-date: /home/greyflon/lab_2025/install/two_wheeled_robot/share/two_wheeled_robot/models/aws_robomaker_residential_Sofa_01/meshes/aws_Sofa_01_visual.DAE\n'}
[0.540597] (two_wheeled_robot) StdoutLine: {'line': b'-- Up-to-date: /home/greyflon/lab_2025/install/two_wheeled_robot/share/two_wheeled_robot/models/aws_robomaker_residential_Sofa_01/meshes/aws_Sofa_01_collision.DAE\n'}
[0.540684] (two_wheeled_robot) StdoutLine: {'line': b'-- Up-to-date: /home/greyflon/lab_2025/install/two_wheeled_robot/share/two_wheeled_robot/models/aws_robomaker_residential_Sofa_01/materials\n'}
[0.540750] (two_wheeled_robot) StdoutLine: {'line': b'-- Up-to-date: /home/greyflon/lab_2025/install/two_wheeled_robot/share/two_wheeled_robot/models/aws_robomaker_residential_Sofa_01/materials/textures\n'}
[0.540811] (two_wheeled_robot) StdoutLine: {'line': b'-- Up-to-date: /home/greyflon/lab_2025/install/two_wheeled_robot/share/two_wheeled_robot/models/aws_robomaker_residential_Sofa_01/materials/textures/aws_Sofa_01.png\n'}
[0.540871] (two_wheeled_robot) StdoutLine: {'line': b'-- Up-to-date: /home/greyflon/lab_2025/install/two_wheeled_robot/share/two_wheeled_robot/models/aws_robomaker_residential_Sofa_01/model.sdf\n'}
[0.540930] (two_wheeled_robot) StdoutLine: {'line': b'-- Up-to-date: /home/greyflon/lab_2025/install/two_wheeled_robot/share/two_wheeled_robot/models/pioneer2dx\n'}
[0.540990] (two_wheeled_robot) StdoutLine: {'line': b'-- Up-to-date: /home/greyflon/lab_2025/install/two_wheeled_robot/share/two_wheeled_robot/models/pioneer2dx/model-1_2.sdf\n'}
[0.541050] (two_wheeled_robot) StdoutLine: {'line': b'-- Up-to-date: /home/greyflon/lab_2025/install/two_wheeled_robot/share/two_wheeled_robot/models/pioneer2dx/model-1_4.sdf\n'}
[0.541110] (two_wheeled_robot) StdoutLine: {'line': b'-- Up-to-date: /home/greyflon/lab_2025/install/two_wheeled_robot/share/two_wheeled_robot/models/pioneer2dx/model.config\n'}
[0.541169] (two_wheeled_robot) StdoutLine: {'line': b'-- Up-to-date: /home/greyflon/lab_2025/install/two_wheeled_robot/share/two_wheeled_robot/models/pioneer2dx/meshes\n'}
[0.541234] (two_wheeled_robot) StdoutLine: {'line': b'-- Up-to-date: /home/greyflon/lab_2025/install/two_wheeled_robot/share/two_wheeled_robot/models/pioneer2dx/meshes/wheel.dae\n'}
[0.541294] (two_wheeled_robot) StdoutLine: {'line': b'-- Up-to-date: /home/greyflon/lab_2025/install/two_wheeled_robot/share/two_wheeled_robot/models/pioneer2dx/meshes/chassis.dae\n'}
[0.541354] (two_wheeled_robot) StdoutLine: {'line': b'-- Up-to-date: /home/greyflon/lab_2025/install/two_wheeled_robot/share/two_wheeled_robot/models/pioneer2dx/materials\n'}
[0.541414] (two_wheeled_robot) StdoutLine: {'line': b'-- Up-to-date: /home/greyflon/lab_2025/install/two_wheeled_robot/share/two_wheeled_robot/models/pioneer2dx/materials/textures\n'}
[0.541474] (two_wheeled_robot) StdoutLine: {'line': b'-- Up-to-date: /home/greyflon/lab_2025/install/two_wheeled_robot/share/two_wheeled_robot/models/pioneer2dx/materials/textures/plate_2_logo.png\n'}
[0.541533] (two_wheeled_robot) StdoutLine: {'line': b'-- Up-to-date: /home/greyflon/lab_2025/install/two_wheeled_robot/share/two_wheeled_robot/models/pioneer2dx/materials/textures/68-04552-2000-RA_Turtlebot_M-F_Standoff_color.png\n'}
[0.541600] (two_wheeled_robot) StdoutLine: {'line': b'-- Up-to-date: /home/greyflon/lab_2025/install/two_wheeled_robot/share/two_wheeled_robot/models/pioneer2dx/materials/textures/plate_1_logo.png\n'}
[0.541706] (two_wheeled_robot) StdoutLine: {'line': b'-- Up-to-date: /home/greyflon/lab_2025/install/two_wheeled_robot/share/two_wheeled_robot/models/pioneer2dx/materials/textures/68-02421-8000-RA_Turtlebot_F-F_Standoff_color.png\n'}
[0.541768] (two_wheeled_robot) StdoutLine: {'line': b'-- Up-to-date: /home/greyflon/lab_2025/install/two_wheeled_robot/share/two_wheeled_robot/models/pioneer2dx/materials/textures/68-04552-1000-RA_Turtlebot_M-F_Standoff_color.png\n'}
[0.541827] (two_wheeled_robot) StdoutLine: {'line': b'-- Up-to-date: /home/greyflon/lab_2025/install/two_wheeled_robot/share/two_wheeled_robot/models/pioneer2dx/materials/textures/plate_0_logo.png\n'}
[0.541887] (two_wheeled_robot) StdoutLine: {'line': b'-- Up-to-date: /home/greyflon/lab_2025/install/two_wheeled_robot/share/two_wheeled_robot/models/pioneer2dx/materials/textures/create_body.png\n'}
[0.541946] (two_wheeled_robot) StdoutLine: {'line': b'-- Up-to-date: /home/greyflon/lab_2025/install/two_wheeled_robot/share/two_wheeled_robot/models/pioneer2dx/model.sdf\n'}
[0.542006] (two_wheeled_robot) StdoutLine: {'line': b'-- Up-to-date: /home/greyflon/lab_2025/install/two_wheeled_robot/share/two_wheeled_robot/models/pioneer2dx/model-1_3.sdf\n'}
[0.542066] (two_wheeled_robot) StdoutLine: {'line': b'-- Up-to-date: /home/greyflon/lab_2025/install/two_wheeled_robot/share/two_wheeled_robot/models/beer\n'}
[0.542125] (two_wheeled_robot) StdoutLine: {'line': b'-- Up-to-date: /home/greyflon/lab_2025/install/two_wheeled_robot/share/two_wheeled_robot/models/beer/model-1_4.sdf\n'}
[0.542183] (two_wheeled_robot) StdoutLine: {'line': b'-- Up-to-date: /home/greyflon/lab_2025/install/two_wheeled_robot/share/two_wheeled_robot/models/beer/model.config\n'}
[0.542242] (two_wheeled_robot) StdoutLine: {'line': b'-- Up-to-date: /home/greyflon/lab_2025/install/two_wheeled_robot/share/two_wheeled_robot/models/beer/materials\n'}
[0.542301] (two_wheeled_robot) StdoutLine: {'line': b'-- Up-to-date: /home/greyflon/lab_2025/install/two_wheeled_robot/share/two_wheeled_robot/models/beer/materials/scripts\n'}
[0.542361] (two_wheeled_robot) StdoutLine: {'line': b'-- Up-to-date: /home/greyflon/lab_2025/install/two_wheeled_robot/share/two_wheeled_robot/models/beer/materials/scripts/beer.material\n'}
[0.542420] (two_wheeled_robot) StdoutLine: {'line': b'-- Up-to-date: /home/greyflon/lab_2025/install/two_wheeled_robot/share/two_wheeled_robot/models/beer/materials/textures\n'}
[0.542479] (two_wheeled_robot) StdoutLine: {'line': b'-- Up-to-date: /home/greyflon/lab_2025/install/two_wheeled_robot/share/two_wheeled_robot/models/beer/materials/textures/beer.png\n'}
[0.542545] (two_wheeled_robot) StdoutLine: {'line': b'-- Up-to-date: /home/greyflon/lab_2025/install/two_wheeled_robot/share/two_wheeled_robot/models/beer/model.sdf\n'}
[0.542746] (two_wheeled_robot) StdoutLine: {'line': b'-- Up-to-date: /home/greyflon/lab_2025/install/two_wheeled_robot/share/two_wheeled_robot/models/office_cafe_table\n'}
[0.542813] (two_wheeled_robot) StdoutLine: {'line': b'-- Up-to-date: /home/greyflon/lab_2025/install/two_wheeled_robot/share/two_wheeled_robot/models/office_cafe_table/model.config\n'}
[0.542874] (two_wheeled_robot) StdoutLine: {'line': b'-- Up-to-date: /home/greyflon/lab_2025/install/two_wheeled_robot/share/two_wheeled_robot/models/office_cafe_table/meshes\n'}
[0.542934] (two_wheeled_robot) StdoutLine: {'line': b'-- Up-to-date: /home/greyflon/lab_2025/install/two_wheeled_robot/share/two_wheeled_robot/models/office_cafe_table/meshes/office_cafe_table.dae\n'}
[0.542993] (two_wheeled_robot) StdoutLine: {'line': b'-- Up-to-date: /home/greyflon/lab_2025/install/two_wheeled_robot/share/two_wheeled_robot/models/office_cafe_table/materials\n'}
[0.543053] (two_wheeled_robot) StdoutLine: {'line': b'-- Up-to-date: /home/greyflon/lab_2025/install/two_wheeled_robot/share/two_wheeled_robot/models/office_cafe_table/materials/textures\n'}
[0.543124] (two_wheeled_robot) StdoutLine: {'line': b'-- Up-to-date: /home/greyflon/lab_2025/install/two_wheeled_robot/share/two_wheeled_robot/models/office_cafe_table/materials/textures/Maple.jpg\n'}
[0.543186] (two_wheeled_robot) StdoutLine: {'line': b'-- Up-to-date: /home/greyflon/lab_2025/install/two_wheeled_robot/share/two_wheeled_robot/models/office_cafe_table/materials/textures/Wood_Floor_Dark.jpg\n'}
[0.543287] (two_wheeled_robot) StdoutLine: {'line': b'-- Up-to-date: /home/greyflon/lab_2025/install/two_wheeled_robot/share/two_wheeled_robot/models/office_cafe_table/model.sdf\n'}
[0.543347] (two_wheeled_robot) StdoutLine: {'line': b'-- Up-to-date: /home/greyflon/lab_2025/install/two_wheeled_robot/share/two_wheeled_robot/models/aws_robomaker_hospital_nursesstation_01\n'}
[0.543405] (two_wheeled_robot) StdoutLine: {'line': b'-- Up-to-date: /home/greyflon/lab_2025/install/two_wheeled_robot/share/two_wheeled_robot/models/aws_robomaker_hospital_nursesstation_01/model.config\n'}
[0.543464] (two_wheeled_robot) StdoutLine: {'line': b'-- Up-to-date: /home/greyflon/lab_2025/install/two_wheeled_robot/share/two_wheeled_robot/models/aws_robomaker_hospital_nursesstation_01/meshes\n'}
[0.543588] (two_wheeled_robot) StdoutLine: {'line': b'-- Up-to-date: /home/greyflon/lab_2025/install/two_wheeled_robot/share/two_wheeled_robot/models/aws_robomaker_hospital_nursesstation_01/meshes/aws_robomaker_hospital_nursesstation_01_low.dae\n'}
[0.543686] (two_wheeled_robot) StdoutLine: {'line': b'-- Up-to-date: /home/greyflon/lab_2025/install/two_wheeled_robot/share/two_wheeled_robot/models/aws_robomaker_hospital_nursesstation_01/meshes/aws_robomaker_hospital_nursesstation_01_low.png\n'}
[0.543749] (two_wheeled_robot) StdoutLine: {'line': b'-- Up-to-date: /home/greyflon/lab_2025/install/two_wheeled_robot/share/two_wheeled_robot/models/aws_robomaker_hospital_nursesstation_01/meshes/aws_robomaker_hospital_nursesstation_01_low_normal.png\n'}
[0.543810] (two_wheeled_robot) StdoutLine: {'line': b'-- Up-to-date: /home/greyflon/lab_2025/install/two_wheeled_robot/share/two_wheeled_robot/models/aws_robomaker_hospital_nursesstation_01/meshes/aws_robomaker_hospital_nursesstation_01_visual.png\n'}
[0.543871] (two_wheeled_robot) StdoutLine: {'line': b'-- Up-to-date: /home/greyflon/lab_2025/install/two_wheeled_robot/share/two_wheeled_robot/models/aws_robomaker_hospital_nursesstation_01/meshes/aws_robomaker_hospital_nursesstation_01_visual_normal.png\n'}
[0.543931] (two_wheeled_robot) StdoutLine: {'line': b'-- Up-to-date: /home/greyflon/lab_2025/install/two_wheeled_robot/share/two_wheeled_robot/models/aws_robomaker_hospital_nursesstation_01/meshes/aws_robomaker_hospital_nursesstation_01_visual.dae\n'}
[0.543991] (two_wheeled_robot) StdoutLine: {'line': b'-- Up-to-date: /home/greyflon/lab_2025/install/two_wheeled_robot/share/two_wheeled_robot/models/aws_robomaker_hospital_nursesstation_01/meshes/aws_robomaker_hospital_nursesstation_01_collision.dae\n'}
[0.544058] (two_wheeled_robot) StdoutLine: {'line': b'-- Up-to-date: /home/greyflon/lab_2025/install/two_wheeled_robot/share/two_wheeled_robot/models/aws_robomaker_hospital_nursesstation_01/model.sdf\n'}
[0.544119] (two_wheeled_robot) StdoutLine: {'line': b'-- Up-to-date: /home/greyflon/lab_2025/install/two_wheeled_robot/share/two_wheeled_robot/models/amazon_robot2\n'}
[0.544179] (two_wheeled_robot) StdoutLine: {'line': b'-- Up-to-date: /home/greyflon/lab_2025/install/two_wheeled_robot/share/two_wheeled_robot/models/amazon_robot2/model.config\n'}
[0.544239] (two_wheeled_robot) StdoutLine: {'line': b'-- Up-to-date: /home/greyflon/lab_2025/install/two_wheeled_robot/share/two_wheeled_robot/models/amazon_robot2/meshes\n'}
[0.544299] (two_wheeled_robot) StdoutLine: {'line': b'-- Up-to-date: /home/greyflon/lab_2025/install/two_wheeled_robot/share/two_wheeled_robot/models/amazon_robot2/meshes/lds.dae\n'}
[0.544358] (two_wheeled_robot) StdoutLine: {'line': b'-- Up-to-date: /home/greyflon/lab_2025/install/two_wheeled_robot/share/two_wheeled_robot/models/amazon_robot2/meshes/waffle_pi_base.dae\n'}
[0.544418] (two_wheeled_robot) StdoutLine: {'line': b'-- Up-to-date: /home/greyflon/lab_2025/install/two_wheeled_robot/share/two_wheeled_robot/models/amazon_robot2/meshes/left_tire.dae\n'}
[0.544484] (two_wheeled_robot) StdoutLine: {'line': b'-- Up-to-date: /home/greyflon/lab_2025/install/two_wheeled_robot/share/two_wheeled_robot/models/amazon_robot2/meshes/right_tire.dae\n'}
[0.544545] (two_wheeled_robot) StdoutLine: {'line': b'-- Up-to-date: /home/greyflon/lab_2025/install/two_wheeled_robot/share/two_wheeled_robot/models/amazon_robot2/model.sdf\n'}
[0.544647] (two_wheeled_robot) StdoutLine: {'line': b'-- Up-to-date: /home/greyflon/lab_2025/install/two_wheeled_robot/share/two_wheeled_robot/models/ground_plane\n'}
[0.544722] (two_wheeled_robot) StdoutLine: {'line': b'-- Up-to-date: /home/greyflon/lab_2025/install/two_wheeled_robot/share/two_wheeled_robot/models/ground_plane/model-1_2.sdf\n'}
[0.544784] (two_wheeled_robot) StdoutLine: {'line': b'-- Up-to-date: /home/greyflon/lab_2025/install/two_wheeled_robot/share/two_wheeled_robot/models/ground_plane/model-1_4.sdf\n'}
[0.544844] (two_wheeled_robot) StdoutLine: {'line': b'-- Up-to-date: /home/greyflon/lab_2025/install/two_wheeled_robot/share/two_wheeled_robot/models/ground_plane/model.config\n'}
[0.544904] (two_wheeled_robot) StdoutLine: {'line': b'-- Up-to-date: /home/greyflon/lab_2025/install/two_wheeled_robot/share/two_wheeled_robot/models/ground_plane/model.sdf\n'}
[0.544963] (two_wheeled_robot) StdoutLine: {'line': b'-- Up-to-date: /home/greyflon/lab_2025/install/two_wheeled_robot/share/two_wheeled_robot/models/ground_plane/model-1_3.sdf\n'}
[0.545023] (two_wheeled_robot) StdoutLine: {'line': b'-- Up-to-date: /home/greyflon/lab_2025/install/two_wheeled_robot/share/two_wheeled_robot/models/microwave\n'}
[0.545083] (two_wheeled_robot) StdoutLine: {'line': b'-- Up-to-date: /home/greyflon/lab_2025/install/two_wheeled_robot/share/two_wheeled_robot/models/microwave/model.config\n'}
[0.545142] (two_wheeled_robot) StdoutLine: {'line': b'-- Up-to-date: /home/greyflon/lab_2025/install/two_wheeled_robot/share/two_wheeled_robot/models/microwave/meshes\n'}
[0.545202] (two_wheeled_robot) StdoutLine: {'line': b'-- Up-to-date: /home/greyflon/lab_2025/install/two_wheeled_robot/share/two_wheeled_robot/models/microwave/meshes/microwave.obj\n'}
[0.545262] (two_wheeled_robot) StdoutLine: {'line': b'-- Up-to-date: /home/greyflon/lab_2025/install/two_wheeled_robot/share/two_wheeled_robot/models/microwave/meshes/microwave.mtl\n'}
[0.545322] (two_wheeled_robot) StdoutLine: {'line': b'-- Up-to-date: /home/greyflon/lab_2025/install/two_wheeled_robot/share/two_wheeled_robot/models/microwave/materials\n'}
[0.545382] (two_wheeled_robot) StdoutLine: {'line': b'-- Up-to-date: /home/greyflon/lab_2025/install/two_wheeled_robot/share/two_wheeled_robot/models/microwave/materials/textures\n'}
[0.545441] (two_wheeled_robot) StdoutLine: {'line': b'-- Up-to-date: /home/greyflon/lab_2025/install/two_wheeled_robot/share/two_wheeled_robot/models/microwave/materials/textures/microwave.png\n'}
[0.545508] (two_wheeled_robot) StdoutLine: {'line': b'-- Up-to-date: /home/greyflon/lab_2025/install/two_wheeled_robot/share/two_wheeled_robot/models/microwave/model.sdf\n'}
[0.545569] (two_wheeled_robot) StdoutLine: {'line': b'-- Up-to-date: /home/greyflon/lab_2025/install/two_wheeled_robot/share/two_wheeled_robot/models/office_desk\n'}
[0.545696] (two_wheeled_robot) StdoutLine: {'line': b'-- Up-to-date: /home/greyflon/lab_2025/install/two_wheeled_robot/share/two_wheeled_robot/models/office_desk/model.config\n'}
[0.545761] (two_wheeled_robot) StdoutLine: {'line': b'-- Up-to-date: /home/greyflon/lab_2025/install/two_wheeled_robot/share/two_wheeled_robot/models/office_desk/meshes\n'}
[0.545822] (two_wheeled_robot) StdoutLine: {'line': b'-- Up-to-date: /home/greyflon/lab_2025/install/two_wheeled_robot/share/two_wheeled_robot/models/office_desk/meshes/office_desk.dae\n'}
[0.545884] (two_wheeled_robot) StdoutLine: {'line': b'-- Up-to-date: /home/greyflon/lab_2025/install/two_wheeled_robot/share/two_wheeled_robot/models/office_desk/materials\n'}
[0.545945] (two_wheeled_robot) StdoutLine: {'line': b'-- Up-to-date: /home/greyflon/lab_2025/install/two_wheeled_robot/share/two_wheeled_robot/models/office_desk/materials/textures\n'}
[0.546006] (two_wheeled_robot) StdoutLine: {'line': b'-- Up-to-date: /home/greyflon/lab_2025/install/two_wheeled_robot/share/two_wheeled_robot/models/office_desk/materials/textures/office_desk_diffuse.png\n'}
[0.546068] (two_wheeled_robot) StdoutLine: {'line': b'-- Up-to-date: /home/greyflon/lab_2025/install/two_wheeled_robot/share/two_wheeled_robot/models/office_desk/materials/textures/office_desk_specular.png\n'}
[0.546129] (two_wheeled_robot) StdoutLine: {'line': b'-- Up-to-date: /home/greyflon/lab_2025/install/two_wheeled_robot/share/two_wheeled_robot/models/office_desk/model.sdf\n'}
[0.546190] (two_wheeled_robot) StdoutLine: {'line': b'-- Up-to-date: /home/greyflon/lab_2025/install/two_wheeled_robot/share/two_wheeled_robot/models/BoxesLargeOnPallet_3\n'}
[0.546250] (two_wheeled_robot) StdoutLine: {'line': b'-- Up-to-date: /home/greyflon/lab_2025/install/two_wheeled_robot/share/two_wheeled_robot/models/BoxesLargeOnPallet_3/model.config\n'}
[0.546311] (two_wheeled_robot) StdoutLine: {'line': b'-- Up-to-date: /home/greyflon/lab_2025/install/two_wheeled_robot/share/two_wheeled_robot/models/BoxesLargeOnPallet_3/model.sdf\n'}
[0.546372] (two_wheeled_robot) StdoutLine: {'line': b'-- Up-to-date: /home/greyflon/lab_2025/install/two_wheeled_robot/share/two_wheeled_robot/models/cardboard_box\n'}
[0.546560] (two_wheeled_robot) StdoutLine: {'line': b'-- Up-to-date: /home/greyflon/lab_2025/install/two_wheeled_robot/share/two_wheeled_robot/models/cardboard_box/model.config\n'}
[0.546685] (two_wheeled_robot) StdoutLine: {'line': b'-- Up-to-date: /home/greyflon/lab_2025/install/two_wheeled_robot/share/two_wheeled_robot/models/cardboard_box/meshes\n'}
[0.546752] (two_wheeled_robot) StdoutLine: {'line': b'-- Up-to-date: /home/greyflon/lab_2025/install/two_wheeled_robot/share/two_wheeled_robot/models/cardboard_box/meshes/cardboard_box.dae\n'}
[0.546813] (two_wheeled_robot) StdoutLine: {'line': b'-- Up-to-date: /home/greyflon/lab_2025/install/two_wheeled_robot/share/two_wheeled_robot/models/cardboard_box/materials\n'}
[0.546874] (two_wheeled_robot) StdoutLine: {'line': b'-- Up-to-date: /home/greyflon/lab_2025/install/two_wheeled_robot/share/two_wheeled_robot/models/cardboard_box/materials/textures\n'}
[0.546953] (two_wheeled_robot) StdoutLine: {'line': b'-- Up-to-date: /home/greyflon/lab_2025/install/two_wheeled_robot/share/two_wheeled_robot/models/cardboard_box/materials/textures/cardboard_box.png\n'}
[0.547014] (two_wheeled_robot) StdoutLine: {'line': b'-- Up-to-date: /home/greyflon/lab_2025/install/two_wheeled_robot/share/two_wheeled_robot/models/cardboard_box/model.sdf\n'}
[0.547074] (two_wheeled_robot) StdoutLine: {'line': b'-- Up-to-date: /home/greyflon/lab_2025/install/two_wheeled_robot/share/two_wheeled_robot/models/aws_robomaker_residential_Rangehood_01\n'}
[0.547140] (two_wheeled_robot) StdoutLine: {'line': b'-- Up-to-date: /home/greyflon/lab_2025/install/two_wheeled_robot/share/two_wheeled_robot/models/aws_robomaker_residential_Rangehood_01/model.config\n'}
[0.547201] (two_wheeled_robot) StdoutLine: {'line': b'-- Up-to-date: /home/greyflon/lab_2025/install/two_wheeled_robot/share/two_wheeled_robot/models/aws_robomaker_residential_Rangehood_01/meshes\n'}
[0.547261] (two_wheeled_robot) StdoutLine: {'line': b'-- Up-to-date: /home/greyflon/lab_2025/install/two_wheeled_robot/share/two_wheeled_robot/models/aws_robomaker_residential_Rangehood_01/meshes/aws_Rangehood_01_collision.DAE\n'}
[0.547321] (two_wheeled_robot) StdoutLine: {'line': b'-- Up-to-date: /home/greyflon/lab_2025/install/two_wheeled_robot/share/two_wheeled_robot/models/aws_robomaker_residential_Rangehood_01/meshes/aws_Rangehood_01_visual.DAE\n'}
[0.547382] (two_wheeled_robot) StdoutLine: {'line': b'-- Up-to-date: /home/greyflon/lab_2025/install/two_wheeled_robot/share/two_wheeled_robot/models/aws_robomaker_residential_Rangehood_01/materials\n'}
[0.547443] (two_wheeled_robot) StdoutLine: {'line': b'-- Up-to-date: /home/greyflon/lab_2025/install/two_wheeled_robot/share/two_wheeled_robot/models/aws_robomaker_residential_Rangehood_01/materials/textures\n'}
[0.547503] (two_wheeled_robot) StdoutLine: {'line': b'-- Up-to-date: /home/greyflon/lab_2025/install/two_wheeled_robot/share/two_wheeled_robot/models/aws_robomaker_residential_Rangehood_01/materials/textures/aws_Rangehood_01.png\n'}
[0.547563] (two_wheeled_robot) StdoutLine: {'line': b'-- Up-to-date: /home/greyflon/lab_2025/install/two_wheeled_robot/share/two_wheeled_robot/models/aws_robomaker_residential_Rangehood_01/model.sdf\n'}
[0.547655] (two_wheeled_robot) StdoutLine: {'line': b'-- Up-to-date: /home/greyflon/lab_2025/install/two_wheeled_robot/share/two_wheeled_robot/models/shelves_high2_no_collision\n'}
[0.547720] (two_wheeled_robot) StdoutLine: {'line': b'-- Up-to-date: /home/greyflon/lab_2025/install/two_wheeled_robot/share/two_wheeled_robot/models/shelves_high2_no_collision/model.config\n'}
[0.547780] (two_wheeled_robot) StdoutLine: {'line': b'-- Up-to-date: /home/greyflon/lab_2025/install/two_wheeled_robot/share/two_wheeled_robot/models/shelves_high2_no_collision/meshes\n'}
[0.547872] (two_wheeled_robot) StdoutLine: {'line': b'-- Up-to-date: /home/greyflon/lab_2025/install/two_wheeled_robot/share/two_wheeled_robot/models/shelves_high2_no_collision/meshes/shelves_high2.dae\n'}
[0.548361] (two_wheeled_robot) StdoutLine: {'line': b'-- Up-to-date: /home/greyflon/lab_2025/install/two_wheeled_robot/share/two_wheeled_robot/models/shelves_high2_no_collision/materials\n'}
[0.548477] (two_wheeled_robot) StdoutLine: {'line': b'-- Up-to-date: /home/greyflon/lab_2025/install/two_wheeled_robot/share/two_wheeled_robot/models/shelves_high2_no_collision/materials/textures\n'}
[0.548541] (two_wheeled_robot) StdoutLine: {'line': b'-- Up-to-date: /home/greyflon/lab_2025/install/two_wheeled_robot/share/two_wheeled_robot/models/shelves_high2_no_collision/materials/textures/__CorrogateShiny_.jpg\n'}
[0.548640] (two_wheeled_robot) StdoutLine: {'line': b'-- Up-to-date: /home/greyflon/lab_2025/install/two_wheeled_robot/share/two_wheeled_robot/models/shelves_high2_no_collision/model.sdf\n'}
[0.548702] (two_wheeled_robot) StdoutLine: {'line': b'-- Up-to-date: /home/greyflon/lab_2025/install/two_wheeled_robot/share/two_wheeled_robot/models/jersey_barrier\n'}
[0.548763] (two_wheeled_robot) StdoutLine: {'line': b'-- Up-to-date: /home/greyflon/lab_2025/install/two_wheeled_robot/share/two_wheeled_robot/models/jersey_barrier/model-1_4.sdf\n'}
[0.548822] (two_wheeled_robot) StdoutLine: {'line': b'-- Up-to-date: /home/greyflon/lab_2025/install/two_wheeled_robot/share/two_wheeled_robot/models/jersey_barrier/model.config\n'}
[0.548897] (two_wheeled_robot) StdoutLine: {'line': b'-- Up-to-date: /home/greyflon/lab_2025/install/two_wheeled_robot/share/two_wheeled_robot/models/jersey_barrier/meshes\n'}
[0.548968] (two_wheeled_robot) StdoutLine: {'line': b'-- Up-to-date: /home/greyflon/lab_2025/install/two_wheeled_robot/share/two_wheeled_robot/models/jersey_barrier/meshes/jersey_barrier.dae\n'}
[0.549028] (two_wheeled_robot) StdoutLine: {'line': b'-- Up-to-date: /home/greyflon/lab_2025/install/two_wheeled_robot/share/two_wheeled_robot/models/jersey_barrier/materials\n'}
[0.549101] (two_wheeled_robot) StdoutLine: {'line': b'-- Up-to-date: /home/greyflon/lab_2025/install/two_wheeled_robot/share/two_wheeled_robot/models/jersey_barrier/materials/textures\n'}
[0.549174] (two_wheeled_robot) StdoutLine: {'line': b'-- Up-to-date: /home/greyflon/lab_2025/install/two_wheeled_robot/share/two_wheeled_robot/models/jersey_barrier/materials/textures/jersey_barrier_diffuse.png\n'}
[0.549234] (two_wheeled_robot) StdoutLine: {'line': b'-- Up-to-date: /home/greyflon/lab_2025/install/two_wheeled_robot/share/two_wheeled_robot/models/jersey_barrier/materials/textures/jersey_barrier.png\n'}
[0.549294] (two_wheeled_robot) StdoutLine: {'line': b'-- Up-to-date: /home/greyflon/lab_2025/install/two_wheeled_robot/share/two_wheeled_robot/models/jersey_barrier/materials/textures/jersey_barrier_spec.png\n'}
[0.549370] (two_wheeled_robot) StdoutLine: {'line': b'-- Up-to-date: /home/greyflon/lab_2025/install/two_wheeled_robot/share/two_wheeled_robot/models/jersey_barrier/model.sdf\n'}
[0.549429] (two_wheeled_robot) StdoutLine: {'line': b'-- Up-to-date: /home/greyflon/lab_2025/install/two_wheeled_robot/share/two_wheeled_robot/models/aws_robomaker_residential_Tablet_01\n'}
[0.549489] (two_wheeled_robot) StdoutLine: {'line': b'-- Up-to-date: /home/greyflon/lab_2025/install/two_wheeled_robot/share/two_wheeled_robot/models/aws_robomaker_residential_Tablet_01/model.config\n'}
[0.549549] (two_wheeled_robot) StdoutLine: {'line': b'-- Up-to-date: /home/greyflon/lab_2025/install/two_wheeled_robot/share/two_wheeled_robot/models/aws_robomaker_residential_Tablet_01/meshes\n'}
[0.549675] (two_wheeled_robot) StdoutLine: {'line': b'-- Up-to-date: /home/greyflon/lab_2025/install/two_wheeled_robot/share/two_wheeled_robot/models/aws_robomaker_residential_Tablet_01/meshes/aws_Tablet_01_visual.DAE\n'}
[0.549742] (two_wheeled_robot) StdoutLine: {'line': b'-- Up-to-date: /home/greyflon/lab_2025/install/two_wheeled_robot/share/two_wheeled_robot/models/aws_robomaker_residential_Tablet_01/meshes/aws_Tablet_01_collision.DAE\n'}
[0.549802] (two_wheeled_robot) StdoutLine: {'line': b'-- Up-to-date: /home/greyflon/lab_2025/install/two_wheeled_robot/share/two_wheeled_robot/models/aws_robomaker_residential_Tablet_01/materials\n'}
[0.549862] (two_wheeled_robot) StdoutLine: {'line': b'-- Up-to-date: /home/greyflon/lab_2025/install/two_wheeled_robot/share/two_wheeled_robot/models/aws_robomaker_residential_Tablet_01/materials/textures\n'}
[0.549923] (two_wheeled_robot) StdoutLine: {'line': b'-- Up-to-date: /home/greyflon/lab_2025/install/two_wheeled_robot/share/two_wheeled_robot/models/aws_robomaker_residential_Tablet_01/materials/textures/aws_Tablet_01_nologo.png\n'}
[0.549983] (two_wheeled_robot) StdoutLine: {'line': b'-- Up-to-date: /home/greyflon/lab_2025/install/two_wheeled_robot/share/two_wheeled_robot/models/aws_robomaker_residential_Tablet_01/model.sdf\n'}
[0.550043] (two_wheeled_robot) StdoutLine: {'line': b'-- Up-to-date: /home/greyflon/lab_2025/install/two_wheeled_robot/share/two_wheeled_robot/models/stop_light_post\n'}
[0.550103] (two_wheeled_robot) StdoutLine: {'line': b'-- Up-to-date: /home/greyflon/lab_2025/install/two_wheeled_robot/share/two_wheeled_robot/models/stop_light_post/model.config\n'}
[0.550163] (two_wheeled_robot) StdoutLine: {'line': b'-- Up-to-date: /home/greyflon/lab_2025/install/two_wheeled_robot/share/two_wheeled_robot/models/stop_light_post/meshes\n'}
[0.550223] (two_wheeled_robot) StdoutLine: {'line': b'-- Up-to-date: /home/greyflon/lab_2025/install/two_wheeled_robot/share/two_wheeled_robot/models/stop_light_post/meshes/stop_light_post.mtl\n'}
[0.550284] (two_wheeled_robot) StdoutLine: {'line': b'-- Up-to-date: /home/greyflon/lab_2025/install/two_wheeled_robot/share/two_wheeled_robot/models/stop_light_post/meshes/stop_light_extension.mtl\n'}
[0.550351] (two_wheeled_robot) StdoutLine: {'line': b'-- Up-to-date: /home/greyflon/lab_2025/install/two_wheeled_robot/share/two_wheeled_robot/models/stop_light_post/meshes/stop_light_extension.obj\n'}
[0.550411] (two_wheeled_robot) StdoutLine: {'line': b'-- Up-to-date: /home/greyflon/lab_2025/install/two_wheeled_robot/share/two_wheeled_robot/models/stop_light_post/meshes/stop_light_post.obj\n'}
[0.550472] (two_wheeled_robot) StdoutLine: {'line': b'-- Up-to-date: /home/greyflon/lab_2025/install/two_wheeled_robot/share/two_wheeled_robot/models/stop_light_post/materials\n'}
[0.550532] (two_wheeled_robot) StdoutLine: {'line': b'-- Up-to-date: /home/greyflon/lab_2025/install/two_wheeled_robot/share/two_wheeled_robot/models/stop_light_post/materials/textures\n'}
[0.550601] (two_wheeled_robot) StdoutLine: {'line': b'-- Up-to-date: /home/greyflon/lab_2025/install/two_wheeled_robot/share/two_wheeled_robot/models/stop_light_post/materials/textures/stop_light.png\n'}
[0.550785] (two_wheeled_robot) StdoutLine: {'line': b'-- Up-to-date: /home/greyflon/lab_2025/install/two_wheeled_robot/share/two_wheeled_robot/models/stop_light_post/model.sdf\n'}
[0.550848] (two_wheeled_robot) StdoutLine: {'line': b'-- Up-to-date: /home/greyflon/lab_2025/install/two_wheeled_robot/share/two_wheeled_robot/models/computer\n'}
[0.550915] (two_wheeled_robot) StdoutLine: {'line': b'-- Up-to-date: /home/greyflon/lab_2025/install/two_wheeled_robot/share/two_wheeled_robot/models/computer/model.config\n'}
[0.550976] (two_wheeled_robot) StdoutLine: {'line': b'-- Up-to-date: /home/greyflon/lab_2025/install/two_wheeled_robot/share/two_wheeled_robot/models/computer/meshes\n'}
[0.551036] (two_wheeled_robot) StdoutLine: {'line': b'-- Up-to-date: /home/greyflon/lab_2025/install/two_wheeled_robot/share/two_wheeled_robot/models/computer/meshes/computer_monitor.obj\n'}
[0.551096] (two_wheeled_robot) StdoutLine: {'line': b'-- Up-to-date: /home/greyflon/lab_2025/install/two_wheeled_robot/share/two_wheeled_robot/models/computer/meshes/computer_tower.obj\n'}
[0.551156] (two_wheeled_robot) StdoutLine: {'line': b'-- Up-to-date: /home/greyflon/lab_2025/install/two_wheeled_robot/share/two_wheeled_robot/models/computer/meshes/computer.obj\n'}
[0.551219] (two_wheeled_robot) StdoutLine: {'line': b'-- Up-to-date: /home/greyflon/lab_2025/install/two_wheeled_robot/share/two_wheeled_robot/models/computer/meshes/computer.mtl\n'}
[0.551284] (two_wheeled_robot) StdoutLine: {'line': b'-- Up-to-date: /home/greyflon/lab_2025/install/two_wheeled_robot/share/two_wheeled_robot/models/computer/materials\n'}
[0.551387] (two_wheeled_robot) StdoutLine: {'line': b'-- Up-to-date: /home/greyflon/lab_2025/install/two_wheeled_robot/share/two_wheeled_robot/models/computer/materials/textures\n'}
[0.551504] (two_wheeled_robot) StdoutLine: {'line': b'-- Up-to-date: /home/greyflon/lab_2025/install/two_wheeled_robot/share/two_wheeled_robot/models/computer/materials/textures/computer.png\n'}
[0.551890] (two_wheeled_robot) StdoutLine: {'line': b'-- Up-to-date: /home/greyflon/lab_2025/install/two_wheeled_robot/share/two_wheeled_robot/models/computer/model.sdf\n'}
[0.552006] (two_wheeled_robot) StdoutLine: {'line': b'-- Up-to-date: /home/greyflon/lab_2025/install/two_wheeled_robot/share/two_wheeled_robot/models/reception_desk\n'}
[0.552067] (two_wheeled_robot) StdoutLine: {'line': b'-- Up-to-date: /home/greyflon/lab_2025/install/two_wheeled_robot/share/two_wheeled_robot/models/reception_desk/model.config\n'}
[0.552127] (two_wheeled_robot) StdoutLine: {'line': b'-- Up-to-date: /home/greyflon/lab_2025/install/two_wheeled_robot/share/two_wheeled_robot/models/reception_desk/meshes\n'}
[0.552187] (two_wheeled_robot) StdoutLine: {'line': b'-- Up-to-date: /home/greyflon/lab_2025/install/two_wheeled_robot/share/two_wheeled_robot/models/reception_desk/meshes/reception_desk.obj\n'}
[0.552247] (two_wheeled_robot) StdoutLine: {'line': b'-- Up-to-date: /home/greyflon/lab_2025/install/two_wheeled_robot/share/two_wheeled_robot/models/reception_desk/meshes/reception_desk.mtl\n'}
[0.552314] (two_wheeled_robot) StdoutLine: {'line': b'-- Up-to-date: /home/greyflon/lab_2025/install/two_wheeled_robot/share/two_wheeled_robot/models/reception_desk/materials\n'}
[0.552374] (two_wheeled_robot) StdoutLine: {'line': b'-- Up-to-date: /home/greyflon/lab_2025/install/two_wheeled_robot/share/two_wheeled_robot/models/reception_desk/materials/textures\n'}
[0.552434] (two_wheeled_robot) StdoutLine: {'line': b'-- Up-to-date: /home/greyflon/lab_2025/install/two_wheeled_robot/share/two_wheeled_robot/models/reception_desk/materials/textures/reception_desk.png\n'}
[0.552494] (two_wheeled_robot) StdoutLine: {'line': b'-- Up-to-date: /home/greyflon/lab_2025/install/two_wheeled_robot/share/two_wheeled_robot/models/reception_desk/model.sdf\n'}
[0.552554] (two_wheeled_robot) StdoutLine: {'line': b'-- Up-to-date: /home/greyflon/lab_2025/install/two_wheeled_robot/share/two_wheeled_robot/models/cessna\n'}
[0.552627] (two_wheeled_robot) StdoutLine: {'line': b'-- Up-to-date: /home/greyflon/lab_2025/install/two_wheeled_robot/share/two_wheeled_robot/models/cessna/model.config\n'}
[0.552690] (two_wheeled_robot) StdoutLine: {'line': b'-- Up-to-date: /home/greyflon/lab_2025/install/two_wheeled_robot/share/two_wheeled_robot/models/cessna/meshes\n'}
[0.552750] (two_wheeled_robot) StdoutLine: {'line': b'-- Up-to-date: /home/greyflon/lab_2025/install/two_wheeled_robot/share/two_wheeled_robot/models/cessna/meshes/left_aileron.dae\n'}
[0.552810] (two_wheeled_robot) StdoutLine: {'line': b'-- Up-to-date: /home/greyflon/lab_2025/install/two_wheeled_robot/share/two_wheeled_robot/models/cessna/meshes/cessna_prop.dae\n'}
[0.552869] (two_wheeled_robot) StdoutLine: {'line': b'-- Up-to-date: /home/greyflon/lab_2025/install/two_wheeled_robot/share/two_wheeled_robot/models/cessna/meshes/right_flap.dae\n'}
[0.552929] (two_wheeled_robot) StdoutLine: {'line': b'-- Up-to-date: /home/greyflon/lab_2025/install/two_wheeled_robot/share/two_wheeled_robot/models/cessna/meshes/elevators.dae\n'}
[0.552989] (two_wheeled_robot) StdoutLine: {'line': b'-- Up-to-date: /home/greyflon/lab_2025/install/two_wheeled_robot/share/two_wheeled_robot/models/cessna/meshes/cessna_front_wheel.dae\n'}
[0.553050] (two_wheeled_robot) StdoutLine: {'line': b'-- Up-to-date: /home/greyflon/lab_2025/install/two_wheeled_robot/share/two_wheeled_robot/models/cessna/meshes/left_flap.dae\n'}
[0.553110] (two_wheeled_robot) StdoutLine: {'line': b'-- Up-to-date: /home/greyflon/lab_2025/install/two_wheeled_robot/share/two_wheeled_robot/models/cessna/meshes/rudder.dae\n'}
[0.553169] (two_wheeled_robot) StdoutLine: {'line': b'-- Up-to-date: /home/greyflon/lab_2025/install/two_wheeled_robot/share/two_wheeled_robot/models/cessna/meshes/body.dae\n'}
[0.553230] (two_wheeled_robot) StdoutLine: {'line': b'-- Up-to-date: /home/greyflon/lab_2025/install/two_wheeled_robot/share/two_wheeled_robot/models/cessna/meshes/cessna_rear_right_wheel.dae\n'}
[0.553295] (two_wheeled_robot) StdoutLine: {'line': b'-- Up-to-date: /home/greyflon/lab_2025/install/two_wheeled_robot/share/two_wheeled_robot/models/cessna/meshes/cessna_rear_left_wheel.dae\n'}
[0.553357] (two_wheeled_robot) StdoutLine: {'line': b'-- Up-to-date: /home/greyflon/lab_2025/install/two_wheeled_robot/share/two_wheeled_robot/models/cessna/meshes/right_aileron.dae\n'}
[0.553417] (two_wheeled_robot) StdoutLine: {'line': b'-- Up-to-date: /home/greyflon/lab_2025/install/two_wheeled_robot/share/two_wheeled_robot/models/cessna/model.sdf\n'}
[0.553477] (two_wheeled_robot) StdoutLine: {'line': b'-- Up-to-date: /home/greyflon/lab_2025/install/two_wheeled_robot/share/two_wheeled_robot/models/aws_robomaker_residential_Wardrobe_01\n'}
[0.553536] (two_wheeled_robot) StdoutLine: {'line': b'-- Up-to-date: /home/greyflon/lab_2025/install/two_wheeled_robot/share/two_wheeled_robot/models/aws_robomaker_residential_Wardrobe_01/model.config\n'}
[0.553607] (two_wheeled_robot) StdoutLine: {'line': b'-- Up-to-date: /home/greyflon/lab_2025/install/two_wheeled_robot/share/two_wheeled_robot/models/aws_robomaker_residential_Wardrobe_01/meshes\n'}
[0.553679] (two_wheeled_robot) StdoutLine: {'line': b'-- Up-to-date: /home/greyflon/lab_2025/install/two_wheeled_robot/share/two_wheeled_robot/models/aws_robomaker_residential_Wardrobe_01/meshes/aws_Wardrobe_01_collision.DAE\n'}
[0.553740] (two_wheeled_robot) StdoutLine: {'line': b'-- Up-to-date: /home/greyflon/lab_2025/install/two_wheeled_robot/share/two_wheeled_robot/models/aws_robomaker_residential_Wardrobe_01/meshes/aws_Wardrobe_01_visual.DAE\n'}
[0.553938] (two_wheeled_robot) StdoutLine: {'line': b'-- Up-to-date: /home/greyflon/lab_2025/install/two_wheeled_robot/share/two_wheeled_robot/models/aws_robomaker_residential_Wardrobe_01/materials\n'}
[0.554017] (two_wheeled_robot) StdoutLine: {'line': b'-- Up-to-date: /home/greyflon/lab_2025/install/two_wheeled_robot/share/two_wheeled_robot/models/aws_robomaker_residential_Wardrobe_01/materials/textures\n'}
[0.554079] (two_wheeled_robot) StdoutLine: {'line': b'-- Up-to-date: /home/greyflon/lab_2025/install/two_wheeled_robot/share/two_wheeled_robot/models/aws_robomaker_residential_Wardrobe_01/materials/textures/aws_Wardrobe_01.png\n'}
[0.554138] (two_wheeled_robot) StdoutLine: {'line': b'-- Up-to-date: /home/greyflon/lab_2025/install/two_wheeled_robot/share/two_wheeled_robot/models/aws_robomaker_residential_Wardrobe_01/model.sdf\n'}
[0.554198] (two_wheeled_robot) StdoutLine: {'line': b'-- Up-to-date: /home/greyflon/lab_2025/install/two_wheeled_robot/share/two_wheeled_robot/models/Chair\n'}
[0.554258] (two_wheeled_robot) StdoutLine: {'line': b'-- Up-to-date: /home/greyflon/lab_2025/install/two_wheeled_robot/share/two_wheeled_robot/models/Chair/model.config\n'}
[0.554318] (two_wheeled_robot) StdoutLine: {'line': b'-- Up-to-date: /home/greyflon/lab_2025/install/two_wheeled_robot/share/two_wheeled_robot/models/Chair/meshes\n'}
[0.554377] (two_wheeled_robot) StdoutLine: {'line': b'-- Up-to-date: /home/greyflon/lab_2025/install/two_wheeled_robot/share/two_wheeled_robot/models/Chair/meshes/Chair_SpecGloss.png\n'}
[0.554437] (two_wheeled_robot) StdoutLine: {'line': b'-- Up-to-date: /home/greyflon/lab_2025/install/two_wheeled_robot/share/two_wheeled_robot/models/Chair/meshes/Chair_Normal.png\n'}
[0.554498] (two_wheeled_robot) StdoutLine: {'line': b'-- Up-to-date: /home/greyflon/lab_2025/install/two_wheeled_robot/share/two_wheeled_robot/models/Chair/meshes/Chair.png\n'}
[0.554559] (two_wheeled_robot) StdoutLine: {'line': b'-- Up-to-date: /home/greyflon/lab_2025/install/two_wheeled_robot/share/two_wheeled_robot/models/Chair/meshes/Chair.mtl\n'}
[0.554672] (two_wheeled_robot) StdoutLine: {'line': b'-- Up-to-date: /home/greyflon/lab_2025/install/two_wheeled_robot/share/two_wheeled_robot/models/Chair/meshes/Chair.obj\n'}
[0.554736] (two_wheeled_robot) StdoutLine: {'line': b'-- Up-to-date: /home/greyflon/lab_2025/install/two_wheeled_robot/share/two_wheeled_robot/models/Chair/meshes/Chair_Diffuse.png\n'}
[0.554796] (two_wheeled_robot) StdoutLine: {'line': b'-- Up-to-date: /home/greyflon/lab_2025/install/two_wheeled_robot/share/two_wheeled_robot/models/Chair/thumbnails\n'}
[0.554857] (two_wheeled_robot) StdoutLine: {'line': b'-- Up-to-date: /home/greyflon/lab_2025/install/two_wheeled_robot/share/two_wheeled_robot/models/Chair/thumbnails/5.png\n'}
[0.554916] (two_wheeled_robot) StdoutLine: {'line': b'-- Up-to-date: /home/greyflon/lab_2025/install/two_wheeled_robot/share/two_wheeled_robot/models/Chair/thumbnails/1.png\n'}
[0.554976] (two_wheeled_robot) StdoutLine: {'line': b'-- Up-to-date: /home/greyflon/lab_2025/install/two_wheeled_robot/share/two_wheeled_robot/models/Chair/thumbnails/2.png\n'}
[0.555036] (two_wheeled_robot) StdoutLine: {'line': b'-- Up-to-date: /home/greyflon/lab_2025/install/two_wheeled_robot/share/two_wheeled_robot/models/Chair/thumbnails/4.png\n'}
[0.555097] (two_wheeled_robot) StdoutLine: {'line': b'-- Up-to-date: /home/greyflon/lab_2025/install/two_wheeled_robot/share/two_wheeled_robot/models/Chair/thumbnails/3.png\n'}
[0.555169] (two_wheeled_robot) StdoutLine: {'line': b'-- Up-to-date: /home/greyflon/lab_2025/install/two_wheeled_robot/share/two_wheeled_robot/models/Chair/model.sdf\n'}
[0.555236] (two_wheeled_robot) StdoutLine: {'line': b'-- Up-to-date: /home/greyflon/lab_2025/install/two_wheeled_robot/share/two_wheeled_robot/models/workcell\n'}
[0.555297] (two_wheeled_robot) StdoutLine: {'line': b'-- Up-to-date: /home/greyflon/lab_2025/install/two_wheeled_robot/share/two_wheeled_robot/models/workcell/model.config\n'}
[0.555361] (two_wheeled_robot) StdoutLine: {'line': b'-- Up-to-date: /home/greyflon/lab_2025/install/two_wheeled_robot/share/two_wheeled_robot/models/workcell/meshes\n'}
[0.555422] (two_wheeled_robot) StdoutLine: {'line': b'-- Up-to-date: /home/greyflon/lab_2025/install/two_wheeled_robot/share/two_wheeled_robot/models/workcell/meshes/mesh_backup.dae\n'}
[0.555482] (two_wheeled_robot) StdoutLine: {'line': b'-- Up-to-date: /home/greyflon/lab_2025/install/two_wheeled_robot/share/two_wheeled_robot/models/workcell/meshes/mesh.dae\n'}
[0.555542] (two_wheeled_robot) StdoutLine: {'line': b'-- Up-to-date: /home/greyflon/lab_2025/install/two_wheeled_robot/share/two_wheeled_robot/models/workcell/materials\n'}
[0.555612] (two_wheeled_robot) StdoutLine: {'line': b'-- Up-to-date: /home/greyflon/lab_2025/install/two_wheeled_robot/share/two_wheeled_robot/models/workcell/materials/textures\n'}
[0.555696] (two_wheeled_robot) StdoutLine: {'line': b'-- Up-to-date: /home/greyflon/lab_2025/install/two_wheeled_robot/share/two_wheeled_robot/models/workcell/materials/textures/Conveyor.png\n'}
[0.555757] (two_wheeled_robot) StdoutLine: {'line': b'-- Up-to-date: /home/greyflon/lab_2025/install/two_wheeled_robot/share/two_wheeled_robot/models/workcell/materials/textures/Wall_Corrugated.png\n'}
[0.555818] (two_wheeled_robot) StdoutLine: {'line': b'-- Up-to-date: /home/greyflon/lab_2025/install/two_wheeled_robot/share/two_wheeled_robot/models/workcell/materials/textures/Yellow.png\n'}
[0.555877] (two_wheeled_robot) StdoutLine: {'line': b'-- Up-to-date: /home/greyflon/lab_2025/install/two_wheeled_robot/share/two_wheeled_robot/models/workcell/materials/textures/CardboardBoxes.png\n'}
[0.555938] (two_wheeled_robot) StdoutLine: {'line': b'-- Up-to-date: /home/greyflon/lab_2025/install/two_wheeled_robot/share/two_wheeled_robot/models/workcell/materials/textures/ControlPanel.png\n'}
[0.555998] (two_wheeled_robot) StdoutLine: {'line': b'-- Up-to-date: /home/greyflon/lab_2025/install/two_wheeled_robot/share/two_wheeled_robot/models/workcell/materials/textures/PalletWrap.png\n'}
[0.556058] (two_wheeled_robot) StdoutLine: {'line': b'-- Up-to-date: /home/greyflon/lab_2025/install/two_wheeled_robot/share/two_wheeled_robot/models/workcell/materials/textures/Shelves.png\n'}
[0.556166] (two_wheeled_robot) StdoutLine: {'line': b'-- Up-to-date: /home/greyflon/lab_2025/install/two_wheeled_robot/share/two_wheeled_robot/models/workcell/materials/textures/Floor.png\n'}
[0.556228] (two_wheeled_robot) StdoutLine: {'line': b'-- Up-to-date: /home/greyflon/lab_2025/install/two_wheeled_robot/share/two_wheeled_robot/models/workcell/materials/textures/Wall_Concrete.png\n'}
[0.556288] (two_wheeled_robot) StdoutLine: {'line': b'-- Up-to-date: /home/greyflon/lab_2025/install/two_wheeled_robot/share/two_wheeled_robot/models/workcell/materials/textures/Door_Window.png\n'}
[0.556348] (two_wheeled_robot) StdoutLine: {'line': b'-- Up-to-date: /home/greyflon/lab_2025/install/two_wheeled_robot/share/two_wheeled_robot/models/workcell/materials/textures/Pallet.png\n'}
[0.556408] (two_wheeled_robot) StdoutLine: {'line': b'-- Up-to-date: /home/greyflon/lab_2025/install/two_wheeled_robot/share/two_wheeled_robot/models/workcell/materials/textures/Mesh.png\n'}
[0.556469] (two_wheeled_robot) StdoutLine: {'line': b'-- Up-to-date: /home/greyflon/lab_2025/install/two_wheeled_robot/share/two_wheeled_robot/models/workcell/materials/textures/Stairs.png\n'}
[0.556529] (two_wheeled_robot) StdoutLine: {'line': b'-- Up-to-date: /home/greyflon/lab_2025/install/two_wheeled_robot/share/two_wheeled_robot/models/workcell/materials/textures/RollupDoor.png\n'}
[0.556596] (two_wheeled_robot) StdoutLine: {'line': b'-- Up-to-date: /home/greyflon/lab_2025/install/two_wheeled_robot/share/two_wheeled_robot/models/workcell/materials/textures/Bin.png\n'}
[0.556673] (two_wheeled_robot) StdoutLine: {'line': b'-- Up-to-date: /home/greyflon/lab_2025/install/two_wheeled_robot/share/two_wheeled_robot/models/workcell/materials/textures/Plywood.png\n'}
[0.556734] (two_wheeled_robot) StdoutLine: {'line': b'-- Up-to-date: /home/greyflon/lab_2025/install/two_wheeled_robot/share/two_wheeled_robot/models/workcell/materials/textures/WorkCell_Render.png\n'}
[0.556794] (two_wheeled_robot) StdoutLine: {'line': b'-- Up-to-date: /home/greyflon/lab_2025/install/two_wheeled_robot/share/two_wheeled_robot/models/workcell/materials/textures/Pillar.png\n'}
[0.556853] (two_wheeled_robot) StdoutLine: {'line': b'-- Up-to-date: /home/greyflon/lab_2025/install/two_wheeled_robot/share/two_wheeled_robot/models/workcell/materials/textures/RubberMat.png\n'}
[0.556913] (two_wheeled_robot) StdoutLine: {'line': b'-- Up-to-date: /home/greyflon/lab_2025/install/two_wheeled_robot/share/two_wheeled_robot/models/workcell/model.sdf\n'}
[0.556973] (two_wheeled_robot) StdoutLine: {'line': b'-- Up-to-date: /home/greyflon/lab_2025/install/two_wheeled_robot/share/two_wheeled_robot/models/aws_robomaker_hospital_floor_01_ceiling\n'}
[0.557033] (two_wheeled_robot) StdoutLine: {'line': b'-- Up-to-date: /home/greyflon/lab_2025/install/two_wheeled_robot/share/two_wheeled_robot/models/aws_robomaker_hospital_floor_01_ceiling/model.config\n'}
[0.557094] (two_wheeled_robot) StdoutLine: {'line': b'-- Up-to-date: /home/greyflon/lab_2025/install/two_wheeled_robot/share/two_wheeled_robot/models/aws_robomaker_hospital_floor_01_ceiling/meshes\n'}
[0.557162] (two_wheeled_robot) StdoutLine: {'line': b'-- Up-to-date: /home/greyflon/lab_2025/install/two_wheeled_robot/share/two_wheeled_robot/models/aws_robomaker_hospital_floor_01_ceiling/meshes/aws_robomaker_hospital_floor_01_ceiling_visual.dae\n'}
[0.557224] (two_wheeled_robot) StdoutLine: {'line': b'-- Up-to-date: /home/greyflon/lab_2025/install/two_wheeled_robot/share/two_wheeled_robot/models/aws_robomaker_hospital_floor_01_ceiling/meshes/aws_robomaker_hospital_floor_01_ceiling_normal.png\n'}
[0.557284] (two_wheeled_robot) StdoutLine: {'line': b'-- Up-to-date: /home/greyflon/lab_2025/install/two_wheeled_robot/share/two_wheeled_robot/models/aws_robomaker_hospital_floor_01_ceiling/meshes/aws_robomaker_hospital_floor_01_ceiling_collision.dae\n'}
[0.557344] (two_wheeled_robot) StdoutLine: {'line': b'-- Up-to-date: /home/greyflon/lab_2025/install/two_wheeled_robot/share/two_wheeled_robot/models/aws_robomaker_hospital_floor_01_ceiling/meshes/aws_robomaker_hospital_floor_01_ceiling.png\n'}
[0.557405] (two_wheeled_robot) StdoutLine: {'line': b'-- Up-to-date: /home/greyflon/lab_2025/install/two_wheeled_robot/share/two_wheeled_robot/models/aws_robomaker_hospital_floor_01_ceiling/model.sdf\n'}
[0.557465] (two_wheeled_robot) StdoutLine: {'line': b'-- Up-to-date: /home/greyflon/lab_2025/install/two_wheeled_robot/share/two_wheeled_robot/models/aws_robomaker_warehouse_TrashCanC_01\n'}
[0.557525] (two_wheeled_robot) StdoutLine: {'line': b'-- Up-to-date: /home/greyflon/lab_2025/install/two_wheeled_robot/share/two_wheeled_robot/models/aws_robomaker_warehouse_TrashCanC_01/model.config\n'}
[0.557592] (two_wheeled_robot) StdoutLine: {'line': b'-- Up-to-date: /home/greyflon/lab_2025/install/two_wheeled_robot/share/two_wheeled_robot/models/aws_robomaker_warehouse_TrashCanC_01/meshes\n'}
[0.557961] (two_wheeled_robot) StdoutLine: {'line': b'-- Up-to-date: /home/greyflon/lab_2025/install/two_wheeled_robot/share/two_wheeled_robot/models/aws_robomaker_warehouse_TrashCanC_01/meshes/aws_robomaker_warehouse_TrashCanC_01_collision.DAE\n'}
[0.558027] (two_wheeled_robot) StdoutLine: {'line': b'-- Up-to-date: /home/greyflon/lab_2025/install/two_wheeled_robot/share/two_wheeled_robot/models/aws_robomaker_warehouse_TrashCanC_01/meshes/aws_robomaker_warehouse_TrashCanC_01_visual.DAE\n'}
[0.558088] (two_wheeled_robot) StdoutLine: {'line': b'-- Up-to-date: /home/greyflon/lab_2025/install/two_wheeled_robot/share/two_wheeled_robot/models/aws_robomaker_warehouse_TrashCanC_01/materials\n'}
[0.558171] (two_wheeled_robot) StdoutLine: {'line': b'-- Up-to-date: /home/greyflon/lab_2025/install/two_wheeled_robot/share/two_wheeled_robot/models/aws_robomaker_warehouse_TrashCanC_01/materials/textures\n'}
[0.558231] (two_wheeled_robot) StdoutLine: {'line': b'-- Up-to-date: /home/greyflon/lab_2025/install/two_wheeled_robot/share/two_wheeled_robot/models/aws_robomaker_warehouse_TrashCanC_01/materials/textures/aws_robomaker_warehouse_TrashCanC_01.png\n'}
[0.558292] (two_wheeled_robot) StdoutLine: {'line': b'-- Up-to-date: /home/greyflon/lab_2025/install/two_wheeled_robot/share/two_wheeled_robot/models/aws_robomaker_warehouse_TrashCanC_01/model.sdf\n'}
[0.558352] (two_wheeled_robot) StdoutLine: {'line': b'-- Up-to-date: /home/greyflon/lab_2025/install/two_wheeled_robot/share/two_wheeled_robot/models/camera\n'}
[0.558412] (two_wheeled_robot) StdoutLine: {'line': b'-- Up-to-date: /home/greyflon/lab_2025/install/two_wheeled_robot/share/two_wheeled_robot/models/camera/model-1_2.sdf\n'}
[0.558471] (two_wheeled_robot) StdoutLine: {'line': b'-- Up-to-date: /home/greyflon/lab_2025/install/two_wheeled_robot/share/two_wheeled_robot/models/camera/model-1_4.sdf\n'}
[0.558532] (two_wheeled_robot) StdoutLine: {'line': b'-- Up-to-date: /home/greyflon/lab_2025/install/two_wheeled_robot/share/two_wheeled_robot/models/camera/model.config\n'}
[0.558608] (two_wheeled_robot) StdoutLine: {'line': b'-- Up-to-date: /home/greyflon/lab_2025/install/two_wheeled_robot/share/two_wheeled_robot/models/camera/model.sdf\n'}
[0.558728] (two_wheeled_robot) StdoutLine: {'line': b'-- Up-to-date: /home/greyflon/lab_2025/install/two_wheeled_robot/share/two_wheeled_robot/models/camera/model-1_3.sdf\n'}
[0.558788] (two_wheeled_robot) StdoutLine: {'line': b'-- Up-to-date: /home/greyflon/lab_2025/install/two_wheeled_robot/share/two_wheeled_robot/models/simple_arm\n'}
[0.558847] (two_wheeled_robot) StdoutLine: {'line': b'-- Up-to-date: /home/greyflon/lab_2025/install/two_wheeled_robot/share/two_wheeled_robot/models/simple_arm/model-1_2.sdf\n'}
[0.558906] (two_wheeled_robot) StdoutLine: {'line': b'-- Up-to-date: /home/greyflon/lab_2025/install/two_wheeled_robot/share/two_wheeled_robot/models/simple_arm/model-1_4.sdf\n'}
[0.558964] (two_wheeled_robot) StdoutLine: {'line': b'-- Up-to-date: /home/greyflon/lab_2025/install/two_wheeled_robot/share/two_wheeled_robot/models/simple_arm/model.config\n'}
[0.559023] (two_wheeled_robot) StdoutLine: {'line': b'-- Up-to-date: /home/greyflon/lab_2025/install/two_wheeled_robot/share/two_wheeled_robot/models/simple_arm/model.sdf\n'}
[0.559082] (two_wheeled_robot) StdoutLine: {'line': b'-- Up-to-date: /home/greyflon/lab_2025/install/two_wheeled_robot/share/two_wheeled_robot/models/simple_arm/model-1_3.sdf\n'}
[0.559140] (two_wheeled_robot) StdoutLine: {'line': b'-- Up-to-date: /home/greyflon/lab_2025/install/two_wheeled_robot/share/two_wheeled_robot/models/stop_light\n'}
[0.559205] (two_wheeled_robot) StdoutLine: {'line': b'-- Up-to-date: /home/greyflon/lab_2025/install/two_wheeled_robot/share/two_wheeled_robot/models/stop_light/model.config\n'}
[0.559273] (two_wheeled_robot) StdoutLine: {'line': b'-- Up-to-date: /home/greyflon/lab_2025/install/two_wheeled_robot/share/two_wheeled_robot/models/stop_light/meshes\n'}
[0.559392] (two_wheeled_robot) StdoutLine: {'line': b'-- Up-to-date: /home/greyflon/lab_2025/install/two_wheeled_robot/share/two_wheeled_robot/models/stop_light/meshes/stop_light.mtl\n'}
[0.559513] (two_wheeled_robot) StdoutLine: {'line': b'-- Up-to-date: /home/greyflon/lab_2025/install/two_wheeled_robot/share/two_wheeled_robot/models/stop_light/meshes/stop_light.obj\n'}
[0.559575] (two_wheeled_robot) StdoutLine: {'line': b'-- Up-to-date: /home/greyflon/lab_2025/install/two_wheeled_robot/share/two_wheeled_robot/models/stop_light/materials\n'}
[0.559752] (two_wheeled_robot) StdoutLine: {'line': b'-- Up-to-date: /home/greyflon/lab_2025/install/two_wheeled_robot/share/two_wheeled_robot/models/stop_light/materials/scripts\n'}
[0.559814] (two_wheeled_robot) StdoutLine: {'line': b'-- Up-to-date: /home/greyflon/lab_2025/install/two_wheeled_robot/share/two_wheeled_robot/models/stop_light/materials/scripts/stop_light.material\n'}
[0.559880] (two_wheeled_robot) StdoutLine: {'line': b'-- Up-to-date: /home/greyflon/lab_2025/install/two_wheeled_robot/share/two_wheeled_robot/models/stop_light/materials/textures\n'}
[0.559938] (two_wheeled_robot) StdoutLine: {'line': b'-- Up-to-date: /home/greyflon/lab_2025/install/two_wheeled_robot/share/two_wheeled_robot/models/stop_light/materials/textures/stop_light.png\n'}
[0.559997] (two_wheeled_robot) StdoutLine: {'line': b'-- Up-to-date: /home/greyflon/lab_2025/install/two_wheeled_robot/share/two_wheeled_robot/models/stop_light/materials/textures/greyscale_light.png\n'}
[0.560055] (two_wheeled_robot) StdoutLine: {'line': b'-- Up-to-date: /home/greyflon/lab_2025/install/two_wheeled_robot/share/two_wheeled_robot/models/stop_light/model.sdf\n'}
[0.560113] (two_wheeled_robot) StdoutLine: {'line': b'-- Up-to-date: /home/greyflon/lab_2025/install/two_wheeled_robot/share/two_wheeled_robot/models/pallet_full\n'}
[0.560172] (two_wheeled_robot) StdoutLine: {'line': b'-- Up-to-date: /home/greyflon/lab_2025/install/two_wheeled_robot/share/two_wheeled_robot/models/pallet_full/model.config\n'}
[0.560230] (two_wheeled_robot) StdoutLine: {'line': b'-- Up-to-date: /home/greyflon/lab_2025/install/two_wheeled_robot/share/two_wheeled_robot/models/pallet_full/model.sdf\n'}
[0.560289] (two_wheeled_robot) StdoutLine: {'line': b'-- Up-to-date: /home/greyflon/lab_2025/install/two_wheeled_robot/share/two_wheeled_robot/models/radio_tower\n'}
[0.560347] (two_wheeled_robot) StdoutLine: {'line': b'-- Up-to-date: /home/greyflon/lab_2025/install/two_wheeled_robot/share/two_wheeled_robot/models/radio_tower/model.config\n'}
[0.560406] (two_wheeled_robot) StdoutLine: {'line': b'-- Up-to-date: /home/greyflon/lab_2025/install/two_wheeled_robot/share/two_wheeled_robot/models/radio_tower/meshes\n'}
[0.560516] (two_wheeled_robot) StdoutLine: {'line': b'-- Up-to-date: /home/greyflon/lab_2025/install/two_wheeled_robot/share/two_wheeled_robot/models/radio_tower/meshes/radio_tower.dae\n'}
[0.560580] (two_wheeled_robot) StdoutLine: {'line': b'-- Up-to-date: /home/greyflon/lab_2025/install/two_wheeled_robot/share/two_wheeled_robot/models/radio_tower/materials\n'}
[0.560700] (two_wheeled_robot) StdoutLine: {'line': b'-- Up-to-date: /home/greyflon/lab_2025/install/two_wheeled_robot/share/two_wheeled_robot/models/radio_tower/materials/textures\n'}
[0.560760] (two_wheeled_robot) StdoutLine: {'line': b'-- Up-to-date: /home/greyflon/lab_2025/install/two_wheeled_robot/share/two_wheeled_robot/models/radio_tower/materials/textures/radio_tower_spec.jpg\n'}
[0.560820] (two_wheeled_robot) StdoutLine: {'line': b'-- Up-to-date: /home/greyflon/lab_2025/install/two_wheeled_robot/share/two_wheeled_robot/models/radio_tower/materials/textures/radio_tower_diffuse.jpg\n'}
[0.560878] (two_wheeled_robot) StdoutLine: {'line': b'-- Up-to-date: /home/greyflon/lab_2025/install/two_wheeled_robot/share/two_wheeled_robot/models/radio_tower/model.sdf\n'}
[0.560936] (two_wheeled_robot) StdoutLine: {'line': b'-- Up-to-date: /home/greyflon/lab_2025/install/two_wheeled_robot/share/two_wheeled_robot/models/aws_robomaker_residential_DeskPortraitB_02\n'}
[0.560995] (two_wheeled_robot) StdoutLine: {'line': b'-- Up-to-date: /home/greyflon/lab_2025/install/two_wheeled_robot/share/two_wheeled_robot/models/aws_robomaker_residential_DeskPortraitB_02/model.config\n'}
[0.561054] (two_wheeled_robot) StdoutLine: {'line': b'-- Up-to-date: /home/greyflon/lab_2025/install/two_wheeled_robot/share/two_wheeled_robot/models/aws_robomaker_residential_DeskPortraitB_02/meshes\n'}
[0.561124] (two_wheeled_robot) StdoutLine: {'line': b'-- Up-to-date: /home/greyflon/lab_2025/install/two_wheeled_robot/share/two_wheeled_robot/models/aws_robomaker_residential_DeskPortraitB_02/meshes/aws_DeskPortraitB_01_visual.DAE\n'}
[0.561185] (two_wheeled_robot) StdoutLine: {'line': b'-- Up-to-date: /home/greyflon/lab_2025/install/two_wheeled_robot/share/two_wheeled_robot/models/aws_robomaker_residential_DeskPortraitB_02/meshes/aws_DeskPortraitB_01_collision.DAE\n'}
[0.561251] (two_wheeled_robot) StdoutLine: {'line': b'-- Up-to-date: /home/greyflon/lab_2025/install/two_wheeled_robot/share/two_wheeled_robot/models/aws_robomaker_residential_DeskPortraitB_02/materials\n'}
[0.561380] (two_wheeled_robot) StdoutLine: {'line': b'-- Up-to-date: /home/greyflon/lab_2025/install/two_wheeled_robot/share/two_wheeled_robot/models/aws_robomaker_residential_DeskPortraitB_02/materials/textures\n'}
[0.561475] (two_wheeled_robot) StdoutLine: {'line': b'-- Up-to-date: /home/greyflon/lab_2025/install/two_wheeled_robot/share/two_wheeled_robot/models/aws_robomaker_residential_DeskPortraitB_02/materials/textures/DeskPortraitB_02.jpg\n'}
[0.561537] (two_wheeled_robot) StdoutLine: {'line': b'-- Up-to-date: /home/greyflon/lab_2025/install/two_wheeled_robot/share/two_wheeled_robot/models/aws_robomaker_residential_DeskPortraitB_02/materials/textures/aws_DeskPortraitB_02.png\n'}
[0.561607] (two_wheeled_robot) StdoutLine: {'line': b'-- Up-to-date: /home/greyflon/lab_2025/install/two_wheeled_robot/share/two_wheeled_robot/models/aws_robomaker_residential_DeskPortraitB_02/materials/textures/aws_DeskPortraitB_01.png\n'}
[0.561732] (two_wheeled_robot) StdoutLine: {'line': b'-- Up-to-date: /home/greyflon/lab_2025/install/two_wheeled_robot/share/two_wheeled_robot/models/aws_robomaker_residential_DeskPortraitB_02/model.sdf\n'}
[0.561792] (two_wheeled_robot) StdoutLine: {'line': b'-- Up-to-date: /home/greyflon/lab_2025/install/two_wheeled_robot/share/two_wheeled_robot/models/aws_robomaker_residential_PortraitA_02\n'}
[0.561851] (two_wheeled_robot) StdoutLine: {'line': b'-- Up-to-date: /home/greyflon/lab_2025/install/two_wheeled_robot/share/two_wheeled_robot/models/aws_robomaker_residential_PortraitA_02/model.config\n'}
[0.561910] (two_wheeled_robot) StdoutLine: {'line': b'-- Up-to-date: /home/greyflon/lab_2025/install/two_wheeled_robot/share/two_wheeled_robot/models/aws_robomaker_residential_PortraitA_02/meshes\n'}
[0.561968] (two_wheeled_robot) StdoutLine: {'line': b'-- Up-to-date: /home/greyflon/lab_2025/install/two_wheeled_robot/share/two_wheeled_robot/models/aws_robomaker_residential_PortraitA_02/meshes/aws_PortraitA_01_visual.DAE\n'}
[0.562027] (two_wheeled_robot) StdoutLine: {'line': b'-- Up-to-date: /home/greyflon/lab_2025/install/two_wheeled_robot/share/two_wheeled_robot/models/aws_robomaker_residential_PortraitA_02/meshes/aws_PortraitA_01_collision.DAE\n'}
[0.562086] (two_wheeled_robot) StdoutLine: {'line': b'-- Up-to-date: /home/greyflon/lab_2025/install/two_wheeled_robot/share/two_wheeled_robot/models/aws_robomaker_residential_PortraitA_02/materials\n'}
[0.562145] (two_wheeled_robot) StdoutLine: {'line': b'-- Up-to-date: /home/greyflon/lab_2025/install/two_wheeled_robot/share/two_wheeled_robot/models/aws_robomaker_residential_PortraitA_02/materials/textures\n'}
[0.562204] (two_wheeled_robot) StdoutLine: {'line': b'-- Up-to-date: /home/greyflon/lab_2025/install/two_wheeled_robot/share/two_wheeled_robot/models/aws_robomaker_residential_PortraitA_02/materials/textures/aws_PortraitA_01.png\n'}
[0.562262] (two_wheeled_robot) StdoutLine: {'line': b'-- Up-to-date: /home/greyflon/lab_2025/install/two_wheeled_robot/share/two_wheeled_robot/models/aws_robomaker_residential_PortraitA_02/materials/textures/PortraitA_02.jpg\n'}
[0.562320] (two_wheeled_robot) StdoutLine: {'line': b'-- Up-to-date: /home/greyflon/lab_2025/install/two_wheeled_robot/share/two_wheeled_robot/models/aws_robomaker_residential_PortraitA_02/materials/textures/aws_PortraitA_02.png\n'}
[0.562488] (two_wheeled_robot) StdoutLine: {'line': b'-- Up-to-date: /home/greyflon/lab_2025/install/two_wheeled_robot/share/two_wheeled_robot/models/aws_robomaker_residential_PortraitA_02/model.sdf\n'}
[0.562620] (two_wheeled_robot) StdoutLine: {'line': b'-- Up-to-date: /home/greyflon/lab_2025/install/two_wheeled_robot/share/two_wheeled_robot/models/aws_robomaker_warehouse_DeskC_01\n'}
[0.562710] (two_wheeled_robot) StdoutLine: {'line': b'-- Up-to-date: /home/greyflon/lab_2025/install/two_wheeled_robot/share/two_wheeled_robot/models/aws_robomaker_warehouse_DeskC_01/model.config\n'}
[0.562780] (two_wheeled_robot) StdoutLine: {'line': b'-- Up-to-date: /home/greyflon/lab_2025/install/two_wheeled_robot/share/two_wheeled_robot/models/aws_robomaker_warehouse_DeskC_01/meshes\n'}
[0.562902] (two_wheeled_robot) StdoutLine: {'line': b'-- Up-to-date: /home/greyflon/lab_2025/install/two_wheeled_robot/share/two_wheeled_robot/models/aws_robomaker_warehouse_DeskC_01/meshes/aws_robomaker_warehouse_DeskC_01_collision.DAE\n'}
[0.562965] (two_wheeled_robot) StdoutLine: {'line': b'-- Up-to-date: /home/greyflon/lab_2025/install/two_wheeled_robot/share/two_wheeled_robot/models/aws_robomaker_warehouse_DeskC_01/meshes/aws_robomaker_warehouse_DeskC_01_visual.DAE\n'}
[0.563025] (two_wheeled_robot) StdoutLine: {'line': b'-- Up-to-date: /home/greyflon/lab_2025/install/two_wheeled_robot/share/two_wheeled_robot/models/aws_robomaker_warehouse_DeskC_01/materials\n'}
[0.563085] (two_wheeled_robot) StdoutLine: {'line': b'-- Up-to-date: /home/greyflon/lab_2025/install/two_wheeled_robot/share/two_wheeled_robot/models/aws_robomaker_warehouse_DeskC_01/materials/textures\n'}
[0.563145] (two_wheeled_robot) StdoutLine: {'line': b'-- Up-to-date: /home/greyflon/lab_2025/install/two_wheeled_robot/share/two_wheeled_robot/models/aws_robomaker_warehouse_DeskC_01/materials/textures/aws_robomaker_warehouse_DeskC_03.psd\n'}
[0.563205] (two_wheeled_robot) StdoutLine: {'line': b'-- Up-to-date: /home/greyflon/lab_2025/install/two_wheeled_robot/share/two_wheeled_robot/models/aws_robomaker_warehouse_DeskC_01/materials/textures/aws_robomaker_warehouse_DeskC_02.png\n'}
[0.563272] (two_wheeled_robot) StdoutLine: {'line': b'-- Up-to-date: /home/greyflon/lab_2025/install/two_wheeled_robot/share/two_wheeled_robot/models/aws_robomaker_warehouse_DeskC_01/materials/textures/aws_robomaker_warehouse_DeskC_03.png\n'}
[0.563332] (two_wheeled_robot) StdoutLine: {'line': b'-- Up-to-date: /home/greyflon/lab_2025/install/two_wheeled_robot/share/two_wheeled_robot/models/aws_robomaker_warehouse_DeskC_01/materials/textures/aws_robomaker_warehouse_DeskC_04.png\n'}
[0.563393] (two_wheeled_robot) StdoutLine: {'line': b'-- Up-to-date: /home/greyflon/lab_2025/install/two_wheeled_robot/share/two_wheeled_robot/models/aws_robomaker_warehouse_DeskC_01/materials/textures/aws_robomaker_warehouse_DeskC_01.png\n'}
[0.563452] (two_wheeled_robot) StdoutLine: {'line': b'-- Up-to-date: /home/greyflon/lab_2025/install/two_wheeled_robot/share/two_wheeled_robot/models/aws_robomaker_warehouse_DeskC_01/model.sdf\n'}
[0.563511] (two_wheeled_robot) StdoutLine: {'line': b'-- Up-to-date: /home/greyflon/lab_2025/install/two_wheeled_robot/share/two_wheeled_robot/models/stopW\n'}
[0.563571] (two_wheeled_robot) StdoutLine: {'line': b'-- Up-to-date: /home/greyflon/lab_2025/install/two_wheeled_robot/share/two_wheeled_robot/models/stopW/model.config\n'}
[0.563789] (two_wheeled_robot) StdoutLine: {'line': b'-- Up-to-date: /home/greyflon/lab_2025/install/two_wheeled_robot/share/two_wheeled_robot/models/stopW/meshes\n'}
[0.563857] (two_wheeled_robot) StdoutLine: {'line': b'-- Up-to-date: /home/greyflon/lab_2025/install/two_wheeled_robot/share/two_wheeled_robot/models/stopW/meshes/Asphalt_New.jpg\n'}
[0.563917] (two_wheeled_robot) StdoutLine: {'line': b'-- Up-to-date: /home/greyflon/lab_2025/install/two_wheeled_robot/share/two_wheeled_robot/models/stopW/meshes/Concrete_Pavers_Block_Multi.jpg\n'}
[0.563976] (two_wheeled_robot) StdoutLine: {'line': b'-- Up-to-date: /home/greyflon/lab_2025/install/two_wheeled_robot/share/two_wheeled_robot/models/stopW/meshes/stop.dae\n'}
[0.564035] (two_wheeled_robot) StdoutLine: {'line': b'-- Up-to-date: /home/greyflon/lab_2025/install/two_wheeled_robot/share/two_wheeled_robot/models/stopW/model.sdf\n'}
[0.564095] (two_wheeled_robot) StdoutLine: {'line': b'-- Up-to-date: /home/greyflon/lab_2025/install/two_wheeled_robot/share/two_wheeled_robot/models/aws_robomaker_residential_DeskPortraitC_01\n'}
[0.564154] (two_wheeled_robot) StdoutLine: {'line': b'-- Up-to-date: /home/greyflon/lab_2025/install/two_wheeled_robot/share/two_wheeled_robot/models/aws_robomaker_residential_DeskPortraitC_01/model.config\n'}
[0.564220] (two_wheeled_robot) StdoutLine: {'line': b'-- Up-to-date: /home/greyflon/lab_2025/install/two_wheeled_robot/share/two_wheeled_robot/models/aws_robomaker_residential_DeskPortraitC_01/meshes\n'}
[0.564280] (two_wheeled_robot) StdoutLine: {'line': b'-- Up-to-date: /home/greyflon/lab_2025/install/two_wheeled_robot/share/two_wheeled_robot/models/aws_robomaker_residential_DeskPortraitC_01/meshes/aws_DeskPortraitC_01_collision.DAE\n'}
[0.564340] (two_wheeled_robot) StdoutLine: {'line': b'-- Up-to-date: /home/greyflon/lab_2025/install/two_wheeled_robot/share/two_wheeled_robot/models/aws_robomaker_residential_DeskPortraitC_01/meshes/aws_DeskPortraitC_01_visual.DAE\n'}
[0.564399] (two_wheeled_robot) StdoutLine: {'line': b'-- Up-to-date: /home/greyflon/lab_2025/install/two_wheeled_robot/share/two_wheeled_robot/models/aws_robomaker_residential_DeskPortraitC_01/materials\n'}
[0.564522] (two_wheeled_robot) StdoutLine: {'line': b'-- Up-to-date: /home/greyflon/lab_2025/install/two_wheeled_robot/share/two_wheeled_robot/models/aws_robomaker_residential_DeskPortraitC_01/materials/textures\n'}
[0.564597] (two_wheeled_robot) StdoutLine: {'line': b'-- Up-to-date: /home/greyflon/lab_2025/install/two_wheeled_robot/share/two_wheeled_robot/models/aws_robomaker_residential_DeskPortraitC_01/materials/textures/aws_DeskPortraitC_01.png\n'}
[0.564664] (two_wheeled_robot) StdoutLine: {'line': b'-- Up-to-date: /home/greyflon/lab_2025/install/two_wheeled_robot/share/two_wheeled_robot/models/aws_robomaker_residential_DeskPortraitC_01/materials/textures/DeskPortraitC_01.jpg\n'}
[0.564722] (two_wheeled_robot) StdoutLine: {'line': b'-- Up-to-date: /home/greyflon/lab_2025/install/two_wheeled_robot/share/two_wheeled_robot/models/aws_robomaker_residential_DeskPortraitC_01/materials/textures/aws_DeskPortraitC_02.png\n'}
[0.564805] (two_wheeled_robot) StdoutLine: {'line': b'-- Up-to-date: /home/greyflon/lab_2025/install/two_wheeled_robot/share/two_wheeled_robot/models/aws_robomaker_residential_DeskPortraitC_01/model.sdf\n'}
[0.564878] (two_wheeled_robot) StdoutLine: {'line': b'-- Up-to-date: /home/greyflon/lab_2025/install/two_wheeled_robot/share/two_wheeled_robot/models/blue_target\n'}
[0.564938] (two_wheeled_robot) StdoutLine: {'line': b'-- Up-to-date: /home/greyflon/lab_2025/install/two_wheeled_robot/share/two_wheeled_robot/models/blue_target/model.config\n'}
[0.564996] (two_wheeled_robot) StdoutLine: {'line': b'-- Up-to-date: /home/greyflon/lab_2025/install/two_wheeled_robot/share/two_wheeled_robot/models/blue_target/meshes\n'}
[0.565054] (two_wheeled_robot) StdoutLine: {'line': b'-- Up-to-date: /home/greyflon/lab_2025/install/two_wheeled_robot/share/two_wheeled_robot/models/blue_target/meshes/blue_target.dae\n'}
[0.565118] (two_wheeled_robot) StdoutLine: {'line': b'-- Up-to-date: /home/greyflon/lab_2025/install/two_wheeled_robot/share/two_wheeled_robot/models/blue_target/model.sdf\n'}
[0.565178] (two_wheeled_robot) StdoutLine: {'line': b'-- Up-to-date: /home/greyflon/lab_2025/install/two_wheeled_robot/share/two_wheeled_robot/models/casual_female\n'}
[0.565237] (two_wheeled_robot) StdoutLine: {'line': b'-- Up-to-date: /home/greyflon/lab_2025/install/two_wheeled_robot/share/two_wheeled_robot/models/casual_female/model.config\n'}
[0.565294] (two_wheeled_robot) StdoutLine: {'line': b'-- Up-to-date: /home/greyflon/lab_2025/install/two_wheeled_robot/share/two_wheeled_robot/models/casual_female/meshes\n'}
[0.565352] (two_wheeled_robot) StdoutLine: {'line': b'-- Up-to-date: /home/greyflon/lab_2025/install/two_wheeled_robot/share/two_wheeled_robot/models/casual_female/meshes/casual_female.dae\n'}
[0.565411] (two_wheeled_robot) StdoutLine: {'line': b'-- Up-to-date: /home/greyflon/lab_2025/install/two_wheeled_robot/share/two_wheeled_robot/models/casual_female/materials\n'}
[0.565469] (two_wheeled_robot) StdoutLine: {'line': b'-- Up-to-date: /home/greyflon/lab_2025/install/two_wheeled_robot/share/two_wheeled_robot/models/casual_female/materials/textures\n'}
[0.565534] (two_wheeled_robot) StdoutLine: {'line': b'-- Up-to-date: /home/greyflon/lab_2025/install/two_wheeled_robot/share/two_wheeled_robot/models/casual_female/materials/textures/casual_female.png\n'}
[0.565600] (two_wheeled_robot) StdoutLine: {'line': b'-- Up-to-date: /home/greyflon/lab_2025/install/two_wheeled_robot/share/two_wheeled_robot/models/casual_female/materials/textures/eyelashes01.png\n'}
[0.565684] (two_wheeled_robot) StdoutLine: {'line': b'-- Up-to-date: /home/greyflon/lab_2025/install/two_wheeled_robot/share/two_wheeled_robot/models/casual_female/materials/textures/tongue01_diffuse.png\n'}
[0.565743] (two_wheeled_robot) StdoutLine: {'line': b'-- Up-to-date: /home/greyflon/lab_2025/install/two_wheeled_robot/share/two_wheeled_robot/models/casual_female/materials/textures/female_casualsuit01_diffuse.png\n'}
[0.565802] (two_wheeled_robot) StdoutLine: {'line': b'-- Up-to-date: /home/greyflon/lab_2025/install/two_wheeled_robot/share/two_wheeled_robot/models/casual_female/materials/textures/female_casualsuit02_diffuse.png\n'}
[0.565861] (two_wheeled_robot) StdoutLine: {'line': b'-- Up-to-date: /home/greyflon/lab_2025/install/two_wheeled_robot/share/two_wheeled_robot/models/casual_female/materials/textures/ponytail01_diffuse.png\n'}
[0.565919] (two_wheeled_robot) StdoutLine: {'line': b'-- Up-to-date: /home/greyflon/lab_2025/install/two_wheeled_robot/share/two_wheeled_robot/models/casual_female/materials/textures/young_lightskinned_female_diffuse.png\n'}
[0.565977] (two_wheeled_robot) StdoutLine: {'line': b'-- Up-to-date: /home/greyflon/lab_2025/install/two_wheeled_robot/share/two_wheeled_robot/models/casual_female/materials/textures/shoes05_diffuse.png\n'}
[0.566035] (two_wheeled_robot) StdoutLine: {'line': b'-- Up-to-date: /home/greyflon/lab_2025/install/two_wheeled_robot/share/two_wheeled_robot/models/casual_female/materials/textures/eyebrow002.png\n'}
[0.566093] (two_wheeled_robot) StdoutLine: {'line': b'-- Up-to-date: /home/greyflon/lab_2025/install/two_wheeled_robot/share/two_wheeled_robot/models/casual_female/materials/textures/female_casualsuit01_normal.png\n'}
[0.566151] (two_wheeled_robot) StdoutLine: {'line': b'-- Up-to-date: /home/greyflon/lab_2025/install/two_wheeled_robot/share/two_wheeled_robot/models/casual_female/materials/textures/brown_eye.png\n'}
[0.566209] (two_wheeled_robot) StdoutLine: {'line': b'-- Up-to-date: /home/greyflon/lab_2025/install/two_wheeled_robot/share/two_wheeled_robot/models/casual_female/materials/textures/female_casualsuit02_normal.png\n'}
[0.566267] (two_wheeled_robot) StdoutLine: {'line': b'-- Up-to-date: /home/greyflon/lab_2025/install/two_wheeled_robot/share/two_wheeled_robot/models/casual_female/model.sdf\n'}
[0.566369] (two_wheeled_robot) StdoutLine: {'line': b'-- Up-to-date: /home/greyflon/lab_2025/install/two_wheeled_robot/share/two_wheeled_robot/models/servicebot\n'}
[0.566431] (two_wheeled_robot) StdoutLine: {'line': b'-- Up-to-date: /home/greyflon/lab_2025/install/two_wheeled_robot/share/two_wheeled_robot/models/servicebot/model.config\n'}
[0.566490] (two_wheeled_robot) StdoutLine: {'line': b'-- Up-to-date: /home/greyflon/lab_2025/install/two_wheeled_robot/share/two_wheeled_robot/models/servicebot/meshes\n'}
[0.566549] (two_wheeled_robot) StdoutLine: {'line': b'-- Up-to-date: /home/greyflon/lab_2025/install/two_wheeled_robot/share/two_wheeled_robot/models/servicebot/meshes/servicebot.mtl\n'}
[0.566622] (two_wheeled_robot) StdoutLine: {'line': b'-- Up-to-date: /home/greyflon/lab_2025/install/two_wheeled_robot/share/two_wheeled_robot/models/servicebot/meshes/servicebot.obj\n'}
[0.566684] (two_wheeled_robot) StdoutLine: {'line': b'-- Up-to-date: /home/greyflon/lab_2025/install/two_wheeled_robot/share/two_wheeled_robot/models/servicebot/materials\n'}
[0.566742] (two_wheeled_robot) StdoutLine: {'line': b'-- Up-to-date: /home/greyflon/lab_2025/install/two_wheeled_robot/share/two_wheeled_robot/models/servicebot/materials/textures\n'}
[0.566801] (two_wheeled_robot) StdoutLine: {'line': b'-- Up-to-date: /home/greyflon/lab_2025/install/two_wheeled_robot/share/two_wheeled_robot/models/servicebot/materials/textures/servicebot.png\n'}
[0.566870] (two_wheeled_robot) StdoutLine: {'line': b'-- Up-to-date: /home/greyflon/lab_2025/install/two_wheeled_robot/share/two_wheeled_robot/models/servicebot/model.sdf\n'}
[0.566930] (two_wheeled_robot) StdoutLine: {'line': b'-- Up-to-date: /home/greyflon/lab_2025/install/two_wheeled_robot/share/two_wheeled_robot/models/dishwasher\n'}
[0.566988] (two_wheeled_robot) StdoutLine: {'line': b'-- Up-to-date: /home/greyflon/lab_2025/install/two_wheeled_robot/share/two_wheeled_robot/models/dishwasher/model.config\n'}
[0.567046] (two_wheeled_robot) StdoutLine: {'line': b'-- Up-to-date: /home/greyflon/lab_2025/install/two_wheeled_robot/share/two_wheeled_robot/models/dishwasher/meshes\n'}
[0.567106] (two_wheeled_robot) StdoutLine: {'line': b'-- Up-to-date: /home/greyflon/lab_2025/install/two_wheeled_robot/share/two_wheeled_robot/models/dishwasher/meshes/dishwasher.mtl\n'}
[0.567177] (two_wheeled_robot) StdoutLine: {'line': b'-- Up-to-date: /home/greyflon/lab_2025/install/two_wheeled_robot/share/two_wheeled_robot/models/dishwasher/meshes/dishwasher.obj\n'}
[0.567236] (two_wheeled_robot) StdoutLine: {'line': b'-- Up-to-date: /home/greyflon/lab_2025/install/two_wheeled_robot/share/two_wheeled_robot/models/dishwasher/materials\n'}
[0.567294] (two_wheeled_robot) StdoutLine: {'line': b'-- Up-to-date: /home/greyflon/lab_2025/install/two_wheeled_robot/share/two_wheeled_robot/models/dishwasher/materials/textures\n'}
[0.567352] (two_wheeled_robot) StdoutLine: {'line': b'-- Up-to-date: /home/greyflon/lab_2025/install/two_wheeled_robot/share/two_wheeled_robot/models/dishwasher/materials/textures/dishwasher.png\n'}
[0.567410] (two_wheeled_robot) StdoutLine: {'line': b'-- Up-to-date: /home/greyflon/lab_2025/install/two_wheeled_robot/share/two_wheeled_robot/models/dishwasher/model.sdf\n'}
[0.567469] (two_wheeled_robot) StdoutLine: {'line': b'-- Up-to-date: /home/greyflon/lab_2025/install/two_wheeled_robot/share/two_wheeled_robot/models/aws_robomaker_residential_PortraitB_02\n'}
[0.567528] (two_wheeled_robot) StdoutLine: {'line': b'-- Up-to-date: /home/greyflon/lab_2025/install/two_wheeled_robot/share/two_wheeled_robot/models/aws_robomaker_residential_PortraitB_02/model.config\n'}
[0.567593] (two_wheeled_robot) StdoutLine: {'line': b'-- Up-to-date: /home/greyflon/lab_2025/install/two_wheeled_robot/share/two_wheeled_robot/models/aws_robomaker_residential_PortraitB_02/meshes\n'}
[0.567726] (two_wheeled_robot) StdoutLine: {'line': b'-- Up-to-date: /home/greyflon/lab_2025/install/two_wheeled_robot/share/two_wheeled_robot/models/aws_robomaker_residential_PortraitB_02/meshes/aws_PortraitB_01_visual.DAE\n'}
[0.567786] (two_wheeled_robot) StdoutLine: {'line': b'-- Up-to-date: /home/greyflon/lab_2025/install/two_wheeled_robot/share/two_wheeled_robot/models/aws_robomaker_residential_PortraitB_02/meshes/aws_PortraitB_01_collision.DAE\n'}
[0.567846] (two_wheeled_robot) StdoutLine: {'line': b'-- Up-to-date: /home/greyflon/lab_2025/install/two_wheeled_robot/share/two_wheeled_robot/models/aws_robomaker_residential_PortraitB_02/materials\n'}
[0.567904] (two_wheeled_robot) StdoutLine: {'line': b'-- Up-to-date: /home/greyflon/lab_2025/install/two_wheeled_robot/share/two_wheeled_robot/models/aws_robomaker_residential_PortraitB_02/materials/textures\n'}
[0.567962] (two_wheeled_robot) StdoutLine: {'line': b'-- Up-to-date: /home/greyflon/lab_2025/install/two_wheeled_robot/share/two_wheeled_robot/models/aws_robomaker_residential_PortraitB_02/materials/textures/aws_PortraitB_01.png\n'}
[0.568021] (two_wheeled_robot) StdoutLine: {'line': b'-- Up-to-date: /home/greyflon/lab_2025/install/two_wheeled_robot/share/two_wheeled_robot/models/aws_robomaker_residential_PortraitB_02/materials/textures/aws_PortraitB_02.png\n'}
[0.568079] (two_wheeled_robot) StdoutLine: {'line': b'-- Up-to-date: /home/greyflon/lab_2025/install/two_wheeled_robot/share/two_wheeled_robot/models/aws_robomaker_residential_PortraitB_02/materials/textures/PortraitB_02.jpg\n'}
[0.568137] (two_wheeled_robot) StdoutLine: {'line': b'-- Up-to-date: /home/greyflon/lab_2025/install/two_wheeled_robot/share/two_wheeled_robot/models/aws_robomaker_residential_PortraitB_02/model.sdf\n'}
[0.568204] (two_wheeled_robot) StdoutLine: {'line': b'-- Up-to-date: /home/greyflon/lab_2025/install/two_wheeled_robot/share/two_wheeled_robot/models/bookshelf\n'}
[0.568377] (two_wheeled_robot) StdoutLine: {'line': b'-- Up-to-date: /home/greyflon/lab_2025/install/two_wheeled_robot/share/two_wheeled_robot/models/bookshelf/model-1_2.sdf\n'}
[0.568437] (two_wheeled_robot) StdoutLine: {'line': b'-- Up-to-date: /home/greyflon/lab_2025/install/two_wheeled_robot/share/two_wheeled_robot/models/bookshelf/model-1_4.sdf\n'}
[0.568495] (two_wheeled_robot) StdoutLine: {'line': b'-- Up-to-date: /home/greyflon/lab_2025/install/two_wheeled_robot/share/two_wheeled_robot/models/bookshelf/model.config\n'}
[0.568601] (two_wheeled_robot) StdoutLine: {'line': b'-- Up-to-date: /home/greyflon/lab_2025/install/two_wheeled_robot/share/two_wheeled_robot/models/bookshelf/model.sdf\n'}
[0.568672] (two_wheeled_robot) StdoutLine: {'line': b'-- Up-to-date: /home/greyflon/lab_2025/install/two_wheeled_robot/share/two_wheeled_robot/models/bookshelf/model-1_3.sdf\n'}
[0.568732] (two_wheeled_robot) StdoutLine: {'line': b'-- Up-to-date: /home/greyflon/lab_2025/install/two_wheeled_robot/share/two_wheeled_robot/models/lamp_post\n'}
[0.568792] (two_wheeled_robot) StdoutLine: {'line': b'-- Up-to-date: /home/greyflon/lab_2025/install/two_wheeled_robot/share/two_wheeled_robot/models/lamp_post/model-1_4.sdf\n'}
[0.568857] (two_wheeled_robot) StdoutLine: {'line': b'-- Up-to-date: /home/greyflon/lab_2025/install/two_wheeled_robot/share/two_wheeled_robot/models/lamp_post/model.config\n'}
[0.568917] (two_wheeled_robot) StdoutLine: {'line': b'-- Up-to-date: /home/greyflon/lab_2025/install/two_wheeled_robot/share/two_wheeled_robot/models/lamp_post/meshes\n'}
[0.568976] (two_wheeled_robot) StdoutLine: {'line': b'-- Up-to-date: /home/greyflon/lab_2025/install/two_wheeled_robot/share/two_wheeled_robot/models/lamp_post/meshes/lamp_post.dae\n'}
[0.569037] (two_wheeled_robot) StdoutLine: {'line': b'-- Up-to-date: /home/greyflon/lab_2025/install/two_wheeled_robot/share/two_wheeled_robot/models/lamp_post/materials\n'}
[0.569096] (two_wheeled_robot) StdoutLine: {'line': b'-- Up-to-date: /home/greyflon/lab_2025/install/two_wheeled_robot/share/two_wheeled_robot/models/lamp_post/materials/textures\n'}
[0.569156] (two_wheeled_robot) StdoutLine: {'line': b'-- Up-to-date: /home/greyflon/lab_2025/install/two_wheeled_robot/share/two_wheeled_robot/models/lamp_post/materials/textures/Lamp_Post_Spec.png\n'}
[0.569216] (two_wheeled_robot) StdoutLine: {'line': b'-- Up-to-date: /home/greyflon/lab_2025/install/two_wheeled_robot/share/two_wheeled_robot/models/lamp_post/materials/textures/Lamp_Post_Diffuse.png\n'}
[0.569276] (two_wheeled_robot) StdoutLine: {'line': b'-- Up-to-date: /home/greyflon/lab_2025/install/two_wheeled_robot/share/two_wheeled_robot/models/lamp_post/materials/textures/Lamp_Post_Emissive.png\n'}
[0.569335] (two_wheeled_robot) StdoutLine: {'line': b'-- Up-to-date: /home/greyflon/lab_2025/install/two_wheeled_robot/share/two_wheeled_robot/models/lamp_post/model.sdf\n'}
[0.569394] (two_wheeled_robot) StdoutLine: {'line': b'-- Up-to-date: /home/greyflon/lab_2025/install/two_wheeled_robot/share/two_wheeled_robot/models/lamp_post/model-1_3.sdf\n'}
[0.569454] (two_wheeled_robot) StdoutLine: {'line': b'-- Up-to-date: /home/greyflon/lab_2025/install/two_wheeled_robot/share/two_wheeled_robot/models/aws_robomaker_warehouse_ClutteringA_01\n'}
[0.569514] (two_wheeled_robot) StdoutLine: {'line': b'-- Up-to-date: /home/greyflon/lab_2025/install/two_wheeled_robot/share/two_wheeled_robot/models/aws_robomaker_warehouse_ClutteringA_01/model.config\n'}
[0.569574] (two_wheeled_robot) StdoutLine: {'line': b'-- Up-to-date: /home/greyflon/lab_2025/install/two_wheeled_robot/share/two_wheeled_robot/models/aws_robomaker_warehouse_ClutteringA_01/meshes\n'}
[0.569667] (two_wheeled_robot) StdoutLine: {'line': b'-- Up-to-date: /home/greyflon/lab_2025/install/two_wheeled_robot/share/two_wheeled_robot/models/aws_robomaker_warehouse_ClutteringA_01/meshes/aws_robomaker_warehouse_ClutteringA_01_visual.DAE\n'}
[0.569739] (two_wheeled_robot) StdoutLine: {'line': b'-- Up-to-date: /home/greyflon/lab_2025/install/two_wheeled_robot/share/two_wheeled_robot/models/aws_robomaker_warehouse_ClutteringA_01/meshes/aws_robomaker_warehouse_ClutteringA_01_collision.DAE\n'}
[0.569799] (two_wheeled_robot) StdoutLine: {'line': b'-- Up-to-date: /home/greyflon/lab_2025/install/two_wheeled_robot/share/two_wheeled_robot/models/aws_robomaker_warehouse_ClutteringA_01/materials\n'}
[0.569859] (two_wheeled_robot) StdoutLine: {'line': b'-- Up-to-date: /home/greyflon/lab_2025/install/two_wheeled_robot/share/two_wheeled_robot/models/aws_robomaker_warehouse_ClutteringA_01/materials/textures\n'}
[0.569920] (two_wheeled_robot) StdoutLine: {'line': b'-- Up-to-date: /home/greyflon/lab_2025/install/two_wheeled_robot/share/two_wheeled_robot/models/aws_robomaker_warehouse_ClutteringA_01/materials/textures/aws_robomaker_warehouse_ClutteringA_03.png\n'}
[0.569987] (two_wheeled_robot) StdoutLine: {'line': b'-- Up-to-date: /home/greyflon/lab_2025/install/two_wheeled_robot/share/two_wheeled_robot/models/aws_robomaker_warehouse_ClutteringA_01/materials/textures/aws_robomaker_warehouse_ClutteringA_02.png\n'}
[0.570066] (two_wheeled_robot) StdoutLine: {'line': b'-- Up-to-date: /home/greyflon/lab_2025/install/two_wheeled_robot/share/two_wheeled_robot/models/aws_robomaker_warehouse_ClutteringA_01/materials/textures/aws_robomaker_warehouse_ClutteringA_01.png\n'}
[0.570256] (two_wheeled_robot) StdoutLine: {'line': b'-- Up-to-date: /home/greyflon/lab_2025/install/two_wheeled_robot/share/two_wheeled_robot/models/aws_robomaker_warehouse_ClutteringA_01/model.sdf\n'}
[0.570322] (two_wheeled_robot) StdoutLine: {'line': b'-- Up-to-date: /home/greyflon/lab_2025/install/two_wheeled_robot/share/two_wheeled_robot/models/aws_robomaker_residential_PortraitB_03\n'}
[0.570382] (two_wheeled_robot) StdoutLine: {'line': b'-- Up-to-date: /home/greyflon/lab_2025/install/two_wheeled_robot/share/two_wheeled_robot/models/aws_robomaker_residential_PortraitB_03/model.config\n'}
[0.570486] (two_wheeled_robot) StdoutLine: {'line': b'-- Up-to-date: /home/greyflon/lab_2025/install/two_wheeled_robot/share/two_wheeled_robot/models/aws_robomaker_residential_PortraitB_03/meshes\n'}
[0.570550] (two_wheeled_robot) StdoutLine: {'line': b'-- Up-to-date: /home/greyflon/lab_2025/install/two_wheeled_robot/share/two_wheeled_robot/models/aws_robomaker_residential_PortraitB_03/meshes/aws_PortraitB_01_visual.DAE\n'}
[0.570623] (two_wheeled_robot) StdoutLine: {'line': b'-- Up-to-date: /home/greyflon/lab_2025/install/two_wheeled_robot/share/two_wheeled_robot/models/aws_robomaker_residential_PortraitB_03/meshes/aws_PortraitB_01_collision.DAE\n'}
[0.570743] (two_wheeled_robot) StdoutLine: {'line': b'-- Up-to-date: /home/greyflon/lab_2025/install/two_wheeled_robot/share/two_wheeled_robot/models/aws_robomaker_residential_PortraitB_03/materials\n'}
[0.570805] (two_wheeled_robot) StdoutLine: {'line': b'-- Up-to-date: /home/greyflon/lab_2025/install/two_wheeled_robot/share/two_wheeled_robot/models/aws_robomaker_residential_PortraitB_03/materials/textures\n'}
[0.570865] (two_wheeled_robot) StdoutLine: {'line': b'-- Up-to-date: /home/greyflon/lab_2025/install/two_wheeled_robot/share/two_wheeled_robot/models/aws_robomaker_residential_PortraitB_03/materials/textures/aws_PortraitB_01.png\n'}
[0.570926] (two_wheeled_robot) StdoutLine: {'line': b'-- Up-to-date: /home/greyflon/lab_2025/install/two_wheeled_robot/share/two_wheeled_robot/models/aws_robomaker_residential_PortraitB_03/materials/textures/PortraitB_03.jpg\n'}
[0.570986] (two_wheeled_robot) StdoutLine: {'line': b'-- Up-to-date: /home/greyflon/lab_2025/install/two_wheeled_robot/share/two_wheeled_robot/models/aws_robomaker_residential_PortraitB_03/materials/textures/aws_PortraitB_02.png\n'}
[0.571046] (two_wheeled_robot) StdoutLine: {'line': b'-- Up-to-date: /home/greyflon/lab_2025/install/two_wheeled_robot/share/two_wheeled_robot/models/aws_robomaker_residential_PortraitB_03/model.sdf\n'}
[0.571113] (two_wheeled_robot) StdoutLine: {'line': b'-- Up-to-date: /home/greyflon/lab_2025/install/two_wheeled_robot/share/two_wheeled_robot/models/aws_robomaker_residential_PortraitB_01\n'}
[0.571173] (two_wheeled_robot) StdoutLine: {'line': b'-- Up-to-date: /home/greyflon/lab_2025/install/two_wheeled_robot/share/two_wheeled_robot/models/aws_robomaker_residential_PortraitB_01/model.config\n'}
[0.571233] (two_wheeled_robot) StdoutLine: {'line': b'-- Up-to-date: /home/greyflon/lab_2025/install/two_wheeled_robot/share/two_wheeled_robot/models/aws_robomaker_residential_PortraitB_01/meshes\n'}
[0.571293] (two_wheeled_robot) StdoutLine: {'line': b'-- Up-to-date: /home/greyflon/lab_2025/install/two_wheeled_robot/share/two_wheeled_robot/models/aws_robomaker_residential_PortraitB_01/meshes/aws_PortraitB_01_visual.DAE\n'}
[0.571353] (two_wheeled_robot) StdoutLine: {'line': b'-- Up-to-date: /home/greyflon/lab_2025/install/two_wheeled_robot/share/two_wheeled_robot/models/aws_robomaker_residential_PortraitB_01/meshes/aws_PortraitB_01_collision.DAE\n'}
[0.571413] (two_wheeled_robot) StdoutLine: {'line': b'-- Up-to-date: /home/greyflon/lab_2025/install/two_wheeled_robot/share/two_wheeled_robot/models/aws_robomaker_residential_PortraitB_01/materials\n'}
[0.571474] (two_wheeled_robot) StdoutLine: {'line': b'-- Up-to-date: /home/greyflon/lab_2025/install/two_wheeled_robot/share/two_wheeled_robot/models/aws_robomaker_residential_PortraitB_01/materials/textures\n'}
[0.571534] (two_wheeled_robot) StdoutLine: {'line': b'-- Up-to-date: /home/greyflon/lab_2025/install/two_wheeled_robot/share/two_wheeled_robot/models/aws_robomaker_residential_PortraitB_01/materials/textures/aws_PortraitB_01.png\n'}
[0.571602] (two_wheeled_robot) StdoutLine: {'line': b'-- Up-to-date: /home/greyflon/lab_2025/install/two_wheeled_robot/share/two_wheeled_robot/models/aws_robomaker_residential_PortraitB_01/materials/textures/PortraitB_01.jpg\n'}
[0.571694] (two_wheeled_robot) StdoutLine: {'line': b'-- Up-to-date: /home/greyflon/lab_2025/install/two_wheeled_robot/share/two_wheeled_robot/models/aws_robomaker_residential_PortraitB_01/materials/textures/aws_PortraitB_02.png\n'}
[0.571757] (two_wheeled_robot) StdoutLine: {'line': b'-- Up-to-date: /home/greyflon/lab_2025/install/two_wheeled_robot/share/two_wheeled_robot/models/aws_robomaker_residential_PortraitB_01/model.sdf\n'}
[0.571817] (two_wheeled_robot) StdoutLine: {'line': b'-- Up-to-date: /home/greyflon/lab_2025/install/two_wheeled_robot/share/two_wheeled_robot/models/oak_tree\n'}
[0.571877] (two_wheeled_robot) StdoutLine: {'line': b'-- Up-to-date: /home/greyflon/lab_2025/install/two_wheeled_robot/share/two_wheeled_robot/models/oak_tree/model.config\n'}
[0.571937] (two_wheeled_robot) StdoutLine: {'line': b'-- Up-to-date: /home/greyflon/lab_2025/install/two_wheeled_robot/share/two_wheeled_robot/models/oak_tree/meshes\n'}
[0.571996] (two_wheeled_robot) StdoutLine: {'line': b'-- Up-to-date: /home/greyflon/lab_2025/install/two_wheeled_robot/share/two_wheeled_robot/models/oak_tree/meshes/oak_tree.dae\n'}
[0.572056] (two_wheeled_robot) StdoutLine: {'line': b'-- Up-to-date: /home/greyflon/lab_2025/install/two_wheeled_robot/share/two_wheeled_robot/models/oak_tree/materials\n'}
[0.572115] (two_wheeled_robot) StdoutLine: {'line': b'-- Up-to-date: /home/greyflon/lab_2025/install/two_wheeled_robot/share/two_wheeled_robot/models/oak_tree/materials/scripts\n'}
[0.572175] (two_wheeled_robot) StdoutLine: {'line': b'-- Up-to-date: /home/greyflon/lab_2025/install/two_wheeled_robot/share/two_wheeled_robot/models/oak_tree/materials/scripts/oak_tree.material\n'}
[0.572261] (two_wheeled_robot) StdoutLine: {'line': b'-- Up-to-date: /home/greyflon/lab_2025/install/two_wheeled_robot/share/two_wheeled_robot/models/oak_tree/materials/scripts/caster_vp.glsl\n'}
[0.572323] (two_wheeled_robot) StdoutLine: {'line': b'-- Up-to-date: /home/greyflon/lab_2025/install/two_wheeled_robot/share/two_wheeled_robot/models/oak_tree/materials/scripts/caster_fp.glsl\n'}
[0.572394] (two_wheeled_robot) StdoutLine: {'line': b'-- Up-to-date: /home/greyflon/lab_2025/install/two_wheeled_robot/share/two_wheeled_robot/models/oak_tree/materials/textures\n'}
[0.572454] (two_wheeled_robot) StdoutLine: {'line': b'-- Up-to-date: /home/greyflon/lab_2025/install/two_wheeled_robot/share/two_wheeled_robot/models/oak_tree/materials/textures/branch_diffuse.png\n'}
[0.572513] (two_wheeled_robot) StdoutLine: {'line': b'-- Up-to-date: /home/greyflon/lab_2025/install/two_wheeled_robot/share/two_wheeled_robot/models/oak_tree/materials/textures/bark_diffuse.png\n'}
[0.572573] (two_wheeled_robot) StdoutLine: {'line': b'-- Up-to-date: /home/greyflon/lab_2025/install/two_wheeled_robot/share/two_wheeled_robot/models/oak_tree/model.sdf\n'}
[0.572650] (two_wheeled_robot) StdoutLine: {'line': b'-- Up-to-date: /home/greyflon/lab_2025/install/two_wheeled_robot/share/two_wheeled_robot/models/aws_robomaker_residential_CoffeeTable_01\n'}
[0.572712] (two_wheeled_robot) StdoutLine: {'line': b'-- Up-to-date: /home/greyflon/lab_2025/install/two_wheeled_robot/share/two_wheeled_robot/models/aws_robomaker_residential_CoffeeTable_01/model.config\n'}
[0.572772] (two_wheeled_robot) StdoutLine: {'line': b'-- Up-to-date: /home/greyflon/lab_2025/install/two_wheeled_robot/share/two_wheeled_robot/models/aws_robomaker_residential_CoffeeTable_01/meshes\n'}
[0.572832] (two_wheeled_robot) StdoutLine: {'line': b'-- Up-to-date: /home/greyflon/lab_2025/install/two_wheeled_robot/share/two_wheeled_robot/models/aws_robomaker_residential_CoffeeTable_01/meshes/aws_CoffeeTable_01_visual.DAE\n'}
[0.572892] (two_wheeled_robot) StdoutLine: {'line': b'-- Up-to-date: /home/greyflon/lab_2025/install/two_wheeled_robot/share/two_wheeled_robot/models/aws_robomaker_residential_CoffeeTable_01/meshes/aws_CoffeeTable_01_collision.DAE\n'}
[0.572951] (two_wheeled_robot) StdoutLine: {'line': b'-- Up-to-date: /home/greyflon/lab_2025/install/two_wheeled_robot/share/two_wheeled_robot/models/aws_robomaker_residential_CoffeeTable_01/materials\n'}
[0.573011] (two_wheeled_robot) StdoutLine: {'line': b'-- Up-to-date: /home/greyflon/lab_2025/install/two_wheeled_robot/share/two_wheeled_robot/models/aws_robomaker_residential_CoffeeTable_01/materials/textures\n'}
[0.573071] (two_wheeled_robot) StdoutLine: {'line': b'-- Up-to-date: /home/greyflon/lab_2025/install/two_wheeled_robot/share/two_wheeled_robot/models/aws_robomaker_residential_CoffeeTable_01/materials/textures/aws_CoffeeTable_01.png\n'}
[0.573197] (two_wheeled_robot) StdoutLine: {'line': b'-- Up-to-date: /home/greyflon/lab_2025/install/two_wheeled_robot/share/two_wheeled_robot/models/aws_robomaker_residential_CoffeeTable_01/model.sdf\n'}
[0.573258] (two_wheeled_robot) StdoutLine: {'line': b'-- Up-to-date: /home/greyflon/lab_2025/install/two_wheeled_robot/share/two_wheeled_robot/models/hangout_chair\n'}
[0.573317] (two_wheeled_robot) StdoutLine: {'line': b'-- Up-to-date: /home/greyflon/lab_2025/install/two_wheeled_robot/share/two_wheeled_robot/models/hangout_chair/model.config\n'}
[0.573377] (two_wheeled_robot) StdoutLine: {'line': b'-- Up-to-date: /home/greyflon/lab_2025/install/two_wheeled_robot/share/two_wheeled_robot/models/hangout_chair/meshes\n'}
[0.573437] (two_wheeled_robot) StdoutLine: {'line': b'-- Up-to-date: /home/greyflon/lab_2025/install/two_wheeled_robot/share/two_wheeled_robot/models/hangout_chair/meshes/hangout_chair.obj\n'}
[0.573497] (two_wheeled_robot) StdoutLine: {'line': b'-- Up-to-date: /home/greyflon/lab_2025/install/two_wheeled_robot/share/two_wheeled_robot/models/hangout_chair/meshes/hangout_chair.mtl\n'}
[0.573557] (two_wheeled_robot) StdoutLine: {'line': b'-- Up-to-date: /home/greyflon/lab_2025/install/two_wheeled_robot/share/two_wheeled_robot/models/hangout_chair/materials\n'}
[0.573738] (two_wheeled_robot) StdoutLine: {'line': b'-- Up-to-date: /home/greyflon/lab_2025/install/two_wheeled_robot/share/two_wheeled_robot/models/hangout_chair/materials/textures\n'}
[0.573803] (two_wheeled_robot) StdoutLine: {'line': b'-- Up-to-date: /home/greyflon/lab_2025/install/two_wheeled_robot/share/two_wheeled_robot/models/hangout_chair/materials/textures/hangout_chair.png\n'}
[0.573909] (two_wheeled_robot) StdoutLine: {'line': b'-- Up-to-date: /home/greyflon/lab_2025/install/two_wheeled_robot/share/two_wheeled_robot/models/hangout_chair/model.sdf\n'}
[0.573969] (two_wheeled_robot) StdoutLine: {'line': b'-- Up-to-date: /home/greyflon/lab_2025/install/two_wheeled_robot/share/two_wheeled_robot/models/conference_table_small\n'}
[0.574028] (two_wheeled_robot) StdoutLine: {'line': b'-- Up-to-date: /home/greyflon/lab_2025/install/two_wheeled_robot/share/two_wheeled_robot/models/conference_table_small/model.config\n'}
[0.574088] (two_wheeled_robot) StdoutLine: {'line': b'-- Up-to-date: /home/greyflon/lab_2025/install/two_wheeled_robot/share/two_wheeled_robot/models/conference_table_small/meshes\n'}
[0.574148] (two_wheeled_robot) StdoutLine: {'line': b'-- Up-to-date: /home/greyflon/lab_2025/install/two_wheeled_robot/share/two_wheeled_robot/models/conference_table_small/meshes/conference_table_small.mtl\n'}
[0.574208] (two_wheeled_robot) StdoutLine: {'line': b'-- Up-to-date: /home/greyflon/lab_2025/install/two_wheeled_robot/share/two_wheeled_robot/models/conference_table_small/meshes/conference_table_small.obj\n'}
[0.574266] (two_wheeled_robot) StdoutLine: {'line': b'-- Up-to-date: /home/greyflon/lab_2025/install/two_wheeled_robot/share/two_wheeled_robot/models/conference_table_small/materials\n'}
[0.574356] (two_wheeled_robot) StdoutLine: {'line': b'-- Up-to-date: /home/greyflon/lab_2025/install/two_wheeled_robot/share/two_wheeled_robot/models/conference_table_small/materials/textures\n'}
[0.574420] (two_wheeled_robot) StdoutLine: {'line': b'-- Up-to-date: /home/greyflon/lab_2025/install/two_wheeled_robot/share/two_wheeled_robot/models/conference_table_small/materials/textures/conference_table.png\n'}
[0.574480] (two_wheeled_robot) StdoutLine: {'line': b'-- Up-to-date: /home/greyflon/lab_2025/install/two_wheeled_robot/share/two_wheeled_robot/models/conference_table_small/model.sdf\n'}
[0.574540] (two_wheeled_robot) StdoutLine: {'line': b'-- Up-to-date: /home/greyflon/lab_2025/install/two_wheeled_robot/share/two_wheeled_robot/models/mini_fridge\n'}
[0.574610] (two_wheeled_robot) StdoutLine: {'line': b'-- Up-to-date: /home/greyflon/lab_2025/install/two_wheeled_robot/share/two_wheeled_robot/models/mini_fridge/model.config\n'}
[0.574698] (two_wheeled_robot) StdoutLine: {'line': b'-- Up-to-date: /home/greyflon/lab_2025/install/two_wheeled_robot/share/two_wheeled_robot/models/mini_fridge/meshes\n'}
[0.574759] (two_wheeled_robot) StdoutLine: {'line': b'-- Up-to-date: /home/greyflon/lab_2025/install/two_wheeled_robot/share/two_wheeled_robot/models/mini_fridge/meshes/mini_fridge.obj\n'}
[0.574818] (two_wheeled_robot) StdoutLine: {'line': b'-- Up-to-date: /home/greyflon/lab_2025/install/two_wheeled_robot/share/two_wheeled_robot/models/mini_fridge/meshes/mini_fridge.mtl\n'}
[0.574878] (two_wheeled_robot) StdoutLine: {'line': b'-- Up-to-date: /home/greyflon/lab_2025/install/two_wheeled_robot/share/two_wheeled_robot/models/mini_fridge/materials\n'}
[0.574939] (two_wheeled_robot) StdoutLine: {'line': b'-- Up-to-date: /home/greyflon/lab_2025/install/two_wheeled_robot/share/two_wheeled_robot/models/mini_fridge/materials/textures\n'}
[0.574999] (two_wheeled_robot) StdoutLine: {'line': b'-- Up-to-date: /home/greyflon/lab_2025/install/two_wheeled_robot/share/two_wheeled_robot/models/mini_fridge/materials/textures/mini_fridge.png\n'}
[0.575058] (two_wheeled_robot) StdoutLine: {'line': b'-- Up-to-date: /home/greyflon/lab_2025/install/two_wheeled_robot/share/two_wheeled_robot/models/mini_fridge/model.sdf\n'}
[0.575118] (two_wheeled_robot) StdoutLine: {'line': b'-- Up-to-date: /home/greyflon/lab_2025/install/two_wheeled_robot/share/two_wheeled_robot/models/aws_robomaker_warehouse_Lamp_01\n'}
[0.575178] (two_wheeled_robot) StdoutLine: {'line': b'-- Up-to-date: /home/greyflon/lab_2025/install/two_wheeled_robot/share/two_wheeled_robot/models/aws_robomaker_warehouse_Lamp_01/model.config\n'}
[0.575237] (two_wheeled_robot) StdoutLine: {'line': b'-- Up-to-date: /home/greyflon/lab_2025/install/two_wheeled_robot/share/two_wheeled_robot/models/aws_robomaker_warehouse_Lamp_01/meshes\n'}
[0.575303] (two_wheeled_robot) StdoutLine: {'line': b'-- Up-to-date: /home/greyflon/lab_2025/install/two_wheeled_robot/share/two_wheeled_robot/models/aws_robomaker_warehouse_Lamp_01/meshes/aws_robomaker_warehouse_Lamp_01_visual.DAE\n'}
[0.575363] (two_wheeled_robot) StdoutLine: {'line': b'-- Up-to-date: /home/greyflon/lab_2025/install/two_wheeled_robot/share/two_wheeled_robot/models/aws_robomaker_warehouse_Lamp_01/meshes/aws_robomaker_warehouse_Lamp_01_collision.DAE\n'}
[0.575422] (two_wheeled_robot) StdoutLine: {'line': b'-- Up-to-date: /home/greyflon/lab_2025/install/two_wheeled_robot/share/two_wheeled_robot/models/aws_robomaker_warehouse_Lamp_01/materials\n'}
[0.575483] (two_wheeled_robot) StdoutLine: {'line': b'-- Up-to-date: /home/greyflon/lab_2025/install/two_wheeled_robot/share/two_wheeled_robot/models/aws_robomaker_warehouse_Lamp_01/materials/textures\n'}
[0.575544] (two_wheeled_robot) StdoutLine: {'line': b'-- Up-to-date: /home/greyflon/lab_2025/install/two_wheeled_robot/share/two_wheeled_robot/models/aws_robomaker_warehouse_Lamp_01/materials/textures/aws_robomaker_warehouse_Lamp_01.png\n'}
[0.575616] (two_wheeled_robot) StdoutLine: {'line': b'-- Up-to-date: /home/greyflon/lab_2025/install/two_wheeled_robot/share/two_wheeled_robot/models/aws_robomaker_warehouse_Lamp_01/model.sdf\n'}
[0.575684] (two_wheeled_robot) StdoutLine: {'line': b'-- Up-to-date: /home/greyflon/lab_2025/install/two_wheeled_robot/share/two_wheeled_robot/models/box_target_green\n'}
[0.575744] (two_wheeled_robot) StdoutLine: {'line': b'-- Up-to-date: /home/greyflon/lab_2025/install/two_wheeled_robot/share/two_wheeled_robot/models/box_target_green/model.config\n'}
[0.575805] (two_wheeled_robot) StdoutLine: {'line': b'-- Up-to-date: /home/greyflon/lab_2025/install/two_wheeled_robot/share/two_wheeled_robot/models/box_target_green/meshes\n'}
[0.575865] (two_wheeled_robot) StdoutLine: {'line': b'-- Up-to-date: /home/greyflon/lab_2025/install/two_wheeled_robot/share/two_wheeled_robot/models/box_target_green/meshes/mesh.dae\n'}
[0.575924] (two_wheeled_robot) StdoutLine: {'line': b'-- Up-to-date: /home/greyflon/lab_2025/install/two_wheeled_robot/share/two_wheeled_robot/models/box_target_green/materials\n'}
[0.575984] (two_wheeled_robot) StdoutLine: {'line': b'-- Up-to-date: /home/greyflon/lab_2025/install/two_wheeled_robot/share/two_wheeled_robot/models/box_target_green/materials/textures\n'}
[0.576045] (two_wheeled_robot) StdoutLine: {'line': b'-- Up-to-date: /home/greyflon/lab_2025/install/two_wheeled_robot/share/two_wheeled_robot/models/box_target_green/materials/textures/start_pad.png\n'}
[0.576110] (two_wheeled_robot) StdoutLine: {'line': b'-- Up-to-date: /home/greyflon/lab_2025/install/two_wheeled_robot/share/two_wheeled_robot/models/box_target_green/model.sdf\n'}
[0.576172] (two_wheeled_robot) StdoutLine: {'line': b'-- Up-to-date: /home/greyflon/lab_2025/install/two_wheeled_robot/share/two_wheeled_robot/models/aws_robomaker_hospital_hospitalsign_01\n'}
[0.576250] (two_wheeled_robot) StdoutLine: {'line': b'-- Up-to-date: /home/greyflon/lab_2025/install/two_wheeled_robot/share/two_wheeled_robot/models/aws_robomaker_hospital_hospitalsign_01/model.config\n'}
[0.576311] (two_wheeled_robot) StdoutLine: {'line': b'-- Up-to-date: /home/greyflon/lab_2025/install/two_wheeled_robot/share/two_wheeled_robot/models/aws_robomaker_hospital_hospitalsign_01/meshes\n'}
[0.576371] (two_wheeled_robot) StdoutLine: {'line': b'-- Up-to-date: /home/greyflon/lab_2025/install/two_wheeled_robot/share/two_wheeled_robot/models/aws_robomaker_hospital_hospitalsign_01/meshes/aws_robomaker_hospital_hospitalsign_01_visual.dae\n'}
[0.576431] (two_wheeled_robot) StdoutLine: {'line': b'-- Up-to-date: /home/greyflon/lab_2025/install/two_wheeled_robot/share/two_wheeled_robot/models/aws_robomaker_hospital_hospitalsign_01/meshes/aws_robomaker_hospital_hospitalsign_01_normal.png\n'}
[0.576492] (two_wheeled_robot) StdoutLine: {'line': b'-- Up-to-date: /home/greyflon/lab_2025/install/two_wheeled_robot/share/two_wheeled_robot/models/aws_robomaker_hospital_hospitalsign_01/meshes/aws_robomaker_hospital_hospitalsign_01.png\n'}
[0.576559] (two_wheeled_robot) StdoutLine: {'line': b'-- Up-to-date: /home/greyflon/lab_2025/install/two_wheeled_robot/share/two_wheeled_robot/models/aws_robomaker_hospital_hospitalsign_01/meshes/aws_robomaker_hospital_hospitalsign_01_collision.dae\n'}
[0.577557] (two_wheeled_robot) StdoutLine: {'line': b'-- Up-to-date: /home/greyflon/lab_2025/install/two_wheeled_robot/share/two_wheeled_robot/models/aws_robomaker_hospital_hospitalsign_01/model.sdf\n'}
[0.578158] (two_wheeled_robot) StdoutLine: {'line': b'-- Up-to-date: /home/greyflon/lab_2025/install/two_wheeled_robot/share/two_wheeled_robot/models/aws_robomaker_residential_ReadingDesk_01\n'}
[0.578224] (two_wheeled_robot) StdoutLine: {'line': b'-- Up-to-date: /home/greyflon/lab_2025/install/two_wheeled_robot/share/two_wheeled_robot/models/aws_robomaker_residential_ReadingDesk_01/model.config\n'}
[0.578285] (two_wheeled_robot) StdoutLine: {'line': b'-- Up-to-date: /home/greyflon/lab_2025/install/two_wheeled_robot/share/two_wheeled_robot/models/aws_robomaker_residential_ReadingDesk_01/meshes\n'}
[0.578344] (two_wheeled_robot) StdoutLine: {'line': b'-- Up-to-date: /home/greyflon/lab_2025/install/two_wheeled_robot/share/two_wheeled_robot/models/aws_robomaker_residential_ReadingDesk_01/meshes/aws_ReadingDesk_01_collision.DAE\n'}
[0.578405] (two_wheeled_robot) StdoutLine: {'line': b'-- Up-to-date: /home/greyflon/lab_2025/install/two_wheeled_robot/share/two_wheeled_robot/models/aws_robomaker_residential_ReadingDesk_01/meshes/aws_ReadingDesk_01_visual.DAE\n'}
[0.578465] (two_wheeled_robot) StdoutLine: {'line': b'-- Up-to-date: /home/greyflon/lab_2025/install/two_wheeled_robot/share/two_wheeled_robot/models/aws_robomaker_residential_ReadingDesk_01/materials\n'}
[0.578526] (two_wheeled_robot) StdoutLine: {'line': b'-- Up-to-date: /home/greyflon/lab_2025/install/two_wheeled_robot/share/two_wheeled_robot/models/aws_robomaker_residential_ReadingDesk_01/materials/textures\n'}
[0.578594] (two_wheeled_robot) StdoutLine: {'line': b'-- Up-to-date: /home/greyflon/lab_2025/install/two_wheeled_robot/share/two_wheeled_robot/models/aws_robomaker_residential_ReadingDesk_01/materials/textures/aws_ReadingDesk_01.png\n'}
[0.578839] (two_wheeled_robot) StdoutLine: {'line': b'-- Up-to-date: /home/greyflon/lab_2025/install/two_wheeled_robot/share/two_wheeled_robot/models/aws_robomaker_residential_ReadingDesk_01/model.sdf\n'}
[0.578903] (two_wheeled_robot) StdoutLine: {'line': b'-- Up-to-date: /home/greyflon/lab_2025/install/two_wheeled_robot/share/two_wheeled_robot/models/office_box\n'}
[0.578964] (two_wheeled_robot) StdoutLine: {'line': b'-- Up-to-date: /home/greyflon/lab_2025/install/two_wheeled_robot/share/two_wheeled_robot/models/office_box/model.config\n'}
[0.579024] (two_wheeled_robot) StdoutLine: {'line': b'-- Up-to-date: /home/greyflon/lab_2025/install/two_wheeled_robot/share/two_wheeled_robot/models/office_box/meshes\n'}
[0.579085] (two_wheeled_robot) StdoutLine: {'line': b'-- Up-to-date: /home/greyflon/lab_2025/install/two_wheeled_robot/share/two_wheeled_robot/models/office_box/meshes/office_box.dae\n'}
[0.579158] (two_wheeled_robot) StdoutLine: {'line': b'-- Up-to-date: /home/greyflon/lab_2025/install/two_wheeled_robot/share/two_wheeled_robot/models/office_box/materials\n'}
[0.579218] (two_wheeled_robot) StdoutLine: {'line': b'-- Up-to-date: /home/greyflon/lab_2025/install/two_wheeled_robot/share/two_wheeled_robot/models/office_box/materials/textures\n'}
[0.579279] (two_wheeled_robot) StdoutLine: {'line': b'-- Up-to-date: /home/greyflon/lab_2025/install/two_wheeled_robot/share/two_wheeled_robot/models/office_box/materials/textures/office_box.png\n'}
[0.579340] (two_wheeled_robot) StdoutLine: {'line': b'-- Up-to-date: /home/greyflon/lab_2025/install/two_wheeled_robot/share/two_wheeled_robot/models/office_box/model.sdf\n'}
[0.579441] (two_wheeled_robot) StdoutLine: {'line': b'-- Up-to-date: /home/greyflon/lab_2025/install/two_wheeled_robot/share/two_wheeled_robot/models/person_standing\n'}
[0.579513] (two_wheeled_robot) StdoutLine: {'line': b'-- Up-to-date: /home/greyflon/lab_2025/install/two_wheeled_robot/share/two_wheeled_robot/models/person_standing/model.config\n'}
[0.579574] (two_wheeled_robot) StdoutLine: {'line': b'-- Up-to-date: /home/greyflon/lab_2025/install/two_wheeled_robot/share/two_wheeled_robot/models/person_standing/meshes\n'}
[0.579649] (two_wheeled_robot) StdoutLine: {'line': b'-- Up-to-date: /home/greyflon/lab_2025/install/two_wheeled_robot/share/two_wheeled_robot/models/person_standing/meshes/standing.dae\n'}
[0.579724] (two_wheeled_robot) StdoutLine: {'line': b'-- Up-to-date: /home/greyflon/lab_2025/install/two_wheeled_robot/share/two_wheeled_robot/models/person_standing/materials\n'}
[0.579785] (two_wheeled_robot) StdoutLine: {'line': b'-- Up-to-date: /home/greyflon/lab_2025/install/two_wheeled_robot/share/two_wheeled_robot/models/person_standing/materials/textures\n'}
[0.579846] (two_wheeled_robot) StdoutLine: {'line': b'-- Up-to-date: /home/greyflon/lab_2025/install/two_wheeled_robot/share/two_wheeled_robot/models/person_standing/materials/textures/eyebrow001-unmodified.png\n'}
[0.579907] (two_wheeled_robot) StdoutLine: {'line': b'-- Up-to-date: /home/greyflon/lab_2025/install/two_wheeled_robot/share/two_wheeled_robot/models/person_standing/materials/textures/male02_diffuse_black-unmodified.png\n'}
[0.579967] (two_wheeled_robot) StdoutLine: {'line': b'-- Up-to-date: /home/greyflon/lab_2025/install/two_wheeled_robot/share/two_wheeled_robot/models/person_standing/materials/textures/green_eye.png\n'}
[0.580028] (two_wheeled_robot) StdoutLine: {'line': b'-- Up-to-date: /home/greyflon/lab_2025/install/two_wheeled_robot/share/two_wheeled_robot/models/person_standing/materials/textures/jeans_basic_diffuse.png\n'}
[0.580089] (two_wheeled_robot) StdoutLine: {'line': b'-- Up-to-date: /home/greyflon/lab_2025/install/two_wheeled_robot/share/two_wheeled_robot/models/person_standing/materials/textures/eyebrow001.png\n'}
[0.580149] (two_wheeled_robot) StdoutLine: {'line': b'-- Up-to-date: /home/greyflon/lab_2025/install/two_wheeled_robot/share/two_wheeled_robot/models/person_standing/materials/textures/tshirt02_normals.png\n'}
[0.580210] (two_wheeled_robot) StdoutLine: {'line': b'-- Up-to-date: /home/greyflon/lab_2025/install/two_wheeled_robot/share/two_wheeled_robot/models/person_standing/materials/textures/jeans01_normals.png\n'}
[0.580270] (two_wheeled_robot) StdoutLine: {'line': b'-- Up-to-date: /home/greyflon/lab_2025/install/two_wheeled_robot/share/two_wheeled_robot/models/person_standing/materials/textures/male02_diffuse_black.png\n'}
[0.580330] (two_wheeled_robot) StdoutLine: {'line': b'-- Up-to-date: /home/greyflon/lab_2025/install/two_wheeled_robot/share/two_wheeled_robot/models/person_standing/materials/textures/young_lightskinned_male_diffuse.png\n'}
[0.580390] (two_wheeled_robot) StdoutLine: {'line': b'-- Up-to-date: /home/greyflon/lab_2025/install/two_wheeled_robot/share/two_wheeled_robot/models/person_standing/materials/textures/teeth.png\n'}
[0.580450] (two_wheeled_robot) StdoutLine: {'line': b'-- Up-to-date: /home/greyflon/lab_2025/install/two_wheeled_robot/share/two_wheeled_robot/models/person_standing/materials/textures/tshirt02_texture.png\n'}
[0.580511] (two_wheeled_robot) StdoutLine: {'line': b'-- Up-to-date: /home/greyflon/lab_2025/install/two_wheeled_robot/share/two_wheeled_robot/models/person_standing/model.sdf\n'}
[0.580571] (two_wheeled_robot) StdoutLine: {'line': b'-- Up-to-date: /home/greyflon/lab_2025/install/two_wheeled_robot/share/two_wheeled_robot/models/marker11\n'}
[0.580663] (two_wheeled_robot) StdoutLine: {'line': b'-- Up-to-date: /home/greyflon/lab_2025/install/two_wheeled_robot/share/two_wheeled_robot/models/marker11/model.config~.xml\n'}
[0.580727] (two_wheeled_robot) StdoutLine: {'line': b'-- Up-to-date: /home/greyflon/lab_2025/install/two_wheeled_robot/share/two_wheeled_robot/models/marker11/model.sdf~\n'}
[0.580787] (two_wheeled_robot) StdoutLine: {'line': b'-- Up-to-date: /home/greyflon/lab_2025/install/two_wheeled_robot/share/two_wheeled_robot/models/marker11/model-1_4.sdf\n'}
[0.580853] (two_wheeled_robot) StdoutLine: {'line': b'-- Up-to-date: /home/greyflon/lab_2025/install/two_wheeled_robot/share/two_wheeled_robot/models/marker11/model.config\n'}
[0.580914] (two_wheeled_robot) StdoutLine: {'line': b'-- Up-to-date: /home/greyflon/lab_2025/install/two_wheeled_robot/share/two_wheeled_robot/models/marker11/meshes\n'}
[0.580974] (two_wheeled_robot) StdoutLine: {'line': b'-- Up-to-date: /home/greyflon/lab_2025/install/two_wheeled_robot/share/two_wheeled_robot/models/marker11/meshes/Marker0.dae\n'}
[0.581034] (two_wheeled_robot) StdoutLine: {'line': b'-- Up-to-date: /home/greyflon/lab_2025/install/two_wheeled_robot/share/two_wheeled_robot/models/marker11/materials\n'}
[0.581095] (two_wheeled_robot) StdoutLine: {'line': b'-- Up-to-date: /home/greyflon/lab_2025/install/two_wheeled_robot/share/two_wheeled_robot/models/marker11/materials/textures\n'}
[0.581155] (two_wheeled_robot) StdoutLine: {'line': b'-- Up-to-date: /home/greyflon/lab_2025/install/two_wheeled_robot/share/two_wheeled_robot/models/marker11/materials/textures/BKP_Marker0.png\n'}
[0.581215] (two_wheeled_robot) StdoutLine: {'line': b'-- Up-to-date: /home/greyflon/lab_2025/install/two_wheeled_robot/share/two_wheeled_robot/models/marker11/materials/textures/Marker0.png\n'}
[0.581281] (two_wheeled_robot) StdoutLine: {'line': b'-- Up-to-date: /home/greyflon/lab_2025/install/two_wheeled_robot/share/two_wheeled_robot/models/marker11/model.sdf\n'}
[0.581342] (two_wheeled_robot) StdoutLine: {'line': b'-- Up-to-date: /home/greyflon/lab_2025/install/two_wheeled_robot/share/two_wheeled_robot/models/marker11/model-1_5.sdf~\n'}
[0.581401] (two_wheeled_robot) StdoutLine: {'line': b'-- Up-to-date: /home/greyflon/lab_2025/install/two_wheeled_robot/share/two_wheeled_robot/models/marker11/model-1_5.sdf\n'}
[0.581461] (two_wheeled_robot) StdoutLine: {'line': b'-- Up-to-date: /home/greyflon/lab_2025/install/two_wheeled_robot/share/two_wheeled_robot/models/marker11/model-1_4.sdf~\n'}
[0.581521] (two_wheeled_robot) StdoutLine: {'line': b'-- Up-to-date: /home/greyflon/lab_2025/install/two_wheeled_robot/share/two_wheeled_robot/models/yellow_target\n'}
[0.581580] (two_wheeled_robot) StdoutLine: {'line': b'-- Up-to-date: /home/greyflon/lab_2025/install/two_wheeled_robot/share/two_wheeled_robot/models/yellow_target/model.config\n'}
[0.581667] (two_wheeled_robot) StdoutLine: {'line': b'-- Up-to-date: /home/greyflon/lab_2025/install/two_wheeled_robot/share/two_wheeled_robot/models/yellow_target/meshes\n'}
[0.581729] (two_wheeled_robot) StdoutLine: {'line': b'-- Up-to-date: /home/greyflon/lab_2025/install/two_wheeled_robot/share/two_wheeled_robot/models/yellow_target/meshes/yellow_target.dae\n'}
[0.581789] (two_wheeled_robot) StdoutLine: {'line': b'-- Up-to-date: /home/greyflon/lab_2025/install/two_wheeled_robot/share/two_wheeled_robot/models/yellow_target/model.sdf\n'}
[0.581850] (two_wheeled_robot) StdoutLine: {'line': b'-- Up-to-date: /home/greyflon/lab_2025/install/two_wheeled_robot/share/two_wheeled_robot/models/coffee_maker\n'}
[0.581910] (two_wheeled_robot) StdoutLine: {'line': b'-- Up-to-date: /home/greyflon/lab_2025/install/two_wheeled_robot/share/two_wheeled_robot/models/coffee_maker/model.config\n'}
[0.581969] (two_wheeled_robot) StdoutLine: {'line': b'-- Up-to-date: /home/greyflon/lab_2025/install/two_wheeled_robot/share/two_wheeled_robot/models/coffee_maker/meshes\n'}
[0.582029] (two_wheeled_robot) StdoutLine: {'line': b'-- Up-to-date: /home/greyflon/lab_2025/install/two_wheeled_robot/share/two_wheeled_robot/models/coffee_maker/meshes/coffee_maker.mtl\n'}
[0.582090] (two_wheeled_robot) StdoutLine: {'line': b'-- Up-to-date: /home/greyflon/lab_2025/install/two_wheeled_robot/share/two_wheeled_robot/models/coffee_maker/meshes/coffee_maker.obj\n'}
[0.582149] (two_wheeled_robot) StdoutLine: {'line': b'-- Up-to-date: /home/greyflon/lab_2025/install/two_wheeled_robot/share/two_wheeled_robot/models/coffee_maker/materials\n'}
[0.582209] (two_wheeled_robot) StdoutLine: {'line': b'-- Up-to-date: /home/greyflon/lab_2025/install/two_wheeled_robot/share/two_wheeled_robot/models/coffee_maker/materials/textures\n'}
[0.582276] (two_wheeled_robot) StdoutLine: {'line': b'-- Up-to-date: /home/greyflon/lab_2025/install/two_wheeled_robot/share/two_wheeled_robot/models/coffee_maker/materials/textures/coffee_maker.png\n'}
[0.582336] (two_wheeled_robot) StdoutLine: {'line': b'-- Up-to-date: /home/greyflon/lab_2025/install/two_wheeled_robot/share/two_wheeled_robot/models/coffee_maker/model.sdf\n'}
[0.582396] (two_wheeled_robot) StdoutLine: {'line': b'-- Up-to-date: /home/greyflon/lab_2025/install/two_wheeled_robot/share/two_wheeled_robot/models/two_wheeled_robot_description\n'}
[0.582455] (two_wheeled_robot) StdoutLine: {'line': b'-- Up-to-date: /home/greyflon/lab_2025/install/two_wheeled_robot/share/two_wheeled_robot/models/two_wheeled_robot_description/model.config\n'}
[0.582515] (two_wheeled_robot) StdoutLine: {'line': b'-- Up-to-date: /home/greyflon/lab_2025/install/two_wheeled_robot/share/two_wheeled_robot/models/two_wheeled_robot_description/meshes\n'}
[0.582575] (two_wheeled_robot) StdoutLine: {'line': b'-- Up-to-date: /home/greyflon/lab_2025/install/two_wheeled_robot/share/two_wheeled_robot/models/two_wheeled_robot_description/meshes/elbow.stl\n'}
[0.582687] (two_wheeled_robot) StdoutLine: {'line': b'-- Up-to-date: /home/greyflon/lab_2025/install/two_wheeled_robot/share/two_wheeled_robot/models/two_wheeled_robot_description/meshes/bicep.stl\n'}
[0.582757] (two_wheeled_robot) StdoutLine: {'line': b'-- Up-to-date: /home/greyflon/lab_2025/install/two_wheeled_robot/share/two_wheeled_robot/models/two_wheeled_robot_description/meshes/robot_base.stl\n'}
[0.582816] (two_wheeled_robot) StdoutLine: {'line': b'-- Up-to-date: /home/greyflon/lab_2025/install/two_wheeled_robot/share/two_wheeled_robot/models/two_wheeled_robot_description/meshes/wrist.stl\n'}
[0.582877] (two_wheeled_robot) StdoutLine: {'line': b'-- Up-to-date: /home/greyflon/lab_2025/install/two_wheeled_robot/share/two_wheeled_robot/models/two_wheeled_robot_description/meshes/wheel.stl\n'}
[0.582937] (two_wheeled_robot) StdoutLine: {'line': b'-- Up-to-date: /home/greyflon/lab_2025/install/two_wheeled_robot/share/two_wheeled_robot/models/two_wheeled_robot_description/meshes/arm_base.stl\n'}
[0.582997] (two_wheeled_robot) StdoutLine: {'line': b'-- Up-to-date: /home/greyflon/lab_2025/install/two_wheeled_robot/share/two_wheeled_robot/models/two_wheeled_robot_description/model.sdf\n'}
[0.583057] (two_wheeled_robot) StdoutLine: {'line': b'-- Up-to-date: /home/greyflon/lab_2025/install/two_wheeled_robot/share/two_wheeled_robot/models/grey_wall\n'}
[0.583116] (two_wheeled_robot) StdoutLine: {'line': b'-- Up-to-date: /home/greyflon/lab_2025/install/two_wheeled_robot/share/two_wheeled_robot/models/grey_wall/model-1_4.sdf\n'}
[0.583182] (two_wheeled_robot) StdoutLine: {'line': b'-- Up-to-date: /home/greyflon/lab_2025/install/two_wheeled_robot/share/two_wheeled_robot/models/grey_wall/model.config\n'}
[0.583243] (two_wheeled_robot) StdoutLine: {'line': b'-- Up-to-date: /home/greyflon/lab_2025/install/two_wheeled_robot/share/two_wheeled_robot/models/grey_wall/materials\n'}
[0.583303] (two_wheeled_robot) StdoutLine: {'line': b'-- Up-to-date: /home/greyflon/lab_2025/install/two_wheeled_robot/share/two_wheeled_robot/models/grey_wall/materials/scripts\n'}
[0.583362] (two_wheeled_robot) StdoutLine: {'line': b'-- Up-to-date: /home/greyflon/lab_2025/install/two_wheeled_robot/share/two_wheeled_robot/models/grey_wall/materials/scripts/grey_wall.material\n'}
[0.583421] (two_wheeled_robot) StdoutLine: {'line': b'-- Up-to-date: /home/greyflon/lab_2025/install/two_wheeled_robot/share/two_wheeled_robot/models/grey_wall/materials/textures\n'}
[0.583480] (two_wheeled_robot) StdoutLine: {'line': b'-- Up-to-date: /home/greyflon/lab_2025/install/two_wheeled_robot/share/two_wheeled_robot/models/grey_wall/materials/textures/grey_wall.png\n'}
[0.583541] (two_wheeled_robot) StdoutLine: {'line': b'-- Up-to-date: /home/greyflon/lab_2025/install/two_wheeled_robot/share/two_wheeled_robot/models/grey_wall/model.sdf\n'}
[0.583670] (two_wheeled_robot) StdoutLine: {'line': b'-- Up-to-date: /home/greyflon/lab_2025/install/two_wheeled_robot/share/two_wheeled_robot/models/grey_wall/model-1_3.sdf\n'}
[0.583783] (two_wheeled_robot) StdoutLine: {'line': b'-- Up-to-date: /home/greyflon/lab_2025/install/two_wheeled_robot/share/two_wheeled_robot/models/iris_with_standoffs_demo\n'}
[0.583849] (two_wheeled_robot) StdoutLine: {'line': b'-- Up-to-date: /home/greyflon/lab_2025/install/two_wheeled_robot/share/two_wheeled_robot/models/iris_with_standoffs_demo/model.config\n'}
[0.583909] (two_wheeled_robot) StdoutLine: {'line': b'-- Up-to-date: /home/greyflon/lab_2025/install/two_wheeled_robot/share/two_wheeled_robot/models/iris_with_standoffs_demo/model.sdf\n'}
[0.583970] (two_wheeled_robot) StdoutLine: {'line': b'-- Up-to-date: /home/greyflon/lab_2025/install/two_wheeled_robot/share/two_wheeled_robot/models/office_table\n'}
[0.584030] (two_wheeled_robot) StdoutLine: {'line': b'-- Up-to-date: /home/greyflon/lab_2025/install/two_wheeled_robot/share/two_wheeled_robot/models/office_table/model.config\n'}
[0.584090] (two_wheeled_robot) StdoutLine: {'line': b'-- Up-to-date: /home/greyflon/lab_2025/install/two_wheeled_robot/share/two_wheeled_robot/models/office_table/meshes\n'}
[0.584149] (two_wheeled_robot) StdoutLine: {'line': b'-- Up-to-date: /home/greyflon/lab_2025/install/two_wheeled_robot/share/two_wheeled_robot/models/office_table/meshes/office_table.dae\n'}
[0.584209] (two_wheeled_robot) StdoutLine: {'line': b'-- Up-to-date: /home/greyflon/lab_2025/install/two_wheeled_robot/share/two_wheeled_robot/models/office_table/materials\n'}
[0.584268] (two_wheeled_robot) StdoutLine: {'line': b'-- Up-to-date: /home/greyflon/lab_2025/install/two_wheeled_robot/share/two_wheeled_robot/models/office_table/materials/textures\n'}
[0.584328] (two_wheeled_robot) StdoutLine: {'line': b'-- Up-to-date: /home/greyflon/lab_2025/install/two_wheeled_robot/share/two_wheeled_robot/models/office_table/materials/textures/office_table_diffuse.png\n'}
[0.584388] (two_wheeled_robot) StdoutLine: {'line': b'-- Up-to-date: /home/greyflon/lab_2025/install/two_wheeled_robot/share/two_wheeled_robot/models/office_table/materials/textures/office_table_specular.png\n'}
[0.584449] (two_wheeled_robot) StdoutLine: {'line': b'-- Up-to-date: /home/greyflon/lab_2025/install/two_wheeled_robot/share/two_wheeled_robot/models/office_table/model.sdf\n'}
[0.584509] (two_wheeled_robot) StdoutLine: {'line': b'-- Up-to-date: /home/greyflon/lab_2025/install/two_wheeled_robot/share/two_wheeled_robot/models/aws_robomaker_warehouse_ShelfE_01\n'}
[0.584569] (two_wheeled_robot) StdoutLine: {'line': b'-- Up-to-date: /home/greyflon/lab_2025/install/two_wheeled_robot/share/two_wheeled_robot/models/aws_robomaker_warehouse_ShelfE_01/model.config\n'}
[0.584687] (two_wheeled_robot) StdoutLine: {'line': b'-- Up-to-date: /home/greyflon/lab_2025/install/two_wheeled_robot/share/two_wheeled_robot/models/aws_robomaker_warehouse_ShelfE_01/meshes\n'}
[0.584751] (two_wheeled_robot) StdoutLine: {'line': b'-- Up-to-date: /home/greyflon/lab_2025/install/two_wheeled_robot/share/two_wheeled_robot/models/aws_robomaker_warehouse_ShelfE_01/meshes/aws_robomaker_warehouse_ShelfE_01_visual.DAE\n'}
[0.584811] (two_wheeled_robot) StdoutLine: {'line': b'-- Up-to-date: /home/greyflon/lab_2025/install/two_wheeled_robot/share/two_wheeled_robot/models/aws_robomaker_warehouse_ShelfE_01/meshes/aws_robomaker_warehouse_ShelfE_01_collision.DAE\n'}
[0.584870] (two_wheeled_robot) StdoutLine: {'line': b'-- Up-to-date: /home/greyflon/lab_2025/install/two_wheeled_robot/share/two_wheeled_robot/models/aws_robomaker_warehouse_ShelfE_01/materials\n'}
[0.584930] (two_wheeled_robot) StdoutLine: {'line': b'-- Up-to-date: /home/greyflon/lab_2025/install/two_wheeled_robot/share/two_wheeled_robot/models/aws_robomaker_warehouse_ShelfE_01/materials/textures\n'}
[0.584990] (two_wheeled_robot) StdoutLine: {'line': b'-- Up-to-date: /home/greyflon/lab_2025/install/two_wheeled_robot/share/two_wheeled_robot/models/aws_robomaker_warehouse_ShelfE_01/materials/textures/aws_robomaker_warehouse_ShelfE_04.png\n'}
[0.585061] (two_wheeled_robot) StdoutLine: {'line': b'-- Up-to-date: /home/greyflon/lab_2025/install/two_wheeled_robot/share/two_wheeled_robot/models/aws_robomaker_warehouse_ShelfE_01/materials/textures/aws_robomaker_warehouse_ShelfE_01.png\n'}
[0.585135] (two_wheeled_robot) StdoutLine: {'line': b'-- Up-to-date: /home/greyflon/lab_2025/install/two_wheeled_robot/share/two_wheeled_robot/models/aws_robomaker_warehouse_ShelfE_01/materials/textures/aws_robomaker_warehouse_ShelfE_02.png\n'}
[0.585196] (two_wheeled_robot) StdoutLine: {'line': b'-- Up-to-date: /home/greyflon/lab_2025/install/two_wheeled_robot/share/two_wheeled_robot/models/aws_robomaker_warehouse_ShelfE_01/materials/textures/aws_robomaker_warehouse_ShelfE_03.png\n'}
[0.585255] (two_wheeled_robot) StdoutLine: {'line': b'-- Up-to-date: /home/greyflon/lab_2025/install/two_wheeled_robot/share/two_wheeled_robot/models/aws_robomaker_warehouse_ShelfE_01/model.sdf\n'}
[0.585315] (two_wheeled_robot) StdoutLine: {'line': b'-- Up-to-date: /home/greyflon/lab_2025/install/two_wheeled_robot/share/two_wheeled_robot/models/aws_robomaker_residential_ShoeRack_01\n'}
[0.585374] (two_wheeled_robot) StdoutLine: {'line': b'-- Up-to-date: /home/greyflon/lab_2025/install/two_wheeled_robot/share/two_wheeled_robot/models/aws_robomaker_residential_ShoeRack_01/model.config\n'}
[0.585434] (two_wheeled_robot) StdoutLine: {'line': b'-- Up-to-date: /home/greyflon/lab_2025/install/two_wheeled_robot/share/two_wheeled_robot/models/aws_robomaker_residential_ShoeRack_01/meshes\n'}
[0.585494] (two_wheeled_robot) StdoutLine: {'line': b'-- Up-to-date: /home/greyflon/lab_2025/install/two_wheeled_robot/share/two_wheeled_robot/models/aws_robomaker_residential_ShoeRack_01/meshes/aws_ShoeRack_01_visual.DAE\n'}
[0.585569] (two_wheeled_robot) StdoutLine: {'line': b'-- Up-to-date: /home/greyflon/lab_2025/install/two_wheeled_robot/share/two_wheeled_robot/models/aws_robomaker_residential_ShoeRack_01/meshes/aws_ShoeRack_01_collision.DAE\n'}
[0.585683] (two_wheeled_robot) StdoutLine: {'line': b'-- Up-to-date: /home/greyflon/lab_2025/install/two_wheeled_robot/share/two_wheeled_robot/models/aws_robomaker_residential_ShoeRack_01/materials\n'}
[0.585747] (two_wheeled_robot) StdoutLine: {'line': b'-- Up-to-date: /home/greyflon/lab_2025/install/two_wheeled_robot/share/two_wheeled_robot/models/aws_robomaker_residential_ShoeRack_01/materials/textures\n'}
[0.585807] (two_wheeled_robot) StdoutLine: {'line': b'-- Up-to-date: /home/greyflon/lab_2025/install/two_wheeled_robot/share/two_wheeled_robot/models/aws_robomaker_residential_ShoeRack_01/materials/textures/aws_ShoeRack_01.png\n'}
[0.585867] (two_wheeled_robot) StdoutLine: {'line': b'-- Up-to-date: /home/greyflon/lab_2025/install/two_wheeled_robot/share/two_wheeled_robot/models/aws_robomaker_residential_ShoeRack_01/model.sdf\n'}
[0.585927] (two_wheeled_robot) StdoutLine: {'line': b'-- Up-to-date: /home/greyflon/lab_2025/install/two_wheeled_robot/share/two_wheeled_robot/models/aws_robomaker_residential_HouseWallB_01\n'}
[0.585986] (two_wheeled_robot) StdoutLine: {'line': b'-- Up-to-date: /home/greyflon/lab_2025/install/two_wheeled_robot/share/two_wheeled_robot/models/aws_robomaker_residential_HouseWallB_01/model.config\n'}
[0.586046] (two_wheeled_robot) StdoutLine: {'line': b'-- Up-to-date: /home/greyflon/lab_2025/install/two_wheeled_robot/share/two_wheeled_robot/models/aws_robomaker_residential_HouseWallB_01/meshes\n'}
[0.586106] (two_wheeled_robot) StdoutLine: {'line': b'-- Up-to-date: /home/greyflon/lab_2025/install/two_wheeled_robot/share/two_wheeled_robot/models/aws_robomaker_residential_HouseWallB_01/meshes/aws_HouseWallB_01_collision.DAE\n'}
[0.586165] (two_wheeled_robot) StdoutLine: {'line': b'-- Up-to-date: /home/greyflon/lab_2025/install/two_wheeled_robot/share/two_wheeled_robot/models/aws_robomaker_residential_HouseWallB_01/meshes/aws_HouseWallB_01_visual.DAE\n'}
[0.586225] (two_wheeled_robot) StdoutLine: {'line': b'-- Up-to-date: /home/greyflon/lab_2025/install/two_wheeled_robot/share/two_wheeled_robot/models/aws_robomaker_residential_HouseWallB_01/materials\n'}
[0.586291] (two_wheeled_robot) StdoutLine: {'line': b'-- Up-to-date: /home/greyflon/lab_2025/install/two_wheeled_robot/share/two_wheeled_robot/models/aws_robomaker_residential_HouseWallB_01/materials/textures\n'}
[0.586352] (two_wheeled_robot) StdoutLine: {'line': b'-- Up-to-date: /home/greyflon/lab_2025/install/two_wheeled_robot/share/two_wheeled_robot/models/aws_robomaker_residential_HouseWallB_01/materials/textures/aws_HouseWallB_01.png\n'}
[0.586412] (two_wheeled_robot) StdoutLine: {'line': b'-- Up-to-date: /home/greyflon/lab_2025/install/two_wheeled_robot/share/two_wheeled_robot/models/aws_robomaker_residential_HouseWallB_01/model.sdf\n'}
[0.586472] (two_wheeled_robot) StdoutLine: {'line': b'-- Up-to-date: /home/greyflon/lab_2025/install/two_wheeled_robot/share/two_wheeled_robot/models/ElderMalePatient\n'}
[0.586532] (two_wheeled_robot) StdoutLine: {'line': b'-- Up-to-date: /home/greyflon/lab_2025/install/two_wheeled_robot/share/two_wheeled_robot/models/ElderMalePatient/model.config\n'}
[0.586601] (two_wheeled_robot) StdoutLine: {'line': b'-- Up-to-date: /home/greyflon/lab_2025/install/two_wheeled_robot/share/two_wheeled_robot/models/ElderMalePatient/meshes\n'}
[0.586711] (two_wheeled_robot) StdoutLine: {'line': b'-- Up-to-date: /home/greyflon/lab_2025/install/two_wheeled_robot/share/two_wheeled_robot/models/ElderMalePatient/meshes/Carts_Wheels_Diffuse.png\n'}
[0.586779] (two_wheeled_robot) StdoutLine: {'line': b'-- Up-to-date: /home/greyflon/lab_2025/install/two_wheeled_robot/share/two_wheeled_robot/models/ElderMalePatient/meshes/ElderMalePatient.obj\n'}
[0.586840] (two_wheeled_robot) StdoutLine: {'line': b'-- Up-to-date: /home/greyflon/lab_2025/install/two_wheeled_robot/share/two_wheeled_robot/models/ElderMalePatient/meshes/ElderMale_color1.jpg\n'}
[0.586900] (two_wheeled_robot) StdoutLine: {'line': b'-- Up-to-date: /home/greyflon/lab_2025/install/two_wheeled_robot/share/two_wheeled_robot/models/ElderMalePatient/meshes/ElderMalePatient.mtl\n'}
[0.586960] (two_wheeled_robot) StdoutLine: {'line': b'-- Up-to-date: /home/greyflon/lab_2025/install/two_wheeled_robot/share/two_wheeled_robot/models/ElderMalePatient/meshes/towel1.jpg\n'}
[0.587020] (two_wheeled_robot) StdoutLine: {'line': b'-- Up-to-date: /home/greyflon/lab_2025/install/two_wheeled_robot/share/two_wheeled_robot/models/ElderMalePatient/meshes/CGMVanguard_Diffuse.png\n'}
[0.587079] (two_wheeled_robot) StdoutLine: {'line': b'-- Up-to-date: /home/greyflon/lab_2025/install/two_wheeled_robot/share/two_wheeled_robot/models/ElderMalePatient/thumbnails\n'}
[0.587139] (two_wheeled_robot) StdoutLine: {'line': b'-- Up-to-date: /home/greyflon/lab_2025/install/two_wheeled_robot/share/two_wheeled_robot/models/ElderMalePatient/thumbnails/5.png\n'}
[0.587198] (two_wheeled_robot) StdoutLine: {'line': b'-- Up-to-date: /home/greyflon/lab_2025/install/two_wheeled_robot/share/two_wheeled_robot/models/ElderMalePatient/thumbnails/1.png\n'}
[0.587258] (two_wheeled_robot) StdoutLine: {'line': b'-- Up-to-date: /home/greyflon/lab_2025/install/two_wheeled_robot/share/two_wheeled_robot/models/ElderMalePatient/thumbnails/2.png\n'}
[0.587319] (two_wheeled_robot) StdoutLine: {'line': b'-- Up-to-date: /home/greyflon/lab_2025/install/two_wheeled_robot/share/two_wheeled_robot/models/ElderMalePatient/thumbnails/4.png\n'}
[0.587426] (two_wheeled_robot) StdoutLine: {'line': b'-- Up-to-date: /home/greyflon/lab_2025/install/two_wheeled_robot/share/two_wheeled_robot/models/ElderMalePatient/thumbnails/3.png\n'}
[0.587492] (two_wheeled_robot) StdoutLine: {'line': b'-- Up-to-date: /home/greyflon/lab_2025/install/two_wheeled_robot/share/two_wheeled_robot/models/ElderMalePatient/model.sdf\n'}
[0.587553] (two_wheeled_robot) StdoutLine: {'line': b'-- Up-to-date: /home/greyflon/lab_2025/install/two_wheeled_robot/share/two_wheeled_robot/models/StorageRack\n'}
[0.587666] (two_wheeled_robot) StdoutLine: {'line': b'-- Up-to-date: /home/greyflon/lab_2025/install/two_wheeled_robot/share/two_wheeled_robot/models/StorageRack/model.config\n'}
[0.587736] (two_wheeled_robot) StdoutLine: {'line': b'-- Up-to-date: /home/greyflon/lab_2025/install/two_wheeled_robot/share/two_wheeled_robot/models/StorageRack/meshes\n'}
[0.587796] (two_wheeled_robot) StdoutLine: {'line': b'-- Up-to-date: /home/greyflon/lab_2025/install/two_wheeled_robot/share/two_wheeled_robot/models/StorageRack/meshes/StorageRack.obj\n'}
[0.587856] (two_wheeled_robot) StdoutLine: {'line': b'-- Up-to-date: /home/greyflon/lab_2025/install/two_wheeled_robot/share/two_wheeled_robot/models/StorageRack/meshes/StorageRack.mtl\n'}
[0.587915] (two_wheeled_robot) StdoutLine: {'line': b'-- Up-to-date: /home/greyflon/lab_2025/install/two_wheeled_robot/share/two_wheeled_robot/models/StorageRack/meshes/StorageRack.png\n'}
[0.587975] (two_wheeled_robot) StdoutLine: {'line': b'-- Up-to-date: /home/greyflon/lab_2025/install/two_wheeled_robot/share/two_wheeled_robot/models/StorageRack/thumbnails\n'}
[0.588034] (two_wheeled_robot) StdoutLine: {'line': b'-- Up-to-date: /home/greyflon/lab_2025/install/two_wheeled_robot/share/two_wheeled_robot/models/StorageRack/thumbnails/5.png\n'}
[0.588094] (two_wheeled_robot) StdoutLine: {'line': b'-- Up-to-date: /home/greyflon/lab_2025/install/two_wheeled_robot/share/two_wheeled_robot/models/StorageRack/thumbnails/1.png\n'}
[0.588154] (two_wheeled_robot) StdoutLine: {'line': b'-- Up-to-date: /home/greyflon/lab_2025/install/two_wheeled_robot/share/two_wheeled_robot/models/StorageRack/thumbnails/2.png\n'}
[0.588213] (two_wheeled_robot) StdoutLine: {'line': b'-- Up-to-date: /home/greyflon/lab_2025/install/two_wheeled_robot/share/two_wheeled_robot/models/StorageRack/thumbnails/4.png\n'}
[0.588273] (two_wheeled_robot) StdoutLine: {'line': b'-- Up-to-date: /home/greyflon/lab_2025/install/two_wheeled_robot/share/two_wheeled_robot/models/StorageRack/thumbnails/3.png\n'}
[0.588333] (two_wheeled_robot) StdoutLine: {'line': b'-- Up-to-date: /home/greyflon/lab_2025/install/two_wheeled_robot/share/two_wheeled_robot/models/StorageRack/model.sdf\n'}
[0.588392] (two_wheeled_robot) StdoutLine: {'line': b'-- Up-to-date: /home/greyflon/lab_2025/install/two_wheeled_robot/share/two_wheeled_robot/models/cubicle_island\n'}
[0.588452] (two_wheeled_robot) StdoutLine: {'line': b'-- Up-to-date: /home/greyflon/lab_2025/install/two_wheeled_robot/share/two_wheeled_robot/models/cubicle_island/model.config\n'}
[0.588511] (two_wheeled_robot) StdoutLine: {'line': b'-- Up-to-date: /home/greyflon/lab_2025/install/two_wheeled_robot/share/two_wheeled_robot/models/cubicle_island/meshes\n'}
[0.588572] (two_wheeled_robot) StdoutLine: {'line': b'-- Up-to-date: /home/greyflon/lab_2025/install/two_wheeled_robot/share/two_wheeled_robot/models/cubicle_island/meshes/cubicle_island.obj\n'}
[0.588685] (two_wheeled_robot) StdoutLine: {'line': b'-- Up-to-date: /home/greyflon/lab_2025/install/two_wheeled_robot/share/two_wheeled_robot/models/cubicle_island/meshes/cubicle_island.mtl\n'}
[0.588755] (two_wheeled_robot) StdoutLine: {'line': b'-- Up-to-date: /home/greyflon/lab_2025/install/two_wheeled_robot/share/two_wheeled_robot/models/cubicle_island/materials\n'}
[0.588817] (two_wheeled_robot) StdoutLine: {'line': b'-- Up-to-date: /home/greyflon/lab_2025/install/two_wheeled_robot/share/two_wheeled_robot/models/cubicle_island/materials/textures\n'}
[0.588877] (two_wheeled_robot) StdoutLine: {'line': b'-- Up-to-date: /home/greyflon/lab_2025/install/two_wheeled_robot/share/two_wheeled_robot/models/cubicle_island/materials/textures/cubicle_island.png\n'}
[0.588938] (two_wheeled_robot) StdoutLine: {'line': b'-- Up-to-date: /home/greyflon/lab_2025/install/two_wheeled_robot/share/two_wheeled_robot/models/cubicle_island/materials/textures/cubicle_1.png\n'}
[0.588998] (two_wheeled_robot) StdoutLine: {'line': b'-- Up-to-date: /home/greyflon/lab_2025/install/two_wheeled_robot/share/two_wheeled_robot/models/cubicle_island/model.sdf\n'}
[0.589058] (two_wheeled_robot) StdoutLine: {'line': b'-- Up-to-date: /home/greyflon/lab_2025/install/two_wheeled_robot/share/two_wheeled_robot/models/cubicle_wall\n'}
[0.589117] (two_wheeled_robot) StdoutLine: {'line': b'-- Up-to-date: /home/greyflon/lab_2025/install/two_wheeled_robot/share/two_wheeled_robot/models/cubicle_wall/model.config\n'}
[0.589185] (two_wheeled_robot) StdoutLine: {'line': b'-- Up-to-date: /home/greyflon/lab_2025/install/two_wheeled_robot/share/two_wheeled_robot/models/cubicle_wall/meshes\n'}
[0.589245] (two_wheeled_robot) StdoutLine: {'line': b'-- Up-to-date: /home/greyflon/lab_2025/install/two_wheeled_robot/share/two_wheeled_robot/models/cubicle_wall/meshes/cubicle_corner.obj\n'}
[0.589306] (two_wheeled_robot) StdoutLine: {'line': b'-- Up-to-date: /home/greyflon/lab_2025/install/two_wheeled_robot/share/two_wheeled_robot/models/cubicle_wall/meshes/cubicle_open.obj\n'}
[0.589365] (two_wheeled_robot) StdoutLine: {'line': b'-- Up-to-date: /home/greyflon/lab_2025/install/two_wheeled_robot/share/two_wheeled_robot/models/cubicle_wall/meshes/cubicle_wall.mtl\n'}
[0.589426] (two_wheeled_robot) StdoutLine: {'line': b'-- Up-to-date: /home/greyflon/lab_2025/install/two_wheeled_robot/share/two_wheeled_robot/models/cubicle_wall/meshes/cubicle_wall.obj\n'}
[0.589486] (two_wheeled_robot) StdoutLine: {'line': b'-- Up-to-date: /home/greyflon/lab_2025/install/two_wheeled_robot/share/two_wheeled_robot/models/cubicle_wall/meshes/cubicle_closed.obj\n'}
[0.589596] (two_wheeled_robot) StdoutLine: {'line': b'-- Up-to-date: /home/greyflon/lab_2025/install/two_wheeled_robot/share/two_wheeled_robot/models/cubicle_wall/materials\n'}
[0.589711] (two_wheeled_robot) StdoutLine: {'line': b'-- Up-to-date: /home/greyflon/lab_2025/install/two_wheeled_robot/share/two_wheeled_robot/models/cubicle_wall/materials/textures\n'}
[0.589773] (two_wheeled_robot) StdoutLine: {'line': b'-- Up-to-date: /home/greyflon/lab_2025/install/two_wheeled_robot/share/two_wheeled_robot/models/cubicle_wall/materials/textures/cubicle_wall.png\n'}
[0.589833] (two_wheeled_robot) StdoutLine: {'line': b'-- Up-to-date: /home/greyflon/lab_2025/install/two_wheeled_robot/share/two_wheeled_robot/models/cubicle_wall/model.sdf\n'}
[0.589893] (two_wheeled_robot) StdoutLine: {'line': b'-- Up-to-date: /home/greyflon/lab_2025/install/two_wheeled_robot/share/two_wheeled_robot/models/cubicle_corner\n'}
[0.589953] (two_wheeled_robot) StdoutLine: {'line': b'-- Up-to-date: /home/greyflon/lab_2025/install/two_wheeled_robot/share/two_wheeled_robot/models/cubicle_corner/model.config\n'}
[0.590013] (two_wheeled_robot) StdoutLine: {'line': b'-- Up-to-date: /home/greyflon/lab_2025/install/two_wheeled_robot/share/two_wheeled_robot/models/cubicle_corner/meshes\n'}
[0.590073] (two_wheeled_robot) StdoutLine: {'line': b'-- Up-to-date: /home/greyflon/lab_2025/install/two_wheeled_robot/share/two_wheeled_robot/models/cubicle_corner/meshes/cubicle_corner.obj\n'}
[0.590133] (two_wheeled_robot) StdoutLine: {'line': b'-- Up-to-date: /home/greyflon/lab_2025/install/two_wheeled_robot/share/two_wheeled_robot/models/cubicle_corner/meshes/cubicle_corner.mtl\n'}
[0.590193] (two_wheeled_robot) StdoutLine: {'line': b'-- Up-to-date: /home/greyflon/lab_2025/install/two_wheeled_robot/share/two_wheeled_robot/models/cubicle_corner/materials\n'}
[0.590254] (two_wheeled_robot) StdoutLine: {'line': b'-- Up-to-date: /home/greyflon/lab_2025/install/two_wheeled_robot/share/two_wheeled_robot/models/cubicle_corner/materials/textures\n'}
[0.590313] (two_wheeled_robot) StdoutLine: {'line': b'-- Up-to-date: /home/greyflon/lab_2025/install/two_wheeled_robot/share/two_wheeled_robot/models/cubicle_corner/materials/textures/cubicle_corner.png\n'}
[0.590373] (two_wheeled_robot) StdoutLine: {'line': b'-- Up-to-date: /home/greyflon/lab_2025/install/two_wheeled_robot/share/two_wheeled_robot/models/cubicle_corner/model.sdf\n'}
[0.590433] (two_wheeled_robot) StdoutLine: {'line': b'-- Up-to-date: /home/greyflon/lab_2025/install/two_wheeled_robot/share/two_wheeled_robot/models/aws_robomaker_hospital_elevator_01_door\n'}
[0.590493] (two_wheeled_robot) StdoutLine: {'line': b'-- Up-to-date: /home/greyflon/lab_2025/install/two_wheeled_robot/share/two_wheeled_robot/models/aws_robomaker_hospital_elevator_01_door/model.config\n'}
[0.590553] (two_wheeled_robot) StdoutLine: {'line': b'-- Up-to-date: /home/greyflon/lab_2025/install/two_wheeled_robot/share/two_wheeled_robot/models/aws_robomaker_hospital_elevator_01_door/meshes\n'}
[0.590681] (two_wheeled_robot) StdoutLine: {'line': b'-- Up-to-date: /home/greyflon/lab_2025/install/two_wheeled_robot/share/two_wheeled_robot/models/aws_robomaker_hospital_elevator_01_door/meshes/aws_robomaker_hospital_elevator_01_door_collision.dae\n'}
[0.590748] (two_wheeled_robot) StdoutLine: {'line': b'-- Up-to-date: /home/greyflon/lab_2025/install/two_wheeled_robot/share/two_wheeled_robot/models/aws_robomaker_hospital_elevator_01_door/meshes/aws_robomaker_hospital_elevator_01_visual_normal.png\n'}
[0.590809] (two_wheeled_robot) StdoutLine: {'line': b'-- Up-to-date: /home/greyflon/lab_2025/install/two_wheeled_robot/share/two_wheeled_robot/models/aws_robomaker_hospital_elevator_01_door/meshes/aws_robomaker_hospital_elevator_01_door_low.dae\n'}
[0.590869] (two_wheeled_robot) StdoutLine: {'line': b'-- Up-to-date: /home/greyflon/lab_2025/install/two_wheeled_robot/share/two_wheeled_robot/models/aws_robomaker_hospital_elevator_01_door/meshes/aws_robomaker_hospital_elevator_01_door_visual.dae\n'}
[0.590929] (two_wheeled_robot) StdoutLine: {'line': b'-- Up-to-date: /home/greyflon/lab_2025/install/two_wheeled_robot/share/two_wheeled_robot/models/aws_robomaker_hospital_elevator_01_door/meshes/aws_robomaker_hospital_elevator_01_low.png\n'}
[0.590990] (two_wheeled_robot) StdoutLine: {'line': b'-- Up-to-date: /home/greyflon/lab_2025/install/two_wheeled_robot/share/two_wheeled_robot/models/aws_robomaker_hospital_elevator_01_door/meshes/aws_robomaker_hospital_elevator_01_low_normal.png\n'}
[0.591050] (two_wheeled_robot) StdoutLine: {'line': b'-- Up-to-date: /home/greyflon/lab_2025/install/two_wheeled_robot/share/two_wheeled_robot/models/aws_robomaker_hospital_elevator_01_door/meshes/aws_robomaker_hospital_elevator_01_visual.png\n'}
[0.591116] (two_wheeled_robot) StdoutLine: {'line': b'-- Up-to-date: /home/greyflon/lab_2025/install/two_wheeled_robot/share/two_wheeled_robot/models/aws_robomaker_hospital_elevator_01_door/model.sdf\n'}
[0.591185] (two_wheeled_robot) StdoutLine: {'line': b'-- Up-to-date: /home/greyflon/lab_2025/install/two_wheeled_robot/share/two_wheeled_robot/models/IVStand\n'}
[0.591245] (two_wheeled_robot) StdoutLine: {'line': b'-- Up-to-date: /home/greyflon/lab_2025/install/two_wheeled_robot/share/two_wheeled_robot/models/IVStand/model.config\n'}
[0.591305] (two_wheeled_robot) StdoutLine: {'line': b'-- Up-to-date: /home/greyflon/lab_2025/install/two_wheeled_robot/share/two_wheeled_robot/models/IVStand/meshes\n'}
[0.591365] (two_wheeled_robot) StdoutLine: {'line': b'-- Up-to-date: /home/greyflon/lab_2025/install/two_wheeled_robot/share/two_wheeled_robot/models/IVStand/meshes/IVStand_Diffuse.png\n'}
[0.591470] (two_wheeled_robot) StdoutLine: {'line': b'-- Up-to-date: /home/greyflon/lab_2025/install/two_wheeled_robot/share/two_wheeled_robot/models/IVStand/meshes/Carts_Wheels_Diffuse.png\n'}
[0.591537] (two_wheeled_robot) StdoutLine: {'line': b'-- Up-to-date: /home/greyflon/lab_2025/install/two_wheeled_robot/share/two_wheeled_robot/models/IVStand/meshes/IVStand.obj\n'}
[0.591606] (two_wheeled_robot) StdoutLine: {'line': b'-- Up-to-date: /home/greyflon/lab_2025/install/two_wheeled_robot/share/two_wheeled_robot/models/IVStand/meshes/IVStand.mtl\n'}
[0.591711] (two_wheeled_robot) StdoutLine: {'line': b'-- Up-to-date: /home/greyflon/lab_2025/install/two_wheeled_robot/share/two_wheeled_robot/models/IVStand/thumbnails\n'}
[0.591772] (two_wheeled_robot) StdoutLine: {'line': b'-- Up-to-date: /home/greyflon/lab_2025/install/two_wheeled_robot/share/two_wheeled_robot/models/IVStand/thumbnails/5.png\n'}
[0.591832] (two_wheeled_robot) StdoutLine: {'line': b'-- Up-to-date: /home/greyflon/lab_2025/install/two_wheeled_robot/share/two_wheeled_robot/models/IVStand/thumbnails/1.png\n'}
[0.591892] (two_wheeled_robot) StdoutLine: {'line': b'-- Up-to-date: /home/greyflon/lab_2025/install/two_wheeled_robot/share/two_wheeled_robot/models/IVStand/thumbnails/2.png\n'}
[0.592006] (two_wheeled_robot) StdoutLine: {'line': b'-- Up-to-date: /home/greyflon/lab_2025/install/two_wheeled_robot/share/two_wheeled_robot/models/IVStand/thumbnails/4.png\n'}
[0.592067] (two_wheeled_robot) StdoutLine: {'line': b'-- Up-to-date: /home/greyflon/lab_2025/install/two_wheeled_robot/share/two_wheeled_robot/models/IVStand/thumbnails/3.png\n'}
[0.592126] (two_wheeled_robot) StdoutLine: {'line': b'-- Up-to-date: /home/greyflon/lab_2025/install/two_wheeled_robot/share/two_wheeled_robot/models/IVStand/model.sdf\n'}
[0.592186] (two_wheeled_robot) StdoutLine: {'line': b'-- Up-to-date: /home/greyflon/lab_2025/install/two_wheeled_robot/share/two_wheeled_robot/models/small_box\n'}
[0.592246] (two_wheeled_robot) StdoutLine: {'line': b'-- Up-to-date: /home/greyflon/lab_2025/install/two_wheeled_robot/share/two_wheeled_robot/models/small_box/model.config\n'}
[0.592306] (two_wheeled_robot) StdoutLine: {'line': b'-- Up-to-date: /home/greyflon/lab_2025/install/two_wheeled_robot/share/two_wheeled_robot/models/small_box/meshes\n'}
[0.592365] (two_wheeled_robot) StdoutLine: {'line': b'-- Up-to-date: /home/greyflon/lab_2025/install/two_wheeled_robot/share/two_wheeled_robot/models/small_box/meshes/small_box.dae\n'}
[0.592425] (two_wheeled_robot) StdoutLine: {'line': b'-- Up-to-date: /home/greyflon/lab_2025/install/two_wheeled_robot/share/two_wheeled_robot/models/small_box/materials\n'}
[0.592485] (two_wheeled_robot) StdoutLine: {'line': b'-- Up-to-date: /home/greyflon/lab_2025/install/two_wheeled_robot/share/two_wheeled_robot/models/small_box/materials/textures\n'}
[0.592550] (two_wheeled_robot) StdoutLine: {'line': b'-- Up-to-date: /home/greyflon/lab_2025/install/two_wheeled_robot/share/two_wheeled_robot/models/small_box/materials/textures/Kraft_Tile.jpg\n'}
[0.592665] (two_wheeled_robot) StdoutLine: {'line': b'-- Up-to-date: /home/greyflon/lab_2025/install/two_wheeled_robot/share/two_wheeled_robot/models/small_box/materials/textures/S-3878BX_Side1.jpg\n'}
[0.592772] (two_wheeled_robot) StdoutLine: {'line': b'-- Up-to-date: /home/greyflon/lab_2025/install/two_wheeled_robot/share/two_wheeled_robot/models/small_box/materials/textures/S-3878BX_Front.jpg\n'}
[0.592833] (two_wheeled_robot) StdoutLine: {'line': b'-- Up-to-date: /home/greyflon/lab_2025/install/two_wheeled_robot/share/two_wheeled_robot/models/small_box/materials/textures/S-3878BX_Side2.jpg\n'}
[0.592893] (two_wheeled_robot) StdoutLine: {'line': b'-- Up-to-date: /home/greyflon/lab_2025/install/two_wheeled_robot/share/two_wheeled_robot/models/small_box/materials/textures/S-3878BX_Back.jpg\n'}
[0.592953] (two_wheeled_robot) StdoutLine: {'line': b'-- Up-to-date: /home/greyflon/lab_2025/install/two_wheeled_robot/share/two_wheeled_robot/models/small_box/model.sdf\n'}
[0.593013] (two_wheeled_robot) StdoutLine: {'line': b'-- Up-to-date: /home/greyflon/lab_2025/install/two_wheeled_robot/share/two_wheeled_robot/models/gimbal_small_2d\n'}
[0.593073] (two_wheeled_robot) StdoutLine: {'line': b'-- Up-to-date: /home/greyflon/lab_2025/install/two_wheeled_robot/share/two_wheeled_robot/models/gimbal_small_2d/model.config\n'}
[0.593133] (two_wheeled_robot) StdoutLine: {'line': b'-- Up-to-date: /home/greyflon/lab_2025/install/two_wheeled_robot/share/two_wheeled_robot/models/gimbal_small_2d/meshes\n'}
[0.593193] (two_wheeled_robot) StdoutLine: {'line': b'-- Up-to-date: /home/greyflon/lab_2025/install/two_wheeled_robot/share/two_wheeled_robot/models/gimbal_small_2d/meshes/base_arm.dae\n'}
[0.593254] (two_wheeled_robot) StdoutLine: {'line': b'-- Up-to-date: /home/greyflon/lab_2025/install/two_wheeled_robot/share/two_wheeled_robot/models/gimbal_small_2d/meshes/tilt.dae\n'}
[0.593314] (two_wheeled_robot) StdoutLine: {'line': b'-- Up-to-date: /home/greyflon/lab_2025/install/two_wheeled_robot/share/two_wheeled_robot/models/gimbal_small_2d/meshes/base_main.dae\n'}
[0.593374] (two_wheeled_robot) StdoutLine: {'line': b'-- Up-to-date: /home/greyflon/lab_2025/install/two_wheeled_robot/share/two_wheeled_robot/models/gimbal_small_2d/model.sdf\n'}
[0.593433] (two_wheeled_robot) StdoutLine: {'line': b'-- Up-to-date: /home/greyflon/lab_2025/install/two_wheeled_robot/share/two_wheeled_robot/models/aws_robomaker_hospital_floor_02_floor\n'}
[0.593500] (two_wheeled_robot) StdoutLine: {'line': b'-- Up-to-date: /home/greyflon/lab_2025/install/two_wheeled_robot/share/two_wheeled_robot/models/aws_robomaker_hospital_floor_02_floor/model.config\n'}
[0.593561] (two_wheeled_robot) StdoutLine: {'line': b'-- Up-to-date: /home/greyflon/lab_2025/install/two_wheeled_robot/share/two_wheeled_robot/models/aws_robomaker_hospital_floor_02_floor/meshes\n'}
[0.593680] (two_wheeled_robot) StdoutLine: {'line': b'-- Up-to-date: /home/greyflon/lab_2025/install/two_wheeled_robot/share/two_wheeled_robot/models/aws_robomaker_hospital_floor_02_floor/meshes/aws_robomaker_hospital_floor_02_floor_collision.dae\n'}
[0.593789] (two_wheeled_robot) StdoutLine: {'line': b'-- Up-to-date: /home/greyflon/lab_2025/install/two_wheeled_robot/share/two_wheeled_robot/models/aws_robomaker_hospital_floor_02_floor/meshes/aws_robomaker_hospital_floor_02_floor_visual.dae\n'}
[0.593857] (two_wheeled_robot) StdoutLine: {'line': b'-- Up-to-date: /home/greyflon/lab_2025/install/two_wheeled_robot/share/two_wheeled_robot/models/aws_robomaker_hospital_floor_02_floor/meshes/aws_robomaker_hospital_floor_02_floor_normal.png\n'}
[0.593918] (two_wheeled_robot) StdoutLine: {'line': b'-- Up-to-date: /home/greyflon/lab_2025/install/two_wheeled_robot/share/two_wheeled_robot/models/aws_robomaker_hospital_floor_02_floor/meshes/aws_robomaker_hospital_floor_02_floor.png\n'}
[0.593979] (two_wheeled_robot) StdoutLine: {'line': b'-- Up-to-date: /home/greyflon/lab_2025/install/two_wheeled_robot/share/two_wheeled_robot/models/aws_robomaker_hospital_floor_02_floor/model.sdf\n'}
[0.594039] (two_wheeled_robot) StdoutLine: {'line': b'-- Up-to-date: /home/greyflon/lab_2025/install/two_wheeled_robot/share/two_wheeled_robot/models/robonaut\n'}
[0.594099] (two_wheeled_robot) StdoutLine: {'line': b'-- Up-to-date: /home/greyflon/lab_2025/install/two_wheeled_robot/share/two_wheeled_robot/models/robonaut/model-1_4.sdf\n'}
[0.594159] (two_wheeled_robot) StdoutLine: {'line': b'-- Up-to-date: /home/greyflon/lab_2025/install/two_wheeled_robot/share/two_wheeled_robot/models/robonaut/model.config\n'}
[0.594218] (two_wheeled_robot) StdoutLine: {'line': b'-- Up-to-date: /home/greyflon/lab_2025/install/two_wheeled_robot/share/two_wheeled_robot/models/robonaut/meshes\n'}
[0.594278] (two_wheeled_robot) StdoutLine: {'line': b'-- Up-to-date: /home/greyflon/lab_2025/install/two_wheeled_robot/share/two_wheeled_robot/models/robonaut/meshes/Backpack.dae\n'}
[0.594338] (two_wheeled_robot) StdoutLine: {'line': b'-- Up-to-date: /home/greyflon/lab_2025/install/two_wheeled_robot/share/two_wheeled_robot/models/robonaut/meshes/Head.dae\n'}
[0.594398] (two_wheeled_robot) StdoutLine: {'line': b'-- Up-to-date: /home/greyflon/lab_2025/install/two_wheeled_robot/share/two_wheeled_robot/models/robonaut/meshes/Neck_Lower.dae\n'}
[0.594463] (two_wheeled_robot) StdoutLine: {'line': b'-- Up-to-date: /home/greyflon/lab_2025/install/two_wheeled_robot/share/two_wheeled_robot/models/robonaut/meshes/Left_Palm.dae\n'}
[0.594524] (two_wheeled_robot) StdoutLine: {'line': b'-- Up-to-date: /home/greyflon/lab_2025/install/two_wheeled_robot/share/two_wheeled_robot/models/robonaut/meshes/Left_Shoulder_Lower.dae\n'}
[0.594597] (two_wheeled_robot) StdoutLine: {'line': b'-- Up-to-date: /home/greyflon/lab_2025/install/two_wheeled_robot/share/two_wheeled_robot/models/robonaut/meshes/Transforms.txt\n'}
[0.594714] (two_wheeled_robot) StdoutLine: {'line': b'-- Up-to-date: /home/greyflon/lab_2025/install/two_wheeled_robot/share/two_wheeled_robot/models/robonaut/meshes/Right_Elbow.dae\n'}
[0.594776] (two_wheeled_robot) StdoutLine: {'line': b'-- Up-to-date: /home/greyflon/lab_2025/install/two_wheeled_robot/share/two_wheeled_robot/models/robonaut/meshes/Finger_Proximal.dae\n'}
[0.594836] (two_wheeled_robot) StdoutLine: {'line': b'-- Up-to-date: /home/greyflon/lab_2025/install/two_wheeled_robot/share/two_wheeled_robot/models/robonaut/meshes/Right_Palm.dae\n'}
[0.594902] (two_wheeled_robot) StdoutLine: {'line': b'-- Up-to-date: /home/greyflon/lab_2025/install/two_wheeled_robot/share/two_wheeled_robot/models/robonaut/meshes/Stanchion_Baseplate.dae\n'}
[0.594962] (two_wheeled_robot) StdoutLine: {'line': b'-- Up-to-date: /home/greyflon/lab_2025/install/two_wheeled_robot/share/two_wheeled_robot/models/robonaut/meshes/Neck_Upper.dae\n'}
[0.595022] (two_wheeled_robot) StdoutLine: {'line': b'-- Up-to-date: /home/greyflon/lab_2025/install/two_wheeled_robot/share/two_wheeled_robot/models/robonaut/meshes/Stanchion.dae\n'}
[0.595081] (two_wheeled_robot) StdoutLine: {'line': b'-- Up-to-date: /home/greyflon/lab_2025/install/two_wheeled_robot/share/two_wheeled_robot/models/robonaut/meshes/Left_Shoulder_Upper.dae\n'}
[0.595141] (two_wheeled_robot) StdoutLine: {'line': b'-- Up-to-date: /home/greyflon/lab_2025/install/two_wheeled_robot/share/two_wheeled_robot/models/robonaut/meshes/Body.dae\n'}
[0.595201] (two_wheeled_robot) StdoutLine: {'line': b'-- Up-to-date: /home/greyflon/lab_2025/install/two_wheeled_robot/share/two_wheeled_robot/models/robonaut/meshes/Finger_Mid.dae\n'}
[0.595261] (two_wheeled_robot) StdoutLine: {'line': b'-- Up-to-date: /home/greyflon/lab_2025/install/two_wheeled_robot/share/two_wheeled_robot/models/robonaut/meshes/Thumb_Proximal.dae\n'}
[0.595321] (two_wheeled_robot) StdoutLine: {'line': b'-- Up-to-date: /home/greyflon/lab_2025/install/two_wheeled_robot/share/two_wheeled_robot/models/robonaut/meshes/Right_Shoulder_Lower.dae\n'}
[0.595381] (two_wheeled_robot) StdoutLine: {'line': b'-- Up-to-date: /home/greyflon/lab_2025/install/two_wheeled_robot/share/two_wheeled_robot/models/robonaut/meshes/Right_Forearm.dae\n'}
[0.595442] (two_wheeled_robot) StdoutLine: {'line': b'-- Up-to-date: /home/greyflon/lab_2025/install/two_wheeled_robot/share/two_wheeled_robot/models/robonaut/meshes/Left_Forearm.dae\n'}
[0.595501] (two_wheeled_robot) StdoutLine: {'line': b'-- Up-to-date: /home/greyflon/lab_2025/install/two_wheeled_robot/share/two_wheeled_robot/models/robonaut/meshes/Thumb_Dist.dae\n'}
[0.595562] (two_wheeled_robot) StdoutLine: {'line': b'-- Up-to-date: /home/greyflon/lab_2025/install/two_wheeled_robot/share/two_wheeled_robot/models/robonaut/meshes/Body_Cover.dae\n'}
[0.595680] (two_wheeled_robot) StdoutLine: {'line': b'-- Up-to-date: /home/greyflon/lab_2025/install/two_wheeled_robot/share/two_wheeled_robot/models/robonaut/meshes/Right_Upper_Arm.dae\n'}
[0.595790] (two_wheeled_robot) StdoutLine: {'line': b'-- Up-to-date: /home/greyflon/lab_2025/install/two_wheeled_robot/share/two_wheeled_robot/models/robonaut/meshes/Left_Thumb_Carp.dae\n'}
[0.595857] (two_wheeled_robot) StdoutLine: {'line': b'-- Up-to-date: /home/greyflon/lab_2025/install/two_wheeled_robot/share/two_wheeled_robot/models/robonaut/meshes/Left_Upper_Arm.dae\n'}
[0.595917] (two_wheeled_robot) StdoutLine: {'line': b'-- Up-to-date: /home/greyflon/lab_2025/install/two_wheeled_robot/share/two_wheeled_robot/models/robonaut/meshes/Right_Shoulder_Upper.dae\n'}
[0.595977] (two_wheeled_robot) StdoutLine: {'line': b'-- Up-to-date: /home/greyflon/lab_2025/install/two_wheeled_robot/share/two_wheeled_robot/models/robonaut/meshes/Left_Thumb_MtCar.dae\n'}
[0.596037] (two_wheeled_robot) StdoutLine: {'line': b'-- Up-to-date: /home/greyflon/lab_2025/install/two_wheeled_robot/share/two_wheeled_robot/models/robonaut/meshes/Left_Elbow.dae\n'}
[0.596096] (two_wheeled_robot) StdoutLine: {'line': b'-- Up-to-date: /home/greyflon/lab_2025/install/two_wheeled_robot/share/two_wheeled_robot/models/robonaut/meshes/Right_Thumb_MtCar.dae\n'}
[0.596156] (two_wheeled_robot) StdoutLine: {'line': b'-- Up-to-date: /home/greyflon/lab_2025/install/two_wheeled_robot/share/two_wheeled_robot/models/robonaut/meshes/Finger_Dist.dae\n'}
[0.596217] (two_wheeled_robot) StdoutLine: {'line': b'-- Up-to-date: /home/greyflon/lab_2025/install/two_wheeled_robot/share/two_wheeled_robot/models/robonaut/materials\n'}
[0.596277] (two_wheeled_robot) StdoutLine: {'line': b'-- Up-to-date: /home/greyflon/lab_2025/install/two_wheeled_robot/share/two_wheeled_robot/models/robonaut/materials/textures\n'}
[0.596343] (two_wheeled_robot) StdoutLine: {'line': b'-- Up-to-date: /home/greyflon/lab_2025/install/two_wheeled_robot/share/two_wheeled_robot/models/robonaut/materials/textures/R2_Stanchion_12_Col_256.png\n'}
[0.596408] (two_wheeled_robot) StdoutLine: {'line': b'-- Up-to-date: /home/greyflon/lab_2025/install/two_wheeled_robot/share/two_wheeled_robot/models/robonaut/materials/textures/gold_texture_old.png\n'}
[0.596469] (two_wheeled_robot) StdoutLine: {'line': b'-- Up-to-date: /home/greyflon/lab_2025/install/two_wheeled_robot/share/two_wheeled_robot/models/robonaut/materials/textures/gold.png\n'}
[0.596529] (two_wheeled_robot) StdoutLine: {'line': b'-- Up-to-date: /home/greyflon/lab_2025/install/two_wheeled_robot/share/two_wheeled_robot/models/robonaut/materials/textures/R2_backpack.png\n'}
[0.596595] (two_wheeled_robot) StdoutLine: {'line': b'-- Up-to-date: /home/greyflon/lab_2025/install/two_wheeled_robot/share/two_wheeled_robot/models/robonaut/materials/textures/R2_Stanchion_4_Col_256.png\n'}
[0.596705] (two_wheeled_robot) StdoutLine: {'line': b'-- Up-to-date: /home/greyflon/lab_2025/install/two_wheeled_robot/share/two_wheeled_robot/models/robonaut/materials/textures/R2_Body_Cover.png\n'}
[0.596767] (two_wheeled_robot) StdoutLine: {'line': b'-- Up-to-date: /home/greyflon/lab_2025/install/two_wheeled_robot/share/two_wheeled_robot/models/robonaut/materials/textures/StanchionDovetail.png\n'}
[0.596827] (two_wheeled_robot) StdoutLine: {'line': b'-- Up-to-date: /home/greyflon/lab_2025/install/two_wheeled_robot/share/two_wheeled_robot/models/robonaut/materials/textures/StanchionBaseplate.png\n'}
[0.596888] (two_wheeled_robot) StdoutLine: {'line': b'-- Up-to-date: /home/greyflon/lab_2025/install/two_wheeled_robot/share/two_wheeled_robot/models/robonaut/materials/textures/helmet_front.png\n'}
[0.596948] (two_wheeled_robot) StdoutLine: {'line': b'-- Up-to-date: /home/greyflon/lab_2025/install/two_wheeled_robot/share/two_wheeled_robot/models/robonaut/materials/textures/BrushedMetalGray.png\n'}
[0.597008] (two_wheeled_robot) StdoutLine: {'line': b'-- Up-to-date: /home/greyflon/lab_2025/install/two_wheeled_robot/share/two_wheeled_robot/models/robonaut/materials/textures/R2_Stanchion_Cover_2_Col_256.png\n'}
[0.597068] (two_wheeled_robot) StdoutLine: {'line': b'-- Up-to-date: /home/greyflon/lab_2025/install/two_wheeled_robot/share/two_wheeled_robot/models/robonaut/materials/textures/visor.png\n'}
[0.597143] (two_wheeled_robot) StdoutLine: {'line': b'-- Up-to-date: /home/greyflon/lab_2025/install/two_wheeled_robot/share/two_wheeled_robot/models/robonaut/materials/textures/R2_Stanchion_7_Col_256.png\n'}
[0.597212] (two_wheeled_robot) StdoutLine: {'line': b'-- Up-to-date: /home/greyflon/lab_2025/install/two_wheeled_robot/share/two_wheeled_robot/models/robonaut/materials/textures/R2_Stanchion_5_Col_256.png\n'}
[0.597279] (two_wheeled_robot) StdoutLine: {'line': b'-- Up-to-date: /home/greyflon/lab_2025/install/two_wheeled_robot/share/two_wheeled_robot/models/robonaut/materials/textures/R2_Leg.png\n'}
[0.597347] (two_wheeled_robot) StdoutLine: {'line': b'-- Up-to-date: /home/greyflon/lab_2025/install/two_wheeled_robot/share/two_wheeled_robot/models/robonaut/materials/textures/light_shield.png\n'}
[0.597413] (two_wheeled_robot) StdoutLine: {'line': b'-- Up-to-date: /home/greyflon/lab_2025/install/two_wheeled_robot/share/two_wheeled_robot/models/robonaut/materials/textures/R2_Stanchion_8_Col_256.png\n'}
[0.597481] (two_wheeled_robot) StdoutLine: {'line': b'-- Up-to-date: /home/greyflon/lab_2025/install/two_wheeled_robot/share/two_wheeled_robot/models/robonaut/materials/textures/gold_texture.png\n'}
[0.597548] (two_wheeled_robot) StdoutLine: {'line': b'-- Up-to-date: /home/greyflon/lab_2025/install/two_wheeled_robot/share/two_wheeled_robot/models/robonaut/materials/textures/R2_Stanchion_Cover_4_Col_256.png\n'}
[0.597666] (two_wheeled_robot) StdoutLine: {'line': b'-- Up-to-date: /home/greyflon/lab_2025/install/two_wheeled_robot/share/two_wheeled_robot/models/robonaut/materials/textures/R2_Stanchion_6_Col_256.png\n'}
[0.597751] (two_wheeled_robot) StdoutLine: {'line': b'-- Up-to-date: /home/greyflon/lab_2025/install/two_wheeled_robot/share/two_wheeled_robot/models/robonaut/materials/textures/R2_Stanchion_10_Col_256.png\n'}
[0.597812] (two_wheeled_robot) StdoutLine: {'line': b'-- Up-to-date: /home/greyflon/lab_2025/install/two_wheeled_robot/share/two_wheeled_robot/models/robonaut/materials/textures/notexture.png\n'}
[0.597873] (two_wheeled_robot) StdoutLine: {'line': b'-- Up-to-date: /home/greyflon/lab_2025/install/two_wheeled_robot/share/two_wheeled_robot/models/robonaut/materials/textures/R2_Stanchion_3_Col_256.png\n'}
[0.597934] (two_wheeled_robot) StdoutLine: {'line': b'-- Up-to-date: /home/greyflon/lab_2025/install/two_wheeled_robot/share/two_wheeled_robot/models/robonaut/materials/textures/R2_Arm.png\n'}
[0.597995] (two_wheeled_robot) StdoutLine: {'line': b'-- Up-to-date: /home/greyflon/lab_2025/install/two_wheeled_robot/share/two_wheeled_robot/models/robonaut/materials/textures/jaws.png\n'}
[0.598055] (two_wheeled_robot) StdoutLine: {'line': b'-- Up-to-date: /home/greyflon/lab_2025/install/two_wheeled_robot/share/two_wheeled_robot/models/robonaut/materials/textures/R2_Stanchion_9_Col_256.png\n'}
[0.598117] (two_wheeled_robot) StdoutLine: {'line': b'-- Up-to-date: /home/greyflon/lab_2025/install/two_wheeled_robot/share/two_wheeled_robot/models/robonaut/materials/textures/R2_Stanchion_Col_512_Proj.png\n'}
[0.598177] (two_wheeled_robot) StdoutLine: {'line': b'-- Up-to-date: /home/greyflon/lab_2025/install/two_wheeled_robot/share/two_wheeled_robot/models/robonaut/materials/textures/Left_PalmSnap00.png\n'}
[0.598244] (two_wheeled_robot) StdoutLine: {'line': b'-- Up-to-date: /home/greyflon/lab_2025/install/two_wheeled_robot/share/two_wheeled_robot/models/robonaut/materials/textures/R2_Stanchion_11_Col_256.png\n'}
[0.598305] (two_wheeled_robot) StdoutLine: {'line': b'-- Up-to-date: /home/greyflon/lab_2025/install/two_wheeled_robot/share/two_wheeled_robot/models/robonaut/materials/textures/R2_Stanchion_Cover_1_Col_256.png\n'}
[0.598366] (two_wheeled_robot) StdoutLine: {'line': b'-- Up-to-date: /home/greyflon/lab_2025/install/two_wheeled_robot/share/two_wheeled_robot/models/robonaut/materials/textures/helmet_back.png\n'}
[0.598428] (two_wheeled_robot) StdoutLine: {'line': b'-- Up-to-date: /home/greyflon/lab_2025/install/two_wheeled_robot/share/two_wheeled_robot/models/robonaut/materials/textures/R2_Stanchion_Cover_3_Col_256.png\n'}
[0.598489] (two_wheeled_robot) StdoutLine: {'line': b'-- Up-to-date: /home/greyflon/lab_2025/install/two_wheeled_robot/share/two_wheeled_robot/models/robonaut/materials/textures/StanchionKnob.png\n'}
[0.598549] (two_wheeled_robot) StdoutLine: {'line': b'-- Up-to-date: /home/greyflon/lab_2025/install/two_wheeled_robot/share/two_wheeled_robot/models/robonaut/materials/textures/R2_Stanchion_2_Col_256.png\n'}
[0.598787] (two_wheeled_robot) StdoutLine: {'line': b'-- Up-to-date: /home/greyflon/lab_2025/install/two_wheeled_robot/share/two_wheeled_robot/models/robonaut/model.sdf\n'}
[0.598884] (two_wheeled_robot) StdoutLine: {'line': b'-- Up-to-date: /home/greyflon/lab_2025/install/two_wheeled_robot/share/two_wheeled_robot/models/aws_robomaker_residential_RoomWindow_01\n'}
[0.598946] (two_wheeled_robot) StdoutLine: {'line': b'-- Up-to-date: /home/greyflon/lab_2025/install/two_wheeled_robot/share/two_wheeled_robot/models/aws_robomaker_residential_RoomWindow_01/model.config\n'}
[0.599007] (two_wheeled_robot) StdoutLine: {'line': b'-- Up-to-date: /home/greyflon/lab_2025/install/two_wheeled_robot/share/two_wheeled_robot/models/aws_robomaker_residential_RoomWindow_01/meshes\n'}
[0.599068] (two_wheeled_robot) StdoutLine: {'line': b'-- Up-to-date: /home/greyflon/lab_2025/install/two_wheeled_robot/share/two_wheeled_robot/models/aws_robomaker_residential_RoomWindow_01/meshes/aws_RoomWindow_01_visual.DAE\n'}
[0.599129] (two_wheeled_robot) StdoutLine: {'line': b'-- Up-to-date: /home/greyflon/lab_2025/install/two_wheeled_robot/share/two_wheeled_robot/models/aws_robomaker_residential_RoomWindow_01/meshes/aws_RoomWindow_01_collision.DAE\n'}
[0.599201] (two_wheeled_robot) StdoutLine: {'line': b'-- Up-to-date: /home/greyflon/lab_2025/install/two_wheeled_robot/share/two_wheeled_robot/models/aws_robomaker_residential_RoomWindow_01/materials\n'}
[0.599262] (two_wheeled_robot) StdoutLine: {'line': b'-- Up-to-date: /home/greyflon/lab_2025/install/two_wheeled_robot/share/two_wheeled_robot/models/aws_robomaker_residential_RoomWindow_01/materials/textures\n'}
[0.599324] (two_wheeled_robot) StdoutLine: {'line': b'-- Up-to-date: /home/greyflon/lab_2025/install/two_wheeled_robot/share/two_wheeled_robot/models/aws_robomaker_residential_RoomWindow_01/materials/textures/aws_RoomWindow_01.png\n'}
[0.599385] (two_wheeled_robot) StdoutLine: {'line': b'-- Up-to-date: /home/greyflon/lab_2025/install/two_wheeled_robot/share/two_wheeled_robot/models/aws_robomaker_residential_RoomWindow_01/model.sdf\n'}
[0.599446] (two_wheeled_robot) StdoutLine: {'line': b'-- Up-to-date: /home/greyflon/lab_2025/install/two_wheeled_robot/share/two_wheeled_robot/models/warehouse_pallet\n'}
[0.599507] (two_wheeled_robot) StdoutLine: {'line': b'-- Up-to-date: /home/greyflon/lab_2025/install/two_wheeled_robot/share/two_wheeled_robot/models/warehouse_pallet/model.config\n'}
[0.599568] (two_wheeled_robot) StdoutLine: {'line': b'-- Up-to-date: /home/greyflon/lab_2025/install/two_wheeled_robot/share/two_wheeled_robot/models/warehouse_pallet/model.sdf\n'}
[0.599643] (two_wheeled_robot) StdoutLine: {'line': b'-- Up-to-date: /home/greyflon/lab_2025/install/two_wheeled_robot/share/two_wheeled_robot/models/aws_robomaker_residential_SeasoningBox_01\n'}
[0.599721] (two_wheeled_robot) StdoutLine: {'line': b'-- Up-to-date: /home/greyflon/lab_2025/install/two_wheeled_robot/share/two_wheeled_robot/models/aws_robomaker_residential_SeasoningBox_01/model.config\n'}
[0.599783] (two_wheeled_robot) StdoutLine: {'line': b'-- Up-to-date: /home/greyflon/lab_2025/install/two_wheeled_robot/share/two_wheeled_robot/models/aws_robomaker_residential_SeasoningBox_01/meshes\n'}
[0.599844] (two_wheeled_robot) StdoutLine: {'line': b'-- Up-to-date: /home/greyflon/lab_2025/install/two_wheeled_robot/share/two_wheeled_robot/models/aws_robomaker_residential_SeasoningBox_01/meshes/aws_SeasoningBox_01_collision.DAE\n'}
[0.599905] (two_wheeled_robot) StdoutLine: {'line': b'-- Up-to-date: /home/greyflon/lab_2025/install/two_wheeled_robot/share/two_wheeled_robot/models/aws_robomaker_residential_SeasoningBox_01/meshes/aws_SeasoningBox_01_visual.DAE\n'}
[0.599965] (two_wheeled_robot) StdoutLine: {'line': b'-- Up-to-date: /home/greyflon/lab_2025/install/two_wheeled_robot/share/two_wheeled_robot/models/aws_robomaker_residential_SeasoningBox_01/materials\n'}
[0.600026] (two_wheeled_robot) StdoutLine: {'line': b'-- Up-to-date: /home/greyflon/lab_2025/install/two_wheeled_robot/share/two_wheeled_robot/models/aws_robomaker_residential_SeasoningBox_01/materials/textures\n'}
[0.600092] (two_wheeled_robot) StdoutLine: {'line': b'-- Up-to-date: /home/greyflon/lab_2025/install/two_wheeled_robot/share/two_wheeled_robot/models/aws_robomaker_residential_SeasoningBox_01/materials/textures/aws_SeasoningBox_01.png\n'}
[0.600154] (two_wheeled_robot) StdoutLine: {'line': b'-- Up-to-date: /home/greyflon/lab_2025/install/two_wheeled_robot/share/two_wheeled_robot/models/aws_robomaker_residential_SeasoningBox_01/model.sdf\n'}
[0.600215] (two_wheeled_robot) StdoutLine: {'line': b'-- Up-to-date: /home/greyflon/lab_2025/install/two_wheeled_robot/share/two_wheeled_robot/models/aws_robomaker_residential_DeskPortraitA_01\n'}
[0.600275] (-) TimerEvent: {}
[0.600419] (two_wheeled_robot) StdoutLine: {'line': b'-- Up-to-date: /home/greyflon/lab_2025/install/two_wheeled_robot/share/two_wheeled_robot/models/aws_robomaker_residential_DeskPortraitA_01/model.config\n'}
[0.600494] (two_wheeled_robot) StdoutLine: {'line': b'-- Up-to-date: /home/greyflon/lab_2025/install/two_wheeled_robot/share/two_wheeled_robot/models/aws_robomaker_residential_DeskPortraitA_01/meshes\n'}
[0.600555] (two_wheeled_robot) StdoutLine: {'line': b'-- Up-to-date: /home/greyflon/lab_2025/install/two_wheeled_robot/share/two_wheeled_robot/models/aws_robomaker_residential_DeskPortraitA_01/meshes/aws_DeskPortraitA_01_visual.DAE\n'}
[0.600683] (two_wheeled_robot) StdoutLine: {'line': b'-- Up-to-date: /home/greyflon/lab_2025/install/two_wheeled_robot/share/two_wheeled_robot/models/aws_robomaker_residential_DeskPortraitA_01/meshes/aws_DeskPortraitA_01_collision.DAE\n'}
[0.600749] (two_wheeled_robot) StdoutLine: {'line': b'-- Up-to-date: /home/greyflon/lab_2025/install/two_wheeled_robot/share/two_wheeled_robot/models/aws_robomaker_residential_DeskPortraitA_01/materials\n'}
[0.600810] (two_wheeled_robot) StdoutLine: {'line': b'-- Up-to-date: /home/greyflon/lab_2025/install/two_wheeled_robot/share/two_wheeled_robot/models/aws_robomaker_residential_DeskPortraitA_01/materials/textures\n'}
[0.600870] (two_wheeled_robot) StdoutLine: {'line': b'-- Up-to-date: /home/greyflon/lab_2025/install/two_wheeled_robot/share/two_wheeled_robot/models/aws_robomaker_residential_DeskPortraitA_01/materials/textures/aws_DeskPortraitA_01.png\n'}
[0.600931] (two_wheeled_robot) StdoutLine: {'line': b'-- Up-to-date: /home/greyflon/lab_2025/install/two_wheeled_robot/share/two_wheeled_robot/models/aws_robomaker_residential_DeskPortraitA_01/materials/textures/DeskPortraitA_01.jpg\n'}
[0.600992] (two_wheeled_robot) StdoutLine: {'line': b'-- Up-to-date: /home/greyflon/lab_2025/install/two_wheeled_robot/share/two_wheeled_robot/models/aws_robomaker_residential_DeskPortraitA_01/materials/textures/aws_DeskPortraitA_02.png\n'}
[0.601053] (two_wheeled_robot) StdoutLine: {'line': b'-- Up-to-date: /home/greyflon/lab_2025/install/two_wheeled_robot/share/two_wheeled_robot/models/aws_robomaker_residential_DeskPortraitA_01/model.sdf\n'}
[0.601114] (two_wheeled_robot) StdoutLine: {'line': b'-- Up-to-date: /home/greyflon/lab_2025/install/two_wheeled_robot/share/two_wheeled_robot/models/house_2\n'}
[0.601174] (two_wheeled_robot) StdoutLine: {'line': b'-- Up-to-date: /home/greyflon/lab_2025/install/two_wheeled_robot/share/two_wheeled_robot/models/house_2/model-1_4.sdf\n'}
[0.601235] (two_wheeled_robot) StdoutLine: {'line': b'-- Up-to-date: /home/greyflon/lab_2025/install/two_wheeled_robot/share/two_wheeled_robot/models/house_2/model.config\n'}
[0.601296] (two_wheeled_robot) StdoutLine: {'line': b'-- Up-to-date: /home/greyflon/lab_2025/install/two_wheeled_robot/share/two_wheeled_robot/models/house_2/meshes\n'}
[0.601356] (two_wheeled_robot) StdoutLine: {'line': b'-- Up-to-date: /home/greyflon/lab_2025/install/two_wheeled_robot/share/two_wheeled_robot/models/house_2/meshes/house_2.dae\n'}
[0.601416] (two_wheeled_robot) StdoutLine: {'line': b'-- Up-to-date: /home/greyflon/lab_2025/install/two_wheeled_robot/share/two_wheeled_robot/models/house_2/materials\n'}
[0.601476] (two_wheeled_robot) StdoutLine: {'line': b'-- Up-to-date: /home/greyflon/lab_2025/install/two_wheeled_robot/share/two_wheeled_robot/models/house_2/materials/scripts\n'}
[0.601536] (two_wheeled_robot) StdoutLine: {'line': b'-- Up-to-date: /home/greyflon/lab_2025/install/two_wheeled_robot/share/two_wheeled_robot/models/house_2/materials/scripts/house_2.material\n'}
[0.601607] (two_wheeled_robot) StdoutLine: {'line': b'-- Up-to-date: /home/greyflon/lab_2025/install/two_wheeled_robot/share/two_wheeled_robot/models/house_2/materials/textures\n'}
[0.601732] (two_wheeled_robot) StdoutLine: {'line': b'-- Up-to-date: /home/greyflon/lab_2025/install/two_wheeled_robot/share/two_wheeled_robot/models/house_2/materials/textures/House_2_Diffuse.png\n'}
[0.601794] (two_wheeled_robot) StdoutLine: {'line': b'-- Up-to-date: /home/greyflon/lab_2025/install/two_wheeled_robot/share/two_wheeled_robot/models/house_2/model.sdf\n'}
[0.601854] (two_wheeled_robot) StdoutLine: {'line': b'-- Up-to-date: /home/greyflon/lab_2025/install/two_wheeled_robot/share/two_wheeled_robot/models/house_2/model-1_3.sdf\n'}
[0.601912] (two_wheeled_robot) StdoutLine: {'line': b'-- Up-to-date: /home/greyflon/lab_2025/install/two_wheeled_robot/share/two_wheeled_robot/models/InstrumentCart1\n'}
[0.601971] (two_wheeled_robot) StdoutLine: {'line': b'-- Up-to-date: /home/greyflon/lab_2025/install/two_wheeled_robot/share/two_wheeled_robot/models/InstrumentCart1/model.config\n'}
[0.602041] (two_wheeled_robot) StdoutLine: {'line': b'-- Up-to-date: /home/greyflon/lab_2025/install/two_wheeled_robot/share/two_wheeled_robot/models/InstrumentCart1/meshes\n'}
[0.602100] (two_wheeled_robot) StdoutLine: {'line': b'-- Up-to-date: /home/greyflon/lab_2025/install/two_wheeled_robot/share/two_wheeled_robot/models/InstrumentCart1/meshes/InstrumentCart1.mtl\n'}
[0.602160] (two_wheeled_robot) StdoutLine: {'line': b'-- Up-to-date: /home/greyflon/lab_2025/install/two_wheeled_robot/share/two_wheeled_robot/models/InstrumentCart1/meshes/texture.png\n'}
[0.602219] (two_wheeled_robot) StdoutLine: {'line': b'-- Up-to-date: /home/greyflon/lab_2025/install/two_wheeled_robot/share/two_wheeled_robot/models/InstrumentCart1/meshes/InstrumentCart1.obj\n'}
[0.602278] (two_wheeled_robot) StdoutLine: {'line': b'-- Up-to-date: /home/greyflon/lab_2025/install/two_wheeled_robot/share/two_wheeled_robot/models/InstrumentCart1/thumbnails\n'}
[0.602337] (two_wheeled_robot) StdoutLine: {'line': b'-- Up-to-date: /home/greyflon/lab_2025/install/two_wheeled_robot/share/two_wheeled_robot/models/InstrumentCart1/thumbnails/5.png\n'}
[0.602396] (two_wheeled_robot) StdoutLine: {'line': b'-- Up-to-date: /home/greyflon/lab_2025/install/two_wheeled_robot/share/two_wheeled_robot/models/InstrumentCart1/thumbnails/1.png\n'}
[0.602456] (two_wheeled_robot) StdoutLine: {'line': b'-- Up-to-date: /home/greyflon/lab_2025/install/two_wheeled_robot/share/two_wheeled_robot/models/InstrumentCart1/thumbnails/2.png\n'}
[0.602515] (two_wheeled_robot) StdoutLine: {'line': b'-- Up-to-date: /home/greyflon/lab_2025/install/two_wheeled_robot/share/two_wheeled_robot/models/InstrumentCart1/thumbnails/4.png\n'}
[0.602574] (two_wheeled_robot) StdoutLine: {'line': b'-- Up-to-date: /home/greyflon/lab_2025/install/two_wheeled_robot/share/two_wheeled_robot/models/InstrumentCart1/thumbnails/3.png\n'}
[0.602806] (two_wheeled_robot) StdoutLine: {'line': b'-- Up-to-date: /home/greyflon/lab_2025/install/two_wheeled_robot/share/two_wheeled_robot/models/InstrumentCart1/model.sdf\n'}
[0.602873] (two_wheeled_robot) StdoutLine: {'line': b'-- Up-to-date: /home/greyflon/lab_2025/install/two_wheeled_robot/share/two_wheeled_robot/models/aws_robomaker_residential_PortraitC_01\n'}
[0.602934] (two_wheeled_robot) StdoutLine: {'line': b'-- Up-to-date: /home/greyflon/lab_2025/install/two_wheeled_robot/share/two_wheeled_robot/models/aws_robomaker_residential_PortraitC_01/model.config\n'}
[0.602995] (two_wheeled_robot) StdoutLine: {'line': b'-- Up-to-date: /home/greyflon/lab_2025/install/two_wheeled_robot/share/two_wheeled_robot/models/aws_robomaker_residential_PortraitC_01/meshes\n'}
[0.603056] (two_wheeled_robot) StdoutLine: {'line': b'-- Up-to-date: /home/greyflon/lab_2025/install/two_wheeled_robot/share/two_wheeled_robot/models/aws_robomaker_residential_PortraitC_01/meshes/aws_PortraitC_01_collision.DAE\n'}
[0.603129] (two_wheeled_robot) StdoutLine: {'line': b'-- Up-to-date: /home/greyflon/lab_2025/install/two_wheeled_robot/share/two_wheeled_robot/models/aws_robomaker_residential_PortraitC_01/meshes/aws_PortraitC_01_visual.DAE\n'}
[0.603194] (two_wheeled_robot) StdoutLine: {'line': b'-- Up-to-date: /home/greyflon/lab_2025/install/two_wheeled_robot/share/two_wheeled_robot/models/aws_robomaker_residential_PortraitC_01/materials\n'}
[0.603255] (two_wheeled_robot) StdoutLine: {'line': b'-- Up-to-date: /home/greyflon/lab_2025/install/two_wheeled_robot/share/two_wheeled_robot/models/aws_robomaker_residential_PortraitC_01/materials/textures\n'}
[0.603315] (two_wheeled_robot) StdoutLine: {'line': b'-- Up-to-date: /home/greyflon/lab_2025/install/two_wheeled_robot/share/two_wheeled_robot/models/aws_robomaker_residential_PortraitC_01/materials/textures/aws_PortraitC_02.png\n'}
[0.603376] (two_wheeled_robot) StdoutLine: {'line': b'-- Up-to-date: /home/greyflon/lab_2025/install/two_wheeled_robot/share/two_wheeled_robot/models/aws_robomaker_residential_PortraitC_01/materials/textures/aws_PortraitC_01.png\n'}
[0.603444] (two_wheeled_robot) StdoutLine: {'line': b'-- Up-to-date: /home/greyflon/lab_2025/install/two_wheeled_robot/share/two_wheeled_robot/models/aws_robomaker_residential_PortraitC_01/materials/textures/PortraitC_01.jpg\n'}
[0.603505] (two_wheeled_robot) StdoutLine: {'line': b'-- Up-to-date: /home/greyflon/lab_2025/install/two_wheeled_robot/share/two_wheeled_robot/models/aws_robomaker_residential_PortraitC_01/model.sdf\n'}
[0.603566] (two_wheeled_robot) StdoutLine: {'line': b'-- Up-to-date: /home/greyflon/lab_2025/install/two_wheeled_robot/share/two_wheeled_robot/models/aws_robomaker_residential_PortraitE_02\n'}
[0.603690] (two_wheeled_robot) StdoutLine: {'line': b'-- Up-to-date: /home/greyflon/lab_2025/install/two_wheeled_robot/share/two_wheeled_robot/models/aws_robomaker_residential_PortraitE_02/model.config\n'}
[0.603784] (two_wheeled_robot) StdoutLine: {'line': b'-- Up-to-date: /home/greyflon/lab_2025/install/two_wheeled_robot/share/two_wheeled_robot/models/aws_robomaker_residential_PortraitE_02/meshes\n'}
[0.603850] (two_wheeled_robot) StdoutLine: {'line': b'-- Up-to-date: /home/greyflon/lab_2025/install/two_wheeled_robot/share/two_wheeled_robot/models/aws_robomaker_residential_PortraitE_02/meshes/aws_PortraitE_01_visual.DAE\n'}
[0.603911] (two_wheeled_robot) StdoutLine: {'line': b'-- Up-to-date: /home/greyflon/lab_2025/install/two_wheeled_robot/share/two_wheeled_robot/models/aws_robomaker_residential_PortraitE_02/meshes/aws_PortraitE_01_collision.DAE\n'}
[0.603978] (two_wheeled_robot) StdoutLine: {'line': b'-- Up-to-date: /home/greyflon/lab_2025/install/two_wheeled_robot/share/two_wheeled_robot/models/aws_robomaker_residential_PortraitE_02/materials\n'}
[0.604039] (two_wheeled_robot) StdoutLine: {'line': b'-- Up-to-date: /home/greyflon/lab_2025/install/two_wheeled_robot/share/two_wheeled_robot/models/aws_robomaker_residential_PortraitE_02/materials/textures\n'}
[0.604101] (two_wheeled_robot) StdoutLine: {'line': b'-- Up-to-date: /home/greyflon/lab_2025/install/two_wheeled_robot/share/two_wheeled_robot/models/aws_robomaker_residential_PortraitE_02/materials/textures/aws_PortraitE_01.png\n'}
[0.604161] (two_wheeled_robot) StdoutLine: {'line': b'-- Up-to-date: /home/greyflon/lab_2025/install/two_wheeled_robot/share/two_wheeled_robot/models/aws_robomaker_residential_PortraitE_02/materials/textures/aws_PortraitE_02.png\n'}
[0.604222] (two_wheeled_robot) StdoutLine: {'line': b'-- Up-to-date: /home/greyflon/lab_2025/install/two_wheeled_robot/share/two_wheeled_robot/models/aws_robomaker_residential_PortraitE_02/materials/textures/PortraitE_02.jpg\n'}
[0.604283] (two_wheeled_robot) StdoutLine: {'line': b'-- Up-to-date: /home/greyflon/lab_2025/install/two_wheeled_robot/share/two_wheeled_robot/models/aws_robomaker_residential_PortraitE_02/model.sdf\n'}
[0.604343] (two_wheeled_robot) StdoutLine: {'line': b'-- Up-to-date: /home/greyflon/lab_2025/install/two_wheeled_robot/share/two_wheeled_robot/models/aws_robomaker_residential_ChairA_01\n'}
[0.604402] (two_wheeled_robot) StdoutLine: {'line': b'-- Up-to-date: /home/greyflon/lab_2025/install/two_wheeled_robot/share/two_wheeled_robot/models/aws_robomaker_residential_ChairA_01/model.config\n'}
[0.604463] (two_wheeled_robot) StdoutLine: {'line': b'-- Up-to-date: /home/greyflon/lab_2025/install/two_wheeled_robot/share/two_wheeled_robot/models/aws_robomaker_residential_ChairA_01/meshes\n'}
[0.604523] (two_wheeled_robot) StdoutLine: {'line': b'-- Up-to-date: /home/greyflon/lab_2025/install/two_wheeled_robot/share/two_wheeled_robot/models/aws_robomaker_residential_ChairA_01/meshes/aws_ChairA_01_visual.DAE\n'}
[0.604590] (two_wheeled_robot) StdoutLine: {'line': b'-- Up-to-date: /home/greyflon/lab_2025/install/two_wheeled_robot/share/two_wheeled_robot/models/aws_robomaker_residential_ChairA_01/meshes/aws_ChairA_01_collision.DAE\n'}
[0.604683] (two_wheeled_robot) StdoutLine: {'line': b'-- Up-to-date: /home/greyflon/lab_2025/install/two_wheeled_robot/share/two_wheeled_robot/models/aws_robomaker_residential_ChairA_01/materials\n'}
[0.604745] (two_wheeled_robot) StdoutLine: {'line': b'-- Up-to-date: /home/greyflon/lab_2025/install/two_wheeled_robot/share/two_wheeled_robot/models/aws_robomaker_residential_ChairA_01/materials/textures\n'}
[0.604812] (two_wheeled_robot) StdoutLine: {'line': b'-- Up-to-date: /home/greyflon/lab_2025/install/two_wheeled_robot/share/two_wheeled_robot/models/aws_robomaker_residential_ChairA_01/materials/textures/aws_ChairA_01.png\n'}
[0.604873] (two_wheeled_robot) StdoutLine: {'line': b'-- Up-to-date: /home/greyflon/lab_2025/install/two_wheeled_robot/share/two_wheeled_robot/models/aws_robomaker_residential_ChairA_01/model.sdf\n'}
[0.604934] (two_wheeled_robot) StdoutLine: {'line': b'-- Up-to-date: /home/greyflon/lab_2025/install/two_wheeled_robot/share/two_wheeled_robot/models/aws_robomaker_residential_KitchenCabinet_01\n'}
[0.604994] (two_wheeled_robot) StdoutLine: {'line': b'-- Up-to-date: /home/greyflon/lab_2025/install/two_wheeled_robot/share/two_wheeled_robot/models/aws_robomaker_residential_KitchenCabinet_01/model.config\n'}
[0.605054] (two_wheeled_robot) StdoutLine: {'line': b'-- Up-to-date: /home/greyflon/lab_2025/install/two_wheeled_robot/share/two_wheeled_robot/models/aws_robomaker_residential_KitchenCabinet_01/meshes\n'}
[0.605115] (two_wheeled_robot) StdoutLine: {'line': b'-- Up-to-date: /home/greyflon/lab_2025/install/two_wheeled_robot/share/two_wheeled_robot/models/aws_robomaker_residential_KitchenCabinet_01/meshes/aws_KitchenCabinet_01_collision.DAE\n'}
[0.605175] (two_wheeled_robot) StdoutLine: {'line': b'-- Up-to-date: /home/greyflon/lab_2025/install/two_wheeled_robot/share/two_wheeled_robot/models/aws_robomaker_residential_KitchenCabinet_01/meshes/aws_KitchenCabinet_01_visual.DAE\n'}
[0.605236] (two_wheeled_robot) StdoutLine: {'line': b'-- Up-to-date: /home/greyflon/lab_2025/install/two_wheeled_robot/share/two_wheeled_robot/models/aws_robomaker_residential_KitchenCabinet_01/materials\n'}
[0.605296] (two_wheeled_robot) StdoutLine: {'line': b'-- Up-to-date: /home/greyflon/lab_2025/install/two_wheeled_robot/share/two_wheeled_robot/models/aws_robomaker_residential_KitchenCabinet_01/materials/textures\n'}
[0.605356] (two_wheeled_robot) StdoutLine: {'line': b'-- Up-to-date: /home/greyflon/lab_2025/install/two_wheeled_robot/share/two_wheeled_robot/models/aws_robomaker_residential_KitchenCabinet_01/materials/textures/aws_KitchenCabinet_01.png\n'}
[0.605432] (two_wheeled_robot) StdoutLine: {'line': b'-- Up-to-date: /home/greyflon/lab_2025/install/two_wheeled_robot/share/two_wheeled_robot/models/aws_robomaker_residential_KitchenCabinet_01/model.sdf\n'}
[0.605498] (two_wheeled_robot) StdoutLine: {'line': b'-- Up-to-date: /home/greyflon/lab_2025/install/two_wheeled_robot/share/two_wheeled_robot/models/aws_robomaker_residential_FitnessEquipment_01\n'}
[0.605559] (two_wheeled_robot) StdoutLine: {'line': b'-- Up-to-date: /home/greyflon/lab_2025/install/two_wheeled_robot/share/two_wheeled_robot/models/aws_robomaker_residential_FitnessEquipment_01/model.config\n'}
[0.605670] (two_wheeled_robot) StdoutLine: {'line': b'-- Up-to-date: /home/greyflon/lab_2025/install/two_wheeled_robot/share/two_wheeled_robot/models/aws_robomaker_residential_FitnessEquipment_01/meshes\n'}
[0.605735] (two_wheeled_robot) StdoutLine: {'line': b'-- Up-to-date: /home/greyflon/lab_2025/install/two_wheeled_robot/share/two_wheeled_robot/models/aws_robomaker_residential_FitnessEquipment_01/meshes/aws_FitnessEquipment_01_collision.DAE\n'}
[0.605797] (two_wheeled_robot) StdoutLine: {'line': b'-- Up-to-date: /home/greyflon/lab_2025/install/two_wheeled_robot/share/two_wheeled_robot/models/aws_robomaker_residential_FitnessEquipment_01/meshes/aws_FitnessEquipment_01_visual.DAE\n'}
[0.605857] (two_wheeled_robot) StdoutLine: {'line': b'-- Up-to-date: /home/greyflon/lab_2025/install/two_wheeled_robot/share/two_wheeled_robot/models/aws_robomaker_residential_FitnessEquipment_01/materials\n'}
[0.605918] (two_wheeled_robot) StdoutLine: {'line': b'-- Up-to-date: /home/greyflon/lab_2025/install/two_wheeled_robot/share/two_wheeled_robot/models/aws_robomaker_residential_FitnessEquipment_01/materials/textures\n'}
[0.605986] (two_wheeled_robot) StdoutLine: {'line': b'-- Up-to-date: /home/greyflon/lab_2025/install/two_wheeled_robot/share/two_wheeled_robot/models/aws_robomaker_residential_FitnessEquipment_01/materials/textures/aws_FitnessEquipment_01.png\n'}
[0.606047] (two_wheeled_robot) StdoutLine: {'line': b'-- Up-to-date: /home/greyflon/lab_2025/install/two_wheeled_robot/share/two_wheeled_robot/models/aws_robomaker_residential_FitnessEquipment_01/model.sdf\n'}
[0.606108] (two_wheeled_robot) StdoutLine: {'line': b'-- Up-to-date: /home/greyflon/lab_2025/install/two_wheeled_robot/share/two_wheeled_robot/models/aws_robomaker_residential_Handle_01\n'}
[0.606168] (two_wheeled_robot) StdoutLine: {'line': b'-- Up-to-date: /home/greyflon/lab_2025/install/two_wheeled_robot/share/two_wheeled_robot/models/aws_robomaker_residential_Handle_01/model.config\n'}
[0.606228] (two_wheeled_robot) StdoutLine: {'line': b'-- Up-to-date: /home/greyflon/lab_2025/install/two_wheeled_robot/share/two_wheeled_robot/models/aws_robomaker_residential_Handle_01/meshes\n'}
[0.606288] (two_wheeled_robot) StdoutLine: {'line': b'-- Up-to-date: /home/greyflon/lab_2025/install/two_wheeled_robot/share/two_wheeled_robot/models/aws_robomaker_residential_Handle_01/meshes/aws_Handle_01_collision.DAE\n'}
[0.606349] (two_wheeled_robot) StdoutLine: {'line': b'-- Up-to-date: /home/greyflon/lab_2025/install/two_wheeled_robot/share/two_wheeled_robot/models/aws_robomaker_residential_Handle_01/meshes/aws_Handle_01_visual.DAE\n'}
[0.606410] (two_wheeled_robot) StdoutLine: {'line': b'-- Up-to-date: /home/greyflon/lab_2025/install/two_wheeled_robot/share/two_wheeled_robot/models/aws_robomaker_residential_Handle_01/materials\n'}
[0.606470] (two_wheeled_robot) StdoutLine: {'line': b'-- Up-to-date: /home/greyflon/lab_2025/install/two_wheeled_robot/share/two_wheeled_robot/models/aws_robomaker_residential_Handle_01/materials/textures\n'}
[0.606531] (two_wheeled_robot) StdoutLine: {'line': b'-- Up-to-date: /home/greyflon/lab_2025/install/two_wheeled_robot/share/two_wheeled_robot/models/aws_robomaker_residential_Handle_01/materials/textures/aws_Handle_01.png\n'}
[0.606599] (two_wheeled_robot) StdoutLine: {'line': b'-- Up-to-date: /home/greyflon/lab_2025/install/two_wheeled_robot/share/two_wheeled_robot/models/aws_robomaker_residential_Handle_01/model.sdf\n'}
[0.606699] (two_wheeled_robot) StdoutLine: {'line': b'-- Up-to-date: /home/greyflon/lab_2025/install/two_wheeled_robot/share/two_wheeled_robot/models/conference_table_large\n'}
[0.606762] (two_wheeled_robot) StdoutLine: {'line': b'-- Up-to-date: /home/greyflon/lab_2025/install/two_wheeled_robot/share/two_wheeled_robot/models/conference_table_large/model.config\n'}
[0.606824] (two_wheeled_robot) StdoutLine: {'line': b'-- Up-to-date: /home/greyflon/lab_2025/install/two_wheeled_robot/share/two_wheeled_robot/models/conference_table_large/meshes\n'}
[0.606884] (two_wheeled_robot) StdoutLine: {'line': b'-- Up-to-date: /home/greyflon/lab_2025/install/two_wheeled_robot/share/two_wheeled_robot/models/conference_table_large/meshes/conference_table_large.mtl\n'}
[0.606945] (two_wheeled_robot) StdoutLine: {'line': b'-- Up-to-date: /home/greyflon/lab_2025/install/two_wheeled_robot/share/two_wheeled_robot/models/conference_table_large/meshes/conference_table_large.obj\n'}
[0.607006] (two_wheeled_robot) StdoutLine: {'line': b'-- Up-to-date: /home/greyflon/lab_2025/install/two_wheeled_robot/share/two_wheeled_robot/models/conference_table_large/model.sdf\n'}
[0.607066] (two_wheeled_robot) StdoutLine: {'line': b'-- Up-to-date: /home/greyflon/lab_2025/install/two_wheeled_robot/share/two_wheeled_robot/models/office_lamp\n'}
[0.607127] (two_wheeled_robot) StdoutLine: {'line': b'-- Up-to-date: /home/greyflon/lab_2025/install/two_wheeled_robot/share/two_wheeled_robot/models/office_lamp/model.config\n'}
[0.607194] (two_wheeled_robot) StdoutLine: {'line': b'-- Up-to-date: /home/greyflon/lab_2025/install/two_wheeled_robot/share/two_wheeled_robot/models/office_lamp/meshes\n'}
[0.607298] (two_wheeled_robot) StdoutLine: {'line': b'-- Up-to-date: /home/greyflon/lab_2025/install/two_wheeled_robot/share/two_wheeled_robot/models/office_lamp/meshes/office_lamp.dae\n'}
[0.607365] (two_wheeled_robot) StdoutLine: {'line': b'-- Up-to-date: /home/greyflon/lab_2025/install/two_wheeled_robot/share/two_wheeled_robot/models/office_lamp/materials\n'}
[0.607426] (two_wheeled_robot) StdoutLine: {'line': b'-- Up-to-date: /home/greyflon/lab_2025/install/two_wheeled_robot/share/two_wheeled_robot/models/office_lamp/materials/textures\n'}
[0.607487] (two_wheeled_robot) StdoutLine: {'line': b'-- Up-to-date: /home/greyflon/lab_2025/install/two_wheeled_robot/share/two_wheeled_robot/models/office_lamp/materials/textures/office_lamp_diffuse.png\n'}
[0.607548] (two_wheeled_robot) StdoutLine: {'line': b'-- Up-to-date: /home/greyflon/lab_2025/install/two_wheeled_robot/share/two_wheeled_robot/models/office_lamp/materials/textures/office_lamp_illumination.png\n'}
[0.607642] (two_wheeled_robot) StdoutLine: {'line': b'-- Up-to-date: /home/greyflon/lab_2025/install/two_wheeled_robot/share/two_wheeled_robot/models/office_lamp/materials/textures/office_lamp_specular.png\n'}
[0.607749] (two_wheeled_robot) StdoutLine: {'line': b'-- Up-to-date: /home/greyflon/lab_2025/install/two_wheeled_robot/share/two_wheeled_robot/models/office_lamp/model.sdf\n'}
[0.607811] (two_wheeled_robot) StdoutLine: {'line': b'-- Up-to-date: /home/greyflon/lab_2025/install/two_wheeled_robot/share/two_wheeled_robot/models/KitchenSink\n'}
[0.607871] (two_wheeled_robot) StdoutLine: {'line': b'-- Up-to-date: /home/greyflon/lab_2025/install/two_wheeled_robot/share/two_wheeled_robot/models/KitchenSink/model.config\n'}
[0.607932] (two_wheeled_robot) StdoutLine: {'line': b'-- Up-to-date: /home/greyflon/lab_2025/install/two_wheeled_robot/share/two_wheeled_robot/models/KitchenSink/meshes\n'}
[0.607993] (two_wheeled_robot) StdoutLine: {'line': b'-- Up-to-date: /home/greyflon/lab_2025/install/two_wheeled_robot/share/two_wheeled_robot/models/KitchenSink/meshes/kitchenSink.mtl\n'}
[0.608054] (two_wheeled_robot) StdoutLine: {'line': b'-- Up-to-date: /home/greyflon/lab_2025/install/two_wheeled_robot/share/two_wheeled_robot/models/KitchenSink/meshes/kitchenSink.obj\n'}
[0.608115] (two_wheeled_robot) StdoutLine: {'line': b'-- Up-to-date: /home/greyflon/lab_2025/install/two_wheeled_robot/share/two_wheeled_robot/models/KitchenSink/thumbnails\n'}
[0.608174] (two_wheeled_robot) StdoutLine: {'line': b'-- Up-to-date: /home/greyflon/lab_2025/install/two_wheeled_robot/share/two_wheeled_robot/models/KitchenSink/thumbnails/5.png\n'}
[0.608234] (two_wheeled_robot) StdoutLine: {'line': b'-- Up-to-date: /home/greyflon/lab_2025/install/two_wheeled_robot/share/two_wheeled_robot/models/KitchenSink/thumbnails/1.png\n'}
[0.608294] (two_wheeled_robot) StdoutLine: {'line': b'-- Up-to-date: /home/greyflon/lab_2025/install/two_wheeled_robot/share/two_wheeled_robot/models/KitchenSink/thumbnails/2.png\n'}
[0.608354] (two_wheeled_robot) StdoutLine: {'line': b'-- Up-to-date: /home/greyflon/lab_2025/install/two_wheeled_robot/share/two_wheeled_robot/models/KitchenSink/thumbnails/4.png\n'}
[0.608415] (two_wheeled_robot) StdoutLine: {'line': b'-- Up-to-date: /home/greyflon/lab_2025/install/two_wheeled_robot/share/two_wheeled_robot/models/KitchenSink/thumbnails/3.png\n'}
[0.608475] (two_wheeled_robot) StdoutLine: {'line': b'-- Up-to-date: /home/greyflon/lab_2025/install/two_wheeled_robot/share/two_wheeled_robot/models/KitchenSink/model.sdf\n'}
[0.608536] (two_wheeled_robot) StdoutLine: {'line': b'-- Up-to-date: /home/greyflon/lab_2025/install/two_wheeled_robot/share/two_wheeled_robot/models/prius_hybrid\n'}
[0.608607] (two_wheeled_robot) StdoutLine: {'line': b'-- Up-to-date: /home/greyflon/lab_2025/install/two_wheeled_robot/share/two_wheeled_robot/models/prius_hybrid/model.config\n'}
[0.608701] (two_wheeled_robot) StdoutLine: {'line': b'-- Up-to-date: /home/greyflon/lab_2025/install/two_wheeled_robot/share/two_wheeled_robot/models/prius_hybrid/meshes\n'}
[0.608763] (two_wheeled_robot) StdoutLine: {'line': b'-- Up-to-date: /home/greyflon/lab_2025/install/two_wheeled_robot/share/two_wheeled_robot/models/prius_hybrid/meshes/Hybrid.mtl\n'}
[0.608831] (two_wheeled_robot) StdoutLine: {'line': b'-- Up-to-date: /home/greyflon/lab_2025/install/two_wheeled_robot/share/two_wheeled_robot/models/prius_hybrid/meshes/Hybrid.obj\n'}
[0.608891] (two_wheeled_robot) StdoutLine: {'line': b'-- Up-to-date: /home/greyflon/lab_2025/install/two_wheeled_robot/share/two_wheeled_robot/models/prius_hybrid/materials\n'}
[0.608951] (two_wheeled_robot) StdoutLine: {'line': b'-- Up-to-date: /home/greyflon/lab_2025/install/two_wheeled_robot/share/two_wheeled_robot/models/prius_hybrid/materials/textures\n'}
[0.609012] (two_wheeled_robot) StdoutLine: {'line': b'-- Up-to-date: /home/greyflon/lab_2025/install/two_wheeled_robot/share/two_wheeled_robot/models/prius_hybrid/materials/textures/Hybrid_Interior.png\n'}
[0.609073] (two_wheeled_robot) StdoutLine: {'line': b'-- Up-to-date: /home/greyflon/lab_2025/install/two_wheeled_robot/share/two_wheeled_robot/models/prius_hybrid/materials/textures/Wheels3.png\n'}
[0.609161] (two_wheeled_robot) StdoutLine: {'line': b'-- Up-to-date: /home/greyflon/lab_2025/install/two_wheeled_robot/share/two_wheeled_robot/models/prius_hybrid/materials/textures/Hybrid.png\n'}
[0.609230] (two_wheeled_robot) StdoutLine: {'line': b'-- Up-to-date: /home/greyflon/lab_2025/install/two_wheeled_robot/share/two_wheeled_robot/models/prius_hybrid/model.sdf\n'}
[0.609292] (two_wheeled_robot) StdoutLine: {'line': b'-- Up-to-date: /home/greyflon/lab_2025/install/two_wheeled_robot/share/two_wheeled_robot/models/construction_barrel\n'}
[0.609353] (two_wheeled_robot) StdoutLine: {'line': b'-- Up-to-date: /home/greyflon/lab_2025/install/two_wheeled_robot/share/two_wheeled_robot/models/construction_barrel/model-1_4.sdf\n'}
[0.609451] (two_wheeled_robot) StdoutLine: {'line': b'-- Up-to-date: /home/greyflon/lab_2025/install/two_wheeled_robot/share/two_wheeled_robot/models/construction_barrel/model.config\n'}
[0.609513] (two_wheeled_robot) StdoutLine: {'line': b'-- Up-to-date: /home/greyflon/lab_2025/install/two_wheeled_robot/share/two_wheeled_robot/models/construction_barrel/meshes\n'}
[0.609573] (two_wheeled_robot) StdoutLine: {'line': b'-- Up-to-date: /home/greyflon/lab_2025/install/two_wheeled_robot/share/two_wheeled_robot/models/construction_barrel/meshes/construction_barrel.dae\n'}
[0.609686] (two_wheeled_robot) StdoutLine: {'line': b'-- Up-to-date: /home/greyflon/lab_2025/install/two_wheeled_robot/share/two_wheeled_robot/models/construction_barrel/materials\n'}
[0.609749] (two_wheeled_robot) StdoutLine: {'line': b'-- Up-to-date: /home/greyflon/lab_2025/install/two_wheeled_robot/share/two_wheeled_robot/models/construction_barrel/materials/textures\n'}
[0.609809] (two_wheeled_robot) StdoutLine: {'line': b'-- Up-to-date: /home/greyflon/lab_2025/install/two_wheeled_robot/share/two_wheeled_robot/models/construction_barrel/materials/textures/Construction_Barrel_Spec.png\n'}
[0.609869] (two_wheeled_robot) StdoutLine: {'line': b'-- Up-to-date: /home/greyflon/lab_2025/install/two_wheeled_robot/share/two_wheeled_robot/models/construction_barrel/materials/textures/Construction_Barrel_Diffuse.png\n'}
[0.609929] (two_wheeled_robot) StdoutLine: {'line': b'-- Up-to-date: /home/greyflon/lab_2025/install/two_wheeled_robot/share/two_wheeled_robot/models/construction_barrel/model.sdf\n'}
[0.609989] (two_wheeled_robot) StdoutLine: {'line': b'-- Up-to-date: /home/greyflon/lab_2025/install/two_wheeled_robot/share/two_wheeled_robot/models/construction_barrel/model-1_3.sdf\n'}
[0.610049] (two_wheeled_robot) StdoutLine: {'line': b'-- Up-to-date: /home/greyflon/lab_2025/install/two_wheeled_robot/share/two_wheeled_robot/models/BMWCart\n'}
[0.610109] (two_wheeled_robot) StdoutLine: {'line': b'-- Up-to-date: /home/greyflon/lab_2025/install/two_wheeled_robot/share/two_wheeled_robot/models/BMWCart/model.config\n'}
[0.610169] (two_wheeled_robot) StdoutLine: {'line': b'-- Up-to-date: /home/greyflon/lab_2025/install/two_wheeled_robot/share/two_wheeled_robot/models/BMWCart/meshes\n'}
[0.610229] (two_wheeled_robot) StdoutLine: {'line': b'-- Up-to-date: /home/greyflon/lab_2025/install/two_wheeled_robot/share/two_wheeled_robot/models/BMWCart/meshes/Cart_BMW_Col.mtl\n'}
[0.610296] (two_wheeled_robot) StdoutLine: {'line': b'-- Up-to-date: /home/greyflon/lab_2025/install/two_wheeled_robot/share/two_wheeled_robot/models/BMWCart/meshes/Cart_BMW.mtl\n'}
[0.610356] (two_wheeled_robot) StdoutLine: {'line': b'-- Up-to-date: /home/greyflon/lab_2025/install/two_wheeled_robot/share/two_wheeled_robot/models/BMWCart/meshes/Carts_Wheels_Diffuse.png\n'}
[0.610416] (two_wheeled_robot) StdoutLine: {'line': b'-- Up-to-date: /home/greyflon/lab_2025/install/two_wheeled_robot/share/two_wheeled_robot/models/BMWCart/meshes/Cart_BMW_Col.obj\n'}
[0.610476] (two_wheeled_robot) StdoutLine: {'line': b'-- Up-to-date: /home/greyflon/lab_2025/install/two_wheeled_robot/share/two_wheeled_robot/models/BMWCart/meshes/Cart_BMW_SpecGloss.png\n'}
[0.610536] (two_wheeled_robot) StdoutLine: {'line': b'-- Up-to-date: /home/greyflon/lab_2025/install/two_wheeled_robot/share/two_wheeled_robot/models/BMWCart/meshes/Cart_BMW_Diffuse.png\n'}
[0.610609] (two_wheeled_robot) StdoutLine: {'line': b'-- Up-to-date: /home/greyflon/lab_2025/install/two_wheeled_robot/share/two_wheeled_robot/models/BMWCart/meshes/Cart_BMW.obj\n'}
[0.610693] (two_wheeled_robot) StdoutLine: {'line': b'-- Up-to-date: /home/greyflon/lab_2025/install/two_wheeled_robot/share/two_wheeled_robot/models/BMWCart/meshes/Cart_BMW_Normal.png\n'}
[0.610755] (two_wheeled_robot) StdoutLine: {'line': b'-- Up-to-date: /home/greyflon/lab_2025/install/two_wheeled_robot/share/two_wheeled_robot/models/BMWCart/thumbnails\n'}
[0.610815] (two_wheeled_robot) StdoutLine: {'line': b'-- Up-to-date: /home/greyflon/lab_2025/install/two_wheeled_robot/share/two_wheeled_robot/models/BMWCart/thumbnails/5.png\n'}
[0.610875] (two_wheeled_robot) StdoutLine: {'line': b'-- Up-to-date: /home/greyflon/lab_2025/install/two_wheeled_robot/share/two_wheeled_robot/models/BMWCart/thumbnails/1.png\n'}
[0.610936] (two_wheeled_robot) StdoutLine: {'line': b'-- Up-to-date: /home/greyflon/lab_2025/install/two_wheeled_robot/share/two_wheeled_robot/models/BMWCart/thumbnails/2.png\n'}
[0.610996] (two_wheeled_robot) StdoutLine: {'line': b'-- Up-to-date: /home/greyflon/lab_2025/install/two_wheeled_robot/share/two_wheeled_robot/models/BMWCart/thumbnails/4.png\n'}
[0.611056] (two_wheeled_robot) StdoutLine: {'line': b'-- Up-to-date: /home/greyflon/lab_2025/install/two_wheeled_robot/share/two_wheeled_robot/models/BMWCart/thumbnails/3.png\n'}
[0.611117] (two_wheeled_robot) StdoutLine: {'line': b'-- Up-to-date: /home/greyflon/lab_2025/install/two_wheeled_robot/share/two_wheeled_robot/models/BMWCart/model.sdf\n'}
[0.611176] (two_wheeled_robot) StdoutLine: {'line': b'-- Up-to-date: /home/greyflon/lab_2025/install/two_wheeled_robot/share/two_wheeled_robot/models/PatientFSit\n'}
[0.611241] (two_wheeled_robot) StdoutLine: {'line': b'-- Up-to-date: /home/greyflon/lab_2025/install/two_wheeled_robot/share/two_wheeled_robot/models/PatientFSit/model.config\n'}
[0.611302] (two_wheeled_robot) StdoutLine: {'line': b'-- Up-to-date: /home/greyflon/lab_2025/install/two_wheeled_robot/share/two_wheeled_robot/models/PatientFSit/meshes\n'}
[0.611362] (two_wheeled_robot) StdoutLine: {'line': b'-- Up-to-date: /home/greyflon/lab_2025/install/two_wheeled_robot/share/two_wheeled_robot/models/PatientFSit/meshes/PatientFPurple.png\n'}
[0.611422] (two_wheeled_robot) StdoutLine: {'line': b'-- Up-to-date: /home/greyflon/lab_2025/install/two_wheeled_robot/share/two_wheeled_robot/models/PatientFSit/meshes/PatientFSit_Col.mtl\n'}
[0.611483] (two_wheeled_robot) StdoutLine: {'line': b'-- Up-to-date: /home/greyflon/lab_2025/install/two_wheeled_robot/share/two_wheeled_robot/models/PatientFSit/meshes/PatientFSit_Col.obj\n'}
[0.611569] (two_wheeled_robot) StdoutLine: {'line': b'-- Up-to-date: /home/greyflon/lab_2025/install/two_wheeled_robot/share/two_wheeled_robot/models/PatientFSit/meshes/PatientFSit.mtl\n'}
[0.611684] (two_wheeled_robot) StdoutLine: {'line': b'-- Up-to-date: /home/greyflon/lab_2025/install/two_wheeled_robot/share/two_wheeled_robot/models/PatientFSit/meshes/PatientFSit.obj\n'}
[0.611783] (two_wheeled_robot) StdoutLine: {'line': b'-- Up-to-date: /home/greyflon/lab_2025/install/two_wheeled_robot/share/two_wheeled_robot/models/PatientFSit/thumbnails\n'}
[0.611844] (two_wheeled_robot) StdoutLine: {'line': b'-- Up-to-date: /home/greyflon/lab_2025/install/two_wheeled_robot/share/two_wheeled_robot/models/PatientFSit/thumbnails/5.png\n'}
[0.611905] (two_wheeled_robot) StdoutLine: {'line': b'-- Up-to-date: /home/greyflon/lab_2025/install/two_wheeled_robot/share/two_wheeled_robot/models/PatientFSit/thumbnails/1.png\n'}
[0.611965] (two_wheeled_robot) StdoutLine: {'line': b'-- Up-to-date: /home/greyflon/lab_2025/install/two_wheeled_robot/share/two_wheeled_robot/models/PatientFSit/thumbnails/2.png\n'}
[0.612025] (two_wheeled_robot) StdoutLine: {'line': b'-- Up-to-date: /home/greyflon/lab_2025/install/two_wheeled_robot/share/two_wheeled_robot/models/PatientFSit/thumbnails/4.png\n'}
[0.612085] (two_wheeled_robot) StdoutLine: {'line': b'-- Up-to-date: /home/greyflon/lab_2025/install/two_wheeled_robot/share/two_wheeled_robot/models/PatientFSit/thumbnails/3.png\n'}
[0.612145] (two_wheeled_robot) StdoutLine: {'line': b'-- Up-to-date: /home/greyflon/lab_2025/install/two_wheeled_robot/share/two_wheeled_robot/models/PatientFSit/model.sdf\n'}
[0.612205] (two_wheeled_robot) StdoutLine: {'line': b'-- Up-to-date: /home/greyflon/lab_2025/install/two_wheeled_robot/share/two_wheeled_robot/models/VisitorKidSit\n'}
[0.612265] (two_wheeled_robot) StdoutLine: {'line': b'-- Up-to-date: /home/greyflon/lab_2025/install/two_wheeled_robot/share/two_wheeled_robot/models/VisitorKidSit/model.config\n'}
[0.612326] (two_wheeled_robot) StdoutLine: {'line': b'-- Up-to-date: /home/greyflon/lab_2025/install/two_wheeled_robot/share/two_wheeled_robot/models/VisitorKidSit/meshes\n'}
[0.612386] (two_wheeled_robot) StdoutLine: {'line': b'-- Up-to-date: /home/greyflon/lab_2025/install/two_wheeled_robot/share/two_wheeled_robot/models/VisitorKidSit/meshes/VisitorKidSit.mtl\n'}
[0.612446] (two_wheeled_robot) StdoutLine: {'line': b'-- Up-to-date: /home/greyflon/lab_2025/install/two_wheeled_robot/share/two_wheeled_robot/models/VisitorKidSit/meshes/VisitorKidSit_Col.obj\n'}
[0.612507] (two_wheeled_robot) StdoutLine: {'line': b'-- Up-to-date: /home/greyflon/lab_2025/install/two_wheeled_robot/share/two_wheeled_robot/models/VisitorKidSit/meshes/VisitorKidSit_Col.mtl\n'}
[0.612566] (two_wheeled_robot) StdoutLine: {'line': b'-- Up-to-date: /home/greyflon/lab_2025/install/two_wheeled_robot/share/two_wheeled_robot/models/VisitorKidSit/meshes/VisitorKidSit.obj\n'}
[0.612673] (two_wheeled_robot) StdoutLine: {'line': b'-- Up-to-date: /home/greyflon/lab_2025/install/two_wheeled_robot/share/two_wheeled_robot/models/VisitorKidSit/meshes/VisitorKidGreen.png\n'}
[0.612740] (two_wheeled_robot) StdoutLine: {'line': b'-- Up-to-date: /home/greyflon/lab_2025/install/two_wheeled_robot/share/two_wheeled_robot/models/VisitorKidSit/meshes/Book.png\n'}
[0.612800] (two_wheeled_robot) StdoutLine: {'line': b'-- Up-to-date: /home/greyflon/lab_2025/install/two_wheeled_robot/share/two_wheeled_robot/models/VisitorKidSit/thumbnails\n'}
[0.612860] (two_wheeled_robot) StdoutLine: {'line': b'-- Up-to-date: /home/greyflon/lab_2025/install/two_wheeled_robot/share/two_wheeled_robot/models/VisitorKidSit/thumbnails/5.png\n'}
[0.612920] (two_wheeled_robot) StdoutLine: {'line': b'-- Up-to-date: /home/greyflon/lab_2025/install/two_wheeled_robot/share/two_wheeled_robot/models/VisitorKidSit/thumbnails/1.png\n'}
[0.612980] (two_wheeled_robot) StdoutLine: {'line': b'-- Up-to-date: /home/greyflon/lab_2025/install/two_wheeled_robot/share/two_wheeled_robot/models/VisitorKidSit/thumbnails/2.png\n'}
[0.613040] (two_wheeled_robot) StdoutLine: {'line': b'-- Up-to-date: /home/greyflon/lab_2025/install/two_wheeled_robot/share/two_wheeled_robot/models/VisitorKidSit/thumbnails/4.png\n'}
[0.613100] (two_wheeled_robot) StdoutLine: {'line': b'-- Up-to-date: /home/greyflon/lab_2025/install/two_wheeled_robot/share/two_wheeled_robot/models/VisitorKidSit/thumbnails/3.png\n'}
[0.613160] (two_wheeled_robot) StdoutLine: {'line': b'-- Up-to-date: /home/greyflon/lab_2025/install/two_wheeled_robot/share/two_wheeled_robot/models/VisitorKidSit/model.sdf\n'}
[0.613231] (two_wheeled_robot) StdoutLine: {'line': b'-- Up-to-date: /home/greyflon/lab_2025/install/two_wheeled_robot/share/two_wheeled_robot/models/aws_robomaker_residential_KitchenTable_01\n'}
[0.613292] (two_wheeled_robot) StdoutLine: {'line': b'-- Up-to-date: /home/greyflon/lab_2025/install/two_wheeled_robot/share/two_wheeled_robot/models/aws_robomaker_residential_KitchenTable_01/model.config\n'}
[0.613353] (two_wheeled_robot) StdoutLine: {'line': b'-- Up-to-date: /home/greyflon/lab_2025/install/two_wheeled_robot/share/two_wheeled_robot/models/aws_robomaker_residential_KitchenTable_01/meshes\n'}
[0.613412] (two_wheeled_robot) StdoutLine: {'line': b'-- Up-to-date: /home/greyflon/lab_2025/install/two_wheeled_robot/share/two_wheeled_robot/models/aws_robomaker_residential_KitchenTable_01/meshes/aws_KitchenTable_01_collision.DAE\n'}
[0.613473] (two_wheeled_robot) StdoutLine: {'line': b'-- Up-to-date: /home/greyflon/lab_2025/install/two_wheeled_robot/share/two_wheeled_robot/models/aws_robomaker_residential_KitchenTable_01/meshes/aws_KitchenTable_01_visual.DAE\n'}
[0.613534] (two_wheeled_robot) StdoutLine: {'line': b'-- Up-to-date: /home/greyflon/lab_2025/install/two_wheeled_robot/share/two_wheeled_robot/models/aws_robomaker_residential_KitchenTable_01/materials\n'}
[0.613623] (two_wheeled_robot) StdoutLine: {'line': b'-- Up-to-date: /home/greyflon/lab_2025/install/two_wheeled_robot/share/two_wheeled_robot/models/aws_robomaker_residential_KitchenTable_01/materials/textures\n'}
[0.613723] (two_wheeled_robot) StdoutLine: {'line': b'-- Up-to-date: /home/greyflon/lab_2025/install/two_wheeled_robot/share/two_wheeled_robot/models/aws_robomaker_residential_KitchenTable_01/materials/textures/aws_KitchenTable_01.png\n'}
[0.613785] (two_wheeled_robot) StdoutLine: {'line': b'-- Up-to-date: /home/greyflon/lab_2025/install/two_wheeled_robot/share/two_wheeled_robot/models/aws_robomaker_residential_KitchenTable_01/model.sdf\n'}
[0.613846] (two_wheeled_robot) StdoutLine: {'line': b'-- Up-to-date: /home/greyflon/lab_2025/install/two_wheeled_robot/share/two_wheeled_robot/models/thrift_shop\n'}
[0.613906] (two_wheeled_robot) StdoutLine: {'line': b'-- Up-to-date: /home/greyflon/lab_2025/install/two_wheeled_robot/share/two_wheeled_robot/models/thrift_shop/model.config\n'}
[0.613967] (two_wheeled_robot) StdoutLine: {'line': b'-- Up-to-date: /home/greyflon/lab_2025/install/two_wheeled_robot/share/two_wheeled_robot/models/thrift_shop/meshes\n'}
[0.614027] (two_wheeled_robot) StdoutLine: {'line': b'-- Up-to-date: /home/greyflon/lab_2025/install/two_wheeled_robot/share/two_wheeled_robot/models/thrift_shop/meshes/thrift_shop.dae\n'}
[0.614087] (two_wheeled_robot) StdoutLine: {'line': b'-- Up-to-date: /home/greyflon/lab_2025/install/two_wheeled_robot/share/two_wheeled_robot/models/thrift_shop/materials\n'}
[0.614147] (two_wheeled_robot) StdoutLine: {'line': b'-- Up-to-date: /home/greyflon/lab_2025/install/two_wheeled_robot/share/two_wheeled_robot/models/thrift_shop/materials/textures\n'}
[0.614207] (two_wheeled_robot) StdoutLine: {'line': b'-- Up-to-date: /home/greyflon/lab_2025/install/two_wheeled_robot/share/two_wheeled_robot/models/thrift_shop/materials/textures/thrift_shop_diffuse.jpg\n'}
[0.614268] (two_wheeled_robot) StdoutLine: {'line': b'-- Up-to-date: /home/greyflon/lab_2025/install/two_wheeled_robot/share/two_wheeled_robot/models/thrift_shop/materials/textures/thrift_shop_spec.jpg\n'}
[0.614328] (two_wheeled_robot) StdoutLine: {'line': b'-- Up-to-date: /home/greyflon/lab_2025/install/two_wheeled_robot/share/two_wheeled_robot/models/thrift_shop/model.sdf\n'}
[0.614387] (two_wheeled_robot) StdoutLine: {'line': b'-- Up-to-date: /home/greyflon/lab_2025/install/two_wheeled_robot/share/two_wheeled_robot/models/ParkingTrolleyMax\n'}
[0.614447] (two_wheeled_robot) StdoutLine: {'line': b'-- Up-to-date: /home/greyflon/lab_2025/install/two_wheeled_robot/share/two_wheeled_robot/models/ParkingTrolleyMax/model.config\n'}
[0.614513] (two_wheeled_robot) StdoutLine: {'line': b'-- Up-to-date: /home/greyflon/lab_2025/install/two_wheeled_robot/share/two_wheeled_robot/models/ParkingTrolleyMax/meshes\n'}
[0.614574] (two_wheeled_robot) StdoutLine: {'line': b'-- Up-to-date: /home/greyflon/lab_2025/install/two_wheeled_robot/share/two_wheeled_robot/models/ParkingTrolleyMax/meshes/ParkingTrolleyMax.obj\n'}
[0.614675] (two_wheeled_robot) StdoutLine: {'line': b'-- Up-to-date: /home/greyflon/lab_2025/install/two_wheeled_robot/share/two_wheeled_robot/models/ParkingTrolleyMax/meshes/ParkingTrolleyMax_Diffuse.png\n'}
[0.614740] (two_wheeled_robot) StdoutLine: {'line': b'-- Up-to-date: /home/greyflon/lab_2025/install/two_wheeled_robot/share/two_wheeled_robot/models/ParkingTrolleyMax/meshes/ParkingTrolleyMax.mtl\n'}
[0.614801] (two_wheeled_robot) StdoutLine: {'line': b'-- Up-to-date: /home/greyflon/lab_2025/install/two_wheeled_robot/share/two_wheeled_robot/models/ParkingTrolleyMax/thumbnails\n'}
[0.614861] (two_wheeled_robot) StdoutLine: {'line': b'-- Up-to-date: /home/greyflon/lab_2025/install/two_wheeled_robot/share/two_wheeled_robot/models/ParkingTrolleyMax/thumbnails/5.png\n'}
[0.614921] (two_wheeled_robot) StdoutLine: {'line': b'-- Up-to-date: /home/greyflon/lab_2025/install/two_wheeled_robot/share/two_wheeled_robot/models/ParkingTrolleyMax/thumbnails/1.png\n'}
[0.614983] (two_wheeled_robot) StdoutLine: {'line': b'-- Up-to-date: /home/greyflon/lab_2025/install/two_wheeled_robot/share/two_wheeled_robot/models/ParkingTrolleyMax/thumbnails/2.png\n'}
[0.615049] (two_wheeled_robot) StdoutLine: {'line': b'-- Up-to-date: /home/greyflon/lab_2025/install/two_wheeled_robot/share/two_wheeled_robot/models/ParkingTrolleyMax/thumbnails/4.png\n'}
[0.615114] (two_wheeled_robot) StdoutLine: {'line': b'-- Up-to-date: /home/greyflon/lab_2025/install/two_wheeled_robot/share/two_wheeled_robot/models/ParkingTrolleyMax/thumbnails/3.png\n'}
[0.615183] (two_wheeled_robot) StdoutLine: {'line': b'-- Up-to-date: /home/greyflon/lab_2025/install/two_wheeled_robot/share/two_wheeled_robot/models/ParkingTrolleyMax/model.sdf\n'}
[0.615243] (two_wheeled_robot) StdoutLine: {'line': b'-- Up-to-date: /home/greyflon/lab_2025/install/two_wheeled_robot/share/two_wheeled_robot/models/InstrumentCart2\n'}
[0.615304] (two_wheeled_robot) StdoutLine: {'line': b'-- Up-to-date: /home/greyflon/lab_2025/install/two_wheeled_robot/share/two_wheeled_robot/models/InstrumentCart2/model.config\n'}
[0.615364] (two_wheeled_robot) StdoutLine: {'line': b'-- Up-to-date: /home/greyflon/lab_2025/install/two_wheeled_robot/share/two_wheeled_robot/models/InstrumentCart2/meshes\n'}
[0.615424] (two_wheeled_robot) StdoutLine: {'line': b'-- Up-to-date: /home/greyflon/lab_2025/install/two_wheeled_robot/share/two_wheeled_robot/models/InstrumentCart2/meshes/InstrumentCart2.obj\n'}
[0.615484] (two_wheeled_robot) StdoutLine: {'line': b'-- Up-to-date: /home/greyflon/lab_2025/install/two_wheeled_robot/share/two_wheeled_robot/models/InstrumentCart2/meshes/texture.png\n'}
[0.615544] (two_wheeled_robot) StdoutLine: {'line': b'-- Up-to-date: /home/greyflon/lab_2025/install/two_wheeled_robot/share/two_wheeled_robot/models/InstrumentCart2/meshes/InstrumentCart2.mtl\n'}
[0.615629] (two_wheeled_robot) StdoutLine: {'line': b'-- Up-to-date: /home/greyflon/lab_2025/install/two_wheeled_robot/share/two_wheeled_robot/models/InstrumentCart2/thumbnails\n'}
[0.615727] (two_wheeled_robot) StdoutLine: {'line': b'-- Up-to-date: /home/greyflon/lab_2025/install/two_wheeled_robot/share/two_wheeled_robot/models/InstrumentCart2/thumbnails/5.png\n'}
[0.615789] (two_wheeled_robot) StdoutLine: {'line': b'-- Up-to-date: /home/greyflon/lab_2025/install/two_wheeled_robot/share/two_wheeled_robot/models/InstrumentCart2/thumbnails/1.png\n'}
[0.615849] (two_wheeled_robot) StdoutLine: {'line': b'-- Up-to-date: /home/greyflon/lab_2025/install/two_wheeled_robot/share/two_wheeled_robot/models/InstrumentCart2/thumbnails/2.png\n'}
[0.615910] (two_wheeled_robot) StdoutLine: {'line': b'-- Up-to-date: /home/greyflon/lab_2025/install/two_wheeled_robot/share/two_wheeled_robot/models/InstrumentCart2/thumbnails/4.png\n'}
[0.615977] (two_wheeled_robot) StdoutLine: {'line': b'-- Up-to-date: /home/greyflon/lab_2025/install/two_wheeled_robot/share/two_wheeled_robot/models/InstrumentCart2/thumbnails/3.png\n'}
[0.616037] (two_wheeled_robot) StdoutLine: {'line': b'-- Up-to-date: /home/greyflon/lab_2025/install/two_wheeled_robot/share/two_wheeled_robot/models/InstrumentCart2/model.sdf\n'}
[0.616098] (two_wheeled_robot) StdoutLine: {'line': b'-- Up-to-date: /home/greyflon/lab_2025/install/two_wheeled_robot/share/two_wheeled_robot/models/Box\n'}
[0.616158] (two_wheeled_robot) StdoutLine: {'line': b'-- Up-to-date: /home/greyflon/lab_2025/install/two_wheeled_robot/share/two_wheeled_robot/models/Box/model.config\n'}
[0.616219] (two_wheeled_robot) StdoutLine: {'line': b'-- Up-to-date: /home/greyflon/lab_2025/install/two_wheeled_robot/share/two_wheeled_robot/models/Box/model.sdf\n'}
[0.616279] (two_wheeled_robot) StdoutLine: {'line': b'-- Up-to-date: /home/greyflon/lab_2025/install/two_wheeled_robot/share/two_wheeled_robot/models/aws_robomaker_residential_Carpet_01\n'}
[0.616339] (two_wheeled_robot) StdoutLine: {'line': b'-- Up-to-date: /home/greyflon/lab_2025/install/two_wheeled_robot/share/two_wheeled_robot/models/aws_robomaker_residential_Carpet_01/model.config\n'}
[0.616400] (two_wheeled_robot) StdoutLine: {'line': b'-- Up-to-date: /home/greyflon/lab_2025/install/two_wheeled_robot/share/two_wheeled_robot/models/aws_robomaker_residential_Carpet_01/meshes\n'}
[0.616461] (two_wheeled_robot) StdoutLine: {'line': b'-- Up-to-date: /home/greyflon/lab_2025/install/two_wheeled_robot/share/two_wheeled_robot/models/aws_robomaker_residential_Carpet_01/meshes/aws_Carpet_01_visual.DAE\n'}
[0.616522] (two_wheeled_robot) StdoutLine: {'line': b'-- Up-to-date: /home/greyflon/lab_2025/install/two_wheeled_robot/share/two_wheeled_robot/models/aws_robomaker_residential_Carpet_01/meshes/aws_Carpet_01_collision.DAE\n'}
[0.616589] (two_wheeled_robot) StdoutLine: {'line': b'-- Up-to-date: /home/greyflon/lab_2025/install/two_wheeled_robot/share/two_wheeled_robot/models/aws_robomaker_residential_Carpet_01/materials\n'}
[0.616694] (two_wheeled_robot) StdoutLine: {'line': b'-- Up-to-date: /home/greyflon/lab_2025/install/two_wheeled_robot/share/two_wheeled_robot/models/aws_robomaker_residential_Carpet_01/materials/textures\n'}
[0.616756] (two_wheeled_robot) StdoutLine: {'line': b'-- Up-to-date: /home/greyflon/lab_2025/install/two_wheeled_robot/share/two_wheeled_robot/models/aws_robomaker_residential_Carpet_01/materials/textures/aws_Carpet_01.png\n'}
[0.616817] (two_wheeled_robot) StdoutLine: {'line': b'-- Up-to-date: /home/greyflon/lab_2025/install/two_wheeled_robot/share/two_wheeled_robot/models/aws_robomaker_residential_Carpet_01/model.sdf\n'}
[0.616877] (two_wheeled_robot) StdoutLine: {'line': b'-- Up-to-date: /home/greyflon/lab_2025/install/two_wheeled_robot/share/two_wheeled_robot/models/ambulance\n'}
[0.616943] (two_wheeled_robot) StdoutLine: {'line': b'-- Up-to-date: /home/greyflon/lab_2025/install/two_wheeled_robot/share/two_wheeled_robot/models/ambulance/model.config\n'}
[0.617003] (two_wheeled_robot) StdoutLine: {'line': b'-- Up-to-date: /home/greyflon/lab_2025/install/two_wheeled_robot/share/two_wheeled_robot/models/ambulance/meshes\n'}
[0.617064] (two_wheeled_robot) StdoutLine: {'line': b'-- Up-to-date: /home/greyflon/lab_2025/install/two_wheeled_robot/share/two_wheeled_robot/models/ambulance/meshes/ambulance.obj\n'}
[0.617124] (two_wheeled_robot) StdoutLine: {'line': b'-- Up-to-date: /home/greyflon/lab_2025/install/two_wheeled_robot/share/two_wheeled_robot/models/ambulance/meshes/ambulance.mtl\n'}
[0.617184] (two_wheeled_robot) StdoutLine: {'line': b'-- Up-to-date: /home/greyflon/lab_2025/install/two_wheeled_robot/share/two_wheeled_robot/models/ambulance/materials\n'}
[0.617244] (two_wheeled_robot) StdoutLine: {'line': b'-- Up-to-date: /home/greyflon/lab_2025/install/two_wheeled_robot/share/two_wheeled_robot/models/ambulance/materials/textures\n'}
[0.617304] (two_wheeled_robot) StdoutLine: {'line': b'-- Up-to-date: /home/greyflon/lab_2025/install/two_wheeled_robot/share/two_wheeled_robot/models/ambulance/materials/textures/ambulance.png\n'}
[0.617370] (two_wheeled_robot) StdoutLine: {'line': b'-- Up-to-date: /home/greyflon/lab_2025/install/two_wheeled_robot/share/two_wheeled_robot/models/ambulance/model.sdf\n'}
[0.617430] (two_wheeled_robot) StdoutLine: {'line': b'-- Up-to-date: /home/greyflon/lab_2025/install/two_wheeled_robot/share/two_wheeled_robot/models/small_plant\n'}
[0.617490] (two_wheeled_robot) StdoutLine: {'line': b'-- Up-to-date: /home/greyflon/lab_2025/install/two_wheeled_robot/share/two_wheeled_robot/models/small_plant/mesh\n'}
[0.617550] (two_wheeled_robot) StdoutLine: {'line': b'-- Up-to-date: /home/greyflon/lab_2025/install/two_wheeled_robot/share/two_wheeled_robot/models/small_plant/mesh/small_plant.stl\n'}
[0.617635] (two_wheeled_robot) StdoutLine: {'line': b'-- Up-to-date: /home/greyflon/lab_2025/install/two_wheeled_robot/share/two_wheeled_robot/models/small_plant/model.config\n'}
[0.617727] (two_wheeled_robot) StdoutLine: {'line': b'-- Up-to-date: /home/greyflon/lab_2025/install/two_wheeled_robot/share/two_wheeled_robot/models/small_plant/model.sdf\n'}
[0.617789] (two_wheeled_robot) StdoutLine: {'line': b'-- Up-to-date: /home/greyflon/lab_2025/install/two_wheeled_robot/share/two_wheeled_robot/models/coke_can\n'}
[0.617848] (two_wheeled_robot) StdoutLine: {'line': b'-- Up-to-date: /home/greyflon/lab_2025/install/two_wheeled_robot/share/two_wheeled_robot/models/coke_can/model-1_2.sdf\n'}
[0.617908] (two_wheeled_robot) StdoutLine: {'line': b'-- Up-to-date: /home/greyflon/lab_2025/install/two_wheeled_robot/share/two_wheeled_robot/models/coke_can/model-1_4.sdf\n'}
[0.617967] (two_wheeled_robot) StdoutLine: {'line': b'-- Up-to-date: /home/greyflon/lab_2025/install/two_wheeled_robot/share/two_wheeled_robot/models/coke_can/model.config\n'}
[0.618027] (two_wheeled_robot) StdoutLine: {'line': b'-- Up-to-date: /home/greyflon/lab_2025/install/two_wheeled_robot/share/two_wheeled_robot/models/coke_can/meshes\n'}
[0.618087] (two_wheeled_robot) StdoutLine: {'line': b'-- Up-to-date: /home/greyflon/lab_2025/install/two_wheeled_robot/share/two_wheeled_robot/models/coke_can/meshes/coke_can.dae\n'}
[0.618147] (two_wheeled_robot) StdoutLine: {'line': b'-- Up-to-date: /home/greyflon/lab_2025/install/two_wheeled_robot/share/two_wheeled_robot/models/coke_can/materials\n'}
[0.618206] (two_wheeled_robot) StdoutLine: {'line': b'-- Up-to-date: /home/greyflon/lab_2025/install/two_wheeled_robot/share/two_wheeled_robot/models/coke_can/materials/textures\n'}
[0.618266] (two_wheeled_robot) StdoutLine: {'line': b'-- Up-to-date: /home/greyflon/lab_2025/install/two_wheeled_robot/share/two_wheeled_robot/models/coke_can/materials/textures/coke_can.png\n'}
[0.618326] (two_wheeled_robot) StdoutLine: {'line': b'-- Up-to-date: /home/greyflon/lab_2025/install/two_wheeled_robot/share/two_wheeled_robot/models/coke_can/model.sdf\n'}
[0.618385] (two_wheeled_robot) StdoutLine: {'line': b'-- Up-to-date: /home/greyflon/lab_2025/install/two_wheeled_robot/share/two_wheeled_robot/models/coke_can/model-1_3.sdf\n'}
[0.618445] (two_wheeled_robot) StdoutLine: {'line': b'-- Up-to-date: /home/greyflon/lab_2025/install/two_wheeled_robot/share/two_wheeled_robot/models/shelves_high\n'}
[0.618505] (two_wheeled_robot) StdoutLine: {'line': b'-- Up-to-date: /home/greyflon/lab_2025/install/two_wheeled_robot/share/two_wheeled_robot/models/shelves_high/model.config\n'}
[0.618565] (two_wheeled_robot) StdoutLine: {'line': b'-- Up-to-date: /home/greyflon/lab_2025/install/two_wheeled_robot/share/two_wheeled_robot/models/shelves_high/meshes\n'}
[0.618673] (two_wheeled_robot) StdoutLine: {'line': b'-- Up-to-date: /home/greyflon/lab_2025/install/two_wheeled_robot/share/two_wheeled_robot/models/shelves_high/meshes/shelves_high.dae\n'}
[0.618741] (two_wheeled_robot) StdoutLine: {'line': b'-- Up-to-date: /home/greyflon/lab_2025/install/two_wheeled_robot/share/two_wheeled_robot/models/shelves_high/meshes/shelves_high_collision.dae\n'}
[0.618803] (two_wheeled_robot) StdoutLine: {'line': b'-- Up-to-date: /home/greyflon/lab_2025/install/two_wheeled_robot/share/two_wheeled_robot/models/shelves_high/materials\n'}
[0.618870] (two_wheeled_robot) StdoutLine: {'line': b'-- Up-to-date: /home/greyflon/lab_2025/install/two_wheeled_robot/share/two_wheeled_robot/models/shelves_high/materials/scripts\n'}
[0.618938] (two_wheeled_robot) StdoutLine: {'line': b'-- Up-to-date: /home/greyflon/lab_2025/install/two_wheeled_robot/share/two_wheeled_robot/models/shelves_high/materials/scripts/shelves_2.material\n'}
[0.618999] (two_wheeled_robot) StdoutLine: {'line': b'-- Up-to-date: /home/greyflon/lab_2025/install/two_wheeled_robot/share/two_wheeled_robot/models/shelves_high/materials/textures\n'}
[0.619059] (two_wheeled_robot) StdoutLine: {'line': b'-- Up-to-date: /home/greyflon/lab_2025/install/two_wheeled_robot/share/two_wheeled_robot/models/shelves_high/materials/textures/Metal_Seamed_1.jpg\n'}
[0.619119] (two_wheeled_robot) StdoutLine: {'line': b'-- Up-to-date: /home/greyflon/lab_2025/install/two_wheeled_robot/share/two_wheeled_robot/models/shelves_high/materials/textures/__Metal_Seamed_1.jpg\n'}
[0.619179] (two_wheeled_robot) StdoutLine: {'line': b'-- Up-to-date: /home/greyflon/lab_2025/install/two_wheeled_robot/share/two_wheeled_robot/models/shelves_high/materials/textures/__Metal_Seamed_1_0.jpg\n'}
[0.619239] (two_wheeled_robot) StdoutLine: {'line': b'-- Up-to-date: /home/greyflon/lab_2025/install/two_wheeled_robot/share/two_wheeled_robot/models/shelves_high/materials/textures/Metal_Seamed.jpg\n'}
[0.619299] (two_wheeled_robot) StdoutLine: {'line': b'-- Up-to-date: /home/greyflon/lab_2025/install/two_wheeled_robot/share/two_wheeled_robot/models/shelves_high/materials/textures/Metal_Aluminum_Anodized.jpg\n'}
[0.619360] (two_wheeled_robot) StdoutLine: {'line': b'-- Up-to-date: /home/greyflon/lab_2025/install/two_wheeled_robot/share/two_wheeled_robot/models/shelves_high/model.sdf\n'}
[0.619420] (two_wheeled_robot) StdoutLine: {'line': b'-- Up-to-date: /home/greyflon/lab_2025/install/two_wheeled_robot/share/two_wheeled_robot/models/BoxesLargeOnPallet_2\n'}
[0.619480] (two_wheeled_robot) StdoutLine: {'line': b'-- Up-to-date: /home/greyflon/lab_2025/install/two_wheeled_robot/share/two_wheeled_robot/models/BoxesLargeOnPallet_2/model.config\n'}
[0.619541] (two_wheeled_robot) StdoutLine: {'line': b'-- Up-to-date: /home/greyflon/lab_2025/install/two_wheeled_robot/share/two_wheeled_robot/models/BoxesLargeOnPallet_2/model.sdf\n'}
[0.619613] (two_wheeled_robot) StdoutLine: {'line': b'-- Up-to-date: /home/greyflon/lab_2025/install/two_wheeled_robot/share/two_wheeled_robot/models/irobot_hand\n'}
[0.619715] (two_wheeled_robot) StdoutLine: {'line': b'-- Up-to-date: /home/greyflon/lab_2025/install/two_wheeled_robot/share/two_wheeled_robot/models/irobot_hand/model-1_4.sdf\n'}
[0.619810] (two_wheeled_robot) StdoutLine: {'line': b'-- Up-to-date: /home/greyflon/lab_2025/install/two_wheeled_robot/share/two_wheeled_robot/models/irobot_hand/model.config\n'}
[0.619876] (two_wheeled_robot) StdoutLine: {'line': b'-- Up-to-date: /home/greyflon/lab_2025/install/two_wheeled_robot/share/two_wheeled_robot/models/irobot_hand/meshes\n'}
[0.619936] (two_wheeled_robot) StdoutLine: {'line': b'-- Up-to-date: /home/greyflon/lab_2025/install/two_wheeled_robot/share/two_wheeled_robot/models/irobot_hand/meshes/palm.stl\n'}
[0.619996] (two_wheeled_robot) StdoutLine: {'line': b'-- Up-to-date: /home/greyflon/lab_2025/install/two_wheeled_robot/share/two_wheeled_robot/models/irobot_hand/meshes/finger_base.stl\n'}
[0.620057] (two_wheeled_robot) StdoutLine: {'line': b'-- Up-to-date: /home/greyflon/lab_2025/install/two_wheeled_robot/share/two_wheeled_robot/models/irobot_hand/meshes/finger_distal.stl\n'}
[0.620118] (two_wheeled_robot) StdoutLine: {'line': b'-- Up-to-date: /home/greyflon/lab_2025/install/two_wheeled_robot/share/two_wheeled_robot/models/irobot_hand/meshes/finger_proximal.stl\n'}
[0.620179] (two_wheeled_robot) StdoutLine: {'line': b'-- Up-to-date: /home/greyflon/lab_2025/install/two_wheeled_robot/share/two_wheeled_robot/models/irobot_hand/model.sdf\n'}
[0.620245] (two_wheeled_robot) StdoutLine: {'line': b'-- Up-to-date: /home/greyflon/lab_2025/install/two_wheeled_robot/share/two_wheeled_robot/models/irobot_hand/model-1_3.sdf\n'}
[0.620306] (two_wheeled_robot) StdoutLine: {'line': b'-- Up-to-date: /home/greyflon/lab_2025/install/two_wheeled_robot/share/two_wheeled_robot/models/XRayMachine\n'}
[0.620366] (two_wheeled_robot) StdoutLine: {'line': b'-- Up-to-date: /home/greyflon/lab_2025/install/two_wheeled_robot/share/two_wheeled_robot/models/XRayMachine/model.config\n'}
[0.620426] (two_wheeled_robot) StdoutLine: {'line': b'-- Up-to-date: /home/greyflon/lab_2025/install/two_wheeled_robot/share/two_wheeled_robot/models/XRayMachine/meshes\n'}
[0.620487] (two_wheeled_robot) StdoutLine: {'line': b'-- Up-to-date: /home/greyflon/lab_2025/install/two_wheeled_robot/share/two_wheeled_robot/models/XRayMachine/meshes/XRayMachine.obj\n'}
[0.620548] (two_wheeled_robot) StdoutLine: {'line': b'-- Up-to-date: /home/greyflon/lab_2025/install/two_wheeled_robot/share/two_wheeled_robot/models/XRayMachine/meshes/XRayMachine.mtl\n'}
[0.620656] (two_wheeled_robot) StdoutLine: {'line': b'-- Up-to-date: /home/greyflon/lab_2025/install/two_wheeled_robot/share/two_wheeled_robot/models/XRayMachine/meshes/XRayMachine.png\n'}
[0.620773] (two_wheeled_robot) StdoutLine: {'line': b'-- Up-to-date: /home/greyflon/lab_2025/install/two_wheeled_robot/share/two_wheeled_robot/models/XRayMachine/meshes/XRayMachine_Col.mtl\n'}
[0.620835] (two_wheeled_robot) StdoutLine: {'line': b'-- Up-to-date: /home/greyflon/lab_2025/install/two_wheeled_robot/share/two_wheeled_robot/models/XRayMachine/meshes/XRayMachine_Col.obj\n'}
[0.620894] (two_wheeled_robot) StdoutLine: {'line': b'-- Up-to-date: /home/greyflon/lab_2025/install/two_wheeled_robot/share/two_wheeled_robot/models/XRayMachine/thumbnails\n'}
[0.620960] (two_wheeled_robot) StdoutLine: {'line': b'-- Up-to-date: /home/greyflon/lab_2025/install/two_wheeled_robot/share/two_wheeled_robot/models/XRayMachine/thumbnails/5.png\n'}
[0.621021] (two_wheeled_robot) StdoutLine: {'line': b'-- Up-to-date: /home/greyflon/lab_2025/install/two_wheeled_robot/share/two_wheeled_robot/models/XRayMachine/thumbnails/1.png\n'}
[0.621080] (two_wheeled_robot) StdoutLine: {'line': b'-- Up-to-date: /home/greyflon/lab_2025/install/two_wheeled_robot/share/two_wheeled_robot/models/XRayMachine/thumbnails/2.png\n'}
[0.621175] (two_wheeled_robot) StdoutLine: {'line': b'-- Up-to-date: /home/greyflon/lab_2025/install/two_wheeled_robot/share/two_wheeled_robot/models/XRayMachine/thumbnails/4.png\n'}
[0.621238] (two_wheeled_robot) StdoutLine: {'line': b'-- Up-to-date: /home/greyflon/lab_2025/install/two_wheeled_robot/share/two_wheeled_robot/models/XRayMachine/thumbnails/3.png\n'}
[0.621298] (two_wheeled_robot) StdoutLine: {'line': b'-- Up-to-date: /home/greyflon/lab_2025/install/two_wheeled_robot/share/two_wheeled_robot/models/XRayMachine/model.sdf\n'}
[0.621358] (two_wheeled_robot) StdoutLine: {'line': b'-- Up-to-date: /home/greyflon/lab_2025/install/two_wheeled_robot/share/two_wheeled_robot/models/FemaleVisitor\n'}
[0.621418] (two_wheeled_robot) StdoutLine: {'line': b'-- Up-to-date: /home/greyflon/lab_2025/install/two_wheeled_robot/share/two_wheeled_robot/models/FemaleVisitor/model.config\n'}
[0.621478] (two_wheeled_robot) StdoutLine: {'line': b'-- Up-to-date: /home/greyflon/lab_2025/install/two_wheeled_robot/share/two_wheeled_robot/models/FemaleVisitor/meshes\n'}
[0.621539] (two_wheeled_robot) StdoutLine: {'line': b'-- Up-to-date: /home/greyflon/lab_2025/install/two_wheeled_robot/share/two_wheeled_robot/models/FemaleVisitor/meshes/FemaleVisitor.png\n'}
[0.621611] (two_wheeled_robot) StdoutLine: {'line': b'-- Up-to-date: /home/greyflon/lab_2025/install/two_wheeled_robot/share/two_wheeled_robot/models/FemaleVisitor/meshes/FemaleVisitor.mtl\n'}
[0.621705] (two_wheeled_robot) StdoutLine: {'line': b'-- Up-to-date: /home/greyflon/lab_2025/install/two_wheeled_robot/share/two_wheeled_robot/models/FemaleVisitor/meshes/FemaleVisitor_Col.obj\n'}
[0.621769] (two_wheeled_robot) StdoutLine: {'line': b'-- Up-to-date: /home/greyflon/lab_2025/install/two_wheeled_robot/share/two_wheeled_robot/models/FemaleVisitor/meshes/FemaleVisitor_Col.mtl\n'}
[0.621837] (two_wheeled_robot) StdoutLine: {'line': b'-- Up-to-date: /home/greyflon/lab_2025/install/two_wheeled_robot/share/two_wheeled_robot/models/FemaleVisitor/meshes/FemaleVisitor.obj\n'}
[0.621897] (two_wheeled_robot) StdoutLine: {'line': b'-- Up-to-date: /home/greyflon/lab_2025/install/two_wheeled_robot/share/two_wheeled_robot/models/FemaleVisitor/meshes/Handbag.png\n'}
[0.621974] (two_wheeled_robot) StdoutLine: {'line': b'-- Up-to-date: /home/greyflon/lab_2025/install/two_wheeled_robot/share/two_wheeled_robot/models/FemaleVisitor/thumbnails\n'}
[0.622035] (two_wheeled_robot) StdoutLine: {'line': b'-- Up-to-date: /home/greyflon/lab_2025/install/two_wheeled_robot/share/two_wheeled_robot/models/FemaleVisitor/thumbnails/5.png\n'}
[0.622095] (two_wheeled_robot) StdoutLine: {'line': b'-- Up-to-date: /home/greyflon/lab_2025/install/two_wheeled_robot/share/two_wheeled_robot/models/FemaleVisitor/thumbnails/1.png\n'}
[0.622155] (two_wheeled_robot) StdoutLine: {'line': b'-- Up-to-date: /home/greyflon/lab_2025/install/two_wheeled_robot/share/two_wheeled_robot/models/FemaleVisitor/thumbnails/2.png\n'}
[0.622214] (two_wheeled_robot) StdoutLine: {'line': b'-- Up-to-date: /home/greyflon/lab_2025/install/two_wheeled_robot/share/two_wheeled_robot/models/FemaleVisitor/thumbnails/4.png\n'}
[0.622274] (two_wheeled_robot) StdoutLine: {'line': b'-- Up-to-date: /home/greyflon/lab_2025/install/two_wheeled_robot/share/two_wheeled_robot/models/FemaleVisitor/thumbnails/3.png\n'}
[0.622334] (two_wheeled_robot) StdoutLine: {'line': b'-- Up-to-date: /home/greyflon/lab_2025/install/two_wheeled_robot/share/two_wheeled_robot/models/FemaleVisitor/model.sdf\n'}
[0.622393] (two_wheeled_robot) StdoutLine: {'line': b'-- Up-to-date: /home/greyflon/lab_2025/install/two_wheeled_robot/share/two_wheeled_robot/models/aws_robomaker_warehouse_WallB_01\n'}
[0.622453] (two_wheeled_robot) StdoutLine: {'line': b'-- Up-to-date: /home/greyflon/lab_2025/install/two_wheeled_robot/share/two_wheeled_robot/models/aws_robomaker_warehouse_WallB_01/model.config\n'}
[0.622514] (two_wheeled_robot) StdoutLine: {'line': b'-- Up-to-date: /home/greyflon/lab_2025/install/two_wheeled_robot/share/two_wheeled_robot/models/aws_robomaker_warehouse_WallB_01/meshes\n'}
[0.622574] (two_wheeled_robot) StdoutLine: {'line': b'-- Up-to-date: /home/greyflon/lab_2025/install/two_wheeled_robot/share/two_wheeled_robot/models/aws_robomaker_warehouse_WallB_01/meshes/aws_robomaker_warehouse_WallB_01_collision.DAE\n'}
[0.622692] (two_wheeled_robot) StdoutLine: {'line': b'-- Up-to-date: /home/greyflon/lab_2025/install/two_wheeled_robot/share/two_wheeled_robot/models/aws_robomaker_warehouse_WallB_01/meshes/aws_robomaker_warehouse_WallB_01_visual.DAE\n'}
[0.622756] (two_wheeled_robot) StdoutLine: {'line': b'-- Up-to-date: /home/greyflon/lab_2025/install/two_wheeled_robot/share/two_wheeled_robot/models/aws_robomaker_warehouse_WallB_01/materials\n'}
[0.622817] (two_wheeled_robot) StdoutLine: {'line': b'-- Up-to-date: /home/greyflon/lab_2025/install/two_wheeled_robot/share/two_wheeled_robot/models/aws_robomaker_warehouse_WallB_01/materials/textures\n'}
[0.622884] (two_wheeled_robot) StdoutLine: {'line': b'-- Up-to-date: /home/greyflon/lab_2025/install/two_wheeled_robot/share/two_wheeled_robot/models/aws_robomaker_warehouse_WallB_01/materials/textures/aws_robomaker_warehouse_WallB_01.png\n'}
[0.622945] (two_wheeled_robot) StdoutLine: {'line': b'-- Up-to-date: /home/greyflon/lab_2025/install/two_wheeled_robot/share/two_wheeled_robot/models/aws_robomaker_warehouse_WallB_01/model.sdf\n'}
[0.623005] (two_wheeled_robot) StdoutLine: {'line': b'-- Up-to-date: /home/greyflon/lab_2025/install/two_wheeled_robot/share/two_wheeled_robot/models/desk\n'}
[0.623066] (two_wheeled_robot) StdoutLine: {'line': b'-- Up-to-date: /home/greyflon/lab_2025/install/two_wheeled_robot/share/two_wheeled_robot/models/desk/model.config\n'}
[0.623126] (two_wheeled_robot) StdoutLine: {'line': b'-- Up-to-date: /home/greyflon/lab_2025/install/two_wheeled_robot/share/two_wheeled_robot/models/desk/meshes\n'}
[0.623192] (two_wheeled_robot) StdoutLine: {'line': b'-- Up-to-date: /home/greyflon/lab_2025/install/two_wheeled_robot/share/two_wheeled_robot/models/desk/meshes/desk.obj\n'}
[0.623252] (two_wheeled_robot) StdoutLine: {'line': b'-- Up-to-date: /home/greyflon/lab_2025/install/two_wheeled_robot/share/two_wheeled_robot/models/desk/meshes/desk.mtl\n'}
[0.623313] (two_wheeled_robot) StdoutLine: {'line': b'-- Up-to-date: /home/greyflon/lab_2025/install/two_wheeled_robot/share/two_wheeled_robot/models/desk/materials\n'}
[0.623373] (two_wheeled_robot) StdoutLine: {'line': b'-- Up-to-date: /home/greyflon/lab_2025/install/two_wheeled_robot/share/two_wheeled_robot/models/desk/materials/textures\n'}
[0.623433] (two_wheeled_robot) StdoutLine: {'line': b'-- Up-to-date: /home/greyflon/lab_2025/install/two_wheeled_robot/share/two_wheeled_robot/models/desk/materials/textures/desk.png\n'}
[0.623494] (two_wheeled_robot) StdoutLine: {'line': b'-- Up-to-date: /home/greyflon/lab_2025/install/two_wheeled_robot/share/two_wheeled_robot/models/desk/model.sdf\n'}
[0.623554] (two_wheeled_robot) StdoutLine: {'line': b'-- Up-to-date: /home/greyflon/lab_2025/install/two_wheeled_robot/share/two_wheeled_robot/models/submarine_buoyant\n'}
[0.623654] (two_wheeled_robot) StdoutLine: {'line': b'-- Up-to-date: /home/greyflon/lab_2025/install/two_wheeled_robot/share/two_wheeled_robot/models/submarine_buoyant/model.config\n'}
[0.623718] (two_wheeled_robot) StdoutLine: {'line': b'-- Up-to-date: /home/greyflon/lab_2025/install/two_wheeled_robot/share/two_wheeled_robot/models/submarine_buoyant/model.sdf\n'}
[0.623779] (two_wheeled_robot) StdoutLine: {'line': b'-- Up-to-date: /home/greyflon/lab_2025/install/two_wheeled_robot/share/two_wheeled_robot/models/submarine_buoyant/model.sdf.erb\n'}
[0.623838] (two_wheeled_robot) StdoutLine: {'line': b'-- Up-to-date: /home/greyflon/lab_2025/install/two_wheeled_robot/share/two_wheeled_robot/models/aws_robomaker_residential_DeskPortraitD_02\n'}
[0.623898] (two_wheeled_robot) StdoutLine: {'line': b'-- Up-to-date: /home/greyflon/lab_2025/install/two_wheeled_robot/share/two_wheeled_robot/models/aws_robomaker_residential_DeskPortraitD_02/model.config\n'}
[0.623959] (two_wheeled_robot) StdoutLine: {'line': b'-- Up-to-date: /home/greyflon/lab_2025/install/two_wheeled_robot/share/two_wheeled_robot/models/aws_robomaker_residential_DeskPortraitD_02/meshes\n'}
[0.624045] (two_wheeled_robot) StdoutLine: {'line': b'-- Up-to-date: /home/greyflon/lab_2025/install/two_wheeled_robot/share/two_wheeled_robot/models/aws_robomaker_residential_DeskPortraitD_02/meshes/aws_DeskPortraitD_01_visual.DAE\n'}
[0.624109] (two_wheeled_robot) StdoutLine: {'line': b'-- Up-to-date: /home/greyflon/lab_2025/install/two_wheeled_robot/share/two_wheeled_robot/models/aws_robomaker_residential_DeskPortraitD_02/meshes/aws_DeskPortraitD_01_collision.DAE\n'}
[0.624170] (two_wheeled_robot) StdoutLine: {'line': b'-- Up-to-date: /home/greyflon/lab_2025/install/two_wheeled_robot/share/two_wheeled_robot/models/aws_robomaker_residential_DeskPortraitD_02/materials\n'}
[0.624230] (two_wheeled_robot) StdoutLine: {'line': b'-- Up-to-date: /home/greyflon/lab_2025/install/two_wheeled_robot/share/two_wheeled_robot/models/aws_robomaker_residential_DeskPortraitD_02/materials/textures\n'}
[0.624290] (two_wheeled_robot) StdoutLine: {'line': b'-- Up-to-date: /home/greyflon/lab_2025/install/two_wheeled_robot/share/two_wheeled_robot/models/aws_robomaker_residential_DeskPortraitD_02/materials/textures/aws_DeskPortraitD_02.png\n'}
[0.624351] (two_wheeled_robot) StdoutLine: {'line': b'-- Up-to-date: /home/greyflon/lab_2025/install/two_wheeled_robot/share/two_wheeled_robot/models/aws_robomaker_residential_DeskPortraitD_02/materials/textures/aws_DeskPortraitD_01.png\n'}
[0.624411] (two_wheeled_robot) StdoutLine: {'line': b'-- Up-to-date: /home/greyflon/lab_2025/install/two_wheeled_robot/share/two_wheeled_robot/models/aws_robomaker_residential_DeskPortraitD_02/materials/textures/DeskPortraitD_02.jpg\n'}
[0.624478] (two_wheeled_robot) StdoutLine: {'line': b'-- Up-to-date: /home/greyflon/lab_2025/install/two_wheeled_robot/share/two_wheeled_robot/models/aws_robomaker_residential_DeskPortraitD_02/model.sdf\n'}
[0.624539] (two_wheeled_robot) StdoutLine: {'line': b'-- Up-to-date: /home/greyflon/lab_2025/install/two_wheeled_robot/share/two_wheeled_robot/models/VendingMachine\n'}
[0.624608] (two_wheeled_robot) StdoutLine: {'line': b'-- Up-to-date: /home/greyflon/lab_2025/install/two_wheeled_robot/share/two_wheeled_robot/models/VendingMachine/model.config\n'}
[0.624704] (two_wheeled_robot) StdoutLine: {'line': b'-- Up-to-date: /home/greyflon/lab_2025/install/two_wheeled_robot/share/two_wheeled_robot/models/VendingMachine/meshes\n'}
[0.624766] (two_wheeled_robot) StdoutLine: {'line': b'-- Up-to-date: /home/greyflon/lab_2025/install/two_wheeled_robot/share/two_wheeled_robot/models/VendingMachine/meshes/VendingMachine.mtl\n'}
[0.624827] (two_wheeled_robot) StdoutLine: {'line': b'-- Up-to-date: /home/greyflon/lab_2025/install/two_wheeled_robot/share/two_wheeled_robot/models/VendingMachine/meshes/VendingMachine_Diffuse.png\n'}
[0.624886] (two_wheeled_robot) StdoutLine: {'line': b'-- Up-to-date: /home/greyflon/lab_2025/install/two_wheeled_robot/share/two_wheeled_robot/models/VendingMachine/meshes/VendingMachine.obj\n'}
[0.624947] (two_wheeled_robot) StdoutLine: {'line': b'-- Up-to-date: /home/greyflon/lab_2025/install/two_wheeled_robot/share/two_wheeled_robot/models/VendingMachine/thumbnails\n'}
[0.625007] (two_wheeled_robot) StdoutLine: {'line': b'-- Up-to-date: /home/greyflon/lab_2025/install/two_wheeled_robot/share/two_wheeled_robot/models/VendingMachine/thumbnails/5.png\n'}
[0.625067] (two_wheeled_robot) StdoutLine: {'line': b'-- Up-to-date: /home/greyflon/lab_2025/install/two_wheeled_robot/share/two_wheeled_robot/models/VendingMachine/thumbnails/1.png\n'}
[0.625127] (two_wheeled_robot) StdoutLine: {'line': b'-- Up-to-date: /home/greyflon/lab_2025/install/two_wheeled_robot/share/two_wheeled_robot/models/VendingMachine/thumbnails/2.png\n'}
[0.625188] (two_wheeled_robot) StdoutLine: {'line': b'-- Up-to-date: /home/greyflon/lab_2025/install/two_wheeled_robot/share/two_wheeled_robot/models/VendingMachine/thumbnails/4.png\n'}
[0.625247] (two_wheeled_robot) StdoutLine: {'line': b'-- Up-to-date: /home/greyflon/lab_2025/install/two_wheeled_robot/share/two_wheeled_robot/models/VendingMachine/thumbnails/3.png\n'}
[0.625307] (two_wheeled_robot) StdoutLine: {'line': b'-- Up-to-date: /home/greyflon/lab_2025/install/two_wheeled_robot/share/two_wheeled_robot/models/VendingMachine/model.sdf\n'}
[0.625367] (two_wheeled_robot) StdoutLine: {'line': b'-- Up-to-date: /home/greyflon/lab_2025/install/two_wheeled_robot/share/two_wheeled_robot/models/marker_infini_logo\n'}
[0.625427] (two_wheeled_robot) StdoutLine: {'line': b'-- Up-to-date: /home/greyflon/lab_2025/install/two_wheeled_robot/share/two_wheeled_robot/models/marker_infini_logo/model.config~.xml\n'}
[0.625488] (two_wheeled_robot) StdoutLine: {'line': b'-- Up-to-date: /home/greyflon/lab_2025/install/two_wheeled_robot/share/two_wheeled_robot/models/marker_infini_logo/model.sdf~\n'}
[0.625547] (two_wheeled_robot) StdoutLine: {'line': b'-- Up-to-date: /home/greyflon/lab_2025/install/two_wheeled_robot/share/two_wheeled_robot/models/marker_infini_logo/model-1_4.sdf\n'}
[0.625619] (two_wheeled_robot) StdoutLine: {'line': b'-- Up-to-date: /home/greyflon/lab_2025/install/two_wheeled_robot/share/two_wheeled_robot/models/marker_infini_logo/model.config\n'}
[0.625716] (two_wheeled_robot) StdoutLine: {'line': b'-- Up-to-date: /home/greyflon/lab_2025/install/two_wheeled_robot/share/two_wheeled_robot/models/marker_infini_logo/meshes\n'}
[0.625778] (two_wheeled_robot) StdoutLine: {'line': b'-- Up-to-date: /home/greyflon/lab_2025/install/two_wheeled_robot/share/two_wheeled_robot/models/marker_infini_logo/meshes/Marker0.dae\n'}
[0.625839] (two_wheeled_robot) StdoutLine: {'line': b'-- Up-to-date: /home/greyflon/lab_2025/install/two_wheeled_robot/share/two_wheeled_robot/models/marker_infini_logo/materials\n'}
[0.625921] (two_wheeled_robot) StdoutLine: {'line': b'-- Up-to-date: /home/greyflon/lab_2025/install/two_wheeled_robot/share/two_wheeled_robot/models/marker_infini_logo/materials/textures\n'}
[0.625982] (two_wheeled_robot) StdoutLine: {'line': b'-- Up-to-date: /home/greyflon/lab_2025/install/two_wheeled_robot/share/two_wheeled_robot/models/marker_infini_logo/materials/textures/Marker0_tmp.png\n'}
[0.626043] (two_wheeled_robot) StdoutLine: {'line': b'-- Up-to-date: /home/greyflon/lab_2025/install/two_wheeled_robot/share/two_wheeled_robot/models/marker_infini_logo/materials/textures/BKP_Marker0.png\n'}
[0.626104] (two_wheeled_robot) StdoutLine: {'line': b'-- Up-to-date: /home/greyflon/lab_2025/install/two_wheeled_robot/share/two_wheeled_robot/models/marker_infini_logo/materials/textures/Marker0.png\n'}
[0.626164] (two_wheeled_robot) StdoutLine: {'line': b'-- Up-to-date: /home/greyflon/lab_2025/install/two_wheeled_robot/share/two_wheeled_robot/models/marker_infini_logo/model.sdf\n'}
[0.626226] (two_wheeled_robot) StdoutLine: {'line': b'-- Up-to-date: /home/greyflon/lab_2025/install/two_wheeled_robot/share/two_wheeled_robot/models/marker_infini_logo/model-1_5.sdf~\n'}
[0.626286] (two_wheeled_robot) StdoutLine: {'line': b'-- Up-to-date: /home/greyflon/lab_2025/install/two_wheeled_robot/share/two_wheeled_robot/models/marker_infini_logo/model-1_5.sdf\n'}
[0.626346] (two_wheeled_robot) StdoutLine: {'line': b'-- Up-to-date: /home/greyflon/lab_2025/install/two_wheeled_robot/share/two_wheeled_robot/models/marker_infini_logo/model-1_4.sdf~\n'}
[0.626407] (two_wheeled_robot) StdoutLine: {'line': b'-- Up-to-date: /home/greyflon/lab_2025/install/two_wheeled_robot/share/two_wheeled_robot/models/aws_robomaker_residential_PortraitE_01\n'}
[0.626469] (two_wheeled_robot) StdoutLine: {'line': b'-- Up-to-date: /home/greyflon/lab_2025/install/two_wheeled_robot/share/two_wheeled_robot/models/aws_robomaker_residential_PortraitE_01/model.config\n'}
[0.626535] (two_wheeled_robot) StdoutLine: {'line': b'-- Up-to-date: /home/greyflon/lab_2025/install/two_wheeled_robot/share/two_wheeled_robot/models/aws_robomaker_residential_PortraitE_01/meshes\n'}
[0.626608] (two_wheeled_robot) StdoutLine: {'line': b'-- Up-to-date: /home/greyflon/lab_2025/install/two_wheeled_robot/share/two_wheeled_robot/models/aws_robomaker_residential_PortraitE_01/meshes/aws_PortraitE_01_visual.DAE\n'}
[0.626702] (two_wheeled_robot) StdoutLine: {'line': b'-- Up-to-date: /home/greyflon/lab_2025/install/two_wheeled_robot/share/two_wheeled_robot/models/aws_robomaker_residential_PortraitE_01/meshes/aws_PortraitE_01_collision.DAE\n'}
[0.626764] (two_wheeled_robot) StdoutLine: {'line': b'-- Up-to-date: /home/greyflon/lab_2025/install/two_wheeled_robot/share/two_wheeled_robot/models/aws_robomaker_residential_PortraitE_01/materials\n'}
[0.626824] (two_wheeled_robot) StdoutLine: {'line': b'-- Up-to-date: /home/greyflon/lab_2025/install/two_wheeled_robot/share/two_wheeled_robot/models/aws_robomaker_residential_PortraitE_01/materials/textures\n'}
[0.626885] (two_wheeled_robot) StdoutLine: {'line': b'-- Up-to-date: /home/greyflon/lab_2025/install/two_wheeled_robot/share/two_wheeled_robot/models/aws_robomaker_residential_PortraitE_01/materials/textures/aws_PortraitE_01.png\n'}
[0.626946] (two_wheeled_robot) StdoutLine: {'line': b'-- Up-to-date: /home/greyflon/lab_2025/install/two_wheeled_robot/share/two_wheeled_robot/models/aws_robomaker_residential_PortraitE_01/materials/textures/aws_PortraitE_02.png\n'}
[0.627007] (two_wheeled_robot) StdoutLine: {'line': b'-- Up-to-date: /home/greyflon/lab_2025/install/two_wheeled_robot/share/two_wheeled_robot/models/aws_robomaker_residential_PortraitE_01/materials/textures/PortraitE_01.jpg\n'}
[0.627068] (two_wheeled_robot) StdoutLine: {'line': b'-- Up-to-date: /home/greyflon/lab_2025/install/two_wheeled_robot/share/two_wheeled_robot/models/aws_robomaker_residential_PortraitE_01/model.sdf\n'}
[0.627143] (two_wheeled_robot) StdoutLine: {'line': b'-- Up-to-date: /home/greyflon/lab_2025/install/two_wheeled_robot/share/two_wheeled_robot/models/aws_robomaker_residential_DeskPortraitC_02\n'}
[0.627232] (two_wheeled_robot) StdoutLine: {'line': b'-- Up-to-date: /home/greyflon/lab_2025/install/two_wheeled_robot/share/two_wheeled_robot/models/aws_robomaker_residential_DeskPortraitC_02/model.config\n'}
[0.627293] (two_wheeled_robot) StdoutLine: {'line': b'-- Up-to-date: /home/greyflon/lab_2025/install/two_wheeled_robot/share/two_wheeled_robot/models/aws_robomaker_residential_DeskPortraitC_02/meshes\n'}
[0.627353] (two_wheeled_robot) StdoutLine: {'line': b'-- Up-to-date: /home/greyflon/lab_2025/install/two_wheeled_robot/share/two_wheeled_robot/models/aws_robomaker_residential_DeskPortraitC_02/meshes/aws_DeskPortraitC_01_collision.DAE\n'}
[0.627413] (two_wheeled_robot) StdoutLine: {'line': b'-- Up-to-date: /home/greyflon/lab_2025/install/two_wheeled_robot/share/two_wheeled_robot/models/aws_robomaker_residential_DeskPortraitC_02/meshes/aws_DeskPortraitC_01_visual.DAE\n'}
[0.627473] (two_wheeled_robot) StdoutLine: {'line': b'-- Up-to-date: /home/greyflon/lab_2025/install/two_wheeled_robot/share/two_wheeled_robot/models/aws_robomaker_residential_DeskPortraitC_02/materials\n'}
[0.627533] (two_wheeled_robot) StdoutLine: {'line': b'-- Up-to-date: /home/greyflon/lab_2025/install/two_wheeled_robot/share/two_wheeled_robot/models/aws_robomaker_residential_DeskPortraitC_02/materials/textures\n'}
[0.627602] (two_wheeled_robot) StdoutLine: {'line': b'-- Up-to-date: /home/greyflon/lab_2025/install/two_wheeled_robot/share/two_wheeled_robot/models/aws_robomaker_residential_DeskPortraitC_02/materials/textures/aws_DeskPortraitC_01.png\n'}
[0.627684] (two_wheeled_robot) StdoutLine: {'line': b'-- Up-to-date: /home/greyflon/lab_2025/install/two_wheeled_robot/share/two_wheeled_robot/models/aws_robomaker_residential_DeskPortraitC_02/materials/textures/aws_DeskPortraitC_02.png\n'}
[0.627746] (two_wheeled_robot) StdoutLine: {'line': b'-- Up-to-date: /home/greyflon/lab_2025/install/two_wheeled_robot/share/two_wheeled_robot/models/aws_robomaker_residential_DeskPortraitC_02/materials/textures/DeskPortraitC_02.jpg\n'}
[0.627806] (two_wheeled_robot) StdoutLine: {'line': b'-- Up-to-date: /home/greyflon/lab_2025/install/two_wheeled_robot/share/two_wheeled_robot/models/aws_robomaker_residential_DeskPortraitC_02/model.sdf\n'}
[0.627866] (two_wheeled_robot) StdoutLine: {'line': b'-- Up-to-date: /home/greyflon/lab_2025/install/two_wheeled_robot/share/two_wheeled_robot/models/BloodPressureMonitor\n'}
[0.627926] (two_wheeled_robot) StdoutLine: {'line': b'-- Up-to-date: /home/greyflon/lab_2025/install/two_wheeled_robot/share/two_wheeled_robot/models/BloodPressureMonitor/model.config\n'}
[0.627987] (two_wheeled_robot) StdoutLine: {'line': b'-- Up-to-date: /home/greyflon/lab_2025/install/two_wheeled_robot/share/two_wheeled_robot/models/BloodPressureMonitor/meshes\n'}
[0.628047] (two_wheeled_robot) StdoutLine: {'line': b'-- Up-to-date: /home/greyflon/lab_2025/install/two_wheeled_robot/share/two_wheeled_robot/models/BloodPressureMonitor/meshes/BloodPressureMonitor.png\n'}
[0.628108] (two_wheeled_robot) StdoutLine: {'line': b'-- Up-to-date: /home/greyflon/lab_2025/install/two_wheeled_robot/share/two_wheeled_robot/models/BloodPressureMonitor/meshes/BloodPressureMonitor_Col.obj\n'}
[0.628175] (two_wheeled_robot) StdoutLine: {'line': b'-- Up-to-date: /home/greyflon/lab_2025/install/two_wheeled_robot/share/two_wheeled_robot/models/BloodPressureMonitor/meshes/BloodPressureMonitor_Col.mtl\n'}
[0.628236] (two_wheeled_robot) StdoutLine: {'line': b'-- Up-to-date: /home/greyflon/lab_2025/install/two_wheeled_robot/share/two_wheeled_robot/models/BloodPressureMonitor/meshes/BloodPressureMonitor.mtl\n'}
[0.628296] (two_wheeled_robot) StdoutLine: {'line': b'-- Up-to-date: /home/greyflon/lab_2025/install/two_wheeled_robot/share/two_wheeled_robot/models/BloodPressureMonitor/meshes/BloodPressureMonitor.obj\n'}
[0.628355] (two_wheeled_robot) StdoutLine: {'line': b'-- Up-to-date: /home/greyflon/lab_2025/install/two_wheeled_robot/share/two_wheeled_robot/models/BloodPressureMonitor/thumbnails\n'}
[0.628415] (two_wheeled_robot) StdoutLine: {'line': b'-- Up-to-date: /home/greyflon/lab_2025/install/two_wheeled_robot/share/two_wheeled_robot/models/BloodPressureMonitor/thumbnails/5.png\n'}
[0.628482] (two_wheeled_robot) StdoutLine: {'line': b'-- Up-to-date: /home/greyflon/lab_2025/install/two_wheeled_robot/share/two_wheeled_robot/models/BloodPressureMonitor/thumbnails/1.png\n'}
[0.628544] (two_wheeled_robot) StdoutLine: {'line': b'-- Up-to-date: /home/greyflon/lab_2025/install/two_wheeled_robot/share/two_wheeled_robot/models/BloodPressureMonitor/thumbnails/2.png\n'}
[0.628615] (two_wheeled_robot) StdoutLine: {'line': b'-- Up-to-date: /home/greyflon/lab_2025/install/two_wheeled_robot/share/two_wheeled_robot/models/BloodPressureMonitor/thumbnails/4.png\n'}
[0.628707] (two_wheeled_robot) StdoutLine: {'line': b'-- Up-to-date: /home/greyflon/lab_2025/install/two_wheeled_robot/share/two_wheeled_robot/models/BloodPressureMonitor/thumbnails/3.png\n'}
[0.628768] (two_wheeled_robot) StdoutLine: {'line': b'-- Up-to-date: /home/greyflon/lab_2025/install/two_wheeled_robot/share/two_wheeled_robot/models/BloodPressureMonitor/model.sdf\n'}
[0.628829] (two_wheeled_robot) StdoutLine: {'line': b'-- Up-to-date: /home/greyflon/lab_2025/install/two_wheeled_robot/share/two_wheeled_robot/models/shelves_high2\n'}
[0.628889] (two_wheeled_robot) StdoutLine: {'line': b'-- Up-to-date: /home/greyflon/lab_2025/install/two_wheeled_robot/share/two_wheeled_robot/models/shelves_high2/model.config\n'}
[0.628950] (two_wheeled_robot) StdoutLine: {'line': b'-- Up-to-date: /home/greyflon/lab_2025/install/two_wheeled_robot/share/two_wheeled_robot/models/shelves_high2/meshes\n'}
[0.629011] (two_wheeled_robot) StdoutLine: {'line': b'-- Up-to-date: /home/greyflon/lab_2025/install/two_wheeled_robot/share/two_wheeled_robot/models/shelves_high2/meshes/shelves_high2.dae\n'}
[0.629071] (two_wheeled_robot) StdoutLine: {'line': b'-- Up-to-date: /home/greyflon/lab_2025/install/two_wheeled_robot/share/two_wheeled_robot/models/shelves_high2/meshes/shelves_high2_collision.dae\n'}
[0.629131] (two_wheeled_robot) StdoutLine: {'line': b'-- Up-to-date: /home/greyflon/lab_2025/install/two_wheeled_robot/share/two_wheeled_robot/models/shelves_high2/materials\n'}
[0.629191] (two_wheeled_robot) StdoutLine: {'line': b'-- Up-to-date: /home/greyflon/lab_2025/install/two_wheeled_robot/share/two_wheeled_robot/models/shelves_high2/materials/textures\n'}
[0.629252] (two_wheeled_robot) StdoutLine: {'line': b'-- Up-to-date: /home/greyflon/lab_2025/install/two_wheeled_robot/share/two_wheeled_robot/models/shelves_high2/materials/textures/__CorrogateShiny_.jpg\n'}
[0.629312] (two_wheeled_robot) StdoutLine: {'line': b'-- Up-to-date: /home/greyflon/lab_2025/install/two_wheeled_robot/share/two_wheeled_robot/models/shelves_high2/model.sdf\n'}
[0.629373] (two_wheeled_robot) StdoutLine: {'line': b'-- Up-to-date: /home/greyflon/lab_2025/install/two_wheeled_robot/share/two_wheeled_robot/models/MaleVisitorSit\n'}
[0.629433] (two_wheeled_robot) StdoutLine: {'line': b'-- Up-to-date: /home/greyflon/lab_2025/install/two_wheeled_robot/share/two_wheeled_robot/models/MaleVisitorSit/model.config\n'}
[0.629493] (two_wheeled_robot) StdoutLine: {'line': b'-- Up-to-date: /home/greyflon/lab_2025/install/two_wheeled_robot/share/two_wheeled_robot/models/MaleVisitorSit/meshes\n'}
[0.629620] (two_wheeled_robot) StdoutLine: {'line': b'-- Up-to-date: /home/greyflon/lab_2025/install/two_wheeled_robot/share/two_wheeled_robot/models/MaleVisitorSit/meshes/Phone.png\n'}
[0.629735] (two_wheeled_robot) StdoutLine: {'line': b'-- Up-to-date: /home/greyflon/lab_2025/install/two_wheeled_robot/share/two_wheeled_robot/models/MaleVisitorSit/meshes/MaleVisitorSit_Col.mtl\n'}
[0.629796] (two_wheeled_robot) StdoutLine: {'line': b'-- Up-to-date: /home/greyflon/lab_2025/install/two_wheeled_robot/share/two_wheeled_robot/models/MaleVisitorSit/meshes/MaleVisitorSit.obj\n'}
[0.629856] (two_wheeled_robot) StdoutLine: {'line': b'-- Up-to-date: /home/greyflon/lab_2025/install/two_wheeled_robot/share/two_wheeled_robot/models/MaleVisitorSit/meshes/MaleVisitorSit_Col.obj\n'}
[0.629917] (two_wheeled_robot) StdoutLine: {'line': b'-- Up-to-date: /home/greyflon/lab_2025/install/two_wheeled_robot/share/two_wheeled_robot/models/MaleVisitorSit/meshes/MaleVisitorSit.mtl\n'}
[0.629983] (two_wheeled_robot) StdoutLine: {'line': b'-- Up-to-date: /home/greyflon/lab_2025/install/two_wheeled_robot/share/two_wheeled_robot/models/MaleVisitorSit/meshes/MaleVisitorSit.png\n'}
[0.630049] (two_wheeled_robot) StdoutLine: {'line': b'-- Up-to-date: /home/greyflon/lab_2025/install/two_wheeled_robot/share/two_wheeled_robot/models/MaleVisitorSit/thumbnails\n'}
[0.630109] (two_wheeled_robot) StdoutLine: {'line': b'-- Up-to-date: /home/greyflon/lab_2025/install/two_wheeled_robot/share/two_wheeled_robot/models/MaleVisitorSit/thumbnails/5.png\n'}
[0.630169] (two_wheeled_robot) StdoutLine: {'line': b'-- Up-to-date: /home/greyflon/lab_2025/install/two_wheeled_robot/share/two_wheeled_robot/models/MaleVisitorSit/thumbnails/1.png\n'}
[0.630229] (two_wheeled_robot) StdoutLine: {'line': b'-- Up-to-date: /home/greyflon/lab_2025/install/two_wheeled_robot/share/two_wheeled_robot/models/MaleVisitorSit/thumbnails/2.png\n'}
[0.630289] (two_wheeled_robot) StdoutLine: {'line': b'-- Up-to-date: /home/greyflon/lab_2025/install/two_wheeled_robot/share/two_wheeled_robot/models/MaleVisitorSit/thumbnails/4.png\n'}
[0.630349] (two_wheeled_robot) StdoutLine: {'line': b'-- Up-to-date: /home/greyflon/lab_2025/install/two_wheeled_robot/share/two_wheeled_robot/models/MaleVisitorSit/thumbnails/3.png\n'}
[0.630409] (two_wheeled_robot) StdoutLine: {'line': b'-- Up-to-date: /home/greyflon/lab_2025/install/two_wheeled_robot/share/two_wheeled_robot/models/MaleVisitorSit/model.sdf\n'}
[0.630469] (two_wheeled_robot) StdoutLine: {'line': b'-- Up-to-date: /home/greyflon/lab_2025/install/two_wheeled_robot/share/two_wheeled_robot/models/bowl\n'}
[0.630529] (two_wheeled_robot) StdoutLine: {'line': b'-- Up-to-date: /home/greyflon/lab_2025/install/two_wheeled_robot/share/two_wheeled_robot/models/bowl/model-1_2.sdf\n'}
[0.630595] (two_wheeled_robot) StdoutLine: {'line': b'-- Up-to-date: /home/greyflon/lab_2025/install/two_wheeled_robot/share/two_wheeled_robot/models/bowl/model-1_4.sdf\n'}
[0.630681] (two_wheeled_robot) StdoutLine: {'line': b'-- Up-to-date: /home/greyflon/lab_2025/install/two_wheeled_robot/share/two_wheeled_robot/models/bowl/model.config\n'}
[0.630744] (two_wheeled_robot) StdoutLine: {'line': b'-- Up-to-date: /home/greyflon/lab_2025/install/two_wheeled_robot/share/two_wheeled_robot/models/bowl/meshes\n'}
[0.630805] (two_wheeled_robot) StdoutLine: {'line': b'-- Up-to-date: /home/greyflon/lab_2025/install/two_wheeled_robot/share/two_wheeled_robot/models/bowl/meshes/bowl.dae\n'}
[0.630866] (two_wheeled_robot) StdoutLine: {'line': b'-- Up-to-date: /home/greyflon/lab_2025/install/two_wheeled_robot/share/two_wheeled_robot/models/bowl/model.sdf\n'}
[0.630927] (two_wheeled_robot) StdoutLine: {'line': b'-- Up-to-date: /home/greyflon/lab_2025/install/two_wheeled_robot/share/two_wheeled_robot/models/bowl/model-1_3.sdf\n'}
[0.630988] (two_wheeled_robot) StdoutLine: {'line': b'-- Up-to-date: /home/greyflon/lab_2025/install/two_wheeled_robot/share/two_wheeled_robot/models/green_target\n'}
[0.631048] (two_wheeled_robot) StdoutLine: {'line': b'-- Up-to-date: /home/greyflon/lab_2025/install/two_wheeled_robot/share/two_wheeled_robot/models/green_target/model.config\n'}
[0.631108] (two_wheeled_robot) StdoutLine: {'line': b'-- Up-to-date: /home/greyflon/lab_2025/install/two_wheeled_robot/share/two_wheeled_robot/models/green_target/meshes\n'}
[0.631168] (two_wheeled_robot) StdoutLine: {'line': b'-- Up-to-date: /home/greyflon/lab_2025/install/two_wheeled_robot/share/two_wheeled_robot/models/green_target/meshes/green_target.dae\n'}
[0.631229] (two_wheeled_robot) StdoutLine: {'line': b'-- Up-to-date: /home/greyflon/lab_2025/install/two_wheeled_robot/share/two_wheeled_robot/models/green_target/model.sdf\n'}
[0.631290] (two_wheeled_robot) StdoutLine: {'line': b'-- Up-to-date: /home/greyflon/lab_2025/install/two_wheeled_robot/share/two_wheeled_robot/models/door\n'}
[0.631350] (two_wheeled_robot) StdoutLine: {'line': b'-- Up-to-date: /home/greyflon/lab_2025/install/two_wheeled_robot/share/two_wheeled_robot/models/door/model.config\n'}
[0.631418] (two_wheeled_robot) StdoutLine: {'line': b'-- Up-to-date: /home/greyflon/lab_2025/install/two_wheeled_robot/share/two_wheeled_robot/models/door/meshes\n'}
[0.631478] (two_wheeled_robot) StdoutLine: {'line': b'-- Up-to-date: /home/greyflon/lab_2025/install/two_wheeled_robot/share/two_wheeled_robot/models/door/meshes/door_frame.obj\n'}
[0.631538] (two_wheeled_robot) StdoutLine: {'line': b'-- Up-to-date: /home/greyflon/lab_2025/install/two_wheeled_robot/share/two_wheeled_robot/models/door/meshes/door.obj\n'}
[0.631609] (two_wheeled_robot) StdoutLine: {'line': b'-- Up-to-date: /home/greyflon/lab_2025/install/two_wheeled_robot/share/two_wheeled_robot/models/door/meshes/door.mtl\n'}
[0.631696] (two_wheeled_robot) StdoutLine: {'line': b'-- Up-to-date: /home/greyflon/lab_2025/install/two_wheeled_robot/share/two_wheeled_robot/models/door/meshes/door_door.obj\n'}
[0.631758] (two_wheeled_robot) StdoutLine: {'line': b'-- Up-to-date: /home/greyflon/lab_2025/install/two_wheeled_robot/share/two_wheeled_robot/models/door/materials\n'}
[0.631866] (two_wheeled_robot) StdoutLine: {'line': b'-- Up-to-date: /home/greyflon/lab_2025/install/two_wheeled_robot/share/two_wheeled_robot/models/door/materials/textures\n'}
[0.631932] (two_wheeled_robot) StdoutLine: {'line': b'-- Up-to-date: /home/greyflon/lab_2025/install/two_wheeled_robot/share/two_wheeled_robot/models/door/materials/textures/refrigerator.png\n'}
[0.631994] (two_wheeled_robot) StdoutLine: {'line': b'-- Up-to-date: /home/greyflon/lab_2025/install/two_wheeled_robot/share/two_wheeled_robot/models/door/materials/textures/ceiling.png\n'}
[0.632054] (two_wheeled_robot) StdoutLine: {'line': b'-- Up-to-date: /home/greyflon/lab_2025/install/two_wheeled_robot/share/two_wheeled_robot/models/door/materials/textures/door.png\n'}
[0.632124] (two_wheeled_robot) StdoutLine: {'line': b'-- Up-to-date: /home/greyflon/lab_2025/install/two_wheeled_robot/share/two_wheeled_robot/models/door/model.sdf\n'}
[0.632187] (two_wheeled_robot) StdoutLine: {'line': b'-- Up-to-date: /home/greyflon/lab_2025/install/two_wheeled_robot/share/two_wheeled_robot/models/TrolleyBed\n'}
[0.632248] (two_wheeled_robot) StdoutLine: {'line': b'-- Up-to-date: /home/greyflon/lab_2025/install/two_wheeled_robot/share/two_wheeled_robot/models/TrolleyBed/model.config\n'}
[0.632308] (two_wheeled_robot) StdoutLine: {'line': b'-- Up-to-date: /home/greyflon/lab_2025/install/two_wheeled_robot/share/two_wheeled_robot/models/TrolleyBed/meshes\n'}
[0.632369] (two_wheeled_robot) StdoutLine: {'line': b'-- Up-to-date: /home/greyflon/lab_2025/install/two_wheeled_robot/share/two_wheeled_robot/models/TrolleyBed/meshes/TrolleyBed.obj\n'}
[0.632430] (two_wheeled_robot) StdoutLine: {'line': b'-- Up-to-date: /home/greyflon/lab_2025/install/two_wheeled_robot/share/two_wheeled_robot/models/TrolleyBed/meshes/TrolleyBed.mtl\n'}
[0.632490] (two_wheeled_robot) StdoutLine: {'line': b'-- Up-to-date: /home/greyflon/lab_2025/install/two_wheeled_robot/share/two_wheeled_robot/models/TrolleyBed/meshes/TrolleyBed_Diffuse.png\n'}
[0.632551] (two_wheeled_robot) StdoutLine: {'line': b'-- Up-to-date: /home/greyflon/lab_2025/install/two_wheeled_robot/share/two_wheeled_robot/models/TrolleyBed/thumbnails\n'}
[0.632651] (two_wheeled_robot) StdoutLine: {'line': b'-- Up-to-date: /home/greyflon/lab_2025/install/two_wheeled_robot/share/two_wheeled_robot/models/TrolleyBed/thumbnails/5.png\n'}
[0.632733] (two_wheeled_robot) StdoutLine: {'line': b'-- Up-to-date: /home/greyflon/lab_2025/install/two_wheeled_robot/share/two_wheeled_robot/models/TrolleyBed/thumbnails/1.png\n'}
[0.632796] (two_wheeled_robot) StdoutLine: {'line': b'-- Up-to-date: /home/greyflon/lab_2025/install/two_wheeled_robot/share/two_wheeled_robot/models/TrolleyBed/thumbnails/2.png\n'}
[0.632858] (two_wheeled_robot) StdoutLine: {'line': b'-- Up-to-date: /home/greyflon/lab_2025/install/two_wheeled_robot/share/two_wheeled_robot/models/TrolleyBed/thumbnails/4.png\n'}
[0.632924] (two_wheeled_robot) StdoutLine: {'line': b'-- Up-to-date: /home/greyflon/lab_2025/install/two_wheeled_robot/share/two_wheeled_robot/models/TrolleyBed/thumbnails/3.png\n'}
[0.632985] (two_wheeled_robot) StdoutLine: {'line': b'-- Up-to-date: /home/greyflon/lab_2025/install/two_wheeled_robot/share/two_wheeled_robot/models/TrolleyBed/model.sdf\n'}
[0.633045] (two_wheeled_robot) StdoutLine: {'line': b'-- Up-to-date: /home/greyflon/lab_2025/install/two_wheeled_robot/share/two_wheeled_robot/models/aws_robomaker_residential_PortraitD_02\n'}
[0.633107] (two_wheeled_robot) StdoutLine: {'line': b'-- Up-to-date: /home/greyflon/lab_2025/install/two_wheeled_robot/share/two_wheeled_robot/models/aws_robomaker_residential_PortraitD_02/model.config\n'}
[0.633179] (two_wheeled_robot) StdoutLine: {'line': b'-- Up-to-date: /home/greyflon/lab_2025/install/two_wheeled_robot/share/two_wheeled_robot/models/aws_robomaker_residential_PortraitD_02/meshes\n'}
[0.633240] (two_wheeled_robot) StdoutLine: {'line': b'-- Up-to-date: /home/greyflon/lab_2025/install/two_wheeled_robot/share/two_wheeled_robot/models/aws_robomaker_residential_PortraitD_02/meshes/aws_PortraitD_01_collision.DAE\n'}
[0.633301] (two_wheeled_robot) StdoutLine: {'line': b'-- Up-to-date: /home/greyflon/lab_2025/install/two_wheeled_robot/share/two_wheeled_robot/models/aws_robomaker_residential_PortraitD_02/meshes/aws_PortraitD_01_visual.DAE\n'}
[0.633362] (two_wheeled_robot) StdoutLine: {'line': b'-- Up-to-date: /home/greyflon/lab_2025/install/two_wheeled_robot/share/two_wheeled_robot/models/aws_robomaker_residential_PortraitD_02/materials\n'}
[0.633424] (two_wheeled_robot) StdoutLine: {'line': b'-- Up-to-date: /home/greyflon/lab_2025/install/two_wheeled_robot/share/two_wheeled_robot/models/aws_robomaker_residential_PortraitD_02/materials/textures\n'}
[0.633485] (two_wheeled_robot) StdoutLine: {'line': b'-- Up-to-date: /home/greyflon/lab_2025/install/two_wheeled_robot/share/two_wheeled_robot/models/aws_robomaker_residential_PortraitD_02/materials/textures/aws_PortraitD_02.png\n'}
[0.633545] (two_wheeled_robot) StdoutLine: {'line': b'-- Up-to-date: /home/greyflon/lab_2025/install/two_wheeled_robot/share/two_wheeled_robot/models/aws_robomaker_residential_PortraitD_02/materials/textures/PortraitD_02.jpg\n'}
[0.633617] (two_wheeled_robot) StdoutLine: {'line': b'-- Up-to-date: /home/greyflon/lab_2025/install/two_wheeled_robot/share/two_wheeled_robot/models/aws_robomaker_residential_PortraitD_02/materials/textures/aws_PortraitD_01.png\n'}
[0.633684] (two_wheeled_robot) StdoutLine: {'line': b'-- Up-to-date: /home/greyflon/lab_2025/install/two_wheeled_robot/share/two_wheeled_robot/models/aws_robomaker_residential_PortraitD_02/model.sdf\n'}
[0.633745] (two_wheeled_robot) StdoutLine: {'line': b'-- Up-to-date: /home/greyflon/lab_2025/install/two_wheeled_robot/share/two_wheeled_robot/models/aws_robomaker_residential_BalconyTable_01\n'}
[0.633894] (two_wheeled_robot) StdoutLine: {'line': b'-- Up-to-date: /home/greyflon/lab_2025/install/two_wheeled_robot/share/two_wheeled_robot/models/aws_robomaker_residential_BalconyTable_01/model.config\n'}
[0.633977] (two_wheeled_robot) StdoutLine: {'line': b'-- Up-to-date: /home/greyflon/lab_2025/install/two_wheeled_robot/share/two_wheeled_robot/models/aws_robomaker_residential_BalconyTable_01/meshes\n'}
[0.634134] (two_wheeled_robot) StdoutLine: {'line': b'-- Up-to-date: /home/greyflon/lab_2025/install/two_wheeled_robot/share/two_wheeled_robot/models/aws_robomaker_residential_BalconyTable_01/meshes/aws_BalconyTable_01_collision.DAE\n'}
[0.634215] (two_wheeled_robot) StdoutLine: {'line': b'-- Up-to-date: /home/greyflon/lab_2025/install/two_wheeled_robot/share/two_wheeled_robot/models/aws_robomaker_residential_BalconyTable_01/meshes/aws_BalconyTable_01_visual.DAE\n'}
[0.634295] (two_wheeled_robot) StdoutLine: {'line': b'-- Up-to-date: /home/greyflon/lab_2025/install/two_wheeled_robot/share/two_wheeled_robot/models/aws_robomaker_residential_BalconyTable_01/materials\n'}
[0.634369] (two_wheeled_robot) StdoutLine: {'line': b'-- Up-to-date: /home/greyflon/lab_2025/install/two_wheeled_robot/share/two_wheeled_robot/models/aws_robomaker_residential_BalconyTable_01/materials/textures\n'}
[0.634438] (two_wheeled_robot) StdoutLine: {'line': b'-- Up-to-date: /home/greyflon/lab_2025/install/two_wheeled_robot/share/two_wheeled_robot/models/aws_robomaker_residential_BalconyTable_01/materials/textures/aws_BalconyTable_01.png\n'}
[0.634539] (two_wheeled_robot) StdoutLine: {'line': b'-- Up-to-date: /home/greyflon/lab_2025/install/two_wheeled_robot/share/two_wheeled_robot/models/aws_robomaker_residential_BalconyTable_01/model.sdf\n'}
[0.634636] (two_wheeled_robot) StdoutLine: {'line': b'-- Up-to-date: /home/greyflon/lab_2025/install/two_wheeled_robot/share/two_wheeled_robot/models/aws_robomaker_residential_PortraitD_01\n'}
[0.634706] (two_wheeled_robot) StdoutLine: {'line': b'-- Up-to-date: /home/greyflon/lab_2025/install/two_wheeled_robot/share/two_wheeled_robot/models/aws_robomaker_residential_PortraitD_01/model.config\n'}
[0.634783] (two_wheeled_robot) StdoutLine: {'line': b'-- Up-to-date: /home/greyflon/lab_2025/install/two_wheeled_robot/share/two_wheeled_robot/models/aws_robomaker_residential_PortraitD_01/meshes\n'}
[0.634864] (two_wheeled_robot) StdoutLine: {'line': b'-- Up-to-date: /home/greyflon/lab_2025/install/two_wheeled_robot/share/two_wheeled_robot/models/aws_robomaker_residential_PortraitD_01/meshes/aws_PortraitD_01_collision.DAE\n'}
[0.634928] (two_wheeled_robot) StdoutLine: {'line': b'-- Up-to-date: /home/greyflon/lab_2025/install/two_wheeled_robot/share/two_wheeled_robot/models/aws_robomaker_residential_PortraitD_01/meshes/aws_PortraitD_01_visual.DAE\n'}
[0.634986] (two_wheeled_robot) StdoutLine: {'line': b'-- Up-to-date: /home/greyflon/lab_2025/install/two_wheeled_robot/share/two_wheeled_robot/models/aws_robomaker_residential_PortraitD_01/materials\n'}
[0.635083] (two_wheeled_robot) StdoutLine: {'line': b'-- Up-to-date: /home/greyflon/lab_2025/install/two_wheeled_robot/share/two_wheeled_robot/models/aws_robomaker_residential_PortraitD_01/materials/textures\n'}
[0.635146] (two_wheeled_robot) StdoutLine: {'line': b'-- Up-to-date: /home/greyflon/lab_2025/install/two_wheeled_robot/share/two_wheeled_robot/models/aws_robomaker_residential_PortraitD_01/materials/textures/aws_PortraitD_02.png\n'}
[0.635237] (two_wheeled_robot) StdoutLine: {'line': b'-- Up-to-date: /home/greyflon/lab_2025/install/two_wheeled_robot/share/two_wheeled_robot/models/aws_robomaker_residential_PortraitD_01/materials/textures/PortraitD_01.jpg\n'}
[0.635305] (two_wheeled_robot) StdoutLine: {'line': b'-- Up-to-date: /home/greyflon/lab_2025/install/two_wheeled_robot/share/two_wheeled_robot/models/aws_robomaker_residential_PortraitD_01/materials/textures/aws_PortraitD_01.png\n'}
[0.635366] (two_wheeled_robot) StdoutLine: {'line': b'-- Up-to-date: /home/greyflon/lab_2025/install/two_wheeled_robot/share/two_wheeled_robot/models/aws_robomaker_residential_PortraitD_01/model.sdf\n'}
[0.635442] (two_wheeled_robot) StdoutLine: {'line': b'-- Up-to-date: /home/greyflon/lab_2025/install/two_wheeled_robot/share/two_wheeled_robot/models/aws_robomaker_residential_DeskPortraitD_03\n'}
[0.635519] (two_wheeled_robot) StdoutLine: {'line': b'-- Up-to-date: /home/greyflon/lab_2025/install/two_wheeled_robot/share/two_wheeled_robot/models/aws_robomaker_residential_DeskPortraitD_03/model.config\n'}
[0.635639] (two_wheeled_robot) StdoutLine: {'line': b'-- Up-to-date: /home/greyflon/lab_2025/install/two_wheeled_robot/share/two_wheeled_robot/models/aws_robomaker_residential_DeskPortraitD_03/meshes\n'}
[0.635702] (two_wheeled_robot) StdoutLine: {'line': b'-- Up-to-date: /home/greyflon/lab_2025/install/two_wheeled_robot/share/two_wheeled_robot/models/aws_robomaker_residential_DeskPortraitD_03/meshes/aws_DeskPortraitD_01_visual.DAE\n'}
[0.635810] (two_wheeled_robot) StdoutLine: {'line': b'-- Up-to-date: /home/greyflon/lab_2025/install/two_wheeled_robot/share/two_wheeled_robot/models/aws_robomaker_residential_DeskPortraitD_03/meshes/aws_DeskPortraitD_01_collision.DAE\n'}
[0.635899] (two_wheeled_robot) StdoutLine: {'line': b'-- Up-to-date: /home/greyflon/lab_2025/install/two_wheeled_robot/share/two_wheeled_robot/models/aws_robomaker_residential_DeskPortraitD_03/materials\n'}
[0.635968] (two_wheeled_robot) StdoutLine: {'line': b'-- Up-to-date: /home/greyflon/lab_2025/install/two_wheeled_robot/share/two_wheeled_robot/models/aws_robomaker_residential_DeskPortraitD_03/materials/textures\n'}
[0.636109] (two_wheeled_robot) StdoutLine: {'line': b'-- Up-to-date: /home/greyflon/lab_2025/install/two_wheeled_robot/share/two_wheeled_robot/models/aws_robomaker_residential_DeskPortraitD_03/materials/textures/aws_DeskPortraitD_02.png\n'}
[0.636194] (two_wheeled_robot) StdoutLine: {'line': b'-- Up-to-date: /home/greyflon/lab_2025/install/two_wheeled_robot/share/two_wheeled_robot/models/aws_robomaker_residential_DeskPortraitD_03/materials/textures/aws_DeskPortraitD_01.png\n'}
[0.636257] (two_wheeled_robot) StdoutLine: {'line': b'-- Up-to-date: /home/greyflon/lab_2025/install/two_wheeled_robot/share/two_wheeled_robot/models/aws_robomaker_residential_DeskPortraitD_03/materials/textures/DeskPortraitD_03.jpg\n'}
[0.636318] (two_wheeled_robot) StdoutLine: {'line': b'-- Up-to-date: /home/greyflon/lab_2025/install/two_wheeled_robot/share/two_wheeled_robot/models/aws_robomaker_residential_DeskPortraitD_03/model.sdf\n'}
[0.636379] (two_wheeled_robot) StdoutLine: {'line': b'-- Up-to-date: /home/greyflon/lab_2025/install/two_wheeled_robot/share/two_wheeled_robot/models/whiteboard\n'}
[0.636446] (two_wheeled_robot) StdoutLine: {'line': b'-- Up-to-date: /home/greyflon/lab_2025/install/two_wheeled_robot/share/two_wheeled_robot/models/whiteboard/model.config\n'}
[0.636561] (two_wheeled_robot) StdoutLine: {'line': b'-- Up-to-date: /home/greyflon/lab_2025/install/two_wheeled_robot/share/two_wheeled_robot/models/whiteboard/meshes\n'}
[0.636648] (two_wheeled_robot) StdoutLine: {'line': b'-- Up-to-date: /home/greyflon/lab_2025/install/two_wheeled_robot/share/two_wheeled_robot/models/whiteboard/meshes/whiteboard.mtl\n'}
[0.636711] (two_wheeled_robot) StdoutLine: {'line': b'-- Up-to-date: /home/greyflon/lab_2025/install/two_wheeled_robot/share/two_wheeled_robot/models/whiteboard/meshes/whiteboard.obj\n'}
[0.636782] (two_wheeled_robot) StdoutLine: {'line': b'-- Up-to-date: /home/greyflon/lab_2025/install/two_wheeled_robot/share/two_wheeled_robot/models/whiteboard/materials\n'}
[0.636843] (two_wheeled_robot) StdoutLine: {'line': b'-- Up-to-date: /home/greyflon/lab_2025/install/two_wheeled_robot/share/two_wheeled_robot/models/whiteboard/materials/textures\n'}
[0.636961] (two_wheeled_robot) StdoutLine: {'line': b'-- Up-to-date: /home/greyflon/lab_2025/install/two_wheeled_robot/share/two_wheeled_robot/models/whiteboard/materials/textures/whiteboard.png\n'}
[0.637049] (two_wheeled_robot) StdoutLine: {'line': b'-- Up-to-date: /home/greyflon/lab_2025/install/two_wheeled_robot/share/two_wheeled_robot/models/whiteboard/model.sdf\n'}
[0.637110] (two_wheeled_robot) StdoutLine: {'line': b'-- Up-to-date: /home/greyflon/lab_2025/install/two_wheeled_robot/share/two_wheeled_robot/models/mud_box\n'}
[0.637170] (two_wheeled_robot) StdoutLine: {'line': b'-- Up-to-date: /home/greyflon/lab_2025/install/two_wheeled_robot/share/two_wheeled_robot/models/mud_box/model-1_4.sdf\n'}
[0.637230] (two_wheeled_robot) StdoutLine: {'line': b'-- Up-to-date: /home/greyflon/lab_2025/install/two_wheeled_robot/share/two_wheeled_robot/models/mud_box/model.config\n'}
[0.637291] (two_wheeled_robot) StdoutLine: {'line': b'-- Up-to-date: /home/greyflon/lab_2025/install/two_wheeled_robot/share/two_wheeled_robot/models/mud_box/materials\n'}
[0.637350] (two_wheeled_robot) StdoutLine: {'line': b'-- Up-to-date: /home/greyflon/lab_2025/install/two_wheeled_robot/share/two_wheeled_robot/models/mud_box/materials/scripts\n'}
[0.637409] (two_wheeled_robot) StdoutLine: {'line': b'-- Up-to-date: /home/greyflon/lab_2025/install/two_wheeled_robot/share/two_wheeled_robot/models/mud_box/materials/scripts/mud.material\n'}
[0.637469] (two_wheeled_robot) StdoutLine: {'line': b'-- Up-to-date: /home/greyflon/lab_2025/install/two_wheeled_robot/share/two_wheeled_robot/models/mud_box/materials/textures\n'}
[0.637535] (two_wheeled_robot) StdoutLine: {'line': b'-- Up-to-date: /home/greyflon/lab_2025/install/two_wheeled_robot/share/two_wheeled_robot/models/mud_box/materials/textures/mud_soft_leaves.png\n'}
[0.637632] (two_wheeled_robot) StdoutLine: {'line': b'-- Up-to-date: /home/greyflon/lab_2025/install/two_wheeled_robot/share/two_wheeled_robot/models/mud_box/model.sdf\n'}
[0.637696] (two_wheeled_robot) StdoutLine: {'line': b'-- Up-to-date: /home/greyflon/lab_2025/install/two_wheeled_robot/share/two_wheeled_robot/models/desk_chair\n'}
[0.637756] (two_wheeled_robot) StdoutLine: {'line': b'-- Up-to-date: /home/greyflon/lab_2025/install/two_wheeled_robot/share/two_wheeled_robot/models/desk_chair/model.config\n'}
[0.637816] (two_wheeled_robot) StdoutLine: {'line': b'-- Up-to-date: /home/greyflon/lab_2025/install/two_wheeled_robot/share/two_wheeled_robot/models/desk_chair/meshes\n'}
[0.637877] (two_wheeled_robot) StdoutLine: {'line': b'-- Up-to-date: /home/greyflon/lab_2025/install/two_wheeled_robot/share/two_wheeled_robot/models/desk_chair/meshes/desk_chair.mtl\n'}
[0.637937] (two_wheeled_robot) StdoutLine: {'line': b'-- Up-to-date: /home/greyflon/lab_2025/install/two_wheeled_robot/share/two_wheeled_robot/models/desk_chair/meshes/desk_chair.obj\n'}
[0.637996] (two_wheeled_robot) StdoutLine: {'line': b'-- Up-to-date: /home/greyflon/lab_2025/install/two_wheeled_robot/share/two_wheeled_robot/models/desk_chair/materials\n'}
[0.638057] (two_wheeled_robot) StdoutLine: {'line': b'-- Up-to-date: /home/greyflon/lab_2025/install/two_wheeled_robot/share/two_wheeled_robot/models/desk_chair/materials/textures\n'}
[0.638117] (two_wheeled_robot) StdoutLine: {'line': b'-- Up-to-date: /home/greyflon/lab_2025/install/two_wheeled_robot/share/two_wheeled_robot/models/desk_chair/materials/textures/desk_chair.png\n'}
[0.638183] (two_wheeled_robot) StdoutLine: {'line': b'-- Up-to-date: /home/greyflon/lab_2025/install/two_wheeled_robot/share/two_wheeled_robot/models/desk_chair/model.sdf\n'}
[0.638245] (two_wheeled_robot) StdoutLine: {'line': b'-- Up-to-date: /home/greyflon/lab_2025/install/two_wheeled_robot/share/two_wheeled_robot/models/aws_robomaker_retail_Computer_01\n'}
[0.638323] (two_wheeled_robot) StdoutLine: {'line': b'-- Up-to-date: /home/greyflon/lab_2025/install/two_wheeled_robot/share/two_wheeled_robot/models/aws_robomaker_retail_Computer_01/model.config\n'}
[0.638384] (two_wheeled_robot) StdoutLine: {'line': b'-- Up-to-date: /home/greyflon/lab_2025/install/two_wheeled_robot/share/two_wheeled_robot/models/aws_robomaker_retail_Computer_01/meshes\n'}
[0.638444] (two_wheeled_robot) StdoutLine: {'line': b'-- Up-to-date: /home/greyflon/lab_2025/install/two_wheeled_robot/share/two_wheeled_robot/models/aws_robomaker_retail_Computer_01/meshes/aws_Computer_01_collision.DAE\n'}
[0.638504] (two_wheeled_robot) StdoutLine: {'line': b'-- Up-to-date: /home/greyflon/lab_2025/install/two_wheeled_robot/share/two_wheeled_robot/models/aws_robomaker_retail_Computer_01/meshes/aws_Computer_01_visual.DAE\n'}
[0.638565] (two_wheeled_robot) StdoutLine: {'line': b'-- Up-to-date: /home/greyflon/lab_2025/install/two_wheeled_robot/share/two_wheeled_robot/models/aws_robomaker_retail_Computer_01/materials\n'}
[0.638659] (two_wheeled_robot) StdoutLine: {'line': b'-- Up-to-date: /home/greyflon/lab_2025/install/two_wheeled_robot/share/two_wheeled_robot/models/aws_robomaker_retail_Computer_01/materials/textures\n'}
[0.638723] (two_wheeled_robot) StdoutLine: {'line': b'-- Up-to-date: /home/greyflon/lab_2025/install/two_wheeled_robot/share/two_wheeled_robot/models/aws_robomaker_retail_Computer_01/materials/textures/aws_Computer_01.png\n'}
[0.638783] (two_wheeled_robot) StdoutLine: {'line': b'-- Up-to-date: /home/greyflon/lab_2025/install/two_wheeled_robot/share/two_wheeled_robot/models/aws_robomaker_retail_Computer_01/model.sdf\n'}
[0.638844] (two_wheeled_robot) StdoutLine: {'line': b'-- Up-to-date: /home/greyflon/lab_2025/install/two_wheeled_robot/share/two_wheeled_robot/models/dumpster\n'}
[0.638905] (two_wheeled_robot) StdoutLine: {'line': b'-- Up-to-date: /home/greyflon/lab_2025/install/two_wheeled_robot/share/two_wheeled_robot/models/dumpster/model-1_4.sdf\n'}
[0.638972] (two_wheeled_robot) StdoutLine: {'line': b'-- Up-to-date: /home/greyflon/lab_2025/install/two_wheeled_robot/share/two_wheeled_robot/models/dumpster/model.config\n'}
[0.639032] (two_wheeled_robot) StdoutLine: {'line': b'-- Up-to-date: /home/greyflon/lab_2025/install/two_wheeled_robot/share/two_wheeled_robot/models/dumpster/meshes\n'}
[0.639093] (two_wheeled_robot) StdoutLine: {'line': b'-- Up-to-date: /home/greyflon/lab_2025/install/two_wheeled_robot/share/two_wheeled_robot/models/dumpster/meshes/dumpster.dae\n'}
[0.639168] (two_wheeled_robot) StdoutLine: {'line': b'-- Up-to-date: /home/greyflon/lab_2025/install/two_wheeled_robot/share/two_wheeled_robot/models/dumpster/materials\n'}
[0.639229] (two_wheeled_robot) StdoutLine: {'line': b'-- Up-to-date: /home/greyflon/lab_2025/install/two_wheeled_robot/share/two_wheeled_robot/models/dumpster/materials/scripts\n'}
[0.639290] (two_wheeled_robot) StdoutLine: {'line': b'-- Up-to-date: /home/greyflon/lab_2025/install/two_wheeled_robot/share/two_wheeled_robot/models/dumpster/materials/scripts/dumpster.material\n'}
[0.639351] (two_wheeled_robot) StdoutLine: {'line': b'-- Up-to-date: /home/greyflon/lab_2025/install/two_wheeled_robot/share/two_wheeled_robot/models/dumpster/materials/textures\n'}
[0.639411] (two_wheeled_robot) StdoutLine: {'line': b'-- Up-to-date: /home/greyflon/lab_2025/install/two_wheeled_robot/share/two_wheeled_robot/models/dumpster/materials/textures/Dumpster_Diffuse.png\n'}
[0.639472] (two_wheeled_robot) StdoutLine: {'line': b'-- Up-to-date: /home/greyflon/lab_2025/install/two_wheeled_robot/share/two_wheeled_robot/models/dumpster/materials/textures/Dumpster_Spec.png\n'}
[0.639533] (two_wheeled_robot) StdoutLine: {'line': b'-- Up-to-date: /home/greyflon/lab_2025/install/two_wheeled_robot/share/two_wheeled_robot/models/dumpster/model.sdf\n'}
[0.639602] (two_wheeled_robot) StdoutLine: {'line': b'-- Up-to-date: /home/greyflon/lab_2025/install/two_wheeled_robot/share/two_wheeled_robot/models/dumpster/model-1_3.sdf\n'}
[0.639707] (two_wheeled_robot) StdoutLine: {'line': b'-- Up-to-date: /home/greyflon/lab_2025/install/two_wheeled_robot/share/two_wheeled_robot/models/marker_infini2\n'}
[0.639770] (two_wheeled_robot) StdoutLine: {'line': b'-- Up-to-date: /home/greyflon/lab_2025/install/two_wheeled_robot/share/two_wheeled_robot/models/marker_infini2/model.config~.xml\n'}
[0.639831] (two_wheeled_robot) StdoutLine: {'line': b'-- Up-to-date: /home/greyflon/lab_2025/install/two_wheeled_robot/share/two_wheeled_robot/models/marker_infini2/model.sdf~\n'}
[0.639892] (two_wheeled_robot) StdoutLine: {'line': b'-- Up-to-date: /home/greyflon/lab_2025/install/two_wheeled_robot/share/two_wheeled_robot/models/marker_infini2/model-1_4.sdf\n'}
[0.639952] (two_wheeled_robot) StdoutLine: {'line': b'-- Up-to-date: /home/greyflon/lab_2025/install/two_wheeled_robot/share/two_wheeled_robot/models/marker_infini2/model.config\n'}
[0.640012] (two_wheeled_robot) StdoutLine: {'line': b'-- Up-to-date: /home/greyflon/lab_2025/install/two_wheeled_robot/share/two_wheeled_robot/models/marker_infini2/meshes\n'}
[0.640072] (two_wheeled_robot) StdoutLine: {'line': b'-- Up-to-date: /home/greyflon/lab_2025/install/two_wheeled_robot/share/two_wheeled_robot/models/marker_infini2/meshes/Marker0.dae\n'}
[0.640140] (two_wheeled_robot) StdoutLine: {'line': b'-- Up-to-date: /home/greyflon/lab_2025/install/two_wheeled_robot/share/two_wheeled_robot/models/marker_infini2/materials\n'}
[0.640202] (two_wheeled_robot) StdoutLine: {'line': b'-- Up-to-date: /home/greyflon/lab_2025/install/two_wheeled_robot/share/two_wheeled_robot/models/marker_infini2/materials/textures\n'}
[0.640262] (two_wheeled_robot) StdoutLine: {'line': b'-- Up-to-date: /home/greyflon/lab_2025/install/two_wheeled_robot/share/two_wheeled_robot/models/marker_infini2/materials/textures/BKP_Marker0.png\n'}
[0.640358] (two_wheeled_robot) StdoutLine: {'line': b'-- Up-to-date: /home/greyflon/lab_2025/install/two_wheeled_robot/share/two_wheeled_robot/models/marker_infini2/materials/textures/Marker0.png\n'}
[0.640425] (two_wheeled_robot) StdoutLine: {'line': b'-- Up-to-date: /home/greyflon/lab_2025/install/two_wheeled_robot/share/two_wheeled_robot/models/marker_infini2/model.sdf\n'}
[0.640486] (two_wheeled_robot) StdoutLine: {'line': b'-- Up-to-date: /home/greyflon/lab_2025/install/two_wheeled_robot/share/two_wheeled_robot/models/marker_infini2/model-1_5.sdf~\n'}
[0.640546] (two_wheeled_robot) StdoutLine: {'line': b'-- Up-to-date: /home/greyflon/lab_2025/install/two_wheeled_robot/share/two_wheeled_robot/models/marker_infini2/model-1_5.sdf\n'}
[0.640620] (two_wheeled_robot) StdoutLine: {'line': b'-- Up-to-date: /home/greyflon/lab_2025/install/two_wheeled_robot/share/two_wheeled_robot/models/marker_infini2/model-1_4.sdf~\n'}
[0.640685] (two_wheeled_robot) StdoutLine: {'line': b'-- Up-to-date: /home/greyflon/lab_2025/install/two_wheeled_robot/share/two_wheeled_robot/models/aws_robomaker_residential_SecurityCamera_01\n'}
[0.640747] (two_wheeled_robot) StdoutLine: {'line': b'-- Up-to-date: /home/greyflon/lab_2025/install/two_wheeled_robot/share/two_wheeled_robot/models/aws_robomaker_residential_SecurityCamera_01/model.config\n'}
[0.640809] (two_wheeled_robot) StdoutLine: {'line': b'-- Up-to-date: /home/greyflon/lab_2025/install/two_wheeled_robot/share/two_wheeled_robot/models/aws_robomaker_residential_SecurityCamera_01/meshes\n'}
[0.640869] (two_wheeled_robot) StdoutLine: {'line': b'-- Up-to-date: /home/greyflon/lab_2025/install/two_wheeled_robot/share/two_wheeled_robot/models/aws_robomaker_residential_SecurityCamera_01/meshes/aws_SecurityCamera_01_collision.DAE\n'}
[0.640931] (two_wheeled_robot) StdoutLine: {'line': b'-- Up-to-date: /home/greyflon/lab_2025/install/two_wheeled_robot/share/two_wheeled_robot/models/aws_robomaker_residential_SecurityCamera_01/meshes/aws_SecurityCamera_01_visual.DAE\n'}
[0.640992] (two_wheeled_robot) StdoutLine: {'line': b'-- Up-to-date: /home/greyflon/lab_2025/install/two_wheeled_robot/share/two_wheeled_robot/models/aws_robomaker_residential_SecurityCamera_01/materials\n'}
[0.641052] (two_wheeled_robot) StdoutLine: {'line': b'-- Up-to-date: /home/greyflon/lab_2025/install/two_wheeled_robot/share/two_wheeled_robot/models/aws_robomaker_residential_SecurityCamera_01/materials/textures\n'}
[0.641113] (two_wheeled_robot) StdoutLine: {'line': b'-- Up-to-date: /home/greyflon/lab_2025/install/two_wheeled_robot/share/two_wheeled_robot/models/aws_robomaker_residential_SecurityCamera_01/materials/textures/aws_SecurityCamera_01.png\n'}
[0.641174] (two_wheeled_robot) StdoutLine: {'line': b'-- Up-to-date: /home/greyflon/lab_2025/install/two_wheeled_robot/share/two_wheeled_robot/models/aws_robomaker_residential_SecurityCamera_01/model.sdf\n'}
[0.641234] (two_wheeled_robot) StdoutLine: {'line': b'-- Up-to-date: /home/greyflon/lab_2025/install/two_wheeled_robot/share/two_wheeled_robot/models/marker01\n'}
[0.641294] (two_wheeled_robot) StdoutLine: {'line': b'-- Up-to-date: /home/greyflon/lab_2025/install/two_wheeled_robot/share/two_wheeled_robot/models/marker01/model.config~.xml\n'}
[0.641355] (two_wheeled_robot) StdoutLine: {'line': b'-- Up-to-date: /home/greyflon/lab_2025/install/two_wheeled_robot/share/two_wheeled_robot/models/marker01/model.sdf~\n'}
[0.641415] (two_wheeled_robot) StdoutLine: {'line': b'-- Up-to-date: /home/greyflon/lab_2025/install/two_wheeled_robot/share/two_wheeled_robot/models/marker01/model-1_4.sdf\n'}
[0.641475] (two_wheeled_robot) StdoutLine: {'line': b'-- Up-to-date: /home/greyflon/lab_2025/install/two_wheeled_robot/share/two_wheeled_robot/models/marker01/model.config\n'}
[0.641536] (two_wheeled_robot) StdoutLine: {'line': b'-- Up-to-date: /home/greyflon/lab_2025/install/two_wheeled_robot/share/two_wheeled_robot/models/marker01/meshes\n'}
[0.641606] (two_wheeled_robot) StdoutLine: {'line': b'-- Up-to-date: /home/greyflon/lab_2025/install/two_wheeled_robot/share/two_wheeled_robot/models/marker01/meshes/Marker0.dae\n'}
[0.641701] (two_wheeled_robot) StdoutLine: {'line': b'-- Up-to-date: /home/greyflon/lab_2025/install/two_wheeled_robot/share/two_wheeled_robot/models/marker01/materials\n'}
[0.641771] (two_wheeled_robot) StdoutLine: {'line': b'-- Up-to-date: /home/greyflon/lab_2025/install/two_wheeled_robot/share/two_wheeled_robot/models/marker01/materials/textures\n'}
[0.641833] (two_wheeled_robot) StdoutLine: {'line': b'-- Up-to-date: /home/greyflon/lab_2025/install/two_wheeled_robot/share/two_wheeled_robot/models/marker01/materials/textures/Marker0.png\n'}
[0.641895] (two_wheeled_robot) StdoutLine: {'line': b'-- Up-to-date: /home/greyflon/lab_2025/install/two_wheeled_robot/share/two_wheeled_robot/models/marker01/model.sdf\n'}
[0.641962] (two_wheeled_robot) StdoutLine: {'line': b'-- Up-to-date: /home/greyflon/lab_2025/install/two_wheeled_robot/share/two_wheeled_robot/models/marker01/model-1_5.sdf~\n'}
[0.642024] (two_wheeled_robot) StdoutLine: {'line': b'-- Up-to-date: /home/greyflon/lab_2025/install/two_wheeled_robot/share/two_wheeled_robot/models/marker01/model-1_5.sdf\n'}
[0.642085] (two_wheeled_robot) StdoutLine: {'line': b'-- Up-to-date: /home/greyflon/lab_2025/install/two_wheeled_robot/share/two_wheeled_robot/models/marker01/model-1_4.sdf~\n'}
[0.642147] (two_wheeled_robot) StdoutLine: {'line': b'-- Up-to-date: /home/greyflon/lab_2025/install/two_wheeled_robot/share/two_wheeled_robot/models/aws_robomaker_residential_ChairD_01\n'}
[0.642208] (two_wheeled_robot) StdoutLine: {'line': b'-- Up-to-date: /home/greyflon/lab_2025/install/two_wheeled_robot/share/two_wheeled_robot/models/aws_robomaker_residential_ChairD_01/model.config\n'}
[0.642283] (two_wheeled_robot) StdoutLine: {'line': b'-- Up-to-date: /home/greyflon/lab_2025/install/two_wheeled_robot/share/two_wheeled_robot/models/aws_robomaker_residential_ChairD_01/meshes\n'}
[0.642345] (two_wheeled_robot) StdoutLine: {'line': b'-- Up-to-date: /home/greyflon/lab_2025/install/two_wheeled_robot/share/two_wheeled_robot/models/aws_robomaker_residential_ChairD_01/meshes/aws_ChairD_01_collision.DAE\n'}
[0.642406] (two_wheeled_robot) StdoutLine: {'line': b'-- Up-to-date: /home/greyflon/lab_2025/install/two_wheeled_robot/share/two_wheeled_robot/models/aws_robomaker_residential_ChairD_01/meshes/aws_ChairD_01_visual.DAE\n'}
[0.642468] (two_wheeled_robot) StdoutLine: {'line': b'-- Up-to-date: /home/greyflon/lab_2025/install/two_wheeled_robot/share/two_wheeled_robot/models/aws_robomaker_residential_ChairD_01/materials\n'}
[0.642528] (two_wheeled_robot) StdoutLine: {'line': b'-- Up-to-date: /home/greyflon/lab_2025/install/two_wheeled_robot/share/two_wheeled_robot/models/aws_robomaker_residential_ChairD_01/materials/textures\n'}
[0.642597] (two_wheeled_robot) StdoutLine: {'line': b'-- Up-to-date: /home/greyflon/lab_2025/install/two_wheeled_robot/share/two_wheeled_robot/models/aws_robomaker_residential_ChairD_01/materials/textures/aws_ChairD_01.png\n'}
[0.642704] (two_wheeled_robot) StdoutLine: {'line': b'-- Up-to-date: /home/greyflon/lab_2025/install/two_wheeled_robot/share/two_wheeled_robot/models/aws_robomaker_residential_ChairD_01/model.sdf\n'}
[0.642766] (two_wheeled_robot) StdoutLine: {'line': b'-- Up-to-date: /home/greyflon/lab_2025/install/two_wheeled_robot/share/two_wheeled_robot/models/osrf_first_office\n'}
[0.642827] (two_wheeled_robot) StdoutLine: {'line': b'-- Up-to-date: /home/greyflon/lab_2025/install/two_wheeled_robot/share/two_wheeled_robot/models/osrf_first_office/model.config\n'}
[0.642887] (two_wheeled_robot) StdoutLine: {'line': b'-- Up-to-date: /home/greyflon/lab_2025/install/two_wheeled_robot/share/two_wheeled_robot/models/osrf_first_office/meshes\n'}
[0.642948] (two_wheeled_robot) StdoutLine: {'line': b'-- Up-to-date: /home/greyflon/lab_2025/install/two_wheeled_robot/share/two_wheeled_robot/models/osrf_first_office/meshes/osrf_first_office.dae\n'}
[0.643009] (two_wheeled_robot) StdoutLine: {'line': b'-- Up-to-date: /home/greyflon/lab_2025/install/two_wheeled_robot/share/two_wheeled_robot/models/osrf_first_office/materials\n'}
[0.643069] (two_wheeled_robot) StdoutLine: {'line': b'-- Up-to-date: /home/greyflon/lab_2025/install/two_wheeled_robot/share/two_wheeled_robot/models/osrf_first_office/materials/textures\n'}
[0.643136] (two_wheeled_robot) StdoutLine: {'line': b'-- Up-to-date: /home/greyflon/lab_2025/install/two_wheeled_robot/share/two_wheeled_robot/models/osrf_first_office/materials/textures/osrf_first_office_spec.jpg\n'}
[0.643197] (two_wheeled_robot) StdoutLine: {'line': b'-- Up-to-date: /home/greyflon/lab_2025/install/two_wheeled_robot/share/two_wheeled_robot/models/osrf_first_office/materials/textures/osrf_first_office_diffuse.jpg\n'}
[0.643258] (two_wheeled_robot) StdoutLine: {'line': b'-- Up-to-date: /home/greyflon/lab_2025/install/two_wheeled_robot/share/two_wheeled_robot/models/osrf_first_office/model.sdf\n'}
[0.643318] (two_wheeled_robot) StdoutLine: {'line': b'-- Up-to-date: /home/greyflon/lab_2025/install/two_wheeled_robot/share/two_wheeled_robot/models/water_tower\n'}
[0.643378] (two_wheeled_robot) StdoutLine: {'line': b'-- Up-to-date: /home/greyflon/lab_2025/install/two_wheeled_robot/share/two_wheeled_robot/models/water_tower/model.config\n'}
[0.643439] (two_wheeled_robot) StdoutLine: {'line': b'-- Up-to-date: /home/greyflon/lab_2025/install/two_wheeled_robot/share/two_wheeled_robot/models/water_tower/meshes\n'}
[0.643499] (two_wheeled_robot) StdoutLine: {'line': b'-- Up-to-date: /home/greyflon/lab_2025/install/two_wheeled_robot/share/two_wheeled_robot/models/water_tower/meshes/water_tower.dae\n'}
[0.643560] (two_wheeled_robot) StdoutLine: {'line': b'-- Up-to-date: /home/greyflon/lab_2025/install/two_wheeled_robot/share/two_wheeled_robot/models/water_tower/materials\n'}
[0.643662] (two_wheeled_robot) StdoutLine: {'line': b'-- Up-to-date: /home/greyflon/lab_2025/install/two_wheeled_robot/share/two_wheeled_robot/models/water_tower/materials/textures\n'}
[0.643727] (two_wheeled_robot) StdoutLine: {'line': b'-- Up-to-date: /home/greyflon/lab_2025/install/two_wheeled_robot/share/two_wheeled_robot/models/water_tower/materials/textures/water_tower_spec.jpg\n'}
[0.643787] (two_wheeled_robot) StdoutLine: {'line': b'-- Up-to-date: /home/greyflon/lab_2025/install/two_wheeled_robot/share/two_wheeled_robot/models/water_tower/materials/textures/water_tower_diffuse.jpg\n'}
[0.643853] (two_wheeled_robot) StdoutLine: {'line': b'-- Up-to-date: /home/greyflon/lab_2025/install/two_wheeled_robot/share/two_wheeled_robot/models/water_tower/model.sdf\n'}
[0.643914] (two_wheeled_robot) StdoutLine: {'line': b'-- Up-to-date: /home/greyflon/lab_2025/install/two_wheeled_robot/share/two_wheeled_robot/models/aws_robomaker_retail_BookshelfB_01\n'}
[0.643974] (two_wheeled_robot) StdoutLine: {'line': b'-- Up-to-date: /home/greyflon/lab_2025/install/two_wheeled_robot/share/two_wheeled_robot/models/aws_robomaker_retail_BookshelfB_01/model.config\n'}
[0.644035] (two_wheeled_robot) StdoutLine: {'line': b'-- Up-to-date: /home/greyflon/lab_2025/install/two_wheeled_robot/share/two_wheeled_robot/models/aws_robomaker_retail_BookshelfB_01/meshes\n'}
[0.644095] (two_wheeled_robot) StdoutLine: {'line': b'-- Up-to-date: /home/greyflon/lab_2025/install/two_wheeled_robot/share/two_wheeled_robot/models/aws_robomaker_retail_BookshelfB_01/meshes/aws_BookshelfB_01_visual.DAE\n'}
[0.644156] (two_wheeled_robot) StdoutLine: {'line': b'-- Up-to-date: /home/greyflon/lab_2025/install/two_wheeled_robot/share/two_wheeled_robot/models/aws_robomaker_retail_BookshelfB_01/meshes/aws_BookshelfB_01_collision.DAE\n'}
[0.644242] (two_wheeled_robot) StdoutLine: {'line': b'-- Up-to-date: /home/greyflon/lab_2025/install/two_wheeled_robot/share/two_wheeled_robot/models/aws_robomaker_retail_BookshelfB_01/materials\n'}
[0.644306] (two_wheeled_robot) StdoutLine: {'line': b'-- Up-to-date: /home/greyflon/lab_2025/install/two_wheeled_robot/share/two_wheeled_robot/models/aws_robomaker_retail_BookshelfB_01/materials/textures\n'}
[0.644368] (two_wheeled_robot) StdoutLine: {'line': b'-- Up-to-date: /home/greyflon/lab_2025/install/two_wheeled_robot/share/two_wheeled_robot/models/aws_robomaker_retail_BookshelfB_01/materials/textures/aws_BookshelfB_02.png\n'}
[0.644430] (two_wheeled_robot) StdoutLine: {'line': b'-- Up-to-date: /home/greyflon/lab_2025/install/two_wheeled_robot/share/two_wheeled_robot/models/aws_robomaker_retail_BookshelfB_01/materials/textures/aws_BookshelfB_01.png\n'}
[0.644521] (two_wheeled_robot) StdoutLine: {'line': b'-- Up-to-date: /home/greyflon/lab_2025/install/two_wheeled_robot/share/two_wheeled_robot/models/aws_robomaker_retail_BookshelfB_01/model.sdf\n'}
[0.644591] (two_wheeled_robot) StdoutLine: {'line': b'-- Up-to-date: /home/greyflon/lab_2025/install/two_wheeled_robot/share/two_wheeled_robot/models/warehouse_walls\n'}
[0.644705] (two_wheeled_robot) StdoutLine: {'line': b'-- Up-to-date: /home/greyflon/lab_2025/install/two_wheeled_robot/share/two_wheeled_robot/models/warehouse_walls/model.config\n'}
[0.644774] (two_wheeled_robot) StdoutLine: {'line': b'-- Up-to-date: /home/greyflon/lab_2025/install/two_wheeled_robot/share/two_wheeled_robot/models/warehouse_walls/materials\n'}
[0.644836] (two_wheeled_robot) StdoutLine: {'line': b'-- Up-to-date: /home/greyflon/lab_2025/install/two_wheeled_robot/share/two_wheeled_robot/models/warehouse_walls/materials/scripts\n'}
[0.644898] (two_wheeled_robot) StdoutLine: {'line': b'-- Up-to-date: /home/greyflon/lab_2025/install/two_wheeled_robot/share/two_wheeled_robot/models/warehouse_walls/materials/scripts/grey_wall.material\n'}
[0.644960] (two_wheeled_robot) StdoutLine: {'line': b'-- Up-to-date: /home/greyflon/lab_2025/install/two_wheeled_robot/share/two_wheeled_robot/models/warehouse_walls/materials/textures\n'}
[0.645021] (two_wheeled_robot) StdoutLine: {'line': b'-- Up-to-date: /home/greyflon/lab_2025/install/two_wheeled_robot/share/two_wheeled_robot/models/warehouse_walls/materials/textures/grey_wall.png\n'}
[0.645083] (two_wheeled_robot) StdoutLine: {'line': b'-- Up-to-date: /home/greyflon/lab_2025/install/two_wheeled_robot/share/two_wheeled_robot/models/warehouse_walls/model.sdf\n'}
[0.645185] (two_wheeled_robot) StdoutLine: {'line': b'-- Up-to-date: /home/greyflon/lab_2025/install/two_wheeled_robot/share/two_wheeled_robot/models/PotatoChipChair\n'}
[0.645250] (two_wheeled_robot) StdoutLine: {'line': b'-- Up-to-date: /home/greyflon/lab_2025/install/two_wheeled_robot/share/two_wheeled_robot/models/PotatoChipChair/model.config\n'}
[0.645312] (two_wheeled_robot) StdoutLine: {'line': b'-- Up-to-date: /home/greyflon/lab_2025/install/two_wheeled_robot/share/two_wheeled_robot/models/PotatoChipChair/meshes\n'}
[0.645373] (two_wheeled_robot) StdoutLine: {'line': b'-- Up-to-date: /home/greyflon/lab_2025/install/two_wheeled_robot/share/two_wheeled_robot/models/PotatoChipChair/meshes/PotatoChipChair.mtl\n'}
[0.645433] (two_wheeled_robot) StdoutLine: {'line': b'-- Up-to-date: /home/greyflon/lab_2025/install/two_wheeled_robot/share/two_wheeled_robot/models/PotatoChipChair/meshes/PotatoChipChairDiffuse.png\n'}
[0.645494] (two_wheeled_robot) StdoutLine: {'line': b'-- Up-to-date: /home/greyflon/lab_2025/install/two_wheeled_robot/share/two_wheeled_robot/models/PotatoChipChair/meshes/PotatoChipChair.obj\n'}
[0.645555] (two_wheeled_robot) StdoutLine: {'line': b'-- Up-to-date: /home/greyflon/lab_2025/install/two_wheeled_robot/share/two_wheeled_robot/models/PotatoChipChair/meshes/PotatoChipChair_Col.obj\n'}
[0.645631] (two_wheeled_robot) StdoutLine: {'line': b'-- Up-to-date: /home/greyflon/lab_2025/install/two_wheeled_robot/share/two_wheeled_robot/models/PotatoChipChair/meshes/PotatoChipChair_Col.mtl\n'}
[0.645701] (two_wheeled_robot) StdoutLine: {'line': b'-- Up-to-date: /home/greyflon/lab_2025/install/two_wheeled_robot/share/two_wheeled_robot/models/PotatoChipChair/thumbnails\n'}
[0.645763] (two_wheeled_robot) StdoutLine: {'line': b'-- Up-to-date: /home/greyflon/lab_2025/install/two_wheeled_robot/share/two_wheeled_robot/models/PotatoChipChair/thumbnails/5.png\n'}
[0.645823] (two_wheeled_robot) StdoutLine: {'line': b'-- Up-to-date: /home/greyflon/lab_2025/install/two_wheeled_robot/share/two_wheeled_robot/models/PotatoChipChair/thumbnails/1.png\n'}
[0.645883] (two_wheeled_robot) StdoutLine: {'line': b'-- Up-to-date: /home/greyflon/lab_2025/install/two_wheeled_robot/share/two_wheeled_robot/models/PotatoChipChair/thumbnails/2.png\n'}
[0.645950] (two_wheeled_robot) StdoutLine: {'line': b'-- Up-to-date: /home/greyflon/lab_2025/install/two_wheeled_robot/share/two_wheeled_robot/models/PotatoChipChair/thumbnails/4.png\n'}
[0.646010] (two_wheeled_robot) StdoutLine: {'line': b'-- Up-to-date: /home/greyflon/lab_2025/install/two_wheeled_robot/share/two_wheeled_robot/models/PotatoChipChair/thumbnails/3.png\n'}
[0.646071] (two_wheeled_robot) StdoutLine: {'line': b'-- Up-to-date: /home/greyflon/lab_2025/install/two_wheeled_robot/share/two_wheeled_robot/models/PotatoChipChair/model.sdf\n'}
[0.646131] (two_wheeled_robot) StdoutLine: {'line': b'-- Up-to-date: /home/greyflon/lab_2025/install/two_wheeled_robot/share/two_wheeled_robot/models/big_box4\n'}
[0.646191] (two_wheeled_robot) StdoutLine: {'line': b'-- Up-to-date: /home/greyflon/lab_2025/install/two_wheeled_robot/share/two_wheeled_robot/models/big_box4/model.config\n'}
[0.646251] (two_wheeled_robot) StdoutLine: {'line': b'-- Up-to-date: /home/greyflon/lab_2025/install/two_wheeled_robot/share/two_wheeled_robot/models/big_box4/meshes\n'}
[0.646326] (two_wheeled_robot) StdoutLine: {'line': b'-- Up-to-date: /home/greyflon/lab_2025/install/two_wheeled_robot/share/two_wheeled_robot/models/big_box4/meshes/big_box.dae\n'}
[0.646388] (two_wheeled_robot) StdoutLine: {'line': b'-- Up-to-date: /home/greyflon/lab_2025/install/two_wheeled_robot/share/two_wheeled_robot/models/big_box4/materials\n'}
[0.646448] (two_wheeled_robot) StdoutLine: {'line': b'-- Up-to-date: /home/greyflon/lab_2025/install/two_wheeled_robot/share/two_wheeled_robot/models/big_box4/materials/textures\n'}
[0.646508] (two_wheeled_robot) StdoutLine: {'line': b'-- Up-to-date: /home/greyflon/lab_2025/install/two_wheeled_robot/share/two_wheeled_robot/models/big_box4/materials/textures/barcode.png\n'}
[0.646568] (two_wheeled_robot) StdoutLine: {'line': b'-- Up-to-date: /home/greyflon/lab_2025/install/two_wheeled_robot/share/two_wheeled_robot/models/big_box4/materials/textures/Kraft_Tile.jpg\n'}
[0.646658] (two_wheeled_robot) StdoutLine: {'line': b'-- Up-to-date: /home/greyflon/lab_2025/install/two_wheeled_robot/share/two_wheeled_robot/models/big_box4/materials/textures/side2.png\n'}
[0.646723] (two_wheeled_robot) StdoutLine: {'line': b'-- Up-to-date: /home/greyflon/lab_2025/install/two_wheeled_robot/share/two_wheeled_robot/models/big_box4/materials/textures/side1.pdn\n'}
[0.646784] (two_wheeled_robot) StdoutLine: {'line': b'-- Up-to-date: /home/greyflon/lab_2025/install/two_wheeled_robot/share/two_wheeled_robot/models/big_box4/materials/textures/front.png\n'}
[0.646844] (two_wheeled_robot) StdoutLine: {'line': b'-- Up-to-date: /home/greyflon/lab_2025/install/two_wheeled_robot/share/two_wheeled_robot/models/big_box4/materials/textures/front.pdn\n'}
[0.646905] (two_wheeled_robot) StdoutLine: {'line': b'-- Up-to-date: /home/greyflon/lab_2025/install/two_wheeled_robot/share/two_wheeled_robot/models/big_box4/materials/textures/side2.pdn\n'}
[0.646965] (two_wheeled_robot) StdoutLine: {'line': b'-- Up-to-date: /home/greyflon/lab_2025/install/two_wheeled_robot/share/two_wheeled_robot/models/big_box4/materials/textures/side1.png\n'}
[0.647025] (two_wheeled_robot) StdoutLine: {'line': b'-- Up-to-date: /home/greyflon/lab_2025/install/two_wheeled_robot/share/two_wheeled_robot/models/big_box4/model.sdf\n'}
[0.647086] (two_wheeled_robot) StdoutLine: {'line': b'-- Up-to-date: /home/greyflon/lab_2025/install/two_wheeled_robot/share/two_wheeled_robot/models/ElderLadyPatient\n'}
[0.647147] (two_wheeled_robot) StdoutLine: {'line': b'-- Up-to-date: /home/greyflon/lab_2025/install/two_wheeled_robot/share/two_wheeled_robot/models/ElderLadyPatient/model.config\n'}
[0.647208] (two_wheeled_robot) StdoutLine: {'line': b'-- Up-to-date: /home/greyflon/lab_2025/install/two_wheeled_robot/share/two_wheeled_robot/models/ElderLadyPatient/meshes\n'}
[0.647282] (two_wheeled_robot) StdoutLine: {'line': b'-- Up-to-date: /home/greyflon/lab_2025/install/two_wheeled_robot/share/two_wheeled_robot/models/ElderLadyPatient/meshes/ElderFPatient_color.jpg\n'}
[0.647350] (two_wheeled_robot) StdoutLine: {'line': b'-- Up-to-date: /home/greyflon/lab_2025/install/two_wheeled_robot/share/two_wheeled_robot/models/ElderLadyPatient/meshes/ElderFemale.obj\n'}
[0.647468] (two_wheeled_robot) StdoutLine: {'line': b'-- Up-to-date: /home/greyflon/lab_2025/install/two_wheeled_robot/share/two_wheeled_robot/models/ElderLadyPatient/meshes/Carts_Wheels_Diffuse.png\n'}
[0.647530] (two_wheeled_robot) StdoutLine: {'line': b'-- Up-to-date: /home/greyflon/lab_2025/install/two_wheeled_robot/share/two_wheeled_robot/models/ElderLadyPatient/meshes/ElderFemale.mtl\n'}
[0.647597] (two_wheeled_robot) StdoutLine: {'line': b'-- Up-to-date: /home/greyflon/lab_2025/install/two_wheeled_robot/share/two_wheeled_robot/models/ElderLadyPatient/meshes/CGMVanguard_Diffuse.png\n'}
[0.647746] (two_wheeled_robot) StdoutLine: {'line': b'-- Up-to-date: /home/greyflon/lab_2025/install/two_wheeled_robot/share/two_wheeled_robot/models/ElderLadyPatient/thumbnails\n'}
[0.647809] (two_wheeled_robot) StdoutLine: {'line': b'-- Up-to-date: /home/greyflon/lab_2025/install/two_wheeled_robot/share/two_wheeled_robot/models/ElderLadyPatient/thumbnails/5.png\n'}
[0.647869] (two_wheeled_robot) StdoutLine: {'line': b'-- Up-to-date: /home/greyflon/lab_2025/install/two_wheeled_robot/share/two_wheeled_robot/models/ElderLadyPatient/thumbnails/1.png\n'}
[0.647930] (two_wheeled_robot) StdoutLine: {'line': b'-- Up-to-date: /home/greyflon/lab_2025/install/two_wheeled_robot/share/two_wheeled_robot/models/ElderLadyPatient/thumbnails/2.png\n'}
[0.647990] (two_wheeled_robot) StdoutLine: {'line': b'-- Up-to-date: /home/greyflon/lab_2025/install/two_wheeled_robot/share/two_wheeled_robot/models/ElderLadyPatient/thumbnails/4.png\n'}
[0.648050] (two_wheeled_robot) StdoutLine: {'line': b'-- Up-to-date: /home/greyflon/lab_2025/install/two_wheeled_robot/share/two_wheeled_robot/models/ElderLadyPatient/thumbnails/3.png\n'}
[0.648110] (two_wheeled_robot) StdoutLine: {'line': b'-- Up-to-date: /home/greyflon/lab_2025/install/two_wheeled_robot/share/two_wheeled_robot/models/ElderLadyPatient/model.sdf\n'}
[0.648170] (two_wheeled_robot) StdoutLine: {'line': b'-- Up-to-date: /home/greyflon/lab_2025/install/two_wheeled_robot/share/two_wheeled_robot/models/aws_robomaker_residential_FoldingDoor_01\n'}
[0.648230] (two_wheeled_robot) StdoutLine: {'line': b'-- Up-to-date: /home/greyflon/lab_2025/install/two_wheeled_robot/share/two_wheeled_robot/models/aws_robomaker_residential_FoldingDoor_01/model.config\n'}
[0.648290] (two_wheeled_robot) StdoutLine: {'line': b'-- Up-to-date: /home/greyflon/lab_2025/install/two_wheeled_robot/share/two_wheeled_robot/models/aws_robomaker_residential_FoldingDoor_01/meshes\n'}
[0.648351] (two_wheeled_robot) StdoutLine: {'line': b'-- Up-to-date: /home/greyflon/lab_2025/install/two_wheeled_robot/share/two_wheeled_robot/models/aws_robomaker_residential_FoldingDoor_01/meshes/aws_FoldingDoor_01_collision.DAE\n'}
[0.648429] (two_wheeled_robot) StdoutLine: {'line': b'-- Up-to-date: /home/greyflon/lab_2025/install/two_wheeled_robot/share/two_wheeled_robot/models/aws_robomaker_residential_FoldingDoor_01/meshes/aws_FoldingDoor_01_visual.DAE\n'}
[0.648490] (two_wheeled_robot) StdoutLine: {'line': b'-- Up-to-date: /home/greyflon/lab_2025/install/two_wheeled_robot/share/two_wheeled_robot/models/aws_robomaker_residential_FoldingDoor_01/materials\n'}
[0.648550] (two_wheeled_robot) StdoutLine: {'line': b'-- Up-to-date: /home/greyflon/lab_2025/install/two_wheeled_robot/share/two_wheeled_robot/models/aws_robomaker_residential_FoldingDoor_01/materials/textures\n'}
[0.648657] (two_wheeled_robot) StdoutLine: {'line': b'-- Up-to-date: /home/greyflon/lab_2025/install/two_wheeled_robot/share/two_wheeled_robot/models/aws_robomaker_residential_FoldingDoor_01/materials/textures/aws_FoldingDoor_01.png\n'}
[0.648761] (two_wheeled_robot) StdoutLine: {'line': b'-- Up-to-date: /home/greyflon/lab_2025/install/two_wheeled_robot/share/two_wheeled_robot/models/aws_robomaker_residential_FoldingDoor_01/model.sdf\n'}
[0.648824] (two_wheeled_robot) StdoutLine: {'line': b'-- Up-to-date: /home/greyflon/lab_2025/install/two_wheeled_robot/share/two_wheeled_robot/models/wastebasket\n'}
[0.648891] (two_wheeled_robot) StdoutLine: {'line': b'-- Up-to-date: /home/greyflon/lab_2025/install/two_wheeled_robot/share/two_wheeled_robot/models/wastebasket/model.config\n'}
[0.648951] (two_wheeled_robot) StdoutLine: {'line': b'-- Up-to-date: /home/greyflon/lab_2025/install/two_wheeled_robot/share/two_wheeled_robot/models/wastebasket/meshes\n'}
[0.649013] (two_wheeled_robot) StdoutLine: {'line': b'-- Up-to-date: /home/greyflon/lab_2025/install/two_wheeled_robot/share/two_wheeled_robot/models/wastebasket/meshes/wastebasket.dae\n'}
[0.649073] (two_wheeled_robot) StdoutLine: {'line': b'-- Up-to-date: /home/greyflon/lab_2025/install/two_wheeled_robot/share/two_wheeled_robot/models/wastebasket/materials\n'}
[0.649135] (two_wheeled_robot) StdoutLine: {'line': b'-- Up-to-date: /home/greyflon/lab_2025/install/two_wheeled_robot/share/two_wheeled_robot/models/wastebasket/materials/textures\n'}
[0.649197] (two_wheeled_robot) StdoutLine: {'line': b'-- Up-to-date: /home/greyflon/lab_2025/install/two_wheeled_robot/share/two_wheeled_robot/models/wastebasket/materials/textures/wastebasket_diffuse.png\n'}
[0.649258] (two_wheeled_robot) StdoutLine: {'line': b'-- Up-to-date: /home/greyflon/lab_2025/install/two_wheeled_robot/share/two_wheeled_robot/models/wastebasket/model.sdf\n'}
[0.649320] (two_wheeled_robot) StdoutLine: {'line': b'-- Up-to-date: /home/greyflon/lab_2025/install/two_wheeled_robot/share/two_wheeled_robot/models/school\n'}
[0.649382] (two_wheeled_robot) StdoutLine: {'line': b'-- Up-to-date: /home/greyflon/lab_2025/install/two_wheeled_robot/share/two_wheeled_robot/models/school/model.config\n'}
[0.649444] (two_wheeled_robot) StdoutLine: {'line': b'-- Up-to-date: /home/greyflon/lab_2025/install/two_wheeled_robot/share/two_wheeled_robot/models/school/meshes\n'}
[0.649505] (two_wheeled_robot) StdoutLine: {'line': b'-- Up-to-date: /home/greyflon/lab_2025/install/two_wheeled_robot/share/two_wheeled_robot/models/school/meshes/school.dae\n'}
[0.649566] (two_wheeled_robot) StdoutLine: {'line': b'-- Up-to-date: /home/greyflon/lab_2025/install/two_wheeled_robot/share/two_wheeled_robot/models/school/materials\n'}
[0.649673] (two_wheeled_robot) StdoutLine: {'line': b'-- Up-to-date: /home/greyflon/lab_2025/install/two_wheeled_robot/share/two_wheeled_robot/models/school/materials/textures\n'}
[0.649739] (two_wheeled_robot) StdoutLine: {'line': b'-- Up-to-date: /home/greyflon/lab_2025/install/two_wheeled_robot/share/two_wheeled_robot/models/school/materials/textures/school_spec.jpg\n'}
[0.649799] (two_wheeled_robot) StdoutLine: {'line': b'-- Up-to-date: /home/greyflon/lab_2025/install/two_wheeled_robot/share/two_wheeled_robot/models/school/materials/textures/school_diffuse.jpg\n'}
[0.649860] (two_wheeled_robot) StdoutLine: {'line': b'-- Up-to-date: /home/greyflon/lab_2025/install/two_wheeled_robot/share/two_wheeled_robot/models/school/model.sdf\n'}
[0.649921] (two_wheeled_robot) StdoutLine: {'line': b'-- Up-to-date: /home/greyflon/lab_2025/install/two_wheeled_robot/share/two_wheeled_robot/models/speed_limit_sign\n'}
[0.649981] (two_wheeled_robot) StdoutLine: {'line': b'-- Up-to-date: /home/greyflon/lab_2025/install/two_wheeled_robot/share/two_wheeled_robot/models/speed_limit_sign/model-1_4.sdf\n'}
[0.650043] (two_wheeled_robot) StdoutLine: {'line': b'-- Up-to-date: /home/greyflon/lab_2025/install/two_wheeled_robot/share/two_wheeled_robot/models/speed_limit_sign/model.config\n'}
[0.650103] (two_wheeled_robot) StdoutLine: {'line': b'-- Up-to-date: /home/greyflon/lab_2025/install/two_wheeled_robot/share/two_wheeled_robot/models/speed_limit_sign/meshes\n'}
[0.650176] (two_wheeled_robot) StdoutLine: {'line': b'-- Up-to-date: /home/greyflon/lab_2025/install/two_wheeled_robot/share/two_wheeled_robot/models/speed_limit_sign/meshes/speed_limit_sign.dae\n'}
[0.650237] (two_wheeled_robot) StdoutLine: {'line': b'-- Up-to-date: /home/greyflon/lab_2025/install/two_wheeled_robot/share/two_wheeled_robot/models/speed_limit_sign/materials\n'}
[0.650298] (two_wheeled_robot) StdoutLine: {'line': b'-- Up-to-date: /home/greyflon/lab_2025/install/two_wheeled_robot/share/two_wheeled_robot/models/speed_limit_sign/materials/textures\n'}
[0.650365] (two_wheeled_robot) StdoutLine: {'line': b'-- Up-to-date: /home/greyflon/lab_2025/install/two_wheeled_robot/share/two_wheeled_robot/models/speed_limit_sign/materials/textures/StopSign_Spec.png\n'}
[0.650426] (two_wheeled_robot) StdoutLine: {'line': b'-- Up-to-date: /home/greyflon/lab_2025/install/two_wheeled_robot/share/two_wheeled_robot/models/speed_limit_sign/materials/textures/Speed_110.png\n'}
[0.650504] (two_wheeled_robot) StdoutLine: {'line': b'-- Up-to-date: /home/greyflon/lab_2025/install/two_wheeled_robot/share/two_wheeled_robot/models/speed_limit_sign/materials/textures/Speed_80.png\n'}
[0.650565] (two_wheeled_robot) StdoutLine: {'line': b'-- Up-to-date: /home/greyflon/lab_2025/install/two_wheeled_robot/share/two_wheeled_robot/models/speed_limit_sign/materials/textures/Speed_100.png\n'}
[0.650654] (two_wheeled_robot) StdoutLine: {'line': b'-- Up-to-date: /home/greyflon/lab_2025/install/two_wheeled_robot/share/two_wheeled_robot/models/speed_limit_sign/materials/textures/Speed_50.png\n'}
[0.650719] (two_wheeled_robot) StdoutLine: {'line': b'-- Up-to-date: /home/greyflon/lab_2025/install/two_wheeled_robot/share/two_wheeled_robot/models/speed_limit_sign/materials/textures/Speed_Spec.png\n'}
[0.650781] (two_wheeled_robot) StdoutLine: {'line': b'-- Up-to-date: /home/greyflon/lab_2025/install/two_wheeled_robot/share/two_wheeled_robot/models/speed_limit_sign/materials/textures/Speed_130.png\n'}
[0.650841] (two_wheeled_robot) StdoutLine: {'line': b'-- Up-to-date: /home/greyflon/lab_2025/install/two_wheeled_robot/share/two_wheeled_robot/models/speed_limit_sign/materials/textures/Speed_90.png\n'}
[0.650902] (two_wheeled_robot) StdoutLine: {'line': b'-- Up-to-date: /home/greyflon/lab_2025/install/two_wheeled_robot/share/two_wheeled_robot/models/speed_limit_sign/materials/textures/Speed_60.png\n'}
[0.650963] (two_wheeled_robot) StdoutLine: {'line': b'-- Up-to-date: /home/greyflon/lab_2025/install/two_wheeled_robot/share/two_wheeled_robot/models/speed_limit_sign/materials/textures/Speed_40.png\n'}
[0.651023] (two_wheeled_robot) StdoutLine: {'line': b'-- Up-to-date: /home/greyflon/lab_2025/install/two_wheeled_robot/share/two_wheeled_robot/models/speed_limit_sign/materials/textures/Speed_70.png\n'}
[0.651085] (two_wheeled_robot) StdoutLine: {'line': b'-- Up-to-date: /home/greyflon/lab_2025/install/two_wheeled_robot/share/two_wheeled_robot/models/speed_limit_sign/materials/textures/Speed_30.png\n'}
[0.651145] (two_wheeled_robot) StdoutLine: {'line': b'-- Up-to-date: /home/greyflon/lab_2025/install/two_wheeled_robot/share/two_wheeled_robot/models/speed_limit_sign/materials/textures/Speed_16.png\n'}
[0.651206] (two_wheeled_robot) StdoutLine: {'line': b'-- Up-to-date: /home/greyflon/lab_2025/install/two_wheeled_robot/share/two_wheeled_robot/models/speed_limit_sign/materials/textures/Speed_120.png\n'}
[0.651267] (two_wheeled_robot) StdoutLine: {'line': b'-- Up-to-date: /home/greyflon/lab_2025/install/two_wheeled_robot/share/two_wheeled_robot/models/speed_limit_sign/materials/textures/StopSign_Diffuse.png\n'}
[0.651328] (two_wheeled_robot) StdoutLine: {'line': b'-- Up-to-date: /home/greyflon/lab_2025/install/two_wheeled_robot/share/two_wheeled_robot/models/speed_limit_sign/model.sdf\n'}
[0.651388] (two_wheeled_robot) StdoutLine: {'line': b'-- Up-to-date: /home/greyflon/lab_2025/install/two_wheeled_robot/share/two_wheeled_robot/models/speed_limit_sign/model-1_3.sdf\n'}
[0.651455] (two_wheeled_robot) StdoutLine: {'line': b'-- Up-to-date: /home/greyflon/lab_2025/install/two_wheeled_robot/share/two_wheeled_robot/models/aws_robomaker_hospital_floor_02_walls\n'}
[0.651517] (two_wheeled_robot) StdoutLine: {'line': b'-- Up-to-date: /home/greyflon/lab_2025/install/two_wheeled_robot/share/two_wheeled_robot/models/aws_robomaker_hospital_floor_02_walls/model.config\n'}
[0.651578] (two_wheeled_robot) StdoutLine: {'line': b'-- Up-to-date: /home/greyflon/lab_2025/install/two_wheeled_robot/share/two_wheeled_robot/models/aws_robomaker_hospital_floor_02_walls/meshes\n'}
[0.651711] (two_wheeled_robot) StdoutLine: {'line': b'-- Up-to-date: /home/greyflon/lab_2025/install/two_wheeled_robot/share/two_wheeled_robot/models/aws_robomaker_hospital_floor_02_walls/meshes/aws_robomaker_hospital_floor_02_stairs.png\n'}
[0.651773] (two_wheeled_robot) StdoutLine: {'line': b'-- Up-to-date: /home/greyflon/lab_2025/install/two_wheeled_robot/share/two_wheeled_robot/models/aws_robomaker_hospital_floor_02_walls/meshes/aws_robomaker_hospital_floor_02_doorsign.png\n'}
[0.651833] (two_wheeled_robot) StdoutLine: {'line': b'-- Up-to-date: /home/greyflon/lab_2025/install/two_wheeled_robot/share/two_wheeled_robot/models/aws_robomaker_hospital_floor_02_walls/meshes/aws_robomaker_hospital_floor_02_walls_visual.dae\n'}
[0.651893] (two_wheeled_robot) StdoutLine: {'line': b'-- Up-to-date: /home/greyflon/lab_2025/install/two_wheeled_robot/share/two_wheeled_robot/models/aws_robomaker_hospital_floor_02_walls/meshes/aws_robomaker_hospital_floor_02_windows.png\n'}
[0.651954] (two_wheeled_robot) StdoutLine: {'line': b'-- Up-to-date: /home/greyflon/lab_2025/install/two_wheeled_robot/share/two_wheeled_robot/models/aws_robomaker_hospital_floor_02_walls/meshes/aws_robomaker_hospital_floor_02_walls.png\n'}
[0.652014] (two_wheeled_robot) StdoutLine: {'line': b'-- Up-to-date: /home/greyflon/lab_2025/install/two_wheeled_robot/share/two_wheeled_robot/models/aws_robomaker_hospital_floor_02_walls/meshes/aws_robomaker_hospital_floor_02_walls_collision.dae\n'}
[0.652074] (two_wheeled_robot) StdoutLine: {'line': b'-- Up-to-date: /home/greyflon/lab_2025/install/two_wheeled_robot/share/two_wheeled_robot/models/aws_robomaker_hospital_floor_02_walls/meshes/aws_robomaker_hospital_floor_02_doorframes_small.png\n'}
[0.652135] (two_wheeled_robot) StdoutLine: {'line': b'-- Up-to-date: /home/greyflon/lab_2025/install/two_wheeled_robot/share/two_wheeled_robot/models/aws_robomaker_hospital_floor_02_walls/meshes/aws_robomaker_hospital_floor_02_handrail.png\n'}
[0.652208] (two_wheeled_robot) StdoutLine: {'line': b'-- Up-to-date: /home/greyflon/lab_2025/install/two_wheeled_robot/share/two_wheeled_robot/models/aws_robomaker_hospital_floor_02_walls/meshes/aws_robomaker_hospital_floor_02_doorframes_big.png\n'}
[0.652270] (two_wheeled_robot) StdoutLine: {'line': b'-- Up-to-date: /home/greyflon/lab_2025/install/two_wheeled_robot/share/two_wheeled_robot/models/aws_robomaker_hospital_floor_02_walls/meshes/aws_robomaker_hospital_floor_02_bumprail.png\n'}
[0.652330] (two_wheeled_robot) StdoutLine: {'line': b'-- Up-to-date: /home/greyflon/lab_2025/install/two_wheeled_robot/share/two_wheeled_robot/models/aws_robomaker_hospital_floor_02_walls/model.sdf\n'}
[0.652391] (two_wheeled_robot) StdoutLine: {'line': b'-- Up-to-date: /home/greyflon/lab_2025/install/two_wheeled_robot/share/two_wheeled_robot/models/office_chair\n'}
[0.652451] (two_wheeled_robot) StdoutLine: {'line': b'-- Up-to-date: /home/greyflon/lab_2025/install/two_wheeled_robot/share/two_wheeled_robot/models/office_chair/model.config\n'}
[0.652511] (two_wheeled_robot) StdoutLine: {'line': b'-- Up-to-date: /home/greyflon/lab_2025/install/two_wheeled_robot/share/two_wheeled_robot/models/office_chair/meshes\n'}
[0.652572] (two_wheeled_robot) StdoutLine: {'line': b'-- Up-to-date: /home/greyflon/lab_2025/install/two_wheeled_robot/share/two_wheeled_robot/models/office_chair/meshes/office_chair.dae\n'}
[0.652695] (two_wheeled_robot) StdoutLine: {'line': b'-- Up-to-date: /home/greyflon/lab_2025/install/two_wheeled_robot/share/two_wheeled_robot/models/office_chair/materials\n'}
[0.652760] (two_wheeled_robot) StdoutLine: {'line': b'-- Up-to-date: /home/greyflon/lab_2025/install/two_wheeled_robot/share/two_wheeled_robot/models/office_chair/materials/textures\n'}
[0.652821] (two_wheeled_robot) StdoutLine: {'line': b'-- Up-to-date: /home/greyflon/lab_2025/install/two_wheeled_robot/share/two_wheeled_robot/models/office_chair/materials/textures/office_chair_diffuse.png\n'}
[0.652882] (two_wheeled_robot) StdoutLine: {'line': b'-- Up-to-date: /home/greyflon/lab_2025/install/two_wheeled_robot/share/two_wheeled_robot/models/office_chair/materials/textures/office_chair_specular.png\n'}
[0.652953] (two_wheeled_robot) StdoutLine: {'line': b'-- Up-to-date: /home/greyflon/lab_2025/install/two_wheeled_robot/share/two_wheeled_robot/models/office_chair/model.sdf\n'}
[0.653014] (two_wheeled_robot) StdoutLine: {'line': b'-- Up-to-date: /home/greyflon/lab_2025/install/two_wheeled_robot/share/two_wheeled_robot/params\n'}
[0.653074] (two_wheeled_robot) StdoutLine: {'line': b'-- Up-to-date: /home/greyflon/lab_2025/install/two_wheeled_robot/share/two_wheeled_robot/params/warehouse_world\n'}
[0.653140] (two_wheeled_robot) StdoutLine: {'line': b'-- Up-to-date: /home/greyflon/lab_2025/install/two_wheeled_robot/share/two_wheeled_robot/params/warehouse_world/basic_params.yaml\n'}
[0.653202] (two_wheeled_robot) StdoutLine: {'line': b'-- Up-to-date: /home/greyflon/lab_2025/install/two_wheeled_robot/share/two_wheeled_robot/params/neighborhood_world\n'}
[0.653262] (two_wheeled_robot) StdoutLine: {'line': b'-- Up-to-date: /home/greyflon/lab_2025/install/two_wheeled_robot/share/two_wheeled_robot/params/neighborhood_world/nav2_params.yaml\n'}
[0.653322] (two_wheeled_robot) StdoutLine: {'line': b'-- Up-to-date: /home/greyflon/lab_2025/install/two_wheeled_robot/share/two_wheeled_robot/params/neighborhood_world/nav2_params_urdf.yaml\n'}
[0.653383] (two_wheeled_robot) StdoutLine: {'line': b'-- Up-to-date: /home/greyflon/lab_2025/install/two_wheeled_robot/share/two_wheeled_robot/rviz\n'}
[0.653443] (two_wheeled_robot) StdoutLine: {'line': b'-- Up-to-date: /home/greyflon/lab_2025/install/two_wheeled_robot/share/two_wheeled_robot/rviz/rviz_basic_settings.rviz\n'}
[0.653503] (two_wheeled_robot) StdoutLine: {'line': b'-- Up-to-date: /home/greyflon/lab_2025/install/two_wheeled_robot/share/two_wheeled_robot/rviz/urdf_gazebo_config.rviz\n'}
[0.653564] (two_wheeled_robot) StdoutLine: {'line': b'-- Up-to-date: /home/greyflon/lab_2025/install/two_wheeled_robot/share/two_wheeled_robot/rviz/neighborhood_world\n'}
[0.653666] (two_wheeled_robot) StdoutLine: {'line': b'-- Up-to-date: /home/greyflon/lab_2025/install/two_wheeled_robot/share/two_wheeled_robot/rviz/neighborhood_world/urdf_config.rviz\n'}
[0.653730] (two_wheeled_robot) StdoutLine: {'line': b'-- Up-to-date: /home/greyflon/lab_2025/install/two_wheeled_robot/share/two_wheeled_robot/rviz/neighborhood_world/nav2_config_urdf.rviz\n'}
[0.653817] (two_wheeled_robot) StdoutLine: {'line': b'-- Up-to-date: /home/greyflon/lab_2025/install/two_wheeled_robot/share/two_wheeled_robot/rviz/neighborhood_world/nav2_config.rviz\n'}
[0.653889] (two_wheeled_robot) StdoutLine: {'line': b'-- Up-to-date: /home/greyflon/lab_2025/install/two_wheeled_robot/share/two_wheeled_robot/scripts\n'}
[0.653952] (two_wheeled_robot) StdoutLine: {'line': b'-- Up-to-date: /home/greyflon/lab_2025/install/two_wheeled_robot/share/two_wheeled_robot/scripts/lift_controller.py\n'}
[0.654040] (two_wheeled_robot) StdoutLine: {'line': b'-- Up-to-date: /home/greyflon/lab_2025/install/two_wheeled_robot/share/two_wheeled_robot/urdf\n'}
[0.654100] (two_wheeled_robot) StdoutLine: {'line': b'-- Up-to-date: /home/greyflon/lab_2025/install/two_wheeled_robot/share/two_wheeled_robot/urdf/two_wheeled_robot_with_gazebo_plugins.urdf\n'}
[0.654161] (two_wheeled_robot) StdoutLine: {'line': b'-- Up-to-date: /home/greyflon/lab_2025/install/two_wheeled_robot/share/two_wheeled_robot/urdf/two_wheeled_robot_with_lift.urdf\n'}
[0.654221] (two_wheeled_robot) StdoutLine: {'line': b'-- Up-to-date: /home/greyflon/lab_2025/install/two_wheeled_robot/share/two_wheeled_robot/urdf/sam_bot_description.urdf\n'}
[0.654282] (two_wheeled_robot) StdoutLine: {'line': b'-- Up-to-date: /home/greyflon/lab_2025/install/two_wheeled_robot/share/two_wheeled_robot/urdf/two_wheeled_robot_nav2.urdf\n'}
[0.654343] (two_wheeled_robot) StdoutLine: {'line': b'-- Up-to-date: /home/greyflon/lab_2025/install/two_wheeled_robot/share/two_wheeled_robot/urdf/two_wheeled_robot.urdf\n'}
[0.654451] (two_wheeled_robot) StdoutLine: {'line': b'-- Up-to-date: /home/greyflon/lab_2025/install/two_wheeled_robot/share/two_wheeled_robot/worlds\n'}
[0.654522] (two_wheeled_robot) StdoutLine: {'line': b'-- Up-to-date: /home/greyflon/lab_2025/install/two_wheeled_robot/share/two_wheeled_robot/worlds/cafe.world\n'}
[0.654591] (two_wheeled_robot) StdoutLine: {'line': b'-- Up-to-date: /home/greyflon/lab_2025/install/two_wheeled_robot/share/two_wheeled_robot/worlds/lawn.world\n'}
[0.654689] (two_wheeled_robot) StdoutLine: {'line': b'-- Up-to-date: /home/greyflon/lab_2025/install/two_wheeled_robot/share/two_wheeled_robot/worlds/factory.world\n'}
[0.654751] (two_wheeled_robot) StdoutLine: {'line': b'-- Up-to-date: /home/greyflon/lab_2025/install/two_wheeled_robot/share/two_wheeled_robot/worlds/house.world\n'}
[0.654812] (two_wheeled_robot) StdoutLine: {'line': b'-- Up-to-date: /home/greyflon/lab_2025/install/two_wheeled_robot/share/two_wheeled_robot/worlds/farm.world\n'}
[0.654873] (two_wheeled_robot) StdoutLine: {'line': b'-- Up-to-date: /home/greyflon/lab_2025/install/two_wheeled_robot/share/two_wheeled_robot/worlds/basic.world\n'}
[0.654933] (two_wheeled_robot) StdoutLine: {'line': b'-- Up-to-date: /home/greyflon/lab_2025/install/two_wheeled_robot/share/two_wheeled_robot/worlds/hospital_2_floors.world\n'}
[0.654994] (two_wheeled_robot) StdoutLine: {'line': b'-- Up-to-date: /home/greyflon/lab_2025/install/two_wheeled_robot/share/two_wheeled_robot/worlds/hospital_3_floors.world\n'}
[0.655054] (two_wheeled_robot) StdoutLine: {'line': b'-- Up-to-date: /home/greyflon/lab_2025/install/two_wheeled_robot/share/two_wheeled_robot/worlds/inventory.world\n'}
[0.655114] (two_wheeled_robot) StdoutLine: {'line': b'-- Up-to-date: /home/greyflon/lab_2025/install/two_wheeled_robot/share/two_wheeled_robot/worlds/office.world\n'}
[0.655174] (two_wheeled_robot) StdoutLine: {'line': b'-- Up-to-date: /home/greyflon/lab_2025/install/two_wheeled_robot/share/two_wheeled_robot/worlds/car.world\n'}
[0.655243] (two_wheeled_robot) StdoutLine: {'line': b'-- Up-to-date: /home/greyflon/lab_2025/install/two_wheeled_robot/share/two_wheeled_robot/worlds/warehouse.world\n'}
[0.655306] (two_wheeled_robot) StdoutLine: {'line': b'-- Up-to-date: /home/greyflon/lab_2025/install/two_wheeled_robot/share/two_wheeled_robot/worlds/neighborhood.world\n'}
[0.655373] (two_wheeled_robot) StdoutLine: {'line': b'-- Up-to-date: /home/greyflon/lab_2025/install/two_wheeled_robot/share/two_wheeled_robot/worlds/distribution_center.world\n'}
[0.655429] (two_wheeled_robot) StdoutLine: {'line': b'-- Up-to-date: /home/greyflon/lab_2025/install/two_wheeled_robot/share/two_wheeled_robot/worlds/hospital.world\n'}
[0.655484] (two_wheeled_robot) StdoutLine: {'line': b'-- Up-to-date: /home/greyflon/lab_2025/install/two_wheeled_robot/share/ament_index/resource_index/package_run_dependencies/two_wheeled_robot\n'}
[0.655539] (two_wheeled_robot) StdoutLine: {'line': b'-- Up-to-date: /home/greyflon/lab_2025/install/two_wheeled_robot/share/ament_index/resource_index/parent_prefix_path/two_wheeled_robot\n'}
[0.655603] (two_wheeled_robot) StdoutLine: {'line': b'-- Up-to-date: /home/greyflon/lab_2025/install/two_wheeled_robot/share/two_wheeled_robot/environment/ament_prefix_path.sh\n'}
[0.655668] (two_wheeled_robot) StdoutLine: {'line': b'-- Up-to-date: /home/greyflon/lab_2025/install/two_wheeled_robot/share/two_wheeled_robot/environment/ament_prefix_path.dsv\n'}
[0.655723] (two_wheeled_robot) StdoutLine: {'line': b'-- Up-to-date: /home/greyflon/lab_2025/install/two_wheeled_robot/share/two_wheeled_robot/environment/path.sh\n'}
[0.655777] (two_wheeled_robot) StdoutLine: {'line': b'-- Up-to-date: /home/greyflon/lab_2025/install/two_wheeled_robot/share/two_wheeled_robot/environment/path.dsv\n'}
[0.655837] (two_wheeled_robot) StdoutLine: {'line': b'-- Up-to-date: /home/greyflon/lab_2025/install/two_wheeled_robot/share/two_wheeled_robot/local_setup.bash\n'}
[0.655898] (two_wheeled_robot) StdoutLine: {'line': b'-- Up-to-date: /home/greyflon/lab_2025/install/two_wheeled_robot/share/two_wheeled_robot/local_setup.sh\n'}
[0.655958] (two_wheeled_robot) StdoutLine: {'line': b'-- Up-to-date: /home/greyflon/lab_2025/install/two_wheeled_robot/share/two_wheeled_robot/local_setup.zsh\n'}
[0.656025] (two_wheeled_robot) StdoutLine: {'line': b'-- Up-to-date: /home/greyflon/lab_2025/install/two_wheeled_robot/share/two_wheeled_robot/local_setup.dsv\n'}
[0.656086] (two_wheeled_robot) StdoutLine: {'line': b'-- Installing: /home/greyflon/lab_2025/install/two_wheeled_robot/share/two_wheeled_robot/package.dsv\n'}
[0.656159] (two_wheeled_robot) StdoutLine: {'line': b'-- Up-to-date: /home/greyflon/lab_2025/install/two_wheeled_robot/share/ament_index/resource_index/packages/two_wheeled_robot\n'}
[0.656219] (two_wheeled_robot) StdoutLine: {'line': b'-- Up-to-date: /home/greyflon/lab_2025/install/two_wheeled_robot/share/two_wheeled_robot/cmake/two_wheeled_robotConfig.cmake\n'}
[0.656280] (two_wheeled_robot) StdoutLine: {'line': b'-- Up-to-date: /home/greyflon/lab_2025/install/two_wheeled_robot/share/two_wheeled_robot/cmake/two_wheeled_robotConfig-version.cmake\n'}
[0.656341] (two_wheeled_robot) StdoutLine: {'line': b'-- Up-to-date: /home/greyflon/lab_2025/install/two_wheeled_robot/share/two_wheeled_robot/package.xml\n'}
[0.656404] (two_wheeled_robot) CommandEnded: {'returncode': 0}
[0.700392] (-) TimerEvent: {}
[0.714418] (two_wheeled_robot) JobEnded: {'identifier': 'two_wheeled_robot', 'rc': 0}
[0.715836] (cv_basics) Command: {'cmd': ['/usr/bin/python3', '-W', 'ignore:setup.py install is deprecated', '-W', 'ignore:easy_install command is deprecated', 'setup.py', 'egg_info', '--egg-base', '../../build/cv_basics', 'build', '--build-base', '/home/greyflon/lab_2025/build/cv_basics/build', 'install', '--record', '/home/greyflon/lab_2025/build/cv_basics/install.log', '--single-version-externally-managed', 'install_data'], 'cwd': '/home/greyflon/lab_2025/src/cv_basics', 'env': {'LESSOPEN': '| /usr/bin/lesspipe %s', 'USER': 'greyflon', 'XDG_SESSION_TYPE': 'wayland', 'SHLVL': '1', 'LD_LIBRARY_PATH': '/usr/lib/x86_64-linux-gnu/gazebo-11/plugins:/opt/ros/humble/opt/rviz_ogre_vendor/lib:/opt/ros/humble/lib/x86_64-linux-gnu:/opt/ros/humble/lib', 'HOME': '/home/greyflon', 'OLDPWD': '/home/greyflon', 'DESKTOP_SESSION': 'ubuntu', 'ROS_PYTHON_VERSION': '3', 'GNOME_SHELL_SESSION_MODE': 'ubuntu', 'GTK_MODULES': 'gail:atk-bridge', 'SYSTEMD_EXEC_PID': '1582', 'DBUS_SESSION_BUS_ADDRESS': 'unix:path=/run/user/1000/bus', 'COLORTERM': 'truecolor', 'IM_CONFIG_PHASE': '1', 'WAYLAND_DISPLAY': 'wayland-0', 'COLCON_PREFIX_PATH': '/home/greyflon/lab_2025/install', 'ROS_DISTRO': 'humble', 'LOGNAME': 'greyflon', '_': '/usr/bin/colcon', 'ROS_VERSION': '2', 'XDG_SESSION_CLASS': 'user', 'USERNAME': 'greyflon', 'TERM': 'xterm-256color', 'GNOME_DESKTOP_SESSION_ID': 'this-is-deprecated', 'ROS_LOCALHOST_ONLY': '0', 'PATH': '/opt/ros/humble/bin:/home/greyflon/.local/bin:/usr/local/sbin:/usr/local/bin:/usr/sbin:/usr/bin:/sbin:/bin:/usr/games:/usr/local/games:/snap/bin:/snap/bin', 'SESSION_MANAGER': 'local/greyflon-desktop:@/tmp/.ICE-unix/1559,unix/greyflon-desktop:/tmp/.ICE-unix/1559', 'XDG_MENU_PREFIX': 'gnome-', 'GNOME_TERMINAL_SCREEN': '/org/gnome/Terminal/screen/8ba91f51_be59_418d_992a_1824daeba29e', 'GNOME_SETUP_DISPLAY': ':1', 'XDG_RUNTIME_DIR': '/run/user/1000', 'DISPLAY': ':0', 'LANG': 'en_US.UTF-8', 'XDG_CURRENT_DESKTOP': 'ubuntu:GNOME', 'XMODIFIERS': '@im=ibus', 'XDG_SESSION_DESKTOP': 'ubuntu', 'XAUTHORITY': '/run/user/1000/.mutter-Xwaylandauth.FQQJ72', 'LS_COLORS': 'rs=0:di=01;34:ln=01;36:mh=00:pi=40;33:so=01;35:do=01;35:bd=40;33;01:cd=40;33;01:or=40;31;01:mi=00:su=37;41:sg=30;43:ca=30;41:tw=30;42:ow=34;42:st=37;44:ex=01;32:*.tar=01;31:*.tgz=01;31:*.arc=01;31:*.arj=01;31:*.taz=01;31:*.lha=01;31:*.lz4=01;31:*.lzh=01;31:*.lzma=01;31:*.tlz=01;31:*.txz=01;31:*.tzo=01;31:*.t7z=01;31:*.zip=01;31:*.z=01;31:*.dz=01;31:*.gz=01;31:*.lrz=01;31:*.lz=01;31:*.lzo=01;31:*.xz=01;31:*.zst=01;31:*.tzst=01;31:*.bz2=01;31:*.bz=01;31:*.tbz=01;31:*.tbz2=01;31:*.tz=01;31:*.deb=01;31:*.rpm=01;31:*.jar=01;31:*.war=01;31:*.ear=01;31:*.sar=01;31:*.rar=01;31:*.alz=01;31:*.ace=01;31:*.zoo=01;31:*.cpio=01;31:*.7z=01;31:*.rz=01;31:*.cab=01;31:*.wim=01;31:*.swm=01;31:*.dwm=01;31:*.esd=01;31:*.jpg=01;35:*.jpeg=01;35:*.mjpg=01;35:*.mjpeg=01;35:*.gif=01;35:*.bmp=01;35:*.pbm=01;35:*.pgm=01;35:*.ppm=01;35:*.tga=01;35:*.xbm=01;35:*.xpm=01;35:*.tif=01;35:*.tiff=01;35:*.png=01;35:*.svg=01;35:*.svgz=01;35:*.mng=01;35:*.pcx=01;35:*.mov=01;35:*.mpg=01;35:*.mpeg=01;35:*.m2v=01;35:*.mkv=01;35:*.webm=01;35:*.webp=01;35:*.ogm=01;35:*.mp4=01;35:*.m4v=01;35:*.mp4v=01;35:*.vob=01;35:*.qt=01;35:*.nuv=01;35:*.wmv=01;35:*.asf=01;35:*.rm=01;35:*.rmvb=01;35:*.flc=01;35:*.avi=01;35:*.fli=01;35:*.flv=01;35:*.gl=01;35:*.dl=01;35:*.xcf=01;35:*.xwd=01;35:*.yuv=01;35:*.cgm=01;35:*.emf=01;35:*.ogv=01;35:*.ogx=01;35:*.aac=00;36:*.au=00;36:*.flac=00;36:*.m4a=00;36:*.mid=00;36:*.midi=00;36:*.mka=00;36:*.mp3=00;36:*.mpc=00;36:*.ogg=00;36:*.ra=00;36:*.wav=00;36:*.oga=00;36:*.opus=00;36:*.spx=00;36:*.xspf=00;36:', 'GNOME_TERMINAL_SERVICE': ':1.123', 'SSH_AGENT_LAUNCHER': 'gnome-keyring', 'SSH_AUTH_SOCK': '/run/user/1000/keyring/ssh', 'AMENT_PREFIX_PATH': '/home/greyflon/lab_2025/install/two_wheeled_robot:/home/greyflon/lab_2025/install/cv_basics:/opt/ros/humble', 'SHELL': '/bin/bash', 'QT_ACCESSIBILITY': '1', 'GDMSESSION': 'ubuntu', 'LESSCLOSE': '/usr/bin/lesspipe %s %s', 'QT_IM_MODULE': 'ibus', 'PWD': '/home/greyflon/lab_2025/build/cv_basics', 'LC_ALL': 'en_US.UTF-8', 'XDG_CONFIG_DIRS': '/etc/xdg/xdg-ubuntu:/etc/xdg', 'XDG_DATA_DIRS': '/usr/share/ubuntu:/usr/local/share/:/usr/share/:/var/lib/snapd/desktop', 'PYTHONPATH': '/home/greyflon/lab_2025/build/cv_basics/prefix_override:/usr/lib/python3/dist-packages/colcon_core/task/python/colcon_distutils_commands:/home/greyflon/lab_2025/install/cv_basics/lib/python3.10/site-packages:/home/greyflon/lab_2025/install/cv_basics/lib/python3.10/site-packages:/opt/ros/humble/lib/python3.10/site-packages:/opt/ros/humble/local/lib/python3.10/dist-packages', 'COLCON': '1', 'VTE_VERSION': '6800', 'CMAKE_PREFIX_PATH': '/home/greyflon/lab_2025/install/two_wheeled_robot'}, 'shell': False}
[0.800497] (-) TimerEvent: {}
[0.900832] (-) TimerEvent: {}
[0.971041] (cv_basics) StdoutLine: {'line': b'running egg_info\n'}
[0.971653] (cv_basics) StdoutLine: {'line': b'writing ../../build/cv_basics/cv_basics.egg-info/PKG-INFO\n'}
[0.971884] (cv_basics) StdoutLine: {'line': b'writing dependency_links to ../../build/cv_basics/cv_basics.egg-info/dependency_links.txt\n'}
[0.972180] (cv_basics) StdoutLine: {'line': b'writing entry points to ../../build/cv_basics/cv_basics.egg-info/entry_points.txt\n'}
[0.972376] (cv_basics) StdoutLine: {'line': b'writing requirements to ../../build/cv_basics/cv_basics.egg-info/requires.txt\n'}
[0.972638] (cv_basics) StdoutLine: {'line': b'writing top-level names to ../../build/cv_basics/cv_basics.egg-info/top_level.txt\n'}
[0.974753] (cv_basics) StdoutLine: {'line': b"reading manifest file '../../build/cv_basics/cv_basics.egg-info/SOURCES.txt'\n"}
[0.975563] (cv_basics) StdoutLine: {'line': b"writing manifest file '../../build/cv_basics/cv_basics.egg-info/SOURCES.txt'\n"}
[0.975818] (cv_basics) StdoutLine: {'line': b'running build\n'}
[0.975958] (cv_basics) StdoutLine: {'line': b'running build_py\n'}
[0.976175] (cv_basics) StdoutLine: {'line': b'running install\n'}
[0.976373] (cv_basics) StdoutLine: {'line': b'running install_lib\n'}
[0.977553] (cv_basics) StdoutLine: {'line': b'running install_data\n'}
[0.977818] (cv_basics) StdoutLine: {'line': b'running install_egg_info\n'}
[0.979358] (cv_basics) StdoutLine: {'line': b"removing '/home/greyflon/lab_2025/install/cv_basics/lib/python3.10/site-packages/cv_basics-0.0.0-py3.10.egg-info' (and everything under it)\n"}
[0.979743] (cv_basics) StdoutLine: {'line': b'Copying ../../build/cv_basics/cv_basics.egg-info to /home/greyflon/lab_2025/install/cv_basics/lib/python3.10/site-packages/cv_basics-0.0.0-py3.10.egg-info\n'}
[0.980654] (cv_basics) StdoutLine: {'line': b'running install_scripts\n'}
[0.999729] (cv_basics) StdoutLine: {'line': b'Installing inference_yolo_node script to /home/greyflon/lab_2025/install/cv_basics/lib/cv_basics\n'}
[1.000037] (cv_basics) StdoutLine: {'line': b'Installing module_ROS script to /home/greyflon/lab_2025/install/cv_basics/lib/cv_basics\n'}
[1.000252] (cv_basics) StdoutLine: {'line': b'Installing service script to /home/greyflon/lab_2025/install/cv_basics/lib/cv_basics\n'}
[1.000469] (cv_basics) StdoutLine: {'line': b"writing list of installed files to '/home/greyflon/lab_2025/build/cv_basics/install.log'\n"}
[1.000906] (-) TimerEvent: {}
[1.025234] (cv_basics) CommandEnded: {'returncode': 0}
[1.042514] (cv_basics) JobEnded: {'identifier': 'cv_basics', 'rc': 0}
[1.043706] (-) EventReactorShutdown: {}
