[0.000000] (-) TimerEvent: {}
[0.000546] (cv_basics) JobQueued: {'identifier': 'cv_basics', 'dependencies': OrderedDict()}
[0.000652] (two_wheeled_robot) JobQueued: {'identifier': 'two_wheeled_robot', 'dependencies': OrderedDict()}
[0.000716] (cv_basics) JobStarted: {'identifier': 'cv_basics'}
[0.036734] (two_wheeled_robot) JobStarted: {'identifier': 'two_wheeled_robot'}
[0.099501] (-) TimerEvent: {}
[0.199989] (-) TimerEvent: {}
[0.300540] (-) TimerEvent: {}
[0.329879] (two_wheeled_robot) JobProgress: {'identifier': 'two_wheeled_robot', 'progress': 'cmake'}
[0.331564] (two_wheeled_robot) JobProgress: {'identifier': 'two_wheeled_robot', 'progress': 'build'}
[0.333461] (two_wheeled_robot) Command: {'cmd': ['/usr/bin/cmake', '--build', '/home/greyflon/lab_2025/build/two_wheeled_robot', '--', '-j12', '-l12'], 'cwd': '/home/greyflon/lab_2025/build/two_wheeled_robot', 'env': OrderedDict([('LESSOPEN', '| /usr/bin/lesspipe %s'), ('USER', 'greyflon'), ('XDG_SESSION_TYPE', 'wayland'), ('SHLVL', '1'), ('LD_LIBRARY_PATH', '/usr/lib/x86_64-linux-gnu/gazebo-11/plugins:/opt/ros/humble/opt/rviz_ogre_vendor/lib:/opt/ros/humble/lib/x86_64-linux-gnu:/opt/ros/humble/lib'), ('HOME', '/home/greyflon'), ('OLDPWD', '/home/greyflon'), ('DESKTOP_SESSION', 'ubuntu'), ('ROS_PYTHON_VERSION', '3'), ('GNOME_SHELL_SESSION_MODE', 'ubuntu'), ('GTK_MODULES', 'gail:atk-bridge'), ('SYSTEMD_EXEC_PID', '1599'), ('DBUS_SESSION_BUS_ADDRESS', 'unix:path=/run/user/1000/bus'), ('COLORTERM', 'truecolor'), ('IM_CONFIG_PHASE', '1'), ('WAYLAND_DISPLAY', 'wayland-0'), ('COLCON_PREFIX_PATH', '/home/greyflon/lab_2025/install'), ('ROS_DISTRO', 'humble'), ('LOGNAME', 'greyflon'), ('_', '/usr/bin/colcon'), ('ROS_VERSION', '2'), ('XDG_SESSION_CLASS', 'user'), ('USERNAME', 'greyflon'), ('TERM', 'xterm-256color'), ('GNOME_DESKTOP_SESSION_ID', 'this-is-deprecated'), ('ROS_LOCALHOST_ONLY', '0'), ('PATH', '/opt/ros/humble/bin:/home/greyflon/.local/bin:/usr/local/sbin:/usr/local/bin:/usr/sbin:/usr/bin:/sbin:/bin:/usr/games:/usr/local/games:/snap/bin:/snap/bin'), ('SESSION_MANAGER', 'local/greyflon-desktop:@/tmp/.ICE-unix/1490,unix/greyflon-desktop:/tmp/.ICE-unix/1490'), ('XDG_MENU_PREFIX', 'gnome-'), ('GNOME_TERMINAL_SCREEN', '/org/gnome/Terminal/screen/377b628d_bbcd_44b5_8d66_f9b06d04c64a'), ('GNOME_SETUP_DISPLAY', ':1'), ('XDG_RUNTIME_DIR', '/run/user/1000'), ('DISPLAY', ':0'), ('LANG', 'en_US.UTF-8'), ('XDG_CURRENT_DESKTOP', 'ubuntu:GNOME'), ('XMODIFIERS', '@im=ibus'), ('XDG_SESSION_DESKTOP', 'ubuntu'), ('XAUTHORITY', '/run/user/1000/.mutter-Xwaylandauth.XYJE72'), ('LS_COLORS', 'rs=0:di=01;34:ln=01;36:mh=00:pi=40;33:so=01;35:do=01;35:bd=40;33;01:cd=40;33;01:or=40;31;01:mi=00:su=37;41:sg=30;43:ca=30;41:tw=30;42:ow=34;42:st=37;44:ex=01;32:*.tar=01;31:*.tgz=01;31:*.arc=01;31:*.arj=01;31:*.taz=01;31:*.lha=01;31:*.lz4=01;31:*.lzh=01;31:*.lzma=01;31:*.tlz=01;31:*.txz=01;31:*.tzo=01;31:*.t7z=01;31:*.zip=01;31:*.z=01;31:*.dz=01;31:*.gz=01;31:*.lrz=01;31:*.lz=01;31:*.lzo=01;31:*.xz=01;31:*.zst=01;31:*.tzst=01;31:*.bz2=01;31:*.bz=01;31:*.tbz=01;31:*.tbz2=01;31:*.tz=01;31:*.deb=01;31:*.rpm=01;31:*.jar=01;31:*.war=01;31:*.ear=01;31:*.sar=01;31:*.rar=01;31:*.alz=01;31:*.ace=01;31:*.zoo=01;31:*.cpio=01;31:*.7z=01;31:*.rz=01;31:*.cab=01;31:*.wim=01;31:*.swm=01;31:*.dwm=01;31:*.esd=01;31:*.jpg=01;35:*.jpeg=01;35:*.mjpg=01;35:*.mjpeg=01;35:*.gif=01;35:*.bmp=01;35:*.pbm=01;35:*.pgm=01;35:*.ppm=01;35:*.tga=01;35:*.xbm=01;35:*.xpm=01;35:*.tif=01;35:*.tiff=01;35:*.png=01;35:*.svg=01;35:*.svgz=01;35:*.mng=01;35:*.pcx=01;35:*.mov=01;35:*.mpg=01;35:*.mpeg=01;35:*.m2v=01;35:*.mkv=01;35:*.webm=01;35:*.webp=01;35:*.ogm=01;35:*.mp4=01;35:*.m4v=01;35:*.mp4v=01;35:*.vob=01;35:*.qt=01;35:*.nuv=01;35:*.wmv=01;35:*.asf=01;35:*.rm=01;35:*.rmvb=01;35:*.flc=01;35:*.avi=01;35:*.fli=01;35:*.flv=01;35:*.gl=01;35:*.dl=01;35:*.xcf=01;35:*.xwd=01;35:*.yuv=01;35:*.cgm=01;35:*.emf=01;35:*.ogv=01;35:*.ogx=01;35:*.aac=00;36:*.au=00;36:*.flac=00;36:*.m4a=00;36:*.mid=00;36:*.midi=00;36:*.mka=00;36:*.mp3=00;36:*.mpc=00;36:*.ogg=00;36:*.ra=00;36:*.wav=00;36:*.oga=00;36:*.opus=00;36:*.spx=00;36:*.xspf=00;36:'), ('GNOME_TERMINAL_SERVICE', ':1.96'), ('SSH_AGENT_LAUNCHER', 'gnome-keyring'), ('SSH_AUTH_SOCK', '/run/user/1000/keyring/ssh'), ('AMENT_PREFIX_PATH', '/home/greyflon/lab_2025/install/two_wheeled_robot:/home/greyflon/lab_2025/install/cv_basics:/opt/ros/humble'), ('SHELL', '/bin/bash'), ('QT_ACCESSIBILITY', '1'), ('GDMSESSION', 'ubuntu'), ('LESSCLOSE', '/usr/bin/lesspipe %s %s'), ('QT_IM_MODULE', 'ibus'), ('PWD', '/home/greyflon/lab_2025/build/two_wheeled_robot'), ('LC_ALL', 'en_US.UTF-8'), ('XDG_CONFIG_DIRS', '/etc/xdg/xdg-ubuntu:/etc/xdg'), ('XDG_DATA_DIRS', '/usr/share/ubuntu:/usr/local/share/:/usr/share/:/var/lib/snapd/desktop'), ('PYTHONPATH', '/home/greyflon/lab_2025/install/cv_basics/lib/python3.10/site-packages:/opt/ros/humble/lib/python3.10/site-packages:/opt/ros/humble/local/lib/python3.10/dist-packages'), ('COLCON', '1'), ('VTE_VERSION', '6800'), ('CMAKE_PREFIX_PATH', '/home/greyflon/lab_2025/install/two_wheeled_robot:/home/greyflon/lab_2025/install/cv_basics:/opt/ros/humble')]), 'shell': False}
[0.400676] (-) TimerEvent: {}
[0.501070] (-) TimerEvent: {}
[0.601428] (-) TimerEvent: {}
[0.701690] (-) TimerEvent: {}
[0.802086] (-) TimerEvent: {}
[0.870739] (two_wheeled_robot) CommandEnded: {'returncode': 0}
[0.887413] (two_wheeled_robot) JobProgress: {'identifier': 'two_wheeled_robot', 'progress': 'install'}
[0.902191] (-) TimerEvent: {}
[0.906215] (two_wheeled_robot) Command: {'cmd': ['/usr/bin/cmake', '--install', '/home/greyflon/lab_2025/build/two_wheeled_robot'], 'cwd': '/home/greyflon/lab_2025/build/two_wheeled_robot', 'env': OrderedDict([('LESSOPEN', '| /usr/bin/lesspipe %s'), ('USER', 'greyflon'), ('XDG_SESSION_TYPE', 'wayland'), ('SHLVL', '1'), ('LD_LIBRARY_PATH', '/usr/lib/x86_64-linux-gnu/gazebo-11/plugins:/opt/ros/humble/opt/rviz_ogre_vendor/lib:/opt/ros/humble/lib/x86_64-linux-gnu:/opt/ros/humble/lib'), ('HOME', '/home/greyflon'), ('OLDPWD', '/home/greyflon'), ('DESKTOP_SESSION', 'ubuntu'), ('ROS_PYTHON_VERSION', '3'), ('GNOME_SHELL_SESSION_MODE', 'ubuntu'), ('GTK_MODULES', 'gail:atk-bridge'), ('SYSTEMD_EXEC_PID', '1599'), ('DBUS_SESSION_BUS_ADDRESS', 'unix:path=/run/user/1000/bus'), ('COLORTERM', 'truecolor'), ('IM_CONFIG_PHASE', '1'), ('WAYLAND_DISPLAY', 'wayland-0'), ('COLCON_PREFIX_PATH', '/home/greyflon/lab_2025/install'), ('ROS_DISTRO', 'humble'), ('LOGNAME', 'greyflon'), ('_', '/usr/bin/colcon'), ('ROS_VERSION', '2'), ('XDG_SESSION_CLASS', 'user'), ('USERNAME', 'greyflon'), ('TERM', 'xterm-256color'), ('GNOME_DESKTOP_SESSION_ID', 'this-is-deprecated'), ('ROS_LOCALHOST_ONLY', '0'), ('PATH', '/opt/ros/humble/bin:/home/greyflon/.local/bin:/usr/local/sbin:/usr/local/bin:/usr/sbin:/usr/bin:/sbin:/bin:/usr/games:/usr/local/games:/snap/bin:/snap/bin'), ('SESSION_MANAGER', 'local/greyflon-desktop:@/tmp/.ICE-unix/1490,unix/greyflon-desktop:/tmp/.ICE-unix/1490'), ('XDG_MENU_PREFIX', 'gnome-'), ('GNOME_TERMINAL_SCREEN', '/org/gnome/Terminal/screen/377b628d_bbcd_44b5_8d66_f9b06d04c64a'), ('GNOME_SETUP_DISPLAY', ':1'), ('XDG_RUNTIME_DIR', '/run/user/1000'), ('DISPLAY', ':0'), ('LANG', 'en_US.UTF-8'), ('XDG_CURRENT_DESKTOP', 'ubuntu:GNOME'), ('XMODIFIERS', '@im=ibus'), ('XDG_SESSION_DESKTOP', 'ubuntu'), ('XAUTHORITY', '/run/user/1000/.mutter-Xwaylandauth.XYJE72'), ('LS_COLORS', 'rs=0:di=01;34:ln=01;36:mh=00:pi=40;33:so=01;35:do=01;35:bd=40;33;01:cd=40;33;01:or=40;31;01:mi=00:su=37;41:sg=30;43:ca=30;41:tw=30;42:ow=34;42:st=37;44:ex=01;32:*.tar=01;31:*.tgz=01;31:*.arc=01;31:*.arj=01;31:*.taz=01;31:*.lha=01;31:*.lz4=01;31:*.lzh=01;31:*.lzma=01;31:*.tlz=01;31:*.txz=01;31:*.tzo=01;31:*.t7z=01;31:*.zip=01;31:*.z=01;31:*.dz=01;31:*.gz=01;31:*.lrz=01;31:*.lz=01;31:*.lzo=01;31:*.xz=01;31:*.zst=01;31:*.tzst=01;31:*.bz2=01;31:*.bz=01;31:*.tbz=01;31:*.tbz2=01;31:*.tz=01;31:*.deb=01;31:*.rpm=01;31:*.jar=01;31:*.war=01;31:*.ear=01;31:*.sar=01;31:*.rar=01;31:*.alz=01;31:*.ace=01;31:*.zoo=01;31:*.cpio=01;31:*.7z=01;31:*.rz=01;31:*.cab=01;31:*.wim=01;31:*.swm=01;31:*.dwm=01;31:*.esd=01;31:*.jpg=01;35:*.jpeg=01;35:*.mjpg=01;35:*.mjpeg=01;35:*.gif=01;35:*.bmp=01;35:*.pbm=01;35:*.pgm=01;35:*.ppm=01;35:*.tga=01;35:*.xbm=01;35:*.xpm=01;35:*.tif=01;35:*.tiff=01;35:*.png=01;35:*.svg=01;35:*.svgz=01;35:*.mng=01;35:*.pcx=01;35:*.mov=01;35:*.mpg=01;35:*.mpeg=01;35:*.m2v=01;35:*.mkv=01;35:*.webm=01;35:*.webp=01;35:*.ogm=01;35:*.mp4=01;35:*.m4v=01;35:*.mp4v=01;35:*.vob=01;35:*.qt=01;35:*.nuv=01;35:*.wmv=01;35:*.asf=01;35:*.rm=01;35:*.rmvb=01;35:*.flc=01;35:*.avi=01;35:*.fli=01;35:*.flv=01;35:*.gl=01;35:*.dl=01;35:*.xcf=01;35:*.xwd=01;35:*.yuv=01;35:*.cgm=01;35:*.emf=01;35:*.ogv=01;35:*.ogx=01;35:*.aac=00;36:*.au=00;36:*.flac=00;36:*.m4a=00;36:*.mid=00;36:*.midi=00;36:*.mka=00;36:*.mp3=00;36:*.mpc=00;36:*.ogg=00;36:*.ra=00;36:*.wav=00;36:*.oga=00;36:*.opus=00;36:*.spx=00;36:*.xspf=00;36:'), ('GNOME_TERMINAL_SERVICE', ':1.96'), ('SSH_AGENT_LAUNCHER', 'gnome-keyring'), ('SSH_AUTH_SOCK', '/run/user/1000/keyring/ssh'), ('AMENT_PREFIX_PATH', '/home/greyflon/lab_2025/install/two_wheeled_robot:/home/greyflon/lab_2025/install/cv_basics:/opt/ros/humble'), ('SHELL', '/bin/bash'), ('QT_ACCESSIBILITY', '1'), ('GDMSESSION', 'ubuntu'), ('LESSCLOSE', '/usr/bin/lesspipe %s %s'), ('QT_IM_MODULE', 'ibus'), ('PWD', '/home/greyflon/lab_2025/build/two_wheeled_robot'), ('LC_ALL', 'en_US.UTF-8'), ('XDG_CONFIG_DIRS', '/etc/xdg/xdg-ubuntu:/etc/xdg'), ('XDG_DATA_DIRS', '/usr/share/ubuntu:/usr/local/share/:/usr/share/:/var/lib/snapd/desktop'), ('PYTHONPATH', '/home/greyflon/lab_2025/install/cv_basics/lib/python3.10/site-packages:/opt/ros/humble/lib/python3.10/site-packages:/opt/ros/humble/local/lib/python3.10/dist-packages'), ('COLCON', '1'), ('VTE_VERSION', '6800'), ('CMAKE_PREFIX_PATH', '/home/greyflon/lab_2025/install/two_wheeled_robot:/home/greyflon/lab_2025/install/cv_basics:/opt/ros/humble')]), 'shell': False}
[0.915459] (two_wheeled_robot) StdoutLine: {'line': b'-- Install configuration: ""\n'}
[0.915950] (two_wheeled_robot) StdoutLine: {'line': b'-- Up-to-date: /home/greyflon/lab_2025/install/two_wheeled_robot/share/two_wheeled_robot/config\n'}
[0.933978] (two_wheeled_robot) StdoutLine: {'line': b'-- Up-to-date: /home/greyflon/lab_2025/install/two_wheeled_robot/share/two_wheeled_robot/config/ekf.yaml\n'}
[0.934410] (two_wheeled_robot) StdoutLine: {'line': b'-- Up-to-date: /home/greyflon/lab_2025/install/two_wheeled_robot/share/two_wheeled_robot/config/ekf_urdf.yaml\n'}
[0.934622] (two_wheeled_robot) StdoutLine: {'line': b'-- Up-to-date: /home/greyflon/lab_2025/install/two_wheeled_robot/share/two_wheeled_robot/launch\n'}
[0.934866] (two_wheeled_robot) StdoutLine: {'line': b'-- Up-to-date: /home/greyflon/lab_2025/install/two_wheeled_robot/share/two_wheeled_robot/launch/launch_urdf_into_gazebo.launch.py\n'}
[0.935116] (two_wheeled_robot) StdoutLine: {'line': b'-- Up-to-date: /home/greyflon/lab_2025/install/two_wheeled_robot/share/two_wheeled_robot/launch/warehouse_world\n'}
[0.935349] (two_wheeled_robot) StdoutLine: {'line': b'-- Up-to-date: /home/greyflon/lab_2025/install/two_wheeled_robot/share/two_wheeled_robot/launch/warehouse_world/todo_warehouse.py\n'}
[0.935574] (two_wheeled_robot) StdoutLine: {'line': b'-- Up-to-date: /home/greyflon/lab_2025/install/two_wheeled_robot/share/two_wheeled_robot/launch/neighborhood_world\n'}
[0.935921] (two_wheeled_robot) StdoutLine: {'line': b'-- Up-to-date: /home/greyflon/lab_2025/install/two_wheeled_robot/share/two_wheeled_robot/launch/neighborhood_world/neighborhood_world_v3.launch.py\n'}
[0.936592] (two_wheeled_robot) StdoutLine: {'line': b'-- Up-to-date: /home/greyflon/lab_2025/install/two_wheeled_robot/share/two_wheeled_robot/launch/neighborhood_world/neighborhood_world_v2.launch.py\n'}
[0.937120] (two_wheeled_robot) StdoutLine: {'line': b'-- Up-to-date: /home/greyflon/lab_2025/install/two_wheeled_robot/share/two_wheeled_robot/launch/neighborhood_world/neighborhood_world_v1.launch.py\n'}
[0.937361] (two_wheeled_robot) StdoutLine: {'line': b'-- Up-to-date: /home/greyflon/lab_2025/install/two_wheeled_robot/share/two_wheeled_robot/launch/load_world_into_gazebo.launch.py\n'}
[0.937588] (two_wheeled_robot) StdoutLine: {'line': b'-- Up-to-date: /home/greyflon/lab_2025/install/two_wheeled_robot/share/two_wheeled_robot/launch/launch_sim_cv.launch.py\n'}
[0.937897] (two_wheeled_robot) StdoutLine: {'line': b'-- Up-to-date: /home/greyflon/lab_2025/install/two_wheeled_robot/share/two_wheeled_robot/launch/two_wheeled_robot_rviz.launch.py\n'}
[0.938593] (two_wheeled_robot) StdoutLine: {'line': b'-- Up-to-date: /home/greyflon/lab_2025/install/two_wheeled_robot/share/two_wheeled_robot/maps\n'}
[0.938820] (two_wheeled_robot) StdoutLine: {'line': b'-- Up-to-date: /home/greyflon/lab_2025/install/two_wheeled_robot/share/two_wheeled_robot/maps/warehouse_world\n'}
[0.939011] (two_wheeled_robot) StdoutLine: {'line': b'-- Up-to-date: /home/greyflon/lab_2025/install/two_wheeled_robot/share/two_wheeled_robot/maps/warehouse_world/002\n'}
[0.939187] (two_wheeled_robot) StdoutLine: {'line': b'-- Up-to-date: /home/greyflon/lab_2025/install/two_wheeled_robot/share/two_wheeled_robot/maps/warehouse_world/002/map.yaml\n'}
[0.939362] (two_wheeled_robot) StdoutLine: {'line': b'-- Up-to-date: /home/greyflon/lab_2025/install/two_wheeled_robot/share/two_wheeled_robot/maps/warehouse_world/002/map.pgm\n'}
[0.939535] (two_wheeled_robot) StdoutLine: {'line': b'-- Up-to-date: /home/greyflon/lab_2025/install/two_wheeled_robot/share/two_wheeled_robot/maps/warehouse_world/005\n'}
[0.939723] (two_wheeled_robot) StdoutLine: {'line': b'-- Up-to-date: /home/greyflon/lab_2025/install/two_wheeled_robot/share/two_wheeled_robot/maps/warehouse_world/005/map_rotated.pgm\n'}
[0.939928] (two_wheeled_robot) StdoutLine: {'line': b'-- Up-to-date: /home/greyflon/lab_2025/install/two_wheeled_robot/share/two_wheeled_robot/maps/warehouse_world/005/map_rotated.png\n'}
[0.940102] (two_wheeled_robot) StdoutLine: {'line': b'-- Up-to-date: /home/greyflon/lab_2025/install/two_wheeled_robot/share/two_wheeled_robot/maps/warehouse_world/005/map.yaml\n'}
[0.940276] (two_wheeled_robot) StdoutLine: {'line': b'-- Up-to-date: /home/greyflon/lab_2025/install/two_wheeled_robot/share/two_wheeled_robot/maps/warehouse_world/005/map.pgm\n'}
[0.940455] (two_wheeled_robot) StdoutLine: {'line': b'-- Up-to-date: /home/greyflon/lab_2025/install/two_wheeled_robot/share/two_wheeled_robot/maps/warehouse_world/keepout2.yaml\n'}
[0.940628] (two_wheeled_robot) StdoutLine: {'line': b'-- Up-to-date: /home/greyflon/lab_2025/install/two_wheeled_robot/share/two_wheeled_robot/maps/warehouse_world/lanes.yaml\n'}
[0.940857] (two_wheeled_robot) StdoutLine: {'line': b'-- Up-to-date: /home/greyflon/lab_2025/install/two_wheeled_robot/share/two_wheeled_robot/maps/warehouse_world/keepout_rotated2.pgm\n'}
[0.941045] (two_wheeled_robot) StdoutLine: {'line': b'-- Up-to-date: /home/greyflon/lab_2025/install/two_wheeled_robot/share/two_wheeled_robot/maps/warehouse_world/lanes_rotated.pgm\n'}
[0.941218] (two_wheeled_robot) StdoutLine: {'line': b'-- Up-to-date: /home/greyflon/lab_2025/install/two_wheeled_robot/share/two_wheeled_robot/maps/neighborhood_world\n'}
[0.941391] (two_wheeled_robot) StdoutLine: {'line': b'-- Up-to-date: /home/greyflon/lab_2025/install/two_wheeled_robot/share/two_wheeled_robot/maps/neighborhood_world/neighborhood_world.yaml\n'}
[0.941566] (two_wheeled_robot) StdoutLine: {'line': b'-- Up-to-date: /home/greyflon/lab_2025/install/two_wheeled_robot/share/two_wheeled_robot/maps/neighborhood_world/neighborhood_world.pgm\n'}
[0.941753] (two_wheeled_robot) StdoutLine: {'line': b'-- Up-to-date: /home/greyflon/lab_2025/install/two_wheeled_robot/share/two_wheeled_robot/media\n'}
[0.941951] (two_wheeled_robot) StdoutLine: {'line': b'-- Up-to-date: /home/greyflon/lab_2025/install/two_wheeled_robot/share/two_wheeled_robot/media/materials\n'}
[0.942125] (two_wheeled_robot) StdoutLine: {'line': b'-- Up-to-date: /home/greyflon/lab_2025/install/two_wheeled_robot/share/two_wheeled_robot/media/materials/scripts\n'}
[0.942333] (two_wheeled_robot) StdoutLine: {'line': b'-- Up-to-date: /home/greyflon/lab_2025/install/two_wheeled_robot/share/two_wheeled_robot/media/materials/scripts/servicesim.material\n'}
[0.942517] (two_wheeled_robot) StdoutLine: {'line': b'-- Up-to-date: /home/greyflon/lab_2025/install/two_wheeled_robot/share/two_wheeled_robot/media/materials/textures\n'}
[0.942690] (two_wheeled_robot) StdoutLine: {'line': b'-- Up-to-date: /home/greyflon/lab_2025/install/two_wheeled_robot/share/two_wheeled_robot/media/materials/textures/hallway.png\n'}
[0.942932] (two_wheeled_robot) StdoutLine: {'line': b'-- Up-to-date: /home/greyflon/lab_2025/install/two_wheeled_robot/share/two_wheeled_robot/media/materials/textures/cubicle_wall.png\n'}
[0.943108] (two_wheeled_robot) StdoutLine: {'line': b'-- Up-to-date: /home/greyflon/lab_2025/install/two_wheeled_robot/share/two_wheeled_robot/media/materials/textures/wall_window_and_elevator.png\n'}
[0.943282] (two_wheeled_robot) StdoutLine: {'line': b'-- Up-to-date: /home/greyflon/lab_2025/install/two_wheeled_robot/share/two_wheeled_robot/media/materials/textures/door_wall.png\n'}
[0.943454] (two_wheeled_robot) StdoutLine: {'line': b'-- Up-to-date: /home/greyflon/lab_2025/install/two_wheeled_robot/share/two_wheeled_robot/media/materials/textures/floors.png\n'}
[0.943625] (two_wheeled_robot) StdoutLine: {'line': b'-- Up-to-date: /home/greyflon/lab_2025/install/two_wheeled_robot/share/two_wheeled_robot/media/materials/textures/plain.png\n'}
[0.943906] (two_wheeled_robot) StdoutLine: {'line': b'-- Up-to-date: /home/greyflon/lab_2025/install/two_wheeled_robot/share/two_wheeled_robot/media/materials/textures/wall_plain_and_door.png\n'}
[0.944117] (two_wheeled_robot) StdoutLine: {'line': b'-- Up-to-date: /home/greyflon/lab_2025/install/two_wheeled_robot/share/two_wheeled_robot/media/materials/textures/ceiling.png\n'}
[0.944295] (two_wheeled_robot) StdoutLine: {'line': b'-- Up-to-date: /home/greyflon/lab_2025/install/two_wheeled_robot/share/two_wheeled_robot/media/materials/textures/wall_color.png\n'}
[0.944469] (two_wheeled_robot) StdoutLine: {'line': b'-- Up-to-date: /home/greyflon/lab_2025/install/two_wheeled_robot/share/two_wheeled_robot/media/materials/textures/window.png\n'}
[0.944641] (two_wheeled_robot) StdoutLine: {'line': b'-- Up-to-date: /home/greyflon/lab_2025/install/two_wheeled_robot/share/two_wheeled_robot/media/materials/textures/sink.png\n'}
[0.944854] (two_wheeled_robot) StdoutLine: {'line': b'-- Up-to-date: /home/greyflon/lab_2025/install/two_wheeled_robot/share/two_wheeled_robot/media/materials/textures/elevator.png\n'}
[0.945037] (two_wheeled_robot) StdoutLine: {'line': b'-- Up-to-date: /home/greyflon/lab_2025/install/two_wheeled_robot/share/two_wheeled_robot/media/materials/textures/bathroom.png\n'}
[0.945211] (two_wheeled_robot) StdoutLine: {'line': b'-- Up-to-date: /home/greyflon/lab_2025/install/two_wheeled_robot/share/two_wheeled_robot/media/frames\n'}
[0.945382] (two_wheeled_robot) StdoutLine: {'line': b'-- Up-to-date: /home/greyflon/lab_2025/install/two_wheeled_robot/share/two_wheeled_robot/media/frames/frames.gv\n'}
[0.945553] (two_wheeled_robot) StdoutLine: {'line': b'-- Up-to-date: /home/greyflon/lab_2025/install/two_wheeled_robot/share/two_wheeled_robot/media/frames/frames.pdf\n'}
[0.945741] (two_wheeled_robot) StdoutLine: {'line': b'-- Up-to-date: /home/greyflon/lab_2025/install/two_wheeled_robot/share/two_wheeled_robot/media/gps\n'}
[0.945939] (two_wheeled_robot) StdoutLine: {'line': b'-- Up-to-date: /home/greyflon/lab_2025/install/two_wheeled_robot/share/two_wheeled_robot/media/gps/gps_service_call_set_origin_lat_lon\n'}
[0.946115] (two_wheeled_robot) StdoutLine: {'line': b'-- Up-to-date: /home/greyflon/lab_2025/install/two_wheeled_robot/share/two_wheeled_robot/media/node_graph\n'}
[0.946289] (two_wheeled_robot) StdoutLine: {'line': b'-- Up-to-date: /home/greyflon/lab_2025/install/two_wheeled_robot/share/two_wheeled_robot/media/node_graph/rviz_launch_rosgraph.png\n'}
[0.946461] (two_wheeled_robot) StdoutLine: {'line': b'-- Up-to-date: /home/greyflon/lab_2025/install/two_wheeled_robot/share/two_wheeled_robot/meshes\n'}
[0.946652] (two_wheeled_robot) StdoutLine: {'line': b'-- Up-to-date: /home/greyflon/lab_2025/install/two_wheeled_robot/share/two_wheeled_robot/meshes/elbow.stl\n'}
[0.946865] (two_wheeled_robot) StdoutLine: {'line': b'-- Up-to-date: /home/greyflon/lab_2025/install/two_wheeled_robot/share/two_wheeled_robot/meshes/cafe\n'}
[0.947061] (two_wheeled_robot) StdoutLine: {'line': b'-- Up-to-date: /home/greyflon/lab_2025/install/two_wheeled_robot/share/two_wheeled_robot/meshes/cafe/walk.dae\n'}
[0.947237] (two_wheeled_robot) StdoutLine: {'line': b'-- Up-to-date: /home/greyflon/lab_2025/install/two_wheeled_robot/share/two_wheeled_robot/meshes/bicep.stl\n'}
[0.947409] (two_wheeled_robot) StdoutLine: {'line': b'-- Up-to-date: /home/greyflon/lab_2025/install/two_wheeled_robot/share/two_wheeled_robot/meshes/robot_base.stl\n'}
[0.947581] (two_wheeled_robot) StdoutLine: {'line': b'-- Up-to-date: /home/greyflon/lab_2025/install/two_wheeled_robot/share/two_wheeled_robot/meshes/office\n'}
[0.947783] (two_wheeled_robot) StdoutLine: {'line': b'-- Up-to-date: /home/greyflon/lab_2025/install/two_wheeled_robot/share/two_wheeled_robot/meshes/office/hallway.obj\n'}
[0.948010] (two_wheeled_robot) StdoutLine: {'line': b'-- Up-to-date: /home/greyflon/lab_2025/install/two_wheeled_robot/share/two_wheeled_robot/meshes/office/tile.obj\n'}
[0.948228] (two_wheeled_robot) StdoutLine: {'line': b'-- Up-to-date: /home/greyflon/lab_2025/install/two_wheeled_robot/share/two_wheeled_robot/meshes/office/meeting_room_large.obj\n'}
[0.948448] (two_wheeled_robot) StdoutLine: {'line': b'-- Up-to-date: /home/greyflon/lab_2025/install/two_wheeled_robot/share/two_wheeled_robot/meshes/office/wall_window.obj\n'}
[0.948664] (two_wheeled_robot) StdoutLine: {'line': b'-- Up-to-date: /home/greyflon/lab_2025/install/two_wheeled_robot/share/two_wheeled_robot/meshes/office/sink.obj\n'}
[0.948960] (two_wheeled_robot) StdoutLine: {'line': b'-- Up-to-date: /home/greyflon/lab_2025/install/two_wheeled_robot/share/two_wheeled_robot/meshes/office/bathroom.obj\n'}
[0.949180] (two_wheeled_robot) StdoutLine: {'line': b'-- Up-to-date: /home/greyflon/lab_2025/install/two_wheeled_robot/share/two_wheeled_robot/meshes/office/office_large.obj\n'}
[0.949359] (two_wheeled_robot) StdoutLine: {'line': b'-- Up-to-date: /home/greyflon/lab_2025/install/two_wheeled_robot/share/two_wheeled_robot/meshes/office/wall_plain.obj\n'}
[0.949534] (two_wheeled_robot) StdoutLine: {'line': b'-- Up-to-date: /home/greyflon/lab_2025/install/two_wheeled_robot/share/two_wheeled_robot/meshes/office/meeting_room_small.obj\n'}
[0.949725] (two_wheeled_robot) StdoutLine: {'line': b'-- Up-to-date: /home/greyflon/lab_2025/install/two_wheeled_robot/share/two_wheeled_robot/meshes/office/cubicle_wall.mtl\n'}
[0.949928] (two_wheeled_robot) StdoutLine: {'line': b'-- Up-to-date: /home/greyflon/lab_2025/install/two_wheeled_robot/share/two_wheeled_robot/meshes/office/carpet.obj\n'}
[0.950103] (two_wheeled_robot) StdoutLine: {'line': b'-- Up-to-date: /home/greyflon/lab_2025/install/two_wheeled_robot/share/two_wheeled_robot/meshes/office/cubicle_wall.obj\n'}
[0.950278] (two_wheeled_robot) StdoutLine: {'line': b'-- Up-to-date: /home/greyflon/lab_2025/install/two_wheeled_robot/share/two_wheeled_robot/meshes/office/office_small.obj\n'}
[0.950452] (two_wheeled_robot) StdoutLine: {'line': b'-- Up-to-date: /home/greyflon/lab_2025/install/two_wheeled_robot/share/two_wheeled_robot/meshes/office/office.mtl\n'}
[0.950625] (two_wheeled_robot) StdoutLine: {'line': b'-- Up-to-date: /home/greyflon/lab_2025/install/two_wheeled_robot/share/two_wheeled_robot/meshes/office/wall_elevator.obj\n'}
[0.950833] (two_wheeled_robot) StdoutLine: {'line': b'-- Up-to-date: /home/greyflon/lab_2025/install/two_wheeled_robot/share/two_wheeled_robot/meshes/office/ceiling.obj\n'}
[0.951016] (two_wheeled_robot) StdoutLine: {'line': b'-- Up-to-date: /home/greyflon/lab_2025/install/two_wheeled_robot/share/two_wheeled_robot/meshes/office/reception.obj\n'}
[0.951190] (two_wheeled_robot) StdoutLine: {'line': b'-- Up-to-date: /home/greyflon/lab_2025/install/two_wheeled_robot/share/two_wheeled_robot/meshes/office/wall_door.obj\n'}
[0.951362] (two_wheeled_robot) StdoutLine: {'line': b'-- Up-to-date: /home/greyflon/lab_2025/install/two_wheeled_robot/share/two_wheeled_robot/meshes/office/refreshment_area.obj\n'}
[0.951536] (two_wheeled_robot) StdoutLine: {'line': b'-- Up-to-date: /home/greyflon/lab_2025/install/two_wheeled_robot/share/two_wheeled_robot/meshes/wrist.stl\n'}
[0.951746] (two_wheeled_robot) StdoutLine: {'line': b'-- Up-to-date: /home/greyflon/lab_2025/install/two_wheeled_robot/share/two_wheeled_robot/meshes/wheel.stl\n'}
[0.951947] (two_wheeled_robot) StdoutLine: {'line': b'-- Up-to-date: /home/greyflon/lab_2025/install/two_wheeled_robot/share/two_wheeled_robot/meshes/arm_base.stl\n'}
[0.952124] (two_wheeled_robot) StdoutLine: {'line': b'-- Up-to-date: /home/greyflon/lab_2025/install/two_wheeled_robot/share/two_wheeled_robot/models\n'}
[0.952297] (two_wheeled_robot) StdoutLine: {'line': b'-- Up-to-date: /home/greyflon/lab_2025/install/two_wheeled_robot/share/two_wheeled_robot/models/aws_robomaker_hospital_ramp_01\n'}
[0.961145] (two_wheeled_robot) StdoutLine: {'line': b'-- Up-to-date: /home/greyflon/lab_2025/install/two_wheeled_robot/share/two_wheeled_robot/models/aws_robomaker_hospital_ramp_01/model.config\n'}
[0.961415] (two_wheeled_robot) StdoutLine: {'line': b'-- Up-to-date: /home/greyflon/lab_2025/install/two_wheeled_robot/share/two_wheeled_robot/models/aws_robomaker_hospital_ramp_01/meshes\n'}
[0.961728] (two_wheeled_robot) StdoutLine: {'line': b'-- Up-to-date: /home/greyflon/lab_2025/install/two_wheeled_robot/share/two_wheeled_robot/models/aws_robomaker_hospital_ramp_01/meshes/aws_robomaker_hospital_ramp_01.png\n'}
[0.962050] (two_wheeled_robot) StdoutLine: {'line': b'-- Up-to-date: /home/greyflon/lab_2025/install/two_wheeled_robot/share/two_wheeled_robot/models/aws_robomaker_hospital_ramp_01/meshes/aws_robomaker_hospital_ramp_01_collision.dae\n'}
[0.962233] (two_wheeled_robot) StdoutLine: {'line': b'-- Up-to-date: /home/greyflon/lab_2025/install/two_wheeled_robot/share/two_wheeled_robot/models/aws_robomaker_hospital_ramp_01/meshes/aws_robomaker_hospital_ramp_01_normal.png\n'}
[0.962410] (two_wheeled_robot) StdoutLine: {'line': b'-- Up-to-date: /home/greyflon/lab_2025/install/two_wheeled_robot/share/two_wheeled_robot/models/aws_robomaker_hospital_ramp_01/meshes/aws_robomaker_hospital_ramp_01_visual.dae\n'}
[0.962584] (two_wheeled_robot) StdoutLine: {'line': b'-- Up-to-date: /home/greyflon/lab_2025/install/two_wheeled_robot/share/two_wheeled_robot/models/aws_robomaker_hospital_ramp_01/model.sdf\n'}
[0.962787] (two_wheeled_robot) StdoutLine: {'line': b'-- Up-to-date: /home/greyflon/lab_2025/install/two_wheeled_robot/share/two_wheeled_robot/models/toilet\n'}
[0.984111] (two_wheeled_robot) StdoutLine: {'line': b'-- Up-to-date: /home/greyflon/lab_2025/install/two_wheeled_robot/share/two_wheeled_robot/models/toilet/model.config\n'}
[0.984194] (two_wheeled_robot) StdoutLine: {'line': b'-- Up-to-date: /home/greyflon/lab_2025/install/two_wheeled_robot/share/two_wheeled_robot/models/toilet/meshes\n'}
[0.984282] (two_wheeled_robot) StdoutLine: {'line': b'-- Up-to-date: /home/greyflon/lab_2025/install/two_wheeled_robot/share/two_wheeled_robot/models/toilet/meshes/toilet.mtl\n'}
[0.984402] (two_wheeled_robot) StdoutLine: {'line': b'-- Up-to-date: /home/greyflon/lab_2025/install/two_wheeled_robot/share/two_wheeled_robot/models/toilet/meshes/toilet.dae\n'}
[0.984477] (two_wheeled_robot) StdoutLine: {'line': b'-- Up-to-date: /home/greyflon/lab_2025/install/two_wheeled_robot/share/two_wheeled_robot/models/toilet/meshes/toilet.obj\n'}
[0.984556] (two_wheeled_robot) StdoutLine: {'line': b'-- Up-to-date: /home/greyflon/lab_2025/install/two_wheeled_robot/share/two_wheeled_robot/models/toilet/materials\n'}
[0.984674] (two_wheeled_robot) StdoutLine: {'line': b'-- Up-to-date: /home/greyflon/lab_2025/install/two_wheeled_robot/share/two_wheeled_robot/models/toilet/materials/textures\n'}
[0.984788] (two_wheeled_robot) StdoutLine: {'line': b'-- Up-to-date: /home/greyflon/lab_2025/install/two_wheeled_robot/share/two_wheeled_robot/models/toilet/materials/textures/toilet_diffuse_specular.png\n'}
[0.985010] (two_wheeled_robot) StdoutLine: {'line': b'-- Up-to-date: /home/greyflon/lab_2025/install/two_wheeled_robot/share/two_wheeled_robot/models/toilet/thumbnails\n'}
[0.985284] (two_wheeled_robot) StdoutLine: {'line': b'-- Up-to-date: /home/greyflon/lab_2025/install/two_wheeled_robot/share/two_wheeled_robot/models/toilet/thumbnails/5.png\n'}
[0.985550] (two_wheeled_robot) StdoutLine: {'line': b'-- Up-to-date: /home/greyflon/lab_2025/install/two_wheeled_robot/share/two_wheeled_robot/models/toilet/thumbnails/1.png\n'}
[0.985724] (two_wheeled_robot) StdoutLine: {'line': b'-- Up-to-date: /home/greyflon/lab_2025/install/two_wheeled_robot/share/two_wheeled_robot/models/toilet/thumbnails/2.png\n'}
[0.985903] (two_wheeled_robot) StdoutLine: {'line': b'-- Up-to-date: /home/greyflon/lab_2025/install/two_wheeled_robot/share/two_wheeled_robot/models/toilet/thumbnails/4.png\n'}
[0.986057] (two_wheeled_robot) StdoutLine: {'line': b'-- Up-to-date: /home/greyflon/lab_2025/install/two_wheeled_robot/share/two_wheeled_robot/models/toilet/thumbnails/3.png\n'}
[0.986211] (two_wheeled_robot) StdoutLine: {'line': b'-- Up-to-date: /home/greyflon/lab_2025/install/two_wheeled_robot/share/two_wheeled_robot/models/toilet/model.sdf\n'}
[0.990964] (two_wheeled_robot) StdoutLine: {'line': b'-- Up-to-date: /home/greyflon/lab_2025/install/two_wheeled_robot/share/two_wheeled_robot/models/aws_robomaker_residential_RoomCeiling_01\n'}
[1.002286] (-) TimerEvent: {}
[1.002972] (two_wheeled_robot) StdoutLine: {'line': b'-- Up-to-date: /home/greyflon/lab_2025/install/two_wheeled_robot/share/two_wheeled_robot/models/aws_robomaker_residential_RoomCeiling_01/model.config\n'}
[1.003174] (two_wheeled_robot) StdoutLine: {'line': b'-- Up-to-date: /home/greyflon/lab_2025/install/two_wheeled_robot/share/two_wheeled_robot/models/aws_robomaker_residential_RoomCeiling_01/meshes\n'}
[1.003490] (two_wheeled_robot) StdoutLine: {'line': b'-- Up-to-date: /home/greyflon/lab_2025/install/two_wheeled_robot/share/two_wheeled_robot/models/aws_robomaker_residential_RoomCeiling_01/meshes/aws_RoomCeiling_01_collision.DAE\n'}
[1.003714] (two_wheeled_robot) StdoutLine: {'line': b'-- Up-to-date: /home/greyflon/lab_2025/install/two_wheeled_robot/share/two_wheeled_robot/models/aws_robomaker_residential_RoomCeiling_01/meshes/aws_RoomCeiling_01_visual.DAE\n'}
[1.003938] (two_wheeled_robot) StdoutLine: {'line': b'-- Up-to-date: /home/greyflon/lab_2025/install/two_wheeled_robot/share/two_wheeled_robot/models/aws_robomaker_residential_RoomCeiling_01/materials\n'}
[1.004230] (two_wheeled_robot) StdoutLine: {'line': b'-- Up-to-date: /home/greyflon/lab_2025/install/two_wheeled_robot/share/two_wheeled_robot/models/aws_robomaker_residential_RoomCeiling_01/materials/textures\n'}
[1.004404] (two_wheeled_robot) StdoutLine: {'line': b'-- Up-to-date: /home/greyflon/lab_2025/install/two_wheeled_robot/share/two_wheeled_robot/models/aws_robomaker_residential_RoomCeiling_01/materials/textures/aws_RoomCeiling_01.png\n'}
[1.004582] (two_wheeled_robot) StdoutLine: {'line': b'-- Up-to-date: /home/greyflon/lab_2025/install/two_wheeled_robot/share/two_wheeled_robot/models/aws_robomaker_residential_RoomCeiling_01/model.sdf\n'}
[1.012924] (two_wheeled_robot) StdoutLine: {'line': b'-- Up-to-date: /home/greyflon/lab_2025/install/two_wheeled_robot/share/two_wheeled_robot/models/BedsideTable\n'}
[1.021733] (two_wheeled_robot) StdoutLine: {'line': b'-- Up-to-date: /home/greyflon/lab_2025/install/two_wheeled_robot/share/two_wheeled_robot/models/BedsideTable/model.config\n'}
[1.021920] (two_wheeled_robot) StdoutLine: {'line': b'-- Up-to-date: /home/greyflon/lab_2025/install/two_wheeled_robot/share/two_wheeled_robot/models/BedsideTable/meshes\n'}
[1.022210] (two_wheeled_robot) StdoutLine: {'line': b'-- Up-to-date: /home/greyflon/lab_2025/install/two_wheeled_robot/share/two_wheeled_robot/models/BedsideTable/meshes/BedsideTable_Normal.png\n'}
[1.022414] (two_wheeled_robot) StdoutLine: {'line': b'-- Up-to-date: /home/greyflon/lab_2025/install/two_wheeled_robot/share/two_wheeled_robot/models/BedsideTable/meshes/BedsideTable_SpecGloss.png\n'}
[1.022606] (two_wheeled_robot) StdoutLine: {'line': b'-- Up-to-date: /home/greyflon/lab_2025/install/two_wheeled_robot/share/two_wheeled_robot/models/BedsideTable/meshes/BedsideTable_Col.obj\n'}
[1.022975] (two_wheeled_robot) StdoutLine: {'line': b'-- Up-to-date: /home/greyflon/lab_2025/install/two_wheeled_robot/share/two_wheeled_robot/models/BedsideTable/meshes/BedsideTable_Diffuse.png\n'}
[1.023317] (two_wheeled_robot) StdoutLine: {'line': b'-- Up-to-date: /home/greyflon/lab_2025/install/two_wheeled_robot/share/two_wheeled_robot/models/BedsideTable/meshes/BedsideTable.png\n'}
[1.023553] (two_wheeled_robot) StdoutLine: {'line': b'-- Up-to-date: /home/greyflon/lab_2025/install/two_wheeled_robot/share/two_wheeled_robot/models/BedsideTable/meshes/BedsideTable.mtl\n'}
[1.023810] (two_wheeled_robot) StdoutLine: {'line': b'-- Up-to-date: /home/greyflon/lab_2025/install/two_wheeled_robot/share/two_wheeled_robot/models/BedsideTable/meshes/BedsideTable.obj\n'}
[1.023992] (two_wheeled_robot) StdoutLine: {'line': b'-- Up-to-date: /home/greyflon/lab_2025/install/two_wheeled_robot/share/two_wheeled_robot/models/BedsideTable/meshes/BedsideTable_Col.mtl\n'}
[1.024149] (two_wheeled_robot) StdoutLine: {'line': b'-- Up-to-date: /home/greyflon/lab_2025/install/two_wheeled_robot/share/two_wheeled_robot/models/BedsideTable/thumbnails\n'}
[1.024304] (two_wheeled_robot) StdoutLine: {'line': b'-- Up-to-date: /home/greyflon/lab_2025/install/two_wheeled_robot/share/two_wheeled_robot/models/BedsideTable/thumbnails/5.png\n'}
[1.024488] (two_wheeled_robot) StdoutLine: {'line': b'-- Up-to-date: /home/greyflon/lab_2025/install/two_wheeled_robot/share/two_wheeled_robot/models/BedsideTable/thumbnails/1.png\n'}
[1.024643] (two_wheeled_robot) StdoutLine: {'line': b'-- Up-to-date: /home/greyflon/lab_2025/install/two_wheeled_robot/share/two_wheeled_robot/models/BedsideTable/thumbnails/2.png\n'}
[1.024833] (two_wheeled_robot) StdoutLine: {'line': b'-- Up-to-date: /home/greyflon/lab_2025/install/two_wheeled_robot/share/two_wheeled_robot/models/BedsideTable/thumbnails/4.png\n'}
[1.024998] (two_wheeled_robot) StdoutLine: {'line': b'-- Up-to-date: /home/greyflon/lab_2025/install/two_wheeled_robot/share/two_wheeled_robot/models/BedsideTable/thumbnails/3.png\n'}
[1.025154] (two_wheeled_robot) StdoutLine: {'line': b'-- Up-to-date: /home/greyflon/lab_2025/install/two_wheeled_robot/share/two_wheeled_robot/models/BedsideTable/model.sdf\n'}
[1.025309] (two_wheeled_robot) StdoutLine: {'line': b'-- Up-to-date: /home/greyflon/lab_2025/install/two_wheeled_robot/share/two_wheeled_robot/models/StorageRackCovered\n'}
[1.050183] (two_wheeled_robot) StdoutLine: {'line': b'-- Up-to-date: /home/greyflon/lab_2025/install/two_wheeled_robot/share/two_wheeled_robot/models/StorageRackCovered/model.config\n'}
[1.050364] (two_wheeled_robot) StdoutLine: {'line': b'-- Up-to-date: /home/greyflon/lab_2025/install/two_wheeled_robot/share/two_wheeled_robot/models/StorageRackCovered/meshes\n'}
[1.050469] (two_wheeled_robot) StdoutLine: {'line': b'-- Up-to-date: /home/greyflon/lab_2025/install/two_wheeled_robot/share/two_wheeled_robot/models/StorageRackCovered/meshes/StorageRackCovered.obj\n'}
[1.050567] (two_wheeled_robot) StdoutLine: {'line': b'-- Up-to-date: /home/greyflon/lab_2025/install/two_wheeled_robot/share/two_wheeled_robot/models/StorageRackCovered/meshes/StorageRackCovered.png\n'}
[1.050663] (two_wheeled_robot) StdoutLine: {'line': b'-- Up-to-date: /home/greyflon/lab_2025/install/two_wheeled_robot/share/two_wheeled_robot/models/StorageRackCovered/meshes/StorageRackCovered.mtl\n'}
[1.050786] (two_wheeled_robot) StdoutLine: {'line': b'-- Up-to-date: /home/greyflon/lab_2025/install/two_wheeled_robot/share/two_wheeled_robot/models/StorageRackCovered/thumbnails\n'}
[1.050997] (two_wheeled_robot) StdoutLine: {'line': b'-- Up-to-date: /home/greyflon/lab_2025/install/two_wheeled_robot/share/two_wheeled_robot/models/StorageRackCovered/thumbnails/5.png\n'}
[1.051124] (two_wheeled_robot) StdoutLine: {'line': b'-- Up-to-date: /home/greyflon/lab_2025/install/two_wheeled_robot/share/two_wheeled_robot/models/StorageRackCovered/thumbnails/1.png\n'}
[1.051247] (two_wheeled_robot) StdoutLine: {'line': b'-- Up-to-date: /home/greyflon/lab_2025/install/two_wheeled_robot/share/two_wheeled_robot/models/StorageRackCovered/thumbnails/2.png\n'}
[1.051397] (two_wheeled_robot) StdoutLine: {'line': b'-- Up-to-date: /home/greyflon/lab_2025/install/two_wheeled_robot/share/two_wheeled_robot/models/StorageRackCovered/thumbnails/4.png\n'}
[1.051539] (two_wheeled_robot) StdoutLine: {'line': b'-- Up-to-date: /home/greyflon/lab_2025/install/two_wheeled_robot/share/two_wheeled_robot/models/StorageRackCovered/thumbnails/3.png\n'}
[1.051631] (two_wheeled_robot) StdoutLine: {'line': b'-- Up-to-date: /home/greyflon/lab_2025/install/two_wheeled_robot/share/two_wheeled_robot/models/StorageRackCovered/model.sdf\n'}
[1.052153] (two_wheeled_robot) StdoutLine: {'line': b'-- Up-to-date: /home/greyflon/lab_2025/install/two_wheeled_robot/share/two_wheeled_robot/models/fast_food\n'}
[1.060552] (two_wheeled_robot) StdoutLine: {'line': b'-- Up-to-date: /home/greyflon/lab_2025/install/two_wheeled_robot/share/two_wheeled_robot/models/fast_food/model-1_4.sdf\n'}
[1.060844] (two_wheeled_robot) StdoutLine: {'line': b'-- Up-to-date: /home/greyflon/lab_2025/install/two_wheeled_robot/share/two_wheeled_robot/models/fast_food/model.config\n'}
[1.060997] (two_wheeled_robot) StdoutLine: {'line': b'-- Up-to-date: /home/greyflon/lab_2025/install/two_wheeled_robot/share/two_wheeled_robot/models/fast_food/meshes\n'}
[1.061222] (two_wheeled_robot) StdoutLine: {'line': b'-- Up-to-date: /home/greyflon/lab_2025/install/two_wheeled_robot/share/two_wheeled_robot/models/fast_food/meshes/fast_food.dae\n'}
[1.061361] (two_wheeled_robot) StdoutLine: {'line': b'-- Up-to-date: /home/greyflon/lab_2025/install/two_wheeled_robot/share/two_wheeled_robot/models/fast_food/materials\n'}
[1.061786] (two_wheeled_robot) StdoutLine: {'line': b'-- Up-to-date: /home/greyflon/lab_2025/install/two_wheeled_robot/share/two_wheeled_robot/models/fast_food/materials/scripts\n'}
[1.062134] (two_wheeled_robot) StdoutLine: {'line': b'-- Up-to-date: /home/greyflon/lab_2025/install/two_wheeled_robot/share/two_wheeled_robot/models/fast_food/materials/scripts/fast_food.material\n'}
[1.062399] (two_wheeled_robot) StdoutLine: {'line': b'-- Up-to-date: /home/greyflon/lab_2025/install/two_wheeled_robot/share/two_wheeled_robot/models/fast_food/materials/textures\n'}
[1.062766] (two_wheeled_robot) StdoutLine: {'line': b'-- Up-to-date: /home/greyflon/lab_2025/install/two_wheeled_robot/share/two_wheeled_robot/models/fast_food/materials/textures/FastFood_Normal.png\n'}
[1.063084] (two_wheeled_robot) StdoutLine: {'line': b'-- Up-to-date: /home/greyflon/lab_2025/install/two_wheeled_robot/share/two_wheeled_robot/models/fast_food/materials/textures/FastFood_Spec.png\n'}
[1.063287] (two_wheeled_robot) StdoutLine: {'line': b'-- Up-to-date: /home/greyflon/lab_2025/install/two_wheeled_robot/share/two_wheeled_robot/models/fast_food/materials/textures/FastFood_Diffuse.png\n'}
[1.063482] (two_wheeled_robot) StdoutLine: {'line': b'-- Up-to-date: /home/greyflon/lab_2025/install/two_wheeled_robot/share/two_wheeled_robot/models/fast_food/model.sdf\n'}
[1.063763] (two_wheeled_robot) StdoutLine: {'line': b'-- Up-to-date: /home/greyflon/lab_2025/install/two_wheeled_robot/share/two_wheeled_robot/models/fast_food/model-1_3.sdf\n'}
[1.064030] (two_wheeled_robot) StdoutLine: {'line': b'-- Up-to-date: /home/greyflon/lab_2025/install/two_wheeled_robot/share/two_wheeled_robot/models/blue_tray\n'}
[1.067944] (two_wheeled_robot) StdoutLine: {'line': b'-- Up-to-date: /home/greyflon/lab_2025/install/two_wheeled_robot/share/two_wheeled_robot/models/blue_tray/model.config\n'}
[1.068122] (two_wheeled_robot) StdoutLine: {'line': b'-- Up-to-date: /home/greyflon/lab_2025/install/two_wheeled_robot/share/two_wheeled_robot/models/blue_tray/meshes\n'}
[1.068405] (two_wheeled_robot) StdoutLine: {'line': b'-- Up-to-date: /home/greyflon/lab_2025/install/two_wheeled_robot/share/two_wheeled_robot/models/blue_tray/meshes/blue_tray.dae\n'}
[1.068556] (two_wheeled_robot) StdoutLine: {'line': b'-- Up-to-date: /home/greyflon/lab_2025/install/two_wheeled_robot/share/two_wheeled_robot/models/blue_tray/model.sdf\n'}
[1.068692] (two_wheeled_robot) StdoutLine: {'line': b'-- Up-to-date: /home/greyflon/lab_2025/install/two_wheeled_robot/share/two_wheeled_robot/models/office_couch\n'}
[1.102367] (-) TimerEvent: {}
[1.111120] (two_wheeled_robot) StdoutLine: {'line': b'-- Up-to-date: /home/greyflon/lab_2025/install/two_wheeled_robot/share/two_wheeled_robot/models/office_couch/model.config\n'}
[1.111305] (two_wheeled_robot) StdoutLine: {'line': b'-- Up-to-date: /home/greyflon/lab_2025/install/two_wheeled_robot/share/two_wheeled_robot/models/office_couch/meshes\n'}
[1.111590] (two_wheeled_robot) StdoutLine: {'line': b'-- Up-to-date: /home/greyflon/lab_2025/install/two_wheeled_robot/share/two_wheeled_robot/models/office_couch/meshes/office_couch.dae\n'}
[1.111840] (two_wheeled_robot) StdoutLine: {'line': b'-- Up-to-date: /home/greyflon/lab_2025/install/two_wheeled_robot/share/two_wheeled_robot/models/office_couch/materials\n'}
[1.112157] (two_wheeled_robot) StdoutLine: {'line': b'-- Up-to-date: /home/greyflon/lab_2025/install/two_wheeled_robot/share/two_wheeled_robot/models/office_couch/materials/textures\n'}
[1.112326] (two_wheeled_robot) StdoutLine: {'line': b'-- Up-to-date: /home/greyflon/lab_2025/install/two_wheeled_robot/share/two_wheeled_robot/models/office_couch/materials/textures/office_couch_specular.png\n'}
[1.112481] (two_wheeled_robot) StdoutLine: {'line': b'-- Up-to-date: /home/greyflon/lab_2025/install/two_wheeled_robot/share/two_wheeled_robot/models/office_couch/materials/textures/office_couch_diffuse.png\n'}
[1.112648] (two_wheeled_robot) StdoutLine: {'line': b'-- Up-to-date: /home/greyflon/lab_2025/install/two_wheeled_robot/share/two_wheeled_robot/models/office_couch/model.sdf\n'}
[1.128302] (two_wheeled_robot) StdoutLine: {'line': b'-- Up-to-date: /home/greyflon/lab_2025/install/two_wheeled_robot/share/two_wheeled_robot/models/simple_gripper\n'}
[1.132367] (two_wheeled_robot) StdoutLine: {'line': b'-- Up-to-date: /home/greyflon/lab_2025/install/two_wheeled_robot/share/two_wheeled_robot/models/simple_gripper/model-1_2.sdf\n'}
[1.132667] (two_wheeled_robot) StdoutLine: {'line': b'-- Up-to-date: /home/greyflon/lab_2025/install/two_wheeled_robot/share/two_wheeled_robot/models/simple_gripper/model-1_4.sdf\n'}
[1.132898] (two_wheeled_robot) StdoutLine: {'line': b'-- Up-to-date: /home/greyflon/lab_2025/install/two_wheeled_robot/share/two_wheeled_robot/models/simple_gripper/model.config\n'}
[1.133148] (two_wheeled_robot) StdoutLine: {'line': b'-- Up-to-date: /home/greyflon/lab_2025/install/two_wheeled_robot/share/two_wheeled_robot/models/simple_gripper/model.sdf\n'}
[1.133406] (two_wheeled_robot) StdoutLine: {'line': b'-- Up-to-date: /home/greyflon/lab_2025/install/two_wheeled_robot/share/two_wheeled_robot/models/simple_gripper/model-1_3.sdf\n'}
[1.133574] (two_wheeled_robot) StdoutLine: {'line': b'-- Up-to-date: /home/greyflon/lab_2025/install/two_wheeled_robot/share/two_wheeled_robot/models/MaleVisitorOnPhone\n'}
[1.157057] (two_wheeled_robot) StdoutLine: {'line': b'-- Up-to-date: /home/greyflon/lab_2025/install/two_wheeled_robot/share/two_wheeled_robot/models/MaleVisitorOnPhone/model.config\n'}
[1.157250] (two_wheeled_robot) StdoutLine: {'line': b'-- Up-to-date: /home/greyflon/lab_2025/install/two_wheeled_robot/share/two_wheeled_robot/models/MaleVisitorOnPhone/meshes\n'}
[1.157551] (two_wheeled_robot) StdoutLine: {'line': b'-- Up-to-date: /home/greyflon/lab_2025/install/two_wheeled_robot/share/two_wheeled_robot/models/MaleVisitorOnPhone/meshes/Phone.png\n'}
[1.157773] (two_wheeled_robot) StdoutLine: {'line': b'-- Up-to-date: /home/greyflon/lab_2025/install/two_wheeled_robot/share/two_wheeled_robot/models/MaleVisitorOnPhone/meshes/MaleVisitorStatic_Col.obj\n'}
[1.157990] (two_wheeled_robot) StdoutLine: {'line': b'-- Up-to-date: /home/greyflon/lab_2025/install/two_wheeled_robot/share/two_wheeled_robot/models/MaleVisitorOnPhone/meshes/MaleVisitorStatic.obj\n'}
[1.158243] (two_wheeled_robot) StdoutLine: {'line': b'-- Up-to-date: /home/greyflon/lab_2025/install/two_wheeled_robot/share/two_wheeled_robot/models/MaleVisitorOnPhone/meshes/MaleVisitor.png\n'}
[1.158581] (two_wheeled_robot) StdoutLine: {'line': b'-- Up-to-date: /home/greyflon/lab_2025/install/two_wheeled_robot/share/two_wheeled_robot/models/MaleVisitorOnPhone/meshes/MaleVisitorStatic_Col.mtl\n'}
[1.158892] (two_wheeled_robot) StdoutLine: {'line': b'-- Up-to-date: /home/greyflon/lab_2025/install/two_wheeled_robot/share/two_wheeled_robot/models/MaleVisitorOnPhone/meshes/MaleVisitorStatic.mtl\n'}
[1.159093] (two_wheeled_robot) StdoutLine: {'line': b'-- Up-to-date: /home/greyflon/lab_2025/install/two_wheeled_robot/share/two_wheeled_robot/models/MaleVisitorOnPhone/thumbnails\n'}
[1.159283] (two_wheeled_robot) StdoutLine: {'line': b'-- Up-to-date: /home/greyflon/lab_2025/install/two_wheeled_robot/share/two_wheeled_robot/models/MaleVisitorOnPhone/thumbnails/5.png\n'}
[1.159468] (two_wheeled_robot) StdoutLine: {'line': b'-- Up-to-date: /home/greyflon/lab_2025/install/two_wheeled_robot/share/two_wheeled_robot/models/MaleVisitorOnPhone/thumbnails/1.png\n'}
[1.159823] (two_wheeled_robot) StdoutLine: {'line': b'-- Up-to-date: /home/greyflon/lab_2025/install/two_wheeled_robot/share/two_wheeled_robot/models/MaleVisitorOnPhone/thumbnails/2.png\n'}
[1.160035] (two_wheeled_robot) StdoutLine: {'line': b'-- Up-to-date: /home/greyflon/lab_2025/install/two_wheeled_robot/share/two_wheeled_robot/models/MaleVisitorOnPhone/thumbnails/4.png\n'}
[1.160227] (two_wheeled_robot) StdoutLine: {'line': b'-- Up-to-date: /home/greyflon/lab_2025/install/two_wheeled_robot/share/two_wheeled_robot/models/MaleVisitorOnPhone/thumbnails/3.png\n'}
[1.160415] (two_wheeled_robot) StdoutLine: {'line': b'-- Up-to-date: /home/greyflon/lab_2025/install/two_wheeled_robot/share/two_wheeled_robot/models/MaleVisitorOnPhone/model.sdf\n'}
[1.160600] (two_wheeled_robot) StdoutLine: {'line': b'-- Up-to-date: /home/greyflon/lab_2025/install/two_wheeled_robot/share/two_wheeled_robot/models/MalePatientBed\n'}
[1.160863] (two_wheeled_robot) StdoutLine: {'line': b'-- Up-to-date: /home/greyflon/lab_2025/install/two_wheeled_robot/share/two_wheeled_robot/models/MalePatientBed/model.config\n'}
[1.161069] (two_wheeled_robot) StdoutLine: {'line': b'-- Up-to-date: /home/greyflon/lab_2025/install/two_wheeled_robot/share/two_wheeled_robot/models/MalePatientBed/meshes\n'}
[1.161282] (two_wheeled_robot) StdoutLine: {'line': b'-- Up-to-date: /home/greyflon/lab_2025/install/two_wheeled_robot/share/two_wheeled_robot/models/MalePatientBed/meshes/Carts_Wheels_Diffuse.png\n'}
[1.161497] (two_wheeled_robot) StdoutLine: {'line': b'-- Up-to-date: /home/greyflon/lab_2025/install/two_wheeled_robot/share/two_wheeled_robot/models/MalePatientBed/meshes/MalePatientBed.obj\n'}
[1.161692] (two_wheeled_robot) StdoutLine: {'line': b'-- Up-to-date: /home/greyflon/lab_2025/install/two_wheeled_robot/share/two_wheeled_robot/models/MalePatientBed/meshes/PatientM.png\n'}
[1.162041] (two_wheeled_robot) StdoutLine: {'line': b'-- Up-to-date: /home/greyflon/lab_2025/install/two_wheeled_robot/share/two_wheeled_robot/models/MalePatientBed/meshes/towel1.jpg\n'}
[1.162219] (two_wheeled_robot) StdoutLine: {'line': b'-- Up-to-date: /home/greyflon/lab_2025/install/two_wheeled_robot/share/two_wheeled_robot/models/MalePatientBed/meshes/texture.png\n'}
[1.162377] (two_wheeled_robot) StdoutLine: {'line': b'-- Up-to-date: /home/greyflon/lab_2025/install/two_wheeled_robot/share/two_wheeled_robot/models/MalePatientBed/meshes/CGMVanguard_Diffuse.png\n'}
[1.162532] (two_wheeled_robot) StdoutLine: {'line': b'-- Up-to-date: /home/greyflon/lab_2025/install/two_wheeled_robot/share/two_wheeled_robot/models/MalePatientBed/meshes/MalePatientBed.mtl\n'}
[1.162687] (two_wheeled_robot) StdoutLine: {'line': b'-- Up-to-date: /home/greyflon/lab_2025/install/two_wheeled_robot/share/two_wheeled_robot/models/MalePatientBed/thumbnails\n'}
[1.162881] (two_wheeled_robot) StdoutLine: {'line': b'-- Up-to-date: /home/greyflon/lab_2025/install/two_wheeled_robot/share/two_wheeled_robot/models/MalePatientBed/thumbnails/5.png\n'}
[1.163044] (two_wheeled_robot) StdoutLine: {'line': b'-- Up-to-date: /home/greyflon/lab_2025/install/two_wheeled_robot/share/two_wheeled_robot/models/MalePatientBed/thumbnails/1.png\n'}
[1.163216] (two_wheeled_robot) StdoutLine: {'line': b'-- Up-to-date: /home/greyflon/lab_2025/install/two_wheeled_robot/share/two_wheeled_robot/models/MalePatientBed/thumbnails/2.png\n'}
[1.163369] (two_wheeled_robot) StdoutLine: {'line': b'-- Up-to-date: /home/greyflon/lab_2025/install/two_wheeled_robot/share/two_wheeled_robot/models/MalePatientBed/thumbnails/4.png\n'}
[1.163523] (two_wheeled_robot) StdoutLine: {'line': b'-- Up-to-date: /home/greyflon/lab_2025/install/two_wheeled_robot/share/two_wheeled_robot/models/MalePatientBed/thumbnails/3.png\n'}
[1.163677] (two_wheeled_robot) StdoutLine: {'line': b'-- Up-to-date: /home/greyflon/lab_2025/install/two_wheeled_robot/share/two_wheeled_robot/models/MalePatientBed/model.sdf\n'}
[1.163867] (two_wheeled_robot) StdoutLine: {'line': b'-- Up-to-date: /home/greyflon/lab_2025/install/two_wheeled_robot/share/two_wheeled_robot/models/yellow_tray\n'}
[1.177564] (two_wheeled_robot) StdoutLine: {'line': b'-- Up-to-date: /home/greyflon/lab_2025/install/two_wheeled_robot/share/two_wheeled_robot/models/yellow_tray/model.config\n'}
[1.177777] (two_wheeled_robot) StdoutLine: {'line': b'-- Up-to-date: /home/greyflon/lab_2025/install/two_wheeled_robot/share/two_wheeled_robot/models/yellow_tray/meshes\n'}
[1.178089] (two_wheeled_robot) StdoutLine: {'line': b'-- Up-to-date: /home/greyflon/lab_2025/install/two_wheeled_robot/share/two_wheeled_robot/models/yellow_tray/meshes/yellow_tray.dae\n'}
[1.178264] (two_wheeled_robot) StdoutLine: {'line': b'-- Up-to-date: /home/greyflon/lab_2025/install/two_wheeled_robot/share/two_wheeled_robot/models/yellow_tray/model.sdf\n'}
[1.178423] (two_wheeled_robot) StdoutLine: {'line': b'-- Up-to-date: /home/greyflon/lab_2025/install/two_wheeled_robot/share/two_wheeled_robot/models/aws_robomaker_residential_Pillow_01\n'}
[1.192257] (two_wheeled_robot) StdoutLine: {'line': b'-- Up-to-date: /home/greyflon/lab_2025/install/two_wheeled_robot/share/two_wheeled_robot/models/aws_robomaker_residential_Pillow_01/model.config\n'}
[1.192462] (two_wheeled_robot) StdoutLine: {'line': b'-- Up-to-date: /home/greyflon/lab_2025/install/two_wheeled_robot/share/two_wheeled_robot/models/aws_robomaker_residential_Pillow_01/meshes\n'}
[1.192792] (two_wheeled_robot) StdoutLine: {'line': b'-- Up-to-date: /home/greyflon/lab_2025/install/two_wheeled_robot/share/two_wheeled_robot/models/aws_robomaker_residential_Pillow_01/meshes/aws_Pillow_01_collision.DAE\n'}
[1.193031] (two_wheeled_robot) StdoutLine: {'line': b'-- Up-to-date: /home/greyflon/lab_2025/install/two_wheeled_robot/share/two_wheeled_robot/models/aws_robomaker_residential_Pillow_01/meshes/aws_Pillow_01_visual.DAE\n'}
[1.193337] (two_wheeled_robot) StdoutLine: {'line': b'-- Up-to-date: /home/greyflon/lab_2025/install/two_wheeled_robot/share/two_wheeled_robot/models/aws_robomaker_residential_Pillow_01/materials\n'}
[1.193501] (two_wheeled_robot) StdoutLine: {'line': b'-- Up-to-date: /home/greyflon/lab_2025/install/two_wheeled_robot/share/two_wheeled_robot/models/aws_robomaker_residential_Pillow_01/materials/textures\n'}
[1.193656] (two_wheeled_robot) StdoutLine: {'line': b'-- Up-to-date: /home/greyflon/lab_2025/install/two_wheeled_robot/share/two_wheeled_robot/models/aws_robomaker_residential_Pillow_01/materials/textures/aws_Pillow_01.png\n'}
[1.193851] (two_wheeled_robot) StdoutLine: {'line': b'-- Up-to-date: /home/greyflon/lab_2025/install/two_wheeled_robot/share/two_wheeled_robot/models/aws_robomaker_residential_Pillow_01/model.sdf\n'}
[1.194015] (two_wheeled_robot) StdoutLine: {'line': b'-- Up-to-date: /home/greyflon/lab_2025/install/two_wheeled_robot/share/two_wheeled_robot/models/willowgarage\n'}
[1.202062] (two_wheeled_robot) StdoutLine: {'line': b'-- Up-to-date: /home/greyflon/lab_2025/install/two_wheeled_robot/share/two_wheeled_robot/models/willowgarage/model-1_2.sdf\n'}
[1.202299] (two_wheeled_robot) StdoutLine: {'line': b'-- Up-to-date: /home/greyflon/lab_2025/install/two_wheeled_robot/share/two_wheeled_robot/models/willowgarage/model-1_4.sdf\n'}
[1.202490] (-) TimerEvent: {}
[1.202780] (two_wheeled_robot) StdoutLine: {'line': b'-- Up-to-date: /home/greyflon/lab_2025/install/two_wheeled_robot/share/two_wheeled_robot/models/willowgarage/model.config\n'}
[1.203136] (two_wheeled_robot) StdoutLine: {'line': b'-- Up-to-date: /home/greyflon/lab_2025/install/two_wheeled_robot/share/two_wheeled_robot/models/willowgarage/meshes\n'}
[1.203452] (two_wheeled_robot) StdoutLine: {'line': b'-- Up-to-date: /home/greyflon/lab_2025/install/two_wheeled_robot/share/two_wheeled_robot/models/willowgarage/meshes/willowgarage_collision.dae\n'}
[1.203657] (two_wheeled_robot) StdoutLine: {'line': b'-- Up-to-date: /home/greyflon/lab_2025/install/two_wheeled_robot/share/two_wheeled_robot/models/willowgarage/meshes/willowgarage_visual.dae\n'}
[1.203981] (two_wheeled_robot) StdoutLine: {'line': b'-- Up-to-date: /home/greyflon/lab_2025/install/two_wheeled_robot/share/two_wheeled_robot/models/willowgarage/materials\n'}
[1.204149] (two_wheeled_robot) StdoutLine: {'line': b'-- Up-to-date: /home/greyflon/lab_2025/install/two_wheeled_robot/share/two_wheeled_robot/models/willowgarage/materials/textures\n'}
[1.204306] (two_wheeled_robot) StdoutLine: {'line': b'-- Up-to-date: /home/greyflon/lab_2025/install/two_wheeled_robot/share/two_wheeled_robot/models/willowgarage/materials/textures/__Wood_Bamboo_Medium_1.png\n'}
[1.204461] (two_wheeled_robot) StdoutLine: {'line': b'-- Up-to-date: /home/greyflon/lab_2025/install/two_wheeled_robot/share/two_wheeled_robot/models/willowgarage/materials/textures/__auto_12.png\n'}
[1.204622] (two_wheeled_robot) StdoutLine: {'line': b'-- Up-to-date: /home/greyflon/lab_2025/install/two_wheeled_robot/share/two_wheeled_robot/models/willowgarage/materials/textures/Wood_Bamboo_Medium_.png\n'}
[1.204810] (two_wheeled_robot) StdoutLine: {'line': b'-- Up-to-date: /home/greyflon/lab_2025/install/two_wheeled_robot/share/two_wheeled_robot/models/willowgarage/materials/textures/Carpet_Berber_Pattern_Gray_.png\n'}
[1.204978] (two_wheeled_robot) StdoutLine: {'line': b'-- Up-to-date: /home/greyflon/lab_2025/install/two_wheeled_robot/share/two_wheeled_robot/models/willowgarage/materials/textures/Wood_Cherry_Original_.png\n'}
[1.205132] (two_wheeled_robot) StdoutLine: {'line': b'-- Up-to-date: /home/greyflon/lab_2025/install/two_wheeled_robot/share/two_wheeled_robot/models/willowgarage/materials/textures/__auto_2.png\n'}
[1.205284] (two_wheeled_robot) StdoutLine: {'line': b'-- Up-to-date: /home/greyflon/lab_2025/install/two_wheeled_robot/share/two_wheeled_robot/models/willowgarage/materials/textures/Stone_Brushed_Khaki_.png\n'}
[1.205437] (two_wheeled_robot) StdoutLine: {'line': b'-- Up-to-date: /home/greyflon/lab_2025/install/two_wheeled_robot/share/two_wheeled_robot/models/willowgarage/model.sdf\n'}
[1.205589] (two_wheeled_robot) StdoutLine: {'line': b'-- Up-to-date: /home/greyflon/lab_2025/install/two_wheeled_robot/share/two_wheeled_robot/models/willowgarage/model-1_3.sdf\n'}
[1.205767] (two_wheeled_robot) StdoutLine: {'line': b'-- Up-to-date: /home/greyflon/lab_2025/install/two_wheeled_robot/share/two_wheeled_robot/models/Shower\n'}
[1.224770] (two_wheeled_robot) StdoutLine: {'line': b'-- Up-to-date: /home/greyflon/lab_2025/install/two_wheeled_robot/share/two_wheeled_robot/models/Shower/model.config\n'}
[1.225089] (two_wheeled_robot) StdoutLine: {'line': b'-- Up-to-date: /home/greyflon/lab_2025/install/two_wheeled_robot/share/two_wheeled_robot/models/Shower/meshes\n'}
[1.225293] (two_wheeled_robot) StdoutLine: {'line': b'-- Up-to-date: /home/greyflon/lab_2025/install/two_wheeled_robot/share/two_wheeled_robot/models/Shower/meshes/ShowerDiffuse.png\n'}
[1.225579] (two_wheeled_robot) StdoutLine: {'line': b'-- Up-to-date: /home/greyflon/lab_2025/install/two_wheeled_robot/share/two_wheeled_robot/models/Shower/meshes/Shower.mtl\n'}
[1.225792] (two_wheeled_robot) StdoutLine: {'line': b'-- Up-to-date: /home/greyflon/lab_2025/install/two_wheeled_robot/share/two_wheeled_robot/models/Shower/meshes/Shower.obj\n'}
[1.225975] (two_wheeled_robot) StdoutLine: {'line': b'-- Up-to-date: /home/greyflon/lab_2025/install/two_wheeled_robot/share/two_wheeled_robot/models/Shower/thumbnails\n'}
[1.226281] (two_wheeled_robot) StdoutLine: {'line': b'-- Up-to-date: /home/greyflon/lab_2025/install/two_wheeled_robot/share/two_wheeled_robot/models/Shower/thumbnails/5.png\n'}
[1.226483] (two_wheeled_robot) StdoutLine: {'line': b'-- Up-to-date: /home/greyflon/lab_2025/install/two_wheeled_robot/share/two_wheeled_robot/models/Shower/thumbnails/1.png\n'}
[1.226801] (two_wheeled_robot) StdoutLine: {'line': b'-- Up-to-date: /home/greyflon/lab_2025/install/two_wheeled_robot/share/two_wheeled_robot/models/Shower/thumbnails/2.png\n'}
[1.227050] (two_wheeled_robot) StdoutLine: {'line': b'-- Up-to-date: /home/greyflon/lab_2025/install/two_wheeled_robot/share/two_wheeled_robot/models/Shower/thumbnails/4.png\n'}
[1.227249] (two_wheeled_robot) StdoutLine: {'line': b'-- Up-to-date: /home/greyflon/lab_2025/install/two_wheeled_robot/share/two_wheeled_robot/models/Shower/thumbnails/3.png\n'}
[1.227442] (two_wheeled_robot) StdoutLine: {'line': b'-- Up-to-date: /home/greyflon/lab_2025/install/two_wheeled_robot/share/two_wheeled_robot/models/Shower/model.sdf\n'}
[1.227637] (two_wheeled_robot) StdoutLine: {'line': b'-- Up-to-date: /home/greyflon/lab_2025/install/two_wheeled_robot/share/two_wheeled_robot/models/aws_robomaker_residential_Trash_01\n'}
[1.227965] (two_wheeled_robot) StdoutLine: {'line': b'-- Up-to-date: /home/greyflon/lab_2025/install/two_wheeled_robot/share/two_wheeled_robot/models/aws_robomaker_residential_Trash_01/model.config\n'}
[1.228142] (two_wheeled_robot) StdoutLine: {'line': b'-- Up-to-date: /home/greyflon/lab_2025/install/two_wheeled_robot/share/two_wheeled_robot/models/aws_robomaker_residential_Trash_01/meshes\n'}
[1.228338] (two_wheeled_robot) StdoutLine: {'line': b'-- Up-to-date: /home/greyflon/lab_2025/install/two_wheeled_robot/share/two_wheeled_robot/models/aws_robomaker_residential_Trash_01/meshes/aws_Trash_01_visual.DAE\n'}
[1.228611] (two_wheeled_robot) StdoutLine: {'line': b'-- Up-to-date: /home/greyflon/lab_2025/install/two_wheeled_robot/share/two_wheeled_robot/models/aws_robomaker_residential_Trash_01/meshes/aws_Trash_01_collision.DAE\n'}
[1.228812] (two_wheeled_robot) StdoutLine: {'line': b'-- Up-to-date: /home/greyflon/lab_2025/install/two_wheeled_robot/share/two_wheeled_robot/models/aws_robomaker_residential_Trash_01/materials\n'}
[1.228980] (two_wheeled_robot) StdoutLine: {'line': b'-- Up-to-date: /home/greyflon/lab_2025/install/two_wheeled_robot/share/two_wheeled_robot/models/aws_robomaker_residential_Trash_01/materials/textures\n'}
[1.229135] (two_wheeled_robot) StdoutLine: {'line': b'-- Up-to-date: /home/greyflon/lab_2025/install/two_wheeled_robot/share/two_wheeled_robot/models/aws_robomaker_residential_Trash_01/materials/textures/aws_Trash_01.png\n'}
[1.229291] (two_wheeled_robot) StdoutLine: {'line': b'-- Up-to-date: /home/greyflon/lab_2025/install/two_wheeled_robot/share/two_wheeled_robot/models/aws_robomaker_residential_Trash_01/model.sdf\n'}
[1.229446] (two_wheeled_robot) StdoutLine: {'line': b'-- Up-to-date: /home/greyflon/lab_2025/install/two_wheeled_robot/share/two_wheeled_robot/models/asphalt_plane\n'}
[1.259987] (two_wheeled_robot) StdoutLine: {'line': b'-- Up-to-date: /home/greyflon/lab_2025/install/two_wheeled_robot/share/two_wheeled_robot/models/asphalt_plane/model-1_4.sdf\n'}
[1.260343] (two_wheeled_robot) StdoutLine: {'line': b'-- Up-to-date: /home/greyflon/lab_2025/install/two_wheeled_robot/share/two_wheeled_robot/models/asphalt_plane/model.config\n'}
[1.260546] (two_wheeled_robot) StdoutLine: {'line': b'-- Up-to-date: /home/greyflon/lab_2025/install/two_wheeled_robot/share/two_wheeled_robot/models/asphalt_plane/materials\n'}
[1.260862] (two_wheeled_robot) StdoutLine: {'line': b'-- Up-to-date: /home/greyflon/lab_2025/install/two_wheeled_robot/share/two_wheeled_robot/models/asphalt_plane/materials/scripts\n'}
[1.261066] (two_wheeled_robot) StdoutLine: {'line': b'-- Up-to-date: /home/greyflon/lab_2025/install/two_wheeled_robot/share/two_wheeled_robot/models/asphalt_plane/materials/scripts/asphalt.material\n'}
[1.261265] (two_wheeled_robot) StdoutLine: {'line': b'-- Up-to-date: /home/greyflon/lab_2025/install/two_wheeled_robot/share/two_wheeled_robot/models/asphalt_plane/materials/textures\n'}
[1.261547] (two_wheeled_robot) StdoutLine: {'line': b'-- Up-to-date: /home/greyflon/lab_2025/install/two_wheeled_robot/share/two_wheeled_robot/models/asphalt_plane/materials/textures/tarmac.png\n'}
[1.261786] (two_wheeled_robot) StdoutLine: {'line': b'-- Up-to-date: /home/greyflon/lab_2025/install/two_wheeled_robot/share/two_wheeled_robot/models/asphalt_plane/model.sdf\n'}
[1.261981] (two_wheeled_robot) StdoutLine: {'line': b'-- Up-to-date: /home/greyflon/lab_2025/install/two_wheeled_robot/share/two_wheeled_robot/models/StorageRackCoverOpen\n'}
[1.266673] (two_wheeled_robot) StdoutLine: {'line': b'-- Up-to-date: /home/greyflon/lab_2025/install/two_wheeled_robot/share/two_wheeled_robot/models/StorageRackCoverOpen/model.config\n'}
[1.266941] (two_wheeled_robot) StdoutLine: {'line': b'-- Up-to-date: /home/greyflon/lab_2025/install/two_wheeled_robot/share/two_wheeled_robot/models/StorageRackCoverOpen/meshes\n'}
[1.267229] (two_wheeled_robot) StdoutLine: {'line': b'-- Up-to-date: /home/greyflon/lab_2025/install/two_wheeled_robot/share/two_wheeled_robot/models/StorageRackCoverOpen/meshes/StorageRackCoverOpen.obj\n'}
[1.267539] (two_wheeled_robot) StdoutLine: {'line': b'-- Up-to-date: /home/greyflon/lab_2025/install/two_wheeled_robot/share/two_wheeled_robot/models/StorageRackCoverOpen/meshes/StorageRackCoverOpen.png\n'}
[1.267745] (two_wheeled_robot) StdoutLine: {'line': b'-- Up-to-date: /home/greyflon/lab_2025/install/two_wheeled_robot/share/two_wheeled_robot/models/StorageRackCoverOpen/meshes/StorageRackCoverOpen.mtl\n'}
[1.268102] (two_wheeled_robot) StdoutLine: {'line': b'-- Up-to-date: /home/greyflon/lab_2025/install/two_wheeled_robot/share/two_wheeled_robot/models/StorageRackCoverOpen/thumbnails\n'}
[1.268267] (two_wheeled_robot) StdoutLine: {'line': b'-- Up-to-date: /home/greyflon/lab_2025/install/two_wheeled_robot/share/two_wheeled_robot/models/StorageRackCoverOpen/thumbnails/5.png\n'}
[1.268422] (two_wheeled_robot) StdoutLine: {'line': b'-- Up-to-date: /home/greyflon/lab_2025/install/two_wheeled_robot/share/two_wheeled_robot/models/StorageRackCoverOpen/thumbnails/1.png\n'}
[1.268607] (two_wheeled_robot) StdoutLine: {'line': b'-- Up-to-date: /home/greyflon/lab_2025/install/two_wheeled_robot/share/two_wheeled_robot/models/StorageRackCoverOpen/thumbnails/2.png\n'}
[1.268795] (two_wheeled_robot) StdoutLine: {'line': b'-- Up-to-date: /home/greyflon/lab_2025/install/two_wheeled_robot/share/two_wheeled_robot/models/StorageRackCoverOpen/thumbnails/4.png\n'}
[1.268964] (two_wheeled_robot) StdoutLine: {'line': b'-- Up-to-date: /home/greyflon/lab_2025/install/two_wheeled_robot/share/two_wheeled_robot/models/StorageRackCoverOpen/thumbnails/3.png\n'}
[1.269119] (two_wheeled_robot) StdoutLine: {'line': b'-- Up-to-date: /home/greyflon/lab_2025/install/two_wheeled_robot/share/two_wheeled_robot/models/StorageRackCoverOpen/model.sdf\n'}
[1.269275] (two_wheeled_robot) StdoutLine: {'line': b'-- Up-to-date: /home/greyflon/lab_2025/install/two_wheeled_robot/share/two_wheeled_robot/models/bin_4_dropping_task\n'}
[1.276106] (two_wheeled_robot) StdoutLine: {'line': b'-- Up-to-date: /home/greyflon/lab_2025/install/two_wheeled_robot/share/two_wheeled_robot/models/bin_4_dropping_task/model.config\n'}
[1.276304] (two_wheeled_robot) StdoutLine: {'line': b'-- Up-to-date: /home/greyflon/lab_2025/install/two_wheeled_robot/share/two_wheeled_robot/models/bin_4_dropping_task/meshes\n'}
[1.276538] (two_wheeled_robot) StdoutLine: {'line': b'-- Up-to-date: /home/greyflon/lab_2025/install/two_wheeled_robot/share/two_wheeled_robot/models/bin_4_dropping_task/meshes/bin_4_dropping_task.dae\n'}
[1.276715] (two_wheeled_robot) StdoutLine: {'line': b'-- Up-to-date: /home/greyflon/lab_2025/install/two_wheeled_robot/share/two_wheeled_robot/models/bin_4_dropping_task/model.sdf\n'}
[1.276883] (two_wheeled_robot) StdoutLine: {'line': b'-- Up-to-date: /home/greyflon/lab_2025/install/two_wheeled_robot/share/two_wheeled_robot/models/SurgicalTrolleyMed\n'}
[1.277113] (two_wheeled_robot) StdoutLine: {'line': b'-- Up-to-date: /home/greyflon/lab_2025/install/two_wheeled_robot/share/two_wheeled_robot/models/SurgicalTrolleyMed/model.config\n'}
[1.277258] (two_wheeled_robot) StdoutLine: {'line': b'-- Up-to-date: /home/greyflon/lab_2025/install/two_wheeled_robot/share/two_wheeled_robot/models/SurgicalTrolleyMed/meshes\n'}
[1.277489] (two_wheeled_robot) StdoutLine: {'line': b'-- Up-to-date: /home/greyflon/lab_2025/install/two_wheeled_robot/share/two_wheeled_robot/models/SurgicalTrolleyMed/meshes/SurgicalTrolleyMed_Col.obj\n'}
[1.277756] (two_wheeled_robot) StdoutLine: {'line': b'-- Up-to-date: /home/greyflon/lab_2025/install/two_wheeled_robot/share/two_wheeled_robot/models/SurgicalTrolleyMed/meshes/SurgicalTrolleyMed.obj\n'}
[1.278048] (two_wheeled_robot) StdoutLine: {'line': b'-- Up-to-date: /home/greyflon/lab_2025/install/two_wheeled_robot/share/two_wheeled_robot/models/SurgicalTrolleyMed/meshes/SurgicalTrolleyMed_Diffuse.png\n'}
[1.278252] (two_wheeled_robot) StdoutLine: {'line': b'-- Up-to-date: /home/greyflon/lab_2025/install/two_wheeled_robot/share/two_wheeled_robot/models/SurgicalTrolleyMed/meshes/SurgicalTrolleyMed_Col.mtl\n'}
[1.278422] (two_wheeled_robot) StdoutLine: {'line': b'-- Up-to-date: /home/greyflon/lab_2025/install/two_wheeled_robot/share/two_wheeled_robot/models/SurgicalTrolleyMed/meshes/SurgicalTrolleyMed.mtl\n'}
[1.278590] (two_wheeled_robot) StdoutLine: {'line': b'-- Up-to-date: /home/greyflon/lab_2025/install/two_wheeled_robot/share/two_wheeled_robot/models/SurgicalTrolleyMed/thumbnails\n'}
[1.278860] (two_wheeled_robot) StdoutLine: {'line': b'-- Up-to-date: /home/greyflon/lab_2025/install/two_wheeled_robot/share/two_wheeled_robot/models/SurgicalTrolleyMed/thumbnails/5.png\n'}
[1.279041] (two_wheeled_robot) StdoutLine: {'line': b'-- Up-to-date: /home/greyflon/lab_2025/install/two_wheeled_robot/share/two_wheeled_robot/models/SurgicalTrolleyMed/thumbnails/1.png\n'}
[1.279201] (two_wheeled_robot) StdoutLine: {'line': b'-- Up-to-date: /home/greyflon/lab_2025/install/two_wheeled_robot/share/two_wheeled_robot/models/SurgicalTrolleyMed/thumbnails/2.png\n'}
[1.279355] (two_wheeled_robot) StdoutLine: {'line': b'-- Up-to-date: /home/greyflon/lab_2025/install/two_wheeled_robot/share/two_wheeled_robot/models/SurgicalTrolleyMed/thumbnails/4.png\n'}
[1.279512] (two_wheeled_robot) StdoutLine: {'line': b'-- Up-to-date: /home/greyflon/lab_2025/install/two_wheeled_robot/share/two_wheeled_robot/models/SurgicalTrolleyMed/thumbnails/3.png\n'}
[1.279670] (two_wheeled_robot) StdoutLine: {'line': b'-- Up-to-date: /home/greyflon/lab_2025/install/two_wheeled_robot/share/two_wheeled_robot/models/SurgicalTrolleyMed/model.sdf\n'}
[1.279860] (two_wheeled_robot) StdoutLine: {'line': b'-- Up-to-date: /home/greyflon/lab_2025/install/two_wheeled_robot/share/two_wheeled_robot/models/pine_tree\n'}
[1.295654] (two_wheeled_robot) StdoutLine: {'line': b'-- Up-to-date: /home/greyflon/lab_2025/install/two_wheeled_robot/share/two_wheeled_robot/models/pine_tree/model.config\n'}
[1.295926] (two_wheeled_robot) StdoutLine: {'line': b'-- Up-to-date: /home/greyflon/lab_2025/install/two_wheeled_robot/share/two_wheeled_robot/models/pine_tree/meshes\n'}
[1.296163] (two_wheeled_robot) StdoutLine: {'line': b'-- Up-to-date: /home/greyflon/lab_2025/install/two_wheeled_robot/share/two_wheeled_robot/models/pine_tree/meshes/pine_tree.dae\n'}
[1.296348] (two_wheeled_robot) StdoutLine: {'line': b'-- Up-to-date: /home/greyflon/lab_2025/install/two_wheeled_robot/share/two_wheeled_robot/models/pine_tree/materials\n'}
[1.296498] (two_wheeled_robot) StdoutLine: {'line': b'-- Up-to-date: /home/greyflon/lab_2025/install/two_wheeled_robot/share/two_wheeled_robot/models/pine_tree/materials/scripts\n'}
[1.296729] (two_wheeled_robot) StdoutLine: {'line': b'-- Up-to-date: /home/greyflon/lab_2025/install/two_wheeled_robot/share/two_wheeled_robot/models/pine_tree/materials/scripts/pine_tree.material\n'}
[1.296974] (two_wheeled_robot) StdoutLine: {'line': b'-- Up-to-date: /home/greyflon/lab_2025/install/two_wheeled_robot/share/two_wheeled_robot/models/pine_tree/materials/textures\n'}
[1.297162] (two_wheeled_robot) StdoutLine: {'line': b'-- Up-to-date: /home/greyflon/lab_2025/install/two_wheeled_robot/share/two_wheeled_robot/models/pine_tree/materials/textures/branch_2_diffuse.png\n'}
[1.297310] (two_wheeled_robot) StdoutLine: {'line': b'-- Up-to-date: /home/greyflon/lab_2025/install/two_wheeled_robot/share/two_wheeled_robot/models/pine_tree/materials/textures/bark_diffuse.png\n'}
[1.297528] (two_wheeled_robot) StdoutLine: {'line': b'-- Up-to-date: /home/greyflon/lab_2025/install/two_wheeled_robot/share/two_wheeled_robot/models/pine_tree/model.sdf\n'}
[1.297706] (two_wheeled_robot) StdoutLine: {'line': b'-- Up-to-date: /home/greyflon/lab_2025/install/two_wheeled_robot/share/two_wheeled_robot/models/elegant_female2\n'}
[1.297975] (two_wheeled_robot) StdoutLine: {'line': b'-- Up-to-date: /home/greyflon/lab_2025/install/two_wheeled_robot/share/two_wheeled_robot/models/elegant_female2/model.config\n'}
[1.298142] (two_wheeled_robot) StdoutLine: {'line': b'-- Up-to-date: /home/greyflon/lab_2025/install/two_wheeled_robot/share/two_wheeled_robot/models/elegant_female2/meshes\n'}
[1.298321] (two_wheeled_robot) StdoutLine: {'line': b'-- Up-to-date: /home/greyflon/lab_2025/install/two_wheeled_robot/share/two_wheeled_robot/models/elegant_female2/meshes/elegant_female2.png\n'}
[1.298549] (two_wheeled_robot) StdoutLine: {'line': b'-- Up-to-date: /home/greyflon/lab_2025/install/two_wheeled_robot/share/two_wheeled_robot/models/elegant_female2/meshes/elegant_female2.dae\n'}
[1.298812] (two_wheeled_robot) StdoutLine: {'line': b'-- Up-to-date: /home/greyflon/lab_2025/install/two_wheeled_robot/share/two_wheeled_robot/models/elegant_female2/materials\n'}
[1.299092] (two_wheeled_robot) StdoutLine: {'line': b'-- Up-to-date: /home/greyflon/lab_2025/install/two_wheeled_robot/share/two_wheeled_robot/models/elegant_female2/materials/textures\n'}
[1.299299] (two_wheeled_robot) StdoutLine: {'line': b'-- Up-to-date: /home/greyflon/lab_2025/install/two_wheeled_robot/share/two_wheeled_robot/models/elegant_female2/materials/textures/eyelashes01.png\n'}
[1.299466] (two_wheeled_robot) StdoutLine: {'line': b'-- Up-to-date: /home/greyflon/lab_2025/install/two_wheeled_robot/share/two_wheeled_robot/models/elegant_female2/materials/textures/braid01_diffuse.png\n'}
[1.299640] (two_wheeled_robot) StdoutLine: {'line': b'-- Up-to-date: /home/greyflon/lab_2025/install/two_wheeled_robot/share/two_wheeled_robot/models/elegant_female2/materials/textures/female_elegantsuit01_normal.png\n'}
[1.299914] (two_wheeled_robot) StdoutLine: {'line': b'-- Up-to-date: /home/greyflon/lab_2025/install/two_wheeled_robot/share/two_wheeled_robot/models/elegant_female2/materials/textures/shoes03_diffuse.png\n'}
[1.300086] (two_wheeled_robot) StdoutLine: {'line': b'-- Up-to-date: /home/greyflon/lab_2025/install/two_wheeled_robot/share/two_wheeled_robot/models/elegant_female2/materials/textures/female_elegantsuit01_diffuse.png\n'}
[1.300260] (two_wheeled_robot) StdoutLine: {'line': b'-- Up-to-date: /home/greyflon/lab_2025/install/two_wheeled_robot/share/two_wheeled_robot/models/elegant_female2/materials/textures/brown_eye.png\n'}
[1.300430] (two_wheeled_robot) StdoutLine: {'line': b'-- Up-to-date: /home/greyflon/lab_2025/install/two_wheeled_robot/share/two_wheeled_robot/models/elegant_female2/materials/textures/eyebrow003.png\n'}
[1.300598] (two_wheeled_robot) StdoutLine: {'line': b'-- Up-to-date: /home/greyflon/lab_2025/install/two_wheeled_robot/share/two_wheeled_robot/models/elegant_female2/materials/textures/young_darkskinned_female_diffuse.png\n'}
[1.300843] (two_wheeled_robot) StdoutLine: {'line': b'-- Up-to-date: /home/greyflon/lab_2025/install/two_wheeled_robot/share/two_wheeled_robot/models/elegant_female2/model.sdf\n'}
[1.301017] (two_wheeled_robot) StdoutLine: {'line': b'-- Up-to-date: /home/greyflon/lab_2025/install/two_wheeled_robot/share/two_wheeled_robot/models/casual_male\n'}
[1.301171] (two_wheeled_robot) StdoutLine: {'line': b'-- Up-to-date: /home/greyflon/lab_2025/install/two_wheeled_robot/share/two_wheeled_robot/models/casual_male/model.config\n'}
[1.301347] (two_wheeled_robot) StdoutLine: {'line': b'-- Up-to-date: /home/greyflon/lab_2025/install/two_wheeled_robot/share/two_wheeled_robot/models/casual_male/meshes\n'}
[1.301512] (two_wheeled_robot) StdoutLine: {'line': b'-- Up-to-date: /home/greyflon/lab_2025/install/two_wheeled_robot/share/two_wheeled_robot/models/casual_male/meshes/casual_male.dae\n'}
[1.301678] (two_wheeled_robot) StdoutLine: {'line': b'-- Up-to-date: /home/greyflon/lab_2025/install/two_wheeled_robot/share/two_wheeled_robot/models/casual_male/materials\n'}
[1.301966] (two_wheeled_robot) StdoutLine: {'line': b'-- Up-to-date: /home/greyflon/lab_2025/install/two_wheeled_robot/share/two_wheeled_robot/models/casual_male/materials/textures\n'}
[1.302179] (two_wheeled_robot) StdoutLine: {'line': b'-- Up-to-date: /home/greyflon/lab_2025/install/two_wheeled_robot/share/two_wheeled_robot/models/casual_male/materials/textures/shoes01_normal.png\n'}
[1.302351] (two_wheeled_robot) StdoutLine: {'line': b'-- Up-to-date: /home/greyflon/lab_2025/install/two_wheeled_robot/share/two_wheeled_robot/models/casual_male/materials/textures/middleage_lightskinned_male_diffuse.png\n'}
[1.302512] (-) TimerEvent: {}
[1.302794] (two_wheeled_robot) StdoutLine: {'line': b'-- Up-to-date: /home/greyflon/lab_2025/install/two_wheeled_robot/share/two_wheeled_robot/models/casual_male/materials/textures/eyebrow005.png\n'}
[1.303081] (two_wheeled_robot) StdoutLine: {'line': b'-- Up-to-date: /home/greyflon/lab_2025/install/two_wheeled_robot/share/two_wheeled_robot/models/casual_male/materials/textures/male_casualsuit01_diffuse.png\n'}
[1.303281] (two_wheeled_robot) StdoutLine: {'line': b'-- Up-to-date: /home/greyflon/lab_2025/install/two_wheeled_robot/share/two_wheeled_robot/models/casual_male/materials/textures/male_casualsuit01_normal.png\n'}
[1.303489] (two_wheeled_robot) StdoutLine: {'line': b'-- Up-to-date: /home/greyflon/lab_2025/install/two_wheeled_robot/share/two_wheeled_robot/models/casual_male/materials/textures/brown_eye.png\n'}
[1.303731] (two_wheeled_robot) StdoutLine: {'line': b'-- Up-to-date: /home/greyflon/lab_2025/install/two_wheeled_robot/share/two_wheeled_robot/models/casual_male/materials/textures/shoes01_diffuse.png\n'}
[1.303939] (two_wheeled_robot) StdoutLine: {'line': b'-- Up-to-date: /home/greyflon/lab_2025/install/two_wheeled_robot/share/two_wheeled_robot/models/casual_male/model.sdf\n'}
[1.304118] (two_wheeled_robot) StdoutLine: {'line': b'-- Up-to-date: /home/greyflon/lab_2025/install/two_wheeled_robot/share/two_wheeled_robot/models/aws_robomaker_residential_Curtain_01\n'}
[1.304290] (two_wheeled_robot) StdoutLine: {'line': b'-- Up-to-date: /home/greyflon/lab_2025/install/two_wheeled_robot/share/two_wheeled_robot/models/aws_robomaker_residential_Curtain_01/model.config\n'}
[1.304465] (two_wheeled_robot) StdoutLine: {'line': b'-- Up-to-date: /home/greyflon/lab_2025/install/two_wheeled_robot/share/two_wheeled_robot/models/aws_robomaker_residential_Curtain_01/meshes\n'}
[1.304635] (two_wheeled_robot) StdoutLine: {'line': b'-- Up-to-date: /home/greyflon/lab_2025/install/two_wheeled_robot/share/two_wheeled_robot/models/aws_robomaker_residential_Curtain_01/meshes/aws_Curtain_01_visual.DAE\n'}
[1.304840] (two_wheeled_robot) StdoutLine: {'line': b'-- Up-to-date: /home/greyflon/lab_2025/install/two_wheeled_robot/share/two_wheeled_robot/models/aws_robomaker_residential_Curtain_01/meshes/aws_Curtain_01_collision.DAE\n'}
[1.305024] (two_wheeled_robot) StdoutLine: {'line': b'-- Up-to-date: /home/greyflon/lab_2025/install/two_wheeled_robot/share/two_wheeled_robot/models/aws_robomaker_residential_Curtain_01/materials\n'}
[1.305194] (two_wheeled_robot) StdoutLine: {'line': b'-- Up-to-date: /home/greyflon/lab_2025/install/two_wheeled_robot/share/two_wheeled_robot/models/aws_robomaker_residential_Curtain_01/materials/textures\n'}
[1.305438] (two_wheeled_robot) StdoutLine: {'line': b'-- Up-to-date: /home/greyflon/lab_2025/install/two_wheeled_robot/share/two_wheeled_robot/models/aws_robomaker_residential_Curtain_01/materials/textures/aws_Curtain_01.png\n'}
[1.305825] (two_wheeled_robot) StdoutLine: {'line': b'-- Up-to-date: /home/greyflon/lab_2025/install/two_wheeled_robot/share/two_wheeled_robot/models/aws_robomaker_residential_Curtain_01/model.sdf\n'}
[1.305994] (two_wheeled_robot) StdoutLine: {'line': b'-- Up-to-date: /home/greyflon/lab_2025/install/two_wheeled_robot/share/two_wheeled_robot/models/red_target\n'}
[1.306162] (two_wheeled_robot) StdoutLine: {'line': b'-- Up-to-date: /home/greyflon/lab_2025/install/two_wheeled_robot/share/two_wheeled_robot/models/red_target/model.config\n'}
[1.306329] (two_wheeled_robot) StdoutLine: {'line': b'-- Up-to-date: /home/greyflon/lab_2025/install/two_wheeled_robot/share/two_wheeled_robot/models/red_target/meshes\n'}
[1.306496] (two_wheeled_robot) StdoutLine: {'line': b'-- Up-to-date: /home/greyflon/lab_2025/install/two_wheeled_robot/share/two_wheeled_robot/models/red_target/meshes/red_target.dae\n'}
[1.306664] (two_wheeled_robot) StdoutLine: {'line': b'-- Up-to-date: /home/greyflon/lab_2025/install/two_wheeled_robot/share/two_wheeled_robot/models/red_target/model.sdf\n'}
[1.306926] (two_wheeled_robot) StdoutLine: {'line': b'-- Up-to-date: /home/greyflon/lab_2025/install/two_wheeled_robot/share/two_wheeled_robot/models/pr2\n'}
[1.307109] (two_wheeled_robot) StdoutLine: {'line': b'-- Up-to-date: /home/greyflon/lab_2025/install/two_wheeled_robot/share/two_wheeled_robot/models/pr2/model-1_2.sdf\n'}
[1.307279] (two_wheeled_robot) StdoutLine: {'line': b'-- Up-to-date: /home/greyflon/lab_2025/install/two_wheeled_robot/share/two_wheeled_robot/models/pr2/model-1_4.sdf\n'}
[1.307451] (two_wheeled_robot) StdoutLine: {'line': b'-- Up-to-date: /home/greyflon/lab_2025/install/two_wheeled_robot/share/two_wheeled_robot/models/pr2/model.config\n'}
[1.307618] (two_wheeled_robot) StdoutLine: {'line': b'-- Up-to-date: /home/greyflon/lab_2025/install/two_wheeled_robot/share/two_wheeled_robot/models/pr2/meshes\n'}
[1.307820] (two_wheeled_robot) StdoutLine: {'line': b'-- Up-to-date: /home/greyflon/lab_2025/install/two_wheeled_robot/share/two_wheeled_robot/models/pr2/meshes/base_v0\n'}
[1.308003] (two_wheeled_robot) StdoutLine: {'line': b'-- Up-to-date: /home/greyflon/lab_2025/install/two_wheeled_robot/share/two_wheeled_robot/models/pr2/meshes/base_v0/wheel.dae\n'}
[1.308321] (two_wheeled_robot) StdoutLine: {'line': b'-- Up-to-date: /home/greyflon/lab_2025/install/two_wheeled_robot/share/two_wheeled_robot/models/pr2/meshes/base_v0/caster.stl\n'}
[1.308501] (two_wheeled_robot) StdoutLine: {'line': b'-- Up-to-date: /home/greyflon/lab_2025/install/two_wheeled_robot/share/two_wheeled_robot/models/pr2/meshes/base_v0/base.dae\n'}
[1.308676] (two_wheeled_robot) StdoutLine: {'line': b'-- Up-to-date: /home/greyflon/lab_2025/install/two_wheeled_robot/share/two_wheeled_robot/models/pr2/meshes/base_v0/caster_L.stl\n'}
[1.308888] (two_wheeled_robot) StdoutLine: {'line': b'-- Up-to-date: /home/greyflon/lab_2025/install/two_wheeled_robot/share/two_wheeled_robot/models/pr2/meshes/base_v0/wheel_h.dae\n'}
[1.309065] (two_wheeled_robot) StdoutLine: {'line': b'-- Up-to-date: /home/greyflon/lab_2025/install/two_wheeled_robot/share/two_wheeled_robot/models/pr2/meshes/base_v0/base_L.stl\n'}
[1.309232] (two_wheeled_robot) StdoutLine: {'line': b'-- Up-to-date: /home/greyflon/lab_2025/install/two_wheeled_robot/share/two_wheeled_robot/models/pr2/meshes/base_v0/pr2_wheel.stl\n'}
[1.309533] (two_wheeled_robot) StdoutLine: {'line': b'-- Up-to-date: /home/greyflon/lab_2025/install/two_wheeled_robot/share/two_wheeled_robot/models/pr2/meshes/base_v0/wheel.stl\n'}
[1.309916] (two_wheeled_robot) StdoutLine: {'line': b'-- Up-to-date: /home/greyflon/lab_2025/install/two_wheeled_robot/share/two_wheeled_robot/models/pr2/meshes/base_v0/base.stl\n'}
[1.310092] (two_wheeled_robot) StdoutLine: {'line': b'-- Up-to-date: /home/greyflon/lab_2025/install/two_wheeled_robot/share/two_wheeled_robot/models/pr2/meshes/sensors\n'}
[1.310242] (two_wheeled_robot) StdoutLine: {'line': b'-- Up-to-date: /home/greyflon/lab_2025/install/two_wheeled_robot/share/two_wheeled_robot/models/pr2/meshes/sensors/kinect_prosilica_v0\n'}
[1.310503] (two_wheeled_robot) StdoutLine: {'line': b'-- Up-to-date: /home/greyflon/lab_2025/install/two_wheeled_robot/share/two_wheeled_robot/models/pr2/meshes/sensors/kinect_prosilica_v0/68-04546_Kinect_Sensor--coarse.STL\n'}
[1.310656] (two_wheeled_robot) StdoutLine: {'line': b'-- Up-to-date: /home/greyflon/lab_2025/install/two_wheeled_robot/share/two_wheeled_robot/models/pr2/meshes/sensors/kinect_prosilica_v0/Prosilica_w_Lens--coarse.STL\n'}
[1.310835] (two_wheeled_robot) StdoutLine: {'line': b'-- Up-to-date: /home/greyflon/lab_2025/install/two_wheeled_robot/share/two_wheeled_robot/models/pr2/meshes/sensors/kinect_prosilica_v0/115x100_swept_back--coarse.STL\n'}
[1.310992] (two_wheeled_robot) StdoutLine: {'line': b'-- Up-to-date: /home/greyflon/lab_2025/install/two_wheeled_robot/share/two_wheeled_robot/models/pr2/meshes/tilting_laser_v0\n'}
[1.311142] (two_wheeled_robot) StdoutLine: {'line': b'-- Up-to-date: /home/greyflon/lab_2025/install/two_wheeled_robot/share/two_wheeled_robot/models/pr2/meshes/tilting_laser_v0/tilting_hokuyo.stl\n'}
[1.311300] (two_wheeled_robot) StdoutLine: {'line': b'-- Up-to-date: /home/greyflon/lab_2025/install/two_wheeled_robot/share/two_wheeled_robot/models/pr2/meshes/tilting_laser_v0/tilting_hokuyo_L.stl\n'}
[1.311451] (two_wheeled_robot) StdoutLine: {'line': b'-- Up-to-date: /home/greyflon/lab_2025/install/two_wheeled_robot/share/two_wheeled_robot/models/pr2/meshes/tilting_laser_v0/hok_tilt.stl\n'}
[1.311599] (two_wheeled_robot) StdoutLine: {'line': b'-- Up-to-date: /home/greyflon/lab_2025/install/two_wheeled_robot/share/two_wheeled_robot/models/pr2/meshes/tilting_laser_v0/tilting_hokuyo.dae\n'}
[1.311792] (two_wheeled_robot) StdoutLine: {'line': b'-- Up-to-date: /home/greyflon/lab_2025/install/two_wheeled_robot/share/two_wheeled_robot/models/pr2/meshes/torso_v0\n'}
[1.311954] (two_wheeled_robot) StdoutLine: {'line': b'-- Up-to-date: /home/greyflon/lab_2025/install/two_wheeled_robot/share/two_wheeled_robot/models/pr2/meshes/torso_v0/torso_lift.dae\n'}
[1.312109] (two_wheeled_robot) StdoutLine: {'line': b'-- Up-to-date: /home/greyflon/lab_2025/install/two_wheeled_robot/share/two_wheeled_robot/models/pr2/meshes/torso_v0/torso.stl\n'}
[1.312265] (two_wheeled_robot) StdoutLine: {'line': b'-- Up-to-date: /home/greyflon/lab_2025/install/two_wheeled_robot/share/two_wheeled_robot/models/pr2/meshes/torso_v0/torso_lift.stl\n'}
[1.312416] (two_wheeled_robot) StdoutLine: {'line': b'-- Up-to-date: /home/greyflon/lab_2025/install/two_wheeled_robot/share/two_wheeled_robot/models/pr2/meshes/torso_v0/torso_lift_L.stl\n'}
[1.312577] (two_wheeled_robot) StdoutLine: {'line': b'-- Up-to-date: /home/greyflon/lab_2025/install/two_wheeled_robot/share/two_wheeled_robot/models/pr2/meshes/shoulder_v0\n'}
[1.312742] (two_wheeled_robot) StdoutLine: {'line': b'-- Up-to-date: /home/greyflon/lab_2025/install/two_wheeled_robot/share/two_wheeled_robot/models/pr2/meshes/shoulder_v0/upper_arm_roll_L.stl\n'}
[1.312913] (two_wheeled_robot) StdoutLine: {'line': b'-- Up-to-date: /home/greyflon/lab_2025/install/two_wheeled_robot/share/two_wheeled_robot/models/pr2/meshes/shoulder_v0/shoulder_yaw.stl\n'}
[1.313065] (two_wheeled_robot) StdoutLine: {'line': b'-- Up-to-date: /home/greyflon/lab_2025/install/two_wheeled_robot/share/two_wheeled_robot/models/pr2/meshes/shoulder_v0/shoulder_lift.stl\n'}
[1.313218] (two_wheeled_robot) StdoutLine: {'line': b'-- Up-to-date: /home/greyflon/lab_2025/install/two_wheeled_robot/share/two_wheeled_robot/models/pr2/meshes/shoulder_v0/upper_arm_roll.stl\n'}
[1.313371] (two_wheeled_robot) StdoutLine: {'line': b'-- Up-to-date: /home/greyflon/lab_2025/install/two_wheeled_robot/share/two_wheeled_robot/models/pr2/meshes/shoulder_v0/shoulder_pan.stl\n'}
[1.313521] (two_wheeled_robot) StdoutLine: {'line': b'-- Up-to-date: /home/greyflon/lab_2025/install/two_wheeled_robot/share/two_wheeled_robot/models/pr2/meshes/shoulder_v0/upper_arm_roll.dae\n'}
[1.313671] (two_wheeled_robot) StdoutLine: {'line': b'-- Up-to-date: /home/greyflon/lab_2025/install/two_wheeled_robot/share/two_wheeled_robot/models/pr2/meshes/shoulder_v0/shoulder_pan.dae\n'}
[1.313930] (two_wheeled_robot) StdoutLine: {'line': b'-- Up-to-date: /home/greyflon/lab_2025/install/two_wheeled_robot/share/two_wheeled_robot/models/pr2/meshes/shoulder_v0/shoulder_lift.dae\n'}
[1.314090] (two_wheeled_robot) StdoutLine: {'line': b'-- Up-to-date: /home/greyflon/lab_2025/install/two_wheeled_robot/share/two_wheeled_robot/models/pr2/meshes/head_v0\n'}
[1.314241] (two_wheeled_robot) StdoutLine: {'line': b'-- Up-to-date: /home/greyflon/lab_2025/install/two_wheeled_robot/share/two_wheeled_robot/models/pr2/meshes/head_v0/head_pan.stl\n'}
[1.314669] (two_wheeled_robot) StdoutLine: {'line': b'-- Up-to-date: /home/greyflon/lab_2025/install/two_wheeled_robot/share/two_wheeled_robot/models/pr2/meshes/head_v0/head_tilt.stl\n'}
[1.314857] (two_wheeled_robot) StdoutLine: {'line': b'-- Up-to-date: /home/greyflon/lab_2025/install/two_wheeled_robot/share/two_wheeled_robot/models/pr2/meshes/head_v0/head_tilt_L.stl\n'}
[1.315011] (two_wheeled_robot) StdoutLine: {'line': b'-- Up-to-date: /home/greyflon/lab_2025/install/two_wheeled_robot/share/two_wheeled_robot/models/pr2/meshes/head_v0/head_pan_L.stl\n'}
[1.315361] (two_wheeled_robot) StdoutLine: {'line': b'-- Up-to-date: /home/greyflon/lab_2025/install/two_wheeled_robot/share/two_wheeled_robot/models/pr2/meshes/head_v0/head_pan.dae\n'}
[1.315548] (two_wheeled_robot) StdoutLine: {'line': b'-- Up-to-date: /home/greyflon/lab_2025/install/two_wheeled_robot/share/two_wheeled_robot/models/pr2/meshes/head_v0/head_tilt.dae\n'}
[1.315695] (two_wheeled_robot) StdoutLine: {'line': b'-- Up-to-date: /home/greyflon/lab_2025/install/two_wheeled_robot/share/two_wheeled_robot/models/pr2/meshes/forearm_v0\n'}
[1.315871] (two_wheeled_robot) StdoutLine: {'line': b'-- Up-to-date: /home/greyflon/lab_2025/install/two_wheeled_robot/share/two_wheeled_robot/models/pr2/meshes/forearm_v0/wrist_roll.stl\n'}
[1.316022] (two_wheeled_robot) StdoutLine: {'line': b'-- Up-to-date: /home/greyflon/lab_2025/install/two_wheeled_robot/share/two_wheeled_robot/models/pr2/meshes/forearm_v0/forearm.stl\n'}
[1.316170] (two_wheeled_robot) StdoutLine: {'line': b'-- Up-to-date: /home/greyflon/lab_2025/install/two_wheeled_robot/share/two_wheeled_robot/models/pr2/meshes/forearm_v0/wrist_flex.stl\n'}
[1.316325] (two_wheeled_robot) StdoutLine: {'line': b'-- Up-to-date: /home/greyflon/lab_2025/install/two_wheeled_robot/share/two_wheeled_robot/models/pr2/meshes/forearm_v0/forearm.dae\n'}
[1.316483] (two_wheeled_robot) StdoutLine: {'line': b'-- Up-to-date: /home/greyflon/lab_2025/install/two_wheeled_robot/share/two_wheeled_robot/models/pr2/meshes/forearm_v0/wrist_flex.dae\n'}
[1.316642] (two_wheeled_robot) StdoutLine: {'line': b'-- Up-to-date: /home/greyflon/lab_2025/install/two_wheeled_robot/share/two_wheeled_robot/models/pr2/meshes/forearm_v0/wrist_roll_L.stl\n'}
[1.316826] (two_wheeled_robot) StdoutLine: {'line': b'-- Up-to-date: /home/greyflon/lab_2025/install/two_wheeled_robot/share/two_wheeled_robot/models/pr2/meshes/upper_arm_v0\n'}
[1.316983] (two_wheeled_robot) StdoutLine: {'line': b'-- Up-to-date: /home/greyflon/lab_2025/install/two_wheeled_robot/share/two_wheeled_robot/models/pr2/meshes/upper_arm_v0/elbow_flex.dae\n'}
[1.317133] (two_wheeled_robot) StdoutLine: {'line': b'-- Up-to-date: /home/greyflon/lab_2025/install/two_wheeled_robot/share/two_wheeled_robot/models/pr2/meshes/upper_arm_v0/upper_arm.dae\n'}
[1.317282] (two_wheeled_robot) StdoutLine: {'line': b'-- Up-to-date: /home/greyflon/lab_2025/install/two_wheeled_robot/share/two_wheeled_robot/models/pr2/meshes/upper_arm_v0/upper_arm.stl\n'}
[1.317433] (two_wheeled_robot) StdoutLine: {'line': b'-- Up-to-date: /home/greyflon/lab_2025/install/two_wheeled_robot/share/two_wheeled_robot/models/pr2/meshes/upper_arm_v0/elbow_flex.stl\n'}
[1.317583] (two_wheeled_robot) StdoutLine: {'line': b'-- Up-to-date: /home/greyflon/lab_2025/install/two_wheeled_robot/share/two_wheeled_robot/models/pr2/meshes/upper_arm_v0/forearm_roll_L.stl\n'}
[1.317801] (two_wheeled_robot) StdoutLine: {'line': b'-- Up-to-date: /home/greyflon/lab_2025/install/two_wheeled_robot/share/two_wheeled_robot/models/pr2/meshes/upper_arm_v0/forearm_roll.stl\n'}
[1.318208] (two_wheeled_robot) StdoutLine: {'line': b'-- Up-to-date: /home/greyflon/lab_2025/install/two_wheeled_robot/share/two_wheeled_robot/models/pr2/meshes/gripper_v0\n'}
[1.318363] (two_wheeled_robot) StdoutLine: {'line': b'-- Up-to-date: /home/greyflon/lab_2025/install/two_wheeled_robot/share/two_wheeled_robot/models/pr2/meshes/gripper_v0/palm_H_UV_100430.dae\n'}
[1.318512] (two_wheeled_robot) StdoutLine: {'line': b'-- Up-to-date: /home/greyflon/lab_2025/install/two_wheeled_robot/share/two_wheeled_robot/models/pr2/meshes/gripper_v0/upper_finger_l.stl\n'}
[1.318660] (two_wheeled_robot) StdoutLine: {'line': b'-- Up-to-date: /home/greyflon/lab_2025/install/two_wheeled_robot/share/two_wheeled_robot/models/pr2/meshes/gripper_v0/finger_tip_pad2_r.stl\n'}
[1.318968] (two_wheeled_robot) StdoutLine: {'line': b'-- Up-to-date: /home/greyflon/lab_2025/install/two_wheeled_robot/share/two_wheeled_robot/models/pr2/meshes/gripper_v0/l_finger_tip.dae\n'}
[1.319128] (two_wheeled_robot) StdoutLine: {'line': b'-- Up-to-date: /home/greyflon/lab_2025/install/two_wheeled_robot/share/two_wheeled_robot/models/pr2/meshes/gripper_v0/float_H_UV_100430.dae\n'}
[1.319278] (two_wheeled_robot) StdoutLine: {'line': b'-- Up-to-date: /home/greyflon/lab_2025/install/two_wheeled_robot/share/two_wheeled_robot/models/pr2/meshes/gripper_v0/l_finger.dae\n'}
[1.319427] (two_wheeled_robot) StdoutLine: {'line': b'-- Up-to-date: /home/greyflon/lab_2025/install/two_wheeled_robot/share/two_wheeled_robot/models/pr2/meshes/gripper_v0/gripper_palm.stl\n'}
[1.319578] (two_wheeled_robot) StdoutLine: {'line': b'-- Up-to-date: /home/greyflon/lab_2025/install/two_wheeled_robot/share/two_wheeled_robot/models/pr2/meshes/gripper_v0/finger_H_UV_100430.dae\n'}
[1.319743] (two_wheeled_robot) StdoutLine: {'line': b'-- Up-to-date: /home/greyflon/lab_2025/install/two_wheeled_robot/share/two_wheeled_robot/models/pr2/meshes/gripper_v0/upper_finger_r.stl\n'}
[1.320104] (two_wheeled_robot) StdoutLine: {'line': b'-- Up-to-date: /home/greyflon/lab_2025/install/two_wheeled_robot/share/two_wheeled_robot/models/pr2/meshes/gripper_v0/finger_tip_l.stl\n'}
[1.320260] (two_wheeled_robot) StdoutLine: {'line': b'-- Up-to-date: /home/greyflon/lab_2025/install/two_wheeled_robot/share/two_wheeled_robot/models/pr2/meshes/gripper_v0/gripper_palm.dae\n'}
[1.320409] (two_wheeled_robot) StdoutLine: {'line': b'-- Up-to-date: /home/greyflon/lab_2025/install/two_wheeled_robot/share/two_wheeled_robot/models/pr2/meshes/gripper_v0/finger_tip_r.stl\n'}
[1.320557] (two_wheeled_robot) StdoutLine: {'line': b'-- Up-to-date: /home/greyflon/lab_2025/install/two_wheeled_robot/share/two_wheeled_robot/models/pr2/meshes/gripper_v0/l_floating.stl\n'}
[1.320721] (two_wheeled_robot) StdoutLine: {'line': b'-- Up-to-date: /home/greyflon/lab_2025/install/two_wheeled_robot/share/two_wheeled_robot/models/pr2/meshes/gripper_v0/l_finger.stl\n'}
[1.320969] (two_wheeled_robot) StdoutLine: {'line': b'-- Up-to-date: /home/greyflon/lab_2025/install/two_wheeled_robot/share/two_wheeled_robot/models/pr2/meshes/gripper_v0/l_finger_tip.stl\n'}
[1.321111] (two_wheeled_robot) StdoutLine: {'line': b'-- Up-to-date: /home/greyflon/lab_2025/install/two_wheeled_robot/share/two_wheeled_robot/models/pr2/meshes/gripper_v0/l_float.dae\n'}
[1.321248] (two_wheeled_robot) StdoutLine: {'line': b'-- Up-to-date: /home/greyflon/lab_2025/install/two_wheeled_robot/share/two_wheeled_robot/models/pr2/meshes/gripper_v0/finger_tip_H_UV_100430.dae\n'}
[1.321384] (two_wheeled_robot) StdoutLine: {'line': b'-- Up-to-date: /home/greyflon/lab_2025/install/two_wheeled_robot/share/two_wheeled_robot/models/pr2/meshes/gripper_v0/finger_tip_pad2_l.stl\n'}
[1.321520] (two_wheeled_robot) StdoutLine: {'line': b'-- Up-to-date: /home/greyflon/lab_2025/install/two_wheeled_robot/share/two_wheeled_robot/models/pr2/materials\n'}
[1.321658] (two_wheeled_robot) StdoutLine: {'line': b'-- Up-to-date: /home/greyflon/lab_2025/install/two_wheeled_robot/share/two_wheeled_robot/models/pr2/materials/textures\n'}
[1.321846] (two_wheeled_robot) StdoutLine: {'line': b'-- Up-to-date: /home/greyflon/lab_2025/install/two_wheeled_robot/share/two_wheeled_robot/models/pr2/materials/textures/fingertip_H_Color_100430.png\n'}
[1.321991] (two_wheeled_robot) StdoutLine: {'line': b'-- Up-to-date: /home/greyflon/lab_2025/install/two_wheeled_robot/share/two_wheeled_robot/models/pr2/materials/textures/l_float_color.png\n'}
[1.322129] (two_wheeled_robot) StdoutLine: {'line': b'-- Up-to-date: /home/greyflon/lab_2025/install/two_wheeled_robot/share/two_wheeled_robot/models/pr2/materials/textures/gripper_palm_color.png\n'}
[1.322266] (two_wheeled_robot) StdoutLine: {'line': b'-- Up-to-date: /home/greyflon/lab_2025/install/two_wheeled_robot/share/two_wheeled_robot/models/pr2/materials/textures/upper_arm_color.png\n'}
[1.322405] (two_wheeled_robot) StdoutLine: {'line': b'-- Up-to-date: /home/greyflon/lab_2025/install/two_wheeled_robot/share/two_wheeled_robot/models/pr2/materials/textures/wheel_normals.png\n'}
[1.322543] (two_wheeled_robot) StdoutLine: {'line': b'-- Up-to-date: /home/greyflon/lab_2025/install/two_wheeled_robot/share/two_wheeled_robot/models/pr2/materials/textures/upper_arm_roll_normals.png\n'}
[1.322679] (two_wheeled_robot) StdoutLine: {'line': b'-- Up-to-date: /home/greyflon/lab_2025/install/two_wheeled_robot/share/two_wheeled_robot/models/pr2/materials/textures/head_tilt_green.png\n'}
[1.322851] (two_wheeled_robot) StdoutLine: {'line': b'-- Up-to-date: /home/greyflon/lab_2025/install/two_wheeled_robot/share/two_wheeled_robot/models/pr2/materials/textures/float_H_Color_100430.png\n'}
[1.322995] (two_wheeled_robot) StdoutLine: {'line': b'-- Up-to-date: /home/greyflon/lab_2025/install/two_wheeled_robot/share/two_wheeled_robot/models/pr2/materials/textures/l_finger_tip_normals.png\n'}
[1.323132] (two_wheeled_robot) StdoutLine: {'line': b'-- Up-to-date: /home/greyflon/lab_2025/install/two_wheeled_robot/share/two_wheeled_robot/models/pr2/materials/textures/wrist_color.png\n'}
[1.323268] (two_wheeled_robot) StdoutLine: {'line': b'-- Up-to-date: /home/greyflon/lab_2025/install/two_wheeled_robot/share/two_wheeled_robot/models/pr2/materials/textures/head_tilt_normals.png\n'}
[1.323404] (two_wheeled_robot) StdoutLine: {'line': b'-- Up-to-date: /home/greyflon/lab_2025/install/two_wheeled_robot/share/two_wheeled_robot/models/pr2/materials/textures/gripper_palm_normals.png\n'}
[1.323551] (two_wheeled_robot) StdoutLine: {'line': b'-- Up-to-date: /home/greyflon/lab_2025/install/two_wheeled_robot/share/two_wheeled_robot/models/pr2/materials/textures/torso_lift_normals.png\n'}
[1.323690] (two_wheeled_robot) StdoutLine: {'line': b'-- Up-to-date: /home/greyflon/lab_2025/install/two_wheeled_robot/share/two_wheeled_robot/models/pr2/materials/textures/head_tilt_color_red.png\n'}
[1.323887] (two_wheeled_robot) StdoutLine: {'line': b'-- Up-to-date: /home/greyflon/lab_2025/install/two_wheeled_robot/share/two_wheeled_robot/models/pr2/materials/textures/forearm_normals.png\n'}
[1.324038] (two_wheeled_robot) StdoutLine: {'line': b'-- Up-to-date: /home/greyflon/lab_2025/install/two_wheeled_robot/share/two_wheeled_robot/models/pr2/materials/textures/finger_H_Color_100430.png\n'}
[1.324193] (two_wheeled_robot) StdoutLine: {'line': b'-- Up-to-date: /home/greyflon/lab_2025/install/two_wheeled_robot/share/two_wheeled_robot/models/pr2/materials/textures/shoulder_pan_normals.png\n'}
[1.324374] (two_wheeled_robot) StdoutLine: {'line': b'-- Up-to-date: /home/greyflon/lab_2025/install/two_wheeled_robot/share/two_wheeled_robot/models/pr2/materials/textures/upper_arm_normals.png\n'}
[1.324534] (two_wheeled_robot) StdoutLine: {'line': b'-- Up-to-date: /home/greyflon/lab_2025/install/two_wheeled_robot/share/two_wheeled_robot/models/pr2/materials/textures/tilting_hokuyo_normals.png\n'}
[1.324683] (two_wheeled_robot) StdoutLine: {'line': b'-- Up-to-date: /home/greyflon/lab_2025/install/two_wheeled_robot/share/two_wheeled_robot/models/pr2/materials/textures/shoulder_pan_color.png\n'}
[1.324945] (two_wheeled_robot) StdoutLine: {'line': b'-- Up-to-date: /home/greyflon/lab_2025/install/two_wheeled_robot/share/two_wheeled_robot/models/pr2/materials/textures/l_float_normals.png\n'}
[1.325105] (two_wheeled_robot) StdoutLine: {'line': b'-- Up-to-date: /home/greyflon/lab_2025/install/two_wheeled_robot/share/two_wheeled_robot/models/pr2/materials/textures/wrist_normals.png\n'}
[1.325251] (two_wheeled_robot) StdoutLine: {'line': b'-- Up-to-date: /home/greyflon/lab_2025/install/two_wheeled_robot/share/two_wheeled_robot/models/pr2/materials/textures/wheel_color.png\n'}
[1.325457] (two_wheeled_robot) StdoutLine: {'line': b'-- Up-to-date: /home/greyflon/lab_2025/install/two_wheeled_robot/share/two_wheeled_robot/models/pr2/materials/textures/wheel_h_color.png\n'}
[1.325605] (two_wheeled_robot) StdoutLine: {'line': b'-- Up-to-date: /home/greyflon/lab_2025/install/two_wheeled_robot/share/two_wheeled_robot/models/pr2/materials/textures/elbow_flex_normals.png\n'}
[1.325831] (two_wheeled_robot) StdoutLine: {'line': b'-- Up-to-date: /home/greyflon/lab_2025/install/two_wheeled_robot/share/two_wheeled_robot/models/pr2/materials/textures/head_pan_color.png\n'}
[1.326037] (two_wheeled_robot) StdoutLine: {'line': b'-- Up-to-date: /home/greyflon/lab_2025/install/two_wheeled_robot/share/two_wheeled_robot/models/pr2/materials/textures/base_color.png\n'}
[1.326187] (two_wheeled_robot) StdoutLine: {'line': b'-- Up-to-date: /home/greyflon/lab_2025/install/two_wheeled_robot/share/two_wheeled_robot/models/pr2/materials/textures/l_finger_color.png\n'}
[1.326344] (two_wheeled_robot) StdoutLine: {'line': b'-- Up-to-date: /home/greyflon/lab_2025/install/two_wheeled_robot/share/two_wheeled_robot/models/pr2/materials/textures/tilting_hokuyo_color.png\n'}
[1.326494] (two_wheeled_robot) StdoutLine: {'line': b'-- Up-to-date: /home/greyflon/lab_2025/install/two_wheeled_robot/share/two_wheeled_robot/models/pr2/materials/textures/torso_lift_color.png\n'}
[1.326643] (two_wheeled_robot) StdoutLine: {'line': b'-- Up-to-date: /home/greyflon/lab_2025/install/two_wheeled_robot/share/two_wheeled_robot/models/pr2/materials/textures/palm_H_Color_100430.png\n'}
[1.326943] (two_wheeled_robot) StdoutLine: {'line': b'-- Up-to-date: /home/greyflon/lab_2025/install/two_wheeled_robot/share/two_wheeled_robot/models/pr2/materials/textures/head_tilt_color.png\n'}
[1.327104] (two_wheeled_robot) StdoutLine: {'line': b'-- Up-to-date: /home/greyflon/lab_2025/install/two_wheeled_robot/share/two_wheeled_robot/models/pr2/materials/textures/shoulder_lift_color.png\n'}
[1.327251] (two_wheeled_robot) StdoutLine: {'line': b'-- Up-to-date: /home/greyflon/lab_2025/install/two_wheeled_robot/share/two_wheeled_robot/models/pr2/materials/textures/base_normals.png\n'}
[1.327399] (two_wheeled_robot) StdoutLine: {'line': b'-- Up-to-date: /home/greyflon/lab_2025/install/two_wheeled_robot/share/two_wheeled_robot/models/pr2/materials/textures/forearm.png\n'}
[1.327555] (two_wheeled_robot) StdoutLine: {'line': b'-- Up-to-date: /home/greyflon/lab_2025/install/two_wheeled_robot/share/two_wheeled_robot/models/pr2/materials/textures/l_finger_tip_color.png\n'}
[1.327721] (two_wheeled_robot) StdoutLine: {'line': b'-- Up-to-date: /home/greyflon/lab_2025/install/two_wheeled_robot/share/two_wheeled_robot/models/pr2/materials/textures/upper_arm.png\n'}
[1.327976] (two_wheeled_robot) StdoutLine: {'line': b'-- Up-to-date: /home/greyflon/lab_2025/install/two_wheeled_robot/share/two_wheeled_robot/models/pr2/materials/textures/forearm_color.png\n'}
[1.328125] (two_wheeled_robot) StdoutLine: {'line': b'-- Up-to-date: /home/greyflon/lab_2025/install/two_wheeled_robot/share/two_wheeled_robot/models/pr2/materials/textures/head_tilt_color_yellow.png\n'}
[1.328273] (two_wheeled_robot) StdoutLine: {'line': b'-- Up-to-date: /home/greyflon/lab_2025/install/two_wheeled_robot/share/two_wheeled_robot/models/pr2/materials/textures/elbow_flex_color.png\n'}
[1.328419] (two_wheeled_robot) StdoutLine: {'line': b'-- Up-to-date: /home/greyflon/lab_2025/install/two_wheeled_robot/share/two_wheeled_robot/models/pr2/materials/textures/l_finger_normals.png\n'}
[1.328633] (two_wheeled_robot) StdoutLine: {'line': b'-- Up-to-date: /home/greyflon/lab_2025/install/two_wheeled_robot/share/two_wheeled_robot/models/pr2/materials/textures/head_pan_normals.png\n'}
[1.328870] (two_wheeled_robot) StdoutLine: {'line': b'-- Up-to-date: /home/greyflon/lab_2025/install/two_wheeled_robot/share/two_wheeled_robot/models/pr2/materials/textures/shoulder_lift_normals.png\n'}
[1.329026] (two_wheeled_robot) StdoutLine: {'line': b'-- Up-to-date: /home/greyflon/lab_2025/install/two_wheeled_robot/share/two_wheeled_robot/models/pr2/materials/textures/upper_arm_roll_color.png\n'}
[1.329217] (two_wheeled_robot) StdoutLine: {'line': b'-- Up-to-date: /home/greyflon/lab_2025/install/two_wheeled_robot/share/two_wheeled_robot/models/pr2/model.sdf\n'}
[1.329373] (two_wheeled_robot) StdoutLine: {'line': b'-- Up-to-date: /home/greyflon/lab_2025/install/two_wheeled_robot/share/two_wheeled_robot/models/pr2/model-1_3.sdf\n'}
[1.329530] (two_wheeled_robot) StdoutLine: {'line': b'-- Up-to-date: /home/greyflon/lab_2025/install/two_wheeled_robot/share/two_wheeled_robot/models/aws_robomaker_residential_Dumbbell_01\n'}
[1.329687] (two_wheeled_robot) StdoutLine: {'line': b'-- Up-to-date: /home/greyflon/lab_2025/install/two_wheeled_robot/share/two_wheeled_robot/models/aws_robomaker_residential_Dumbbell_01/model.config\n'}
[1.330010] (two_wheeled_robot) StdoutLine: {'line': b'-- Up-to-date: /home/greyflon/lab_2025/install/two_wheeled_robot/share/two_wheeled_robot/models/aws_robomaker_residential_Dumbbell_01/meshes\n'}
[1.330188] (two_wheeled_robot) StdoutLine: {'line': b'-- Up-to-date: /home/greyflon/lab_2025/install/two_wheeled_robot/share/two_wheeled_robot/models/aws_robomaker_residential_Dumbbell_01/meshes/aws_Dumbbell_01_visual.DAE\n'}
[1.330423] (two_wheeled_robot) StdoutLine: {'line': b'-- Up-to-date: /home/greyflon/lab_2025/install/two_wheeled_robot/share/two_wheeled_robot/models/aws_robomaker_residential_Dumbbell_01/meshes/aws_Dumbbell_01_collision.DAE\n'}
[1.330648] (two_wheeled_robot) StdoutLine: {'line': b'-- Up-to-date: /home/greyflon/lab_2025/install/two_wheeled_robot/share/two_wheeled_robot/models/aws_robomaker_residential_Dumbbell_01/materials\n'}
[1.330860] (two_wheeled_robot) StdoutLine: {'line': b'-- Up-to-date: /home/greyflon/lab_2025/install/two_wheeled_robot/share/two_wheeled_robot/models/aws_robomaker_residential_Dumbbell_01/materials/textures\n'}
[1.331052] (two_wheeled_robot) StdoutLine: {'line': b'-- Up-to-date: /home/greyflon/lab_2025/install/two_wheeled_robot/share/two_wheeled_robot/models/aws_robomaker_residential_Dumbbell_01/materials/textures/aws_Dumbbell_01.png\n'}
[1.331210] (two_wheeled_robot) StdoutLine: {'line': b'-- Up-to-date: /home/greyflon/lab_2025/install/two_wheeled_robot/share/two_wheeled_robot/models/aws_robomaker_residential_Dumbbell_01/model.sdf\n'}
[1.331366] (two_wheeled_robot) StdoutLine: {'line': b'-- Up-to-date: /home/greyflon/lab_2025/install/two_wheeled_robot/share/two_wheeled_robot/models/aws_robomaker_warehouse_ShelfD_01\n'}
[1.331522] (two_wheeled_robot) StdoutLine: {'line': b'-- Up-to-date: /home/greyflon/lab_2025/install/two_wheeled_robot/share/two_wheeled_robot/models/aws_robomaker_warehouse_ShelfD_01/model.config\n'}
[1.331676] (two_wheeled_robot) StdoutLine: {'line': b'-- Up-to-date: /home/greyflon/lab_2025/install/two_wheeled_robot/share/two_wheeled_robot/models/aws_robomaker_warehouse_ShelfD_01/meshes\n'}
[1.331925] (two_wheeled_robot) StdoutLine: {'line': b'-- Up-to-date: /home/greyflon/lab_2025/install/two_wheeled_robot/share/two_wheeled_robot/models/aws_robomaker_warehouse_ShelfD_01/meshes/aws_robomaker_warehouse_ShelfD_01_collision.DAE\n'}
[1.332147] (two_wheeled_robot) StdoutLine: {'line': b'-- Up-to-date: /home/greyflon/lab_2025/install/two_wheeled_robot/share/two_wheeled_robot/models/aws_robomaker_warehouse_ShelfD_01/meshes/aws_robomaker_warehouse_ShelfD_01_visual.DAE\n'}
[1.332308] (two_wheeled_robot) StdoutLine: {'line': b'-- Up-to-date: /home/greyflon/lab_2025/install/two_wheeled_robot/share/two_wheeled_robot/models/aws_robomaker_warehouse_ShelfD_01/materials\n'}
[1.332482] (two_wheeled_robot) StdoutLine: {'line': b'-- Up-to-date: /home/greyflon/lab_2025/install/two_wheeled_robot/share/two_wheeled_robot/models/aws_robomaker_warehouse_ShelfD_01/materials/textures\n'}
[1.332638] (two_wheeled_robot) StdoutLine: {'line': b'-- Up-to-date: /home/greyflon/lab_2025/install/two_wheeled_robot/share/two_wheeled_robot/models/aws_robomaker_warehouse_ShelfD_01/materials/textures/aws_robomaker_warehouse_ShelfD_03.png\n'}
[1.332829] (two_wheeled_robot) StdoutLine: {'line': b'-- Up-to-date: /home/greyflon/lab_2025/install/two_wheeled_robot/share/two_wheeled_robot/models/aws_robomaker_warehouse_ShelfD_01/materials/textures/aws_robomaker_warehouse_ShelfD_02.png\n'}
[1.332993] (two_wheeled_robot) StdoutLine: {'line': b'-- Up-to-date: /home/greyflon/lab_2025/install/two_wheeled_robot/share/two_wheeled_robot/models/aws_robomaker_warehouse_ShelfD_01/materials/textures/aws_robomaker_warehouse_ShelfD_01.png\n'}
[1.333149] (two_wheeled_robot) StdoutLine: {'line': b'-- Up-to-date: /home/greyflon/lab_2025/install/two_wheeled_robot/share/two_wheeled_robot/models/aws_robomaker_warehouse_ShelfD_01/materials/textures/aws_robomaker_warehouse_ShelfD_04.png\n'}
[1.333306] (two_wheeled_robot) StdoutLine: {'line': b'-- Up-to-date: /home/greyflon/lab_2025/install/two_wheeled_robot/share/two_wheeled_robot/models/aws_robomaker_warehouse_ShelfD_01/model.sdf\n'}
[1.333461] (two_wheeled_robot) StdoutLine: {'line': b'-- Up-to-date: /home/greyflon/lab_2025/install/two_wheeled_robot/share/two_wheeled_robot/models/workcell_bin\n'}
[1.333615] (two_wheeled_robot) StdoutLine: {'line': b'-- Up-to-date: /home/greyflon/lab_2025/install/two_wheeled_robot/share/two_wheeled_robot/models/workcell_bin/model.config\n'}
[1.333801] (two_wheeled_robot) StdoutLine: {'line': b'-- Up-to-date: /home/greyflon/lab_2025/install/two_wheeled_robot/share/two_wheeled_robot/models/workcell_bin/meshes\n'}
[1.333983] (two_wheeled_robot) StdoutLine: {'line': b'-- Up-to-date: /home/greyflon/lab_2025/install/two_wheeled_robot/share/two_wheeled_robot/models/workcell_bin/meshes/bin.dae\n'}
[1.334141] (two_wheeled_robot) StdoutLine: {'line': b'-- Up-to-date: /home/greyflon/lab_2025/install/two_wheeled_robot/share/two_wheeled_robot/models/workcell_bin/materials\n'}
[1.334296] (two_wheeled_robot) StdoutLine: {'line': b'-- Up-to-date: /home/greyflon/lab_2025/install/two_wheeled_robot/share/two_wheeled_robot/models/workcell_bin/materials/textures\n'}
[1.334450] (two_wheeled_robot) StdoutLine: {'line': b'-- Up-to-date: /home/greyflon/lab_2025/install/two_wheeled_robot/share/two_wheeled_robot/models/workcell_bin/materials/textures/bin.png\n'}
[1.334605] (two_wheeled_robot) StdoutLine: {'line': b'-- Up-to-date: /home/greyflon/lab_2025/install/two_wheeled_robot/share/two_wheeled_robot/models/workcell_bin/model.sdf\n'}
[1.334786] (two_wheeled_robot) StdoutLine: {'line': b'-- Up-to-date: /home/greyflon/lab_2025/install/two_wheeled_robot/share/two_wheeled_robot/models/aws_robomaker_residential_DeskPortraitD_04\n'}
[1.334959] (two_wheeled_robot) StdoutLine: {'line': b'-- Up-to-date: /home/greyflon/lab_2025/install/two_wheeled_robot/share/two_wheeled_robot/models/aws_robomaker_residential_DeskPortraitD_04/model.config\n'}
[1.335114] (two_wheeled_robot) StdoutLine: {'line': b'-- Up-to-date: /home/greyflon/lab_2025/install/two_wheeled_robot/share/two_wheeled_robot/models/aws_robomaker_residential_DeskPortraitD_04/meshes\n'}
[1.335269] (two_wheeled_robot) StdoutLine: {'line': b'-- Up-to-date: /home/greyflon/lab_2025/install/two_wheeled_robot/share/two_wheeled_robot/models/aws_robomaker_residential_DeskPortraitD_04/meshes/aws_DeskPortraitD_01_visual.DAE\n'}
[1.335424] (two_wheeled_robot) StdoutLine: {'line': b'-- Up-to-date: /home/greyflon/lab_2025/install/two_wheeled_robot/share/two_wheeled_robot/models/aws_robomaker_residential_DeskPortraitD_04/meshes/aws_DeskPortraitD_01_collision.DAE\n'}
[1.335607] (two_wheeled_robot) StdoutLine: {'line': b'-- Up-to-date: /home/greyflon/lab_2025/install/two_wheeled_robot/share/two_wheeled_robot/models/aws_robomaker_residential_DeskPortraitD_04/materials\n'}
[1.335815] (two_wheeled_robot) StdoutLine: {'line': b'-- Up-to-date: /home/greyflon/lab_2025/install/two_wheeled_robot/share/two_wheeled_robot/models/aws_robomaker_residential_DeskPortraitD_04/materials/textures\n'}
[1.335978] (two_wheeled_robot) StdoutLine: {'line': b'-- Up-to-date: /home/greyflon/lab_2025/install/two_wheeled_robot/share/two_wheeled_robot/models/aws_robomaker_residential_DeskPortraitD_04/materials/textures/aws_DeskPortraitD_02.png\n'}
[1.336135] (two_wheeled_robot) StdoutLine: {'line': b'-- Up-to-date: /home/greyflon/lab_2025/install/two_wheeled_robot/share/two_wheeled_robot/models/aws_robomaker_residential_DeskPortraitD_04/materials/textures/aws_DeskPortraitD_01.png\n'}
[1.336289] (two_wheeled_robot) StdoutLine: {'line': b'-- Up-to-date: /home/greyflon/lab_2025/install/two_wheeled_robot/share/two_wheeled_robot/models/aws_robomaker_residential_DeskPortraitD_04/materials/textures/DeskPortraitD_04.jpg\n'}
[1.336445] (two_wheeled_robot) StdoutLine: {'line': b'-- Up-to-date: /home/greyflon/lab_2025/install/two_wheeled_robot/share/two_wheeled_robot/models/aws_robomaker_residential_DeskPortraitD_04/model.sdf\n'}
[1.336598] (two_wheeled_robot) StdoutLine: {'line': b'-- Up-to-date: /home/greyflon/lab_2025/install/two_wheeled_robot/share/two_wheeled_robot/models/kitchen_dining\n'}
[1.358680] (two_wheeled_robot) StdoutLine: {'line': b'-- Up-to-date: /home/greyflon/lab_2025/install/two_wheeled_robot/share/two_wheeled_robot/models/kitchen_dining/model-1_4.sdf\n'}
[1.359005] (two_wheeled_robot) StdoutLine: {'line': b'-- Up-to-date: /home/greyflon/lab_2025/install/two_wheeled_robot/share/two_wheeled_robot/models/kitchen_dining/model.config\n'}
[1.359163] (two_wheeled_robot) StdoutLine: {'line': b'-- Up-to-date: /home/greyflon/lab_2025/install/two_wheeled_robot/share/two_wheeled_robot/models/kitchen_dining/meshes\n'}
[1.359312] (two_wheeled_robot) StdoutLine: {'line': b'-- Up-to-date: /home/greyflon/lab_2025/install/two_wheeled_robot/share/two_wheeled_robot/models/kitchen_dining/meshes/kitchen_dining.dae\n'}
[1.359461] (two_wheeled_robot) StdoutLine: {'line': b'-- Up-to-date: /home/greyflon/lab_2025/install/two_wheeled_robot/share/two_wheeled_robot/models/kitchen_dining/materials\n'}
[1.359610] (two_wheeled_robot) StdoutLine: {'line': b'-- Up-to-date: /home/greyflon/lab_2025/install/two_wheeled_robot/share/two_wheeled_robot/models/kitchen_dining/materials/textures\n'}
[1.359864] (two_wheeled_robot) StdoutLine: {'line': b'-- Up-to-date: /home/greyflon/lab_2025/install/two_wheeled_robot/share/two_wheeled_robot/models/kitchen_dining/materials/textures/__auto_40.png\n'}
[1.360202] (two_wheeled_robot) StdoutLine: {'line': b'-- Up-to-date: /home/greyflon/lab_2025/install/two_wheeled_robot/share/two_wheeled_robot/models/kitchen_dining/materials/textures/__auto_57.png\n'}
[1.360351] (two_wheeled_robot) StdoutLine: {'line': b'-- Up-to-date: /home/greyflon/lab_2025/install/two_wheeled_robot/share/two_wheeled_robot/models/kitchen_dining/materials/textures/__auto_28.png\n'}
[1.360499] (two_wheeled_robot) StdoutLine: {'line': b'-- Up-to-date: /home/greyflon/lab_2025/install/two_wheeled_robot/share/two_wheeled_robot/models/kitchen_dining/materials/textures/__auto_46.png\n'}
[1.360717] (two_wheeled_robot) StdoutLine: {'line': b'-- Up-to-date: /home/greyflon/lab_2025/install/two_wheeled_robot/share/two_wheeled_robot/models/kitchen_dining/materials/textures/__auto_52.png\n'}
[1.360988] (two_wheeled_robot) StdoutLine: {'line': b'-- Up-to-date: /home/greyflon/lab_2025/install/two_wheeled_robot/share/two_wheeled_robot/models/kitchen_dining/materials/textures/__auto_19.png\n'}
[1.361139] (two_wheeled_robot) StdoutLine: {'line': b'-- Up-to-date: /home/greyflon/lab_2025/install/two_wheeled_robot/share/two_wheeled_robot/models/kitchen_dining/materials/textures/__auto_7.png\n'}
[1.361287] (two_wheeled_robot) StdoutLine: {'line': b'-- Up-to-date: /home/greyflon/lab_2025/install/two_wheeled_robot/share/two_wheeled_robot/models/kitchen_dining/materials/textures/__auto_21.png\n'}
[1.361434] (two_wheeled_robot) StdoutLine: {'line': b'-- Up-to-date: /home/greyflon/lab_2025/install/two_wheeled_robot/share/two_wheeled_robot/models/kitchen_dining/materials/textures/__auto_45.png\n'}
[1.361695] (two_wheeled_robot) StdoutLine: {'line': b'-- Up-to-date: /home/greyflon/lab_2025/install/two_wheeled_robot/share/two_wheeled_robot/models/kitchen_dining/materials/textures/__auto_64.png\n'}
[1.361923] (two_wheeled_robot) StdoutLine: {'line': b'-- Up-to-date: /home/greyflon/lab_2025/install/two_wheeled_robot/share/two_wheeled_robot/models/kitchen_dining/materials/textures/__auto_16.png\n'}
[1.362073] (two_wheeled_robot) StdoutLine: {'line': b'-- Up-to-date: /home/greyflon/lab_2025/install/two_wheeled_robot/share/two_wheeled_robot/models/kitchen_dining/materials/textures/__auto_17.png\n'}
[1.362231] (two_wheeled_robot) StdoutLine: {'line': b'-- Up-to-date: /home/greyflon/lab_2025/install/two_wheeled_robot/share/two_wheeled_robot/models/kitchen_dining/materials/textures/__auto_53.png\n'}
[1.362381] (two_wheeled_robot) StdoutLine: {'line': b'-- Up-to-date: /home/greyflon/lab_2025/install/two_wheeled_robot/share/two_wheeled_robot/models/kitchen_dining/materials/textures/__auto_38.png\n'}
[1.362529] (two_wheeled_robot) StdoutLine: {'line': b'-- Up-to-date: /home/greyflon/lab_2025/install/two_wheeled_robot/share/two_wheeled_robot/models/kitchen_dining/materials/textures/__auto_56.png\n'}
[1.362789] (two_wheeled_robot) StdoutLine: {'line': b'-- Up-to-date: /home/greyflon/lab_2025/install/two_wheeled_robot/share/two_wheeled_robot/models/kitchen_dining/materials/textures/__auto_20.png\n'}
[1.362984] (two_wheeled_robot) StdoutLine: {'line': b'-- Up-to-date: /home/greyflon/lab_2025/install/two_wheeled_robot/share/two_wheeled_robot/models/kitchen_dining/materials/textures/__auto_44.png\n'}
[1.363127] (two_wheeled_robot) StdoutLine: {'line': b'-- Up-to-date: /home/greyflon/lab_2025/install/two_wheeled_robot/share/two_wheeled_robot/models/kitchen_dining/materials/textures/__auto_9.png\n'}
[1.363277] (two_wheeled_robot) StdoutLine: {'line': b'-- Up-to-date: /home/greyflon/lab_2025/install/two_wheeled_robot/share/two_wheeled_robot/models/kitchen_dining/materials/textures/__auto_47.png\n'}
[1.363426] (two_wheeled_robot) StdoutLine: {'line': b'-- Up-to-date: /home/greyflon/lab_2025/install/two_wheeled_robot/share/two_wheeled_robot/models/kitchen_dining/materials/textures/__auto_39.png\n'}
[1.363573] (two_wheeled_robot) StdoutLine: {'line': b'-- Up-to-date: /home/greyflon/lab_2025/install/two_wheeled_robot/share/two_wheeled_robot/models/kitchen_dining/materials/textures/__auto_29.png\n'}
[1.363740] (two_wheeled_robot) StdoutLine: {'line': b'-- Up-to-date: /home/greyflon/lab_2025/install/two_wheeled_robot/share/two_wheeled_robot/models/kitchen_dining/materials/textures/__auto_25.png\n'}
[1.363970] (two_wheeled_robot) StdoutLine: {'line': b'-- Up-to-date: /home/greyflon/lab_2025/install/two_wheeled_robot/share/two_wheeled_robot/models/kitchen_dining/materials/textures/__auto_61.png\n'}
[1.364123] (two_wheeled_robot) StdoutLine: {'line': b'-- Up-to-date: /home/greyflon/lab_2025/install/two_wheeled_robot/share/two_wheeled_robot/models/kitchen_dining/materials/textures/__auto_69.png\n'}
[1.364273] (two_wheeled_robot) StdoutLine: {'line': b'-- Up-to-date: /home/greyflon/lab_2025/install/two_wheeled_robot/share/two_wheeled_robot/models/kitchen_dining/materials/textures/__auto_1.png\n'}
[1.364422] (two_wheeled_robot) StdoutLine: {'line': b'-- Up-to-date: /home/greyflon/lab_2025/install/two_wheeled_robot/share/two_wheeled_robot/models/kitchen_dining/materials/textures/__auto_43.png\n'}
[1.364571] (two_wheeled_robot) StdoutLine: {'line': b'-- Up-to-date: /home/greyflon/lab_2025/install/two_wheeled_robot/share/two_wheeled_robot/models/kitchen_dining/materials/textures/__auto_49.png\n'}
[1.364739] (two_wheeled_robot) StdoutLine: {'line': b'-- Up-to-date: /home/greyflon/lab_2025/install/two_wheeled_robot/share/two_wheeled_robot/models/kitchen_dining/materials/textures/__auto_51.png\n'}
[1.364943] (two_wheeled_robot) StdoutLine: {'line': b'-- Up-to-date: /home/greyflon/lab_2025/install/two_wheeled_robot/share/two_wheeled_robot/models/kitchen_dining/materials/textures/__auto_42.png\n'}
[1.365101] (two_wheeled_robot) StdoutLine: {'line': b'-- Up-to-date: /home/greyflon/lab_2025/install/two_wheeled_robot/share/two_wheeled_robot/models/kitchen_dining/materials/textures/__auto_50.png\n'}
[1.365239] (two_wheeled_robot) StdoutLine: {'line': b'-- Up-to-date: /home/greyflon/lab_2025/install/two_wheeled_robot/share/two_wheeled_robot/models/kitchen_dining/materials/textures/__auto_18.png\n'}
[1.365391] (two_wheeled_robot) StdoutLine: {'line': b'-- Up-to-date: /home/greyflon/lab_2025/install/two_wheeled_robot/share/two_wheeled_robot/models/kitchen_dining/materials/textures/__auto_60.png\n'}
[1.365530] (two_wheeled_robot) StdoutLine: {'line': b'-- Up-to-date: /home/greyflon/lab_2025/install/two_wheeled_robot/share/two_wheeled_robot/models/kitchen_dining/materials/textures/__auto_30.png\n'}
[1.365668] (two_wheeled_robot) StdoutLine: {'line': b'-- Up-to-date: /home/greyflon/lab_2025/install/two_wheeled_robot/share/two_wheeled_robot/models/kitchen_dining/materials/textures/__auto_41.png\n'}
[1.365839] (two_wheeled_robot) StdoutLine: {'line': b'-- Up-to-date: /home/greyflon/lab_2025/install/two_wheeled_robot/share/two_wheeled_robot/models/kitchen_dining/materials/textures/__auto_66.png\n'}
[1.365984] (two_wheeled_robot) StdoutLine: {'line': b'-- Up-to-date: /home/greyflon/lab_2025/install/two_wheeled_robot/share/two_wheeled_robot/models/kitchen_dining/materials/textures/__auto_13.png\n'}
[1.366122] (two_wheeled_robot) StdoutLine: {'line': b'-- Up-to-date: /home/greyflon/lab_2025/install/two_wheeled_robot/share/two_wheeled_robot/models/kitchen_dining/materials/textures/__auto_14.png\n'}
[1.366259] (two_wheeled_robot) StdoutLine: {'line': b'-- Up-to-date: /home/greyflon/lab_2025/install/two_wheeled_robot/share/two_wheeled_robot/models/kitchen_dining/materials/textures/__auto_59.png\n'}
[1.366398] (two_wheeled_robot) StdoutLine: {'line': b'-- Up-to-date: /home/greyflon/lab_2025/install/two_wheeled_robot/share/two_wheeled_robot/models/kitchen_dining/materials/textures/__auto_2.png\n'}
[1.366535] (two_wheeled_robot) StdoutLine: {'line': b'-- Up-to-date: /home/greyflon/lab_2025/install/two_wheeled_robot/share/two_wheeled_robot/models/kitchen_dining/materials/textures/__auto_8.png\n'}
[1.366673] (two_wheeled_robot) StdoutLine: {'line': b'-- Up-to-date: /home/greyflon/lab_2025/install/two_wheeled_robot/share/two_wheeled_robot/models/kitchen_dining/materials/textures/__auto_24.png\n'}
[1.366857] (two_wheeled_robot) StdoutLine: {'line': b'-- Up-to-date: /home/greyflon/lab_2025/install/two_wheeled_robot/share/two_wheeled_robot/models/kitchen_dining/materials/textures/__auto_22.png\n'}
[1.367004] (two_wheeled_robot) StdoutLine: {'line': b'-- Up-to-date: /home/greyflon/lab_2025/install/two_wheeled_robot/share/two_wheeled_robot/models/kitchen_dining/model.sdf\n'}
[1.367142] (two_wheeled_robot) StdoutLine: {'line': b'-- Up-to-date: /home/greyflon/lab_2025/install/two_wheeled_robot/share/two_wheeled_robot/models/kitchen_dining/model-1_3.sdf\n'}
[1.367306] (two_wheeled_robot) StdoutLine: {'line': b'-- Up-to-date: /home/greyflon/lab_2025/install/two_wheeled_robot/share/two_wheeled_robot/models/aws_robomaker_warehouse_ClutteringC_01\n'}
[1.367445] (two_wheeled_robot) StdoutLine: {'line': b'-- Up-to-date: /home/greyflon/lab_2025/install/two_wheeled_robot/share/two_wheeled_robot/models/aws_robomaker_warehouse_ClutteringC_01/model.config\n'}
[1.367583] (two_wheeled_robot) StdoutLine: {'line': b'-- Up-to-date: /home/greyflon/lab_2025/install/two_wheeled_robot/share/two_wheeled_robot/models/aws_robomaker_warehouse_ClutteringC_01/meshes\n'}
[1.367734] (two_wheeled_robot) StdoutLine: {'line': b'-- Up-to-date: /home/greyflon/lab_2025/install/two_wheeled_robot/share/two_wheeled_robot/models/aws_robomaker_warehouse_ClutteringC_01/meshes/aws_robomaker_warehouse_ClutteringC_01_collision.DAE\n'}
[1.367895] (two_wheeled_robot) StdoutLine: {'line': b'-- Up-to-date: /home/greyflon/lab_2025/install/two_wheeled_robot/share/two_wheeled_robot/models/aws_robomaker_warehouse_ClutteringC_01/meshes/aws_robomaker_warehouse_ClutteringC_01_visual.DAE\n'}
[1.368051] (two_wheeled_robot) StdoutLine: {'line': b'-- Up-to-date: /home/greyflon/lab_2025/install/two_wheeled_robot/share/two_wheeled_robot/models/aws_robomaker_warehouse_ClutteringC_01/materials\n'}
[1.368190] (two_wheeled_robot) StdoutLine: {'line': b'-- Up-to-date: /home/greyflon/lab_2025/install/two_wheeled_robot/share/two_wheeled_robot/models/aws_robomaker_warehouse_ClutteringC_01/materials/textures\n'}
[1.368327] (two_wheeled_robot) StdoutLine: {'line': b'-- Up-to-date: /home/greyflon/lab_2025/install/two_wheeled_robot/share/two_wheeled_robot/models/aws_robomaker_warehouse_ClutteringC_01/materials/textures/aws_robomaker_warehouse_ClutteringC_01.png\n'}
[1.368465] (two_wheeled_robot) StdoutLine: {'line': b'-- Up-to-date: /home/greyflon/lab_2025/install/two_wheeled_robot/share/two_wheeled_robot/models/aws_robomaker_warehouse_ClutteringC_01/materials/textures/aws_robomaker_warehouse_ClutteringC_02.png\n'}
[1.368603] (two_wheeled_robot) StdoutLine: {'line': b'-- Up-to-date: /home/greyflon/lab_2025/install/two_wheeled_robot/share/two_wheeled_robot/models/aws_robomaker_warehouse_ClutteringC_01/model.sdf\n'}
[1.368764] (two_wheeled_robot) StdoutLine: {'line': b'-- Up-to-date: /home/greyflon/lab_2025/install/two_wheeled_robot/share/two_wheeled_robot/models/AnesthesiaMachine\n'}
[1.387873] (two_wheeled_robot) StdoutLine: {'line': b'-- Up-to-date: /home/greyflon/lab_2025/install/two_wheeled_robot/share/two_wheeled_robot/models/AnesthesiaMachine/model.config\n'}
[1.388057] (two_wheeled_robot) StdoutLine: {'line': b'-- Up-to-date: /home/greyflon/lab_2025/install/two_wheeled_robot/share/two_wheeled_robot/models/AnesthesiaMachine/meshes\n'}
[1.388251] (two_wheeled_robot) StdoutLine: {'line': b'-- Up-to-date: /home/greyflon/lab_2025/install/two_wheeled_robot/share/two_wheeled_robot/models/AnesthesiaMachine/meshes/AnesthesiaMachine.png\n'}
[1.388408] (two_wheeled_robot) StdoutLine: {'line': b'-- Up-to-date: /home/greyflon/lab_2025/install/two_wheeled_robot/share/two_wheeled_robot/models/AnesthesiaMachine/meshes/AnesthesiaMachine_Col.mtl\n'}
[1.388638] (two_wheeled_robot) StdoutLine: {'line': b'-- Up-to-date: /home/greyflon/lab_2025/install/two_wheeled_robot/share/two_wheeled_robot/models/AnesthesiaMachine/meshes/AnesthesiaMachine.obj\n'}
[1.388861] (two_wheeled_robot) StdoutLine: {'line': b'-- Up-to-date: /home/greyflon/lab_2025/install/two_wheeled_robot/share/two_wheeled_robot/models/AnesthesiaMachine/meshes/AnesthesiaMachine.mtl\n'}
[1.389019] (two_wheeled_robot) StdoutLine: {'line': b'-- Up-to-date: /home/greyflon/lab_2025/install/two_wheeled_robot/share/two_wheeled_robot/models/AnesthesiaMachine/meshes/AnesthesiaMachine_Col.obj\n'}
[1.389170] (two_wheeled_robot) StdoutLine: {'line': b'-- Up-to-date: /home/greyflon/lab_2025/install/two_wheeled_robot/share/two_wheeled_robot/models/AnesthesiaMachine/thumbnails\n'}
[1.389318] (two_wheeled_robot) StdoutLine: {'line': b'-- Up-to-date: /home/greyflon/lab_2025/install/two_wheeled_robot/share/two_wheeled_robot/models/AnesthesiaMachine/thumbnails/5.png\n'}
[1.389567] (two_wheeled_robot) StdoutLine: {'line': b'-- Up-to-date: /home/greyflon/lab_2025/install/two_wheeled_robot/share/two_wheeled_robot/models/AnesthesiaMachine/thumbnails/1.png\n'}
[1.389803] (two_wheeled_robot) StdoutLine: {'line': b'-- Up-to-date: /home/greyflon/lab_2025/install/two_wheeled_robot/share/two_wheeled_robot/models/AnesthesiaMachine/thumbnails/2.png\n'}
[1.389970] (two_wheeled_robot) StdoutLine: {'line': b'-- Up-to-date: /home/greyflon/lab_2025/install/two_wheeled_robot/share/two_wheeled_robot/models/AnesthesiaMachine/thumbnails/4.png\n'}
[1.390124] (two_wheeled_robot) StdoutLine: {'line': b'-- Up-to-date: /home/greyflon/lab_2025/install/two_wheeled_robot/share/two_wheeled_robot/models/AnesthesiaMachine/thumbnails/3.png\n'}
[1.390280] (two_wheeled_robot) StdoutLine: {'line': b'-- Up-to-date: /home/greyflon/lab_2025/install/two_wheeled_robot/share/two_wheeled_robot/models/AnesthesiaMachine/model.sdf\n'}
[1.390491] (two_wheeled_robot) StdoutLine: {'line': b'-- Up-to-date: /home/greyflon/lab_2025/install/two_wheeled_robot/share/two_wheeled_robot/models/box_target_red\n'}
[1.390634] (two_wheeled_robot) StdoutLine: {'line': b'-- Up-to-date: /home/greyflon/lab_2025/install/two_wheeled_robot/share/two_wheeled_robot/models/box_target_red/model.config\n'}
[1.390893] (two_wheeled_robot) StdoutLine: {'line': b'-- Up-to-date: /home/greyflon/lab_2025/install/two_wheeled_robot/share/two_wheeled_robot/models/box_target_red/meshes\n'}
[1.391048] (two_wheeled_robot) StdoutLine: {'line': b'-- Up-to-date: /home/greyflon/lab_2025/install/two_wheeled_robot/share/two_wheeled_robot/models/box_target_red/meshes/mesh.dae\n'}
[1.391271] (two_wheeled_robot) StdoutLine: {'line': b'-- Up-to-date: /home/greyflon/lab_2025/install/two_wheeled_robot/share/two_wheeled_robot/models/box_target_red/materials\n'}
[1.391421] (two_wheeled_robot) StdoutLine: {'line': b'-- Up-to-date: /home/greyflon/lab_2025/install/two_wheeled_robot/share/two_wheeled_robot/models/box_target_red/materials/textures\n'}
[1.391569] (two_wheeled_robot) StdoutLine: {'line': b'-- Up-to-date: /home/greyflon/lab_2025/install/two_wheeled_robot/share/two_wheeled_robot/models/box_target_red/materials/textures/end_pad.png\n'}
[1.391741] (two_wheeled_robot) StdoutLine: {'line': b'-- Up-to-date: /home/greyflon/lab_2025/install/two_wheeled_robot/share/two_wheeled_robot/models/box_target_red/model.sdf\n'}
[1.391989] (two_wheeled_robot) StdoutLine: {'line': b'-- Up-to-date: /home/greyflon/lab_2025/install/two_wheeled_robot/share/two_wheeled_robot/models/big_box2\n'}
[1.392135] (two_wheeled_robot) StdoutLine: {'line': b'-- Up-to-date: /home/greyflon/lab_2025/install/two_wheeled_robot/share/two_wheeled_robot/models/big_box2/model.config\n'}
[1.392315] (two_wheeled_robot) StdoutLine: {'line': b'-- Up-to-date: /home/greyflon/lab_2025/install/two_wheeled_robot/share/two_wheeled_robot/models/big_box2/meshes\n'}
[1.392464] (two_wheeled_robot) StdoutLine: {'line': b'-- Up-to-date: /home/greyflon/lab_2025/install/two_wheeled_robot/share/two_wheeled_robot/models/big_box2/meshes/big_box.dae\n'}
[1.392612] (two_wheeled_robot) StdoutLine: {'line': b'-- Up-to-date: /home/greyflon/lab_2025/install/two_wheeled_robot/share/two_wheeled_robot/models/big_box2/materials\n'}
[1.392880] (two_wheeled_robot) StdoutLine: {'line': b'-- Up-to-date: /home/greyflon/lab_2025/install/two_wheeled_robot/share/two_wheeled_robot/models/big_box2/materials/textures\n'}
[1.393043] (two_wheeled_robot) StdoutLine: {'line': b'-- Up-to-date: /home/greyflon/lab_2025/install/two_wheeled_robot/share/two_wheeled_robot/models/big_box2/materials/textures/barcode.png\n'}
[1.393200] (two_wheeled_robot) StdoutLine: {'line': b'-- Up-to-date: /home/greyflon/lab_2025/install/two_wheeled_robot/share/two_wheeled_robot/models/big_box2/materials/textures/Kraft_Tile.jpg\n'}
[1.393348] (two_wheeled_robot) StdoutLine: {'line': b'-- Up-to-date: /home/greyflon/lab_2025/install/two_wheeled_robot/share/two_wheeled_robot/models/big_box2/materials/textures/side2.png\n'}
[1.393498] (two_wheeled_robot) StdoutLine: {'line': b'-- Up-to-date: /home/greyflon/lab_2025/install/two_wheeled_robot/share/two_wheeled_robot/models/big_box2/materials/textures/side1.pdn\n'}
[1.393746] (two_wheeled_robot) StdoutLine: {'line': b'-- Up-to-date: /home/greyflon/lab_2025/install/two_wheeled_robot/share/two_wheeled_robot/models/big_box2/materials/textures/front.png\n'}
[1.393994] (two_wheeled_robot) StdoutLine: {'line': b'-- Up-to-date: /home/greyflon/lab_2025/install/two_wheeled_robot/share/two_wheeled_robot/models/big_box2/materials/textures/front.pdn\n'}
[1.394141] (two_wheeled_robot) StdoutLine: {'line': b'-- Up-to-date: /home/greyflon/lab_2025/install/two_wheeled_robot/share/two_wheeled_robot/models/big_box2/materials/textures/side2.pdn\n'}
[1.394298] (two_wheeled_robot) StdoutLine: {'line': b'-- Up-to-date: /home/greyflon/lab_2025/install/two_wheeled_robot/share/two_wheeled_robot/models/big_box2/materials/textures/side1.png\n'}
[1.394450] (two_wheeled_robot) StdoutLine: {'line': b'-- Up-to-date: /home/greyflon/lab_2025/install/two_wheeled_robot/share/two_wheeled_robot/models/big_box2/model.sdf\n'}
[1.394667] (two_wheeled_robot) StdoutLine: {'line': b'-- Up-to-date: /home/greyflon/lab_2025/install/two_wheeled_robot/share/two_wheeled_robot/models/aws_robomaker_residential_Tableware_01\n'}
[1.394915] (two_wheeled_robot) StdoutLine: {'line': b'-- Up-to-date: /home/greyflon/lab_2025/install/two_wheeled_robot/share/two_wheeled_robot/models/aws_robomaker_residential_Tableware_01/model.config\n'}
[1.395103] (two_wheeled_robot) StdoutLine: {'line': b'-- Up-to-date: /home/greyflon/lab_2025/install/two_wheeled_robot/share/two_wheeled_robot/models/aws_robomaker_residential_Tableware_01/meshes\n'}
[1.395243] (two_wheeled_robot) StdoutLine: {'line': b'-- Up-to-date: /home/greyflon/lab_2025/install/two_wheeled_robot/share/two_wheeled_robot/models/aws_robomaker_residential_Tableware_01/meshes/aws_Tableware_01_visual.DAE\n'}
[1.395382] (two_wheeled_robot) StdoutLine: {'line': b'-- Up-to-date: /home/greyflon/lab_2025/install/two_wheeled_robot/share/two_wheeled_robot/models/aws_robomaker_residential_Tableware_01/meshes/aws_Tableware_01_collision.DAE\n'}
[1.395521] (two_wheeled_robot) StdoutLine: {'line': b'-- Up-to-date: /home/greyflon/lab_2025/install/two_wheeled_robot/share/two_wheeled_robot/models/aws_robomaker_residential_Tableware_01/materials\n'}
[1.395657] (two_wheeled_robot) StdoutLine: {'line': b'-- Up-to-date: /home/greyflon/lab_2025/install/two_wheeled_robot/share/two_wheeled_robot/models/aws_robomaker_residential_Tableware_01/materials/textures\n'}
[1.395823] (two_wheeled_robot) StdoutLine: {'line': b'-- Up-to-date: /home/greyflon/lab_2025/install/two_wheeled_robot/share/two_wheeled_robot/models/aws_robomaker_residential_Tableware_01/materials/textures/aws_Tableware_01.png\n'}
[1.395969] (two_wheeled_robot) StdoutLine: {'line': b'-- Up-to-date: /home/greyflon/lab_2025/install/two_wheeled_robot/share/two_wheeled_robot/models/aws_robomaker_residential_Tableware_01/model.sdf\n'}
[1.396108] (two_wheeled_robot) StdoutLine: {'line': b'-- Up-to-date: /home/greyflon/lab_2025/install/two_wheeled_robot/share/two_wheeled_robot/models/aws_robomaker_residential_DeskPortraitD_01\n'}
[1.396247] (two_wheeled_robot) StdoutLine: {'line': b'-- Up-to-date: /home/greyflon/lab_2025/install/two_wheeled_robot/share/two_wheeled_robot/models/aws_robomaker_residential_DeskPortraitD_01/model.config\n'}
[1.396412] (two_wheeled_robot) StdoutLine: {'line': b'-- Up-to-date: /home/greyflon/lab_2025/install/two_wheeled_robot/share/two_wheeled_robot/models/aws_robomaker_residential_DeskPortraitD_01/meshes\n'}
[1.402600] (-) TimerEvent: {}
[1.406410] (two_wheeled_robot) StdoutLine: {'line': b'-- Up-to-date: /home/greyflon/lab_2025/install/two_wheeled_robot/share/two_wheeled_robot/models/aws_robomaker_residential_DeskPortraitD_01/meshes/aws_DeskPortraitD_01_visual.DAE\n'}
[1.406716] (two_wheeled_robot) StdoutLine: {'line': b'-- Up-to-date: /home/greyflon/lab_2025/install/two_wheeled_robot/share/two_wheeled_robot/models/aws_robomaker_residential_DeskPortraitD_01/meshes/aws_DeskPortraitD_01_collision.DAE\n'}
[1.406891] (two_wheeled_robot) StdoutLine: {'line': b'-- Up-to-date: /home/greyflon/lab_2025/install/two_wheeled_robot/share/two_wheeled_robot/models/aws_robomaker_residential_DeskPortraitD_01/materials\n'}
[1.414674] (two_wheeled_robot) StdoutLine: {'line': b'-- Up-to-date: /home/greyflon/lab_2025/install/two_wheeled_robot/share/two_wheeled_robot/models/aws_robomaker_residential_DeskPortraitD_01/materials/textures\n'}
[1.414985] (two_wheeled_robot) StdoutLine: {'line': b'-- Up-to-date: /home/greyflon/lab_2025/install/two_wheeled_robot/share/two_wheeled_robot/models/aws_robomaker_residential_DeskPortraitD_01/materials/textures/aws_DeskPortraitD_02.png\n'}
[1.415273] (two_wheeled_robot) StdoutLine: {'line': b'-- Up-to-date: /home/greyflon/lab_2025/install/two_wheeled_robot/share/two_wheeled_robot/models/aws_robomaker_residential_DeskPortraitD_01/materials/textures/aws_DeskPortraitD_01.png\n'}
[1.415455] (two_wheeled_robot) StdoutLine: {'line': b'-- Up-to-date: /home/greyflon/lab_2025/install/two_wheeled_robot/share/two_wheeled_robot/models/aws_robomaker_residential_DeskPortraitD_01/materials/textures/DeskPortraitD_01.jpg\n'}
[1.415689] (two_wheeled_robot) StdoutLine: {'line': b'-- Up-to-date: /home/greyflon/lab_2025/install/two_wheeled_robot/share/two_wheeled_robot/models/aws_robomaker_residential_DeskPortraitD_01/model.sdf\n'}
[1.415904] (two_wheeled_robot) StdoutLine: {'line': b'-- Up-to-date: /home/greyflon/lab_2025/install/two_wheeled_robot/share/two_wheeled_robot/models/BedTable\n'}
[1.416201] (two_wheeled_robot) StdoutLine: {'line': b'-- Up-to-date: /home/greyflon/lab_2025/install/two_wheeled_robot/share/two_wheeled_robot/models/BedTable/model.config\n'}
[1.416464] (two_wheeled_robot) StdoutLine: {'line': b'-- Up-to-date: /home/greyflon/lab_2025/install/two_wheeled_robot/share/two_wheeled_robot/models/BedTable/meshes\n'}
[1.416812] (two_wheeled_robot) StdoutLine: {'line': b'-- Up-to-date: /home/greyflon/lab_2025/install/two_wheeled_robot/share/two_wheeled_robot/models/BedTable/meshes/BedTable.obj\n'}
[1.417076] (two_wheeled_robot) StdoutLine: {'line': b'-- Up-to-date: /home/greyflon/lab_2025/install/two_wheeled_robot/share/two_wheeled_robot/models/BedTable/meshes/BedTable.mtl\n'}
[1.417251] (two_wheeled_robot) StdoutLine: {'line': b'-- Up-to-date: /home/greyflon/lab_2025/install/two_wheeled_robot/share/two_wheeled_robot/models/BedTable/meshes/BedTable_Diffuse.png\n'}
[1.417420] (two_wheeled_robot) StdoutLine: {'line': b'-- Up-to-date: /home/greyflon/lab_2025/install/two_wheeled_robot/share/two_wheeled_robot/models/BedTable/meshes/BedTable_SpecGloss.png\n'}
[1.417592] (two_wheeled_robot) StdoutLine: {'line': b'-- Up-to-date: /home/greyflon/lab_2025/install/two_wheeled_robot/share/two_wheeled_robot/models/BedTable/meshes/BedTable_Col.obj\n'}
[1.417862] (two_wheeled_robot) StdoutLine: {'line': b'-- Up-to-date: /home/greyflon/lab_2025/install/two_wheeled_robot/share/two_wheeled_robot/models/BedTable/meshes/BedTable.png\n'}
[1.418101] (two_wheeled_robot) StdoutLine: {'line': b'-- Up-to-date: /home/greyflon/lab_2025/install/two_wheeled_robot/share/two_wheeled_robot/models/BedTable/meshes/BedTable_Col.mtl\n'}
[1.418255] (two_wheeled_robot) StdoutLine: {'line': b'-- Up-to-date: /home/greyflon/lab_2025/install/two_wheeled_robot/share/two_wheeled_robot/models/BedTable/meshes/BedTable_Normal.png\n'}
[1.418407] (two_wheeled_robot) StdoutLine: {'line': b'-- Up-to-date: /home/greyflon/lab_2025/install/two_wheeled_robot/share/two_wheeled_robot/models/BedTable/thumbnails\n'}
[1.418556] (two_wheeled_robot) StdoutLine: {'line': b'-- Up-to-date: /home/greyflon/lab_2025/install/two_wheeled_robot/share/two_wheeled_robot/models/BedTable/thumbnails/5.png\n'}
[1.418733] (two_wheeled_robot) StdoutLine: {'line': b'-- Up-to-date: /home/greyflon/lab_2025/install/two_wheeled_robot/share/two_wheeled_robot/models/BedTable/thumbnails/1.png\n'}
[1.418931] (two_wheeled_robot) StdoutLine: {'line': b'-- Up-to-date: /home/greyflon/lab_2025/install/two_wheeled_robot/share/two_wheeled_robot/models/BedTable/thumbnails/2.png\n'}
[1.419091] (two_wheeled_robot) StdoutLine: {'line': b'-- Up-to-date: /home/greyflon/lab_2025/install/two_wheeled_robot/share/two_wheeled_robot/models/BedTable/thumbnails/4.png\n'}
[1.419240] (two_wheeled_robot) StdoutLine: {'line': b'-- Up-to-date: /home/greyflon/lab_2025/install/two_wheeled_robot/share/two_wheeled_robot/models/BedTable/thumbnails/3.png\n'}
[1.419458] (two_wheeled_robot) StdoutLine: {'line': b'-- Up-to-date: /home/greyflon/lab_2025/install/two_wheeled_robot/share/two_wheeled_robot/models/BedTable/model.sdf\n'}
[1.419739] (two_wheeled_robot) StdoutLine: {'line': b'-- Up-to-date: /home/greyflon/lab_2025/install/two_wheeled_robot/share/two_wheeled_robot/models/big_box3\n'}
[1.419920] (two_wheeled_robot) StdoutLine: {'line': b'-- Up-to-date: /home/greyflon/lab_2025/install/two_wheeled_robot/share/two_wheeled_robot/models/big_box3/model.config\n'}
[1.420072] (two_wheeled_robot) StdoutLine: {'line': b'-- Up-to-date: /home/greyflon/lab_2025/install/two_wheeled_robot/share/two_wheeled_robot/models/big_box3/meshes\n'}
[1.420425] (two_wheeled_robot) StdoutLine: {'line': b'-- Up-to-date: /home/greyflon/lab_2025/install/two_wheeled_robot/share/two_wheeled_robot/models/big_box3/meshes/big_box.dae\n'}
[1.420585] (two_wheeled_robot) StdoutLine: {'line': b'-- Up-to-date: /home/greyflon/lab_2025/install/two_wheeled_robot/share/two_wheeled_robot/models/big_box3/materials\n'}
[1.420742] (two_wheeled_robot) StdoutLine: {'line': b'-- Up-to-date: /home/greyflon/lab_2025/install/two_wheeled_robot/share/two_wheeled_robot/models/big_box3/materials/textures\n'}
[1.420927] (two_wheeled_robot) StdoutLine: {'line': b'-- Up-to-date: /home/greyflon/lab_2025/install/two_wheeled_robot/share/two_wheeled_robot/models/big_box3/materials/textures/barcode.png\n'}
[1.421085] (two_wheeled_robot) StdoutLine: {'line': b'-- Up-to-date: /home/greyflon/lab_2025/install/two_wheeled_robot/share/two_wheeled_robot/models/big_box3/materials/textures/Kraft_Tile.jpg\n'}
[1.421237] (two_wheeled_robot) StdoutLine: {'line': b'-- Up-to-date: /home/greyflon/lab_2025/install/two_wheeled_robot/share/two_wheeled_robot/models/big_box3/materials/textures/side2.png\n'}
[1.421389] (two_wheeled_robot) StdoutLine: {'line': b'-- Up-to-date: /home/greyflon/lab_2025/install/two_wheeled_robot/share/two_wheeled_robot/models/big_box3/materials/textures/side1.pdn\n'}
[1.421568] (two_wheeled_robot) StdoutLine: {'line': b'-- Up-to-date: /home/greyflon/lab_2025/install/two_wheeled_robot/share/two_wheeled_robot/models/big_box3/materials/textures/front.png\n'}
[1.422010] (two_wheeled_robot) StdoutLine: {'line': b'-- Up-to-date: /home/greyflon/lab_2025/install/two_wheeled_robot/share/two_wheeled_robot/models/big_box3/materials/textures/front.pdn\n'}
[1.422208] (two_wheeled_robot) StdoutLine: {'line': b'-- Up-to-date: /home/greyflon/lab_2025/install/two_wheeled_robot/share/two_wheeled_robot/models/big_box3/materials/textures/side2.pdn\n'}
[1.422465] (two_wheeled_robot) StdoutLine: {'line': b'-- Up-to-date: /home/greyflon/lab_2025/install/two_wheeled_robot/share/two_wheeled_robot/models/big_box3/materials/textures/side1.png\n'}
[1.422653] (two_wheeled_robot) StdoutLine: {'line': b'-- Up-to-date: /home/greyflon/lab_2025/install/two_wheeled_robot/share/two_wheeled_robot/models/big_box3/model.sdf\n'}
[1.422921] (two_wheeled_robot) StdoutLine: {'line': b'-- Up-to-date: /home/greyflon/lab_2025/install/two_wheeled_robot/share/two_wheeled_robot/models/aws_robomaker_residential_FoldingDoor_02\n'}
[1.423105] (two_wheeled_robot) StdoutLine: {'line': b'-- Up-to-date: /home/greyflon/lab_2025/install/two_wheeled_robot/share/two_wheeled_robot/models/aws_robomaker_residential_FoldingDoor_02/model.config\n'}
[1.423284] (two_wheeled_robot) StdoutLine: {'line': b'-- Up-to-date: /home/greyflon/lab_2025/install/two_wheeled_robot/share/two_wheeled_robot/models/aws_robomaker_residential_FoldingDoor_02/meshes\n'}
[1.423462] (two_wheeled_robot) StdoutLine: {'line': b'-- Up-to-date: /home/greyflon/lab_2025/install/two_wheeled_robot/share/two_wheeled_robot/models/aws_robomaker_residential_FoldingDoor_02/meshes/aws_FoldingDoor_02_collision.DAE\n'}
[1.423643] (two_wheeled_robot) StdoutLine: {'line': b'-- Up-to-date: /home/greyflon/lab_2025/install/two_wheeled_robot/share/two_wheeled_robot/models/aws_robomaker_residential_FoldingDoor_02/meshes/aws_FoldingDoor_02_visual.DAE\n'}
[1.423975] (two_wheeled_robot) StdoutLine: {'line': b'-- Up-to-date: /home/greyflon/lab_2025/install/two_wheeled_robot/share/two_wheeled_robot/models/aws_robomaker_residential_FoldingDoor_02/materials\n'}
[1.424269] (two_wheeled_robot) StdoutLine: {'line': b'-- Up-to-date: /home/greyflon/lab_2025/install/two_wheeled_robot/share/two_wheeled_robot/models/aws_robomaker_residential_FoldingDoor_02/materials/textures\n'}
[1.424486] (two_wheeled_robot) StdoutLine: {'line': b'-- Up-to-date: /home/greyflon/lab_2025/install/two_wheeled_robot/share/two_wheeled_robot/models/aws_robomaker_residential_FoldingDoor_02/materials/textures/aws_FoldingDoor_02.png\n'}
[1.424666] (two_wheeled_robot) StdoutLine: {'line': b'-- Up-to-date: /home/greyflon/lab_2025/install/two_wheeled_robot/share/two_wheeled_robot/models/aws_robomaker_residential_FoldingDoor_02/model.sdf\n'}
[1.425009] (two_wheeled_robot) StdoutLine: {'line': b'-- Up-to-date: /home/greyflon/lab_2025/install/two_wheeled_robot/share/two_wheeled_robot/models/playground\n'}
[1.425193] (two_wheeled_robot) StdoutLine: {'line': b'-- Up-to-date: /home/greyflon/lab_2025/install/two_wheeled_robot/share/two_wheeled_robot/models/playground/model.config\n'}
[1.425371] (two_wheeled_robot) StdoutLine: {'line': b'-- Up-to-date: /home/greyflon/lab_2025/install/two_wheeled_robot/share/two_wheeled_robot/models/playground/meshes\n'}
[1.425543] (two_wheeled_robot) StdoutLine: {'line': b'-- Up-to-date: /home/greyflon/lab_2025/install/two_wheeled_robot/share/two_wheeled_robot/models/playground/meshes/playground.dae\n'}
[1.425747] (two_wheeled_robot) StdoutLine: {'line': b'-- Up-to-date: /home/greyflon/lab_2025/install/two_wheeled_robot/share/two_wheeled_robot/models/playground/materials\n'}
[1.426034] (two_wheeled_robot) StdoutLine: {'line': b'-- Up-to-date: /home/greyflon/lab_2025/install/two_wheeled_robot/share/two_wheeled_robot/models/playground/materials/textures\n'}
[1.426194] (two_wheeled_robot) StdoutLine: {'line': b'-- Up-to-date: /home/greyflon/lab_2025/install/two_wheeled_robot/share/two_wheeled_robot/models/playground/materials/textures/playground_spec.jpg\n'}
[1.426353] (two_wheeled_robot) StdoutLine: {'line': b'-- Up-to-date: /home/greyflon/lab_2025/install/two_wheeled_robot/share/two_wheeled_robot/models/playground/materials/textures/playground_diffuse.jpg\n'}
[1.426511] (two_wheeled_robot) StdoutLine: {'line': b'-- Up-to-date: /home/greyflon/lab_2025/install/two_wheeled_robot/share/two_wheeled_robot/models/playground/model.sdf\n'}
[1.426695] (two_wheeled_robot) StdoutLine: {'line': b'-- Up-to-date: /home/greyflon/lab_2025/install/two_wheeled_robot/share/two_wheeled_robot/models/aws_robomaker_warehouse_ClutteringD_01\n'}
[1.426896] (two_wheeled_robot) StdoutLine: {'line': b'-- Up-to-date: /home/greyflon/lab_2025/install/two_wheeled_robot/share/two_wheeled_robot/models/aws_robomaker_warehouse_ClutteringD_01/model.config\n'}
[1.427053] (two_wheeled_robot) StdoutLine: {'line': b'-- Up-to-date: /home/greyflon/lab_2025/install/two_wheeled_robot/share/two_wheeled_robot/models/aws_robomaker_warehouse_ClutteringD_01/meshes\n'}
[1.427210] (two_wheeled_robot) StdoutLine: {'line': b'-- Up-to-date: /home/greyflon/lab_2025/install/two_wheeled_robot/share/two_wheeled_robot/models/aws_robomaker_warehouse_ClutteringD_01/meshes/aws_robomaker_warehouse_ClutteringD_01_visual.DAE\n'}
[1.427368] (two_wheeled_robot) StdoutLine: {'line': b'-- Up-to-date: /home/greyflon/lab_2025/install/two_wheeled_robot/share/two_wheeled_robot/models/aws_robomaker_warehouse_ClutteringD_01/meshes/aws_robomaker_warehouse_ClutteringD_01_collision.DAE\n'}
[1.427526] (two_wheeled_robot) StdoutLine: {'line': b'-- Up-to-date: /home/greyflon/lab_2025/install/two_wheeled_robot/share/two_wheeled_robot/models/aws_robomaker_warehouse_ClutteringD_01/materials\n'}
[1.427684] (two_wheeled_robot) StdoutLine: {'line': b'-- Up-to-date: /home/greyflon/lab_2025/install/two_wheeled_robot/share/two_wheeled_robot/models/aws_robomaker_warehouse_ClutteringD_01/materials/textures\n'}
[1.427889] (two_wheeled_robot) StdoutLine: {'line': b'-- Up-to-date: /home/greyflon/lab_2025/install/two_wheeled_robot/share/two_wheeled_robot/models/aws_robomaker_warehouse_ClutteringD_01/materials/textures/aws_robomaker_warehouse_ClutteringD_02.png\n'}
[1.428056] (two_wheeled_robot) StdoutLine: {'line': b'-- Up-to-date: /home/greyflon/lab_2025/install/two_wheeled_robot/share/two_wheeled_robot/models/aws_robomaker_warehouse_ClutteringD_01/materials/textures/aws_robomaker_warehouse_ClutteringD_01.png\n'}
[1.428224] (two_wheeled_robot) StdoutLine: {'line': b'-- Up-to-date: /home/greyflon/lab_2025/install/two_wheeled_robot/share/two_wheeled_robot/models/aws_robomaker_warehouse_ClutteringD_01/model.sdf\n'}
[1.428381] (two_wheeled_robot) StdoutLine: {'line': b'-- Up-to-date: /home/greyflon/lab_2025/install/two_wheeled_robot/share/two_wheeled_robot/models/MetalCabinet\n'}
[1.440481] (two_wheeled_robot) StdoutLine: {'line': b'-- Up-to-date: /home/greyflon/lab_2025/install/two_wheeled_robot/share/two_wheeled_robot/models/MetalCabinet/model.config\n'}
[1.442250] (two_wheeled_robot) StdoutLine: {'line': b'-- Up-to-date: /home/greyflon/lab_2025/install/two_wheeled_robot/share/two_wheeled_robot/models/MetalCabinet/meshes\n'}
[1.442444] (two_wheeled_robot) StdoutLine: {'line': b'-- Up-to-date: /home/greyflon/lab_2025/install/two_wheeled_robot/share/two_wheeled_robot/models/MetalCabinet/meshes/MetalCabinet.png\n'}
[1.442614] (two_wheeled_robot) StdoutLine: {'line': b'-- Up-to-date: /home/greyflon/lab_2025/install/two_wheeled_robot/share/two_wheeled_robot/models/MetalCabinet/meshes/MetalCabinet.mtl\n'}
[1.442805] (two_wheeled_robot) StdoutLine: {'line': b'-- Up-to-date: /home/greyflon/lab_2025/install/two_wheeled_robot/share/two_wheeled_robot/models/MetalCabinet/meshes/MetalCabinet.obj\n'}
[1.442976] (two_wheeled_robot) StdoutLine: {'line': b'-- Up-to-date: /home/greyflon/lab_2025/install/two_wheeled_robot/share/two_wheeled_robot/models/MetalCabinet/thumbnails\n'}
[1.443134] (two_wheeled_robot) StdoutLine: {'line': b'-- Up-to-date: /home/greyflon/lab_2025/install/two_wheeled_robot/share/two_wheeled_robot/models/MetalCabinet/thumbnails/5.png\n'}
[1.443291] (two_wheeled_robot) StdoutLine: {'line': b'-- Up-to-date: /home/greyflon/lab_2025/install/two_wheeled_robot/share/two_wheeled_robot/models/MetalCabinet/thumbnails/1.png\n'}
[1.443449] (two_wheeled_robot) StdoutLine: {'line': b'-- Up-to-date: /home/greyflon/lab_2025/install/two_wheeled_robot/share/two_wheeled_robot/models/MetalCabinet/thumbnails/2.png\n'}
[1.443723] (two_wheeled_robot) StdoutLine: {'line': b'-- Up-to-date: /home/greyflon/lab_2025/install/two_wheeled_robot/share/two_wheeled_robot/models/MetalCabinet/thumbnails/4.png\n'}
[1.443898] (two_wheeled_robot) StdoutLine: {'line': b'-- Up-to-date: /home/greyflon/lab_2025/install/two_wheeled_robot/share/two_wheeled_robot/models/MetalCabinet/thumbnails/3.png\n'}
[1.444075] (two_wheeled_robot) StdoutLine: {'line': b'-- Up-to-date: /home/greyflon/lab_2025/install/two_wheeled_robot/share/two_wheeled_robot/models/MetalCabinet/model.sdf\n'}
[1.444250] (two_wheeled_robot) StdoutLine: {'line': b'-- Up-to-date: /home/greyflon/lab_2025/install/two_wheeled_robot/share/two_wheeled_robot/models/CGMClassic\n'}
[1.472216] (two_wheeled_robot) StdoutLine: {'line': b'-- Up-to-date: /home/greyflon/lab_2025/install/two_wheeled_robot/share/two_wheeled_robot/models/CGMClassic/model.config\n'}
[1.472446] (two_wheeled_robot) StdoutLine: {'line': b'-- Up-to-date: /home/greyflon/lab_2025/install/two_wheeled_robot/share/two_wheeled_robot/models/CGMClassic/meshes\n'}
[1.473188] (two_wheeled_robot) StdoutLine: {'line': b'-- Up-to-date: /home/greyflon/lab_2025/install/two_wheeled_robot/share/two_wheeled_robot/models/CGMClassic/meshes/Carts_Wheels_Diffuse.png\n'}
[1.473410] (two_wheeled_robot) StdoutLine: {'line': b'-- Up-to-date: /home/greyflon/lab_2025/install/two_wheeled_robot/share/two_wheeled_robot/models/CGMClassic/meshes/CGMClassic.mtl\n'}
[1.473732] (two_wheeled_robot) StdoutLine: {'line': b'-- Up-to-date: /home/greyflon/lab_2025/install/two_wheeled_robot/share/two_wheeled_robot/models/CGMClassic/meshes/CGMClassic_Diffuse.png\n'}
[1.473988] (two_wheeled_robot) StdoutLine: {'line': b'-- Up-to-date: /home/greyflon/lab_2025/install/two_wheeled_robot/share/two_wheeled_robot/models/CGMClassic/meshes/Wheels_Normal_Normal_Bump.tga\n'}
[1.474164] (two_wheeled_robot) StdoutLine: {'line': b'-- Up-to-date: /home/greyflon/lab_2025/install/two_wheeled_robot/share/two_wheeled_robot/models/CGMClassic/meshes/CGMClassic.obj\n'}
[1.474305] (two_wheeled_robot) StdoutLine: {'line': b'-- Up-to-date: /home/greyflon/lab_2025/install/two_wheeled_robot/share/two_wheeled_robot/models/CGMClassic/thumbnails\n'}
[1.488957] (two_wheeled_robot) StdoutLine: {'line': b'-- Up-to-date: /home/greyflon/lab_2025/install/two_wheeled_robot/share/two_wheeled_robot/models/CGMClassic/thumbnails/5.png\n'}
[1.489184] (two_wheeled_robot) StdoutLine: {'line': b'-- Up-to-date: /home/greyflon/lab_2025/install/two_wheeled_robot/share/two_wheeled_robot/models/CGMClassic/thumbnails/1.png\n'}
[1.489446] (two_wheeled_robot) StdoutLine: {'line': b'-- Up-to-date: /home/greyflon/lab_2025/install/two_wheeled_robot/share/two_wheeled_robot/models/CGMClassic/thumbnails/2.png\n'}
[1.489602] (two_wheeled_robot) StdoutLine: {'line': b'-- Up-to-date: /home/greyflon/lab_2025/install/two_wheeled_robot/share/two_wheeled_robot/models/CGMClassic/thumbnails/4.png\n'}
[1.489782] (two_wheeled_robot) StdoutLine: {'line': b'-- Up-to-date: /home/greyflon/lab_2025/install/two_wheeled_robot/share/two_wheeled_robot/models/CGMClassic/thumbnails/3.png\n'}
[1.489939] (two_wheeled_robot) StdoutLine: {'line': b'-- Up-to-date: /home/greyflon/lab_2025/install/two_wheeled_robot/share/two_wheeled_robot/models/CGMClassic/model.sdf\n'}
[1.490078] (two_wheeled_robot) StdoutLine: {'line': b'-- Up-to-date: /home/greyflon/lab_2025/install/two_wheeled_robot/share/two_wheeled_robot/models/aws_robomaker_hospital_curtain_half_open_01\n'}
[1.493554] (two_wheeled_robot) StdoutLine: {'line': b'-- Up-to-date: /home/greyflon/lab_2025/install/two_wheeled_robot/share/two_wheeled_robot/models/aws_robomaker_hospital_curtain_half_open_01/model.config\n'}
[1.493782] (two_wheeled_robot) StdoutLine: {'line': b'-- Up-to-date: /home/greyflon/lab_2025/install/two_wheeled_robot/share/two_wheeled_robot/models/aws_robomaker_hospital_curtain_half_open_01/meshes\n'}
[1.494413] (two_wheeled_robot) StdoutLine: {'line': b'-- Up-to-date: /home/greyflon/lab_2025/install/two_wheeled_robot/share/two_wheeled_robot/models/aws_robomaker_hospital_curtain_half_open_01/meshes/aws_robomaker_hospital_curtainrail_01_visual.png\n'}
[1.494618] (two_wheeled_robot) StdoutLine: {'line': b'-- Up-to-date: /home/greyflon/lab_2025/install/two_wheeled_robot/share/two_wheeled_robot/models/aws_robomaker_hospital_curtain_half_open_01/meshes/aws_robomaker_hospital_curtain_half_open_01_visual.png\n'}
[1.494873] (two_wheeled_robot) StdoutLine: {'line': b'-- Up-to-date: /home/greyflon/lab_2025/install/two_wheeled_robot/share/two_wheeled_robot/models/aws_robomaker_hospital_curtain_half_open_01/meshes/aws_robomaker_hospital_curtain_half_open_01_low.png\n'}
[1.495180] (two_wheeled_robot) StdoutLine: {'line': b'-- Up-to-date: /home/greyflon/lab_2025/install/two_wheeled_robot/share/two_wheeled_robot/models/aws_robomaker_hospital_curtain_half_open_01/meshes/aws_robomaker_hospital_curtainrail_01_visual_normal.png\n'}
[1.495344] (two_wheeled_robot) StdoutLine: {'line': b'-- Up-to-date: /home/greyflon/lab_2025/install/two_wheeled_robot/share/two_wheeled_robot/models/aws_robomaker_hospital_curtain_half_open_01/meshes/aws_robomaker_hospital_curtain_half_open_01_low_normal.png\n'}
[1.495499] (two_wheeled_robot) StdoutLine: {'line': b'-- Up-to-date: /home/greyflon/lab_2025/install/two_wheeled_robot/share/two_wheeled_robot/models/aws_robomaker_hospital_curtain_half_open_01/meshes/aws_robomaker_hospital_curtain_half_open_01_collision.dae\n'}
[1.495651] (two_wheeled_robot) StdoutLine: {'line': b'-- Up-to-date: /home/greyflon/lab_2025/install/two_wheeled_robot/share/two_wheeled_robot/models/aws_robomaker_hospital_curtain_half_open_01/meshes/aws_robomaker_hospital_curtain_half_open_01_visual_normal.png\n'}
[1.495919] (two_wheeled_robot) StdoutLine: {'line': b'-- Up-to-date: /home/greyflon/lab_2025/install/two_wheeled_robot/share/two_wheeled_robot/models/aws_robomaker_hospital_curtain_half_open_01/meshes/aws_robomaker_hospital_curtainrail_01_low.png\n'}
[1.496076] (two_wheeled_robot) StdoutLine: {'line': b'-- Up-to-date: /home/greyflon/lab_2025/install/two_wheeled_robot/share/two_wheeled_robot/models/aws_robomaker_hospital_curtain_half_open_01/meshes/aws_robomaker_hospital_curtainrail_01_low_normal.png\n'}
[1.496229] (two_wheeled_robot) StdoutLine: {'line': b'-- Up-to-date: /home/greyflon/lab_2025/install/two_wheeled_robot/share/two_wheeled_robot/models/aws_robomaker_hospital_curtain_half_open_01/meshes/aws_robomaker_hospital_curtain_half_open_01_visual.dae\n'}
[1.496490] (two_wheeled_robot) StdoutLine: {'line': b'-- Up-to-date: /home/greyflon/lab_2025/install/two_wheeled_robot/share/two_wheeled_robot/models/aws_robomaker_hospital_curtain_half_open_01/model.sdf\n'}
[1.496636] (two_wheeled_robot) StdoutLine: {'line': b'-- Up-to-date: /home/greyflon/lab_2025/install/two_wheeled_robot/share/two_wheeled_robot/models/aws_robomaker_warehouse_Bucket_01\n'}
[1.496818] (two_wheeled_robot) StdoutLine: {'line': b'-- Up-to-date: /home/greyflon/lab_2025/install/two_wheeled_robot/share/two_wheeled_robot/models/aws_robomaker_warehouse_Bucket_01/model.config\n'}
[1.496978] (two_wheeled_robot) StdoutLine: {'line': b'-- Up-to-date: /home/greyflon/lab_2025/install/two_wheeled_robot/share/two_wheeled_robot/models/aws_robomaker_warehouse_Bucket_01/meshes\n'}
[1.497131] (two_wheeled_robot) StdoutLine: {'line': b'-- Up-to-date: /home/greyflon/lab_2025/install/two_wheeled_robot/share/two_wheeled_robot/models/aws_robomaker_warehouse_Bucket_01/meshes/aws_robomaker_warehouse_Bucket_01_collision.DAE\n'}
[1.497411] (two_wheeled_robot) StdoutLine: {'line': b'-- Up-to-date: /home/greyflon/lab_2025/install/two_wheeled_robot/share/two_wheeled_robot/models/aws_robomaker_warehouse_Bucket_01/meshes/aws_robomaker_warehouse_Bucket_01_visual.DAE\n'}
[1.497554] (two_wheeled_robot) StdoutLine: {'line': b'-- Up-to-date: /home/greyflon/lab_2025/install/two_wheeled_robot/share/two_wheeled_robot/models/aws_robomaker_warehouse_Bucket_01/materials\n'}
[1.497724] (two_wheeled_robot) StdoutLine: {'line': b'-- Up-to-date: /home/greyflon/lab_2025/install/two_wheeled_robot/share/two_wheeled_robot/models/aws_robomaker_warehouse_Bucket_01/materials/textures\n'}
[1.497995] (two_wheeled_robot) StdoutLine: {'line': b'-- Up-to-date: /home/greyflon/lab_2025/install/two_wheeled_robot/share/two_wheeled_robot/models/aws_robomaker_warehouse_Bucket_01/materials/textures/aws_robomaker_warehouse_Bucket_01.png\n'}
[1.498154] (two_wheeled_robot) StdoutLine: {'line': b'-- Up-to-date: /home/greyflon/lab_2025/install/two_wheeled_robot/share/two_wheeled_robot/models/aws_robomaker_warehouse_Bucket_01/model.sdf\n'}
[1.498305] (two_wheeled_robot) StdoutLine: {'line': b'-- Up-to-date: /home/greyflon/lab_2025/install/two_wheeled_robot/share/two_wheeled_robot/models/aws_robomaker_warehouse_ShelfF_01\n'}
[1.498454] (two_wheeled_robot) StdoutLine: {'line': b'-- Up-to-date: /home/greyflon/lab_2025/install/two_wheeled_robot/share/two_wheeled_robot/models/aws_robomaker_warehouse_ShelfF_01/model.config\n'}
[1.498606] (two_wheeled_robot) StdoutLine: {'line': b'-- Up-to-date: /home/greyflon/lab_2025/install/two_wheeled_robot/share/two_wheeled_robot/models/aws_robomaker_warehouse_ShelfF_01/meshes\n'}
[1.498781] (two_wheeled_robot) StdoutLine: {'line': b'-- Up-to-date: /home/greyflon/lab_2025/install/two_wheeled_robot/share/two_wheeled_robot/models/aws_robomaker_warehouse_ShelfF_01/meshes/aws_robomaker_warehouse_ShelfF_01_collision.DAE\n'}
[1.498949] (two_wheeled_robot) StdoutLine: {'line': b'-- Up-to-date: /home/greyflon/lab_2025/install/two_wheeled_robot/share/two_wheeled_robot/models/aws_robomaker_warehouse_ShelfF_01/meshes/aws_robomaker_warehouse_ShelfF_01_visual.DAE\n'}
[1.499101] (two_wheeled_robot) StdoutLine: {'line': b'-- Up-to-date: /home/greyflon/lab_2025/install/two_wheeled_robot/share/two_wheeled_robot/models/aws_robomaker_warehouse_ShelfF_01/materials\n'}
[1.499320] (two_wheeled_robot) StdoutLine: {'line': b'-- Up-to-date: /home/greyflon/lab_2025/install/two_wheeled_robot/share/two_wheeled_robot/models/aws_robomaker_warehouse_ShelfF_01/materials/textures\n'}
[1.499653] (two_wheeled_robot) StdoutLine: {'line': b'-- Up-to-date: /home/greyflon/lab_2025/install/two_wheeled_robot/share/two_wheeled_robot/models/aws_robomaker_warehouse_ShelfF_01/materials/textures/aws_robomaker_warehouse_ShelfF_01.png\n'}
[1.499996] (two_wheeled_robot) StdoutLine: {'line': b'-- Up-to-date: /home/greyflon/lab_2025/install/two_wheeled_robot/share/two_wheeled_robot/models/aws_robomaker_warehouse_ShelfF_01/materials/textures/aws_robomaker_warehouse_ShelfF_03.png\n'}
[1.500274] (two_wheeled_robot) StdoutLine: {'line': b'-- Up-to-date: /home/greyflon/lab_2025/install/two_wheeled_robot/share/two_wheeled_robot/models/aws_robomaker_warehouse_ShelfF_01/materials/textures/aws_robomaker_warehouse_ShelfF_02.png\n'}
[1.500527] (two_wheeled_robot) StdoutLine: {'line': b'-- Up-to-date: /home/greyflon/lab_2025/install/two_wheeled_robot/share/two_wheeled_robot/models/aws_robomaker_warehouse_ShelfF_01/model.sdf\n'}
[1.500715] (two_wheeled_robot) StdoutLine: {'line': b'-- Up-to-date: /home/greyflon/lab_2025/install/two_wheeled_robot/share/two_wheeled_robot/models/aws_robomaker_residential_NightStand_01\n'}
[1.501015] (two_wheeled_robot) StdoutLine: {'line': b'-- Up-to-date: /home/greyflon/lab_2025/install/two_wheeled_robot/share/two_wheeled_robot/models/aws_robomaker_residential_NightStand_01/model.config\n'}
[1.501163] (two_wheeled_robot) StdoutLine: {'line': b'-- Up-to-date: /home/greyflon/lab_2025/install/two_wheeled_robot/share/two_wheeled_robot/models/aws_robomaker_residential_NightStand_01/meshes\n'}
[1.501316] (two_wheeled_robot) StdoutLine: {'line': b'-- Up-to-date: /home/greyflon/lab_2025/install/two_wheeled_robot/share/two_wheeled_robot/models/aws_robomaker_residential_NightStand_01/meshes/aws_NightStand_01_collision.DAE\n'}
[1.501467] (two_wheeled_robot) StdoutLine: {'line': b'-- Up-to-date: /home/greyflon/lab_2025/install/two_wheeled_robot/share/two_wheeled_robot/models/aws_robomaker_residential_NightStand_01/meshes/aws_NightStand_01_visual.DAE\n'}
[1.501617] (two_wheeled_robot) StdoutLine: {'line': b'-- Up-to-date: /home/greyflon/lab_2025/install/two_wheeled_robot/share/two_wheeled_robot/models/aws_robomaker_residential_NightStand_01/materials\n'}
[1.501800] (two_wheeled_robot) StdoutLine: {'line': b'-- Up-to-date: /home/greyflon/lab_2025/install/two_wheeled_robot/share/two_wheeled_robot/models/aws_robomaker_residential_NightStand_01/materials/textures\n'}
[1.501963] (two_wheeled_robot) StdoutLine: {'line': b'-- Up-to-date: /home/greyflon/lab_2025/install/two_wheeled_robot/share/two_wheeled_robot/models/aws_robomaker_residential_NightStand_01/materials/textures/aws_NightStand_01.png\n'}
[1.502128] (two_wheeled_robot) StdoutLine: {'line': b'-- Up-to-date: /home/greyflon/lab_2025/install/two_wheeled_robot/share/two_wheeled_robot/models/aws_robomaker_residential_NightStand_01/model.sdf\n'}
[1.502497] (two_wheeled_robot) StdoutLine: {'line': b'-- Up-to-date: /home/greyflon/lab_2025/install/two_wheeled_robot/share/two_wheeled_robot/models/aws_robomaker_residential_DeskPortraitB_01\n'}
[1.502646] (-) TimerEvent: {}
[1.502862] (two_wheeled_robot) StdoutLine: {'line': b'-- Up-to-date: /home/greyflon/lab_2025/install/two_wheeled_robot/share/two_wheeled_robot/models/aws_robomaker_residential_DeskPortraitB_01/model.config\n'}
[1.503145] (two_wheeled_robot) StdoutLine: {'line': b'-- Up-to-date: /home/greyflon/lab_2025/install/two_wheeled_robot/share/two_wheeled_robot/models/aws_robomaker_residential_DeskPortraitB_01/meshes\n'}
[1.503305] (two_wheeled_robot) StdoutLine: {'line': b'-- Up-to-date: /home/greyflon/lab_2025/install/two_wheeled_robot/share/two_wheeled_robot/models/aws_robomaker_residential_DeskPortraitB_01/meshes/aws_DeskPortraitB_01_visual.DAE\n'}
[1.503458] (two_wheeled_robot) StdoutLine: {'line': b'-- Up-to-date: /home/greyflon/lab_2025/install/two_wheeled_robot/share/two_wheeled_robot/models/aws_robomaker_residential_DeskPortraitB_01/meshes/aws_DeskPortraitB_01_collision.DAE\n'}
[1.503633] (two_wheeled_robot) StdoutLine: {'line': b'-- Up-to-date: /home/greyflon/lab_2025/install/two_wheeled_robot/share/two_wheeled_robot/models/aws_robomaker_residential_DeskPortraitB_01/materials\n'}
[1.504228] (two_wheeled_robot) StdoutLine: {'line': b'-- Up-to-date: /home/greyflon/lab_2025/install/two_wheeled_robot/share/two_wheeled_robot/models/aws_robomaker_residential_DeskPortraitB_01/materials/textures\n'}
[1.504467] (two_wheeled_robot) StdoutLine: {'line': b'-- Up-to-date: /home/greyflon/lab_2025/install/two_wheeled_robot/share/two_wheeled_robot/models/aws_robomaker_residential_DeskPortraitB_01/materials/textures/aws_DeskPortraitB_02.png\n'}
[1.504865] (two_wheeled_robot) StdoutLine: {'line': b'-- Up-to-date: /home/greyflon/lab_2025/install/two_wheeled_robot/share/two_wheeled_robot/models/aws_robomaker_residential_DeskPortraitB_01/materials/textures/DeskPortraitB_01.jpg\n'}
[1.505182] (two_wheeled_robot) StdoutLine: {'line': b'-- Up-to-date: /home/greyflon/lab_2025/install/two_wheeled_robot/share/two_wheeled_robot/models/aws_robomaker_residential_DeskPortraitB_01/materials/textures/aws_DeskPortraitB_01.png\n'}
[1.505414] (two_wheeled_robot) StdoutLine: {'line': b'-- Up-to-date: /home/greyflon/lab_2025/install/two_wheeled_robot/share/two_wheeled_robot/models/aws_robomaker_residential_DeskPortraitB_01/model.sdf\n'}
[1.505654] (two_wheeled_robot) StdoutLine: {'line': b'-- Up-to-date: /home/greyflon/lab_2025/install/two_wheeled_robot/share/two_wheeled_robot/models/aws_robomaker_hospital_curtain_open_01\n'}
[1.506168] (two_wheeled_robot) StdoutLine: {'line': b'-- Up-to-date: /home/greyflon/lab_2025/install/two_wheeled_robot/share/two_wheeled_robot/models/aws_robomaker_hospital_curtain_open_01/model.config\n'}
[1.506425] (two_wheeled_robot) StdoutLine: {'line': b'-- Up-to-date: /home/greyflon/lab_2025/install/two_wheeled_robot/share/two_wheeled_robot/models/aws_robomaker_hospital_curtain_open_01/meshes\n'}
[1.506674] (two_wheeled_robot) StdoutLine: {'line': b'-- Up-to-date: /home/greyflon/lab_2025/install/two_wheeled_robot/share/two_wheeled_robot/models/aws_robomaker_hospital_curtain_open_01/meshes/aws_robomaker_hospital_curtainrail_01_visual.png\n'}
[1.507256] (two_wheeled_robot) StdoutLine: {'line': b'-- Up-to-date: /home/greyflon/lab_2025/install/two_wheeled_robot/share/two_wheeled_robot/models/aws_robomaker_hospital_curtain_open_01/meshes/aws_robomaker_hospital_curtain_open_01_low_normal.png\n'}
[1.507523] (two_wheeled_robot) StdoutLine: {'line': b'-- Up-to-date: /home/greyflon/lab_2025/install/two_wheeled_robot/share/two_wheeled_robot/models/aws_robomaker_hospital_curtain_open_01/meshes/aws_robomaker_hospital_curtainrail_01_visual_normal.png\n'}
[1.507791] (two_wheeled_robot) StdoutLine: {'line': b'-- Up-to-date: /home/greyflon/lab_2025/install/two_wheeled_robot/share/two_wheeled_robot/models/aws_robomaker_hospital_curtain_open_01/meshes/aws_robomaker_hospital_curtain_open_01_collision.dae\n'}
[1.508079] (two_wheeled_robot) StdoutLine: {'line': b'-- Up-to-date: /home/greyflon/lab_2025/install/two_wheeled_robot/share/two_wheeled_robot/models/aws_robomaker_hospital_curtain_open_01/meshes/aws_robomaker_hospital_curtain_open_01_low.png\n'}
[1.508235] (two_wheeled_robot) StdoutLine: {'line': b'-- Up-to-date: /home/greyflon/lab_2025/install/two_wheeled_robot/share/two_wheeled_robot/models/aws_robomaker_hospital_curtain_open_01/meshes/aws_robomaker_hospital_curtain_open_01_visual.png\n'}
[1.508387] (two_wheeled_robot) StdoutLine: {'line': b'-- Up-to-date: /home/greyflon/lab_2025/install/two_wheeled_robot/share/two_wheeled_robot/models/aws_robomaker_hospital_curtain_open_01/meshes/aws_robomaker_hospital_curtain_open_01_visual_normal.png\n'}
[1.508539] (two_wheeled_robot) StdoutLine: {'line': b'-- Up-to-date: /home/greyflon/lab_2025/install/two_wheeled_robot/share/two_wheeled_robot/models/aws_robomaker_hospital_curtain_open_01/meshes/aws_robomaker_hospital_curtainrail_01_low.png\n'}
[1.508690] (two_wheeled_robot) StdoutLine: {'line': b'-- Up-to-date: /home/greyflon/lab_2025/install/two_wheeled_robot/share/two_wheeled_robot/models/aws_robomaker_hospital_curtain_open_01/meshes/aws_robomaker_hospital_curtainrail_01_low_normal.png\n'}
[1.508963] (two_wheeled_robot) StdoutLine: {'line': b'-- Up-to-date: /home/greyflon/lab_2025/install/two_wheeled_robot/share/two_wheeled_robot/models/aws_robomaker_hospital_curtain_open_01/meshes/aws_robomaker_hospital_curtain_open_01_visual.dae\n'}
[1.509132] (two_wheeled_robot) StdoutLine: {'line': b'-- Up-to-date: /home/greyflon/lab_2025/install/two_wheeled_robot/share/two_wheeled_robot/models/aws_robomaker_hospital_curtain_open_01/model.sdf\n'}
[1.509292] (two_wheeled_robot) StdoutLine: {'line': b'-- Up-to-date: /home/greyflon/lab_2025/install/two_wheeled_robot/share/two_wheeled_robot/models/apartment\n'}
[1.509431] (two_wheeled_robot) StdoutLine: {'line': b'-- Up-to-date: /home/greyflon/lab_2025/install/two_wheeled_robot/share/two_wheeled_robot/models/apartment/model.config\n'}
[1.509567] (two_wheeled_robot) StdoutLine: {'line': b'-- Up-to-date: /home/greyflon/lab_2025/install/two_wheeled_robot/share/two_wheeled_robot/models/apartment/meshes\n'}
[1.509721] (two_wheeled_robot) StdoutLine: {'line': b'-- Up-to-date: /home/greyflon/lab_2025/install/two_wheeled_robot/share/two_wheeled_robot/models/apartment/meshes/apartment.dae\n'}
[1.509892] (two_wheeled_robot) StdoutLine: {'line': b'-- Up-to-date: /home/greyflon/lab_2025/install/two_wheeled_robot/share/two_wheeled_robot/models/apartment/materials\n'}
[1.510041] (two_wheeled_robot) StdoutLine: {'line': b'-- Up-to-date: /home/greyflon/lab_2025/install/two_wheeled_robot/share/two_wheeled_robot/models/apartment/materials/textures\n'}
[1.510190] (two_wheeled_robot) StdoutLine: {'line': b'-- Up-to-date: /home/greyflon/lab_2025/install/two_wheeled_robot/share/two_wheeled_robot/models/apartment/materials/textures/apartment_diffuse.jpg\n'}
[1.510340] (two_wheeled_robot) StdoutLine: {'line': b'-- Up-to-date: /home/greyflon/lab_2025/install/two_wheeled_robot/share/two_wheeled_robot/models/apartment/materials/textures/apartment_spec.jpg\n'}
[1.510489] (two_wheeled_robot) StdoutLine: {'line': b'-- Up-to-date: /home/greyflon/lab_2025/install/two_wheeled_robot/share/two_wheeled_robot/models/apartment/model.sdf\n'}
[1.510637] (two_wheeled_robot) StdoutLine: {'line': b'-- Up-to-date: /home/greyflon/lab_2025/install/two_wheeled_robot/share/two_wheeled_robot/models/table_marble\n'}
[1.510875] (two_wheeled_robot) StdoutLine: {'line': b'-- Up-to-date: /home/greyflon/lab_2025/install/two_wheeled_robot/share/two_wheeled_robot/models/table_marble/model-1_4.sdf\n'}
[1.511042] (two_wheeled_robot) StdoutLine: {'line': b'-- Up-to-date: /home/greyflon/lab_2025/install/two_wheeled_robot/share/two_wheeled_robot/models/table_marble/model.config\n'}
[1.511211] (two_wheeled_robot) StdoutLine: {'line': b'-- Up-to-date: /home/greyflon/lab_2025/install/two_wheeled_robot/share/two_wheeled_robot/models/table_marble/meshes\n'}
[1.511364] (two_wheeled_robot) StdoutLine: {'line': b'-- Up-to-date: /home/greyflon/lab_2025/install/two_wheeled_robot/share/two_wheeled_robot/models/table_marble/meshes/table_lightmap.dae\n'}
[1.511515] (two_wheeled_robot) StdoutLine: {'line': b'-- Up-to-date: /home/greyflon/lab_2025/install/two_wheeled_robot/share/two_wheeled_robot/models/table_marble/materials\n'}
[1.511665] (two_wheeled_robot) StdoutLine: {'line': b'-- Up-to-date: /home/greyflon/lab_2025/install/two_wheeled_robot/share/two_wheeled_robot/models/table_marble/materials/scripts\n'}
[1.511852] (two_wheeled_robot) StdoutLine: {'line': b'-- Up-to-date: /home/greyflon/lab_2025/install/two_wheeled_robot/share/two_wheeled_robot/models/table_marble/materials/scripts/table_lightmap.material\n'}
[1.512007] (two_wheeled_robot) StdoutLine: {'line': b'-- Up-to-date: /home/greyflon/lab_2025/install/two_wheeled_robot/share/two_wheeled_robot/models/table_marble/materials/textures\n'}
[1.512156] (two_wheeled_robot) StdoutLine: {'line': b'-- Up-to-date: /home/greyflon/lab_2025/install/two_wheeled_robot/share/two_wheeled_robot/models/table_marble/materials/textures/table_lightmap.png\n'}
[1.512304] (two_wheeled_robot) StdoutLine: {'line': b'-- Up-to-date: /home/greyflon/lab_2025/install/two_wheeled_robot/share/two_wheeled_robot/models/table_marble/materials/textures/marble.png\n'}
[1.512454] (two_wheeled_robot) StdoutLine: {'line': b'-- Up-to-date: /home/greyflon/lab_2025/install/two_wheeled_robot/share/two_wheeled_robot/models/table_marble/model.sdf\n'}
[1.512603] (two_wheeled_robot) StdoutLine: {'line': b'-- Up-to-date: /home/greyflon/lab_2025/install/two_wheeled_robot/share/two_wheeled_robot/models/cafe\n'}
[1.512889] (two_wheeled_robot) StdoutLine: {'line': b'-- Up-to-date: /home/greyflon/lab_2025/install/two_wheeled_robot/share/two_wheeled_robot/models/cafe/model.config\n'}
[1.513173] (two_wheeled_robot) StdoutLine: {'line': b'-- Up-to-date: /home/greyflon/lab_2025/install/two_wheeled_robot/share/two_wheeled_robot/models/cafe/meshes\n'}
[1.513330] (two_wheeled_robot) StdoutLine: {'line': b'-- Up-to-date: /home/greyflon/lab_2025/install/two_wheeled_robot/share/two_wheeled_robot/models/cafe/meshes/cafe.dae\n'}
[1.513482] (two_wheeled_robot) StdoutLine: {'line': b'-- Up-to-date: /home/greyflon/lab_2025/install/two_wheeled_robot/share/two_wheeled_robot/models/cafe/materials\n'}
[1.513633] (two_wheeled_robot) StdoutLine: {'line': b'-- Up-to-date: /home/greyflon/lab_2025/install/two_wheeled_robot/share/two_wheeled_robot/models/cafe/materials/textures\n'}
[1.513819] (two_wheeled_robot) StdoutLine: {'line': b'-- Up-to-date: /home/greyflon/lab_2025/install/two_wheeled_robot/share/two_wheeled_robot/models/cafe/materials/textures/__auto_28.jpg\n'}
[1.513978] (two_wheeled_robot) StdoutLine: {'line': b'-- Up-to-date: /home/greyflon/lab_2025/install/two_wheeled_robot/share/two_wheeled_robot/models/cafe/materials/textures/__auto_29.jpg\n'}
[1.514130] (two_wheeled_robot) StdoutLine: {'line': b'-- Up-to-date: /home/greyflon/lab_2025/install/two_wheeled_robot/share/two_wheeled_robot/models/cafe/materials/textures/__auto_21.jpg\n'}
[1.514446] (two_wheeled_robot) StdoutLine: {'line': b'-- Up-to-date: /home/greyflon/lab_2025/install/two_wheeled_robot/share/two_wheeled_robot/models/cafe/materials/textures/__auto_2.jpg\n'}
[1.514711] (two_wheeled_robot) StdoutLine: {'line': b'-- Up-to-date: /home/greyflon/lab_2025/install/two_wheeled_robot/share/two_wheeled_robot/models/cafe/materials/textures/__auto_24.jpg\n'}
[1.514914] (two_wheeled_robot) StdoutLine: {'line': b'-- Up-to-date: /home/greyflon/lab_2025/install/two_wheeled_robot/share/two_wheeled_robot/models/cafe/materials/textures/__auto_23.jpg\n'}
[1.515068] (two_wheeled_robot) StdoutLine: {'line': b'-- Up-to-date: /home/greyflon/lab_2025/install/two_wheeled_robot/share/two_wheeled_robot/models/cafe/materials/textures/__auto_30.jpg\n'}
[1.515216] (two_wheeled_robot) StdoutLine: {'line': b'-- Up-to-date: /home/greyflon/lab_2025/install/two_wheeled_robot/share/two_wheeled_robot/models/cafe/materials/textures/__auto_10.jpg\n'}
[1.515366] (two_wheeled_robot) StdoutLine: {'line': b'-- Up-to-date: /home/greyflon/lab_2025/install/two_wheeled_robot/share/two_wheeled_robot/models/cafe/materials/textures/__auto_26.jpg\n'}
[1.515519] (two_wheeled_robot) StdoutLine: {'line': b'-- Up-to-date: /home/greyflon/lab_2025/install/two_wheeled_robot/share/two_wheeled_robot/models/cafe/materials/textures/__auto_35.jpg\n'}
[1.515668] (two_wheeled_robot) StdoutLine: {'line': b'-- Up-to-date: /home/greyflon/lab_2025/install/two_wheeled_robot/share/two_wheeled_robot/models/cafe/materials/textures/__auto_31.jpg\n'}
[1.516096] (two_wheeled_robot) StdoutLine: {'line': b'-- Up-to-date: /home/greyflon/lab_2025/install/two_wheeled_robot/share/two_wheeled_robot/models/cafe/materials/textures/__auto_34.jpg\n'}
[1.516292] (two_wheeled_robot) StdoutLine: {'line': b'-- Up-to-date: /home/greyflon/lab_2025/install/two_wheeled_robot/share/two_wheeled_robot/models/cafe/materials/textures/__auto_25.jpg\n'}
[1.516508] (two_wheeled_robot) StdoutLine: {'line': b'-- Up-to-date: /home/greyflon/lab_2025/install/two_wheeled_robot/share/two_wheeled_robot/models/cafe/materials/textures/__auto_37.jpg\n'}
[1.516676] (two_wheeled_robot) StdoutLine: {'line': b'-- Up-to-date: /home/greyflon/lab_2025/install/two_wheeled_robot/share/two_wheeled_robot/models/cafe/materials/textures/__auto_22.jpg\n'}
[1.516938] (two_wheeled_robot) StdoutLine: {'line': b'-- Up-to-date: /home/greyflon/lab_2025/install/two_wheeled_robot/share/two_wheeled_robot/models/cafe/model.sdf\n'}
[1.517084] (two_wheeled_robot) StdoutLine: {'line': b'-- Up-to-date: /home/greyflon/lab_2025/install/two_wheeled_robot/share/two_wheeled_robot/models/Scrubs\n'}
[1.517221] (two_wheeled_robot) StdoutLine: {'line': b'-- Up-to-date: /home/greyflon/lab_2025/install/two_wheeled_robot/share/two_wheeled_robot/models/Scrubs/model.config\n'}
[1.517386] (two_wheeled_robot) StdoutLine: {'line': b'-- Up-to-date: /home/greyflon/lab_2025/install/two_wheeled_robot/share/two_wheeled_robot/models/Scrubs/meshes\n'}
[1.517534] (two_wheeled_robot) StdoutLine: {'line': b'-- Up-to-date: /home/greyflon/lab_2025/install/two_wheeled_robot/share/two_wheeled_robot/models/Scrubs/meshes/Scrubs_Col.mtl\n'}
[1.517683] (two_wheeled_robot) StdoutLine: {'line': b'-- Up-to-date: /home/greyflon/lab_2025/install/two_wheeled_robot/share/two_wheeled_robot/models/Scrubs/meshes/ScrubsFemaleDiffuse.png\n'}
[1.517994] (two_wheeled_robot) StdoutLine: {'line': b'-- Up-to-date: /home/greyflon/lab_2025/install/two_wheeled_robot/share/two_wheeled_robot/models/Scrubs/meshes/scrubs.mtl\n'}
[1.518164] (two_wheeled_robot) StdoutLine: {'line': b'-- Up-to-date: /home/greyflon/lab_2025/install/two_wheeled_robot/share/two_wheeled_robot/models/Scrubs/meshes/scrubs.obj\n'}
[1.518312] (two_wheeled_robot) StdoutLine: {'line': b'-- Up-to-date: /home/greyflon/lab_2025/install/two_wheeled_robot/share/two_wheeled_robot/models/Scrubs/meshes/Scrubs_Col.obj\n'}
[1.518461] (two_wheeled_robot) StdoutLine: {'line': b'-- Up-to-date: /home/greyflon/lab_2025/install/two_wheeled_robot/share/two_wheeled_robot/models/Scrubs/thumbnails\n'}
[1.518610] (two_wheeled_robot) StdoutLine: {'line': b'-- Up-to-date: /home/greyflon/lab_2025/install/two_wheeled_robot/share/two_wheeled_robot/models/Scrubs/thumbnails/5.png\n'}
[1.518893] (two_wheeled_robot) StdoutLine: {'line': b'-- Up-to-date: /home/greyflon/lab_2025/install/two_wheeled_robot/share/two_wheeled_robot/models/Scrubs/thumbnails/1.png\n'}
[1.519058] (two_wheeled_robot) StdoutLine: {'line': b'-- Up-to-date: /home/greyflon/lab_2025/install/two_wheeled_robot/share/two_wheeled_robot/models/Scrubs/thumbnails/2.png\n'}
[1.519206] (two_wheeled_robot) StdoutLine: {'line': b'-- Up-to-date: /home/greyflon/lab_2025/install/two_wheeled_robot/share/two_wheeled_robot/models/Scrubs/thumbnails/4.png\n'}
[1.519352] (two_wheeled_robot) StdoutLine: {'line': b'-- Up-to-date: /home/greyflon/lab_2025/install/two_wheeled_robot/share/two_wheeled_robot/models/Scrubs/thumbnails/3.png\n'}
[1.519499] (two_wheeled_robot) StdoutLine: {'line': b'-- Up-to-date: /home/greyflon/lab_2025/install/two_wheeled_robot/share/two_wheeled_robot/models/Scrubs/model.sdf\n'}
[1.519648] (two_wheeled_robot) StdoutLine: {'line': b'-- Up-to-date: /home/greyflon/lab_2025/install/two_wheeled_robot/share/two_wheeled_robot/models/conveyor\n'}
[1.519833] (two_wheeled_robot) StdoutLine: {'line': b'-- Up-to-date: /home/greyflon/lab_2025/install/two_wheeled_robot/share/two_wheeled_robot/models/conveyor/model.config\n'}
[1.519989] (two_wheeled_robot) StdoutLine: {'line': b'-- Up-to-date: /home/greyflon/lab_2025/install/two_wheeled_robot/share/two_wheeled_robot/models/conveyor/meshes\n'}
[1.520193] (two_wheeled_robot) StdoutLine: {'line': b'-- Up-to-date: /home/greyflon/lab_2025/install/two_wheeled_robot/share/two_wheeled_robot/models/conveyor/meshes/conveyor.dae\n'}
[1.520349] (two_wheeled_robot) StdoutLine: {'line': b'-- Up-to-date: /home/greyflon/lab_2025/install/two_wheeled_robot/share/two_wheeled_robot/models/conveyor/meshes/conveyor2.dae\n'}
[1.520498] (two_wheeled_robot) StdoutLine: {'line': b'-- Up-to-date: /home/greyflon/lab_2025/install/two_wheeled_robot/share/two_wheeled_robot/models/conveyor/meshes/conveyor.obj\n'}
[1.520646] (two_wheeled_robot) StdoutLine: {'line': b'-- Up-to-date: /home/greyflon/lab_2025/install/two_wheeled_robot/share/two_wheeled_robot/models/conveyor/model.sdf\n'}
[1.520953] (two_wheeled_robot) StdoutLine: {'line': b'-- Up-to-date: /home/greyflon/lab_2025/install/two_wheeled_robot/share/two_wheeled_robot/models/aws_robomaker_residential_AirconditionerA_01\n'}
[1.521102] (two_wheeled_robot) StdoutLine: {'line': b'-- Up-to-date: /home/greyflon/lab_2025/install/two_wheeled_robot/share/two_wheeled_robot/models/aws_robomaker_residential_AirconditionerA_01/model.config\n'}
[1.521253] (two_wheeled_robot) StdoutLine: {'line': b'-- Up-to-date: /home/greyflon/lab_2025/install/two_wheeled_robot/share/two_wheeled_robot/models/aws_robomaker_residential_AirconditionerA_01/meshes\n'}
[1.521476] (two_wheeled_robot) StdoutLine: {'line': b'-- Up-to-date: /home/greyflon/lab_2025/install/two_wheeled_robot/share/two_wheeled_robot/models/aws_robomaker_residential_AirconditionerA_01/meshes/aws_AirconditionerA_01_visual.DAE\n'}
[1.521668] (two_wheeled_robot) StdoutLine: {'line': b'-- Up-to-date: /home/greyflon/lab_2025/install/two_wheeled_robot/share/two_wheeled_robot/models/aws_robomaker_residential_AirconditionerA_01/meshes/aws_AirconditionerA_01_collision.DAE\n'}
[1.521941] (two_wheeled_robot) StdoutLine: {'line': b'-- Up-to-date: /home/greyflon/lab_2025/install/two_wheeled_robot/share/two_wheeled_robot/models/aws_robomaker_residential_AirconditionerA_01/materials\n'}
[1.522088] (two_wheeled_robot) StdoutLine: {'line': b'-- Up-to-date: /home/greyflon/lab_2025/install/two_wheeled_robot/share/two_wheeled_robot/models/aws_robomaker_residential_AirconditionerA_01/materials/textures\n'}
[1.522225] (two_wheeled_robot) StdoutLine: {'line': b'-- Up-to-date: /home/greyflon/lab_2025/install/two_wheeled_robot/share/two_wheeled_robot/models/aws_robomaker_residential_AirconditionerA_01/materials/textures/aws_AirconditionerA_01.png\n'}
[1.522362] (two_wheeled_robot) StdoutLine: {'line': b'-- Up-to-date: /home/greyflon/lab_2025/install/two_wheeled_robot/share/two_wheeled_robot/models/aws_robomaker_residential_AirconditionerA_01/model.sdf\n'}
[1.522498] (two_wheeled_robot) StdoutLine: {'line': b'-- Up-to-date: /home/greyflon/lab_2025/install/two_wheeled_robot/share/two_wheeled_robot/models/aws_robomaker_hospital_floor_01_floor\n'}
[1.522635] (two_wheeled_robot) StdoutLine: {'line': b'-- Up-to-date: /home/greyflon/lab_2025/install/two_wheeled_robot/share/two_wheeled_robot/models/aws_robomaker_hospital_floor_01_floor/model.config\n'}
[1.522807] (two_wheeled_robot) StdoutLine: {'line': b'-- Up-to-date: /home/greyflon/lab_2025/install/two_wheeled_robot/share/two_wheeled_robot/models/aws_robomaker_hospital_floor_01_floor/meshes\n'}
[1.522951] (two_wheeled_robot) StdoutLine: {'line': b'-- Up-to-date: /home/greyflon/lab_2025/install/two_wheeled_robot/share/two_wheeled_robot/models/aws_robomaker_hospital_floor_01_floor/meshes/aws_robomaker_hospital_floor_01_floor_collision.dae\n'}
[1.523088] (two_wheeled_robot) StdoutLine: {'line': b'-- Up-to-date: /home/greyflon/lab_2025/install/two_wheeled_robot/share/two_wheeled_robot/models/aws_robomaker_hospital_floor_01_floor/meshes/aws_robomaker_hospital_floor_01_floor_normal.png\n'}
[1.523225] (two_wheeled_robot) StdoutLine: {'line': b'-- Up-to-date: /home/greyflon/lab_2025/install/two_wheeled_robot/share/two_wheeled_robot/models/aws_robomaker_hospital_floor_01_floor/meshes/aws_robomaker_hospital_floor_01_floor.png\n'}
[1.523362] (two_wheeled_robot) StdoutLine: {'line': b'-- Up-to-date: /home/greyflon/lab_2025/install/two_wheeled_robot/share/two_wheeled_robot/models/aws_robomaker_hospital_floor_01_floor/meshes/aws_robomaker_hospital_floor_01_floor_visual.dae\n'}
[1.523499] (two_wheeled_robot) StdoutLine: {'line': b'-- Up-to-date: /home/greyflon/lab_2025/install/two_wheeled_robot/share/two_wheeled_robot/models/aws_robomaker_hospital_floor_01_floor/model.sdf\n'}
[1.523637] (two_wheeled_robot) StdoutLine: {'line': b'-- Up-to-date: /home/greyflon/lab_2025/install/two_wheeled_robot/share/two_wheeled_robot/models/post_office\n'}
[1.523804] (two_wheeled_robot) StdoutLine: {'line': b'-- Up-to-date: /home/greyflon/lab_2025/install/two_wheeled_robot/share/two_wheeled_robot/models/post_office/model.config\n'}
[1.523947] (two_wheeled_robot) StdoutLine: {'line': b'-- Up-to-date: /home/greyflon/lab_2025/install/two_wheeled_robot/share/two_wheeled_robot/models/post_office/meshes\n'}
[1.524084] (two_wheeled_robot) StdoutLine: {'line': b'-- Up-to-date: /home/greyflon/lab_2025/install/two_wheeled_robot/share/two_wheeled_robot/models/post_office/meshes/post_office.dae\n'}
[1.524220] (two_wheeled_robot) StdoutLine: {'line': b'-- Up-to-date: /home/greyflon/lab_2025/install/two_wheeled_robot/share/two_wheeled_robot/models/post_office/materials\n'}
[1.524385] (two_wheeled_robot) StdoutLine: {'line': b'-- Up-to-date: /home/greyflon/lab_2025/install/two_wheeled_robot/share/two_wheeled_robot/models/post_office/materials/textures\n'}
[1.524524] (two_wheeled_robot) StdoutLine: {'line': b'-- Up-to-date: /home/greyflon/lab_2025/install/two_wheeled_robot/share/two_wheeled_robot/models/post_office/materials/textures/post_office_diffuse.jpg\n'}
[1.524661] (two_wheeled_robot) StdoutLine: {'line': b'-- Up-to-date: /home/greyflon/lab_2025/install/two_wheeled_robot/share/two_wheeled_robot/models/post_office/materials/textures/post_office_spec.jpg\n'}
[1.524834] (two_wheeled_robot) StdoutLine: {'line': b'-- Up-to-date: /home/greyflon/lab_2025/install/two_wheeled_robot/share/two_wheeled_robot/models/post_office/model.sdf\n'}
[1.524977] (two_wheeled_robot) StdoutLine: {'line': b'-- Up-to-date: /home/greyflon/lab_2025/install/two_wheeled_robot/share/two_wheeled_robot/models/submarine\n'}
[1.525139] (two_wheeled_robot) StdoutLine: {'line': b'-- Up-to-date: /home/greyflon/lab_2025/install/two_wheeled_robot/share/two_wheeled_robot/models/submarine/model.config\n'}
[1.525276] (two_wheeled_robot) StdoutLine: {'line': b'-- Up-to-date: /home/greyflon/lab_2025/install/two_wheeled_robot/share/two_wheeled_robot/models/submarine/model.sdf\n'}
[1.525414] (two_wheeled_robot) StdoutLine: {'line': b'-- Up-to-date: /home/greyflon/lab_2025/install/two_wheeled_robot/share/two_wheeled_robot/models/tv_stand\n'}
[1.525550] (two_wheeled_robot) StdoutLine: {'line': b'-- Up-to-date: /home/greyflon/lab_2025/install/two_wheeled_robot/share/two_wheeled_robot/models/tv_stand/model.config\n'}
[1.525686] (two_wheeled_robot) StdoutLine: {'line': b'-- Up-to-date: /home/greyflon/lab_2025/install/two_wheeled_robot/share/two_wheeled_robot/models/tv_stand/meshes\n'}
[1.525863] (two_wheeled_robot) StdoutLine: {'line': b'-- Up-to-date: /home/greyflon/lab_2025/install/two_wheeled_robot/share/two_wheeled_robot/models/tv_stand/meshes/tv_stand.dae\n'}
[1.526006] (two_wheeled_robot) StdoutLine: {'line': b'-- Up-to-date: /home/greyflon/lab_2025/install/two_wheeled_robot/share/two_wheeled_robot/models/tv_stand/materials\n'}
[1.526144] (two_wheeled_robot) StdoutLine: {'line': b'-- Up-to-date: /home/greyflon/lab_2025/install/two_wheeled_robot/share/two_wheeled_robot/models/tv_stand/materials/textures\n'}
[1.526281] (two_wheeled_robot) StdoutLine: {'line': b'-- Up-to-date: /home/greyflon/lab_2025/install/two_wheeled_robot/share/two_wheeled_robot/models/tv_stand/materials/textures/stand_diffuse.png\n'}
[1.526418] (two_wheeled_robot) StdoutLine: {'line': b'-- Up-to-date: /home/greyflon/lab_2025/install/two_wheeled_robot/share/two_wheeled_robot/models/tv_stand/materials/textures/stand_specular.png\n'}
[1.526558] (two_wheeled_robot) StdoutLine: {'line': b'-- Up-to-date: /home/greyflon/lab_2025/install/two_wheeled_robot/share/two_wheeled_robot/models/tv_stand/materials/textures/tv_diffuse.png\n'}
[1.526795] (two_wheeled_robot) StdoutLine: {'line': b'-- Up-to-date: /home/greyflon/lab_2025/install/two_wheeled_robot/share/two_wheeled_robot/models/tv_stand/materials/textures/tv_specular.png\n'}
[1.527038] (two_wheeled_robot) StdoutLine: {'line': b'-- Up-to-date: /home/greyflon/lab_2025/install/two_wheeled_robot/share/two_wheeled_robot/models/tv_stand/model.sdf\n'}
[1.527230] (two_wheeled_robot) StdoutLine: {'line': b'-- Up-to-date: /home/greyflon/lab_2025/install/two_wheeled_robot/share/two_wheeled_robot/models/cafe_counter\n'}
[1.527419] (two_wheeled_robot) StdoutLine: {'line': b'-- Up-to-date: /home/greyflon/lab_2025/install/two_wheeled_robot/share/two_wheeled_robot/models/cafe_counter/model.config\n'}
[1.527616] (two_wheeled_robot) StdoutLine: {'line': b'-- Up-to-date: /home/greyflon/lab_2025/install/two_wheeled_robot/share/two_wheeled_robot/models/cafe_counter/meshes\n'}
[1.527862] (two_wheeled_robot) StdoutLine: {'line': b'-- Up-to-date: /home/greyflon/lab_2025/install/two_wheeled_robot/share/two_wheeled_robot/models/cafe_counter/meshes/counter_sink.obj\n'}
[1.528102] (two_wheeled_robot) StdoutLine: {'line': b'-- Up-to-date: /home/greyflon/lab_2025/install/two_wheeled_robot/share/two_wheeled_robot/models/cafe_counter/meshes/cafe_counter.obj\n'}
[1.528290] (two_wheeled_robot) StdoutLine: {'line': b'-- Up-to-date: /home/greyflon/lab_2025/install/two_wheeled_robot/share/two_wheeled_robot/models/cafe_counter/meshes/counter_no_sink.obj\n'}
[1.528433] (two_wheeled_robot) StdoutLine: {'line': b'-- Up-to-date: /home/greyflon/lab_2025/install/two_wheeled_robot/share/two_wheeled_robot/models/cafe_counter/meshes/cafe_counter.mtl\n'}
[1.528568] (two_wheeled_robot) StdoutLine: {'line': b'-- Up-to-date: /home/greyflon/lab_2025/install/two_wheeled_robot/share/two_wheeled_robot/models/cafe_counter/materials\n'}
[1.528720] (two_wheeled_robot) StdoutLine: {'line': b'-- Up-to-date: /home/greyflon/lab_2025/install/two_wheeled_robot/share/two_wheeled_robot/models/cafe_counter/materials/textures\n'}
[1.528879] (two_wheeled_robot) StdoutLine: {'line': b'-- Up-to-date: /home/greyflon/lab_2025/install/two_wheeled_robot/share/two_wheeled_robot/models/cafe_counter/materials/textures/cafe_counter.png\n'}
[1.529017] (two_wheeled_robot) StdoutLine: {'line': b'-- Up-to-date: /home/greyflon/lab_2025/install/two_wheeled_robot/share/two_wheeled_robot/models/cafe_counter/model.sdf\n'}
[1.529216] (two_wheeled_robot) StdoutLine: {'line': b'-- Up-to-date: /home/greyflon/lab_2025/install/two_wheeled_robot/share/two_wheeled_robot/models/aws_robomaker_residential_SofaC_01\n'}
[1.529384] (two_wheeled_robot) StdoutLine: {'line': b'-- Up-to-date: /home/greyflon/lab_2025/install/two_wheeled_robot/share/two_wheeled_robot/models/aws_robomaker_residential_SofaC_01/model.config\n'}
[1.529524] (two_wheeled_robot) StdoutLine: {'line': b'-- Up-to-date: /home/greyflon/lab_2025/install/two_wheeled_robot/share/two_wheeled_robot/models/aws_robomaker_residential_SofaC_01/meshes\n'}
[1.529660] (two_wheeled_robot) StdoutLine: {'line': b'-- Up-to-date: /home/greyflon/lab_2025/install/two_wheeled_robot/share/two_wheeled_robot/models/aws_robomaker_residential_SofaC_01/meshes/aws_SofaC_01_collision.DAE\n'}
[1.529829] (two_wheeled_robot) StdoutLine: {'line': b'-- Up-to-date: /home/greyflon/lab_2025/install/two_wheeled_robot/share/two_wheeled_robot/models/aws_robomaker_residential_SofaC_01/meshes/aws_SofaC_01_visual.DAE\n'}
[1.529972] (two_wheeled_robot) StdoutLine: {'line': b'-- Up-to-date: /home/greyflon/lab_2025/install/two_wheeled_robot/share/two_wheeled_robot/models/aws_robomaker_residential_SofaC_01/materials\n'}
[1.530108] (two_wheeled_robot) StdoutLine: {'line': b'-- Up-to-date: /home/greyflon/lab_2025/install/two_wheeled_robot/share/two_wheeled_robot/models/aws_robomaker_residential_SofaC_01/materials/textures\n'}
[1.530244] (two_wheeled_robot) StdoutLine: {'line': b'-- Up-to-date: /home/greyflon/lab_2025/install/two_wheeled_robot/share/two_wheeled_robot/models/aws_robomaker_residential_SofaC_01/materials/textures/aws_SofaC_01.png\n'}
[1.530406] (two_wheeled_robot) StdoutLine: {'line': b'-- Up-to-date: /home/greyflon/lab_2025/install/two_wheeled_robot/share/two_wheeled_robot/models/aws_robomaker_residential_SofaC_01/model.sdf\n'}
[1.530545] (two_wheeled_robot) StdoutLine: {'line': b'-- Up-to-date: /home/greyflon/lab_2025/install/two_wheeled_robot/share/two_wheeled_robot/models/aws_robomaker_warehouse_PalletJackB_01\n'}
[1.530680] (two_wheeled_robot) StdoutLine: {'line': b'-- Up-to-date: /home/greyflon/lab_2025/install/two_wheeled_robot/share/two_wheeled_robot/models/aws_robomaker_warehouse_PalletJackB_01/model.config\n'}
[1.530849] (two_wheeled_robot) StdoutLine: {'line': b'-- Up-to-date: /home/greyflon/lab_2025/install/two_wheeled_robot/share/two_wheeled_robot/models/aws_robomaker_warehouse_PalletJackB_01/meshes\n'}
[1.530990] (two_wheeled_robot) StdoutLine: {'line': b'-- Up-to-date: /home/greyflon/lab_2025/install/two_wheeled_robot/share/two_wheeled_robot/models/aws_robomaker_warehouse_PalletJackB_01/meshes/aws_robomaker_warehouse_PalletJackB_01_visual.DAE\n'}
[1.531127] (two_wheeled_robot) StdoutLine: {'line': b'-- Up-to-date: /home/greyflon/lab_2025/install/two_wheeled_robot/share/two_wheeled_robot/models/aws_robomaker_warehouse_PalletJackB_01/meshes/aws_robomaker_warehouse_PalletJackB_01_collision.DAE\n'}
[1.531289] (two_wheeled_robot) StdoutLine: {'line': b'-- Up-to-date: /home/greyflon/lab_2025/install/two_wheeled_robot/share/two_wheeled_robot/models/aws_robomaker_warehouse_PalletJackB_01/materials\n'}
[1.531426] (two_wheeled_robot) StdoutLine: {'line': b'-- Up-to-date: /home/greyflon/lab_2025/install/two_wheeled_robot/share/two_wheeled_robot/models/aws_robomaker_warehouse_PalletJackB_01/materials/textures\n'}
[1.531569] (two_wheeled_robot) StdoutLine: {'line': b'-- Up-to-date: /home/greyflon/lab_2025/install/two_wheeled_robot/share/two_wheeled_robot/models/aws_robomaker_warehouse_PalletJackB_01/materials/textures/aws_robomaker_warehouse_PalletJackB_02.png\n'}
[1.531720] (two_wheeled_robot) StdoutLine: {'line': b'-- Up-to-date: /home/greyflon/lab_2025/install/two_wheeled_robot/share/two_wheeled_robot/models/aws_robomaker_warehouse_PalletJackB_01/materials/textures/aws_robomaker_warehouse_PalletJackB_01.png\n'}
[1.531878] (two_wheeled_robot) StdoutLine: {'line': b'-- Up-to-date: /home/greyflon/lab_2025/install/two_wheeled_robot/share/two_wheeled_robot/models/aws_robomaker_warehouse_PalletJackB_01/model.sdf\n'}
[1.532016] (two_wheeled_robot) StdoutLine: {'line': b'-- Up-to-date: /home/greyflon/lab_2025/install/two_wheeled_robot/share/two_wheeled_robot/models/aws_robomaker_residential_Ball_01\n'}
[1.532153] (two_wheeled_robot) StdoutLine: {'line': b'-- Up-to-date: /home/greyflon/lab_2025/install/two_wheeled_robot/share/two_wheeled_robot/models/aws_robomaker_residential_Ball_01/model.config\n'}
[1.532288] (two_wheeled_robot) StdoutLine: {'line': b'-- Up-to-date: /home/greyflon/lab_2025/install/two_wheeled_robot/share/two_wheeled_robot/models/aws_robomaker_residential_Ball_01/meshes\n'}
[1.532426] (two_wheeled_robot) StdoutLine: {'line': b'-- Up-to-date: /home/greyflon/lab_2025/install/two_wheeled_robot/share/two_wheeled_robot/models/aws_robomaker_residential_Ball_01/meshes/aws_Ball_01_collision.DAE\n'}
[1.532563] (two_wheeled_robot) StdoutLine: {'line': b'-- Up-to-date: /home/greyflon/lab_2025/install/two_wheeled_robot/share/two_wheeled_robot/models/aws_robomaker_residential_Ball_01/meshes/aws_Ball_01_visual.DAE\n'}
[1.532813] (two_wheeled_robot) StdoutLine: {'line': b'-- Up-to-date: /home/greyflon/lab_2025/install/two_wheeled_robot/share/two_wheeled_robot/models/aws_robomaker_residential_Ball_01/materials\n'}
[1.533082] (two_wheeled_robot) StdoutLine: {'line': b'-- Up-to-date: /home/greyflon/lab_2025/install/two_wheeled_robot/share/two_wheeled_robot/models/aws_robomaker_residential_Ball_01/materials/textures\n'}
[1.533342] (two_wheeled_robot) StdoutLine: {'line': b'-- Up-to-date: /home/greyflon/lab_2025/install/two_wheeled_robot/share/two_wheeled_robot/models/aws_robomaker_residential_Ball_01/materials/textures/aws_Ball_01.png\n'}
[1.533548] (two_wheeled_robot) StdoutLine: {'line': b'-- Up-to-date: /home/greyflon/lab_2025/install/two_wheeled_robot/share/two_wheeled_robot/models/aws_robomaker_residential_Ball_01/model.sdf\n'}
[1.533712] (two_wheeled_robot) StdoutLine: {'line': b'-- Up-to-date: /home/greyflon/lab_2025/install/two_wheeled_robot/share/two_wheeled_robot/models/submarine_sinking\n'}
[1.533948] (two_wheeled_robot) StdoutLine: {'line': b'-- Up-to-date: /home/greyflon/lab_2025/install/two_wheeled_robot/share/two_wheeled_robot/models/submarine_sinking/model.config\n'}
[1.534098] (two_wheeled_robot) StdoutLine: {'line': b'-- Up-to-date: /home/greyflon/lab_2025/install/two_wheeled_robot/share/two_wheeled_robot/models/submarine_sinking/model.sdf\n'}
[1.534237] (two_wheeled_robot) StdoutLine: {'line': b'-- Up-to-date: /home/greyflon/lab_2025/install/two_wheeled_robot/share/two_wheeled_robot/models/submarine_sinking/model.sdf.erb\n'}
[1.534373] (two_wheeled_robot) StdoutLine: {'line': b'-- Up-to-date: /home/greyflon/lab_2025/install/two_wheeled_robot/share/two_wheeled_robot/models/aws_robomaker_residential_RoomWall_01\n'}
[1.534527] (two_wheeled_robot) StdoutLine: {'line': b'-- Up-to-date: /home/greyflon/lab_2025/install/two_wheeled_robot/share/two_wheeled_robot/models/aws_robomaker_residential_RoomWall_01/model.config\n'}
[1.534665] (two_wheeled_robot) StdoutLine: {'line': b'-- Up-to-date: /home/greyflon/lab_2025/install/two_wheeled_robot/share/two_wheeled_robot/models/aws_robomaker_residential_RoomWall_01/meshes\n'}
[1.534944] (two_wheeled_robot) StdoutLine: {'line': b'-- Up-to-date: /home/greyflon/lab_2025/install/two_wheeled_robot/share/two_wheeled_robot/models/aws_robomaker_residential_RoomWall_01/meshes/aws_RoomWall_01_collision.DAE\n'}
[1.535135] (two_wheeled_robot) StdoutLine: {'line': b'-- Up-to-date: /home/greyflon/lab_2025/install/two_wheeled_robot/share/two_wheeled_robot/models/aws_robomaker_residential_RoomWall_01/meshes/aws_RoomWall_01_visual.DAE\n'}
[1.535278] (two_wheeled_robot) StdoutLine: {'line': b'-- Up-to-date: /home/greyflon/lab_2025/install/two_wheeled_robot/share/two_wheeled_robot/models/aws_robomaker_residential_RoomWall_01/materials\n'}
[1.535427] (two_wheeled_robot) StdoutLine: {'line': b'-- Up-to-date: /home/greyflon/lab_2025/install/two_wheeled_robot/share/two_wheeled_robot/models/aws_robomaker_residential_RoomWall_01/materials/textures\n'}
[1.535576] (two_wheeled_robot) StdoutLine: {'line': b'-- Up-to-date: /home/greyflon/lab_2025/install/two_wheeled_robot/share/two_wheeled_robot/models/aws_robomaker_residential_RoomWall_01/materials/textures/aws_RoomWall_01.png\n'}
[1.535742] (two_wheeled_robot) StdoutLine: {'line': b'-- Up-to-date: /home/greyflon/lab_2025/install/two_wheeled_robot/share/two_wheeled_robot/models/aws_robomaker_residential_RoomWall_01/model.sdf\n'}
[1.535915] (two_wheeled_robot) StdoutLine: {'line': b'-- Up-to-date: /home/greyflon/lab_2025/install/two_wheeled_robot/share/two_wheeled_robot/models/casual_male2\n'}
[1.536073] (two_wheeled_robot) StdoutLine: {'line': b'-- Up-to-date: /home/greyflon/lab_2025/install/two_wheeled_robot/share/two_wheeled_robot/models/casual_male2/model.config\n'}
[1.536222] (two_wheeled_robot) StdoutLine: {'line': b'-- Up-to-date: /home/greyflon/lab_2025/install/two_wheeled_robot/share/two_wheeled_robot/models/casual_male2/meshes\n'}
[1.536371] (two_wheeled_robot) StdoutLine: {'line': b'-- Up-to-date: /home/greyflon/lab_2025/install/two_wheeled_robot/share/two_wheeled_robot/models/casual_male2/meshes/casual_male2.dae\n'}
[1.536522] (two_wheeled_robot) StdoutLine: {'line': b'-- Up-to-date: /home/greyflon/lab_2025/install/two_wheeled_robot/share/two_wheeled_robot/models/casual_male2/materials\n'}
[1.536673] (two_wheeled_robot) StdoutLine: {'line': b'-- Up-to-date: /home/greyflon/lab_2025/install/two_wheeled_robot/share/two_wheeled_robot/models/casual_male2/materials/textures\n'}
[1.536913] (two_wheeled_robot) StdoutLine: {'line': b'-- Up-to-date: /home/greyflon/lab_2025/install/two_wheeled_robot/share/two_wheeled_robot/models/casual_male2/materials/textures/young_darkskinned_male_diffuse.png\n'}
[1.537072] (two_wheeled_robot) StdoutLine: {'line': b'-- Up-to-date: /home/greyflon/lab_2025/install/two_wheeled_robot/share/two_wheeled_robot/models/casual_male2/materials/textures/male_casualsuit05_normal.png\n'}
[1.537223] (two_wheeled_robot) StdoutLine: {'line': b'-- Up-to-date: /home/greyflon/lab_2025/install/two_wheeled_robot/share/two_wheeled_robot/models/casual_male2/materials/textures/afro_diffuse.png\n'}
[1.537448] (two_wheeled_robot) StdoutLine: {'line': b'-- Up-to-date: /home/greyflon/lab_2025/install/two_wheeled_robot/share/two_wheeled_robot/models/casual_male2/materials/textures/eyebrow012.png\n'}
[1.537696] (two_wheeled_robot) StdoutLine: {'line': b'-- Up-to-date: /home/greyflon/lab_2025/install/two_wheeled_robot/share/two_wheeled_robot/models/casual_male2/materials/textures/brown_eye.png\n'}
[1.538039] (two_wheeled_robot) StdoutLine: {'line': b'-- Up-to-date: /home/greyflon/lab_2025/install/two_wheeled_robot/share/two_wheeled_robot/models/casual_male2/materials/textures/male_casualsuit05_diffuse.png\n'}
[1.538181] (two_wheeled_robot) StdoutLine: {'line': b'-- Up-to-date: /home/greyflon/lab_2025/install/two_wheeled_robot/share/two_wheeled_robot/models/casual_male2/model.sdf\n'}
[1.538424] (two_wheeled_robot) StdoutLine: {'line': b'-- Up-to-date: /home/greyflon/lab_2025/install/two_wheeled_robot/share/two_wheeled_robot/models/house_1\n'}
[1.538573] (two_wheeled_robot) StdoutLine: {'line': b'-- Up-to-date: /home/greyflon/lab_2025/install/two_wheeled_robot/share/two_wheeled_robot/models/house_1/model-1_4.sdf\n'}
[1.538655] (two_wheeled_robot) StdoutLine: {'line': b'-- Up-to-date: /home/greyflon/lab_2025/install/two_wheeled_robot/share/two_wheeled_robot/models/house_1/model.config\n'}
[1.538750] (two_wheeled_robot) StdoutLine: {'line': b'-- Up-to-date: /home/greyflon/lab_2025/install/two_wheeled_robot/share/two_wheeled_robot/models/house_1/meshes\n'}
[1.538840] (two_wheeled_robot) StdoutLine: {'line': b'-- Up-to-date: /home/greyflon/lab_2025/install/two_wheeled_robot/share/two_wheeled_robot/models/house_1/meshes/house_1.dae\n'}
[1.538948] (two_wheeled_robot) StdoutLine: {'line': b'-- Up-to-date: /home/greyflon/lab_2025/install/two_wheeled_robot/share/two_wheeled_robot/models/house_1/materials\n'}
[1.539034] (two_wheeled_robot) StdoutLine: {'line': b'-- Up-to-date: /home/greyflon/lab_2025/install/two_wheeled_robot/share/two_wheeled_robot/models/house_1/materials/scripts\n'}
[1.539133] (two_wheeled_robot) StdoutLine: {'line': b'-- Up-to-date: /home/greyflon/lab_2025/install/two_wheeled_robot/share/two_wheeled_robot/models/house_1/materials/scripts/house_1.material\n'}
[1.539228] (two_wheeled_robot) StdoutLine: {'line': b'-- Up-to-date: /home/greyflon/lab_2025/install/two_wheeled_robot/share/two_wheeled_robot/models/house_1/materials/textures\n'}
[1.539326] (two_wheeled_robot) StdoutLine: {'line': b'-- Up-to-date: /home/greyflon/lab_2025/install/two_wheeled_robot/share/two_wheeled_robot/models/house_1/materials/textures/House_1_Spec.png\n'}
[1.539417] (two_wheeled_robot) StdoutLine: {'line': b'-- Up-to-date: /home/greyflon/lab_2025/install/two_wheeled_robot/share/two_wheeled_robot/models/house_1/materials/textures/House_1_Normal.png\n'}
[1.539523] (two_wheeled_robot) StdoutLine: {'line': b'-- Up-to-date: /home/greyflon/lab_2025/install/two_wheeled_robot/share/two_wheeled_robot/models/house_1/materials/textures/House_1_Diffuse.png\n'}
[1.539610] (two_wheeled_robot) StdoutLine: {'line': b'-- Up-to-date: /home/greyflon/lab_2025/install/two_wheeled_robot/share/two_wheeled_robot/models/house_1/model.sdf\n'}
[1.539744] (two_wheeled_robot) StdoutLine: {'line': b'-- Up-to-date: /home/greyflon/lab_2025/install/two_wheeled_robot/share/two_wheeled_robot/models/house_1/model-1_3.sdf\n'}
[1.539839] (two_wheeled_robot) StdoutLine: {'line': b'-- Up-to-date: /home/greyflon/lab_2025/install/two_wheeled_robot/share/two_wheeled_robot/models/aws_robomaker_residential_KitchenUtensils_01\n'}
[1.540050] (two_wheeled_robot) StdoutLine: {'line': b'-- Up-to-date: /home/greyflon/lab_2025/install/two_wheeled_robot/share/two_wheeled_robot/models/aws_robomaker_residential_KitchenUtensils_01/model.config\n'}
[1.540203] (two_wheeled_robot) StdoutLine: {'line': b'-- Up-to-date: /home/greyflon/lab_2025/install/two_wheeled_robot/share/two_wheeled_robot/models/aws_robomaker_residential_KitchenUtensils_01/meshes\n'}
[1.540283] (two_wheeled_robot) StdoutLine: {'line': b'-- Up-to-date: /home/greyflon/lab_2025/install/two_wheeled_robot/share/two_wheeled_robot/models/aws_robomaker_residential_KitchenUtensils_01/meshes/aws_KitchenUtensils_01_visual.DAE\n'}
[1.540422] (two_wheeled_robot) StdoutLine: {'line': b'-- Up-to-date: /home/greyflon/lab_2025/install/two_wheeled_robot/share/two_wheeled_robot/models/aws_robomaker_residential_KitchenUtensils_01/meshes/aws_KitchenUtensils_01_collision.DAE\n'}
[1.540503] (two_wheeled_robot) StdoutLine: {'line': b'-- Up-to-date: /home/greyflon/lab_2025/install/two_wheeled_robot/share/two_wheeled_robot/models/aws_robomaker_residential_KitchenUtensils_01/materials\n'}
[1.540649] (two_wheeled_robot) StdoutLine: {'line': b'-- Up-to-date: /home/greyflon/lab_2025/install/two_wheeled_robot/share/two_wheeled_robot/models/aws_robomaker_residential_KitchenUtensils_01/materials/textures\n'}
[1.540764] (two_wheeled_robot) StdoutLine: {'line': b'-- Up-to-date: /home/greyflon/lab_2025/install/two_wheeled_robot/share/two_wheeled_robot/models/aws_robomaker_residential_KitchenUtensils_01/materials/textures/aws_KitchenUtensils_01.png\n'}
[1.540896] (two_wheeled_robot) StdoutLine: {'line': b'-- Up-to-date: /home/greyflon/lab_2025/install/two_wheeled_robot/share/two_wheeled_robot/models/aws_robomaker_residential_KitchenUtensils_01/model.sdf\n'}
[1.540985] (two_wheeled_robot) StdoutLine: {'line': b'-- Up-to-date: /home/greyflon/lab_2025/install/two_wheeled_robot/share/two_wheeled_robot/models/person_walking\n'}
[1.541107] (two_wheeled_robot) StdoutLine: {'line': b'-- Up-to-date: /home/greyflon/lab_2025/install/two_wheeled_robot/share/two_wheeled_robot/models/person_walking/model.config\n'}
[1.541206] (two_wheeled_robot) StdoutLine: {'line': b'-- Up-to-date: /home/greyflon/lab_2025/install/two_wheeled_robot/share/two_wheeled_robot/models/person_walking/meshes\n'}
[1.541307] (two_wheeled_robot) StdoutLine: {'line': b'-- Up-to-date: /home/greyflon/lab_2025/install/two_wheeled_robot/share/two_wheeled_robot/models/person_walking/meshes/walking.dae\n'}
[1.541404] (two_wheeled_robot) StdoutLine: {'line': b'-- Up-to-date: /home/greyflon/lab_2025/install/two_wheeled_robot/share/two_wheeled_robot/models/person_walking/materials\n'}
[1.541518] (two_wheeled_robot) StdoutLine: {'line': b'-- Up-to-date: /home/greyflon/lab_2025/install/two_wheeled_robot/share/two_wheeled_robot/models/person_walking/materials/textures\n'}
[1.541672] (two_wheeled_robot) StdoutLine: {'line': b'-- Up-to-date: /home/greyflon/lab_2025/install/two_wheeled_robot/share/two_wheeled_robot/models/person_walking/materials/textures/eyebrow001-unmodified.png\n'}
[1.541752] (two_wheeled_robot) StdoutLine: {'line': b'-- Up-to-date: /home/greyflon/lab_2025/install/two_wheeled_robot/share/two_wheeled_robot/models/person_walking/materials/textures/male02_diffuse_black-unmodified.png\n'}
[1.541822] (two_wheeled_robot) StdoutLine: {'line': b'-- Up-to-date: /home/greyflon/lab_2025/install/two_wheeled_robot/share/two_wheeled_robot/models/person_walking/materials/textures/green_eye.png\n'}
[1.541883] (two_wheeled_robot) StdoutLine: {'line': b'-- Up-to-date: /home/greyflon/lab_2025/install/two_wheeled_robot/share/two_wheeled_robot/models/person_walking/materials/textures/jeans_basic_diffuse.png\n'}
[1.541942] (two_wheeled_robot) StdoutLine: {'line': b'-- Up-to-date: /home/greyflon/lab_2025/install/two_wheeled_robot/share/two_wheeled_robot/models/person_walking/materials/textures/eyebrow001.png\n'}
[1.542000] (two_wheeled_robot) StdoutLine: {'line': b'-- Up-to-date: /home/greyflon/lab_2025/install/two_wheeled_robot/share/two_wheeled_robot/models/person_walking/materials/textures/tshirt02_normals.png\n'}
[1.542060] (two_wheeled_robot) StdoutLine: {'line': b'-- Up-to-date: /home/greyflon/lab_2025/install/two_wheeled_robot/share/two_wheeled_robot/models/person_walking/materials/textures/jeans01_normals.png\n'}
[1.542117] (two_wheeled_robot) StdoutLine: {'line': b'-- Up-to-date: /home/greyflon/lab_2025/install/two_wheeled_robot/share/two_wheeled_robot/models/person_walking/materials/textures/male02_diffuse_black.png\n'}
[1.542175] (two_wheeled_robot) StdoutLine: {'line': b'-- Up-to-date: /home/greyflon/lab_2025/install/two_wheeled_robot/share/two_wheeled_robot/models/person_walking/materials/textures/young_lightskinned_male_diffuse.png\n'}
[1.542233] (two_wheeled_robot) StdoutLine: {'line': b'-- Up-to-date: /home/greyflon/lab_2025/install/two_wheeled_robot/share/two_wheeled_robot/models/person_walking/materials/textures/teeth.png\n'}
[1.542304] (two_wheeled_robot) StdoutLine: {'line': b'-- Up-to-date: /home/greyflon/lab_2025/install/two_wheeled_robot/share/two_wheeled_robot/models/person_walking/materials/textures/tshirt02_texture.png\n'}
[1.542362] (two_wheeled_robot) StdoutLine: {'line': b'-- Up-to-date: /home/greyflon/lab_2025/install/two_wheeled_robot/share/two_wheeled_robot/models/person_walking/model.sdf\n'}
[1.542484] (two_wheeled_robot) StdoutLine: {'line': b'-- Up-to-date: /home/greyflon/lab_2025/install/two_wheeled_robot/share/two_wheeled_robot/models/aws_robomaker_residential_Chandelier_01\n'}
[1.542617] (two_wheeled_robot) StdoutLine: {'line': b'-- Up-to-date: /home/greyflon/lab_2025/install/two_wheeled_robot/share/two_wheeled_robot/models/aws_robomaker_residential_Chandelier_01/model.config\n'}
[1.542768] (two_wheeled_robot) StdoutLine: {'line': b'-- Up-to-date: /home/greyflon/lab_2025/install/two_wheeled_robot/share/two_wheeled_robot/models/aws_robomaker_residential_Chandelier_01/meshes\n'}
[1.542894] (two_wheeled_robot) StdoutLine: {'line': b'-- Up-to-date: /home/greyflon/lab_2025/install/two_wheeled_robot/share/two_wheeled_robot/models/aws_robomaker_residential_Chandelier_01/meshes/aws_Chandelier_01_collision.DAE\n'}
[1.542955] (two_wheeled_robot) StdoutLine: {'line': b'-- Up-to-date: /home/greyflon/lab_2025/install/two_wheeled_robot/share/two_wheeled_robot/models/aws_robomaker_residential_Chandelier_01/meshes/aws_Chandelier_01_visual.DAE\n'}
[1.543053] (two_wheeled_robot) StdoutLine: {'line': b'-- Up-to-date: /home/greyflon/lab_2025/install/two_wheeled_robot/share/two_wheeled_robot/models/aws_robomaker_residential_Chandelier_01/meshes/aws_Chandelier_01.DAE\n'}
[1.543118] (two_wheeled_robot) StdoutLine: {'line': b'-- Up-to-date: /home/greyflon/lab_2025/install/two_wheeled_robot/share/two_wheeled_robot/models/aws_robomaker_residential_Chandelier_01/materials\n'}
[1.543182] (two_wheeled_robot) StdoutLine: {'line': b'-- Up-to-date: /home/greyflon/lab_2025/install/two_wheeled_robot/share/two_wheeled_robot/models/aws_robomaker_residential_Chandelier_01/materials/textures\n'}
[1.543245] (two_wheeled_robot) StdoutLine: {'line': b'-- Up-to-date: /home/greyflon/lab_2025/install/two_wheeled_robot/share/two_wheeled_robot/models/aws_robomaker_residential_Chandelier_01/materials/textures/aws_Chandelier_01.png\n'}
[1.543310] (two_wheeled_robot) StdoutLine: {'line': b'-- Up-to-date: /home/greyflon/lab_2025/install/two_wheeled_robot/share/two_wheeled_robot/models/aws_robomaker_residential_Chandelier_01/model.sdf\n'}
[1.543374] (two_wheeled_robot) StdoutLine: {'line': b'-- Up-to-date: /home/greyflon/lab_2025/install/two_wheeled_robot/share/two_wheeled_robot/models/big_plant\n'}
[1.543438] (two_wheeled_robot) StdoutLine: {'line': b'-- Up-to-date: /home/greyflon/lab_2025/install/two_wheeled_robot/share/two_wheeled_robot/models/big_plant/mesh\n'}
[1.543500] (two_wheeled_robot) StdoutLine: {'line': b'-- Up-to-date: /home/greyflon/lab_2025/install/two_wheeled_robot/share/two_wheeled_robot/models/big_plant/mesh/big_plant.stl\n'}
[1.543570] (two_wheeled_robot) StdoutLine: {'line': b'-- Up-to-date: /home/greyflon/lab_2025/install/two_wheeled_robot/share/two_wheeled_robot/models/big_plant/model.config\n'}
[1.543635] (two_wheeled_robot) StdoutLine: {'line': b'-- Up-to-date: /home/greyflon/lab_2025/install/two_wheeled_robot/share/two_wheeled_robot/models/big_plant/model.sdf\n'}
[1.543705] (two_wheeled_robot) StdoutLine: {'line': b'-- Up-to-date: /home/greyflon/lab_2025/install/two_wheeled_robot/share/two_wheeled_robot/models/aws_robomaker_residential_LightC_01\n'}
[1.543822] (two_wheeled_robot) StdoutLine: {'line': b'-- Up-to-date: /home/greyflon/lab_2025/install/two_wheeled_robot/share/two_wheeled_robot/models/aws_robomaker_residential_LightC_01/model.config\n'}
[1.543969] (two_wheeled_robot) StdoutLine: {'line': b'-- Up-to-date: /home/greyflon/lab_2025/install/two_wheeled_robot/share/two_wheeled_robot/models/aws_robomaker_residential_LightC_01/meshes\n'}
[1.544082] (two_wheeled_robot) StdoutLine: {'line': b'-- Up-to-date: /home/greyflon/lab_2025/install/two_wheeled_robot/share/two_wheeled_robot/models/aws_robomaker_residential_LightC_01/meshes/aws_LightC_01_visual.DAE\n'}
[1.544142] (two_wheeled_robot) StdoutLine: {'line': b'-- Up-to-date: /home/greyflon/lab_2025/install/two_wheeled_robot/share/two_wheeled_robot/models/aws_robomaker_residential_LightC_01/meshes/aws_LightC_01_collision.DAE\n'}
[1.544257] (two_wheeled_robot) StdoutLine: {'line': b'-- Up-to-date: /home/greyflon/lab_2025/install/two_wheeled_robot/share/two_wheeled_robot/models/aws_robomaker_residential_LightC_01/materials\n'}
[1.544317] (two_wheeled_robot) StdoutLine: {'line': b'-- Up-to-date: /home/greyflon/lab_2025/install/two_wheeled_robot/share/two_wheeled_robot/models/aws_robomaker_residential_LightC_01/materials/textures\n'}
[1.544375] (two_wheeled_robot) StdoutLine: {'line': b'-- Up-to-date: /home/greyflon/lab_2025/install/two_wheeled_robot/share/two_wheeled_robot/models/aws_robomaker_residential_LightC_01/materials/textures/aws_LightC_01.png\n'}
[1.544494] (two_wheeled_robot) StdoutLine: {'line': b'-- Up-to-date: /home/greyflon/lab_2025/install/two_wheeled_robot/share/two_wheeled_robot/models/aws_robomaker_residential_LightC_01/model.sdf\n'}
[1.544554] (two_wheeled_robot) StdoutLine: {'line': b'-- Up-to-date: /home/greyflon/lab_2025/install/two_wheeled_robot/share/two_wheeled_robot/models/elegant_male\n'}
[1.544611] (two_wheeled_robot) StdoutLine: {'line': b'-- Up-to-date: /home/greyflon/lab_2025/install/two_wheeled_robot/share/two_wheeled_robot/models/elegant_male/model.config\n'}
[1.544740] (two_wheeled_robot) StdoutLine: {'line': b'-- Up-to-date: /home/greyflon/lab_2025/install/two_wheeled_robot/share/two_wheeled_robot/models/elegant_male/meshes\n'}
[1.544816] (two_wheeled_robot) StdoutLine: {'line': b'-- Up-to-date: /home/greyflon/lab_2025/install/two_wheeled_robot/share/two_wheeled_robot/models/elegant_male/meshes/elegant_male.dae\n'}
[1.544875] (two_wheeled_robot) StdoutLine: {'line': b'-- Up-to-date: /home/greyflon/lab_2025/install/two_wheeled_robot/share/two_wheeled_robot/models/elegant_male/meshes/elegant_male.png\n'}
[1.544933] (two_wheeled_robot) StdoutLine: {'line': b'-- Up-to-date: /home/greyflon/lab_2025/install/two_wheeled_robot/share/two_wheeled_robot/models/elegant_male/materials\n'}
[1.544991] (two_wheeled_robot) StdoutLine: {'line': b'-- Up-to-date: /home/greyflon/lab_2025/install/two_wheeled_robot/share/two_wheeled_robot/models/elegant_male/materials/textures\n'}
[1.545048] (two_wheeled_robot) StdoutLine: {'line': b'-- Up-to-date: /home/greyflon/lab_2025/install/two_wheeled_robot/share/two_wheeled_robot/models/elegant_male/materials/textures/shoes01_normal.png\n'}
[1.545105] (two_wheeled_robot) StdoutLine: {'line': b'-- Up-to-date: /home/greyflon/lab_2025/install/two_wheeled_robot/share/two_wheeled_robot/models/elegant_male/materials/textures/short01_diffuse.png\n'}
[1.545162] (two_wheeled_robot) StdoutLine: {'line': b'-- Up-to-date: /home/greyflon/lab_2025/install/two_wheeled_robot/share/two_wheeled_robot/models/elegant_male/materials/textures/eyebrow005.png\n'}
[1.545219] (two_wheeled_robot) StdoutLine: {'line': b'-- Up-to-date: /home/greyflon/lab_2025/install/two_wheeled_robot/share/two_wheeled_robot/models/elegant_male/materials/textures/male_elegantsuit01_diffuse.png\n'}
[1.545277] (two_wheeled_robot) StdoutLine: {'line': b'-- Up-to-date: /home/greyflon/lab_2025/install/two_wheeled_robot/share/two_wheeled_robot/models/elegant_male/materials/textures/young_lightskinned_male_diffuse3.png\n'}
[1.545334] (two_wheeled_robot) StdoutLine: {'line': b'-- Up-to-date: /home/greyflon/lab_2025/install/two_wheeled_robot/share/two_wheeled_robot/models/elegant_male/materials/textures/brown_eye.png\n'}
[1.545392] (two_wheeled_robot) StdoutLine: {'line': b'-- Up-to-date: /home/greyflon/lab_2025/install/two_wheeled_robot/share/two_wheeled_robot/models/elegant_male/materials/textures/shoes01_diffuse.png\n'}
[1.545449] (two_wheeled_robot) StdoutLine: {'line': b'-- Up-to-date: /home/greyflon/lab_2025/install/two_wheeled_robot/share/two_wheeled_robot/models/elegant_male/model.sdf\n'}
[1.545506] (two_wheeled_robot) StdoutLine: {'line': b'-- Up-to-date: /home/greyflon/lab_2025/install/two_wheeled_robot/share/two_wheeled_robot/models/aws_robomaker_hospital_floor_01_walls\n'}
[1.545564] (two_wheeled_robot) StdoutLine: {'line': b'-- Up-to-date: /home/greyflon/lab_2025/install/two_wheeled_robot/share/two_wheeled_robot/models/aws_robomaker_hospital_floor_01_walls/model.config\n'}
[1.545636] (two_wheeled_robot) StdoutLine: {'line': b'-- Up-to-date: /home/greyflon/lab_2025/install/two_wheeled_robot/share/two_wheeled_robot/models/aws_robomaker_hospital_floor_01_walls/meshes\n'}
[1.545695] (two_wheeled_robot) StdoutLine: {'line': b'-- Up-to-date: /home/greyflon/lab_2025/install/two_wheeled_robot/share/two_wheeled_robot/models/aws_robomaker_hospital_floor_01_walls/meshes/aws_robomaker_hospital_floor_01_walls.png\n'}
[1.545770] (two_wheeled_robot) StdoutLine: {'line': b'-- Up-to-date: /home/greyflon/lab_2025/install/two_wheeled_robot/share/two_wheeled_robot/models/aws_robomaker_hospital_floor_01_walls/meshes/aws_robomaker_hospital_floor_01_doorsign.png\n'}
[1.545830] (two_wheeled_robot) StdoutLine: {'line': b'-- Up-to-date: /home/greyflon/lab_2025/install/two_wheeled_robot/share/two_wheeled_robot/models/aws_robomaker_hospital_floor_01_walls/meshes/aws_robomaker_hospital_floor_01_stairs.png\n'}
[1.545889] (two_wheeled_robot) StdoutLine: {'line': b'-- Up-to-date: /home/greyflon/lab_2025/install/two_wheeled_robot/share/two_wheeled_robot/models/aws_robomaker_hospital_floor_01_walls/meshes/aws_robomaker_hospital_floor_01_windows.png\n'}
[1.545947] (two_wheeled_robot) StdoutLine: {'line': b'-- Up-to-date: /home/greyflon/lab_2025/install/two_wheeled_robot/share/two_wheeled_robot/models/aws_robomaker_hospital_floor_01_walls/meshes/aws_robomaker_hospital_floor_01_walls_collision.dae\n'}
[1.546006] (two_wheeled_robot) StdoutLine: {'line': b'-- Up-to-date: /home/greyflon/lab_2025/install/two_wheeled_robot/share/two_wheeled_robot/models/aws_robomaker_hospital_floor_01_walls/meshes/aws_robomaker_hospital_floor_01_bumprail.png\n'}
[1.546064] (two_wheeled_robot) StdoutLine: {'line': b'-- Up-to-date: /home/greyflon/lab_2025/install/two_wheeled_robot/share/two_wheeled_robot/models/aws_robomaker_hospital_floor_01_walls/meshes/aws_robomaker_hospital_floor_01_handrail.png\n'}
[1.546121] (two_wheeled_robot) StdoutLine: {'line': b'-- Up-to-date: /home/greyflon/lab_2025/install/two_wheeled_robot/share/two_wheeled_robot/models/aws_robomaker_hospital_floor_01_walls/meshes/aws_robomaker_hospital_floor_01_doorframes_small.png\n'}
[1.546180] (two_wheeled_robot) StdoutLine: {'line': b'-- Up-to-date: /home/greyflon/lab_2025/install/two_wheeled_robot/share/two_wheeled_robot/models/aws_robomaker_hospital_floor_01_walls/meshes/aws_robomaker_hospital_floor_01_doorframes_big.png\n'}
[1.546239] (two_wheeled_robot) StdoutLine: {'line': b'-- Up-to-date: /home/greyflon/lab_2025/install/two_wheeled_robot/share/two_wheeled_robot/models/aws_robomaker_hospital_floor_01_walls/meshes/aws_robomaker_hospital_floor_01_walls_visual.dae\n'}
[1.546297] (two_wheeled_robot) StdoutLine: {'line': b'-- Up-to-date: /home/greyflon/lab_2025/install/two_wheeled_robot/share/two_wheeled_robot/models/aws_robomaker_hospital_floor_01_walls/model.sdf\n'}
[1.546366] (two_wheeled_robot) StdoutLine: {'line': b'-- Up-to-date: /home/greyflon/lab_2025/install/two_wheeled_robot/share/two_wheeled_robot/models/aws_robomaker_residential_Bed_01\n'}
[1.546425] (two_wheeled_robot) StdoutLine: {'line': b'-- Up-to-date: /home/greyflon/lab_2025/install/two_wheeled_robot/share/two_wheeled_robot/models/aws_robomaker_residential_Bed_01/model.config\n'}
[1.546483] (two_wheeled_robot) StdoutLine: {'line': b'-- Up-to-date: /home/greyflon/lab_2025/install/two_wheeled_robot/share/two_wheeled_robot/models/aws_robomaker_residential_Bed_01/meshes\n'}
[1.546541] (two_wheeled_robot) StdoutLine: {'line': b'-- Up-to-date: /home/greyflon/lab_2025/install/two_wheeled_robot/share/two_wheeled_robot/models/aws_robomaker_residential_Bed_01/meshes/aws_Bed_01_visual.DAE\n'}
[1.546598] (two_wheeled_robot) StdoutLine: {'line': b'-- Up-to-date: /home/greyflon/lab_2025/install/two_wheeled_robot/share/two_wheeled_robot/models/aws_robomaker_residential_Bed_01/meshes/aws_Bed_01_collision.DAE\n'}
[1.546655] (two_wheeled_robot) StdoutLine: {'line': b'-- Up-to-date: /home/greyflon/lab_2025/install/two_wheeled_robot/share/two_wheeled_robot/models/aws_robomaker_residential_Bed_01/materials\n'}
[1.546731] (two_wheeled_robot) StdoutLine: {'line': b'-- Up-to-date: /home/greyflon/lab_2025/install/two_wheeled_robot/share/two_wheeled_robot/models/aws_robomaker_residential_Bed_01/materials/textures\n'}
[1.546789] (two_wheeled_robot) StdoutLine: {'line': b'-- Up-to-date: /home/greyflon/lab_2025/install/two_wheeled_robot/share/two_wheeled_robot/models/aws_robomaker_residential_Bed_01/materials/textures/aws_BedC_01.png\n'}
[1.546842] (two_wheeled_robot) StdoutLine: {'line': b'-- Up-to-date: /home/greyflon/lab_2025/install/two_wheeled_robot/share/two_wheeled_robot/models/aws_robomaker_residential_Bed_01/materials/textures/aws_BedB_01.png\n'}
[1.546894] (two_wheeled_robot) StdoutLine: {'line': b'-- Up-to-date: /home/greyflon/lab_2025/install/two_wheeled_robot/share/two_wheeled_robot/models/aws_robomaker_residential_Bed_01/materials/textures/aws_Bed_01.png\n'}
[1.546946] (two_wheeled_robot) StdoutLine: {'line': b'-- Up-to-date: /home/greyflon/lab_2025/install/two_wheeled_robot/share/two_wheeled_robot/models/aws_robomaker_residential_Bed_01/materials/textures/aws_BedA_01.png\n'}
[1.547006] (two_wheeled_robot) StdoutLine: {'line': b'-- Up-to-date: /home/greyflon/lab_2025/install/two_wheeled_robot/share/two_wheeled_robot/models/aws_robomaker_residential_Bed_01/model.sdf\n'}
[1.547058] (two_wheeled_robot) StdoutLine: {'line': b'-- Up-to-date: /home/greyflon/lab_2025/install/two_wheeled_robot/share/two_wheeled_robot/models/green_tray\n'}
[1.547111] (two_wheeled_robot) StdoutLine: {'line': b'-- Up-to-date: /home/greyflon/lab_2025/install/two_wheeled_robot/share/two_wheeled_robot/models/green_tray/model.config\n'}
[1.547163] (two_wheeled_robot) StdoutLine: {'line': b'-- Up-to-date: /home/greyflon/lab_2025/install/two_wheeled_robot/share/two_wheeled_robot/models/green_tray/meshes\n'}
[1.547215] (two_wheeled_robot) StdoutLine: {'line': b'-- Up-to-date: /home/greyflon/lab_2025/install/two_wheeled_robot/share/two_wheeled_robot/models/green_tray/meshes/green_tray.dae\n'}
[1.547267] (two_wheeled_robot) StdoutLine: {'line': b'-- Up-to-date: /home/greyflon/lab_2025/install/two_wheeled_robot/share/two_wheeled_robot/models/green_tray/model.sdf\n'}
[1.547318] (two_wheeled_robot) StdoutLine: {'line': b'-- Up-to-date: /home/greyflon/lab_2025/install/two_wheeled_robot/share/two_wheeled_robot/models/target_4x4\n'}
[1.547371] (two_wheeled_robot) StdoutLine: {'line': b'-- Up-to-date: /home/greyflon/lab_2025/install/two_wheeled_robot/share/two_wheeled_robot/models/target_4x4/model.config\n'}
[1.547423] (two_wheeled_robot) StdoutLine: {'line': b'-- Up-to-date: /home/greyflon/lab_2025/install/two_wheeled_robot/share/two_wheeled_robot/models/target_4x4/meshes\n'}
[1.550497] (two_wheeled_robot) StdoutLine: {'line': b'-- Up-to-date: /home/greyflon/lab_2025/install/two_wheeled_robot/share/two_wheeled_robot/models/target_4x4/meshes/target_4x4.dae\n'}
[1.550566] (two_wheeled_robot) StdoutLine: {'line': b'-- Up-to-date: /home/greyflon/lab_2025/install/two_wheeled_robot/share/two_wheeled_robot/models/target_4x4/model.sdf\n'}
[1.550619] (two_wheeled_robot) StdoutLine: {'line': b'-- Up-to-date: /home/greyflon/lab_2025/install/two_wheeled_robot/share/two_wheeled_robot/models/robotbase\n'}
[1.550967] (two_wheeled_robot) StdoutLine: {'line': b'-- Up-to-date: /home/greyflon/lab_2025/install/two_wheeled_robot/share/two_wheeled_robot/models/robotbase/model.config\n'}
[1.551089] (two_wheeled_robot) StdoutLine: {'line': b'-- Up-to-date: /home/greyflon/lab_2025/install/two_wheeled_robot/share/two_wheeled_robot/models/robotbase/model.sdf\n'}
[1.551143] (two_wheeled_robot) StdoutLine: {'line': b'-- Up-to-date: /home/greyflon/lab_2025/install/two_wheeled_robot/share/two_wheeled_robot/models/washer\n'}
[1.551862] (two_wheeled_robot) StdoutLine: {'line': b'-- Up-to-date: /home/greyflon/lab_2025/install/two_wheeled_robot/share/two_wheeled_robot/models/washer/model.config\n'}
[1.551968] (two_wheeled_robot) StdoutLine: {'line': b'-- Up-to-date: /home/greyflon/lab_2025/install/two_wheeled_robot/share/two_wheeled_robot/models/washer/meshes\n'}
[1.552175] (two_wheeled_robot) StdoutLine: {'line': b'-- Up-to-date: /home/greyflon/lab_2025/install/two_wheeled_robot/share/two_wheeled_robot/models/washer/meshes/washer.dae\n'}
[1.552288] (two_wheeled_robot) StdoutLine: {'line': b'-- Up-to-date: /home/greyflon/lab_2025/install/two_wheeled_robot/share/two_wheeled_robot/models/washer/model.sdf\n'}
[1.552392] (two_wheeled_robot) StdoutLine: {'line': b'-- Up-to-date: /home/greyflon/lab_2025/install/two_wheeled_robot/share/two_wheeled_robot/models/washer/model.rsdf\n'}
[1.552488] (two_wheeled_robot) StdoutLine: {'line': b'-- Up-to-date: /home/greyflon/lab_2025/install/two_wheeled_robot/share/two_wheeled_robot/models/aws_robomaker_hospital_curtain_closed_01\n'}
[1.552831] (two_wheeled_robot) StdoutLine: {'line': b'-- Up-to-date: /home/greyflon/lab_2025/install/two_wheeled_robot/share/two_wheeled_robot/models/aws_robomaker_hospital_curtain_closed_01/model.config\n'}
[1.552951] (two_wheeled_robot) StdoutLine: {'line': b'-- Up-to-date: /home/greyflon/lab_2025/install/two_wheeled_robot/share/two_wheeled_robot/models/aws_robomaker_hospital_curtain_closed_01/meshes\n'}
[1.553306] (two_wheeled_robot) StdoutLine: {'line': b'-- Up-to-date: /home/greyflon/lab_2025/install/two_wheeled_robot/share/two_wheeled_robot/models/aws_robomaker_hospital_curtain_closed_01/meshes/aws_robomaker_hospital_curtainrail_01_visual.png\n'}
[1.553425] (two_wheeled_robot) StdoutLine: {'line': b'-- Up-to-date: /home/greyflon/lab_2025/install/two_wheeled_robot/share/two_wheeled_robot/models/aws_robomaker_hospital_curtain_closed_01/meshes/aws_robomaker_hospital_curtain_closed_01_low.png\n'}
[1.553603] (two_wheeled_robot) StdoutLine: {'line': b'-- Up-to-date: /home/greyflon/lab_2025/install/two_wheeled_robot/share/two_wheeled_robot/models/aws_robomaker_hospital_curtain_closed_01/meshes/aws_robomaker_hospital_curtainrail_01_visual_normal.png\n'}
[1.553754] (two_wheeled_robot) StdoutLine: {'line': b'-- Up-to-date: /home/greyflon/lab_2025/install/two_wheeled_robot/share/two_wheeled_robot/models/aws_robomaker_hospital_curtain_closed_01/meshes/aws_robomaker_hospital_curtain_closed_01_low_normal.png\n'}
[1.553858] (two_wheeled_robot) StdoutLine: {'line': b'-- Up-to-date: /home/greyflon/lab_2025/install/two_wheeled_robot/share/two_wheeled_robot/models/aws_robomaker_hospital_curtain_closed_01/meshes/aws_robomaker_hospital_curtain_closed_01_visual.dae\n'}
[1.553966] (two_wheeled_robot) StdoutLine: {'line': b'-- Up-to-date: /home/greyflon/lab_2025/install/two_wheeled_robot/share/two_wheeled_robot/models/aws_robomaker_hospital_curtain_closed_01/meshes/aws_robomaker_hospital_curtain_closed_01_collision.dae\n'}
[1.554083] (two_wheeled_robot) StdoutLine: {'line': b'-- Up-to-date: /home/greyflon/lab_2025/install/two_wheeled_robot/share/two_wheeled_robot/models/aws_robomaker_hospital_curtain_closed_01/meshes/aws_robomaker_hospital_curtain_closed_01_visual_normal.png\n'}
[1.554193] (two_wheeled_robot) StdoutLine: {'line': b'-- Up-to-date: /home/greyflon/lab_2025/install/two_wheeled_robot/share/two_wheeled_robot/models/aws_robomaker_hospital_curtain_closed_01/meshes/aws_robomaker_hospital_curtain_closed_01_visual.png\n'}
[1.554288] (two_wheeled_robot) StdoutLine: {'line': b'-- Up-to-date: /home/greyflon/lab_2025/install/two_wheeled_robot/share/two_wheeled_robot/models/aws_robomaker_hospital_curtain_closed_01/meshes/aws_robomaker_hospital_curtainrail_01_low.png\n'}
[1.554390] (two_wheeled_robot) StdoutLine: {'line': b'-- Up-to-date: /home/greyflon/lab_2025/install/two_wheeled_robot/share/two_wheeled_robot/models/aws_robomaker_hospital_curtain_closed_01/meshes/aws_robomaker_hospital_curtainrail_01_low_normal.png\n'}
[1.554496] (two_wheeled_robot) StdoutLine: {'line': b'-- Up-to-date: /home/greyflon/lab_2025/install/two_wheeled_robot/share/two_wheeled_robot/models/aws_robomaker_hospital_curtain_closed_01/model.sdf\n'}
[1.554594] (two_wheeled_robot) StdoutLine: {'line': b'-- Up-to-date: /home/greyflon/lab_2025/install/two_wheeled_robot/share/two_wheeled_robot/models/BPCart\n'}
[1.571382] (two_wheeled_robot) StdoutLine: {'line': b'-- Up-to-date: /home/greyflon/lab_2025/install/two_wheeled_robot/share/two_wheeled_robot/models/BPCart/model.config\n'}
[1.571521] (two_wheeled_robot) StdoutLine: {'line': b'-- Up-to-date: /home/greyflon/lab_2025/install/two_wheeled_robot/share/two_wheeled_robot/models/BPCart/meshes\n'}
[1.571711] (two_wheeled_robot) StdoutLine: {'line': b'-- Up-to-date: /home/greyflon/lab_2025/install/two_wheeled_robot/share/two_wheeled_robot/models/BPCart/meshes/Cart_BP_Diffuse.png\n'}
[1.571827] (two_wheeled_robot) StdoutLine: {'line': b'-- Up-to-date: /home/greyflon/lab_2025/install/two_wheeled_robot/share/two_wheeled_robot/models/BPCart/meshes/Carts_Wheels_Diffuse.png\n'}
[1.571934] (two_wheeled_robot) StdoutLine: {'line': b'-- Up-to-date: /home/greyflon/lab_2025/install/two_wheeled_robot/share/two_wheeled_robot/models/BPCart/meshes/Cart_BP_Col.obj\n'}
[1.572037] (two_wheeled_robot) StdoutLine: {'line': b'-- Up-to-date: /home/greyflon/lab_2025/install/two_wheeled_robot/share/two_wheeled_robot/models/BPCart/meshes/Cart_BP_Col.mtl\n'}
[1.572141] (two_wheeled_robot) StdoutLine: {'line': b'-- Up-to-date: /home/greyflon/lab_2025/install/two_wheeled_robot/share/two_wheeled_robot/models/BPCart/meshes/Cart_BP.obj\n'}
[1.572244] (two_wheeled_robot) StdoutLine: {'line': b'-- Up-to-date: /home/greyflon/lab_2025/install/two_wheeled_robot/share/two_wheeled_robot/models/BPCart/meshes/Cart_BP.mtl\n'}
[1.572349] (two_wheeled_robot) StdoutLine: {'line': b'-- Up-to-date: /home/greyflon/lab_2025/install/two_wheeled_robot/share/two_wheeled_robot/models/BPCart/meshes/BP_BP_LP_SpecularGloss.png\n'}
[1.572456] (two_wheeled_robot) StdoutLine: {'line': b'-- Up-to-date: /home/greyflon/lab_2025/install/two_wheeled_robot/share/two_wheeled_robot/models/BPCart/meshes/BP_BP_LP_Normal.png\n'}
[1.572562] (two_wheeled_robot) StdoutLine: {'line': b'-- Up-to-date: /home/greyflon/lab_2025/install/two_wheeled_robot/share/two_wheeled_robot/models/BPCart/thumbnails\n'}
[1.572842] (two_wheeled_robot) StdoutLine: {'line': b'-- Up-to-date: /home/greyflon/lab_2025/install/two_wheeled_robot/share/two_wheeled_robot/models/BPCart/thumbnails/5.png\n'}
[1.572958] (two_wheeled_robot) StdoutLine: {'line': b'-- Up-to-date: /home/greyflon/lab_2025/install/two_wheeled_robot/share/two_wheeled_robot/models/BPCart/thumbnails/1.png\n'}
[1.573067] (two_wheeled_robot) StdoutLine: {'line': b'-- Up-to-date: /home/greyflon/lab_2025/install/two_wheeled_robot/share/two_wheeled_robot/models/BPCart/thumbnails/2.png\n'}
[1.573168] (two_wheeled_robot) StdoutLine: {'line': b'-- Up-to-date: /home/greyflon/lab_2025/install/two_wheeled_robot/share/two_wheeled_robot/models/BPCart/thumbnails/4.png\n'}
[1.573269] (two_wheeled_robot) StdoutLine: {'line': b'-- Up-to-date: /home/greyflon/lab_2025/install/two_wheeled_robot/share/two_wheeled_robot/models/BPCart/thumbnails/3.png\n'}
[1.573375] (two_wheeled_robot) StdoutLine: {'line': b'-- Up-to-date: /home/greyflon/lab_2025/install/two_wheeled_robot/share/two_wheeled_robot/models/BPCart/model.sdf\n'}
[1.573482] (two_wheeled_robot) StdoutLine: {'line': b'-- Up-to-date: /home/greyflon/lab_2025/install/two_wheeled_robot/share/two_wheeled_robot/models/TrolleyBedPatient\n'}
[1.577050] (two_wheeled_robot) StdoutLine: {'line': b'-- Up-to-date: /home/greyflon/lab_2025/install/two_wheeled_robot/share/two_wheeled_robot/models/TrolleyBedPatient/model.config\n'}
[1.577214] (two_wheeled_robot) StdoutLine: {'line': b'-- Up-to-date: /home/greyflon/lab_2025/install/two_wheeled_robot/share/two_wheeled_robot/models/TrolleyBedPatient/meshes\n'}
[1.577987] (two_wheeled_robot) StdoutLine: {'line': b'-- Up-to-date: /home/greyflon/lab_2025/install/two_wheeled_robot/share/two_wheeled_robot/models/TrolleyBedPatient/meshes/PatientF.png\n'}
[1.578137] (two_wheeled_robot) StdoutLine: {'line': b'-- Up-to-date: /home/greyflon/lab_2025/install/two_wheeled_robot/share/two_wheeled_robot/models/TrolleyBedPatient/meshes/TrolleyBedPatient.mtl\n'}
[1.578270] (two_wheeled_robot) StdoutLine: {'line': b'-- Up-to-date: /home/greyflon/lab_2025/install/two_wheeled_robot/share/two_wheeled_robot/models/TrolleyBedPatient/meshes/TrolleyBedPatient.obj\n'}
[1.578417] (two_wheeled_robot) StdoutLine: {'line': b'-- Up-to-date: /home/greyflon/lab_2025/install/two_wheeled_robot/share/two_wheeled_robot/models/TrolleyBedPatient/meshes/TrolleyBed_Diffuse.png\n'}
[1.578493] (two_wheeled_robot) StdoutLine: {'line': b'-- Up-to-date: /home/greyflon/lab_2025/install/two_wheeled_robot/share/two_wheeled_robot/models/TrolleyBedPatient/thumbnails\n'}
[1.578760] (two_wheeled_robot) StdoutLine: {'line': b'-- Up-to-date: /home/greyflon/lab_2025/install/two_wheeled_robot/share/two_wheeled_robot/models/TrolleyBedPatient/thumbnails/5.png\n'}
[1.578899] (two_wheeled_robot) StdoutLine: {'line': b'-- Up-to-date: /home/greyflon/lab_2025/install/two_wheeled_robot/share/two_wheeled_robot/models/TrolleyBedPatient/thumbnails/1.png\n'}
[1.579014] (two_wheeled_robot) StdoutLine: {'line': b'-- Up-to-date: /home/greyflon/lab_2025/install/two_wheeled_robot/share/two_wheeled_robot/models/TrolleyBedPatient/thumbnails/2.png\n'}
[1.579127] (two_wheeled_robot) StdoutLine: {'line': b'-- Up-to-date: /home/greyflon/lab_2025/install/two_wheeled_robot/share/two_wheeled_robot/models/TrolleyBedPatient/thumbnails/4.png\n'}
[1.579259] (two_wheeled_robot) StdoutLine: {'line': b'-- Up-to-date: /home/greyflon/lab_2025/install/two_wheeled_robot/share/two_wheeled_robot/models/TrolleyBedPatient/thumbnails/3.png\n'}
[1.579394] (two_wheeled_robot) StdoutLine: {'line': b'-- Up-to-date: /home/greyflon/lab_2025/install/two_wheeled_robot/share/two_wheeled_robot/models/TrolleyBedPatient/model.sdf\n'}
[1.579519] (two_wheeled_robot) StdoutLine: {'line': b'-- Up-to-date: /home/greyflon/lab_2025/install/two_wheeled_robot/share/two_wheeled_robot/models/aws_robomaker_residential_PortraitA_01\n'}
[1.579763] (two_wheeled_robot) StdoutLine: {'line': b'-- Up-to-date: /home/greyflon/lab_2025/install/two_wheeled_robot/share/two_wheeled_robot/models/aws_robomaker_residential_PortraitA_01/model.config\n'}
[1.579893] (two_wheeled_robot) StdoutLine: {'line': b'-- Up-to-date: /home/greyflon/lab_2025/install/two_wheeled_robot/share/two_wheeled_robot/models/aws_robomaker_residential_PortraitA_01/meshes\n'}
[1.580193] (two_wheeled_robot) StdoutLine: {'line': b'-- Up-to-date: /home/greyflon/lab_2025/install/two_wheeled_robot/share/two_wheeled_robot/models/aws_robomaker_residential_PortraitA_01/meshes/aws_PortraitA_01_visual.DAE\n'}
[1.580326] (two_wheeled_robot) StdoutLine: {'line': b'-- Up-to-date: /home/greyflon/lab_2025/install/two_wheeled_robot/share/two_wheeled_robot/models/aws_robomaker_residential_PortraitA_01/meshes/aws_PortraitA_01_collision.DAE\n'}
[1.580449] (two_wheeled_robot) StdoutLine: {'line': b'-- Up-to-date: /home/greyflon/lab_2025/install/two_wheeled_robot/share/two_wheeled_robot/models/aws_robomaker_residential_PortraitA_01/materials\n'}
[1.580708] (two_wheeled_robot) StdoutLine: {'line': b'-- Up-to-date: /home/greyflon/lab_2025/install/two_wheeled_robot/share/two_wheeled_robot/models/aws_robomaker_residential_PortraitA_01/materials/textures\n'}
[1.581058] (two_wheeled_robot) StdoutLine: {'line': b'-- Up-to-date: /home/greyflon/lab_2025/install/two_wheeled_robot/share/two_wheeled_robot/models/aws_robomaker_residential_PortraitA_01/materials/textures/aws_PortraitA_01.png\n'}
[1.581196] (two_wheeled_robot) StdoutLine: {'line': b'-- Up-to-date: /home/greyflon/lab_2025/install/two_wheeled_robot/share/two_wheeled_robot/models/aws_robomaker_residential_PortraitA_01/materials/textures/aws_PortraitA_02.png\n'}
[1.581338] (two_wheeled_robot) StdoutLine: {'line': b'-- Up-to-date: /home/greyflon/lab_2025/install/two_wheeled_robot/share/two_wheeled_robot/models/aws_robomaker_residential_PortraitA_01/materials/textures/PortraitA_01.jpg\n'}
[1.581483] (two_wheeled_robot) StdoutLine: {'line': b'-- Up-to-date: /home/greyflon/lab_2025/install/two_wheeled_robot/share/two_wheeled_robot/models/aws_robomaker_residential_PortraitA_01/model.sdf\n'}
[1.581579] (two_wheeled_robot) StdoutLine: {'line': b'-- Up-to-date: /home/greyflon/lab_2025/install/two_wheeled_robot/share/two_wheeled_robot/models/aws_robomaker_residential_Vase_01\n'}
[1.581830] (two_wheeled_robot) StdoutLine: {'line': b'-- Up-to-date: /home/greyflon/lab_2025/install/two_wheeled_robot/share/two_wheeled_robot/models/aws_robomaker_residential_Vase_01/model.config\n'}
[1.581985] (two_wheeled_robot) StdoutLine: {'line': b'-- Up-to-date: /home/greyflon/lab_2025/install/two_wheeled_robot/share/two_wheeled_robot/models/aws_robomaker_residential_Vase_01/meshes\n'}
[1.582245] (two_wheeled_robot) StdoutLine: {'line': b'-- Up-to-date: /home/greyflon/lab_2025/install/two_wheeled_robot/share/two_wheeled_robot/models/aws_robomaker_residential_Vase_01/meshes/aws_Vase_01_collision.DAE\n'}
[1.582380] (two_wheeled_robot) StdoutLine: {'line': b'-- Up-to-date: /home/greyflon/lab_2025/install/two_wheeled_robot/share/two_wheeled_robot/models/aws_robomaker_residential_Vase_01/meshes/aws_Vase_01_visual.DAE\n'}
[1.582502] (two_wheeled_robot) StdoutLine: {'line': b'-- Up-to-date: /home/greyflon/lab_2025/install/two_wheeled_robot/share/two_wheeled_robot/models/aws_robomaker_residential_Vase_01/materials\n'}
[1.582765] (two_wheeled_robot) StdoutLine: {'line': b'-- Up-to-date: /home/greyflon/lab_2025/install/two_wheeled_robot/share/two_wheeled_robot/models/aws_robomaker_residential_Vase_01/materials/textures\n'}
[1.583098] (two_wheeled_robot) StdoutLine: {'line': b'-- Up-to-date: /home/greyflon/lab_2025/install/two_wheeled_robot/share/two_wheeled_robot/models/aws_robomaker_residential_Vase_01/materials/textures/aws_Vase_01.png\n'}
[1.583237] (two_wheeled_robot) StdoutLine: {'line': b'-- Up-to-date: /home/greyflon/lab_2025/install/two_wheeled_robot/share/two_wheeled_robot/models/aws_robomaker_residential_Vase_01/model.sdf\n'}
[1.583362] (two_wheeled_robot) StdoutLine: {'line': b'-- Up-to-date: /home/greyflon/lab_2025/install/two_wheeled_robot/share/two_wheeled_robot/models/aws_robomaker_residential_TVCabinet_01\n'}
[1.583621] (two_wheeled_robot) StdoutLine: {'line': b'-- Up-to-date: /home/greyflon/lab_2025/install/two_wheeled_robot/share/two_wheeled_robot/models/aws_robomaker_residential_TVCabinet_01/model.config\n'}
[1.583756] (two_wheeled_robot) StdoutLine: {'line': b'-- Up-to-date: /home/greyflon/lab_2025/install/two_wheeled_robot/share/two_wheeled_robot/models/aws_robomaker_residential_TVCabinet_01/meshes\n'}
[1.584272] (two_wheeled_robot) StdoutLine: {'line': b'-- Up-to-date: /home/greyflon/lab_2025/install/two_wheeled_robot/share/two_wheeled_robot/models/aws_robomaker_residential_TVCabinet_01/meshes/aws_TVCabinet_01_visual.DAE\n'}
[1.584439] (two_wheeled_robot) StdoutLine: {'line': b'-- Up-to-date: /home/greyflon/lab_2025/install/two_wheeled_robot/share/two_wheeled_robot/models/aws_robomaker_residential_TVCabinet_01/meshes/aws_TVCabinet_01_collision.DAE\n'}
[1.584525] (two_wheeled_robot) StdoutLine: {'line': b'-- Up-to-date: /home/greyflon/lab_2025/install/two_wheeled_robot/share/two_wheeled_robot/models/aws_robomaker_residential_TVCabinet_01/materials\n'}
[1.584917] (two_wheeled_robot) StdoutLine: {'line': b'-- Up-to-date: /home/greyflon/lab_2025/install/two_wheeled_robot/share/two_wheeled_robot/models/aws_robomaker_residential_TVCabinet_01/materials/textures\n'}
[1.585830] (two_wheeled_robot) StdoutLine: {'line': b'-- Up-to-date: /home/greyflon/lab_2025/install/two_wheeled_robot/share/two_wheeled_robot/models/aws_robomaker_residential_TVCabinet_01/materials/textures/aws_TVCabinet_01.png\n'}
[1.586059] (two_wheeled_robot) StdoutLine: {'line': b'-- Up-to-date: /home/greyflon/lab_2025/install/two_wheeled_robot/share/two_wheeled_robot/models/aws_robomaker_residential_TVCabinet_01/model.sdf\n'}
[1.586153] (two_wheeled_robot) StdoutLine: {'line': b'-- Up-to-date: /home/greyflon/lab_2025/install/two_wheeled_robot/share/two_wheeled_robot/models/europallet\n'}
[1.602721] (-) TimerEvent: {}
[1.606174] (two_wheeled_robot) StdoutLine: {'line': b'-- Up-to-date: /home/greyflon/lab_2025/install/two_wheeled_robot/share/two_wheeled_robot/models/europallet/model.config\n'}
[1.606319] (two_wheeled_robot) StdoutLine: {'line': b'-- Up-to-date: /home/greyflon/lab_2025/install/two_wheeled_robot/share/two_wheeled_robot/models/europallet/meshes\n'}
[1.606515] (two_wheeled_robot) StdoutLine: {'line': b'-- Up-to-date: /home/greyflon/lab_2025/install/two_wheeled_robot/share/two_wheeled_robot/models/europallet/meshes/europallet.dae\n'}
[1.606663] (two_wheeled_robot) StdoutLine: {'line': b'-- Up-to-date: /home/greyflon/lab_2025/install/two_wheeled_robot/share/two_wheeled_robot/models/europallet/materials\n'}
[1.606848] (two_wheeled_robot) StdoutLine: {'line': b'-- Up-to-date: /home/greyflon/lab_2025/install/two_wheeled_robot/share/two_wheeled_robot/models/europallet/materials/textures\n'}
[1.607120] (two_wheeled_robot) StdoutLine: {'line': b'-- Up-to-date: /home/greyflon/lab_2025/install/two_wheeled_robot/share/two_wheeled_robot/models/europallet/materials/textures/Wood_Grain_Dark.jpg\n'}
[1.607360] (two_wheeled_robot) StdoutLine: {'line': b'-- Up-to-date: /home/greyflon/lab_2025/install/two_wheeled_robot/share/two_wheeled_robot/models/europallet/model.sdf\n'}
[1.607509] (two_wheeled_robot) StdoutLine: {'line': b'-- Up-to-date: /home/greyflon/lab_2025/install/two_wheeled_robot/share/two_wheeled_robot/models/PatientWheelChair\n'}
[1.607725] (two_wheeled_robot) StdoutLine: {'line': b'-- Up-to-date: /home/greyflon/lab_2025/install/two_wheeled_robot/share/two_wheeled_robot/models/PatientWheelChair/model.config\n'}
[1.607891] (two_wheeled_robot) StdoutLine: {'line': b'-- Up-to-date: /home/greyflon/lab_2025/install/two_wheeled_robot/share/two_wheeled_robot/models/PatientWheelChair/meshes\n'}
[1.608147] (two_wheeled_robot) StdoutLine: {'line': b'-- Up-to-date: /home/greyflon/lab_2025/install/two_wheeled_robot/share/two_wheeled_robot/models/PatientWheelChair/meshes/PatientWheelChair_Diffuse.png\n'}
[1.608305] (two_wheeled_robot) StdoutLine: {'line': b'-- Up-to-date: /home/greyflon/lab_2025/install/two_wheeled_robot/share/two_wheeled_robot/models/PatientWheelChair/meshes/PatientWheelChair_Col.mtl\n'}
[1.608545] (two_wheeled_robot) StdoutLine: {'line': b'-- Up-to-date: /home/greyflon/lab_2025/install/two_wheeled_robot/share/two_wheeled_robot/models/PatientWheelChair/meshes/PatientWheelChair_Col.obj\n'}
[1.608694] (two_wheeled_robot) StdoutLine: {'line': b'-- Up-to-date: /home/greyflon/lab_2025/install/two_wheeled_robot/share/two_wheeled_robot/models/PatientWheelChair/meshes/PatientWheelChair.mtl\n'}
[1.608870] (two_wheeled_robot) StdoutLine: {'line': b'-- Up-to-date: /home/greyflon/lab_2025/install/two_wheeled_robot/share/two_wheeled_robot/models/PatientWheelChair/meshes/PatientWheelChair.obj\n'}
[1.609093] (two_wheeled_robot) StdoutLine: {'line': b'-- Up-to-date: /home/greyflon/lab_2025/install/two_wheeled_robot/share/two_wheeled_robot/models/PatientWheelChair/thumbnails\n'}
[1.609247] (two_wheeled_robot) StdoutLine: {'line': b'-- Up-to-date: /home/greyflon/lab_2025/install/two_wheeled_robot/share/two_wheeled_robot/models/PatientWheelChair/thumbnails/5.png\n'}
[1.609394] (two_wheeled_robot) StdoutLine: {'line': b'-- Up-to-date: /home/greyflon/lab_2025/install/two_wheeled_robot/share/two_wheeled_robot/models/PatientWheelChair/thumbnails/1.png\n'}
[1.609540] (two_wheeled_robot) StdoutLine: {'line': b'-- Up-to-date: /home/greyflon/lab_2025/install/two_wheeled_robot/share/two_wheeled_robot/models/PatientWheelChair/thumbnails/2.png\n'}
[1.609797] (two_wheeled_robot) StdoutLine: {'line': b'-- Up-to-date: /home/greyflon/lab_2025/install/two_wheeled_robot/share/two_wheeled_robot/models/PatientWheelChair/thumbnails/4.png\n'}
[1.609966] (two_wheeled_robot) StdoutLine: {'line': b'-- Up-to-date: /home/greyflon/lab_2025/install/two_wheeled_robot/share/two_wheeled_robot/models/PatientWheelChair/thumbnails/3.png\n'}
[1.610100] (two_wheeled_robot) StdoutLine: {'line': b'-- Up-to-date: /home/greyflon/lab_2025/install/two_wheeled_robot/share/two_wheeled_robot/models/PatientWheelChair/model.sdf\n'}
[1.610232] (two_wheeled_robot) StdoutLine: {'line': b'-- Up-to-date: /home/greyflon/lab_2025/install/two_wheeled_robot/share/two_wheeled_robot/models/aws_robomaker_hospital_elevator_01_car\n'}
[1.610416] (two_wheeled_robot) StdoutLine: {'line': b'-- Up-to-date: /home/greyflon/lab_2025/install/two_wheeled_robot/share/two_wheeled_robot/models/aws_robomaker_hospital_elevator_01_car/model.config\n'}
[1.610616] (two_wheeled_robot) StdoutLine: {'line': b'-- Up-to-date: /home/greyflon/lab_2025/install/two_wheeled_robot/share/two_wheeled_robot/models/aws_robomaker_hospital_elevator_01_car/meshes\n'}
[1.610844] (two_wheeled_robot) StdoutLine: {'line': b'-- Up-to-date: /home/greyflon/lab_2025/install/two_wheeled_robot/share/two_wheeled_robot/models/aws_robomaker_hospital_elevator_01_car/meshes/aws_robomaker_hospital_elevator_01_car_collision.dae\n'}
[1.611093] (two_wheeled_robot) StdoutLine: {'line': b'-- Up-to-date: /home/greyflon/lab_2025/install/two_wheeled_robot/share/two_wheeled_robot/models/aws_robomaker_hospital_elevator_01_car/meshes/aws_robomaker_hospital_elevator_01_car_low.dae\n'}
[1.611251] (two_wheeled_robot) StdoutLine: {'line': b'-- Up-to-date: /home/greyflon/lab_2025/install/two_wheeled_robot/share/two_wheeled_robot/models/aws_robomaker_hospital_elevator_01_car/meshes/aws_robomaker_hospital_elevator_01_visual_normal.png\n'}
[1.611510] (two_wheeled_robot) StdoutLine: {'line': b'-- Up-to-date: /home/greyflon/lab_2025/install/two_wheeled_robot/share/two_wheeled_robot/models/aws_robomaker_hospital_elevator_01_car/meshes/aws_robomaker_hospital_elevator_01_low.png\n'}
[1.611670] (two_wheeled_robot) StdoutLine: {'line': b'-- Up-to-date: /home/greyflon/lab_2025/install/two_wheeled_robot/share/two_wheeled_robot/models/aws_robomaker_hospital_elevator_01_car/meshes/aws_robomaker_hospital_elevator_01_low_normal.png\n'}
[1.611895] (two_wheeled_robot) StdoutLine: {'line': b'-- Up-to-date: /home/greyflon/lab_2025/install/two_wheeled_robot/share/two_wheeled_robot/models/aws_robomaker_hospital_elevator_01_car/meshes/aws_robomaker_hospital_elevator_01_car_visual.dae\n'}
[1.612052] (two_wheeled_robot) StdoutLine: {'line': b'-- Up-to-date: /home/greyflon/lab_2025/install/two_wheeled_robot/share/two_wheeled_robot/models/aws_robomaker_hospital_elevator_01_car/meshes/aws_robomaker_hospital_elevator_01_visual.png\n'}
[1.612200] (two_wheeled_robot) StdoutLine: {'line': b'-- Up-to-date: /home/greyflon/lab_2025/install/two_wheeled_robot/share/two_wheeled_robot/models/aws_robomaker_hospital_elevator_01_car/model.sdf\n'}
[1.612347] (two_wheeled_robot) StdoutLine: {'line': b'-- Up-to-date: /home/greyflon/lab_2025/install/two_wheeled_robot/share/two_wheeled_robot/models/aws_robomaker_residential_AirconditionerB_01\n'}
[1.612594] (two_wheeled_robot) StdoutLine: {'line': b'-- Up-to-date: /home/greyflon/lab_2025/install/two_wheeled_robot/share/two_wheeled_robot/models/aws_robomaker_residential_AirconditionerB_01/model.config\n'}
[1.612799] (two_wheeled_robot) StdoutLine: {'line': b'-- Up-to-date: /home/greyflon/lab_2025/install/two_wheeled_robot/share/two_wheeled_robot/models/aws_robomaker_residential_AirconditionerB_01/meshes\n'}
[1.612955] (two_wheeled_robot) StdoutLine: {'line': b'-- Up-to-date: /home/greyflon/lab_2025/install/two_wheeled_robot/share/two_wheeled_robot/models/aws_robomaker_residential_AirconditionerB_01/meshes/aws_AirconditionerB_01_visual.DAE\n'}
[1.613166] (two_wheeled_robot) StdoutLine: {'line': b'-- Up-to-date: /home/greyflon/lab_2025/install/two_wheeled_robot/share/two_wheeled_robot/models/aws_robomaker_residential_AirconditionerB_01/meshes/aws_AirconditionerB_01_collision.DAE\n'}
[1.613320] (two_wheeled_robot) StdoutLine: {'line': b'-- Up-to-date: /home/greyflon/lab_2025/install/two_wheeled_robot/share/two_wheeled_robot/models/aws_robomaker_residential_AirconditionerB_01/materials\n'}
[1.613466] (two_wheeled_robot) StdoutLine: {'line': b'-- Up-to-date: /home/greyflon/lab_2025/install/two_wheeled_robot/share/two_wheeled_robot/models/aws_robomaker_residential_AirconditionerB_01/materials/textures\n'}
[1.613694] (two_wheeled_robot) StdoutLine: {'line': b'-- Up-to-date: /home/greyflon/lab_2025/install/two_wheeled_robot/share/two_wheeled_robot/models/aws_robomaker_residential_AirconditionerB_01/materials/textures/aws_AirconditionerB_01.png\n'}
[1.613874] (two_wheeled_robot) StdoutLine: {'line': b'-- Up-to-date: /home/greyflon/lab_2025/install/two_wheeled_robot/share/two_wheeled_robot/models/aws_robomaker_residential_AirconditionerB_01/model.sdf\n'}
[1.614085] (two_wheeled_robot) StdoutLine: {'line': b'-- Up-to-date: /home/greyflon/lab_2025/install/two_wheeled_robot/share/two_wheeled_robot/models/aws_robomaker_residential_SofaB_01\n'}
[1.614233] (two_wheeled_robot) StdoutLine: {'line': b'-- Up-to-date: /home/greyflon/lab_2025/install/two_wheeled_robot/share/two_wheeled_robot/models/aws_robomaker_residential_SofaB_01/model.config\n'}
[1.614379] (two_wheeled_robot) StdoutLine: {'line': b'-- Up-to-date: /home/greyflon/lab_2025/install/two_wheeled_robot/share/two_wheeled_robot/models/aws_robomaker_residential_SofaB_01/meshes\n'}
[1.614527] (two_wheeled_robot) StdoutLine: {'line': b'-- Up-to-date: /home/greyflon/lab_2025/install/two_wheeled_robot/share/two_wheeled_robot/models/aws_robomaker_residential_SofaB_01/meshes/aws_SofaB_01_collision.DAE\n'}
[1.614749] (two_wheeled_robot) StdoutLine: {'line': b'-- Up-to-date: /home/greyflon/lab_2025/install/two_wheeled_robot/share/two_wheeled_robot/models/aws_robomaker_residential_SofaB_01/meshes/aws_SofaB_01_visual.DAE\n'}
[1.615004] (two_wheeled_robot) StdoutLine: {'line': b'-- Up-to-date: /home/greyflon/lab_2025/install/two_wheeled_robot/share/two_wheeled_robot/models/aws_robomaker_residential_SofaB_01/materials\n'}
[1.615154] (two_wheeled_robot) StdoutLine: {'line': b'-- Up-to-date: /home/greyflon/lab_2025/install/two_wheeled_robot/share/two_wheeled_robot/models/aws_robomaker_residential_SofaB_01/materials/textures\n'}
[1.615302] (two_wheeled_robot) StdoutLine: {'line': b'-- Up-to-date: /home/greyflon/lab_2025/install/two_wheeled_robot/share/two_wheeled_robot/models/aws_robomaker_residential_SofaB_01/materials/textures/aws_SofaB_01.png\n'}
[1.615449] (two_wheeled_robot) StdoutLine: {'line': b'-- Up-to-date: /home/greyflon/lab_2025/install/two_wheeled_robot/share/two_wheeled_robot/models/aws_robomaker_residential_SofaB_01/model.sdf\n'}
[1.615716] (two_wheeled_robot) StdoutLine: {'line': b'-- Up-to-date: /home/greyflon/lab_2025/install/two_wheeled_robot/share/two_wheeled_robot/models/aws_robomaker_residential_Door_01\n'}
[1.615893] (two_wheeled_robot) StdoutLine: {'line': b'-- Up-to-date: /home/greyflon/lab_2025/install/two_wheeled_robot/share/two_wheeled_robot/models/aws_robomaker_residential_Door_01/model.config\n'}
[1.616042] (two_wheeled_robot) StdoutLine: {'line': b'-- Up-to-date: /home/greyflon/lab_2025/install/two_wheeled_robot/share/two_wheeled_robot/models/aws_robomaker_residential_Door_01/meshes\n'}
[1.616190] (two_wheeled_robot) StdoutLine: {'line': b'-- Up-to-date: /home/greyflon/lab_2025/install/two_wheeled_robot/share/two_wheeled_robot/models/aws_robomaker_residential_Door_01/meshes/aws_Door_01_visual.DAE\n'}
[1.616338] (two_wheeled_robot) StdoutLine: {'line': b'-- Up-to-date: /home/greyflon/lab_2025/install/two_wheeled_robot/share/two_wheeled_robot/models/aws_robomaker_residential_Door_01/meshes/aws_Door_01_collision.DAE\n'}
[1.616630] (two_wheeled_robot) StdoutLine: {'line': b'-- Up-to-date: /home/greyflon/lab_2025/install/two_wheeled_robot/share/two_wheeled_robot/models/aws_robomaker_residential_Door_01/materials\n'}
[1.616901] (two_wheeled_robot) StdoutLine: {'line': b'-- Up-to-date: /home/greyflon/lab_2025/install/two_wheeled_robot/share/two_wheeled_robot/models/aws_robomaker_residential_Door_01/materials/textures\n'}
[1.617186] (two_wheeled_robot) StdoutLine: {'line': b'-- Up-to-date: /home/greyflon/lab_2025/install/two_wheeled_robot/share/two_wheeled_robot/models/aws_robomaker_residential_Door_01/materials/textures/aws_Door_01.png\n'}
[1.617411] (two_wheeled_robot) StdoutLine: {'line': b'-- Up-to-date: /home/greyflon/lab_2025/install/two_wheeled_robot/share/two_wheeled_robot/models/aws_robomaker_residential_Door_01/model.sdf\n'}
[1.617639] (two_wheeled_robot) StdoutLine: {'line': b'-- Up-to-date: /home/greyflon/lab_2025/install/two_wheeled_robot/share/two_wheeled_robot/models/WhiteChipChair\n'}
[1.618101] (two_wheeled_robot) StdoutLine: {'line': b'-- Up-to-date: /home/greyflon/lab_2025/install/two_wheeled_robot/share/two_wheeled_robot/models/WhiteChipChair/model.config\n'}
[1.618380] (two_wheeled_robot) StdoutLine: {'line': b'-- Up-to-date: /home/greyflon/lab_2025/install/two_wheeled_robot/share/two_wheeled_robot/models/WhiteChipChair/meshes\n'}
[1.618559] (two_wheeled_robot) StdoutLine: {'line': b'-- Up-to-date: /home/greyflon/lab_2025/install/two_wheeled_robot/share/two_wheeled_robot/models/WhiteChipChair/meshes/WhiteChipChair_Col.mtl\n'}
[1.618892] (two_wheeled_robot) StdoutLine: {'line': b'-- Up-to-date: /home/greyflon/lab_2025/install/two_wheeled_robot/share/two_wheeled_robot/models/WhiteChipChair/meshes/WhiteChipChair.obj\n'}
[1.619193] (two_wheeled_robot) StdoutLine: {'line': b'-- Up-to-date: /home/greyflon/lab_2025/install/two_wheeled_robot/share/two_wheeled_robot/models/WhiteChipChair/meshes/WhiteChipChair_Col.obj\n'}
[1.619519] (two_wheeled_robot) StdoutLine: {'line': b'-- Up-to-date: /home/greyflon/lab_2025/install/two_wheeled_robot/share/two_wheeled_robot/models/WhiteChipChair/meshes/WhiteChipChair.mtl\n'}
[1.619855] (two_wheeled_robot) StdoutLine: {'line': b'-- Up-to-date: /home/greyflon/lab_2025/install/two_wheeled_robot/share/two_wheeled_robot/models/WhiteChipChair/meshes/WhiteChipChairDiffuse.png\n'}
[1.620224] (two_wheeled_robot) StdoutLine: {'line': b'-- Up-to-date: /home/greyflon/lab_2025/install/two_wheeled_robot/share/two_wheeled_robot/models/WhiteChipChair/thumbnails\n'}
[1.620462] (two_wheeled_robot) StdoutLine: {'line': b'-- Up-to-date: /home/greyflon/lab_2025/install/two_wheeled_robot/share/two_wheeled_robot/models/WhiteChipChair/thumbnails/5.png\n'}
[1.620618] (two_wheeled_robot) StdoutLine: {'line': b'-- Up-to-date: /home/greyflon/lab_2025/install/two_wheeled_robot/share/two_wheeled_robot/models/WhiteChipChair/thumbnails/1.png\n'}
[1.620796] (two_wheeled_robot) StdoutLine: {'line': b'-- Up-to-date: /home/greyflon/lab_2025/install/two_wheeled_robot/share/two_wheeled_robot/models/WhiteChipChair/thumbnails/2.png\n'}
[1.620952] (two_wheeled_robot) StdoutLine: {'line': b'-- Up-to-date: /home/greyflon/lab_2025/install/two_wheeled_robot/share/two_wheeled_robot/models/WhiteChipChair/thumbnails/4.png\n'}
[1.621176] (two_wheeled_robot) StdoutLine: {'line': b'-- Up-to-date: /home/greyflon/lab_2025/install/two_wheeled_robot/share/two_wheeled_robot/models/WhiteChipChair/thumbnails/3.png\n'}
[1.621420] (two_wheeled_robot) StdoutLine: {'line': b'-- Up-to-date: /home/greyflon/lab_2025/install/two_wheeled_robot/share/two_wheeled_robot/models/WhiteChipChair/model.sdf\n'}
[1.621623] (two_wheeled_robot) StdoutLine: {'line': b'-- Up-to-date: /home/greyflon/lab_2025/install/two_wheeled_robot/share/two_wheeled_robot/models/aws_robomaker_warehouse_GroundB_01\n'}
[1.621937] (two_wheeled_robot) StdoutLine: {'line': b'-- Up-to-date: /home/greyflon/lab_2025/install/two_wheeled_robot/share/two_wheeled_robot/models/aws_robomaker_warehouse_GroundB_01/model.config\n'}
[1.622166] (two_wheeled_robot) StdoutLine: {'line': b'-- Up-to-date: /home/greyflon/lab_2025/install/two_wheeled_robot/share/two_wheeled_robot/models/aws_robomaker_warehouse_GroundB_01/meshes\n'}
[1.622382] (two_wheeled_robot) StdoutLine: {'line': b'-- Up-to-date: /home/greyflon/lab_2025/install/two_wheeled_robot/share/two_wheeled_robot/models/aws_robomaker_warehouse_GroundB_01/meshes/aws_robomaker_warehouse_GroundB_01_visual.DAE\n'}
[1.622604] (two_wheeled_robot) StdoutLine: {'line': b'-- Up-to-date: /home/greyflon/lab_2025/install/two_wheeled_robot/share/two_wheeled_robot/models/aws_robomaker_warehouse_GroundB_01/meshes/aws_robomaker_warehouse_GroundB_01_collision.DAE\n'}
[1.622801] (two_wheeled_robot) StdoutLine: {'line': b'-- Up-to-date: /home/greyflon/lab_2025/install/two_wheeled_robot/share/two_wheeled_robot/models/aws_robomaker_warehouse_GroundB_01/materials\n'}
[1.622946] (two_wheeled_robot) StdoutLine: {'line': b'-- Up-to-date: /home/greyflon/lab_2025/install/two_wheeled_robot/share/two_wheeled_robot/models/aws_robomaker_warehouse_GroundB_01/materials/textures\n'}
[1.623079] (two_wheeled_robot) StdoutLine: {'line': b'-- Up-to-date: /home/greyflon/lab_2025/install/two_wheeled_robot/share/two_wheeled_robot/models/aws_robomaker_warehouse_GroundB_01/materials/textures/aws_robomaker_warehouse_GroundB_02.png\n'}
[1.623228] (two_wheeled_robot) StdoutLine: {'line': b'-- Up-to-date: /home/greyflon/lab_2025/install/two_wheeled_robot/share/two_wheeled_robot/models/aws_robomaker_warehouse_GroundB_01/materials/textures/aws_robomaker_warehouse_GroundB_01.png\n'}
[1.623360] (two_wheeled_robot) StdoutLine: {'line': b'-- Up-to-date: /home/greyflon/lab_2025/install/two_wheeled_robot/share/two_wheeled_robot/models/aws_robomaker_warehouse_GroundB_01/model.sdf\n'}
[1.623491] (two_wheeled_robot) StdoutLine: {'line': b'-- Up-to-date: /home/greyflon/lab_2025/install/two_wheeled_robot/share/two_wheeled_robot/models/SurgicalTrolley\n'}
[1.623623] (two_wheeled_robot) StdoutLine: {'line': b'-- Up-to-date: /home/greyflon/lab_2025/install/two_wheeled_robot/share/two_wheeled_robot/models/SurgicalTrolley/model.config\n'}
[1.623784] (two_wheeled_robot) StdoutLine: {'line': b'-- Up-to-date: /home/greyflon/lab_2025/install/two_wheeled_robot/share/two_wheeled_robot/models/SurgicalTrolley/meshes\n'}
[1.623928] (two_wheeled_robot) StdoutLine: {'line': b'-- Up-to-date: /home/greyflon/lab_2025/install/two_wheeled_robot/share/two_wheeled_robot/models/SurgicalTrolley/meshes/trolley.mtl\n'}
[1.624061] (two_wheeled_robot) StdoutLine: {'line': b'-- Up-to-date: /home/greyflon/lab_2025/install/two_wheeled_robot/share/two_wheeled_robot/models/SurgicalTrolley/meshes/texture.png\n'}
[1.624192] (two_wheeled_robot) StdoutLine: {'line': b'-- Up-to-date: /home/greyflon/lab_2025/install/two_wheeled_robot/share/two_wheeled_robot/models/SurgicalTrolley/meshes/trolley.obj\n'}
[1.624322] (two_wheeled_robot) StdoutLine: {'line': b'-- Up-to-date: /home/greyflon/lab_2025/install/two_wheeled_robot/share/two_wheeled_robot/models/SurgicalTrolley/thumbnails\n'}
[1.624453] (two_wheeled_robot) StdoutLine: {'line': b'-- Up-to-date: /home/greyflon/lab_2025/install/two_wheeled_robot/share/two_wheeled_robot/models/SurgicalTrolley/thumbnails/5.png\n'}
[1.624586] (two_wheeled_robot) StdoutLine: {'line': b'-- Up-to-date: /home/greyflon/lab_2025/install/two_wheeled_robot/share/two_wheeled_robot/models/SurgicalTrolley/thumbnails/1.png\n'}
[1.624773] (two_wheeled_robot) StdoutLine: {'line': b'-- Up-to-date: /home/greyflon/lab_2025/install/two_wheeled_robot/share/two_wheeled_robot/models/SurgicalTrolley/thumbnails/2.png\n'}
[1.624922] (two_wheeled_robot) StdoutLine: {'line': b'-- Up-to-date: /home/greyflon/lab_2025/install/two_wheeled_robot/share/two_wheeled_robot/models/SurgicalTrolley/thumbnails/4.png\n'}
[1.625054] (two_wheeled_robot) StdoutLine: {'line': b'-- Up-to-date: /home/greyflon/lab_2025/install/two_wheeled_robot/share/two_wheeled_robot/models/SurgicalTrolley/thumbnails/3.png\n'}
[1.625185] (two_wheeled_robot) StdoutLine: {'line': b'-- Up-to-date: /home/greyflon/lab_2025/install/two_wheeled_robot/share/two_wheeled_robot/models/SurgicalTrolley/model.sdf\n'}
[1.625315] (two_wheeled_robot) StdoutLine: {'line': b'-- Up-to-date: /home/greyflon/lab_2025/install/two_wheeled_robot/share/two_wheeled_robot/models/Drawer\n'}
[1.630559] (two_wheeled_robot) StdoutLine: {'line': b'-- Up-to-date: /home/greyflon/lab_2025/install/two_wheeled_robot/share/two_wheeled_robot/models/Drawer/model.config\n'}
[1.630752] (two_wheeled_robot) StdoutLine: {'line': b'-- Up-to-date: /home/greyflon/lab_2025/install/two_wheeled_robot/share/two_wheeled_robot/models/Drawer/meshes\n'}
[1.631020] (two_wheeled_robot) StdoutLine: {'line': b'-- Up-to-date: /home/greyflon/lab_2025/install/two_wheeled_robot/share/two_wheeled_robot/models/Drawer/meshes/Drawer.obj\n'}
[1.631177] (two_wheeled_robot) StdoutLine: {'line': b'-- Up-to-date: /home/greyflon/lab_2025/install/two_wheeled_robot/share/two_wheeled_robot/models/Drawer/meshes/Drawer.png\n'}
[1.631334] (two_wheeled_robot) StdoutLine: {'line': b'-- Up-to-date: /home/greyflon/lab_2025/install/two_wheeled_robot/share/two_wheeled_robot/models/Drawer/meshes/Drawer_Col.obj\n'}
[1.631479] (two_wheeled_robot) StdoutLine: {'line': b'-- Up-to-date: /home/greyflon/lab_2025/install/two_wheeled_robot/share/two_wheeled_robot/models/Drawer/meshes/Drawer.mtl\n'}
[1.631743] (two_wheeled_robot) StdoutLine: {'line': b'-- Up-to-date: /home/greyflon/lab_2025/install/two_wheeled_robot/share/two_wheeled_robot/models/Drawer/thumbnails\n'}
[1.631900] (two_wheeled_robot) StdoutLine: {'line': b'-- Up-to-date: /home/greyflon/lab_2025/install/two_wheeled_robot/share/two_wheeled_robot/models/Drawer/thumbnails/5.png\n'}
[1.632033] (two_wheeled_robot) StdoutLine: {'line': b'-- Up-to-date: /home/greyflon/lab_2025/install/two_wheeled_robot/share/two_wheeled_robot/models/Drawer/thumbnails/1.png\n'}
[1.632163] (two_wheeled_robot) StdoutLine: {'line': b'-- Up-to-date: /home/greyflon/lab_2025/install/two_wheeled_robot/share/two_wheeled_robot/models/Drawer/thumbnails/2.png\n'}
[1.632294] (two_wheeled_robot) StdoutLine: {'line': b'-- Up-to-date: /home/greyflon/lab_2025/install/two_wheeled_robot/share/two_wheeled_robot/models/Drawer/thumbnails/4.png\n'}
[1.632425] (two_wheeled_robot) StdoutLine: {'line': b'-- Up-to-date: /home/greyflon/lab_2025/install/two_wheeled_robot/share/two_wheeled_robot/models/Drawer/thumbnails/3.png\n'}
[1.632557] (two_wheeled_robot) StdoutLine: {'line': b'-- Up-to-date: /home/greyflon/lab_2025/install/two_wheeled_robot/share/two_wheeled_robot/models/Drawer/model.sdf\n'}
[1.632688] (two_wheeled_robot) StdoutLine: {'line': b'-- Up-to-date: /home/greyflon/lab_2025/install/two_wheeled_robot/share/two_wheeled_robot/models/aws_robomaker_residential_CookingBench_01\n'}
[1.638280] (two_wheeled_robot) StdoutLine: {'line': b'-- Up-to-date: /home/greyflon/lab_2025/install/two_wheeled_robot/share/two_wheeled_robot/models/aws_robomaker_residential_CookingBench_01/model.config\n'}
[1.638490] (two_wheeled_robot) StdoutLine: {'line': b'-- Up-to-date: /home/greyflon/lab_2025/install/two_wheeled_robot/share/two_wheeled_robot/models/aws_robomaker_residential_CookingBench_01/meshes\n'}
[1.638645] (two_wheeled_robot) StdoutLine: {'line': b'-- Up-to-date: /home/greyflon/lab_2025/install/two_wheeled_robot/share/two_wheeled_robot/models/aws_robomaker_residential_CookingBench_01/meshes/aws_CookingBench_01_visual.DAE\n'}
[1.638956] (two_wheeled_robot) StdoutLine: {'line': b'-- Up-to-date: /home/greyflon/lab_2025/install/two_wheeled_robot/share/two_wheeled_robot/models/aws_robomaker_residential_CookingBench_01/meshes/aws_CookingBench_01.DAE\n'}
[1.639129] (two_wheeled_robot) StdoutLine: {'line': b'-- Up-to-date: /home/greyflon/lab_2025/install/two_wheeled_robot/share/two_wheeled_robot/models/aws_robomaker_residential_CookingBench_01/meshes/aws_CookingBench_01_collision.DAE\n'}
[1.639282] (two_wheeled_robot) StdoutLine: {'line': b'-- Up-to-date: /home/greyflon/lab_2025/install/two_wheeled_robot/share/two_wheeled_robot/models/aws_robomaker_residential_CookingBench_01/materials\n'}
[1.639430] (two_wheeled_robot) StdoutLine: {'line': b'-- Up-to-date: /home/greyflon/lab_2025/install/two_wheeled_robot/share/two_wheeled_robot/models/aws_robomaker_residential_CookingBench_01/materials/textures\n'}
[1.639577] (two_wheeled_robot) StdoutLine: {'line': b'-- Up-to-date: /home/greyflon/lab_2025/install/two_wheeled_robot/share/two_wheeled_robot/models/aws_robomaker_residential_CookingBench_01/materials/textures/aws_CookingBench_01.png\n'}
[1.639743] (two_wheeled_robot) StdoutLine: {'line': b'-- Up-to-date: /home/greyflon/lab_2025/install/two_wheeled_robot/share/two_wheeled_robot/models/aws_robomaker_residential_CookingBench_01/model.sdf\n'}
[1.640008] (two_wheeled_robot) StdoutLine: {'line': b'-- Up-to-date: /home/greyflon/lab_2025/install/two_wheeled_robot/share/two_wheeled_robot/models/MopCart3\n'}
[1.640237] (two_wheeled_robot) StdoutLine: {'line': b'-- Up-to-date: /home/greyflon/lab_2025/install/two_wheeled_robot/share/two_wheeled_robot/models/MopCart3/model.config\n'}
[1.640455] (two_wheeled_robot) StdoutLine: {'line': b'-- Up-to-date: /home/greyflon/lab_2025/install/two_wheeled_robot/share/two_wheeled_robot/models/MopCart3/meshes\n'}
[1.640668] (two_wheeled_robot) StdoutLine: {'line': b'-- Up-to-date: /home/greyflon/lab_2025/install/two_wheeled_robot/share/two_wheeled_robot/models/MopCart3/meshes/Spray.png\n'}
[1.640890] (two_wheeled_robot) StdoutLine: {'line': b'-- Up-to-date: /home/greyflon/lab_2025/install/two_wheeled_robot/share/two_wheeled_robot/models/MopCart3/meshes/Parcel.png\n'}
[1.641075] (two_wheeled_robot) StdoutLine: {'line': b'-- Up-to-date: /home/greyflon/lab_2025/install/two_wheeled_robot/share/two_wheeled_robot/models/MopCart3/meshes/Mop.png\n'}
[1.641224] (two_wheeled_robot) StdoutLine: {'line': b'-- Up-to-date: /home/greyflon/lab_2025/install/two_wheeled_robot/share/two_wheeled_robot/models/MopCart3/meshes/MopCart3.obj\n'}
[1.641370] (two_wheeled_robot) StdoutLine: {'line': b'-- Up-to-date: /home/greyflon/lab_2025/install/two_wheeled_robot/share/two_wheeled_robot/models/MopCart3/meshes/Red.png\n'}
[1.641514] (two_wheeled_robot) StdoutLine: {'line': b'-- Up-to-date: /home/greyflon/lab_2025/install/two_wheeled_robot/share/two_wheeled_robot/models/MopCart3/meshes/Plastic.png\n'}
[1.641658] (two_wheeled_robot) StdoutLine: {'line': b'-- Up-to-date: /home/greyflon/lab_2025/install/two_wheeled_robot/share/two_wheeled_robot/models/MopCart3/meshes/Glove.png\n'}
[1.641933] (two_wheeled_robot) StdoutLine: {'line': b'-- Up-to-date: /home/greyflon/lab_2025/install/two_wheeled_robot/share/two_wheeled_robot/models/MopCart3/meshes/Cloth.png\n'}
[1.642087] (two_wheeled_robot) StdoutLine: {'line': b'-- Up-to-date: /home/greyflon/lab_2025/install/two_wheeled_robot/share/two_wheeled_robot/models/MopCart3/meshes/Duster.png\n'}
[1.642232] (two_wheeled_robot) StdoutLine: {'line': b'-- Up-to-date: /home/greyflon/lab_2025/install/two_wheeled_robot/share/two_wheeled_robot/models/MopCart3/meshes/Blue.png\n'}
[1.642378] (two_wheeled_robot) StdoutLine: {'line': b'-- Up-to-date: /home/greyflon/lab_2025/install/two_wheeled_robot/share/two_wheeled_robot/models/MopCart3/meshes/Sign.png\n'}
[1.642523] (two_wheeled_robot) StdoutLine: {'line': b'-- Up-to-date: /home/greyflon/lab_2025/install/two_wheeled_robot/share/two_wheeled_robot/models/MopCart3/meshes/Cart.png\n'}
[1.642668] (two_wheeled_robot) StdoutLine: {'line': b'-- Up-to-date: /home/greyflon/lab_2025/install/two_wheeled_robot/share/two_wheeled_robot/models/MopCart3/meshes/MopCart3.mtl\n'}
[1.642986] (two_wheeled_robot) StdoutLine: {'line': b'-- Up-to-date: /home/greyflon/lab_2025/install/two_wheeled_robot/share/two_wheeled_robot/models/MopCart3/thumbnails\n'}
[1.643141] (two_wheeled_robot) StdoutLine: {'line': b'-- Up-to-date: /home/greyflon/lab_2025/install/two_wheeled_robot/share/two_wheeled_robot/models/MopCart3/thumbnails/5.png\n'}
[1.643286] (two_wheeled_robot) StdoutLine: {'line': b'-- Up-to-date: /home/greyflon/lab_2025/install/two_wheeled_robot/share/two_wheeled_robot/models/MopCart3/thumbnails/1.png\n'}
[1.643430] (two_wheeled_robot) StdoutLine: {'line': b'-- Up-to-date: /home/greyflon/lab_2025/install/two_wheeled_robot/share/two_wheeled_robot/models/MopCart3/thumbnails/2.png\n'}
[1.643575] (two_wheeled_robot) StdoutLine: {'line': b'-- Up-to-date: /home/greyflon/lab_2025/install/two_wheeled_robot/share/two_wheeled_robot/models/MopCart3/thumbnails/4.png\n'}
[1.643737] (two_wheeled_robot) StdoutLine: {'line': b'-- Up-to-date: /home/greyflon/lab_2025/install/two_wheeled_robot/share/two_wheeled_robot/models/MopCart3/thumbnails/3.png\n'}
[1.644032] (two_wheeled_robot) StdoutLine: {'line': b'-- Up-to-date: /home/greyflon/lab_2025/install/two_wheeled_robot/share/two_wheeled_robot/models/MopCart3/model.sdf\n'}
[1.644169] (two_wheeled_robot) StdoutLine: {'line': b'-- Up-to-date: /home/greyflon/lab_2025/install/two_wheeled_robot/share/two_wheeled_robot/models/FemaleVisitorSit\n'}
[1.644302] (two_wheeled_robot) StdoutLine: {'line': b'-- Up-to-date: /home/greyflon/lab_2025/install/two_wheeled_robot/share/two_wheeled_robot/models/FemaleVisitorSit/model.config\n'}
[1.644433] (two_wheeled_robot) StdoutLine: {'line': b'-- Up-to-date: /home/greyflon/lab_2025/install/two_wheeled_robot/share/two_wheeled_robot/models/FemaleVisitorSit/meshes\n'}
[1.644581] (two_wheeled_robot) StdoutLine: {'line': b'-- Up-to-date: /home/greyflon/lab_2025/install/two_wheeled_robot/share/two_wheeled_robot/models/FemaleVisitorSit/meshes/FemaleVisitorSit_Col.obj\n'}
[1.644732] (two_wheeled_robot) StdoutLine: {'line': b'-- Up-to-date: /home/greyflon/lab_2025/install/two_wheeled_robot/share/two_wheeled_robot/models/FemaleVisitorSit/meshes/FemaleVisitorSit.mtl\n'}
[1.644957] (two_wheeled_robot) StdoutLine: {'line': b'-- Up-to-date: /home/greyflon/lab_2025/install/two_wheeled_robot/share/two_wheeled_robot/models/FemaleVisitorSit/meshes/FemaleVisitorSit.png\n'}
[1.645107] (two_wheeled_robot) StdoutLine: {'line': b'-- Up-to-date: /home/greyflon/lab_2025/install/two_wheeled_robot/share/two_wheeled_robot/models/FemaleVisitorSit/meshes/HandbagBlack.png\n'}
[1.645253] (two_wheeled_robot) StdoutLine: {'line': b'-- Up-to-date: /home/greyflon/lab_2025/install/two_wheeled_robot/share/two_wheeled_robot/models/FemaleVisitorSit/meshes/FemaleVisitorSit.obj\n'}
[1.645398] (two_wheeled_robot) StdoutLine: {'line': b'-- Up-to-date: /home/greyflon/lab_2025/install/two_wheeled_robot/share/two_wheeled_robot/models/FemaleVisitorSit/meshes/FemaleVisitorSit_Col.mtl\n'}
[1.645635] (two_wheeled_robot) StdoutLine: {'line': b'-- Up-to-date: /home/greyflon/lab_2025/install/two_wheeled_robot/share/two_wheeled_robot/models/FemaleVisitorSit/thumbnails\n'}
[1.645810] (two_wheeled_robot) StdoutLine: {'line': b'-- Up-to-date: /home/greyflon/lab_2025/install/two_wheeled_robot/share/two_wheeled_robot/models/FemaleVisitorSit/thumbnails/5.png\n'}
[1.645962] (two_wheeled_robot) StdoutLine: {'line': b'-- Up-to-date: /home/greyflon/lab_2025/install/two_wheeled_robot/share/two_wheeled_robot/models/FemaleVisitorSit/thumbnails/1.png\n'}
[1.646108] (two_wheeled_robot) StdoutLine: {'line': b'-- Up-to-date: /home/greyflon/lab_2025/install/two_wheeled_robot/share/two_wheeled_robot/models/FemaleVisitorSit/thumbnails/2.png\n'}
[1.646372] (two_wheeled_robot) StdoutLine: {'line': b'-- Up-to-date: /home/greyflon/lab_2025/install/two_wheeled_robot/share/two_wheeled_robot/models/FemaleVisitorSit/thumbnails/4.png\n'}
[1.646514] (two_wheeled_robot) StdoutLine: {'line': b'-- Up-to-date: /home/greyflon/lab_2025/install/two_wheeled_robot/share/two_wheeled_robot/models/FemaleVisitorSit/thumbnails/3.png\n'}
[1.646652] (two_wheeled_robot) StdoutLine: {'line': b'-- Up-to-date: /home/greyflon/lab_2025/install/two_wheeled_robot/share/two_wheeled_robot/models/FemaleVisitorSit/model.sdf\n'}
[1.646892] (two_wheeled_robot) StdoutLine: {'line': b'-- Up-to-date: /home/greyflon/lab_2025/install/two_wheeled_robot/share/two_wheeled_robot/models/iris_with_standoffs\n'}
[1.647048] (two_wheeled_robot) StdoutLine: {'line': b'-- Up-to-date: /home/greyflon/lab_2025/install/two_wheeled_robot/share/two_wheeled_robot/models/iris_with_standoffs/model.config\n'}
[1.647195] (two_wheeled_robot) StdoutLine: {'line': b'-- Up-to-date: /home/greyflon/lab_2025/install/two_wheeled_robot/share/two_wheeled_robot/models/iris_with_standoffs/meshes\n'}
[1.647341] (two_wheeled_robot) StdoutLine: {'line': b'-- Up-to-date: /home/greyflon/lab_2025/install/two_wheeled_robot/share/two_wheeled_robot/models/iris_with_standoffs/meshes/iris_prop_ccw.dae\n'}
[1.647488] (two_wheeled_robot) StdoutLine: {'line': b'-- Up-to-date: /home/greyflon/lab_2025/install/two_wheeled_robot/share/two_wheeled_robot/models/iris_with_standoffs/meshes/iris_prop_cw.dae\n'}
[1.647635] (two_wheeled_robot) StdoutLine: {'line': b'-- Up-to-date: /home/greyflon/lab_2025/install/two_wheeled_robot/share/two_wheeled_robot/models/iris_with_standoffs/meshes/iris.dae\n'}
[1.647900] (two_wheeled_robot) StdoutLine: {'line': b'-- Up-to-date: /home/greyflon/lab_2025/install/two_wheeled_robot/share/two_wheeled_robot/models/iris_with_standoffs/model.sdf\n'}
[1.648052] (two_wheeled_robot) StdoutLine: {'line': b'-- Up-to-date: /home/greyflon/lab_2025/install/two_wheeled_robot/share/two_wheeled_robot/models/aws_robomaker_residential_TV_02\n'}
[1.648210] (two_wheeled_robot) StdoutLine: {'line': b'-- Up-to-date: /home/greyflon/lab_2025/install/two_wheeled_robot/share/two_wheeled_robot/models/aws_robomaker_residential_TV_02/model.config\n'}
[1.648492] (two_wheeled_robot) StdoutLine: {'line': b'-- Up-to-date: /home/greyflon/lab_2025/install/two_wheeled_robot/share/two_wheeled_robot/models/aws_robomaker_residential_TV_02/meshes\n'}
[1.648742] (two_wheeled_robot) StdoutLine: {'line': b'-- Up-to-date: /home/greyflon/lab_2025/install/two_wheeled_robot/share/two_wheeled_robot/models/aws_robomaker_residential_TV_02/meshes/aws_TV_01_collision.DAE\n'}
[1.649166] (two_wheeled_robot) StdoutLine: {'line': b'-- Up-to-date: /home/greyflon/lab_2025/install/two_wheeled_robot/share/two_wheeled_robot/models/aws_robomaker_residential_TV_02/meshes/aws_TV_01_visual.DAE\n'}
[1.649408] (two_wheeled_robot) StdoutLine: {'line': b'-- Up-to-date: /home/greyflon/lab_2025/install/two_wheeled_robot/share/two_wheeled_robot/models/aws_robomaker_residential_TV_02/materials\n'}
[1.649631] (two_wheeled_robot) StdoutLine: {'line': b'-- Up-to-date: /home/greyflon/lab_2025/install/two_wheeled_robot/share/two_wheeled_robot/models/aws_robomaker_residential_TV_02/materials/textures\n'}
[1.649973] (two_wheeled_robot) StdoutLine: {'line': b'-- Up-to-date: /home/greyflon/lab_2025/install/two_wheeled_robot/share/two_wheeled_robot/models/aws_robomaker_residential_TV_02/materials/textures/aws_TV_01.png\n'}
[1.650296] (two_wheeled_robot) StdoutLine: {'line': b'-- Up-to-date: /home/greyflon/lab_2025/install/two_wheeled_robot/share/two_wheeled_robot/models/aws_robomaker_residential_TV_02/model.sdf\n'}
[1.650500] (two_wheeled_robot) StdoutLine: {'line': b'-- Up-to-date: /home/greyflon/lab_2025/install/two_wheeled_robot/share/two_wheeled_robot/models/elegant_female\n'}
[1.650747] (two_wheeled_robot) StdoutLine: {'line': b'-- Up-to-date: /home/greyflon/lab_2025/install/two_wheeled_robot/share/two_wheeled_robot/models/elegant_female/model.config\n'}
[1.651071] (two_wheeled_robot) StdoutLine: {'line': b'-- Up-to-date: /home/greyflon/lab_2025/install/two_wheeled_robot/share/two_wheeled_robot/models/elegant_female/meshes\n'}
[1.651311] (two_wheeled_robot) StdoutLine: {'line': b'-- Up-to-date: /home/greyflon/lab_2025/install/two_wheeled_robot/share/two_wheeled_robot/models/elegant_female/meshes/elegant_female.dae\n'}
[1.651553] (two_wheeled_robot) StdoutLine: {'line': b'-- Up-to-date: /home/greyflon/lab_2025/install/two_wheeled_robot/share/two_wheeled_robot/models/elegant_female/meshes/elegant_female.png\n'}
[1.651969] (two_wheeled_robot) StdoutLine: {'line': b'-- Up-to-date: /home/greyflon/lab_2025/install/two_wheeled_robot/share/two_wheeled_robot/models/elegant_female/materials\n'}
[1.652280] (two_wheeled_robot) StdoutLine: {'line': b'-- Up-to-date: /home/greyflon/lab_2025/install/two_wheeled_robot/share/two_wheeled_robot/models/elegant_female/materials/textures\n'}
[1.652523] (two_wheeled_robot) StdoutLine: {'line': b'-- Up-to-date: /home/greyflon/lab_2025/install/two_wheeled_robot/share/two_wheeled_robot/models/elegant_female/materials/textures/eyelashes01.png\n'}
[1.652860] (two_wheeled_robot) StdoutLine: {'line': b'-- Up-to-date: /home/greyflon/lab_2025/install/two_wheeled_robot/share/two_wheeled_robot/models/elegant_female/materials/textures/ponytail01_diffuse.png\n'}
[1.653218] (two_wheeled_robot) StdoutLine: {'line': b'-- Up-to-date: /home/greyflon/lab_2025/install/two_wheeled_robot/share/two_wheeled_robot/models/elegant_female/materials/textures/young_lightskinned_female_diffuse2.png\n'}
[1.653480] (two_wheeled_robot) StdoutLine: {'line': b'-- Up-to-date: /home/greyflon/lab_2025/install/two_wheeled_robot/share/two_wheeled_robot/models/elegant_female/materials/textures/male_elegantsuit01_diffuse.png\n'}
[1.653806] (two_wheeled_robot) StdoutLine: {'line': b'-- Up-to-date: /home/greyflon/lab_2025/install/two_wheeled_robot/share/two_wheeled_robot/models/elegant_female/materials/textures/eyebrow002.png\n'}
[1.654155] (two_wheeled_robot) StdoutLine: {'line': b'-- Up-to-date: /home/greyflon/lab_2025/install/two_wheeled_robot/share/two_wheeled_robot/models/elegant_female/materials/textures/shoes03_diffuse.png\n'}
[1.654446] (two_wheeled_robot) StdoutLine: {'line': b'-- Up-to-date: /home/greyflon/lab_2025/install/two_wheeled_robot/share/two_wheeled_robot/models/elegant_female/materials/textures/brown_eye.png\n'}
[1.654680] (two_wheeled_robot) StdoutLine: {'line': b'-- Up-to-date: /home/greyflon/lab_2025/install/two_wheeled_robot/share/two_wheeled_robot/models/elegant_female/model.sdf\n'}
[1.655025] (two_wheeled_robot) StdoutLine: {'line': b'-- Up-to-date: /home/greyflon/lab_2025/install/two_wheeled_robot/share/two_wheeled_robot/models/big_box\n'}
[1.655236] (two_wheeled_robot) StdoutLine: {'line': b'-- Up-to-date: /home/greyflon/lab_2025/install/two_wheeled_robot/share/two_wheeled_robot/models/big_box/model.config\n'}
[1.655448] (two_wheeled_robot) StdoutLine: {'line': b'-- Up-to-date: /home/greyflon/lab_2025/install/two_wheeled_robot/share/two_wheeled_robot/models/big_box/meshes\n'}
[1.655665] (two_wheeled_robot) StdoutLine: {'line': b'-- Up-to-date: /home/greyflon/lab_2025/install/two_wheeled_robot/share/two_wheeled_robot/models/big_box/meshes/big_box.dae\n'}
[1.655918] (two_wheeled_robot) StdoutLine: {'line': b'-- Up-to-date: /home/greyflon/lab_2025/install/two_wheeled_robot/share/two_wheeled_robot/models/big_box/materials\n'}
[1.656141] (two_wheeled_robot) StdoutLine: {'line': b'-- Up-to-date: /home/greyflon/lab_2025/install/two_wheeled_robot/share/two_wheeled_robot/models/big_box/materials/textures\n'}
[1.656345] (two_wheeled_robot) StdoutLine: {'line': b'-- Up-to-date: /home/greyflon/lab_2025/install/two_wheeled_robot/share/two_wheeled_robot/models/big_box/materials/textures/barcode.png\n'}
[1.656554] (two_wheeled_robot) StdoutLine: {'line': b'-- Up-to-date: /home/greyflon/lab_2025/install/two_wheeled_robot/share/two_wheeled_robot/models/big_box/materials/textures/Kraft_Tile.jpg\n'}
[1.656784] (two_wheeled_robot) StdoutLine: {'line': b'-- Up-to-date: /home/greyflon/lab_2025/install/two_wheeled_robot/share/two_wheeled_robot/models/big_box/materials/textures/side2.png\n'}
[1.657009] (two_wheeled_robot) StdoutLine: {'line': b'-- Up-to-date: /home/greyflon/lab_2025/install/two_wheeled_robot/share/two_wheeled_robot/models/big_box/materials/textures/side1.pdn\n'}
[1.657218] (two_wheeled_robot) StdoutLine: {'line': b'-- Up-to-date: /home/greyflon/lab_2025/install/two_wheeled_robot/share/two_wheeled_robot/models/big_box/materials/textures/front.png\n'}
[1.657438] (two_wheeled_robot) StdoutLine: {'line': b'-- Up-to-date: /home/greyflon/lab_2025/install/two_wheeled_robot/share/two_wheeled_robot/models/big_box/materials/textures/front.pdn\n'}
[1.657648] (two_wheeled_robot) StdoutLine: {'line': b'-- Up-to-date: /home/greyflon/lab_2025/install/two_wheeled_robot/share/two_wheeled_robot/models/big_box/materials/textures/side2.pdn\n'}
[1.657895] (two_wheeled_robot) StdoutLine: {'line': b'-- Up-to-date: /home/greyflon/lab_2025/install/two_wheeled_robot/share/two_wheeled_robot/models/big_box/materials/textures/side1.png\n'}
[1.658107] (two_wheeled_robot) StdoutLine: {'line': b'-- Up-to-date: /home/greyflon/lab_2025/install/two_wheeled_robot/share/two_wheeled_robot/models/big_box/model.sdf\n'}
[1.658318] (two_wheeled_robot) StdoutLine: {'line': b'-- Up-to-date: /home/greyflon/lab_2025/install/two_wheeled_robot/share/two_wheeled_robot/models/suv\n'}
[1.658529] (two_wheeled_robot) StdoutLine: {'line': b'-- Up-to-date: /home/greyflon/lab_2025/install/two_wheeled_robot/share/two_wheeled_robot/models/suv/model.config\n'}
[1.658760] (two_wheeled_robot) StdoutLine: {'line': b'-- Up-to-date: /home/greyflon/lab_2025/install/two_wheeled_robot/share/two_wheeled_robot/models/suv/meshes\n'}
[1.658998] (two_wheeled_robot) StdoutLine: {'line': b'-- Up-to-date: /home/greyflon/lab_2025/install/two_wheeled_robot/share/two_wheeled_robot/models/suv/meshes/suv.mtl\n'}
[1.659204] (two_wheeled_robot) StdoutLine: {'line': b'-- Up-to-date: /home/greyflon/lab_2025/install/two_wheeled_robot/share/two_wheeled_robot/models/suv/meshes/suv.obj\n'}
[1.659495] (two_wheeled_robot) StdoutLine: {'line': b'-- Up-to-date: /home/greyflon/lab_2025/install/two_wheeled_robot/share/two_wheeled_robot/models/suv/materials\n'}
[1.659803] (two_wheeled_robot) StdoutLine: {'line': b'-- Up-to-date: /home/greyflon/lab_2025/install/two_wheeled_robot/share/two_wheeled_robot/models/suv/materials/textures\n'}
[1.660105] (two_wheeled_robot) StdoutLine: {'line': b'-- Up-to-date: /home/greyflon/lab_2025/install/two_wheeled_robot/share/two_wheeled_robot/models/suv/materials/textures/wheels_01.png\n'}
[1.660342] (two_wheeled_robot) StdoutLine: {'line': b'-- Up-to-date: /home/greyflon/lab_2025/install/two_wheeled_robot/share/two_wheeled_robot/models/suv/materials/textures/suv.png\n'}
[1.660583] (two_wheeled_robot) StdoutLine: {'line': b'-- Up-to-date: /home/greyflon/lab_2025/install/two_wheeled_robot/share/two_wheeled_robot/models/suv/model.sdf\n'}
[1.660949] (two_wheeled_robot) StdoutLine: {'line': b'-- Up-to-date: /home/greyflon/lab_2025/install/two_wheeled_robot/share/two_wheeled_robot/models/sun\n'}
[1.661181] (two_wheeled_robot) StdoutLine: {'line': b'-- Up-to-date: /home/greyflon/lab_2025/install/two_wheeled_robot/share/two_wheeled_robot/models/sun/model-1_2.sdf\n'}
[1.661395] (two_wheeled_robot) StdoutLine: {'line': b'-- Up-to-date: /home/greyflon/lab_2025/install/two_wheeled_robot/share/two_wheeled_robot/models/sun/model-1_4.sdf\n'}
[1.661612] (two_wheeled_robot) StdoutLine: {'line': b'-- Up-to-date: /home/greyflon/lab_2025/install/two_wheeled_robot/share/two_wheeled_robot/models/sun/model.config\n'}
[1.661897] (two_wheeled_robot) StdoutLine: {'line': b'-- Up-to-date: /home/greyflon/lab_2025/install/two_wheeled_robot/share/two_wheeled_robot/models/sun/model.sdf\n'}
[1.662117] (two_wheeled_robot) StdoutLine: {'line': b'-- Up-to-date: /home/greyflon/lab_2025/install/two_wheeled_robot/share/two_wheeled_robot/models/sun/model-1_3.sdf\n'}
[1.662327] (two_wheeled_robot) StdoutLine: {'line': b'-- Up-to-date: /home/greyflon/lab_2025/install/two_wheeled_robot/share/two_wheeled_robot/models/marker10\n'}
[1.662532] (two_wheeled_robot) StdoutLine: {'line': b'-- Up-to-date: /home/greyflon/lab_2025/install/two_wheeled_robot/share/two_wheeled_robot/models/marker10/model.config~.xml\n'}
[1.662761] (two_wheeled_robot) StdoutLine: {'line': b'-- Up-to-date: /home/greyflon/lab_2025/install/two_wheeled_robot/share/two_wheeled_robot/models/marker10/model.sdf~\n'}
[1.663004] (two_wheeled_robot) StdoutLine: {'line': b'-- Up-to-date: /home/greyflon/lab_2025/install/two_wheeled_robot/share/two_wheeled_robot/models/marker10/model-1_4.sdf\n'}
[1.663173] (two_wheeled_robot) StdoutLine: {'line': b'-- Up-to-date: /home/greyflon/lab_2025/install/two_wheeled_robot/share/two_wheeled_robot/models/marker10/model.config\n'}
[1.663299] (two_wheeled_robot) StdoutLine: {'line': b'-- Up-to-date: /home/greyflon/lab_2025/install/two_wheeled_robot/share/two_wheeled_robot/models/marker10/meshes\n'}
[1.663414] (two_wheeled_robot) StdoutLine: {'line': b'-- Up-to-date: /home/greyflon/lab_2025/install/two_wheeled_robot/share/two_wheeled_robot/models/marker10/meshes/Marker0.dae\n'}
[1.663533] (two_wheeled_robot) StdoutLine: {'line': b'-- Up-to-date: /home/greyflon/lab_2025/install/two_wheeled_robot/share/two_wheeled_robot/models/marker10/materials\n'}
[1.663647] (two_wheeled_robot) StdoutLine: {'line': b'-- Up-to-date: /home/greyflon/lab_2025/install/two_wheeled_robot/share/two_wheeled_robot/models/marker10/materials/textures\n'}
[1.663775] (two_wheeled_robot) StdoutLine: {'line': b'-- Up-to-date: /home/greyflon/lab_2025/install/two_wheeled_robot/share/two_wheeled_robot/models/marker10/materials/textures/Marker0.png\n'}
[1.663889] (two_wheeled_robot) StdoutLine: {'line': b'-- Up-to-date: /home/greyflon/lab_2025/install/two_wheeled_robot/share/two_wheeled_robot/models/marker10/model.sdf\n'}
[1.664005] (two_wheeled_robot) StdoutLine: {'line': b'-- Up-to-date: /home/greyflon/lab_2025/install/two_wheeled_robot/share/two_wheeled_robot/models/marker10/model-1_5.sdf~\n'}
[1.664125] (two_wheeled_robot) StdoutLine: {'line': b'-- Up-to-date: /home/greyflon/lab_2025/install/two_wheeled_robot/share/two_wheeled_robot/models/marker10/model-1_5.sdf\n'}
[1.664243] (two_wheeled_robot) StdoutLine: {'line': b'-- Up-to-date: /home/greyflon/lab_2025/install/two_wheeled_robot/share/two_wheeled_robot/models/marker10/model-1_4.sdf~\n'}
[1.664378] (two_wheeled_robot) StdoutLine: {'line': b'-- Up-to-date: /home/greyflon/lab_2025/install/two_wheeled_robot/share/two_wheeled_robot/models/target_table\n'}
[1.667279] (two_wheeled_robot) StdoutLine: {'line': b'-- Up-to-date: /home/greyflon/lab_2025/install/two_wheeled_robot/share/two_wheeled_robot/models/target_table/model.config\n'}
[1.667398] (two_wheeled_robot) StdoutLine: {'line': b'-- Up-to-date: /home/greyflon/lab_2025/install/two_wheeled_robot/share/two_wheeled_robot/models/target_table/meshes\n'}
[1.667561] (two_wheeled_robot) StdoutLine: {'line': b'-- Up-to-date: /home/greyflon/lab_2025/install/two_wheeled_robot/share/two_wheeled_robot/models/target_table/meshes/target_table.dae\n'}
[1.667661] (two_wheeled_robot) StdoutLine: {'line': b'-- Up-to-date: /home/greyflon/lab_2025/install/two_wheeled_robot/share/two_wheeled_robot/models/target_table/model.sdf\n'}
[1.667775] (two_wheeled_robot) StdoutLine: {'line': b'-- Up-to-date: /home/greyflon/lab_2025/install/two_wheeled_robot/share/two_wheeled_robot/models/cabinet\n'}
[1.668089] (two_wheeled_robot) StdoutLine: {'line': b'-- Up-to-date: /home/greyflon/lab_2025/install/two_wheeled_robot/share/two_wheeled_robot/models/cabinet/model-1_2.sdf\n'}
[1.668204] (two_wheeled_robot) StdoutLine: {'line': b'-- Up-to-date: /home/greyflon/lab_2025/install/two_wheeled_robot/share/two_wheeled_robot/models/cabinet/model-1_4.sdf\n'}
[1.668314] (two_wheeled_robot) StdoutLine: {'line': b'-- Up-to-date: /home/greyflon/lab_2025/install/two_wheeled_robot/share/two_wheeled_robot/models/cabinet/model.config\n'}
[1.668404] (two_wheeled_robot) StdoutLine: {'line': b'-- Up-to-date: /home/greyflon/lab_2025/install/two_wheeled_robot/share/two_wheeled_robot/models/cabinet/model.sdf\n'}
[1.668506] (two_wheeled_robot) StdoutLine: {'line': b'-- Up-to-date: /home/greyflon/lab_2025/install/two_wheeled_robot/share/two_wheeled_robot/models/cabinet/model-1_3.sdf\n'}
[1.668617] (two_wheeled_robot) StdoutLine: {'line': b'-- Up-to-date: /home/greyflon/lab_2025/install/two_wheeled_robot/share/two_wheeled_robot/models/bus\n'}
[1.668868] (two_wheeled_robot) StdoutLine: {'line': b'-- Up-to-date: /home/greyflon/lab_2025/install/two_wheeled_robot/share/two_wheeled_robot/models/bus/model.config\n'}
[1.668974] (two_wheeled_robot) StdoutLine: {'line': b'-- Up-to-date: /home/greyflon/lab_2025/install/two_wheeled_robot/share/two_wheeled_robot/models/bus/meshes\n'}
[1.669897] (two_wheeled_robot) StdoutLine: {'line': b'-- Up-to-date: /home/greyflon/lab_2025/install/two_wheeled_robot/share/two_wheeled_robot/models/bus/meshes/bus.mtl\n'}
[1.670002] (two_wheeled_robot) StdoutLine: {'line': b'-- Up-to-date: /home/greyflon/lab_2025/install/two_wheeled_robot/share/two_wheeled_robot/models/bus/meshes/bus.obj\n'}
[1.670097] (two_wheeled_robot) StdoutLine: {'line': b'-- Up-to-date: /home/greyflon/lab_2025/install/two_wheeled_robot/share/two_wheeled_robot/models/bus/materials\n'}
[1.670372] (two_wheeled_robot) StdoutLine: {'line': b'-- Up-to-date: /home/greyflon/lab_2025/install/two_wheeled_robot/share/two_wheeled_robot/models/bus/materials/textures\n'}
[1.670689] (two_wheeled_robot) StdoutLine: {'line': b'-- Up-to-date: /home/greyflon/lab_2025/install/two_wheeled_robot/share/two_wheeled_robot/models/bus/materials/textures/bus.png\n'}
[1.670804] (two_wheeled_robot) StdoutLine: {'line': b'-- Up-to-date: /home/greyflon/lab_2025/install/two_wheeled_robot/share/two_wheeled_robot/models/bus/model.sdf\n'}
[1.670915] (two_wheeled_robot) StdoutLine: {'line': b'-- Up-to-date: /home/greyflon/lab_2025/install/two_wheeled_robot/share/two_wheeled_robot/models/stop_sign\n'}
[1.671183] (two_wheeled_robot) StdoutLine: {'line': b'-- Up-to-date: /home/greyflon/lab_2025/install/two_wheeled_robot/share/two_wheeled_robot/models/stop_sign/model-1_4.sdf\n'}
[1.671286] (two_wheeled_robot) StdoutLine: {'line': b'-- Up-to-date: /home/greyflon/lab_2025/install/two_wheeled_robot/share/two_wheeled_robot/models/stop_sign/model.config\n'}
[1.671405] (two_wheeled_robot) StdoutLine: {'line': b'-- Up-to-date: /home/greyflon/lab_2025/install/two_wheeled_robot/share/two_wheeled_robot/models/stop_sign/meshes\n'}
[1.671632] (two_wheeled_robot) StdoutLine: {'line': b'-- Up-to-date: /home/greyflon/lab_2025/install/two_wheeled_robot/share/two_wheeled_robot/models/stop_sign/meshes/stop_sign.dae\n'}
[1.671732] (two_wheeled_robot) StdoutLine: {'line': b'-- Up-to-date: /home/greyflon/lab_2025/install/two_wheeled_robot/share/two_wheeled_robot/models/stop_sign/materials\n'}
[1.671984] (two_wheeled_robot) StdoutLine: {'line': b'-- Up-to-date: /home/greyflon/lab_2025/install/two_wheeled_robot/share/two_wheeled_robot/models/stop_sign/materials/scripts\n'}
[1.672252] (two_wheeled_robot) StdoutLine: {'line': b'-- Up-to-date: /home/greyflon/lab_2025/install/two_wheeled_robot/share/two_wheeled_robot/models/stop_sign/materials/scripts/stopsign.material\n'}
[1.672349] (two_wheeled_robot) StdoutLine: {'line': b'-- Up-to-date: /home/greyflon/lab_2025/install/two_wheeled_robot/share/two_wheeled_robot/models/stop_sign/materials/textures\n'}
[1.672512] (two_wheeled_robot) StdoutLine: {'line': b'-- Up-to-date: /home/greyflon/lab_2025/install/two_wheeled_robot/share/two_wheeled_robot/models/stop_sign/materials/textures/StopSign_Spec.png\n'}
[1.672622] (two_wheeled_robot) StdoutLine: {'line': b'-- Up-to-date: /home/greyflon/lab_2025/install/two_wheeled_robot/share/two_wheeled_robot/models/stop_sign/materials/textures/StopSign_Diffuse.png\n'}
[1.672759] (two_wheeled_robot) StdoutLine: {'line': b'-- Up-to-date: /home/greyflon/lab_2025/install/two_wheeled_robot/share/two_wheeled_robot/models/stop_sign/model.sdf\n'}
[1.672878] (two_wheeled_robot) StdoutLine: {'line': b'-- Up-to-date: /home/greyflon/lab_2025/install/two_wheeled_robot/share/two_wheeled_robot/models/stop_sign/my_mesh.world~\n'}
[1.672933] (two_wheeled_robot) StdoutLine: {'line': b'-- Up-to-date: /home/greyflon/lab_2025/install/two_wheeled_robot/share/two_wheeled_robot/models/stop_sign/model-1_3.sdf\n'}
[1.673017] (two_wheeled_robot) StdoutLine: {'line': b'-- Up-to-date: /home/greyflon/lab_2025/install/two_wheeled_robot/share/two_wheeled_robot/models/aws_robomaker_residential_DeskPortraitA_02\n'}
[1.673076] (two_wheeled_robot) StdoutLine: {'line': b'-- Up-to-date: /home/greyflon/lab_2025/install/two_wheeled_robot/share/two_wheeled_robot/models/aws_robomaker_residential_DeskPortraitA_02/model.config\n'}
[1.673181] (two_wheeled_robot) StdoutLine: {'line': b'-- Up-to-date: /home/greyflon/lab_2025/install/two_wheeled_robot/share/two_wheeled_robot/models/aws_robomaker_residential_DeskPortraitA_02/meshes\n'}
[1.673283] (two_wheeled_robot) StdoutLine: {'line': b'-- Up-to-date: /home/greyflon/lab_2025/install/two_wheeled_robot/share/two_wheeled_robot/models/aws_robomaker_residential_DeskPortraitA_02/meshes/aws_DeskPortraitA_01_visual.DAE\n'}
[1.673392] (two_wheeled_robot) StdoutLine: {'line': b'-- Up-to-date: /home/greyflon/lab_2025/install/two_wheeled_robot/share/two_wheeled_robot/models/aws_robomaker_residential_DeskPortraitA_02/meshes/aws_DeskPortraitA_01_collision.DAE\n'}
[1.673496] (two_wheeled_robot) StdoutLine: {'line': b'-- Up-to-date: /home/greyflon/lab_2025/install/two_wheeled_robot/share/two_wheeled_robot/models/aws_robomaker_residential_DeskPortraitA_02/materials\n'}
[1.673599] (two_wheeled_robot) StdoutLine: {'line': b'-- Up-to-date: /home/greyflon/lab_2025/install/two_wheeled_robot/share/two_wheeled_robot/models/aws_robomaker_residential_DeskPortraitA_02/materials/textures\n'}
[1.673703] (two_wheeled_robot) StdoutLine: {'line': b'-- Up-to-date: /home/greyflon/lab_2025/install/two_wheeled_robot/share/two_wheeled_robot/models/aws_robomaker_residential_DeskPortraitA_02/materials/textures/aws_DeskPortraitA_01.png\n'}
[1.673850] (two_wheeled_robot) StdoutLine: {'line': b'-- Up-to-date: /home/greyflon/lab_2025/install/two_wheeled_robot/share/two_wheeled_robot/models/aws_robomaker_residential_DeskPortraitA_02/materials/textures/aws_DeskPortraitA_02.png\n'}
[1.673908] (two_wheeled_robot) StdoutLine: {'line': b'-- Up-to-date: /home/greyflon/lab_2025/install/two_wheeled_robot/share/two_wheeled_robot/models/aws_robomaker_residential_DeskPortraitA_02/materials/textures/DeskPortraitA_02.jpg\n'}
[1.673974] (two_wheeled_robot) StdoutLine: {'line': b'-- Up-to-date: /home/greyflon/lab_2025/install/two_wheeled_robot/share/two_wheeled_robot/models/aws_robomaker_residential_DeskPortraitA_02/model.sdf\n'}
[1.674086] (two_wheeled_robot) StdoutLine: {'line': b'-- Up-to-date: /home/greyflon/lab_2025/install/two_wheeled_robot/share/two_wheeled_robot/models/marker00\n'}
[1.674148] (two_wheeled_robot) StdoutLine: {'line': b'-- Up-to-date: /home/greyflon/lab_2025/install/two_wheeled_robot/share/two_wheeled_robot/models/marker00/model.config~.xml\n'}
[1.674206] (two_wheeled_robot) StdoutLine: {'line': b'-- Up-to-date: /home/greyflon/lab_2025/install/two_wheeled_robot/share/two_wheeled_robot/models/marker00/model.sdf~\n'}
[1.674306] (two_wheeled_robot) StdoutLine: {'line': b'-- Up-to-date: /home/greyflon/lab_2025/install/two_wheeled_robot/share/two_wheeled_robot/models/marker00/model-1_4.sdf\n'}
[1.674453] (two_wheeled_robot) StdoutLine: {'line': b'-- Up-to-date: /home/greyflon/lab_2025/install/two_wheeled_robot/share/two_wheeled_robot/models/marker00/model.config\n'}
[1.674514] (two_wheeled_robot) StdoutLine: {'line': b'-- Up-to-date: /home/greyflon/lab_2025/install/two_wheeled_robot/share/two_wheeled_robot/models/marker00/meshes\n'}
[1.674571] (two_wheeled_robot) StdoutLine: {'line': b'-- Up-to-date: /home/greyflon/lab_2025/install/two_wheeled_robot/share/two_wheeled_robot/models/marker00/meshes/Marker0.dae\n'}
[1.674630] (two_wheeled_robot) StdoutLine: {'line': b'-- Up-to-date: /home/greyflon/lab_2025/install/two_wheeled_robot/share/two_wheeled_robot/models/marker00/materials\n'}
[1.674745] (two_wheeled_robot) StdoutLine: {'line': b'-- Up-to-date: /home/greyflon/lab_2025/install/two_wheeled_robot/share/two_wheeled_robot/models/marker00/materials/textures\n'}
[1.674880] (two_wheeled_robot) StdoutLine: {'line': b'-- Up-to-date: /home/greyflon/lab_2025/install/two_wheeled_robot/share/two_wheeled_robot/models/marker00/materials/textures/Marker0.png\n'}
[1.674941] (two_wheeled_robot) StdoutLine: {'line': b'-- Up-to-date: /home/greyflon/lab_2025/install/two_wheeled_robot/share/two_wheeled_robot/models/marker00/model.sdf\n'}
[1.674999] (two_wheeled_robot) StdoutLine: {'line': b'-- Up-to-date: /home/greyflon/lab_2025/install/two_wheeled_robot/share/two_wheeled_robot/models/marker00/model-1_5.sdf~\n'}
[1.675083] (two_wheeled_robot) StdoutLine: {'line': b'-- Up-to-date: /home/greyflon/lab_2025/install/two_wheeled_robot/share/two_wheeled_robot/models/marker00/model-1_5.sdf\n'}
[1.675200] (two_wheeled_robot) StdoutLine: {'line': b'-- Up-to-date: /home/greyflon/lab_2025/install/two_wheeled_robot/share/two_wheeled_robot/models/marker00/model-1_4.sdf~\n'}
[1.675260] (two_wheeled_robot) StdoutLine: {'line': b'-- Up-to-date: /home/greyflon/lab_2025/install/two_wheeled_robot/share/two_wheeled_robot/models/bathroom_sink\n'}
[1.675371] (two_wheeled_robot) StdoutLine: {'line': b'-- Up-to-date: /home/greyflon/lab_2025/install/two_wheeled_robot/share/two_wheeled_robot/models/bathroom_sink/model.config\n'}
[1.675517] (two_wheeled_robot) StdoutLine: {'line': b'-- Up-to-date: /home/greyflon/lab_2025/install/two_wheeled_robot/share/two_wheeled_robot/models/bathroom_sink/meshes\n'}
[1.675683] (two_wheeled_robot) StdoutLine: {'line': b'-- Up-to-date: /home/greyflon/lab_2025/install/two_wheeled_robot/share/two_wheeled_robot/models/bathroom_sink/meshes/bathroom_sink.dae\n'}
[1.675760] (two_wheeled_robot) StdoutLine: {'line': b'-- Up-to-date: /home/greyflon/lab_2025/install/two_wheeled_robot/share/two_wheeled_robot/models/bathroom_sink/materials\n'}
[1.675863] (two_wheeled_robot) StdoutLine: {'line': b'-- Up-to-date: /home/greyflon/lab_2025/install/two_wheeled_robot/share/two_wheeled_robot/models/bathroom_sink/materials/textures\n'}
[1.676111] (two_wheeled_robot) StdoutLine: {'line': b'-- Up-to-date: /home/greyflon/lab_2025/install/two_wheeled_robot/share/two_wheeled_robot/models/bathroom_sink/materials/textures/bathroom_sink_diffuse.png\n'}
[1.676255] (two_wheeled_robot) StdoutLine: {'line': b'-- Up-to-date: /home/greyflon/lab_2025/install/two_wheeled_robot/share/two_wheeled_robot/models/bathroom_sink/materials/textures/bathroom_sink_specular.png\n'}
[1.676319] (two_wheeled_robot) StdoutLine: {'line': b'-- Up-to-date: /home/greyflon/lab_2025/install/two_wheeled_robot/share/two_wheeled_robot/models/bathroom_sink/model.sdf\n'}
[1.676409] (two_wheeled_robot) StdoutLine: {'line': b'-- Up-to-date: /home/greyflon/lab_2025/install/two_wheeled_robot/share/two_wheeled_robot/models/grocery_store\n'}
[1.682360] (two_wheeled_robot) StdoutLine: {'line': b'-- Up-to-date: /home/greyflon/lab_2025/install/two_wheeled_robot/share/two_wheeled_robot/models/grocery_store/model.config\n'}
[1.682606] (two_wheeled_robot) StdoutLine: {'line': b'-- Up-to-date: /home/greyflon/lab_2025/install/two_wheeled_robot/share/two_wheeled_robot/models/grocery_store/meshes\n'}
[1.682792] (two_wheeled_robot) StdoutLine: {'line': b'-- Up-to-date: /home/greyflon/lab_2025/install/two_wheeled_robot/share/two_wheeled_robot/models/grocery_store/meshes/grocery_store.dae\n'}
[1.682989] (two_wheeled_robot) StdoutLine: {'line': b'-- Up-to-date: /home/greyflon/lab_2025/install/two_wheeled_robot/share/two_wheeled_robot/models/grocery_store/materials\n'}
[1.683145] (two_wheeled_robot) StdoutLine: {'line': b'-- Up-to-date: /home/greyflon/lab_2025/install/two_wheeled_robot/share/two_wheeled_robot/models/grocery_store/materials/textures\n'}
[1.683249] (two_wheeled_robot) StdoutLine: {'line': b'-- Up-to-date: /home/greyflon/lab_2025/install/two_wheeled_robot/share/two_wheeled_robot/models/grocery_store/materials/textures/grocery_store_diffuse.jpg\n'}
[1.683347] (two_wheeled_robot) StdoutLine: {'line': b'-- Up-to-date: /home/greyflon/lab_2025/install/two_wheeled_robot/share/two_wheeled_robot/models/grocery_store/materials/textures/grocery_store_spec.jpg\n'}
[1.683448] (two_wheeled_robot) StdoutLine: {'line': b'-- Up-to-date: /home/greyflon/lab_2025/install/two_wheeled_robot/share/two_wheeled_robot/models/grocery_store/model.sdf\n'}
[1.683542] (two_wheeled_robot) StdoutLine: {'line': b'-- Up-to-date: /home/greyflon/lab_2025/install/two_wheeled_robot/share/two_wheeled_robot/models/garden\n'}
[1.689969] (two_wheeled_robot) StdoutLine: {'line': b'-- Up-to-date: /home/greyflon/lab_2025/install/two_wheeled_robot/share/two_wheeled_robot/models/garden/model.config\n'}
[1.690204] (two_wheeled_robot) StdoutLine: {'line': b'-- Up-to-date: /home/greyflon/lab_2025/install/two_wheeled_robot/share/two_wheeled_robot/models/garden/materials\n'}
[1.690620] (two_wheeled_robot) StdoutLine: {'line': b'-- Up-to-date: /home/greyflon/lab_2025/install/two_wheeled_robot/share/two_wheeled_robot/models/garden/materials/scripts\n'}
[1.690853] (two_wheeled_robot) StdoutLine: {'line': b'-- Up-to-date: /home/greyflon/lab_2025/install/two_wheeled_robot/share/two_wheeled_robot/models/garden/materials/scripts/grass.material\n'}
[1.691018] (two_wheeled_robot) StdoutLine: {'line': b'-- Up-to-date: /home/greyflon/lab_2025/install/two_wheeled_robot/share/two_wheeled_robot/models/garden/materials/textures\n'}
[1.691529] (two_wheeled_robot) StdoutLine: {'line': b'-- Up-to-date: /home/greyflon/lab_2025/install/two_wheeled_robot/share/two_wheeled_robot/models/garden/materials/textures/grass_dry.jpg\n'}
[1.691673] (two_wheeled_robot) StdoutLine: {'line': b'-- Up-to-date: /home/greyflon/lab_2025/install/two_wheeled_robot/share/two_wheeled_robot/models/garden/model.sdf\n'}
[1.691888] (two_wheeled_robot) StdoutLine: {'line': b'-- Up-to-date: /home/greyflon/lab_2025/install/two_wheeled_robot/share/two_wheeled_robot/models/aws_robomaker_residential_TV_01\n'}
[1.692096] (two_wheeled_robot) StdoutLine: {'line': b'-- Up-to-date: /home/greyflon/lab_2025/install/two_wheeled_robot/share/two_wheeled_robot/models/aws_robomaker_residential_TV_01/model.config\n'}
[1.692209] (two_wheeled_robot) StdoutLine: {'line': b'-- Up-to-date: /home/greyflon/lab_2025/install/two_wheeled_robot/share/two_wheeled_robot/models/aws_robomaker_residential_TV_01/meshes\n'}
[1.692397] (two_wheeled_robot) StdoutLine: {'line': b'-- Up-to-date: /home/greyflon/lab_2025/install/two_wheeled_robot/share/two_wheeled_robot/models/aws_robomaker_residential_TV_01/meshes/aws_TV_01_collision.DAE\n'}
[1.692513] (two_wheeled_robot) StdoutLine: {'line': b'-- Up-to-date: /home/greyflon/lab_2025/install/two_wheeled_robot/share/two_wheeled_robot/models/aws_robomaker_residential_TV_01/meshes/aws_TV_01_visual.DAE\n'}
[1.692629] (two_wheeled_robot) StdoutLine: {'line': b'-- Up-to-date: /home/greyflon/lab_2025/install/two_wheeled_robot/share/two_wheeled_robot/models/aws_robomaker_residential_TV_01/materials\n'}
[1.692754] (two_wheeled_robot) StdoutLine: {'line': b'-- Up-to-date: /home/greyflon/lab_2025/install/two_wheeled_robot/share/two_wheeled_robot/models/aws_robomaker_residential_TV_01/materials/textures\n'}
[1.692868] (two_wheeled_robot) StdoutLine: {'line': b'-- Up-to-date: /home/greyflon/lab_2025/install/two_wheeled_robot/share/two_wheeled_robot/models/aws_robomaker_residential_TV_01/materials/textures/aws_TV_01.png\n'}
[1.692987] (two_wheeled_robot) StdoutLine: {'line': b'-- Up-to-date: /home/greyflon/lab_2025/install/two_wheeled_robot/share/two_wheeled_robot/models/aws_robomaker_residential_TV_01/model.sdf\n'}
[1.693102] (two_wheeled_robot) StdoutLine: {'line': b'-- Up-to-date: /home/greyflon/lab_2025/install/two_wheeled_robot/share/two_wheeled_robot/models/aws_robomaker_residential_Refrigerator_01\n'}
[1.693378] (two_wheeled_robot) StdoutLine: {'line': b'-- Up-to-date: /home/greyflon/lab_2025/install/two_wheeled_robot/share/two_wheeled_robot/models/aws_robomaker_residential_Refrigerator_01/model.config\n'}
[1.693485] (two_wheeled_robot) StdoutLine: {'line': b'-- Up-to-date: /home/greyflon/lab_2025/install/two_wheeled_robot/share/two_wheeled_robot/models/aws_robomaker_residential_Refrigerator_01/meshes\n'}
[1.693583] (two_wheeled_robot) StdoutLine: {'line': b'-- Up-to-date: /home/greyflon/lab_2025/install/two_wheeled_robot/share/two_wheeled_robot/models/aws_robomaker_residential_Refrigerator_01/meshes/aws_Refrigerator_01_collision.DAE\n'}
[1.693748] (two_wheeled_robot) StdoutLine: {'line': b'-- Up-to-date: /home/greyflon/lab_2025/install/two_wheeled_robot/share/two_wheeled_robot/models/aws_robomaker_residential_Refrigerator_01/meshes/aws_Refrigerator_01_visual.DAE\n'}
[1.693861] (two_wheeled_robot) StdoutLine: {'line': b'-- Up-to-date: /home/greyflon/lab_2025/install/two_wheeled_robot/share/two_wheeled_robot/models/aws_robomaker_residential_Refrigerator_01/meshes/aws_Refrigerator_01.DAE\n'}
[1.693963] (two_wheeled_robot) StdoutLine: {'line': b'-- Up-to-date: /home/greyflon/lab_2025/install/two_wheeled_robot/share/two_wheeled_robot/models/aws_robomaker_residential_Refrigerator_01/materials\n'}
[1.694068] (two_wheeled_robot) StdoutLine: {'line': b'-- Up-to-date: /home/greyflon/lab_2025/install/two_wheeled_robot/share/two_wheeled_robot/models/aws_robomaker_residential_Refrigerator_01/materials/textures\n'}
[1.694245] (two_wheeled_robot) StdoutLine: {'line': b'-- Up-to-date: /home/greyflon/lab_2025/install/two_wheeled_robot/share/two_wheeled_robot/models/aws_robomaker_residential_Refrigerator_01/materials/textures/aws_Refrigerator_01.png\n'}
[1.694425] (two_wheeled_robot) StdoutLine: {'line': b'-- Up-to-date: /home/greyflon/lab_2025/install/two_wheeled_robot/share/two_wheeled_robot/models/aws_robomaker_residential_Refrigerator_01/materials/textures/aws_Refrigerator_02.png\n'}
[1.694610] (two_wheeled_robot) StdoutLine: {'line': b'-- Up-to-date: /home/greyflon/lab_2025/install/two_wheeled_robot/share/two_wheeled_robot/models/aws_robomaker_residential_Refrigerator_01/model.sdf\n'}
[1.694741] (two_wheeled_robot) StdoutLine: {'line': b'-- Up-to-date: /home/greyflon/lab_2025/install/two_wheeled_robot/share/two_wheeled_robot/models/parking_garage\n'}
[1.695267] (two_wheeled_robot) StdoutLine: {'line': b'-- Up-to-date: /home/greyflon/lab_2025/install/two_wheeled_robot/share/two_wheeled_robot/models/parking_garage/model.config\n'}
[1.695444] (two_wheeled_robot) StdoutLine: {'line': b'-- Up-to-date: /home/greyflon/lab_2025/install/two_wheeled_robot/share/two_wheeled_robot/models/parking_garage/meshes\n'}
[1.695614] (two_wheeled_robot) StdoutLine: {'line': b'-- Up-to-date: /home/greyflon/lab_2025/install/two_wheeled_robot/share/two_wheeled_robot/models/parking_garage/meshes/parking_garage.dae\n'}
[1.695808] (two_wheeled_robot) StdoutLine: {'line': b'-- Up-to-date: /home/greyflon/lab_2025/install/two_wheeled_robot/share/two_wheeled_robot/models/parking_garage/materials\n'}
[1.696009] (two_wheeled_robot) StdoutLine: {'line': b'-- Up-to-date: /home/greyflon/lab_2025/install/two_wheeled_robot/share/two_wheeled_robot/models/parking_garage/materials/textures\n'}
[1.696178] (two_wheeled_robot) StdoutLine: {'line': b'-- Up-to-date: /home/greyflon/lab_2025/install/two_wheeled_robot/share/two_wheeled_robot/models/parking_garage/materials/textures/parking_garage_spec.jpg\n'}
[1.696351] (two_wheeled_robot) StdoutLine: {'line': b'-- Up-to-date: /home/greyflon/lab_2025/install/two_wheeled_robot/share/two_wheeled_robot/models/parking_garage/materials/textures/parking_garage_diffuse.jpg\n'}
[1.696537] (two_wheeled_robot) StdoutLine: {'line': b'-- Up-to-date: /home/greyflon/lab_2025/install/two_wheeled_robot/share/two_wheeled_robot/models/parking_garage/model.sdf\n'}
[1.696645] (two_wheeled_robot) StdoutLine: {'line': b'-- Up-to-date: /home/greyflon/lab_2025/install/two_wheeled_robot/share/two_wheeled_robot/models/aws_robomaker_residential_Board_01\n'}
[1.696833] (two_wheeled_robot) StdoutLine: {'line': b'-- Up-to-date: /home/greyflon/lab_2025/install/two_wheeled_robot/share/two_wheeled_robot/models/aws_robomaker_residential_Board_01/model.config\n'}
[1.696942] (two_wheeled_robot) StdoutLine: {'line': b'-- Up-to-date: /home/greyflon/lab_2025/install/two_wheeled_robot/share/two_wheeled_robot/models/aws_robomaker_residential_Board_01/meshes\n'}
[1.697115] (two_wheeled_robot) StdoutLine: {'line': b'-- Up-to-date: /home/greyflon/lab_2025/install/two_wheeled_robot/share/two_wheeled_robot/models/aws_robomaker_residential_Board_01/meshes/aws_Board_01_visual.DAE\n'}
[1.697290] (two_wheeled_robot) StdoutLine: {'line': b'-- Up-to-date: /home/greyflon/lab_2025/install/two_wheeled_robot/share/two_wheeled_robot/models/aws_robomaker_residential_Board_01/meshes/aws_Board_01_collision.DAE\n'}
[1.697410] (two_wheeled_robot) StdoutLine: {'line': b'-- Up-to-date: /home/greyflon/lab_2025/install/two_wheeled_robot/share/two_wheeled_robot/models/aws_robomaker_residential_Board_01/materials\n'}
[1.697571] (two_wheeled_robot) StdoutLine: {'line': b'-- Up-to-date: /home/greyflon/lab_2025/install/two_wheeled_robot/share/two_wheeled_robot/models/aws_robomaker_residential_Board_01/materials/textures\n'}
[1.697786] (two_wheeled_robot) StdoutLine: {'line': b'-- Up-to-date: /home/greyflon/lab_2025/install/two_wheeled_robot/share/two_wheeled_robot/models/aws_robomaker_residential_Board_01/materials/textures/aws_Board_01.png\n'}
[1.697955] (two_wheeled_robot) StdoutLine: {'line': b'-- Up-to-date: /home/greyflon/lab_2025/install/two_wheeled_robot/share/two_wheeled_robot/models/aws_robomaker_residential_Board_01/model.sdf\n'}
[1.698050] (two_wheeled_robot) StdoutLine: {'line': b'-- Up-to-date: /home/greyflon/lab_2025/install/two_wheeled_robot/share/two_wheeled_robot/models/aws_robomaker_hospital_floor_02_ceiling\n'}
[1.698150] (two_wheeled_robot) StdoutLine: {'line': b'-- Up-to-date: /home/greyflon/lab_2025/install/two_wheeled_robot/share/two_wheeled_robot/models/aws_robomaker_hospital_floor_02_ceiling/model.config\n'}
[1.698308] (two_wheeled_robot) StdoutLine: {'line': b'-- Up-to-date: /home/greyflon/lab_2025/install/two_wheeled_robot/share/two_wheeled_robot/models/aws_robomaker_hospital_floor_02_ceiling/meshes\n'}
[1.698524] (two_wheeled_robot) StdoutLine: {'line': b'-- Up-to-date: /home/greyflon/lab_2025/install/two_wheeled_robot/share/two_wheeled_robot/models/aws_robomaker_hospital_floor_02_ceiling/meshes/aws_robomaker_hospital_floor_02_ceiling_collision.dae\n'}
[1.698848] (two_wheeled_robot) StdoutLine: {'line': b'-- Up-to-date: /home/greyflon/lab_2025/install/two_wheeled_robot/share/two_wheeled_robot/models/aws_robomaker_hospital_floor_02_ceiling/meshes/aws_robomaker_hospital_floor_02_ceiling_visual.dae\n'}
[1.698999] (two_wheeled_robot) StdoutLine: {'line': b'-- Up-to-date: /home/greyflon/lab_2025/install/two_wheeled_robot/share/two_wheeled_robot/models/aws_robomaker_hospital_floor_02_ceiling/meshes/aws_robomaker_hospital_floor_02_ceiling.png\n'}
[1.699118] (two_wheeled_robot) StdoutLine: {'line': b'-- Up-to-date: /home/greyflon/lab_2025/install/two_wheeled_robot/share/two_wheeled_robot/models/aws_robomaker_hospital_floor_02_ceiling/meshes/aws_robomaker_hospital_floor_02_ceiling_normal.png\n'}
[1.699230] (two_wheeled_robot) StdoutLine: {'line': b'-- Up-to-date: /home/greyflon/lab_2025/install/two_wheeled_robot/share/two_wheeled_robot/models/aws_robomaker_hospital_floor_02_ceiling/materials\n'}
[1.699345] (two_wheeled_robot) StdoutLine: {'line': b'-- Up-to-date: /home/greyflon/lab_2025/install/two_wheeled_robot/share/two_wheeled_robot/models/aws_robomaker_hospital_floor_02_ceiling/materials/model.sdf\n'}
[1.699461] (two_wheeled_robot) StdoutLine: {'line': b'-- Up-to-date: /home/greyflon/lab_2025/install/two_wheeled_robot/share/two_wheeled_robot/models/aws_robomaker_hospital_floor_02_ceiling/model.sdf\n'}
[1.699568] (two_wheeled_robot) StdoutLine: {'line': b'-- Up-to-date: /home/greyflon/lab_2025/install/two_wheeled_robot/share/two_wheeled_robot/models/gas_station\n'}
[1.699687] (two_wheeled_robot) StdoutLine: {'line': b'-- Up-to-date: /home/greyflon/lab_2025/install/two_wheeled_robot/share/two_wheeled_robot/models/gas_station/model-1_4.sdf\n'}
[1.699803] (two_wheeled_robot) StdoutLine: {'line': b'-- Up-to-date: /home/greyflon/lab_2025/install/two_wheeled_robot/share/two_wheeled_robot/models/gas_station/model.config\n'}
[1.699919] (two_wheeled_robot) StdoutLine: {'line': b'-- Up-to-date: /home/greyflon/lab_2025/install/two_wheeled_robot/share/two_wheeled_robot/models/gas_station/meshes\n'}
[1.700040] (two_wheeled_robot) StdoutLine: {'line': b'-- Up-to-date: /home/greyflon/lab_2025/install/two_wheeled_robot/share/two_wheeled_robot/models/gas_station/meshes/gas_station.dae\n'}
[1.700320] (two_wheeled_robot) StdoutLine: {'line': b'-- Up-to-date: /home/greyflon/lab_2025/install/two_wheeled_robot/share/two_wheeled_robot/models/gas_station/materials\n'}
[1.700429] (two_wheeled_robot) StdoutLine: {'line': b'-- Up-to-date: /home/greyflon/lab_2025/install/two_wheeled_robot/share/two_wheeled_robot/models/gas_station/materials/scripts\n'}
[1.700538] (two_wheeled_robot) StdoutLine: {'line': b'-- Up-to-date: /home/greyflon/lab_2025/install/two_wheeled_robot/share/two_wheeled_robot/models/gas_station/materials/scripts/gas_station.material\n'}
[1.700638] (two_wheeled_robot) StdoutLine: {'line': b'-- Up-to-date: /home/greyflon/lab_2025/install/two_wheeled_robot/share/two_wheeled_robot/models/gas_station/materials/textures\n'}
[1.700767] (two_wheeled_robot) StdoutLine: {'line': b'-- Up-to-date: /home/greyflon/lab_2025/install/two_wheeled_robot/share/two_wheeled_robot/models/gas_station/materials/textures/GasStation_Diffuse.png\n'}
[1.701334] (two_wheeled_robot) StdoutLine: {'line': b'-- Up-to-date: /home/greyflon/lab_2025/install/two_wheeled_robot/share/two_wheeled_robot/models/gas_station/materials/textures/GasStation_Spec.png\n'}
[1.701449] (two_wheeled_robot) StdoutLine: {'line': b'-- Up-to-date: /home/greyflon/lab_2025/install/two_wheeled_robot/share/two_wheeled_robot/models/gas_station/materials/textures/GasStation_Normal.png\n'}
[1.701564] (two_wheeled_robot) StdoutLine: {'line': b'-- Up-to-date: /home/greyflon/lab_2025/install/two_wheeled_robot/share/two_wheeled_robot/models/gas_station/model.sdf\n'}
[1.701674] (two_wheeled_robot) StdoutLine: {'line': b'-- Up-to-date: /home/greyflon/lab_2025/install/two_wheeled_robot/share/two_wheeled_robot/models/gas_station/model-1_3.sdf\n'}
[1.701808] (two_wheeled_robot) StdoutLine: {'line': b'-- Up-to-date: /home/greyflon/lab_2025/install/two_wheeled_robot/share/two_wheeled_robot/models/ParkingTrolleyMin\n'}
[1.702001] (two_wheeled_robot) StdoutLine: {'line': b'-- Up-to-date: /home/greyflon/lab_2025/install/two_wheeled_robot/share/two_wheeled_robot/models/ParkingTrolleyMin/model.config\n'}
[1.702111] (two_wheeled_robot) StdoutLine: {'line': b'-- Up-to-date: /home/greyflon/lab_2025/install/two_wheeled_robot/share/two_wheeled_robot/models/ParkingTrolleyMin/meshes\n'}
[1.702215] (two_wheeled_robot) StdoutLine: {'line': b'-- Up-to-date: /home/greyflon/lab_2025/install/two_wheeled_robot/share/two_wheeled_robot/models/ParkingTrolleyMin/meshes/trolleymin.mtl\n'}
[1.702321] (two_wheeled_robot) StdoutLine: {'line': b'-- Up-to-date: /home/greyflon/lab_2025/install/two_wheeled_robot/share/two_wheeled_robot/models/ParkingTrolleyMin/meshes/bag.png\n'}
[1.702423] (two_wheeled_robot) StdoutLine: {'line': b'-- Up-to-date: /home/greyflon/lab_2025/install/two_wheeled_robot/share/two_wheeled_robot/models/ParkingTrolleyMin/meshes/texture.png\n'}
[1.702523] (two_wheeled_robot) StdoutLine: {'line': b'-- Up-to-date: /home/greyflon/lab_2025/install/two_wheeled_robot/share/two_wheeled_robot/models/ParkingTrolleyMin/meshes/potato.png\n'}
[1.702620] (two_wheeled_robot) StdoutLine: {'line': b'-- Up-to-date: /home/greyflon/lab_2025/install/two_wheeled_robot/share/two_wheeled_robot/models/ParkingTrolleyMin/meshes/trolleymin.obj\n'}
[1.702720] (two_wheeled_robot) StdoutLine: {'line': b'-- Up-to-date: /home/greyflon/lab_2025/install/two_wheeled_robot/share/two_wheeled_robot/models/ParkingTrolleyMin/thumbnails\n'}
[1.702956] (-) TimerEvent: {}
[1.703139] (two_wheeled_robot) StdoutLine: {'line': b'-- Up-to-date: /home/greyflon/lab_2025/install/two_wheeled_robot/share/two_wheeled_robot/models/ParkingTrolleyMin/thumbnails/5.png\n'}
[1.703291] (two_wheeled_robot) StdoutLine: {'line': b'-- Up-to-date: /home/greyflon/lab_2025/install/two_wheeled_robot/share/two_wheeled_robot/models/ParkingTrolleyMin/thumbnails/1.png\n'}
[1.703427] (two_wheeled_robot) StdoutLine: {'line': b'-- Up-to-date: /home/greyflon/lab_2025/install/two_wheeled_robot/share/two_wheeled_robot/models/ParkingTrolleyMin/thumbnails/2.png\n'}
[1.703559] (two_wheeled_robot) StdoutLine: {'line': b'-- Up-to-date: /home/greyflon/lab_2025/install/two_wheeled_robot/share/two_wheeled_robot/models/ParkingTrolleyMin/thumbnails/4.png\n'}
[1.703689] (two_wheeled_robot) StdoutLine: {'line': b'-- Up-to-date: /home/greyflon/lab_2025/install/two_wheeled_robot/share/two_wheeled_robot/models/ParkingTrolleyMin/thumbnails/3.png\n'}
[1.703859] (two_wheeled_robot) StdoutLine: {'line': b'-- Up-to-date: /home/greyflon/lab_2025/install/two_wheeled_robot/share/two_wheeled_robot/models/ParkingTrolleyMin/model.sdf\n'}
[1.703997] (two_wheeled_robot) StdoutLine: {'line': b'-- Up-to-date: /home/greyflon/lab_2025/install/two_wheeled_robot/share/two_wheeled_robot/models/aws_robomaker_residential_FloorB_01\n'}
[1.704125] (two_wheeled_robot) StdoutLine: {'line': b'-- Up-to-date: /home/greyflon/lab_2025/install/two_wheeled_robot/share/two_wheeled_robot/models/aws_robomaker_residential_FloorB_01/model.config\n'}
[1.704265] (two_wheeled_robot) StdoutLine: {'line': b'-- Up-to-date: /home/greyflon/lab_2025/install/two_wheeled_robot/share/two_wheeled_robot/models/aws_robomaker_residential_FloorB_01/meshes\n'}
[1.704418] (two_wheeled_robot) StdoutLine: {'line': b'-- Up-to-date: /home/greyflon/lab_2025/install/two_wheeled_robot/share/two_wheeled_robot/models/aws_robomaker_residential_FloorB_01/meshes/aws_FloorB_01_collision.DAE\n'}
[1.704562] (two_wheeled_robot) StdoutLine: {'line': b'-- Up-to-date: /home/greyflon/lab_2025/install/two_wheeled_robot/share/two_wheeled_robot/models/aws_robomaker_residential_FloorB_01/meshes/aws_FloorB_01_visual.DAE\n'}
[1.704719] (two_wheeled_robot) StdoutLine: {'line': b'-- Up-to-date: /home/greyflon/lab_2025/install/two_wheeled_robot/share/two_wheeled_robot/models/aws_robomaker_residential_FloorB_01/materials\n'}
[1.705055] (two_wheeled_robot) StdoutLine: {'line': b'-- Up-to-date: /home/greyflon/lab_2025/install/two_wheeled_robot/share/two_wheeled_robot/models/aws_robomaker_residential_FloorB_01/materials/textures\n'}
[1.705292] (two_wheeled_robot) StdoutLine: {'line': b'-- Up-to-date: /home/greyflon/lab_2025/install/two_wheeled_robot/share/two_wheeled_robot/models/aws_robomaker_residential_FloorB_01/materials/textures/aws_FloorB_01.png\n'}
[1.705436] (two_wheeled_robot) StdoutLine: {'line': b'-- Up-to-date: /home/greyflon/lab_2025/install/two_wheeled_robot/share/two_wheeled_robot/models/aws_robomaker_residential_FloorB_01/model.sdf\n'}
[1.705578] (two_wheeled_robot) StdoutLine: {'line': b'-- Up-to-date: /home/greyflon/lab_2025/install/two_wheeled_robot/share/two_wheeled_robot/models/AdjTable\n'}
[1.705730] (two_wheeled_robot) StdoutLine: {'line': b'-- Up-to-date: /home/greyflon/lab_2025/install/two_wheeled_robot/share/two_wheeled_robot/models/AdjTable/model.config\n'}
[1.705893] (two_wheeled_robot) StdoutLine: {'line': b'-- Up-to-date: /home/greyflon/lab_2025/install/two_wheeled_robot/share/two_wheeled_robot/models/AdjTable/meshes\n'}
[1.706036] (two_wheeled_robot) StdoutLine: {'line': b'-- Up-to-date: /home/greyflon/lab_2025/install/two_wheeled_robot/share/two_wheeled_robot/models/AdjTable/meshes/AdjTable_Col.obj\n'}
[1.706178] (two_wheeled_robot) StdoutLine: {'line': b'-- Up-to-date: /home/greyflon/lab_2025/install/two_wheeled_robot/share/two_wheeled_robot/models/AdjTable/meshes/AdjTable_Col.mtl\n'}
[1.706319] (two_wheeled_robot) StdoutLine: {'line': b'-- Up-to-date: /home/greyflon/lab_2025/install/two_wheeled_robot/share/two_wheeled_robot/models/AdjTable/meshes/AdjTable.obj\n'}
[1.706460] (two_wheeled_robot) StdoutLine: {'line': b'-- Up-to-date: /home/greyflon/lab_2025/install/two_wheeled_robot/share/two_wheeled_robot/models/AdjTable/meshes/AdjTable_Diffuse.png\n'}
[1.706655] (two_wheeled_robot) StdoutLine: {'line': b'-- Up-to-date: /home/greyflon/lab_2025/install/two_wheeled_robot/share/two_wheeled_robot/models/AdjTable/meshes/AdjTable.mtl\n'}
[1.706825] (two_wheeled_robot) StdoutLine: {'line': b'-- Up-to-date: /home/greyflon/lab_2025/install/two_wheeled_robot/share/two_wheeled_robot/models/AdjTable/thumbnails\n'}
[1.706962] (two_wheeled_robot) StdoutLine: {'line': b'-- Up-to-date: /home/greyflon/lab_2025/install/two_wheeled_robot/share/two_wheeled_robot/models/AdjTable/thumbnails/5.png\n'}
[1.707090] (two_wheeled_robot) StdoutLine: {'line': b'-- Up-to-date: /home/greyflon/lab_2025/install/two_wheeled_robot/share/two_wheeled_robot/models/AdjTable/thumbnails/1.png\n'}
[1.707216] (two_wheeled_robot) StdoutLine: {'line': b'-- Up-to-date: /home/greyflon/lab_2025/install/two_wheeled_robot/share/two_wheeled_robot/models/AdjTable/thumbnails/2.png\n'}
[1.707343] (two_wheeled_robot) StdoutLine: {'line': b'-- Up-to-date: /home/greyflon/lab_2025/install/two_wheeled_robot/share/two_wheeled_robot/models/AdjTable/thumbnails/4.png\n'}
[1.707471] (two_wheeled_robot) StdoutLine: {'line': b'-- Up-to-date: /home/greyflon/lab_2025/install/two_wheeled_robot/share/two_wheeled_robot/models/AdjTable/thumbnails/3.png\n'}
[1.707598] (two_wheeled_robot) StdoutLine: {'line': b'-- Up-to-date: /home/greyflon/lab_2025/install/two_wheeled_robot/share/two_wheeled_robot/models/AdjTable/model.sdf\n'}
[1.707739] (two_wheeled_robot) StdoutLine: {'line': b'-- Up-to-date: /home/greyflon/lab_2025/install/two_wheeled_robot/share/two_wheeled_robot/models/aws_robomaker_warehouse_RoofB_01\n'}
[1.713842] (cv_basics) Command: {'cmd': ['/usr/bin/python3', '-W', 'ignore:setup.py install is deprecated', '-W', 'ignore:easy_install command is deprecated', 'setup.py', 'egg_info', '--egg-base', '../../build/cv_basics', 'build', '--build-base', '/home/greyflon/lab_2025/build/cv_basics/build', 'install', '--record', '/home/greyflon/lab_2025/build/cv_basics/install.log', '--single-version-externally-managed', 'install_data'], 'cwd': '/home/greyflon/lab_2025/src/cv_basics', 'env': {'LESSOPEN': '| /usr/bin/lesspipe %s', 'USER': 'greyflon', 'XDG_SESSION_TYPE': 'wayland', 'SHLVL': '1', 'LD_LIBRARY_PATH': '/usr/lib/x86_64-linux-gnu/gazebo-11/plugins:/opt/ros/humble/opt/rviz_ogre_vendor/lib:/opt/ros/humble/lib/x86_64-linux-gnu:/opt/ros/humble/lib', 'HOME': '/home/greyflon', 'OLDPWD': '/home/greyflon', 'DESKTOP_SESSION': 'ubuntu', 'ROS_PYTHON_VERSION': '3', 'GNOME_SHELL_SESSION_MODE': 'ubuntu', 'GTK_MODULES': 'gail:atk-bridge', 'SYSTEMD_EXEC_PID': '1599', 'DBUS_SESSION_BUS_ADDRESS': 'unix:path=/run/user/1000/bus', 'COLORTERM': 'truecolor', 'IM_CONFIG_PHASE': '1', 'WAYLAND_DISPLAY': 'wayland-0', 'COLCON_PREFIX_PATH': '/home/greyflon/lab_2025/install', 'ROS_DISTRO': 'humble', 'LOGNAME': 'greyflon', '_': '/usr/bin/colcon', 'ROS_VERSION': '2', 'XDG_SESSION_CLASS': 'user', 'USERNAME': 'greyflon', 'TERM': 'xterm-256color', 'GNOME_DESKTOP_SESSION_ID': 'this-is-deprecated', 'ROS_LOCALHOST_ONLY': '0', 'PATH': '/opt/ros/humble/bin:/home/greyflon/.local/bin:/usr/local/sbin:/usr/local/bin:/usr/sbin:/usr/bin:/sbin:/bin:/usr/games:/usr/local/games:/snap/bin:/snap/bin', 'SESSION_MANAGER': 'local/greyflon-desktop:@/tmp/.ICE-unix/1490,unix/greyflon-desktop:/tmp/.ICE-unix/1490', 'XDG_MENU_PREFIX': 'gnome-', 'GNOME_TERMINAL_SCREEN': '/org/gnome/Terminal/screen/377b628d_bbcd_44b5_8d66_f9b06d04c64a', 'GNOME_SETUP_DISPLAY': ':1', 'XDG_RUNTIME_DIR': '/run/user/1000', 'DISPLAY': ':0', 'LANG': 'en_US.UTF-8', 'XDG_CURRENT_DESKTOP': 'ubuntu:GNOME', 'XMODIFIERS': '@im=ibus', 'XDG_SESSION_DESKTOP': 'ubuntu', 'XAUTHORITY': '/run/user/1000/.mutter-Xwaylandauth.XYJE72', 'LS_COLORS': 'rs=0:di=01;34:ln=01;36:mh=00:pi=40;33:so=01;35:do=01;35:bd=40;33;01:cd=40;33;01:or=40;31;01:mi=00:su=37;41:sg=30;43:ca=30;41:tw=30;42:ow=34;42:st=37;44:ex=01;32:*.tar=01;31:*.tgz=01;31:*.arc=01;31:*.arj=01;31:*.taz=01;31:*.lha=01;31:*.lz4=01;31:*.lzh=01;31:*.lzma=01;31:*.tlz=01;31:*.txz=01;31:*.tzo=01;31:*.t7z=01;31:*.zip=01;31:*.z=01;31:*.dz=01;31:*.gz=01;31:*.lrz=01;31:*.lz=01;31:*.lzo=01;31:*.xz=01;31:*.zst=01;31:*.tzst=01;31:*.bz2=01;31:*.bz=01;31:*.tbz=01;31:*.tbz2=01;31:*.tz=01;31:*.deb=01;31:*.rpm=01;31:*.jar=01;31:*.war=01;31:*.ear=01;31:*.sar=01;31:*.rar=01;31:*.alz=01;31:*.ace=01;31:*.zoo=01;31:*.cpio=01;31:*.7z=01;31:*.rz=01;31:*.cab=01;31:*.wim=01;31:*.swm=01;31:*.dwm=01;31:*.esd=01;31:*.jpg=01;35:*.jpeg=01;35:*.mjpg=01;35:*.mjpeg=01;35:*.gif=01;35:*.bmp=01;35:*.pbm=01;35:*.pgm=01;35:*.ppm=01;35:*.tga=01;35:*.xbm=01;35:*.xpm=01;35:*.tif=01;35:*.tiff=01;35:*.png=01;35:*.svg=01;35:*.svgz=01;35:*.mng=01;35:*.pcx=01;35:*.mov=01;35:*.mpg=01;35:*.mpeg=01;35:*.m2v=01;35:*.mkv=01;35:*.webm=01;35:*.webp=01;35:*.ogm=01;35:*.mp4=01;35:*.m4v=01;35:*.mp4v=01;35:*.vob=01;35:*.qt=01;35:*.nuv=01;35:*.wmv=01;35:*.asf=01;35:*.rm=01;35:*.rmvb=01;35:*.flc=01;35:*.avi=01;35:*.fli=01;35:*.flv=01;35:*.gl=01;35:*.dl=01;35:*.xcf=01;35:*.xwd=01;35:*.yuv=01;35:*.cgm=01;35:*.emf=01;35:*.ogv=01;35:*.ogx=01;35:*.aac=00;36:*.au=00;36:*.flac=00;36:*.m4a=00;36:*.mid=00;36:*.midi=00;36:*.mka=00;36:*.mp3=00;36:*.mpc=00;36:*.ogg=00;36:*.ra=00;36:*.wav=00;36:*.oga=00;36:*.opus=00;36:*.spx=00;36:*.xspf=00;36:', 'GNOME_TERMINAL_SERVICE': ':1.96', 'SSH_AGENT_LAUNCHER': 'gnome-keyring', 'SSH_AUTH_SOCK': '/run/user/1000/keyring/ssh', 'AMENT_PREFIX_PATH': '/home/greyflon/lab_2025/install/two_wheeled_robot:/home/greyflon/lab_2025/install/cv_basics:/opt/ros/humble', 'SHELL': '/bin/bash', 'QT_ACCESSIBILITY': '1', 'GDMSESSION': 'ubuntu', 'LESSCLOSE': '/usr/bin/lesspipe %s %s', 'QT_IM_MODULE': 'ibus', 'PWD': '/home/greyflon/lab_2025/build/cv_basics', 'LC_ALL': 'en_US.UTF-8', 'XDG_CONFIG_DIRS': '/etc/xdg/xdg-ubuntu:/etc/xdg', 'XDG_DATA_DIRS': '/usr/share/ubuntu:/usr/local/share/:/usr/share/:/var/lib/snapd/desktop', 'PYTHONPATH': '/home/greyflon/lab_2025/build/cv_basics/prefix_override:/usr/lib/python3/dist-packages/colcon_core/task/python/colcon_distutils_commands:/home/greyflon/lab_2025/install/cv_basics/lib/python3.10/site-packages:/home/greyflon/lab_2025/install/cv_basics/lib/python3.10/site-packages:/opt/ros/humble/lib/python3.10/site-packages:/opt/ros/humble/local/lib/python3.10/dist-packages', 'COLCON': '1', 'VTE_VERSION': '6800', 'CMAKE_PREFIX_PATH': '/home/greyflon/lab_2025/install/two_wheeled_robot'}, 'shell': False}
[1.724079] (two_wheeled_robot) StdoutLine: {'line': b'-- Up-to-date: /home/greyflon/lab_2025/install/two_wheeled_robot/share/two_wheeled_robot/models/aws_robomaker_warehouse_RoofB_01/model.config\n'}
[1.724209] (two_wheeled_robot) StdoutLine: {'line': b'-- Up-to-date: /home/greyflon/lab_2025/install/two_wheeled_robot/share/two_wheeled_robot/models/aws_robomaker_warehouse_RoofB_01/meshes\n'}
[1.724323] (two_wheeled_robot) StdoutLine: {'line': b'-- Up-to-date: /home/greyflon/lab_2025/install/two_wheeled_robot/share/two_wheeled_robot/models/aws_robomaker_warehouse_RoofB_01/meshes/aws_robomaker_warehouse_RoofB_01_visual.DAE\n'}
[1.724441] (two_wheeled_robot) StdoutLine: {'line': b'-- Up-to-date: /home/greyflon/lab_2025/install/two_wheeled_robot/share/two_wheeled_robot/models/aws_robomaker_warehouse_RoofB_01/meshes/aws_robomaker_warehouse_RoofB_01_collision.DAE\n'}
[1.724558] (two_wheeled_robot) StdoutLine: {'line': b'-- Up-to-date: /home/greyflon/lab_2025/install/two_wheeled_robot/share/two_wheeled_robot/models/aws_robomaker_warehouse_RoofB_01/materials\n'}
[1.724672] (two_wheeled_robot) StdoutLine: {'line': b'-- Up-to-date: /home/greyflon/lab_2025/install/two_wheeled_robot/share/two_wheeled_robot/models/aws_robomaker_warehouse_RoofB_01/materials/textures\n'}
[1.724789] (two_wheeled_robot) StdoutLine: {'line': b'-- Up-to-date: /home/greyflon/lab_2025/install/two_wheeled_robot/share/two_wheeled_robot/models/aws_robomaker_warehouse_RoofB_01/materials/textures/aws_robomaker_warehouse_RoofB_01.png\n'}
[1.724904] (two_wheeled_robot) StdoutLine: {'line': b'-- Up-to-date: /home/greyflon/lab_2025/install/two_wheeled_robot/share/two_wheeled_robot/models/aws_robomaker_warehouse_RoofB_01/model.sdf\n'}
[1.725018] (two_wheeled_robot) StdoutLine: {'line': b'-- Up-to-date: /home/greyflon/lab_2025/install/two_wheeled_robot/share/two_wheeled_robot/models/house_3\n'}
[1.733275] (two_wheeled_robot) StdoutLine: {'line': b'-- Up-to-date: /home/greyflon/lab_2025/install/two_wheeled_robot/share/two_wheeled_robot/models/house_3/model-1_4.sdf\n'}
[1.733391] (two_wheeled_robot) StdoutLine: {'line': b'-- Up-to-date: /home/greyflon/lab_2025/install/two_wheeled_robot/share/two_wheeled_robot/models/house_3/model.config\n'}
[1.733498] (two_wheeled_robot) StdoutLine: {'line': b'-- Up-to-date: /home/greyflon/lab_2025/install/two_wheeled_robot/share/two_wheeled_robot/models/house_3/meshes\n'}
[1.733630] (two_wheeled_robot) StdoutLine: {'line': b'-- Up-to-date: /home/greyflon/lab_2025/install/two_wheeled_robot/share/two_wheeled_robot/models/house_3/meshes/house_3.dae\n'}
[1.733686] (two_wheeled_robot) StdoutLine: {'line': b'-- Up-to-date: /home/greyflon/lab_2025/install/two_wheeled_robot/share/two_wheeled_robot/models/house_3/materials\n'}
[1.733813] (two_wheeled_robot) StdoutLine: {'line': b'-- Up-to-date: /home/greyflon/lab_2025/install/two_wheeled_robot/share/two_wheeled_robot/models/house_3/materials/scripts\n'}
[1.733870] (two_wheeled_robot) StdoutLine: {'line': b'-- Up-to-date: /home/greyflon/lab_2025/install/two_wheeled_robot/share/two_wheeled_robot/models/house_3/materials/scripts/house_3.material\n'}
[1.733927] (two_wheeled_robot) StdoutLine: {'line': b'-- Up-to-date: /home/greyflon/lab_2025/install/two_wheeled_robot/share/two_wheeled_robot/models/house_3/materials/textures\n'}
[1.734029] (two_wheeled_robot) StdoutLine: {'line': b'-- Up-to-date: /home/greyflon/lab_2025/install/two_wheeled_robot/share/two_wheeled_robot/models/house_3/materials/textures/House_3_Diffuse.png\n'}
[1.734160] (two_wheeled_robot) StdoutLine: {'line': b'-- Up-to-date: /home/greyflon/lab_2025/install/two_wheeled_robot/share/two_wheeled_robot/models/house_3/model.sdf\n'}
[1.734287] (two_wheeled_robot) StdoutLine: {'line': b'-- Up-to-date: /home/greyflon/lab_2025/install/two_wheeled_robot/share/two_wheeled_robot/models/house_3/model-1_3.sdf\n'}
[1.734351] (two_wheeled_robot) StdoutLine: {'line': b'-- Up-to-date: /home/greyflon/lab_2025/install/two_wheeled_robot/share/two_wheeled_robot/models/fire_hydrant\n'}
[1.734449] (two_wheeled_robot) StdoutLine: {'line': b'-- Up-to-date: /home/greyflon/lab_2025/install/two_wheeled_robot/share/two_wheeled_robot/models/fire_hydrant/model-1_4.sdf\n'}
[1.734505] (two_wheeled_robot) StdoutLine: {'line': b'-- Up-to-date: /home/greyflon/lab_2025/install/two_wheeled_robot/share/two_wheeled_robot/models/fire_hydrant/model.config\n'}
[1.734573] (two_wheeled_robot) StdoutLine: {'line': b'-- Up-to-date: /home/greyflon/lab_2025/install/two_wheeled_robot/share/two_wheeled_robot/models/fire_hydrant/meshes\n'}
[1.734631] (two_wheeled_robot) StdoutLine: {'line': b'-- Up-to-date: /home/greyflon/lab_2025/install/two_wheeled_robot/share/two_wheeled_robot/models/fire_hydrant/meshes/fire_hydrant.dae\n'}
[1.734689] (two_wheeled_robot) StdoutLine: {'line': b'-- Up-to-date: /home/greyflon/lab_2025/install/two_wheeled_robot/share/two_wheeled_robot/models/fire_hydrant/materials\n'}
[1.734831] (two_wheeled_robot) StdoutLine: {'line': b'-- Up-to-date: /home/greyflon/lab_2025/install/two_wheeled_robot/share/two_wheeled_robot/models/fire_hydrant/materials/textures\n'}
[1.734895] (two_wheeled_robot) StdoutLine: {'line': b'-- Up-to-date: /home/greyflon/lab_2025/install/two_wheeled_robot/share/two_wheeled_robot/models/fire_hydrant/materials/textures/fire_hydrant_spec.png\n'}
[1.734953] (two_wheeled_robot) StdoutLine: {'line': b'-- Up-to-date: /home/greyflon/lab_2025/install/two_wheeled_robot/share/two_wheeled_robot/models/fire_hydrant/materials/textures/fire_hydrant_diffuse.png\n'}
[1.735011] (two_wheeled_robot) StdoutLine: {'line': b'-- Up-to-date: /home/greyflon/lab_2025/install/two_wheeled_robot/share/two_wheeled_robot/models/fire_hydrant/model.sdf\n'}
[1.735111] (two_wheeled_robot) StdoutLine: {'line': b'-- Up-to-date: /home/greyflon/lab_2025/install/two_wheeled_robot/share/two_wheeled_robot/models/OfficeChairBlack\n'}
[1.735215] (two_wheeled_robot) StdoutLine: {'line': b'-- Up-to-date: /home/greyflon/lab_2025/install/two_wheeled_robot/share/two_wheeled_robot/models/OfficeChairBlack/model.config\n'}
[1.735320] (two_wheeled_robot) StdoutLine: {'line': b'-- Up-to-date: /home/greyflon/lab_2025/install/two_wheeled_robot/share/two_wheeled_robot/models/OfficeChairBlack/meshes\n'}
[1.735415] (two_wheeled_robot) StdoutLine: {'line': b'-- Up-to-date: /home/greyflon/lab_2025/install/two_wheeled_robot/share/two_wheeled_robot/models/OfficeChairBlack/meshes/OfficeChairBlack_Col.obj\n'}
[1.735519] (two_wheeled_robot) StdoutLine: {'line': b'-- Up-to-date: /home/greyflon/lab_2025/install/two_wheeled_robot/share/two_wheeled_robot/models/OfficeChairBlack/meshes/OfficeChairBlack.png\n'}
[1.735623] (two_wheeled_robot) StdoutLine: {'line': b'-- Up-to-date: /home/greyflon/lab_2025/install/two_wheeled_robot/share/two_wheeled_robot/models/OfficeChairBlack/meshes/OfficeChairBlack_Col.mtl\n'}
[1.735776] (two_wheeled_robot) StdoutLine: {'line': b'-- Up-to-date: /home/greyflon/lab_2025/install/two_wheeled_robot/share/two_wheeled_robot/models/OfficeChairBlack/meshes/OfficeChairBlack.mtl\n'}
[1.735845] (two_wheeled_robot) StdoutLine: {'line': b'-- Up-to-date: /home/greyflon/lab_2025/install/two_wheeled_robot/share/two_wheeled_robot/models/OfficeChairBlack/meshes/OfficeChairBlack.obj\n'}
[1.735899] (two_wheeled_robot) StdoutLine: {'line': b'-- Up-to-date: /home/greyflon/lab_2025/install/two_wheeled_robot/share/two_wheeled_robot/models/OfficeChairBlack/thumbnails\n'}
[1.735998] (two_wheeled_robot) StdoutLine: {'line': b'-- Up-to-date: /home/greyflon/lab_2025/install/two_wheeled_robot/share/two_wheeled_robot/models/OfficeChairBlack/thumbnails/5.png\n'}
[1.736103] (two_wheeled_robot) StdoutLine: {'line': b'-- Up-to-date: /home/greyflon/lab_2025/install/two_wheeled_robot/share/two_wheeled_robot/models/OfficeChairBlack/thumbnails/meta\n'}
[1.736204] (two_wheeled_robot) StdoutLine: {'line': b'-- Up-to-date: /home/greyflon/lab_2025/install/two_wheeled_robot/share/two_wheeled_robot/models/OfficeChairBlack/thumbnails/meta/5.png\n'}
[1.736291] (two_wheeled_robot) StdoutLine: {'line': b'-- Up-to-date: /home/greyflon/lab_2025/install/two_wheeled_robot/share/two_wheeled_robot/models/OfficeChairBlack/thumbnails/meta/1.png\n'}
[1.736393] (two_wheeled_robot) StdoutLine: {'line': b'-- Up-to-date: /home/greyflon/lab_2025/install/two_wheeled_robot/share/two_wheeled_robot/models/OfficeChairBlack/thumbnails/meta/2.png\n'}
[1.736516] (two_wheeled_robot) StdoutLine: {'line': b'-- Up-to-date: /home/greyflon/lab_2025/install/two_wheeled_robot/share/two_wheeled_robot/models/OfficeChairBlack/thumbnails/meta/4.png\n'}
[1.736617] (two_wheeled_robot) StdoutLine: {'line': b'-- Up-to-date: /home/greyflon/lab_2025/install/two_wheeled_robot/share/two_wheeled_robot/models/OfficeChairBlack/thumbnails/meta/3.png\n'}
[1.736756] (two_wheeled_robot) StdoutLine: {'line': b'-- Up-to-date: /home/greyflon/lab_2025/install/two_wheeled_robot/share/two_wheeled_robot/models/OfficeChairBlack/thumbnails/1.png\n'}
[1.736873] (two_wheeled_robot) StdoutLine: {'line': b'-- Up-to-date: /home/greyflon/lab_2025/install/two_wheeled_robot/share/two_wheeled_robot/models/OfficeChairBlack/thumbnails/2.png\n'}
[1.736934] (two_wheeled_robot) StdoutLine: {'line': b'-- Up-to-date: /home/greyflon/lab_2025/install/two_wheeled_robot/share/two_wheeled_robot/models/OfficeChairBlack/thumbnails/4.png\n'}
[1.736997] (two_wheeled_robot) StdoutLine: {'line': b'-- Up-to-date: /home/greyflon/lab_2025/install/two_wheeled_robot/share/two_wheeled_robot/models/OfficeChairBlack/thumbnails/3.png\n'}
[1.737056] (two_wheeled_robot) StdoutLine: {'line': b'-- Up-to-date: /home/greyflon/lab_2025/install/two_wheeled_robot/share/two_wheeled_robot/models/OfficeChairBlack/model.sdf\n'}
[1.737158] (two_wheeled_robot) StdoutLine: {'line': b'-- Up-to-date: /home/greyflon/lab_2025/install/two_wheeled_robot/share/two_wheeled_robot/models/BoxesLargeOnPallet\n'}
[1.737262] (two_wheeled_robot) StdoutLine: {'line': b'-- Up-to-date: /home/greyflon/lab_2025/install/two_wheeled_robot/share/two_wheeled_robot/models/BoxesLargeOnPallet/model.config\n'}
[1.737368] (two_wheeled_robot) StdoutLine: {'line': b'-- Up-to-date: /home/greyflon/lab_2025/install/two_wheeled_robot/share/two_wheeled_robot/models/BoxesLargeOnPallet/materials\n'}
[1.737502] (two_wheeled_robot) StdoutLine: {'line': b'-- Up-to-date: /home/greyflon/lab_2025/install/two_wheeled_robot/share/two_wheeled_robot/models/BoxesLargeOnPallet/materials/scripts\n'}
[1.737809] (two_wheeled_robot) StdoutLine: {'line': b'-- Up-to-date: /home/greyflon/lab_2025/install/two_wheeled_robot/share/two_wheeled_robot/models/BoxesLargeOnPallet/materials/scripts/BoxesLargeOnPallet.material\n'}
[1.737923] (two_wheeled_robot) StdoutLine: {'line': b'-- Up-to-date: /home/greyflon/lab_2025/install/two_wheeled_robot/share/two_wheeled_robot/models/BoxesLargeOnPallet/model.sdf\n'}
[1.737978] (two_wheeled_robot) StdoutLine: {'line': b'-- Up-to-date: /home/greyflon/lab_2025/install/two_wheeled_robot/share/two_wheeled_robot/models/refrigerator\n'}
[1.739393] (two_wheeled_robot) StdoutLine: {'line': b'-- Up-to-date: /home/greyflon/lab_2025/install/two_wheeled_robot/share/two_wheeled_robot/models/refrigerator/model.config\n'}
[1.739462] (two_wheeled_robot) StdoutLine: {'line': b'-- Up-to-date: /home/greyflon/lab_2025/install/two_wheeled_robot/share/two_wheeled_robot/models/refrigerator/meshes\n'}
[1.739563] (two_wheeled_robot) StdoutLine: {'line': b'-- Up-to-date: /home/greyflon/lab_2025/install/two_wheeled_robot/share/two_wheeled_robot/models/refrigerator/meshes/refrigerator.mtl\n'}
[1.739623] (two_wheeled_robot) StdoutLine: {'line': b'-- Up-to-date: /home/greyflon/lab_2025/install/two_wheeled_robot/share/two_wheeled_robot/models/refrigerator/meshes/refrigerator.obj\n'}
[1.739741] (two_wheeled_robot) StdoutLine: {'line': b'-- Up-to-date: /home/greyflon/lab_2025/install/two_wheeled_robot/share/two_wheeled_robot/models/refrigerator/materials\n'}
[1.739843] (two_wheeled_robot) StdoutLine: {'line': b'-- Up-to-date: /home/greyflon/lab_2025/install/two_wheeled_robot/share/two_wheeled_robot/models/refrigerator/materials/textures\n'}
[1.739944] (two_wheeled_robot) StdoutLine: {'line': b'-- Up-to-date: /home/greyflon/lab_2025/install/two_wheeled_robot/share/two_wheeled_robot/models/refrigerator/materials/textures/refrigerator.png\n'}
[1.740062] (two_wheeled_robot) StdoutLine: {'line': b'-- Up-to-date: /home/greyflon/lab_2025/install/two_wheeled_robot/share/two_wheeled_robot/models/refrigerator/model.sdf\n'}
[1.740127] (two_wheeled_robot) StdoutLine: {'line': b'-- Up-to-date: /home/greyflon/lab_2025/install/two_wheeled_robot/share/two_wheeled_robot/models/cafe_table\n'}
[1.740224] (two_wheeled_robot) StdoutLine: {'line': b'-- Up-to-date: /home/greyflon/lab_2025/install/two_wheeled_robot/share/two_wheeled_robot/models/cafe_table/model-1_4.sdf\n'}
[1.740332] (two_wheeled_robot) StdoutLine: {'line': b'-- Up-to-date: /home/greyflon/lab_2025/install/two_wheeled_robot/share/two_wheeled_robot/models/cafe_table/model.config\n'}
[1.740386] (two_wheeled_robot) StdoutLine: {'line': b'-- Up-to-date: /home/greyflon/lab_2025/install/two_wheeled_robot/share/two_wheeled_robot/models/cafe_table/meshes\n'}
[1.740540] (two_wheeled_robot) StdoutLine: {'line': b'-- Up-to-date: /home/greyflon/lab_2025/install/two_wheeled_robot/share/two_wheeled_robot/models/cafe_table/meshes/cafe_table.dae\n'}
[1.740643] (two_wheeled_robot) StdoutLine: {'line': b'-- Up-to-date: /home/greyflon/lab_2025/install/two_wheeled_robot/share/two_wheeled_robot/models/cafe_table/materials\n'}
[1.740843] (two_wheeled_robot) StdoutLine: {'line': b'-- Up-to-date: /home/greyflon/lab_2025/install/two_wheeled_robot/share/two_wheeled_robot/models/cafe_table/materials/textures\n'}
[1.741093] (two_wheeled_robot) StdoutLine: {'line': b'-- Up-to-date: /home/greyflon/lab_2025/install/two_wheeled_robot/share/two_wheeled_robot/models/cafe_table/materials/textures/Maple.jpg\n'}
[1.741202] (two_wheeled_robot) StdoutLine: {'line': b'-- Up-to-date: /home/greyflon/lab_2025/install/two_wheeled_robot/share/two_wheeled_robot/models/cafe_table/materials/textures/Wood_Floor_Dark.jpg\n'}
[1.741262] (two_wheeled_robot) StdoutLine: {'line': b'-- Up-to-date: /home/greyflon/lab_2025/install/two_wheeled_robot/share/two_wheeled_robot/models/cafe_table/model.sdf\n'}
[1.741379] (two_wheeled_robot) StdoutLine: {'line': b'-- Up-to-date: /home/greyflon/lab_2025/install/two_wheeled_robot/share/two_wheeled_robot/models/aws_robomaker_residential_Quilt_01\n'}
[1.741495] (two_wheeled_robot) StdoutLine: {'line': b'-- Up-to-date: /home/greyflon/lab_2025/install/two_wheeled_robot/share/two_wheeled_robot/models/aws_robomaker_residential_Quilt_01/model.config\n'}
[1.741602] (two_wheeled_robot) StdoutLine: {'line': b'-- Up-to-date: /home/greyflon/lab_2025/install/two_wheeled_robot/share/two_wheeled_robot/models/aws_robomaker_residential_Quilt_01/meshes\n'}
[1.741744] (two_wheeled_robot) StdoutLine: {'line': b'-- Up-to-date: /home/greyflon/lab_2025/install/two_wheeled_robot/share/two_wheeled_robot/models/aws_robomaker_residential_Quilt_01/meshes/aws_Quilt_01_visual.DAE\n'}
[1.741847] (two_wheeled_robot) StdoutLine: {'line': b'-- Up-to-date: /home/greyflon/lab_2025/install/two_wheeled_robot/share/two_wheeled_robot/models/aws_robomaker_residential_Quilt_01/meshes/aws_Quilt_01_collision.DAE\n'}
[1.741902] (two_wheeled_robot) StdoutLine: {'line': b'-- Up-to-date: /home/greyflon/lab_2025/install/two_wheeled_robot/share/two_wheeled_robot/models/aws_robomaker_residential_Quilt_01/materials\n'}
[1.742013] (two_wheeled_robot) StdoutLine: {'line': b'-- Up-to-date: /home/greyflon/lab_2025/install/two_wheeled_robot/share/two_wheeled_robot/models/aws_robomaker_residential_Quilt_01/materials/textures\n'}
[1.742250] (two_wheeled_robot) StdoutLine: {'line': b'-- Up-to-date: /home/greyflon/lab_2025/install/two_wheeled_robot/share/two_wheeled_robot/models/aws_robomaker_residential_Quilt_01/materials/textures/aws_Quilt_01.png\n'}
[1.742354] (two_wheeled_robot) StdoutLine: {'line': b'-- Up-to-date: /home/greyflon/lab_2025/install/two_wheeled_robot/share/two_wheeled_robot/models/aws_robomaker_residential_Quilt_01/model.sdf\n'}
[1.742454] (two_wheeled_robot) StdoutLine: {'line': b'-- Up-to-date: /home/greyflon/lab_2025/install/two_wheeled_robot/share/two_wheeled_robot/models/aws_robomaker_hospital_elevator_01_portal\n'}
[1.742588] (two_wheeled_robot) StdoutLine: {'line': b'-- Up-to-date: /home/greyflon/lab_2025/install/two_wheeled_robot/share/two_wheeled_robot/models/aws_robomaker_hospital_elevator_01_portal/model.config\n'}
[1.742704] (two_wheeled_robot) StdoutLine: {'line': b'-- Up-to-date: /home/greyflon/lab_2025/install/two_wheeled_robot/share/two_wheeled_robot/models/aws_robomaker_hospital_elevator_01_portal/meshes\n'}
[1.742903] (two_wheeled_robot) StdoutLine: {'line': b'-- Up-to-date: /home/greyflon/lab_2025/install/two_wheeled_robot/share/two_wheeled_robot/models/aws_robomaker_hospital_elevator_01_portal/meshes/aws_robomaker_hospital_elevator_01_visual_normal.png\n'}
[1.743008] (two_wheeled_robot) StdoutLine: {'line': b'-- Up-to-date: /home/greyflon/lab_2025/install/two_wheeled_robot/share/two_wheeled_robot/models/aws_robomaker_hospital_elevator_01_portal/meshes/aws_robomaker_hospital_elevator_01_portal_visual.dae\n'}
[1.743124] (two_wheeled_robot) StdoutLine: {'line': b'-- Up-to-date: /home/greyflon/lab_2025/install/two_wheeled_robot/share/two_wheeled_robot/models/aws_robomaker_hospital_elevator_01_portal/meshes/aws_robomaker_hospital_elevator_01_portal_collision.dae\n'}
[1.743183] (two_wheeled_robot) StdoutLine: {'line': b'-- Up-to-date: /home/greyflon/lab_2025/install/two_wheeled_robot/share/two_wheeled_robot/models/aws_robomaker_hospital_elevator_01_portal/meshes/aws_robomaker_hospital_elevator_01_low.png\n'}
[1.743242] (two_wheeled_robot) StdoutLine: {'line': b'-- Up-to-date: /home/greyflon/lab_2025/install/two_wheeled_robot/share/two_wheeled_robot/models/aws_robomaker_hospital_elevator_01_portal/meshes/aws_robomaker_hospital_elevator_01_low_normal.png\n'}
[1.743343] (two_wheeled_robot) StdoutLine: {'line': b'-- Up-to-date: /home/greyflon/lab_2025/install/two_wheeled_robot/share/two_wheeled_robot/models/aws_robomaker_hospital_elevator_01_portal/meshes/aws_robomaker_hospital_elevator_01_portal_low.dae\n'}
[1.743466] (two_wheeled_robot) StdoutLine: {'line': b'-- Up-to-date: /home/greyflon/lab_2025/install/two_wheeled_robot/share/two_wheeled_robot/models/aws_robomaker_hospital_elevator_01_portal/meshes/aws_robomaker_hospital_elevator_01_visual.png\n'}
[1.743530] (two_wheeled_robot) StdoutLine: {'line': b'-- Up-to-date: /home/greyflon/lab_2025/install/two_wheeled_robot/share/two_wheeled_robot/models/aws_robomaker_hospital_elevator_01_portal/model.sdf\n'}
[1.743589] (two_wheeled_robot) StdoutLine: {'line': b'-- Up-to-date: /home/greyflon/lab_2025/install/two_wheeled_robot/share/two_wheeled_robot/models/aws_robomaker_residential_Sofa_01\n'}
[1.743690] (two_wheeled_robot) StdoutLine: {'line': b'-- Up-to-date: /home/greyflon/lab_2025/install/two_wheeled_robot/share/two_wheeled_robot/models/aws_robomaker_residential_Sofa_01/model.config\n'}
[1.743814] (two_wheeled_robot) StdoutLine: {'line': b'-- Up-to-date: /home/greyflon/lab_2025/install/two_wheeled_robot/share/two_wheeled_robot/models/aws_robomaker_residential_Sofa_01/meshes\n'}
[1.743875] (two_wheeled_robot) StdoutLine: {'line': b'-- Up-to-date: /home/greyflon/lab_2025/install/two_wheeled_robot/share/two_wheeled_robot/models/aws_robomaker_residential_Sofa_01/meshes/aws_Sofa_01.DAE\n'}
[1.743977] (two_wheeled_robot) StdoutLine: {'line': b'-- Up-to-date: /home/greyflon/lab_2025/install/two_wheeled_robot/share/two_wheeled_robot/models/aws_robomaker_residential_Sofa_01/meshes/aws_Sofa_01_visual.DAE\n'}
[1.744095] (two_wheeled_robot) StdoutLine: {'line': b'-- Up-to-date: /home/greyflon/lab_2025/install/two_wheeled_robot/share/two_wheeled_robot/models/aws_robomaker_residential_Sofa_01/meshes/aws_Sofa_01_collision.DAE\n'}
[1.744165] (two_wheeled_robot) StdoutLine: {'line': b'-- Up-to-date: /home/greyflon/lab_2025/install/two_wheeled_robot/share/two_wheeled_robot/models/aws_robomaker_residential_Sofa_01/materials\n'}
[1.744268] (two_wheeled_robot) StdoutLine: {'line': b'-- Up-to-date: /home/greyflon/lab_2025/install/two_wheeled_robot/share/two_wheeled_robot/models/aws_robomaker_residential_Sofa_01/materials/textures\n'}
[1.744515] (two_wheeled_robot) StdoutLine: {'line': b'-- Up-to-date: /home/greyflon/lab_2025/install/two_wheeled_robot/share/two_wheeled_robot/models/aws_robomaker_residential_Sofa_01/materials/textures/aws_Sofa_01.png\n'}
[1.744620] (two_wheeled_robot) StdoutLine: {'line': b'-- Up-to-date: /home/greyflon/lab_2025/install/two_wheeled_robot/share/two_wheeled_robot/models/aws_robomaker_residential_Sofa_01/model.sdf\n'}
[1.744730] (two_wheeled_robot) StdoutLine: {'line': b'-- Up-to-date: /home/greyflon/lab_2025/install/two_wheeled_robot/share/two_wheeled_robot/models/pioneer2dx\n'}
[1.744856] (two_wheeled_robot) StdoutLine: {'line': b'-- Up-to-date: /home/greyflon/lab_2025/install/two_wheeled_robot/share/two_wheeled_robot/models/pioneer2dx/model-1_2.sdf\n'}
[1.744917] (two_wheeled_robot) StdoutLine: {'line': b'-- Up-to-date: /home/greyflon/lab_2025/install/two_wheeled_robot/share/two_wheeled_robot/models/pioneer2dx/model-1_4.sdf\n'}
[1.744975] (two_wheeled_robot) StdoutLine: {'line': b'-- Up-to-date: /home/greyflon/lab_2025/install/two_wheeled_robot/share/two_wheeled_robot/models/pioneer2dx/model.config\n'}
[1.745075] (two_wheeled_robot) StdoutLine: {'line': b'-- Up-to-date: /home/greyflon/lab_2025/install/two_wheeled_robot/share/two_wheeled_robot/models/pioneer2dx/meshes\n'}
[1.745212] (two_wheeled_robot) StdoutLine: {'line': b'-- Up-to-date: /home/greyflon/lab_2025/install/two_wheeled_robot/share/two_wheeled_robot/models/pioneer2dx/meshes/wheel.dae\n'}
[1.745271] (two_wheeled_robot) StdoutLine: {'line': b'-- Up-to-date: /home/greyflon/lab_2025/install/two_wheeled_robot/share/two_wheeled_robot/models/pioneer2dx/meshes/chassis.dae\n'}
[1.745324] (two_wheeled_robot) StdoutLine: {'line': b'-- Up-to-date: /home/greyflon/lab_2025/install/two_wheeled_robot/share/two_wheeled_robot/models/pioneer2dx/materials\n'}
[1.745383] (two_wheeled_robot) StdoutLine: {'line': b'-- Up-to-date: /home/greyflon/lab_2025/install/two_wheeled_robot/share/two_wheeled_robot/models/pioneer2dx/materials/textures\n'}
[1.745484] (two_wheeled_robot) StdoutLine: {'line': b'-- Up-to-date: /home/greyflon/lab_2025/install/two_wheeled_robot/share/two_wheeled_robot/models/pioneer2dx/materials/textures/plate_2_logo.png\n'}
[1.745625] (two_wheeled_robot) StdoutLine: {'line': b'-- Up-to-date: /home/greyflon/lab_2025/install/two_wheeled_robot/share/two_wheeled_robot/models/pioneer2dx/materials/textures/68-04552-2000-RA_Turtlebot_M-F_Standoff_color.png\n'}
[1.745689] (two_wheeled_robot) StdoutLine: {'line': b'-- Up-to-date: /home/greyflon/lab_2025/install/two_wheeled_robot/share/two_wheeled_robot/models/pioneer2dx/materials/textures/plate_1_logo.png\n'}
[1.745768] (two_wheeled_robot) StdoutLine: {'line': b'-- Up-to-date: /home/greyflon/lab_2025/install/two_wheeled_robot/share/two_wheeled_robot/models/pioneer2dx/materials/textures/68-02421-8000-RA_Turtlebot_F-F_Standoff_color.png\n'}
[1.745829] (two_wheeled_robot) StdoutLine: {'line': b'-- Up-to-date: /home/greyflon/lab_2025/install/two_wheeled_robot/share/two_wheeled_robot/models/pioneer2dx/materials/textures/68-04552-1000-RA_Turtlebot_M-F_Standoff_color.png\n'}
[1.745888] (two_wheeled_robot) StdoutLine: {'line': b'-- Up-to-date: /home/greyflon/lab_2025/install/two_wheeled_robot/share/two_wheeled_robot/models/pioneer2dx/materials/textures/plate_0_logo.png\n'}
[1.745989] (two_wheeled_robot) StdoutLine: {'line': b'-- Up-to-date: /home/greyflon/lab_2025/install/two_wheeled_robot/share/two_wheeled_robot/models/pioneer2dx/materials/textures/create_body.png\n'}
[1.746144] (two_wheeled_robot) StdoutLine: {'line': b'-- Up-to-date: /home/greyflon/lab_2025/install/two_wheeled_robot/share/two_wheeled_robot/models/pioneer2dx/model.sdf\n'}
[1.746204] (two_wheeled_robot) StdoutLine: {'line': b'-- Up-to-date: /home/greyflon/lab_2025/install/two_wheeled_robot/share/two_wheeled_robot/models/pioneer2dx/model-1_3.sdf\n'}
[1.746257] (two_wheeled_robot) StdoutLine: {'line': b'-- Up-to-date: /home/greyflon/lab_2025/install/two_wheeled_robot/share/two_wheeled_robot/models/beer\n'}
[1.746309] (two_wheeled_robot) StdoutLine: {'line': b'-- Up-to-date: /home/greyflon/lab_2025/install/two_wheeled_robot/share/two_wheeled_robot/models/beer/model-1_4.sdf\n'}
[1.746361] (two_wheeled_robot) StdoutLine: {'line': b'-- Up-to-date: /home/greyflon/lab_2025/install/two_wheeled_robot/share/two_wheeled_robot/models/beer/model.config\n'}
[1.746427] (two_wheeled_robot) StdoutLine: {'line': b'-- Up-to-date: /home/greyflon/lab_2025/install/two_wheeled_robot/share/two_wheeled_robot/models/beer/materials\n'}
[1.746528] (two_wheeled_robot) StdoutLine: {'line': b'-- Up-to-date: /home/greyflon/lab_2025/install/two_wheeled_robot/share/two_wheeled_robot/models/beer/materials/scripts\n'}
[1.746665] (two_wheeled_robot) StdoutLine: {'line': b'-- Up-to-date: /home/greyflon/lab_2025/install/two_wheeled_robot/share/two_wheeled_robot/models/beer/materials/scripts/beer.material\n'}
[1.746770] (two_wheeled_robot) StdoutLine: {'line': b'-- Up-to-date: /home/greyflon/lab_2025/install/two_wheeled_robot/share/two_wheeled_robot/models/beer/materials/textures\n'}
[1.747043] (two_wheeled_robot) StdoutLine: {'line': b'-- Up-to-date: /home/greyflon/lab_2025/install/two_wheeled_robot/share/two_wheeled_robot/models/beer/materials/textures/beer.png\n'}
[1.747154] (two_wheeled_robot) StdoutLine: {'line': b'-- Up-to-date: /home/greyflon/lab_2025/install/two_wheeled_robot/share/two_wheeled_robot/models/beer/model.sdf\n'}
[1.747271] (two_wheeled_robot) StdoutLine: {'line': b'-- Up-to-date: /home/greyflon/lab_2025/install/two_wheeled_robot/share/two_wheeled_robot/models/office_cafe_table\n'}
[1.747389] (two_wheeled_robot) StdoutLine: {'line': b'-- Up-to-date: /home/greyflon/lab_2025/install/two_wheeled_robot/share/two_wheeled_robot/models/office_cafe_table/model.config\n'}
[1.747452] (two_wheeled_robot) StdoutLine: {'line': b'-- Up-to-date: /home/greyflon/lab_2025/install/two_wheeled_robot/share/two_wheeled_robot/models/office_cafe_table/meshes\n'}
[1.747553] (two_wheeled_robot) StdoutLine: {'line': b'-- Up-to-date: /home/greyflon/lab_2025/install/two_wheeled_robot/share/two_wheeled_robot/models/office_cafe_table/meshes/office_cafe_table.dae\n'}
[1.747671] (two_wheeled_robot) StdoutLine: {'line': b'-- Up-to-date: /home/greyflon/lab_2025/install/two_wheeled_robot/share/two_wheeled_robot/models/office_cafe_table/materials\n'}
[1.747794] (two_wheeled_robot) StdoutLine: {'line': b'-- Up-to-date: /home/greyflon/lab_2025/install/two_wheeled_robot/share/two_wheeled_robot/models/office_cafe_table/materials/textures\n'}
[1.747860] (two_wheeled_robot) StdoutLine: {'line': b'-- Up-to-date: /home/greyflon/lab_2025/install/two_wheeled_robot/share/two_wheeled_robot/models/office_cafe_table/materials/textures/Maple.jpg\n'}
[1.747919] (two_wheeled_robot) StdoutLine: {'line': b'-- Up-to-date: /home/greyflon/lab_2025/install/two_wheeled_robot/share/two_wheeled_robot/models/office_cafe_table/materials/textures/Wood_Floor_Dark.jpg\n'}
[1.748019] (two_wheeled_robot) StdoutLine: {'line': b'-- Up-to-date: /home/greyflon/lab_2025/install/two_wheeled_robot/share/two_wheeled_robot/models/office_cafe_table/model.sdf\n'}
[1.748134] (two_wheeled_robot) StdoutLine: {'line': b'-- Up-to-date: /home/greyflon/lab_2025/install/two_wheeled_robot/share/two_wheeled_robot/models/aws_robomaker_hospital_nursesstation_01\n'}
[1.748189] (two_wheeled_robot) StdoutLine: {'line': b'-- Up-to-date: /home/greyflon/lab_2025/install/two_wheeled_robot/share/two_wheeled_robot/models/aws_robomaker_hospital_nursesstation_01/model.config\n'}
[1.748241] (two_wheeled_robot) StdoutLine: {'line': b'-- Up-to-date: /home/greyflon/lab_2025/install/two_wheeled_robot/share/two_wheeled_robot/models/aws_robomaker_hospital_nursesstation_01/meshes\n'}
[1.748381] (two_wheeled_robot) StdoutLine: {'line': b'-- Up-to-date: /home/greyflon/lab_2025/install/two_wheeled_robot/share/two_wheeled_robot/models/aws_robomaker_hospital_nursesstation_01/meshes/aws_robomaker_hospital_nursesstation_01_low.dae\n'}
[1.748487] (two_wheeled_robot) StdoutLine: {'line': b'-- Up-to-date: /home/greyflon/lab_2025/install/two_wheeled_robot/share/two_wheeled_robot/models/aws_robomaker_hospital_nursesstation_01/meshes/aws_robomaker_hospital_nursesstation_01_low.png\n'}
[1.748590] (two_wheeled_robot) StdoutLine: {'line': b'-- Up-to-date: /home/greyflon/lab_2025/install/two_wheeled_robot/share/two_wheeled_robot/models/aws_robomaker_hospital_nursesstation_01/meshes/aws_robomaker_hospital_nursesstation_01_low_normal.png\n'}
[1.748702] (two_wheeled_robot) StdoutLine: {'line': b'-- Up-to-date: /home/greyflon/lab_2025/install/two_wheeled_robot/share/two_wheeled_robot/models/aws_robomaker_hospital_nursesstation_01/meshes/aws_robomaker_hospital_nursesstation_01_visual.png\n'}
[1.748821] (two_wheeled_robot) StdoutLine: {'line': b'-- Up-to-date: /home/greyflon/lab_2025/install/two_wheeled_robot/share/two_wheeled_robot/models/aws_robomaker_hospital_nursesstation_01/meshes/aws_robomaker_hospital_nursesstation_01_visual_normal.png\n'}
[1.748882] (two_wheeled_robot) StdoutLine: {'line': b'-- Up-to-date: /home/greyflon/lab_2025/install/two_wheeled_robot/share/two_wheeled_robot/models/aws_robomaker_hospital_nursesstation_01/meshes/aws_robomaker_hospital_nursesstation_01_visual.dae\n'}
[1.748979] (two_wheeled_robot) StdoutLine: {'line': b'-- Up-to-date: /home/greyflon/lab_2025/install/two_wheeled_robot/share/two_wheeled_robot/models/aws_robomaker_hospital_nursesstation_01/meshes/aws_robomaker_hospital_nursesstation_01_collision.dae\n'}
[1.749033] (two_wheeled_robot) StdoutLine: {'line': b'-- Up-to-date: /home/greyflon/lab_2025/install/two_wheeled_robot/share/two_wheeled_robot/models/aws_robomaker_hospital_nursesstation_01/model.sdf\n'}
[1.749090] (two_wheeled_robot) StdoutLine: {'line': b'-- Up-to-date: /home/greyflon/lab_2025/install/two_wheeled_robot/share/two_wheeled_robot/models/amazon_robot2\n'}
[1.749191] (two_wheeled_robot) StdoutLine: {'line': b'-- Up-to-date: /home/greyflon/lab_2025/install/two_wheeled_robot/share/two_wheeled_robot/models/amazon_robot2/model.config\n'}
[1.749296] (two_wheeled_robot) StdoutLine: {'line': b'-- Up-to-date: /home/greyflon/lab_2025/install/two_wheeled_robot/share/two_wheeled_robot/models/amazon_robot2/meshes\n'}
[1.749396] (two_wheeled_robot) StdoutLine: {'line': b'-- Up-to-date: /home/greyflon/lab_2025/install/two_wheeled_robot/share/two_wheeled_robot/models/amazon_robot2/meshes/lds.dae\n'}
[1.749513] (two_wheeled_robot) StdoutLine: {'line': b'-- Up-to-date: /home/greyflon/lab_2025/install/two_wheeled_robot/share/two_wheeled_robot/models/amazon_robot2/meshes/waffle_pi_base.dae\n'}
[1.749632] (two_wheeled_robot) StdoutLine: {'line': b'-- Up-to-date: /home/greyflon/lab_2025/install/two_wheeled_robot/share/two_wheeled_robot/models/amazon_robot2/meshes/left_tire.dae\n'}
[1.749694] (two_wheeled_robot) StdoutLine: {'line': b'-- Up-to-date: /home/greyflon/lab_2025/install/two_wheeled_robot/share/two_wheeled_robot/models/amazon_robot2/meshes/right_tire.dae\n'}
[1.749763] (two_wheeled_robot) StdoutLine: {'line': b'-- Up-to-date: /home/greyflon/lab_2025/install/two_wheeled_robot/share/two_wheeled_robot/models/amazon_robot2/model.sdf\n'}
[1.749826] (two_wheeled_robot) StdoutLine: {'line': b'-- Up-to-date: /home/greyflon/lab_2025/install/two_wheeled_robot/share/two_wheeled_robot/models/ground_plane\n'}
[1.749910] (two_wheeled_robot) StdoutLine: {'line': b'-- Up-to-date: /home/greyflon/lab_2025/install/two_wheeled_robot/share/two_wheeled_robot/models/ground_plane/model-1_2.sdf\n'}
[1.750010] (two_wheeled_robot) StdoutLine: {'line': b'-- Up-to-date: /home/greyflon/lab_2025/install/two_wheeled_robot/share/two_wheeled_robot/models/ground_plane/model-1_4.sdf\n'}
[1.750115] (two_wheeled_robot) StdoutLine: {'line': b'-- Up-to-date: /home/greyflon/lab_2025/install/two_wheeled_robot/share/two_wheeled_robot/models/ground_plane/model.config\n'}
[1.750248] (two_wheeled_robot) StdoutLine: {'line': b'-- Up-to-date: /home/greyflon/lab_2025/install/two_wheeled_robot/share/two_wheeled_robot/models/ground_plane/model.sdf\n'}
[1.750341] (two_wheeled_robot) StdoutLine: {'line': b'-- Up-to-date: /home/greyflon/lab_2025/install/two_wheeled_robot/share/two_wheeled_robot/models/ground_plane/model-1_3.sdf\n'}
[1.750396] (two_wheeled_robot) StdoutLine: {'line': b'-- Up-to-date: /home/greyflon/lab_2025/install/two_wheeled_robot/share/two_wheeled_robot/models/microwave\n'}
[1.750455] (two_wheeled_robot) StdoutLine: {'line': b'-- Up-to-date: /home/greyflon/lab_2025/install/two_wheeled_robot/share/two_wheeled_robot/models/microwave/model.config\n'}
[1.750522] (two_wheeled_robot) StdoutLine: {'line': b'-- Up-to-date: /home/greyflon/lab_2025/install/two_wheeled_robot/share/two_wheeled_robot/models/microwave/meshes\n'}
[1.750623] (two_wheeled_robot) StdoutLine: {'line': b'-- Up-to-date: /home/greyflon/lab_2025/install/two_wheeled_robot/share/two_wheeled_robot/models/microwave/meshes/microwave.obj\n'}
[1.750758] (two_wheeled_robot) StdoutLine: {'line': b'-- Up-to-date: /home/greyflon/lab_2025/install/two_wheeled_robot/share/two_wheeled_robot/models/microwave/meshes/microwave.mtl\n'}
[1.750881] (two_wheeled_robot) StdoutLine: {'line': b'-- Up-to-date: /home/greyflon/lab_2025/install/two_wheeled_robot/share/two_wheeled_robot/models/microwave/materials\n'}
[1.750941] (two_wheeled_robot) StdoutLine: {'line': b'-- Up-to-date: /home/greyflon/lab_2025/install/two_wheeled_robot/share/two_wheeled_robot/models/microwave/materials/textures\n'}
[1.750999] (two_wheeled_robot) StdoutLine: {'line': b'-- Up-to-date: /home/greyflon/lab_2025/install/two_wheeled_robot/share/two_wheeled_robot/models/microwave/materials/textures/microwave.png\n'}
[1.751057] (two_wheeled_robot) StdoutLine: {'line': b'-- Up-to-date: /home/greyflon/lab_2025/install/two_wheeled_robot/share/two_wheeled_robot/models/microwave/model.sdf\n'}
[1.751157] (two_wheeled_robot) StdoutLine: {'line': b'-- Up-to-date: /home/greyflon/lab_2025/install/two_wheeled_robot/share/two_wheeled_robot/models/office_desk\n'}
[1.751296] (two_wheeled_robot) StdoutLine: {'line': b'-- Up-to-date: /home/greyflon/lab_2025/install/two_wheeled_robot/share/two_wheeled_robot/models/office_desk/model.config\n'}
[1.751359] (two_wheeled_robot) StdoutLine: {'line': b'-- Up-to-date: /home/greyflon/lab_2025/install/two_wheeled_robot/share/two_wheeled_robot/models/office_desk/meshes\n'}
[1.751418] (two_wheeled_robot) StdoutLine: {'line': b'-- Up-to-date: /home/greyflon/lab_2025/install/two_wheeled_robot/share/two_wheeled_robot/models/office_desk/meshes/office_desk.dae\n'}
[1.751475] (two_wheeled_robot) StdoutLine: {'line': b'-- Up-to-date: /home/greyflon/lab_2025/install/two_wheeled_robot/share/two_wheeled_robot/models/office_desk/materials\n'}
[1.751576] (two_wheeled_robot) StdoutLine: {'line': b'-- Up-to-date: /home/greyflon/lab_2025/install/two_wheeled_robot/share/two_wheeled_robot/models/office_desk/materials/textures\n'}
[1.751706] (two_wheeled_robot) StdoutLine: {'line': b'-- Up-to-date: /home/greyflon/lab_2025/install/two_wheeled_robot/share/two_wheeled_robot/models/office_desk/materials/textures/office_desk_diffuse.png\n'}
[1.751775] (two_wheeled_robot) StdoutLine: {'line': b'-- Up-to-date: /home/greyflon/lab_2025/install/two_wheeled_robot/share/two_wheeled_robot/models/office_desk/materials/textures/office_desk_specular.png\n'}
[1.751907] (two_wheeled_robot) StdoutLine: {'line': b'-- Up-to-date: /home/greyflon/lab_2025/install/two_wheeled_robot/share/two_wheeled_robot/models/office_desk/model.sdf\n'}
[1.751961] (two_wheeled_robot) StdoutLine: {'line': b'-- Up-to-date: /home/greyflon/lab_2025/install/two_wheeled_robot/share/two_wheeled_robot/models/BoxesLargeOnPallet_3\n'}
[1.752015] (two_wheeled_robot) StdoutLine: {'line': b'-- Up-to-date: /home/greyflon/lab_2025/install/two_wheeled_robot/share/two_wheeled_robot/models/BoxesLargeOnPallet_3/model.config\n'}
[1.752068] (two_wheeled_robot) StdoutLine: {'line': b'-- Up-to-date: /home/greyflon/lab_2025/install/two_wheeled_robot/share/two_wheeled_robot/models/BoxesLargeOnPallet_3/model.sdf\n'}
[1.752120] (two_wheeled_robot) StdoutLine: {'line': b'-- Up-to-date: /home/greyflon/lab_2025/install/two_wheeled_robot/share/two_wheeled_robot/models/cardboard_box\n'}
[1.752220] (two_wheeled_robot) StdoutLine: {'line': b'-- Up-to-date: /home/greyflon/lab_2025/install/two_wheeled_robot/share/two_wheeled_robot/models/cardboard_box/model.config\n'}
[1.752332] (two_wheeled_robot) StdoutLine: {'line': b'-- Up-to-date: /home/greyflon/lab_2025/install/two_wheeled_robot/share/two_wheeled_robot/models/cardboard_box/meshes\n'}
[1.752439] (two_wheeled_robot) StdoutLine: {'line': b'-- Up-to-date: /home/greyflon/lab_2025/install/two_wheeled_robot/share/two_wheeled_robot/models/cardboard_box/meshes/cardboard_box.dae\n'}
[1.752550] (two_wheeled_robot) StdoutLine: {'line': b'-- Up-to-date: /home/greyflon/lab_2025/install/two_wheeled_robot/share/two_wheeled_robot/models/cardboard_box/materials\n'}
[1.752710] (two_wheeled_robot) StdoutLine: {'line': b'-- Up-to-date: /home/greyflon/lab_2025/install/two_wheeled_robot/share/two_wheeled_robot/models/cardboard_box/materials/textures\n'}
[1.752931] (two_wheeled_robot) StdoutLine: {'line': b'-- Up-to-date: /home/greyflon/lab_2025/install/two_wheeled_robot/share/two_wheeled_robot/models/cardboard_box/materials/textures/cardboard_box.png\n'}
[1.753033] (two_wheeled_robot) StdoutLine: {'line': b'-- Up-to-date: /home/greyflon/lab_2025/install/two_wheeled_robot/share/two_wheeled_robot/models/cardboard_box/model.sdf\n'}
[1.753137] (two_wheeled_robot) StdoutLine: {'line': b'-- Up-to-date: /home/greyflon/lab_2025/install/two_wheeled_robot/share/two_wheeled_robot/models/aws_robomaker_residential_Rangehood_01\n'}
[1.753236] (two_wheeled_robot) StdoutLine: {'line': b'-- Up-to-date: /home/greyflon/lab_2025/install/two_wheeled_robot/share/two_wheeled_robot/models/aws_robomaker_residential_Rangehood_01/model.config\n'}
[1.753343] (two_wheeled_robot) StdoutLine: {'line': b'-- Up-to-date: /home/greyflon/lab_2025/install/two_wheeled_robot/share/two_wheeled_robot/models/aws_robomaker_residential_Rangehood_01/meshes\n'}
[1.753493] (two_wheeled_robot) StdoutLine: {'line': b'-- Up-to-date: /home/greyflon/lab_2025/install/two_wheeled_robot/share/two_wheeled_robot/models/aws_robomaker_residential_Rangehood_01/meshes/aws_Rangehood_01_collision.DAE\n'}
[1.753595] (two_wheeled_robot) StdoutLine: {'line': b'-- Up-to-date: /home/greyflon/lab_2025/install/two_wheeled_robot/share/two_wheeled_robot/models/aws_robomaker_residential_Rangehood_01/meshes/aws_Rangehood_01_visual.DAE\n'}
[1.753703] (two_wheeled_robot) StdoutLine: {'line': b'-- Up-to-date: /home/greyflon/lab_2025/install/two_wheeled_robot/share/two_wheeled_robot/models/aws_robomaker_residential_Rangehood_01/materials\n'}
[1.753800] (two_wheeled_robot) StdoutLine: {'line': b'-- Up-to-date: /home/greyflon/lab_2025/install/two_wheeled_robot/share/two_wheeled_robot/models/aws_robomaker_residential_Rangehood_01/materials/textures\n'}
[1.754055] (two_wheeled_robot) StdoutLine: {'line': b'-- Up-to-date: /home/greyflon/lab_2025/install/two_wheeled_robot/share/two_wheeled_robot/models/aws_robomaker_residential_Rangehood_01/materials/textures/aws_Rangehood_01.png\n'}
[1.754157] (two_wheeled_robot) StdoutLine: {'line': b'-- Up-to-date: /home/greyflon/lab_2025/install/two_wheeled_robot/share/two_wheeled_robot/models/aws_robomaker_residential_Rangehood_01/model.sdf\n'}
[1.754252] (two_wheeled_robot) StdoutLine: {'line': b'-- Up-to-date: /home/greyflon/lab_2025/install/two_wheeled_robot/share/two_wheeled_robot/models/shelves_high2_no_collision\n'}
[1.754357] (two_wheeled_robot) StdoutLine: {'line': b'-- Up-to-date: /home/greyflon/lab_2025/install/two_wheeled_robot/share/two_wheeled_robot/models/shelves_high2_no_collision/model.config\n'}
[1.754463] (two_wheeled_robot) StdoutLine: {'line': b'-- Up-to-date: /home/greyflon/lab_2025/install/two_wheeled_robot/share/two_wheeled_robot/models/shelves_high2_no_collision/meshes\n'}
[1.754594] (two_wheeled_robot) StdoutLine: {'line': b'-- Up-to-date: /home/greyflon/lab_2025/install/two_wheeled_robot/share/two_wheeled_robot/models/shelves_high2_no_collision/meshes/shelves_high2.dae\n'}
[1.754653] (two_wheeled_robot) StdoutLine: {'line': b'-- Up-to-date: /home/greyflon/lab_2025/install/two_wheeled_robot/share/two_wheeled_robot/models/shelves_high2_no_collision/materials\n'}
[1.754718] (two_wheeled_robot) StdoutLine: {'line': b'-- Up-to-date: /home/greyflon/lab_2025/install/two_wheeled_robot/share/two_wheeled_robot/models/shelves_high2_no_collision/materials/textures\n'}
[1.754847] (two_wheeled_robot) StdoutLine: {'line': b'-- Up-to-date: /home/greyflon/lab_2025/install/two_wheeled_robot/share/two_wheeled_robot/models/shelves_high2_no_collision/materials/textures/__CorrogateShiny_.jpg\n'}
[1.754908] (two_wheeled_robot) StdoutLine: {'line': b'-- Up-to-date: /home/greyflon/lab_2025/install/two_wheeled_robot/share/two_wheeled_robot/models/shelves_high2_no_collision/model.sdf\n'}
[1.754960] (two_wheeled_robot) StdoutLine: {'line': b'-- Up-to-date: /home/greyflon/lab_2025/install/two_wheeled_robot/share/two_wheeled_robot/models/jersey_barrier\n'}
[1.755048] (two_wheeled_robot) StdoutLine: {'line': b'-- Up-to-date: /home/greyflon/lab_2025/install/two_wheeled_robot/share/two_wheeled_robot/models/jersey_barrier/model-1_4.sdf\n'}
[1.755151] (two_wheeled_robot) StdoutLine: {'line': b'-- Up-to-date: /home/greyflon/lab_2025/install/two_wheeled_robot/share/two_wheeled_robot/models/jersey_barrier/model.config\n'}
[1.755255] (two_wheeled_robot) StdoutLine: {'line': b'-- Up-to-date: /home/greyflon/lab_2025/install/two_wheeled_robot/share/two_wheeled_robot/models/jersey_barrier/meshes\n'}
[1.755363] (two_wheeled_robot) StdoutLine: {'line': b'-- Up-to-date: /home/greyflon/lab_2025/install/two_wheeled_robot/share/two_wheeled_robot/models/jersey_barrier/meshes/jersey_barrier.dae\n'}
[1.755469] (two_wheeled_robot) StdoutLine: {'line': b'-- Up-to-date: /home/greyflon/lab_2025/install/two_wheeled_robot/share/two_wheeled_robot/models/jersey_barrier/materials\n'}
[1.755690] (two_wheeled_robot) StdoutLine: {'line': b'-- Up-to-date: /home/greyflon/lab_2025/install/two_wheeled_robot/share/two_wheeled_robot/models/jersey_barrier/materials/textures\n'}
[1.755952] (two_wheeled_robot) StdoutLine: {'line': b'-- Up-to-date: /home/greyflon/lab_2025/install/two_wheeled_robot/share/two_wheeled_robot/models/jersey_barrier/materials/textures/jersey_barrier_diffuse.png\n'}
[1.756059] (two_wheeled_robot) StdoutLine: {'line': b'-- Up-to-date: /home/greyflon/lab_2025/install/two_wheeled_robot/share/two_wheeled_robot/models/jersey_barrier/materials/textures/jersey_barrier.png\n'}
[1.756164] (two_wheeled_robot) StdoutLine: {'line': b'-- Up-to-date: /home/greyflon/lab_2025/install/two_wheeled_robot/share/two_wheeled_robot/models/jersey_barrier/materials/textures/jersey_barrier_spec.png\n'}
[1.756295] (two_wheeled_robot) StdoutLine: {'line': b'-- Up-to-date: /home/greyflon/lab_2025/install/two_wheeled_robot/share/two_wheeled_robot/models/jersey_barrier/model.sdf\n'}
[1.756354] (two_wheeled_robot) StdoutLine: {'line': b'-- Up-to-date: /home/greyflon/lab_2025/install/two_wheeled_robot/share/two_wheeled_robot/models/aws_robomaker_residential_Tablet_01\n'}
[1.756436] (two_wheeled_robot) StdoutLine: {'line': b'-- Up-to-date: /home/greyflon/lab_2025/install/two_wheeled_robot/share/two_wheeled_robot/models/aws_robomaker_residential_Tablet_01/model.config\n'}
[1.756545] (two_wheeled_robot) StdoutLine: {'line': b'-- Up-to-date: /home/greyflon/lab_2025/install/two_wheeled_robot/share/two_wheeled_robot/models/aws_robomaker_residential_Tablet_01/meshes\n'}
[1.756781] (two_wheeled_robot) StdoutLine: {'line': b'-- Up-to-date: /home/greyflon/lab_2025/install/two_wheeled_robot/share/two_wheeled_robot/models/aws_robomaker_residential_Tablet_01/meshes/aws_Tablet_01_visual.DAE\n'}
[1.756895] (two_wheeled_robot) StdoutLine: {'line': b'-- Up-to-date: /home/greyflon/lab_2025/install/two_wheeled_robot/share/two_wheeled_robot/models/aws_robomaker_residential_Tablet_01/meshes/aws_Tablet_01_collision.DAE\n'}
[1.756951] (two_wheeled_robot) StdoutLine: {'line': b'-- Up-to-date: /home/greyflon/lab_2025/install/two_wheeled_robot/share/two_wheeled_robot/models/aws_robomaker_residential_Tablet_01/materials\n'}
[1.757102] (two_wheeled_robot) StdoutLine: {'line': b'-- Up-to-date: /home/greyflon/lab_2025/install/two_wheeled_robot/share/two_wheeled_robot/models/aws_robomaker_residential_Tablet_01/materials/textures\n'}
[1.757360] (two_wheeled_robot) StdoutLine: {'line': b'-- Up-to-date: /home/greyflon/lab_2025/install/two_wheeled_robot/share/two_wheeled_robot/models/aws_robomaker_residential_Tablet_01/materials/textures/aws_Tablet_01_nologo.png\n'}
[1.757477] (two_wheeled_robot) StdoutLine: {'line': b'-- Up-to-date: /home/greyflon/lab_2025/install/two_wheeled_robot/share/two_wheeled_robot/models/aws_robomaker_residential_Tablet_01/model.sdf\n'}
[1.757544] (two_wheeled_robot) StdoutLine: {'line': b'-- Up-to-date: /home/greyflon/lab_2025/install/two_wheeled_robot/share/two_wheeled_robot/models/stop_light_post\n'}
[1.757635] (two_wheeled_robot) StdoutLine: {'line': b'-- Up-to-date: /home/greyflon/lab_2025/install/two_wheeled_robot/share/two_wheeled_robot/models/stop_light_post/model.config\n'}
[1.757747] (two_wheeled_robot) StdoutLine: {'line': b'-- Up-to-date: /home/greyflon/lab_2025/install/two_wheeled_robot/share/two_wheeled_robot/models/stop_light_post/meshes\n'}
[1.757873] (two_wheeled_robot) StdoutLine: {'line': b'-- Up-to-date: /home/greyflon/lab_2025/install/two_wheeled_robot/share/two_wheeled_robot/models/stop_light_post/meshes/stop_light_post.mtl\n'}
[1.757934] (two_wheeled_robot) StdoutLine: {'line': b'-- Up-to-date: /home/greyflon/lab_2025/install/two_wheeled_robot/share/two_wheeled_robot/models/stop_light_post/meshes/stop_light_extension.mtl\n'}
[1.757993] (two_wheeled_robot) StdoutLine: {'line': b'-- Up-to-date: /home/greyflon/lab_2025/install/two_wheeled_robot/share/two_wheeled_robot/models/stop_light_post/meshes/stop_light_extension.obj\n'}
[1.758094] (two_wheeled_robot) StdoutLine: {'line': b'-- Up-to-date: /home/greyflon/lab_2025/install/two_wheeled_robot/share/two_wheeled_robot/models/stop_light_post/meshes/stop_light_post.obj\n'}
[1.758232] (two_wheeled_robot) StdoutLine: {'line': b'-- Up-to-date: /home/greyflon/lab_2025/install/two_wheeled_robot/share/two_wheeled_robot/models/stop_light_post/materials\n'}
[1.758320] (two_wheeled_robot) StdoutLine: {'line': b'-- Up-to-date: /home/greyflon/lab_2025/install/two_wheeled_robot/share/two_wheeled_robot/models/stop_light_post/materials/textures\n'}
[1.758373] (two_wheeled_robot) StdoutLine: {'line': b'-- Up-to-date: /home/greyflon/lab_2025/install/two_wheeled_robot/share/two_wheeled_robot/models/stop_light_post/materials/textures/stop_light.png\n'}
[1.758426] (two_wheeled_robot) StdoutLine: {'line': b'-- Up-to-date: /home/greyflon/lab_2025/install/two_wheeled_robot/share/two_wheeled_robot/models/stop_light_post/model.sdf\n'}
[1.758487] (two_wheeled_robot) StdoutLine: {'line': b'-- Up-to-date: /home/greyflon/lab_2025/install/two_wheeled_robot/share/two_wheeled_robot/models/computer\n'}
[1.758601] (two_wheeled_robot) StdoutLine: {'line': b'-- Up-to-date: /home/greyflon/lab_2025/install/two_wheeled_robot/share/two_wheeled_robot/models/computer/model.config\n'}
[1.758708] (two_wheeled_robot) StdoutLine: {'line': b'-- Up-to-date: /home/greyflon/lab_2025/install/two_wheeled_robot/share/two_wheeled_robot/models/computer/meshes\n'}
[1.758839] (two_wheeled_robot) StdoutLine: {'line': b'-- Up-to-date: /home/greyflon/lab_2025/install/two_wheeled_robot/share/two_wheeled_robot/models/computer/meshes/computer_monitor.obj\n'}
[1.758898] (two_wheeled_robot) StdoutLine: {'line': b'-- Up-to-date: /home/greyflon/lab_2025/install/two_wheeled_robot/share/two_wheeled_robot/models/computer/meshes/computer_tower.obj\n'}
[1.758957] (two_wheeled_robot) StdoutLine: {'line': b'-- Up-to-date: /home/greyflon/lab_2025/install/two_wheeled_robot/share/two_wheeled_robot/models/computer/meshes/computer.obj\n'}
[1.759057] (two_wheeled_robot) StdoutLine: {'line': b'-- Up-to-date: /home/greyflon/lab_2025/install/two_wheeled_robot/share/two_wheeled_robot/models/computer/meshes/computer.mtl\n'}
[1.759160] (two_wheeled_robot) StdoutLine: {'line': b'-- Up-to-date: /home/greyflon/lab_2025/install/two_wheeled_robot/share/two_wheeled_robot/models/computer/materials\n'}
[1.759263] (two_wheeled_robot) StdoutLine: {'line': b'-- Up-to-date: /home/greyflon/lab_2025/install/two_wheeled_robot/share/two_wheeled_robot/models/computer/materials/textures\n'}
[1.759543] (two_wheeled_robot) StdoutLine: {'line': b'-- Up-to-date: /home/greyflon/lab_2025/install/two_wheeled_robot/share/two_wheeled_robot/models/computer/materials/textures/computer.png\n'}
[1.759660] (two_wheeled_robot) StdoutLine: {'line': b'-- Up-to-date: /home/greyflon/lab_2025/install/two_wheeled_robot/share/two_wheeled_robot/models/computer/model.sdf\n'}
[1.759785] (two_wheeled_robot) StdoutLine: {'line': b'-- Up-to-date: /home/greyflon/lab_2025/install/two_wheeled_robot/share/two_wheeled_robot/models/reception_desk\n'}
[1.759906] (two_wheeled_robot) StdoutLine: {'line': b'-- Up-to-date: /home/greyflon/lab_2025/install/two_wheeled_robot/share/two_wheeled_robot/models/reception_desk/model.config\n'}
[1.760018] (two_wheeled_robot) StdoutLine: {'line': b'-- Up-to-date: /home/greyflon/lab_2025/install/two_wheeled_robot/share/two_wheeled_robot/models/reception_desk/meshes\n'}
[1.760076] (two_wheeled_robot) StdoutLine: {'line': b'-- Up-to-date: /home/greyflon/lab_2025/install/two_wheeled_robot/share/two_wheeled_robot/models/reception_desk/meshes/reception_desk.obj\n'}
[1.760135] (two_wheeled_robot) StdoutLine: {'line': b'-- Up-to-date: /home/greyflon/lab_2025/install/two_wheeled_robot/share/two_wheeled_robot/models/reception_desk/meshes/reception_desk.mtl\n'}
[1.760238] (two_wheeled_robot) StdoutLine: {'line': b'-- Up-to-date: /home/greyflon/lab_2025/install/two_wheeled_robot/share/two_wheeled_robot/models/reception_desk/materials\n'}
[1.760346] (two_wheeled_robot) StdoutLine: {'line': b'-- Up-to-date: /home/greyflon/lab_2025/install/two_wheeled_robot/share/two_wheeled_robot/models/reception_desk/materials/textures\n'}
[1.760449] (two_wheeled_robot) StdoutLine: {'line': b'-- Up-to-date: /home/greyflon/lab_2025/install/two_wheeled_robot/share/two_wheeled_robot/models/reception_desk/materials/textures/reception_desk.png\n'}
[1.760504] (two_wheeled_robot) StdoutLine: {'line': b'-- Up-to-date: /home/greyflon/lab_2025/install/two_wheeled_robot/share/two_wheeled_robot/models/reception_desk/model.sdf\n'}
[1.760556] (two_wheeled_robot) StdoutLine: {'line': b'-- Up-to-date: /home/greyflon/lab_2025/install/two_wheeled_robot/share/two_wheeled_robot/models/cessna\n'}
[1.760944] (two_wheeled_robot) StdoutLine: {'line': b'-- Up-to-date: /home/greyflon/lab_2025/install/two_wheeled_robot/share/two_wheeled_robot/models/cessna/model.config\n'}
[1.761035] (two_wheeled_robot) StdoutLine: {'line': b'-- Up-to-date: /home/greyflon/lab_2025/install/two_wheeled_robot/share/two_wheeled_robot/models/cessna/meshes\n'}
[1.761130] (two_wheeled_robot) StdoutLine: {'line': b'-- Up-to-date: /home/greyflon/lab_2025/install/two_wheeled_robot/share/two_wheeled_robot/models/cessna/meshes/left_aileron.dae\n'}
[1.761234] (two_wheeled_robot) StdoutLine: {'line': b'-- Up-to-date: /home/greyflon/lab_2025/install/two_wheeled_robot/share/two_wheeled_robot/models/cessna/meshes/cessna_prop.dae\n'}
[1.761368] (two_wheeled_robot) StdoutLine: {'line': b'-- Up-to-date: /home/greyflon/lab_2025/install/two_wheeled_robot/share/two_wheeled_robot/models/cessna/meshes/right_flap.dae\n'}
[1.761431] (two_wheeled_robot) StdoutLine: {'line': b'-- Up-to-date: /home/greyflon/lab_2025/install/two_wheeled_robot/share/two_wheeled_robot/models/cessna/meshes/elevators.dae\n'}
[1.761490] (two_wheeled_robot) StdoutLine: {'line': b'-- Up-to-date: /home/greyflon/lab_2025/install/two_wheeled_robot/share/two_wheeled_robot/models/cessna/meshes/cessna_front_wheel.dae\n'}
[1.761548] (two_wheeled_robot) StdoutLine: {'line': b'-- Up-to-date: /home/greyflon/lab_2025/install/two_wheeled_robot/share/two_wheeled_robot/models/cessna/meshes/left_flap.dae\n'}
[1.761648] (two_wheeled_robot) StdoutLine: {'line': b'-- Up-to-date: /home/greyflon/lab_2025/install/two_wheeled_robot/share/two_wheeled_robot/models/cessna/meshes/rudder.dae\n'}
[1.761789] (two_wheeled_robot) StdoutLine: {'line': b'-- Up-to-date: /home/greyflon/lab_2025/install/two_wheeled_robot/share/two_wheeled_robot/models/cessna/meshes/body.dae\n'}
[1.761888] (two_wheeled_robot) StdoutLine: {'line': b'-- Up-to-date: /home/greyflon/lab_2025/install/two_wheeled_robot/share/two_wheeled_robot/models/cessna/meshes/cessna_rear_right_wheel.dae\n'}
[1.761992] (two_wheeled_robot) StdoutLine: {'line': b'-- Up-to-date: /home/greyflon/lab_2025/install/two_wheeled_robot/share/two_wheeled_robot/models/cessna/meshes/cessna_rear_left_wheel.dae\n'}
[1.762054] (two_wheeled_robot) StdoutLine: {'line': b'-- Up-to-date: /home/greyflon/lab_2025/install/two_wheeled_robot/share/two_wheeled_robot/models/cessna/meshes/right_aileron.dae\n'}
[1.762106] (two_wheeled_robot) StdoutLine: {'line': b'-- Up-to-date: /home/greyflon/lab_2025/install/two_wheeled_robot/share/two_wheeled_robot/models/cessna/model.sdf\n'}
[1.762160] (two_wheeled_robot) StdoutLine: {'line': b'-- Up-to-date: /home/greyflon/lab_2025/install/two_wheeled_robot/share/two_wheeled_robot/models/aws_robomaker_residential_Wardrobe_01\n'}
[1.762218] (two_wheeled_robot) StdoutLine: {'line': b'-- Up-to-date: /home/greyflon/lab_2025/install/two_wheeled_robot/share/two_wheeled_robot/models/aws_robomaker_residential_Wardrobe_01/model.config\n'}
[1.762276] (two_wheeled_robot) StdoutLine: {'line': b'-- Up-to-date: /home/greyflon/lab_2025/install/two_wheeled_robot/share/two_wheeled_robot/models/aws_robomaker_residential_Wardrobe_01/meshes\n'}
[1.762378] (two_wheeled_robot) StdoutLine: {'line': b'-- Up-to-date: /home/greyflon/lab_2025/install/two_wheeled_robot/share/two_wheeled_robot/models/aws_robomaker_residential_Wardrobe_01/meshes/aws_Wardrobe_01_collision.DAE\n'}
[1.762508] (two_wheeled_robot) StdoutLine: {'line': b'-- Up-to-date: /home/greyflon/lab_2025/install/two_wheeled_robot/share/two_wheeled_robot/models/aws_robomaker_residential_Wardrobe_01/meshes/aws_Wardrobe_01_visual.DAE\n'}
[1.762568] (two_wheeled_robot) StdoutLine: {'line': b'-- Up-to-date: /home/greyflon/lab_2025/install/two_wheeled_robot/share/two_wheeled_robot/models/aws_robomaker_residential_Wardrobe_01/materials\n'}
[1.762633] (two_wheeled_robot) StdoutLine: {'line': b'-- Up-to-date: /home/greyflon/lab_2025/install/two_wheeled_robot/share/two_wheeled_robot/models/aws_robomaker_residential_Wardrobe_01/materials/textures\n'}
[1.762744] (two_wheeled_robot) StdoutLine: {'line': b'-- Up-to-date: /home/greyflon/lab_2025/install/two_wheeled_robot/share/two_wheeled_robot/models/aws_robomaker_residential_Wardrobe_01/materials/textures/aws_Wardrobe_01.png\n'}
[1.762862] (two_wheeled_robot) StdoutLine: {'line': b'-- Up-to-date: /home/greyflon/lab_2025/install/two_wheeled_robot/share/two_wheeled_robot/models/aws_robomaker_residential_Wardrobe_01/model.sdf\n'}
[1.762918] (two_wheeled_robot) StdoutLine: {'line': b'-- Up-to-date: /home/greyflon/lab_2025/install/two_wheeled_robot/share/two_wheeled_robot/models/Chair\n'}
[1.763014] (two_wheeled_robot) StdoutLine: {'line': b'-- Up-to-date: /home/greyflon/lab_2025/install/two_wheeled_robot/share/two_wheeled_robot/models/Chair/model.config\n'}
[1.763119] (two_wheeled_robot) StdoutLine: {'line': b'-- Up-to-date: /home/greyflon/lab_2025/install/two_wheeled_robot/share/two_wheeled_robot/models/Chair/meshes\n'}
[1.763239] (two_wheeled_robot) StdoutLine: {'line': b'-- Up-to-date: /home/greyflon/lab_2025/install/two_wheeled_robot/share/two_wheeled_robot/models/Chair/meshes/Chair_SpecGloss.png\n'}
[1.763352] (two_wheeled_robot) StdoutLine: {'line': b'-- Up-to-date: /home/greyflon/lab_2025/install/two_wheeled_robot/share/two_wheeled_robot/models/Chair/meshes/Chair_Normal.png\n'}
[1.763412] (two_wheeled_robot) StdoutLine: {'line': b'-- Up-to-date: /home/greyflon/lab_2025/install/two_wheeled_robot/share/two_wheeled_robot/models/Chair/meshes/Chair.png\n'}
[1.763513] (two_wheeled_robot) StdoutLine: {'line': b'-- Up-to-date: /home/greyflon/lab_2025/install/two_wheeled_robot/share/two_wheeled_robot/models/Chair/meshes/Chair.mtl\n'}
[1.763631] (two_wheeled_robot) StdoutLine: {'line': b'-- Up-to-date: /home/greyflon/lab_2025/install/two_wheeled_robot/share/two_wheeled_robot/models/Chair/meshes/Chair.obj\n'}
[1.763690] (two_wheeled_robot) StdoutLine: {'line': b'-- Up-to-date: /home/greyflon/lab_2025/install/two_wheeled_robot/share/two_wheeled_robot/models/Chair/meshes/Chair_Diffuse.png\n'}
[1.763792] (two_wheeled_robot) StdoutLine: {'line': b'-- Up-to-date: /home/greyflon/lab_2025/install/two_wheeled_robot/share/two_wheeled_robot/models/Chair/thumbnails\n'}
[1.763854] (two_wheeled_robot) StdoutLine: {'line': b'-- Up-to-date: /home/greyflon/lab_2025/install/two_wheeled_robot/share/two_wheeled_robot/models/Chair/thumbnails/5.png\n'}
[1.763977] (two_wheeled_robot) StdoutLine: {'line': b'-- Up-to-date: /home/greyflon/lab_2025/install/two_wheeled_robot/share/two_wheeled_robot/models/Chair/thumbnails/1.png\n'}
[1.764037] (two_wheeled_robot) StdoutLine: {'line': b'-- Up-to-date: /home/greyflon/lab_2025/install/two_wheeled_robot/share/two_wheeled_robot/models/Chair/thumbnails/2.png\n'}
[1.764095] (two_wheeled_robot) StdoutLine: {'line': b'-- Up-to-date: /home/greyflon/lab_2025/install/two_wheeled_robot/share/two_wheeled_robot/models/Chair/thumbnails/4.png\n'}
[1.764152] (two_wheeled_robot) StdoutLine: {'line': b'-- Up-to-date: /home/greyflon/lab_2025/install/two_wheeled_robot/share/two_wheeled_robot/models/Chair/thumbnails/3.png\n'}
[1.764252] (two_wheeled_robot) StdoutLine: {'line': b'-- Up-to-date: /home/greyflon/lab_2025/install/two_wheeled_robot/share/two_wheeled_robot/models/Chair/model.sdf\n'}
[1.764374] (two_wheeled_robot) StdoutLine: {'line': b'-- Up-to-date: /home/greyflon/lab_2025/install/two_wheeled_robot/share/two_wheeled_robot/models/workcell\n'}
[1.764433] (two_wheeled_robot) StdoutLine: {'line': b'-- Up-to-date: /home/greyflon/lab_2025/install/two_wheeled_robot/share/two_wheeled_robot/models/workcell/model.config\n'}
[1.764495] (two_wheeled_robot) StdoutLine: {'line': b'-- Up-to-date: /home/greyflon/lab_2025/install/two_wheeled_robot/share/two_wheeled_robot/models/workcell/meshes\n'}
[1.764608] (two_wheeled_robot) StdoutLine: {'line': b'-- Up-to-date: /home/greyflon/lab_2025/install/two_wheeled_robot/share/two_wheeled_robot/models/workcell/meshes/mesh_backup.dae\n'}
[1.764664] (two_wheeled_robot) StdoutLine: {'line': b'-- Up-to-date: /home/greyflon/lab_2025/install/two_wheeled_robot/share/two_wheeled_robot/models/workcell/meshes/mesh.dae\n'}
[1.764725] (two_wheeled_robot) StdoutLine: {'line': b'-- Up-to-date: /home/greyflon/lab_2025/install/two_wheeled_robot/share/two_wheeled_robot/models/workcell/materials\n'}
[1.764822] (two_wheeled_robot) StdoutLine: {'line': b'-- Up-to-date: /home/greyflon/lab_2025/install/two_wheeled_robot/share/two_wheeled_robot/models/workcell/materials/textures\n'}
[1.764971] (two_wheeled_robot) StdoutLine: {'line': b'-- Up-to-date: /home/greyflon/lab_2025/install/two_wheeled_robot/share/two_wheeled_robot/models/workcell/materials/textures/Conveyor.png\n'}
[1.765060] (two_wheeled_robot) StdoutLine: {'line': b'-- Up-to-date: /home/greyflon/lab_2025/install/two_wheeled_robot/share/two_wheeled_robot/models/workcell/materials/textures/Wall_Corrugated.png\n'}
[1.765163] (two_wheeled_robot) StdoutLine: {'line': b'-- Up-to-date: /home/greyflon/lab_2025/install/two_wheeled_robot/share/two_wheeled_robot/models/workcell/materials/textures/Yellow.png\n'}
[1.765297] (two_wheeled_robot) StdoutLine: {'line': b'-- Up-to-date: /home/greyflon/lab_2025/install/two_wheeled_robot/share/two_wheeled_robot/models/workcell/materials/textures/CardboardBoxes.png\n'}
[1.765360] (two_wheeled_robot) StdoutLine: {'line': b'-- Up-to-date: /home/greyflon/lab_2025/install/two_wheeled_robot/share/two_wheeled_robot/models/workcell/materials/textures/ControlPanel.png\n'}
[1.765419] (two_wheeled_robot) StdoutLine: {'line': b'-- Up-to-date: /home/greyflon/lab_2025/install/two_wheeled_robot/share/two_wheeled_robot/models/workcell/materials/textures/PalletWrap.png\n'}
[1.765521] (two_wheeled_robot) StdoutLine: {'line': b'-- Up-to-date: /home/greyflon/lab_2025/install/two_wheeled_robot/share/two_wheeled_robot/models/workcell/materials/textures/Shelves.png\n'}
[1.765597] (two_wheeled_robot) StdoutLine: {'line': b'-- Up-to-date: /home/greyflon/lab_2025/install/two_wheeled_robot/share/two_wheeled_robot/models/workcell/materials/textures/Floor.png\n'}
[1.765752] (two_wheeled_robot) StdoutLine: {'line': b'-- Up-to-date: /home/greyflon/lab_2025/install/two_wheeled_robot/share/two_wheeled_robot/models/workcell/materials/textures/Wall_Concrete.png\n'}
[1.765902] (two_wheeled_robot) StdoutLine: {'line': b'-- Up-to-date: /home/greyflon/lab_2025/install/two_wheeled_robot/share/two_wheeled_robot/models/workcell/materials/textures/Door_Window.png\n'}
[1.765970] (two_wheeled_robot) StdoutLine: {'line': b'-- Up-to-date: /home/greyflon/lab_2025/install/two_wheeled_robot/share/two_wheeled_robot/models/workcell/materials/textures/Pallet.png\n'}
[1.766028] (two_wheeled_robot) StdoutLine: {'line': b'-- Up-to-date: /home/greyflon/lab_2025/install/two_wheeled_robot/share/two_wheeled_robot/models/workcell/materials/textures/Mesh.png\n'}
[1.766138] (two_wheeled_robot) StdoutLine: {'line': b'-- Up-to-date: /home/greyflon/lab_2025/install/two_wheeled_robot/share/two_wheeled_robot/models/workcell/materials/textures/Stairs.png\n'}
[1.766193] (two_wheeled_robot) StdoutLine: {'line': b'-- Up-to-date: /home/greyflon/lab_2025/install/two_wheeled_robot/share/two_wheeled_robot/models/workcell/materials/textures/RollupDoor.png\n'}
[1.766250] (two_wheeled_robot) StdoutLine: {'line': b'-- Up-to-date: /home/greyflon/lab_2025/install/two_wheeled_robot/share/two_wheeled_robot/models/workcell/materials/textures/Bin.png\n'}
[1.766307] (two_wheeled_robot) StdoutLine: {'line': b'-- Up-to-date: /home/greyflon/lab_2025/install/two_wheeled_robot/share/two_wheeled_robot/models/workcell/materials/textures/Plywood.png\n'}
[1.766365] (two_wheeled_robot) StdoutLine: {'line': b'-- Up-to-date: /home/greyflon/lab_2025/install/two_wheeled_robot/share/two_wheeled_robot/models/workcell/materials/textures/WorkCell_Render.png\n'}
[1.766423] (two_wheeled_robot) StdoutLine: {'line': b'-- Up-to-date: /home/greyflon/lab_2025/install/two_wheeled_robot/share/two_wheeled_robot/models/workcell/materials/textures/Pillar.png\n'}
[1.766491] (two_wheeled_robot) StdoutLine: {'line': b'-- Up-to-date: /home/greyflon/lab_2025/install/two_wheeled_robot/share/two_wheeled_robot/models/workcell/materials/textures/RubberMat.png\n'}
[1.766585] (two_wheeled_robot) StdoutLine: {'line': b'-- Up-to-date: /home/greyflon/lab_2025/install/two_wheeled_robot/share/two_wheeled_robot/models/workcell/model.sdf\n'}
[1.766693] (two_wheeled_robot) StdoutLine: {'line': b'-- Up-to-date: /home/greyflon/lab_2025/install/two_wheeled_robot/share/two_wheeled_robot/models/aws_robomaker_hospital_floor_01_ceiling\n'}
[1.766823] (two_wheeled_robot) StdoutLine: {'line': b'-- Up-to-date: /home/greyflon/lab_2025/install/two_wheeled_robot/share/two_wheeled_robot/models/aws_robomaker_hospital_floor_01_ceiling/model.config\n'}
[1.766879] (two_wheeled_robot) StdoutLine: {'line': b'-- Up-to-date: /home/greyflon/lab_2025/install/two_wheeled_robot/share/two_wheeled_robot/models/aws_robomaker_hospital_floor_01_ceiling/meshes\n'}
[1.766979] (two_wheeled_robot) StdoutLine: {'line': b'-- Up-to-date: /home/greyflon/lab_2025/install/two_wheeled_robot/share/two_wheeled_robot/models/aws_robomaker_hospital_floor_01_ceiling/meshes/aws_robomaker_hospital_floor_01_ceiling_visual.dae\n'}
[1.767037] (two_wheeled_robot) StdoutLine: {'line': b'-- Up-to-date: /home/greyflon/lab_2025/install/two_wheeled_robot/share/two_wheeled_robot/models/aws_robomaker_hospital_floor_01_ceiling/meshes/aws_robomaker_hospital_floor_01_ceiling_normal.png\n'}
[1.767090] (two_wheeled_robot) StdoutLine: {'line': b'-- Up-to-date: /home/greyflon/lab_2025/install/two_wheeled_robot/share/two_wheeled_robot/models/aws_robomaker_hospital_floor_01_ceiling/meshes/aws_robomaker_hospital_floor_01_ceiling_collision.dae\n'}
[1.767143] (two_wheeled_robot) StdoutLine: {'line': b'-- Up-to-date: /home/greyflon/lab_2025/install/two_wheeled_robot/share/two_wheeled_robot/models/aws_robomaker_hospital_floor_01_ceiling/meshes/aws_robomaker_hospital_floor_01_ceiling.png\n'}
[1.767199] (two_wheeled_robot) StdoutLine: {'line': b'-- Up-to-date: /home/greyflon/lab_2025/install/two_wheeled_robot/share/two_wheeled_robot/models/aws_robomaker_hospital_floor_01_ceiling/model.sdf\n'}
[1.767257] (two_wheeled_robot) StdoutLine: {'line': b'-- Up-to-date: /home/greyflon/lab_2025/install/two_wheeled_robot/share/two_wheeled_robot/models/aws_robomaker_warehouse_TrashCanC_01\n'}
[1.767371] (two_wheeled_robot) StdoutLine: {'line': b'-- Up-to-date: /home/greyflon/lab_2025/install/two_wheeled_robot/share/two_wheeled_robot/models/aws_robomaker_warehouse_TrashCanC_01/model.config\n'}
[1.767432] (two_wheeled_robot) StdoutLine: {'line': b'-- Up-to-date: /home/greyflon/lab_2025/install/two_wheeled_robot/share/two_wheeled_robot/models/aws_robomaker_warehouse_TrashCanC_01/meshes\n'}
[1.767488] (two_wheeled_robot) StdoutLine: {'line': b'-- Up-to-date: /home/greyflon/lab_2025/install/two_wheeled_robot/share/two_wheeled_robot/models/aws_robomaker_warehouse_TrashCanC_01/meshes/aws_robomaker_warehouse_TrashCanC_01_collision.DAE\n'}
[1.767580] (two_wheeled_robot) StdoutLine: {'line': b'-- Up-to-date: /home/greyflon/lab_2025/install/two_wheeled_robot/share/two_wheeled_robot/models/aws_robomaker_warehouse_TrashCanC_01/meshes/aws_robomaker_warehouse_TrashCanC_01_visual.DAE\n'}
[1.767635] (two_wheeled_robot) StdoutLine: {'line': b'-- Up-to-date: /home/greyflon/lab_2025/install/two_wheeled_robot/share/two_wheeled_robot/models/aws_robomaker_warehouse_TrashCanC_01/materials\n'}
[1.767708] (two_wheeled_robot) StdoutLine: {'line': b'-- Up-to-date: /home/greyflon/lab_2025/install/two_wheeled_robot/share/two_wheeled_robot/models/aws_robomaker_warehouse_TrashCanC_01/materials/textures\n'}
[1.767854] (two_wheeled_robot) StdoutLine: {'line': b'-- Up-to-date: /home/greyflon/lab_2025/install/two_wheeled_robot/share/two_wheeled_robot/models/aws_robomaker_warehouse_TrashCanC_01/materials/textures/aws_robomaker_warehouse_TrashCanC_01.png\n'}
[1.767910] (two_wheeled_robot) StdoutLine: {'line': b'-- Up-to-date: /home/greyflon/lab_2025/install/two_wheeled_robot/share/two_wheeled_robot/models/aws_robomaker_warehouse_TrashCanC_01/model.sdf\n'}
[1.767962] (two_wheeled_robot) StdoutLine: {'line': b'-- Up-to-date: /home/greyflon/lab_2025/install/two_wheeled_robot/share/two_wheeled_robot/models/camera\n'}
[1.768063] (two_wheeled_robot) StdoutLine: {'line': b'-- Up-to-date: /home/greyflon/lab_2025/install/two_wheeled_robot/share/two_wheeled_robot/models/camera/model-1_2.sdf\n'}
[1.768167] (two_wheeled_robot) StdoutLine: {'line': b'-- Up-to-date: /home/greyflon/lab_2025/install/two_wheeled_robot/share/two_wheeled_robot/models/camera/model-1_4.sdf\n'}
[1.768304] (two_wheeled_robot) StdoutLine: {'line': b'-- Up-to-date: /home/greyflon/lab_2025/install/two_wheeled_robot/share/two_wheeled_robot/models/camera/model.config\n'}
[1.768363] (two_wheeled_robot) StdoutLine: {'line': b'-- Up-to-date: /home/greyflon/lab_2025/install/two_wheeled_robot/share/two_wheeled_robot/models/camera/model.sdf\n'}
[1.768416] (two_wheeled_robot) StdoutLine: {'line': b'-- Up-to-date: /home/greyflon/lab_2025/install/two_wheeled_robot/share/two_wheeled_robot/models/camera/model-1_3.sdf\n'}
[1.768473] (two_wheeled_robot) StdoutLine: {'line': b'-- Up-to-date: /home/greyflon/lab_2025/install/two_wheeled_robot/share/two_wheeled_robot/models/simple_arm\n'}
[1.768573] (two_wheeled_robot) StdoutLine: {'line': b'-- Up-to-date: /home/greyflon/lab_2025/install/two_wheeled_robot/share/two_wheeled_robot/models/simple_arm/model-1_2.sdf\n'}
[1.768719] (two_wheeled_robot) StdoutLine: {'line': b'-- Up-to-date: /home/greyflon/lab_2025/install/two_wheeled_robot/share/two_wheeled_robot/models/simple_arm/model-1_4.sdf\n'}
[1.768784] (two_wheeled_robot) StdoutLine: {'line': b'-- Up-to-date: /home/greyflon/lab_2025/install/two_wheeled_robot/share/two_wheeled_robot/models/simple_arm/model.config\n'}
[1.768837] (two_wheeled_robot) StdoutLine: {'line': b'-- Up-to-date: /home/greyflon/lab_2025/install/two_wheeled_robot/share/two_wheeled_robot/models/simple_arm/model.sdf\n'}
[1.768892] (two_wheeled_robot) StdoutLine: {'line': b'-- Up-to-date: /home/greyflon/lab_2025/install/two_wheeled_robot/share/two_wheeled_robot/models/simple_arm/model-1_3.sdf\n'}
[1.768950] (two_wheeled_robot) StdoutLine: {'line': b'-- Up-to-date: /home/greyflon/lab_2025/install/two_wheeled_robot/share/two_wheeled_robot/models/stop_light\n'}
[1.769057] (two_wheeled_robot) StdoutLine: {'line': b'-- Up-to-date: /home/greyflon/lab_2025/install/two_wheeled_robot/share/two_wheeled_robot/models/stop_light/model.config\n'}
[1.769169] (two_wheeled_robot) StdoutLine: {'line': b'-- Up-to-date: /home/greyflon/lab_2025/install/two_wheeled_robot/share/two_wheeled_robot/models/stop_light/meshes\n'}
[1.769301] (two_wheeled_robot) StdoutLine: {'line': b'-- Up-to-date: /home/greyflon/lab_2025/install/two_wheeled_robot/share/two_wheeled_robot/models/stop_light/meshes/stop_light.mtl\n'}
[1.769360] (two_wheeled_robot) StdoutLine: {'line': b'-- Up-to-date: /home/greyflon/lab_2025/install/two_wheeled_robot/share/two_wheeled_robot/models/stop_light/meshes/stop_light.obj\n'}
[1.769443] (two_wheeled_robot) StdoutLine: {'line': b'-- Up-to-date: /home/greyflon/lab_2025/install/two_wheeled_robot/share/two_wheeled_robot/models/stop_light/materials\n'}
[1.769499] (two_wheeled_robot) StdoutLine: {'line': b'-- Up-to-date: /home/greyflon/lab_2025/install/two_wheeled_robot/share/two_wheeled_robot/models/stop_light/materials/scripts\n'}
[1.769627] (two_wheeled_robot) StdoutLine: {'line': b'-- Up-to-date: /home/greyflon/lab_2025/install/two_wheeled_robot/share/two_wheeled_robot/models/stop_light/materials/scripts/stop_light.material\n'}
[1.769738] (two_wheeled_robot) StdoutLine: {'line': b'-- Up-to-date: /home/greyflon/lab_2025/install/two_wheeled_robot/share/two_wheeled_robot/models/stop_light/materials/textures\n'}
[1.769866] (two_wheeled_robot) StdoutLine: {'line': b'-- Up-to-date: /home/greyflon/lab_2025/install/two_wheeled_robot/share/two_wheeled_robot/models/stop_light/materials/textures/stop_light.png\n'}
[1.769955] (two_wheeled_robot) StdoutLine: {'line': b'-- Up-to-date: /home/greyflon/lab_2025/install/two_wheeled_robot/share/two_wheeled_robot/models/stop_light/materials/textures/greyscale_light.png\n'}
[1.770059] (two_wheeled_robot) StdoutLine: {'line': b'-- Up-to-date: /home/greyflon/lab_2025/install/two_wheeled_robot/share/two_wheeled_robot/models/stop_light/model.sdf\n'}
[1.770164] (two_wheeled_robot) StdoutLine: {'line': b'-- Up-to-date: /home/greyflon/lab_2025/install/two_wheeled_robot/share/two_wheeled_robot/models/pallet_full\n'}
[1.770268] (two_wheeled_robot) StdoutLine: {'line': b'-- Up-to-date: /home/greyflon/lab_2025/install/two_wheeled_robot/share/two_wheeled_robot/models/pallet_full/model.config\n'}
[1.770372] (two_wheeled_robot) StdoutLine: {'line': b'-- Up-to-date: /home/greyflon/lab_2025/install/two_wheeled_robot/share/two_wheeled_robot/models/pallet_full/model.sdf\n'}
[1.770477] (two_wheeled_robot) StdoutLine: {'line': b'-- Up-to-date: /home/greyflon/lab_2025/install/two_wheeled_robot/share/two_wheeled_robot/models/radio_tower\n'}
[1.770590] (two_wheeled_robot) StdoutLine: {'line': b'-- Up-to-date: /home/greyflon/lab_2025/install/two_wheeled_robot/share/two_wheeled_robot/models/radio_tower/model.config\n'}
[1.770645] (two_wheeled_robot) StdoutLine: {'line': b'-- Up-to-date: /home/greyflon/lab_2025/install/two_wheeled_robot/share/two_wheeled_robot/models/radio_tower/meshes\n'}
[1.770778] (two_wheeled_robot) StdoutLine: {'line': b'-- Up-to-date: /home/greyflon/lab_2025/install/two_wheeled_robot/share/two_wheeled_robot/models/radio_tower/meshes/radio_tower.dae\n'}
[1.770876] (two_wheeled_robot) StdoutLine: {'line': b'-- Up-to-date: /home/greyflon/lab_2025/install/two_wheeled_robot/share/two_wheeled_robot/models/radio_tower/materials\n'}
[1.770998] (two_wheeled_robot) StdoutLine: {'line': b'-- Up-to-date: /home/greyflon/lab_2025/install/two_wheeled_robot/share/two_wheeled_robot/models/radio_tower/materials/textures\n'}
[1.771216] (two_wheeled_robot) StdoutLine: {'line': b'-- Up-to-date: /home/greyflon/lab_2025/install/two_wheeled_robot/share/two_wheeled_robot/models/radio_tower/materials/textures/radio_tower_spec.jpg\n'}
[1.771321] (two_wheeled_robot) StdoutLine: {'line': b'-- Up-to-date: /home/greyflon/lab_2025/install/two_wheeled_robot/share/two_wheeled_robot/models/radio_tower/materials/textures/radio_tower_diffuse.jpg\n'}
[1.771427] (two_wheeled_robot) StdoutLine: {'line': b'-- Up-to-date: /home/greyflon/lab_2025/install/two_wheeled_robot/share/two_wheeled_robot/models/radio_tower/model.sdf\n'}
[1.771538] (two_wheeled_robot) StdoutLine: {'line': b'-- Up-to-date: /home/greyflon/lab_2025/install/two_wheeled_robot/share/two_wheeled_robot/models/aws_robomaker_residential_DeskPortraitB_02\n'}
[1.771644] (two_wheeled_robot) StdoutLine: {'line': b'-- Up-to-date: /home/greyflon/lab_2025/install/two_wheeled_robot/share/two_wheeled_robot/models/aws_robomaker_residential_DeskPortraitB_02/model.config\n'}
[1.771750] (two_wheeled_robot) StdoutLine: {'line': b'-- Up-to-date: /home/greyflon/lab_2025/install/two_wheeled_robot/share/two_wheeled_robot/models/aws_robomaker_residential_DeskPortraitB_02/meshes\n'}
[1.771864] (two_wheeled_robot) StdoutLine: {'line': b'-- Up-to-date: /home/greyflon/lab_2025/install/two_wheeled_robot/share/two_wheeled_robot/models/aws_robomaker_residential_DeskPortraitB_02/meshes/aws_DeskPortraitB_01_visual.DAE\n'}
[1.771970] (two_wheeled_robot) StdoutLine: {'line': b'-- Up-to-date: /home/greyflon/lab_2025/install/two_wheeled_robot/share/two_wheeled_robot/models/aws_robomaker_residential_DeskPortraitB_02/meshes/aws_DeskPortraitB_01_collision.DAE\n'}
[1.772062] (two_wheeled_robot) StdoutLine: {'line': b'-- Up-to-date: /home/greyflon/lab_2025/install/two_wheeled_robot/share/two_wheeled_robot/models/aws_robomaker_residential_DeskPortraitB_02/materials\n'}
[1.772160] (two_wheeled_robot) StdoutLine: {'line': b'-- Up-to-date: /home/greyflon/lab_2025/install/two_wheeled_robot/share/two_wheeled_robot/models/aws_robomaker_residential_DeskPortraitB_02/materials/textures\n'}
[1.772332] (two_wheeled_robot) StdoutLine: {'line': b'-- Up-to-date: /home/greyflon/lab_2025/install/two_wheeled_robot/share/two_wheeled_robot/models/aws_robomaker_residential_DeskPortraitB_02/materials/textures/DeskPortraitB_02.jpg\n'}
[1.772436] (two_wheeled_robot) StdoutLine: {'line': b'-- Up-to-date: /home/greyflon/lab_2025/install/two_wheeled_robot/share/two_wheeled_robot/models/aws_robomaker_residential_DeskPortraitB_02/materials/textures/aws_DeskPortraitB_02.png\n'}
[1.772539] (two_wheeled_robot) StdoutLine: {'line': b'-- Up-to-date: /home/greyflon/lab_2025/install/two_wheeled_robot/share/two_wheeled_robot/models/aws_robomaker_residential_DeskPortraitB_02/materials/textures/aws_DeskPortraitB_01.png\n'}
[1.772655] (two_wheeled_robot) StdoutLine: {'line': b'-- Up-to-date: /home/greyflon/lab_2025/install/two_wheeled_robot/share/two_wheeled_robot/models/aws_robomaker_residential_DeskPortraitB_02/model.sdf\n'}
[1.772756] (two_wheeled_robot) StdoutLine: {'line': b'-- Up-to-date: /home/greyflon/lab_2025/install/two_wheeled_robot/share/two_wheeled_robot/models/aws_robomaker_residential_PortraitA_02\n'}
[1.772856] (two_wheeled_robot) StdoutLine: {'line': b'-- Up-to-date: /home/greyflon/lab_2025/install/two_wheeled_robot/share/two_wheeled_robot/models/aws_robomaker_residential_PortraitA_02/model.config\n'}
[1.772911] (two_wheeled_robot) StdoutLine: {'line': b'-- Up-to-date: /home/greyflon/lab_2025/install/two_wheeled_robot/share/two_wheeled_robot/models/aws_robomaker_residential_PortraitA_02/meshes\n'}
[1.772998] (two_wheeled_robot) StdoutLine: {'line': b'-- Up-to-date: /home/greyflon/lab_2025/install/two_wheeled_robot/share/two_wheeled_robot/models/aws_robomaker_residential_PortraitA_02/meshes/aws_PortraitA_01_visual.DAE\n'}
[1.773105] (two_wheeled_robot) StdoutLine: {'line': b'-- Up-to-date: /home/greyflon/lab_2025/install/two_wheeled_robot/share/two_wheeled_robot/models/aws_robomaker_residential_PortraitA_02/meshes/aws_PortraitA_01_collision.DAE\n'}
[1.773201] (two_wheeled_robot) StdoutLine: {'line': b'-- Up-to-date: /home/greyflon/lab_2025/install/two_wheeled_robot/share/two_wheeled_robot/models/aws_robomaker_residential_PortraitA_02/materials\n'}
[1.773290] (two_wheeled_robot) StdoutLine: {'line': b'-- Up-to-date: /home/greyflon/lab_2025/install/two_wheeled_robot/share/two_wheeled_robot/models/aws_robomaker_residential_PortraitA_02/materials/textures\n'}
[1.773461] (two_wheeled_robot) StdoutLine: {'line': b'-- Up-to-date: /home/greyflon/lab_2025/install/two_wheeled_robot/share/two_wheeled_robot/models/aws_robomaker_residential_PortraitA_02/materials/textures/aws_PortraitA_01.png\n'}
[1.773621] (two_wheeled_robot) StdoutLine: {'line': b'-- Up-to-date: /home/greyflon/lab_2025/install/two_wheeled_robot/share/two_wheeled_robot/models/aws_robomaker_residential_PortraitA_02/materials/textures/PortraitA_02.jpg\n'}
[1.773718] (two_wheeled_robot) StdoutLine: {'line': b'-- Up-to-date: /home/greyflon/lab_2025/install/two_wheeled_robot/share/two_wheeled_robot/models/aws_robomaker_residential_PortraitA_02/materials/textures/aws_PortraitA_02.png\n'}
[1.773793] (two_wheeled_robot) StdoutLine: {'line': b'-- Up-to-date: /home/greyflon/lab_2025/install/two_wheeled_robot/share/two_wheeled_robot/models/aws_robomaker_residential_PortraitA_02/model.sdf\n'}
[1.773852] (two_wheeled_robot) StdoutLine: {'line': b'-- Up-to-date: /home/greyflon/lab_2025/install/two_wheeled_robot/share/two_wheeled_robot/models/aws_robomaker_warehouse_DeskC_01\n'}
[1.773955] (two_wheeled_robot) StdoutLine: {'line': b'-- Up-to-date: /home/greyflon/lab_2025/install/two_wheeled_robot/share/two_wheeled_robot/models/aws_robomaker_warehouse_DeskC_01/model.config\n'}
[1.774060] (two_wheeled_robot) StdoutLine: {'line': b'-- Up-to-date: /home/greyflon/lab_2025/install/two_wheeled_robot/share/two_wheeled_robot/models/aws_robomaker_warehouse_DeskC_01/meshes\n'}
[1.774164] (two_wheeled_robot) StdoutLine: {'line': b'-- Up-to-date: /home/greyflon/lab_2025/install/two_wheeled_robot/share/two_wheeled_robot/models/aws_robomaker_warehouse_DeskC_01/meshes/aws_robomaker_warehouse_DeskC_01_collision.DAE\n'}
[1.774279] (two_wheeled_robot) StdoutLine: {'line': b'-- Up-to-date: /home/greyflon/lab_2025/install/two_wheeled_robot/share/two_wheeled_robot/models/aws_robomaker_warehouse_DeskC_01/meshes/aws_robomaker_warehouse_DeskC_01_visual.DAE\n'}
[1.774368] (two_wheeled_robot) StdoutLine: {'line': b'-- Up-to-date: /home/greyflon/lab_2025/install/two_wheeled_robot/share/two_wheeled_robot/models/aws_robomaker_warehouse_DeskC_01/materials\n'}
[1.774513] (two_wheeled_robot) StdoutLine: {'line': b'-- Up-to-date: /home/greyflon/lab_2025/install/two_wheeled_robot/share/two_wheeled_robot/models/aws_robomaker_warehouse_DeskC_01/materials/textures\n'}
[1.774641] (two_wheeled_robot) StdoutLine: {'line': b'-- Up-to-date: /home/greyflon/lab_2025/install/two_wheeled_robot/share/two_wheeled_robot/models/aws_robomaker_warehouse_DeskC_01/materials/textures/aws_robomaker_warehouse_DeskC_03.psd\n'}
[1.774794] (two_wheeled_robot) StdoutLine: {'line': b'-- Up-to-date: /home/greyflon/lab_2025/install/two_wheeled_robot/share/two_wheeled_robot/models/aws_robomaker_warehouse_DeskC_01/materials/textures/aws_robomaker_warehouse_DeskC_02.png\n'}
[1.774978] (two_wheeled_robot) StdoutLine: {'line': b'-- Up-to-date: /home/greyflon/lab_2025/install/two_wheeled_robot/share/two_wheeled_robot/models/aws_robomaker_warehouse_DeskC_01/materials/textures/aws_robomaker_warehouse_DeskC_03.png\n'}
[1.775062] (two_wheeled_robot) StdoutLine: {'line': b'-- Up-to-date: /home/greyflon/lab_2025/install/two_wheeled_robot/share/two_wheeled_robot/models/aws_robomaker_warehouse_DeskC_01/materials/textures/aws_robomaker_warehouse_DeskC_04.png\n'}
[1.775187] (two_wheeled_robot) StdoutLine: {'line': b'-- Up-to-date: /home/greyflon/lab_2025/install/two_wheeled_robot/share/two_wheeled_robot/models/aws_robomaker_warehouse_DeskC_01/materials/textures/aws_robomaker_warehouse_DeskC_01.png\n'}
[1.775263] (two_wheeled_robot) StdoutLine: {'line': b'-- Up-to-date: /home/greyflon/lab_2025/install/two_wheeled_robot/share/two_wheeled_robot/models/aws_robomaker_warehouse_DeskC_01/model.sdf\n'}
[1.775338] (two_wheeled_robot) StdoutLine: {'line': b'-- Up-to-date: /home/greyflon/lab_2025/install/two_wheeled_robot/share/two_wheeled_robot/models/stopW\n'}
[1.775481] (two_wheeled_robot) StdoutLine: {'line': b'-- Up-to-date: /home/greyflon/lab_2025/install/two_wheeled_robot/share/two_wheeled_robot/models/stopW/model.config\n'}
[1.775611] (two_wheeled_robot) StdoutLine: {'line': b'-- Up-to-date: /home/greyflon/lab_2025/install/two_wheeled_robot/share/two_wheeled_robot/models/stopW/meshes\n'}
[1.775696] (two_wheeled_robot) StdoutLine: {'line': b'-- Up-to-date: /home/greyflon/lab_2025/install/two_wheeled_robot/share/two_wheeled_robot/models/stopW/meshes/Asphalt_New.jpg\n'}
[1.775798] (two_wheeled_robot) StdoutLine: {'line': b'-- Up-to-date: /home/greyflon/lab_2025/install/two_wheeled_robot/share/two_wheeled_robot/models/stopW/meshes/Concrete_Pavers_Block_Multi.jpg\n'}
[1.775931] (two_wheeled_robot) StdoutLine: {'line': b'-- Up-to-date: /home/greyflon/lab_2025/install/two_wheeled_robot/share/two_wheeled_robot/models/stopW/meshes/stop.dae\n'}
[1.776006] (two_wheeled_robot) StdoutLine: {'line': b'-- Up-to-date: /home/greyflon/lab_2025/install/two_wheeled_robot/share/two_wheeled_robot/models/stopW/model.sdf\n'}
[1.776142] (two_wheeled_robot) StdoutLine: {'line': b'-- Up-to-date: /home/greyflon/lab_2025/install/two_wheeled_robot/share/two_wheeled_robot/models/aws_robomaker_residential_DeskPortraitC_01\n'}
[1.776218] (two_wheeled_robot) StdoutLine: {'line': b'-- Up-to-date: /home/greyflon/lab_2025/install/two_wheeled_robot/share/two_wheeled_robot/models/aws_robomaker_residential_DeskPortraitC_01/model.config\n'}
[1.776292] (two_wheeled_robot) StdoutLine: {'line': b'-- Up-to-date: /home/greyflon/lab_2025/install/two_wheeled_robot/share/two_wheeled_robot/models/aws_robomaker_residential_DeskPortraitC_01/meshes\n'}
[1.776407] (two_wheeled_robot) StdoutLine: {'line': b'-- Up-to-date: /home/greyflon/lab_2025/install/two_wheeled_robot/share/two_wheeled_robot/models/aws_robomaker_residential_DeskPortraitC_01/meshes/aws_DeskPortraitC_01_collision.DAE\n'}
[1.776484] (two_wheeled_robot) StdoutLine: {'line': b'-- Up-to-date: /home/greyflon/lab_2025/install/two_wheeled_robot/share/two_wheeled_robot/models/aws_robomaker_residential_DeskPortraitC_01/meshes/aws_DeskPortraitC_01_visual.DAE\n'}
[1.776570] (two_wheeled_robot) StdoutLine: {'line': b'-- Up-to-date: /home/greyflon/lab_2025/install/two_wheeled_robot/share/two_wheeled_robot/models/aws_robomaker_residential_DeskPortraitC_01/materials\n'}
[1.776748] (two_wheeled_robot) StdoutLine: {'line': b'-- Up-to-date: /home/greyflon/lab_2025/install/two_wheeled_robot/share/two_wheeled_robot/models/aws_robomaker_residential_DeskPortraitC_01/materials/textures\n'}
[1.776833] (two_wheeled_robot) StdoutLine: {'line': b'-- Up-to-date: /home/greyflon/lab_2025/install/two_wheeled_robot/share/two_wheeled_robot/models/aws_robomaker_residential_DeskPortraitC_01/materials/textures/aws_DeskPortraitC_01.png\n'}
[1.776907] (two_wheeled_robot) StdoutLine: {'line': b'-- Up-to-date: /home/greyflon/lab_2025/install/two_wheeled_robot/share/two_wheeled_robot/models/aws_robomaker_residential_DeskPortraitC_01/materials/textures/DeskPortraitC_01.jpg\n'}
[1.777025] (two_wheeled_robot) StdoutLine: {'line': b'-- Up-to-date: /home/greyflon/lab_2025/install/two_wheeled_robot/share/two_wheeled_robot/models/aws_robomaker_residential_DeskPortraitC_01/materials/textures/aws_DeskPortraitC_02.png\n'}
[1.777100] (two_wheeled_robot) StdoutLine: {'line': b'-- Up-to-date: /home/greyflon/lab_2025/install/two_wheeled_robot/share/two_wheeled_robot/models/aws_robomaker_residential_DeskPortraitC_01/model.sdf\n'}
[1.777226] (two_wheeled_robot) StdoutLine: {'line': b'-- Up-to-date: /home/greyflon/lab_2025/install/two_wheeled_robot/share/two_wheeled_robot/models/blue_target\n'}
[1.777302] (two_wheeled_robot) StdoutLine: {'line': b'-- Up-to-date: /home/greyflon/lab_2025/install/two_wheeled_robot/share/two_wheeled_robot/models/blue_target/model.config\n'}
[1.777378] (two_wheeled_robot) StdoutLine: {'line': b'-- Up-to-date: /home/greyflon/lab_2025/install/two_wheeled_robot/share/two_wheeled_robot/models/blue_target/meshes\n'}
[1.777513] (two_wheeled_robot) StdoutLine: {'line': b'-- Up-to-date: /home/greyflon/lab_2025/install/two_wheeled_robot/share/two_wheeled_robot/models/blue_target/meshes/blue_target.dae\n'}
[1.777598] (two_wheeled_robot) StdoutLine: {'line': b'-- Up-to-date: /home/greyflon/lab_2025/install/two_wheeled_robot/share/two_wheeled_robot/models/blue_target/model.sdf\n'}
[1.777679] (two_wheeled_robot) StdoutLine: {'line': b'-- Up-to-date: /home/greyflon/lab_2025/install/two_wheeled_robot/share/two_wheeled_robot/models/casual_female\n'}
[1.777834] (two_wheeled_robot) StdoutLine: {'line': b'-- Up-to-date: /home/greyflon/lab_2025/install/two_wheeled_robot/share/two_wheeled_robot/models/casual_female/model.config\n'}
[1.777985] (two_wheeled_robot) StdoutLine: {'line': b'-- Up-to-date: /home/greyflon/lab_2025/install/two_wheeled_robot/share/two_wheeled_robot/models/casual_female/meshes\n'}
[1.778062] (two_wheeled_robot) StdoutLine: {'line': b'-- Up-to-date: /home/greyflon/lab_2025/install/two_wheeled_robot/share/two_wheeled_robot/models/casual_female/meshes/casual_female.dae\n'}
[1.778137] (two_wheeled_robot) StdoutLine: {'line': b'-- Up-to-date: /home/greyflon/lab_2025/install/two_wheeled_robot/share/two_wheeled_robot/models/casual_female/materials\n'}
[1.778251] (two_wheeled_robot) StdoutLine: {'line': b'-- Up-to-date: /home/greyflon/lab_2025/install/two_wheeled_robot/share/two_wheeled_robot/models/casual_female/materials/textures\n'}
[1.778369] (two_wheeled_robot) StdoutLine: {'line': b'-- Up-to-date: /home/greyflon/lab_2025/install/two_wheeled_robot/share/two_wheeled_robot/models/casual_female/materials/textures/casual_female.png\n'}
[1.778505] (two_wheeled_robot) StdoutLine: {'line': b'-- Up-to-date: /home/greyflon/lab_2025/install/two_wheeled_robot/share/two_wheeled_robot/models/casual_female/materials/textures/eyelashes01.png\n'}
[1.778681] (two_wheeled_robot) StdoutLine: {'line': b'-- Up-to-date: /home/greyflon/lab_2025/install/two_wheeled_robot/share/two_wheeled_robot/models/casual_female/materials/textures/tongue01_diffuse.png\n'}
[1.778787] (two_wheeled_robot) StdoutLine: {'line': b'-- Up-to-date: /home/greyflon/lab_2025/install/two_wheeled_robot/share/two_wheeled_robot/models/casual_female/materials/textures/female_casualsuit01_diffuse.png\n'}
[1.778949] (two_wheeled_robot) StdoutLine: {'line': b'-- Up-to-date: /home/greyflon/lab_2025/install/two_wheeled_robot/share/two_wheeled_robot/models/casual_female/materials/textures/female_casualsuit02_diffuse.png\n'}
[1.779080] (two_wheeled_robot) StdoutLine: {'line': b'-- Up-to-date: /home/greyflon/lab_2025/install/two_wheeled_robot/share/two_wheeled_robot/models/casual_female/materials/textures/ponytail01_diffuse.png\n'}
[1.779156] (two_wheeled_robot) StdoutLine: {'line': b'-- Up-to-date: /home/greyflon/lab_2025/install/two_wheeled_robot/share/two_wheeled_robot/models/casual_female/materials/textures/young_lightskinned_female_diffuse.png\n'}
[1.779232] (two_wheeled_robot) StdoutLine: {'line': b'-- Up-to-date: /home/greyflon/lab_2025/install/two_wheeled_robot/share/two_wheeled_robot/models/casual_female/materials/textures/shoes05_diffuse.png\n'}
[1.779359] (two_wheeled_robot) StdoutLine: {'line': b'-- Up-to-date: /home/greyflon/lab_2025/install/two_wheeled_robot/share/two_wheeled_robot/models/casual_female/materials/textures/eyebrow002.png\n'}
[1.779435] (two_wheeled_robot) StdoutLine: {'line': b'-- Up-to-date: /home/greyflon/lab_2025/install/two_wheeled_robot/share/two_wheeled_robot/models/casual_female/materials/textures/female_casualsuit01_normal.png\n'}
[1.779575] (two_wheeled_robot) StdoutLine: {'line': b'-- Up-to-date: /home/greyflon/lab_2025/install/two_wheeled_robot/share/two_wheeled_robot/models/casual_female/materials/textures/brown_eye.png\n'}
[1.779651] (two_wheeled_robot) StdoutLine: {'line': b'-- Up-to-date: /home/greyflon/lab_2025/install/two_wheeled_robot/share/two_wheeled_robot/models/casual_female/materials/textures/female_casualsuit02_normal.png\n'}
[1.779738] (two_wheeled_robot) StdoutLine: {'line': b'-- Up-to-date: /home/greyflon/lab_2025/install/two_wheeled_robot/share/two_wheeled_robot/models/casual_female/model.sdf\n'}
[1.779878] (two_wheeled_robot) StdoutLine: {'line': b'-- Up-to-date: /home/greyflon/lab_2025/install/two_wheeled_robot/share/two_wheeled_robot/models/servicebot\n'}
[1.779985] (two_wheeled_robot) StdoutLine: {'line': b'-- Up-to-date: /home/greyflon/lab_2025/install/two_wheeled_robot/share/two_wheeled_robot/models/servicebot/model.config\n'}
[1.780124] (two_wheeled_robot) StdoutLine: {'line': b'-- Up-to-date: /home/greyflon/lab_2025/install/two_wheeled_robot/share/two_wheeled_robot/models/servicebot/meshes\n'}
[1.780247] (two_wheeled_robot) StdoutLine: {'line': b'-- Up-to-date: /home/greyflon/lab_2025/install/two_wheeled_robot/share/two_wheeled_robot/models/servicebot/meshes/servicebot.mtl\n'}
[1.780323] (two_wheeled_robot) StdoutLine: {'line': b'-- Up-to-date: /home/greyflon/lab_2025/install/two_wheeled_robot/share/two_wheeled_robot/models/servicebot/meshes/servicebot.obj\n'}
[1.780452] (two_wheeled_robot) StdoutLine: {'line': b'-- Up-to-date: /home/greyflon/lab_2025/install/two_wheeled_robot/share/two_wheeled_robot/models/servicebot/materials\n'}
[1.780569] (two_wheeled_robot) StdoutLine: {'line': b'-- Up-to-date: /home/greyflon/lab_2025/install/two_wheeled_robot/share/two_wheeled_robot/models/servicebot/materials/textures\n'}
[1.780682] (two_wheeled_robot) StdoutLine: {'line': b'-- Up-to-date: /home/greyflon/lab_2025/install/two_wheeled_robot/share/two_wheeled_robot/models/servicebot/materials/textures/servicebot.png\n'}
[1.780844] (two_wheeled_robot) StdoutLine: {'line': b'-- Up-to-date: /home/greyflon/lab_2025/install/two_wheeled_robot/share/two_wheeled_robot/models/servicebot/model.sdf\n'}
[1.780927] (two_wheeled_robot) StdoutLine: {'line': b'-- Up-to-date: /home/greyflon/lab_2025/install/two_wheeled_robot/share/two_wheeled_robot/models/dishwasher\n'}
[1.781004] (two_wheeled_robot) StdoutLine: {'line': b'-- Up-to-date: /home/greyflon/lab_2025/install/two_wheeled_robot/share/two_wheeled_robot/models/dishwasher/model.config\n'}
[1.781132] (two_wheeled_robot) StdoutLine: {'line': b'-- Up-to-date: /home/greyflon/lab_2025/install/two_wheeled_robot/share/two_wheeled_robot/models/dishwasher/meshes\n'}
[1.781207] (two_wheeled_robot) StdoutLine: {'line': b'-- Up-to-date: /home/greyflon/lab_2025/install/two_wheeled_robot/share/two_wheeled_robot/models/dishwasher/meshes/dishwasher.mtl\n'}
[1.781353] (two_wheeled_robot) StdoutLine: {'line': b'-- Up-to-date: /home/greyflon/lab_2025/install/two_wheeled_robot/share/two_wheeled_robot/models/dishwasher/meshes/dishwasher.obj\n'}
[1.781431] (two_wheeled_robot) StdoutLine: {'line': b'-- Up-to-date: /home/greyflon/lab_2025/install/two_wheeled_robot/share/two_wheeled_robot/models/dishwasher/materials\n'}
[1.781526] (two_wheeled_robot) StdoutLine: {'line': b'-- Up-to-date: /home/greyflon/lab_2025/install/two_wheeled_robot/share/two_wheeled_robot/models/dishwasher/materials/textures\n'}
[1.781641] (two_wheeled_robot) StdoutLine: {'line': b'-- Up-to-date: /home/greyflon/lab_2025/install/two_wheeled_robot/share/two_wheeled_robot/models/dishwasher/materials/textures/dishwasher.png\n'}
[1.781757] (two_wheeled_robot) StdoutLine: {'line': b'-- Up-to-date: /home/greyflon/lab_2025/install/two_wheeled_robot/share/two_wheeled_robot/models/dishwasher/model.sdf\n'}
[1.781854] (two_wheeled_robot) StdoutLine: {'line': b'-- Up-to-date: /home/greyflon/lab_2025/install/two_wheeled_robot/share/two_wheeled_robot/models/aws_robomaker_residential_PortraitB_02\n'}
[1.781995] (two_wheeled_robot) StdoutLine: {'line': b'-- Up-to-date: /home/greyflon/lab_2025/install/two_wheeled_robot/share/two_wheeled_robot/models/aws_robomaker_residential_PortraitB_02/model.config\n'}
[1.782071] (two_wheeled_robot) StdoutLine: {'line': b'-- Up-to-date: /home/greyflon/lab_2025/install/two_wheeled_robot/share/two_wheeled_robot/models/aws_robomaker_residential_PortraitB_02/meshes\n'}
[1.782176] (two_wheeled_robot) StdoutLine: {'line': b'-- Up-to-date: /home/greyflon/lab_2025/install/two_wheeled_robot/share/two_wheeled_robot/models/aws_robomaker_residential_PortraitB_02/meshes/aws_PortraitB_01_visual.DAE\n'}
[1.782316] (two_wheeled_robot) StdoutLine: {'line': b'-- Up-to-date: /home/greyflon/lab_2025/install/two_wheeled_robot/share/two_wheeled_robot/models/aws_robomaker_residential_PortraitB_02/meshes/aws_PortraitB_01_collision.DAE\n'}
[1.782445] (two_wheeled_robot) StdoutLine: {'line': b'-- Up-to-date: /home/greyflon/lab_2025/install/two_wheeled_robot/share/two_wheeled_robot/models/aws_robomaker_residential_PortraitB_02/materials\n'}
[1.782532] (two_wheeled_robot) StdoutLine: {'line': b'-- Up-to-date: /home/greyflon/lab_2025/install/two_wheeled_robot/share/two_wheeled_robot/models/aws_robomaker_residential_PortraitB_02/materials/textures\n'}
[1.782651] (two_wheeled_robot) StdoutLine: {'line': b'-- Up-to-date: /home/greyflon/lab_2025/install/two_wheeled_robot/share/two_wheeled_robot/models/aws_robomaker_residential_PortraitB_02/materials/textures/aws_PortraitB_01.png\n'}
[1.782793] (two_wheeled_robot) StdoutLine: {'line': b'-- Up-to-date: /home/greyflon/lab_2025/install/two_wheeled_robot/share/two_wheeled_robot/models/aws_robomaker_residential_PortraitB_02/materials/textures/aws_PortraitB_02.png\n'}
[1.782875] (two_wheeled_robot) StdoutLine: {'line': b'-- Up-to-date: /home/greyflon/lab_2025/install/two_wheeled_robot/share/two_wheeled_robot/models/aws_robomaker_residential_PortraitB_02/materials/textures/PortraitB_02.jpg\n'}
[1.783002] (two_wheeled_robot) StdoutLine: {'line': b'-- Up-to-date: /home/greyflon/lab_2025/install/two_wheeled_robot/share/two_wheeled_robot/models/aws_robomaker_residential_PortraitB_02/model.sdf\n'}
[1.783078] (two_wheeled_robot) StdoutLine: {'line': b'-- Up-to-date: /home/greyflon/lab_2025/install/two_wheeled_robot/share/two_wheeled_robot/models/bookshelf\n'}
[1.783204] (two_wheeled_robot) StdoutLine: {'line': b'-- Up-to-date: /home/greyflon/lab_2025/install/two_wheeled_robot/share/two_wheeled_robot/models/bookshelf/model-1_2.sdf\n'}
[1.783279] (two_wheeled_robot) StdoutLine: {'line': b'-- Up-to-date: /home/greyflon/lab_2025/install/two_wheeled_robot/share/two_wheeled_robot/models/bookshelf/model-1_4.sdf\n'}
[1.783404] (two_wheeled_robot) StdoutLine: {'line': b'-- Up-to-date: /home/greyflon/lab_2025/install/two_wheeled_robot/share/two_wheeled_robot/models/bookshelf/model.config\n'}
[1.783547] (two_wheeled_robot) StdoutLine: {'line': b'-- Up-to-date: /home/greyflon/lab_2025/install/two_wheeled_robot/share/two_wheeled_robot/models/bookshelf/model.sdf\n'}
[1.783661] (two_wheeled_robot) StdoutLine: {'line': b'-- Up-to-date: /home/greyflon/lab_2025/install/two_wheeled_robot/share/two_wheeled_robot/models/bookshelf/model-1_3.sdf\n'}
[1.783752] (two_wheeled_robot) StdoutLine: {'line': b'-- Up-to-date: /home/greyflon/lab_2025/install/two_wheeled_robot/share/two_wheeled_robot/models/lamp_post\n'}
[1.783886] (two_wheeled_robot) StdoutLine: {'line': b'-- Up-to-date: /home/greyflon/lab_2025/install/two_wheeled_robot/share/two_wheeled_robot/models/lamp_post/model-1_4.sdf\n'}
[1.783970] (two_wheeled_robot) StdoutLine: {'line': b'-- Up-to-date: /home/greyflon/lab_2025/install/two_wheeled_robot/share/two_wheeled_robot/models/lamp_post/model.config\n'}
[1.784058] (two_wheeled_robot) StdoutLine: {'line': b'-- Up-to-date: /home/greyflon/lab_2025/install/two_wheeled_robot/share/two_wheeled_robot/models/lamp_post/meshes\n'}
[1.784193] (two_wheeled_robot) StdoutLine: {'line': b'-- Up-to-date: /home/greyflon/lab_2025/install/two_wheeled_robot/share/two_wheeled_robot/models/lamp_post/meshes/lamp_post.dae\n'}
[1.784269] (two_wheeled_robot) StdoutLine: {'line': b'-- Up-to-date: /home/greyflon/lab_2025/install/two_wheeled_robot/share/two_wheeled_robot/models/lamp_post/materials\n'}
[1.784376] (two_wheeled_robot) StdoutLine: {'line': b'-- Up-to-date: /home/greyflon/lab_2025/install/two_wheeled_robot/share/two_wheeled_robot/models/lamp_post/materials/textures\n'}
[1.784442] (two_wheeled_robot) StdoutLine: {'line': b'-- Up-to-date: /home/greyflon/lab_2025/install/two_wheeled_robot/share/two_wheeled_robot/models/lamp_post/materials/textures/Lamp_Post_Spec.png\n'}
[1.784500] (two_wheeled_robot) StdoutLine: {'line': b'-- Up-to-date: /home/greyflon/lab_2025/install/two_wheeled_robot/share/two_wheeled_robot/models/lamp_post/materials/textures/Lamp_Post_Diffuse.png\n'}
[1.784559] (two_wheeled_robot) StdoutLine: {'line': b'-- Up-to-date: /home/greyflon/lab_2025/install/two_wheeled_robot/share/two_wheeled_robot/models/lamp_post/materials/textures/Lamp_Post_Emissive.png\n'}
[1.784618] (two_wheeled_robot) StdoutLine: {'line': b'-- Up-to-date: /home/greyflon/lab_2025/install/two_wheeled_robot/share/two_wheeled_robot/models/lamp_post/model.sdf\n'}
[1.784682] (two_wheeled_robot) StdoutLine: {'line': b'-- Up-to-date: /home/greyflon/lab_2025/install/two_wheeled_robot/share/two_wheeled_robot/models/lamp_post/model-1_3.sdf\n'}
[1.784792] (two_wheeled_robot) StdoutLine: {'line': b'-- Up-to-date: /home/greyflon/lab_2025/install/two_wheeled_robot/share/two_wheeled_robot/models/aws_robomaker_warehouse_ClutteringA_01\n'}
[1.784855] (two_wheeled_robot) StdoutLine: {'line': b'-- Up-to-date: /home/greyflon/lab_2025/install/two_wheeled_robot/share/two_wheeled_robot/models/aws_robomaker_warehouse_ClutteringA_01/model.config\n'}
[1.784914] (two_wheeled_robot) StdoutLine: {'line': b'-- Up-to-date: /home/greyflon/lab_2025/install/two_wheeled_robot/share/two_wheeled_robot/models/aws_robomaker_warehouse_ClutteringA_01/meshes\n'}
[1.784972] (two_wheeled_robot) StdoutLine: {'line': b'-- Up-to-date: /home/greyflon/lab_2025/install/two_wheeled_robot/share/two_wheeled_robot/models/aws_robomaker_warehouse_ClutteringA_01/meshes/aws_robomaker_warehouse_ClutteringA_01_visual.DAE\n'}
[1.785031] (two_wheeled_robot) StdoutLine: {'line': b'-- Up-to-date: /home/greyflon/lab_2025/install/two_wheeled_robot/share/two_wheeled_robot/models/aws_robomaker_warehouse_ClutteringA_01/meshes/aws_robomaker_warehouse_ClutteringA_01_collision.DAE\n'}
[1.785089] (two_wheeled_robot) StdoutLine: {'line': b'-- Up-to-date: /home/greyflon/lab_2025/install/two_wheeled_robot/share/two_wheeled_robot/models/aws_robomaker_warehouse_ClutteringA_01/materials\n'}
[1.785148] (two_wheeled_robot) StdoutLine: {'line': b'-- Up-to-date: /home/greyflon/lab_2025/install/two_wheeled_robot/share/two_wheeled_robot/models/aws_robomaker_warehouse_ClutteringA_01/materials/textures\n'}
[1.785207] (two_wheeled_robot) StdoutLine: {'line': b'-- Up-to-date: /home/greyflon/lab_2025/install/two_wheeled_robot/share/two_wheeled_robot/models/aws_robomaker_warehouse_ClutteringA_01/materials/textures/aws_robomaker_warehouse_ClutteringA_03.png\n'}
[1.785333] (two_wheeled_robot) StdoutLine: {'line': b'-- Up-to-date: /home/greyflon/lab_2025/install/two_wheeled_robot/share/two_wheeled_robot/models/aws_robomaker_warehouse_ClutteringA_01/materials/textures/aws_robomaker_warehouse_ClutteringA_02.png\n'}
[1.785494] (two_wheeled_robot) StdoutLine: {'line': b'-- Up-to-date: /home/greyflon/lab_2025/install/two_wheeled_robot/share/two_wheeled_robot/models/aws_robomaker_warehouse_ClutteringA_01/materials/textures/aws_robomaker_warehouse_ClutteringA_01.png\n'}
[1.785549] (two_wheeled_robot) StdoutLine: {'line': b'-- Up-to-date: /home/greyflon/lab_2025/install/two_wheeled_robot/share/two_wheeled_robot/models/aws_robomaker_warehouse_ClutteringA_01/model.sdf\n'}
[1.785602] (two_wheeled_robot) StdoutLine: {'line': b'-- Up-to-date: /home/greyflon/lab_2025/install/two_wheeled_robot/share/two_wheeled_robot/models/aws_robomaker_residential_PortraitB_03\n'}
[1.785721] (two_wheeled_robot) StdoutLine: {'line': b'-- Up-to-date: /home/greyflon/lab_2025/install/two_wheeled_robot/share/two_wheeled_robot/models/aws_robomaker_residential_PortraitB_03/model.config\n'}
[1.785805] (two_wheeled_robot) StdoutLine: {'line': b'-- Up-to-date: /home/greyflon/lab_2025/install/two_wheeled_robot/share/two_wheeled_robot/models/aws_robomaker_residential_PortraitB_03/meshes\n'}
[1.785865] (two_wheeled_robot) StdoutLine: {'line': b'-- Up-to-date: /home/greyflon/lab_2025/install/two_wheeled_robot/share/two_wheeled_robot/models/aws_robomaker_residential_PortraitB_03/meshes/aws_PortraitB_01_visual.DAE\n'}
[1.785923] (two_wheeled_robot) StdoutLine: {'line': b'-- Up-to-date: /home/greyflon/lab_2025/install/two_wheeled_robot/share/two_wheeled_robot/models/aws_robomaker_residential_PortraitB_03/meshes/aws_PortraitB_01_collision.DAE\n'}
[1.785990] (two_wheeled_robot) StdoutLine: {'line': b'-- Up-to-date: /home/greyflon/lab_2025/install/two_wheeled_robot/share/two_wheeled_robot/models/aws_robomaker_residential_PortraitB_03/materials\n'}
[1.786049] (two_wheeled_robot) StdoutLine: {'line': b'-- Up-to-date: /home/greyflon/lab_2025/install/two_wheeled_robot/share/two_wheeled_robot/models/aws_robomaker_residential_PortraitB_03/materials/textures\n'}
[1.786113] (two_wheeled_robot) StdoutLine: {'line': b'-- Up-to-date: /home/greyflon/lab_2025/install/two_wheeled_robot/share/two_wheeled_robot/models/aws_robomaker_residential_PortraitB_03/materials/textures/aws_PortraitB_01.png\n'}
[1.786171] (two_wheeled_robot) StdoutLine: {'line': b'-- Up-to-date: /home/greyflon/lab_2025/install/two_wheeled_robot/share/two_wheeled_robot/models/aws_robomaker_residential_PortraitB_03/materials/textures/PortraitB_03.jpg\n'}
[1.786276] (two_wheeled_robot) StdoutLine: {'line': b'-- Up-to-date: /home/greyflon/lab_2025/install/two_wheeled_robot/share/two_wheeled_robot/models/aws_robomaker_residential_PortraitB_03/materials/textures/aws_PortraitB_02.png\n'}
[1.786406] (two_wheeled_robot) StdoutLine: {'line': b'-- Up-to-date: /home/greyflon/lab_2025/install/two_wheeled_robot/share/two_wheeled_robot/models/aws_robomaker_residential_PortraitB_03/model.sdf\n'}
[1.786471] (two_wheeled_robot) StdoutLine: {'line': b'-- Up-to-date: /home/greyflon/lab_2025/install/two_wheeled_robot/share/two_wheeled_robot/models/aws_robomaker_residential_PortraitB_01\n'}
[1.786530] (two_wheeled_robot) StdoutLine: {'line': b'-- Up-to-date: /home/greyflon/lab_2025/install/two_wheeled_robot/share/two_wheeled_robot/models/aws_robomaker_residential_PortraitB_01/model.config\n'}
[1.786644] (two_wheeled_robot) StdoutLine: {'line': b'-- Up-to-date: /home/greyflon/lab_2025/install/two_wheeled_robot/share/two_wheeled_robot/models/aws_robomaker_residential_PortraitB_01/meshes\n'}
[1.786704] (two_wheeled_robot) StdoutLine: {'line': b'-- Up-to-date: /home/greyflon/lab_2025/install/two_wheeled_robot/share/two_wheeled_robot/models/aws_robomaker_residential_PortraitB_01/meshes/aws_PortraitB_01_visual.DAE\n'}
[1.786802] (two_wheeled_robot) StdoutLine: {'line': b'-- Up-to-date: /home/greyflon/lab_2025/install/two_wheeled_robot/share/two_wheeled_robot/models/aws_robomaker_residential_PortraitB_01/meshes/aws_PortraitB_01_collision.DAE\n'}
[1.786936] (two_wheeled_robot) StdoutLine: {'line': b'-- Up-to-date: /home/greyflon/lab_2025/install/two_wheeled_robot/share/two_wheeled_robot/models/aws_robomaker_residential_PortraitB_01/materials\n'}
[1.786998] (two_wheeled_robot) StdoutLine: {'line': b'-- Up-to-date: /home/greyflon/lab_2025/install/two_wheeled_robot/share/two_wheeled_robot/models/aws_robomaker_residential_PortraitB_01/materials/textures\n'}
[1.787056] (two_wheeled_robot) StdoutLine: {'line': b'-- Up-to-date: /home/greyflon/lab_2025/install/two_wheeled_robot/share/two_wheeled_robot/models/aws_robomaker_residential_PortraitB_01/materials/textures/aws_PortraitB_01.png\n'}
[1.787114] (two_wheeled_robot) StdoutLine: {'line': b'-- Up-to-date: /home/greyflon/lab_2025/install/two_wheeled_robot/share/two_wheeled_robot/models/aws_robomaker_residential_PortraitB_01/materials/textures/PortraitB_01.jpg\n'}
[1.787225] (two_wheeled_robot) StdoutLine: {'line': b'-- Up-to-date: /home/greyflon/lab_2025/install/two_wheeled_robot/share/two_wheeled_robot/models/aws_robomaker_residential_PortraitB_01/materials/textures/aws_PortraitB_02.png\n'}
[1.787280] (two_wheeled_robot) StdoutLine: {'line': b'-- Up-to-date: /home/greyflon/lab_2025/install/two_wheeled_robot/share/two_wheeled_robot/models/aws_robomaker_residential_PortraitB_01/model.sdf\n'}
[1.787334] (two_wheeled_robot) StdoutLine: {'line': b'-- Up-to-date: /home/greyflon/lab_2025/install/two_wheeled_robot/share/two_wheeled_robot/models/oak_tree\n'}
[1.787389] (two_wheeled_robot) StdoutLine: {'line': b'-- Up-to-date: /home/greyflon/lab_2025/install/two_wheeled_robot/share/two_wheeled_robot/models/oak_tree/model.config\n'}
[1.787494] (two_wheeled_robot) StdoutLine: {'line': b'-- Up-to-date: /home/greyflon/lab_2025/install/two_wheeled_robot/share/two_wheeled_robot/models/oak_tree/meshes\n'}
[1.787549] (two_wheeled_robot) StdoutLine: {'line': b'-- Up-to-date: /home/greyflon/lab_2025/install/two_wheeled_robot/share/two_wheeled_robot/models/oak_tree/meshes/oak_tree.dae\n'}
[1.787612] (two_wheeled_robot) StdoutLine: {'line': b'-- Up-to-date: /home/greyflon/lab_2025/install/two_wheeled_robot/share/two_wheeled_robot/models/oak_tree/materials\n'}
[1.787732] (two_wheeled_robot) StdoutLine: {'line': b'-- Up-to-date: /home/greyflon/lab_2025/install/two_wheeled_robot/share/two_wheeled_robot/models/oak_tree/materials/scripts\n'}
[1.787830] (two_wheeled_robot) StdoutLine: {'line': b'-- Up-to-date: /home/greyflon/lab_2025/install/two_wheeled_robot/share/two_wheeled_robot/models/oak_tree/materials/scripts/oak_tree.material\n'}
[1.787945] (two_wheeled_robot) StdoutLine: {'line': b'-- Up-to-date: /home/greyflon/lab_2025/install/two_wheeled_robot/share/two_wheeled_robot/models/oak_tree/materials/scripts/caster_vp.glsl\n'}
[1.788045] (two_wheeled_robot) StdoutLine: {'line': b'-- Up-to-date: /home/greyflon/lab_2025/install/two_wheeled_robot/share/two_wheeled_robot/models/oak_tree/materials/scripts/caster_fp.glsl\n'}
[1.788105] (two_wheeled_robot) StdoutLine: {'line': b'-- Up-to-date: /home/greyflon/lab_2025/install/two_wheeled_robot/share/two_wheeled_robot/models/oak_tree/materials/textures\n'}
[1.788192] (two_wheeled_robot) StdoutLine: {'line': b'-- Up-to-date: /home/greyflon/lab_2025/install/two_wheeled_robot/share/two_wheeled_robot/models/oak_tree/materials/textures/branch_diffuse.png\n'}
[1.788298] (two_wheeled_robot) StdoutLine: {'line': b'-- Up-to-date: /home/greyflon/lab_2025/install/two_wheeled_robot/share/two_wheeled_robot/models/oak_tree/materials/textures/bark_diffuse.png\n'}
[1.788359] (two_wheeled_robot) StdoutLine: {'line': b'-- Up-to-date: /home/greyflon/lab_2025/install/two_wheeled_robot/share/two_wheeled_robot/models/oak_tree/model.sdf\n'}
[1.788460] (two_wheeled_robot) StdoutLine: {'line': b'-- Up-to-date: /home/greyflon/lab_2025/install/two_wheeled_robot/share/two_wheeled_robot/models/aws_robomaker_residential_CoffeeTable_01\n'}
[1.788563] (two_wheeled_robot) StdoutLine: {'line': b'-- Up-to-date: /home/greyflon/lab_2025/install/two_wheeled_robot/share/two_wheeled_robot/models/aws_robomaker_residential_CoffeeTable_01/model.config\n'}
[1.788620] (two_wheeled_robot) StdoutLine: {'line': b'-- Up-to-date: /home/greyflon/lab_2025/install/two_wheeled_robot/share/two_wheeled_robot/models/aws_robomaker_residential_CoffeeTable_01/meshes\n'}
[1.788780] (two_wheeled_robot) StdoutLine: {'line': b'-- Up-to-date: /home/greyflon/lab_2025/install/two_wheeled_robot/share/two_wheeled_robot/models/aws_robomaker_residential_CoffeeTable_01/meshes/aws_CoffeeTable_01_visual.DAE\n'}
[1.788895] (two_wheeled_robot) StdoutLine: {'line': b'-- Up-to-date: /home/greyflon/lab_2025/install/two_wheeled_robot/share/two_wheeled_robot/models/aws_robomaker_residential_CoffeeTable_01/meshes/aws_CoffeeTable_01_collision.DAE\n'}
[1.788951] (two_wheeled_robot) StdoutLine: {'line': b'-- Up-to-date: /home/greyflon/lab_2025/install/two_wheeled_robot/share/two_wheeled_robot/models/aws_robomaker_residential_CoffeeTable_01/materials\n'}
[1.789075] (two_wheeled_robot) StdoutLine: {'line': b'-- Up-to-date: /home/greyflon/lab_2025/install/two_wheeled_robot/share/two_wheeled_robot/models/aws_robomaker_residential_CoffeeTable_01/materials/textures\n'}
[1.789289] (two_wheeled_robot) StdoutLine: {'line': b'-- Up-to-date: /home/greyflon/lab_2025/install/two_wheeled_robot/share/two_wheeled_robot/models/aws_robomaker_residential_CoffeeTable_01/materials/textures/aws_CoffeeTable_01.png\n'}
[1.789394] (two_wheeled_robot) StdoutLine: {'line': b'-- Up-to-date: /home/greyflon/lab_2025/install/two_wheeled_robot/share/two_wheeled_robot/models/aws_robomaker_residential_CoffeeTable_01/model.sdf\n'}
[1.789448] (two_wheeled_robot) StdoutLine: {'line': b'-- Up-to-date: /home/greyflon/lab_2025/install/two_wheeled_robot/share/two_wheeled_robot/models/hangout_chair\n'}
[1.789579] (two_wheeled_robot) StdoutLine: {'line': b'-- Up-to-date: /home/greyflon/lab_2025/install/two_wheeled_robot/share/two_wheeled_robot/models/hangout_chair/model.config\n'}
[1.789676] (two_wheeled_robot) StdoutLine: {'line': b'-- Up-to-date: /home/greyflon/lab_2025/install/two_wheeled_robot/share/two_wheeled_robot/models/hangout_chair/meshes\n'}
[1.789845] (two_wheeled_robot) StdoutLine: {'line': b'-- Up-to-date: /home/greyflon/lab_2025/install/two_wheeled_robot/share/two_wheeled_robot/models/hangout_chair/meshes/hangout_chair.obj\n'}
[1.789941] (two_wheeled_robot) StdoutLine: {'line': b'-- Up-to-date: /home/greyflon/lab_2025/install/two_wheeled_robot/share/two_wheeled_robot/models/hangout_chair/meshes/hangout_chair.mtl\n'}
[1.790043] (two_wheeled_robot) StdoutLine: {'line': b'-- Up-to-date: /home/greyflon/lab_2025/install/two_wheeled_robot/share/two_wheeled_robot/models/hangout_chair/materials\n'}
[1.790144] (two_wheeled_robot) StdoutLine: {'line': b'-- Up-to-date: /home/greyflon/lab_2025/install/two_wheeled_robot/share/two_wheeled_robot/models/hangout_chair/materials/textures\n'}
[1.790322] (two_wheeled_robot) StdoutLine: {'line': b'-- Up-to-date: /home/greyflon/lab_2025/install/two_wheeled_robot/share/two_wheeled_robot/models/hangout_chair/materials/textures/hangout_chair.png\n'}
[1.790424] (two_wheeled_robot) StdoutLine: {'line': b'-- Up-to-date: /home/greyflon/lab_2025/install/two_wheeled_robot/share/two_wheeled_robot/models/hangout_chair/model.sdf\n'}
[1.790536] (two_wheeled_robot) StdoutLine: {'line': b'-- Up-to-date: /home/greyflon/lab_2025/install/two_wheeled_robot/share/two_wheeled_robot/models/conference_table_small\n'}
[1.790642] (two_wheeled_robot) StdoutLine: {'line': b'-- Up-to-date: /home/greyflon/lab_2025/install/two_wheeled_robot/share/two_wheeled_robot/models/conference_table_small/model.config\n'}
[1.790790] (two_wheeled_robot) StdoutLine: {'line': b'-- Up-to-date: /home/greyflon/lab_2025/install/two_wheeled_robot/share/two_wheeled_robot/models/conference_table_small/meshes\n'}
[1.790889] (two_wheeled_robot) StdoutLine: {'line': b'-- Up-to-date: /home/greyflon/lab_2025/install/two_wheeled_robot/share/two_wheeled_robot/models/conference_table_small/meshes/conference_table_small.mtl\n'}
[1.790978] (two_wheeled_robot) StdoutLine: {'line': b'-- Up-to-date: /home/greyflon/lab_2025/install/two_wheeled_robot/share/two_wheeled_robot/models/conference_table_small/meshes/conference_table_small.obj\n'}
[1.791032] (two_wheeled_robot) StdoutLine: {'line': b'-- Up-to-date: /home/greyflon/lab_2025/install/two_wheeled_robot/share/two_wheeled_robot/models/conference_table_small/materials\n'}
[1.791107] (two_wheeled_robot) StdoutLine: {'line': b'-- Up-to-date: /home/greyflon/lab_2025/install/two_wheeled_robot/share/two_wheeled_robot/models/conference_table_small/materials/textures\n'}
[1.791212] (two_wheeled_robot) StdoutLine: {'line': b'-- Up-to-date: /home/greyflon/lab_2025/install/two_wheeled_robot/share/two_wheeled_robot/models/conference_table_small/materials/textures/conference_table.png\n'}
[1.791341] (two_wheeled_robot) StdoutLine: {'line': b'-- Up-to-date: /home/greyflon/lab_2025/install/two_wheeled_robot/share/two_wheeled_robot/models/conference_table_small/model.sdf\n'}
[1.791405] (two_wheeled_robot) StdoutLine: {'line': b'-- Up-to-date: /home/greyflon/lab_2025/install/two_wheeled_robot/share/two_wheeled_robot/models/mini_fridge\n'}
[1.791464] (two_wheeled_robot) StdoutLine: {'line': b'-- Up-to-date: /home/greyflon/lab_2025/install/two_wheeled_robot/share/two_wheeled_robot/models/mini_fridge/model.config\n'}
[1.791564] (two_wheeled_robot) StdoutLine: {'line': b'-- Up-to-date: /home/greyflon/lab_2025/install/two_wheeled_robot/share/two_wheeled_robot/models/mini_fridge/meshes\n'}
[1.791669] (two_wheeled_robot) StdoutLine: {'line': b'-- Up-to-date: /home/greyflon/lab_2025/install/two_wheeled_robot/share/two_wheeled_robot/models/mini_fridge/meshes/mini_fridge.obj\n'}
[1.791782] (two_wheeled_robot) StdoutLine: {'line': b'-- Up-to-date: /home/greyflon/lab_2025/install/two_wheeled_robot/share/two_wheeled_robot/models/mini_fridge/meshes/mini_fridge.mtl\n'}
[1.791840] (two_wheeled_robot) StdoutLine: {'line': b'-- Up-to-date: /home/greyflon/lab_2025/install/two_wheeled_robot/share/two_wheeled_robot/models/mini_fridge/materials\n'}
[1.791942] (two_wheeled_robot) StdoutLine: {'line': b'-- Up-to-date: /home/greyflon/lab_2025/install/two_wheeled_robot/share/two_wheeled_robot/models/mini_fridge/materials/textures\n'}
[1.792062] (two_wheeled_robot) StdoutLine: {'line': b'-- Up-to-date: /home/greyflon/lab_2025/install/two_wheeled_robot/share/two_wheeled_robot/models/mini_fridge/materials/textures/mini_fridge.png\n'}
[1.792167] (two_wheeled_robot) StdoutLine: {'line': b'-- Up-to-date: /home/greyflon/lab_2025/install/two_wheeled_robot/share/two_wheeled_robot/models/mini_fridge/model.sdf\n'}
[1.792272] (two_wheeled_robot) StdoutLine: {'line': b'-- Up-to-date: /home/greyflon/lab_2025/install/two_wheeled_robot/share/two_wheeled_robot/models/aws_robomaker_warehouse_Lamp_01\n'}
[1.792371] (two_wheeled_robot) StdoutLine: {'line': b'-- Up-to-date: /home/greyflon/lab_2025/install/two_wheeled_robot/share/two_wheeled_robot/models/aws_robomaker_warehouse_Lamp_01/model.config\n'}
[1.792477] (two_wheeled_robot) StdoutLine: {'line': b'-- Up-to-date: /home/greyflon/lab_2025/install/two_wheeled_robot/share/two_wheeled_robot/models/aws_robomaker_warehouse_Lamp_01/meshes\n'}
[1.792601] (two_wheeled_robot) StdoutLine: {'line': b'-- Up-to-date: /home/greyflon/lab_2025/install/two_wheeled_robot/share/two_wheeled_robot/models/aws_robomaker_warehouse_Lamp_01/meshes/aws_robomaker_warehouse_Lamp_01_visual.DAE\n'}
[1.792712] (two_wheeled_robot) StdoutLine: {'line': b'-- Up-to-date: /home/greyflon/lab_2025/install/two_wheeled_robot/share/two_wheeled_robot/models/aws_robomaker_warehouse_Lamp_01/meshes/aws_robomaker_warehouse_Lamp_01_collision.DAE\n'}
[1.792779] (two_wheeled_robot) StdoutLine: {'line': b'-- Up-to-date: /home/greyflon/lab_2025/install/two_wheeled_robot/share/two_wheeled_robot/models/aws_robomaker_warehouse_Lamp_01/materials\n'}
[1.792906] (two_wheeled_robot) StdoutLine: {'line': b'-- Up-to-date: /home/greyflon/lab_2025/install/two_wheeled_robot/share/two_wheeled_robot/models/aws_robomaker_warehouse_Lamp_01/materials/textures\n'}
[1.793117] (two_wheeled_robot) StdoutLine: {'line': b'-- Up-to-date: /home/greyflon/lab_2025/install/two_wheeled_robot/share/two_wheeled_robot/models/aws_robomaker_warehouse_Lamp_01/materials/textures/aws_robomaker_warehouse_Lamp_01.png\n'}
[1.793223] (two_wheeled_robot) StdoutLine: {'line': b'-- Up-to-date: /home/greyflon/lab_2025/install/two_wheeled_robot/share/two_wheeled_robot/models/aws_robomaker_warehouse_Lamp_01/model.sdf\n'}
[1.793327] (two_wheeled_robot) StdoutLine: {'line': b'-- Up-to-date: /home/greyflon/lab_2025/install/two_wheeled_robot/share/two_wheeled_robot/models/box_target_green\n'}
[1.793426] (two_wheeled_robot) StdoutLine: {'line': b'-- Up-to-date: /home/greyflon/lab_2025/install/two_wheeled_robot/share/two_wheeled_robot/models/box_target_green/model.config\n'}
[1.793533] (two_wheeled_robot) StdoutLine: {'line': b'-- Up-to-date: /home/greyflon/lab_2025/install/two_wheeled_robot/share/two_wheeled_robot/models/box_target_green/meshes\n'}
[1.793651] (two_wheeled_robot) StdoutLine: {'line': b'-- Up-to-date: /home/greyflon/lab_2025/install/two_wheeled_robot/share/two_wheeled_robot/models/box_target_green/meshes/mesh.dae\n'}
[1.793767] (two_wheeled_robot) StdoutLine: {'line': b'-- Up-to-date: /home/greyflon/lab_2025/install/two_wheeled_robot/share/two_wheeled_robot/models/box_target_green/materials\n'}
[1.793876] (two_wheeled_robot) StdoutLine: {'line': b'-- Up-to-date: /home/greyflon/lab_2025/install/two_wheeled_robot/share/two_wheeled_robot/models/box_target_green/materials/textures\n'}
[1.794080] (two_wheeled_robot) StdoutLine: {'line': b'-- Up-to-date: /home/greyflon/lab_2025/install/two_wheeled_robot/share/two_wheeled_robot/models/box_target_green/materials/textures/start_pad.png\n'}
[1.794199] (two_wheeled_robot) StdoutLine: {'line': b'-- Up-to-date: /home/greyflon/lab_2025/install/two_wheeled_robot/share/two_wheeled_robot/models/box_target_green/model.sdf\n'}
[1.794256] (two_wheeled_robot) StdoutLine: {'line': b'-- Up-to-date: /home/greyflon/lab_2025/install/two_wheeled_robot/share/two_wheeled_robot/models/aws_robomaker_hospital_hospitalsign_01\n'}
[1.794389] (two_wheeled_robot) StdoutLine: {'line': b'-- Up-to-date: /home/greyflon/lab_2025/install/two_wheeled_robot/share/two_wheeled_robot/models/aws_robomaker_hospital_hospitalsign_01/model.config\n'}
[1.794476] (two_wheeled_robot) StdoutLine: {'line': b'-- Up-to-date: /home/greyflon/lab_2025/install/two_wheeled_robot/share/two_wheeled_robot/models/aws_robomaker_hospital_hospitalsign_01/meshes\n'}
[1.794632] (two_wheeled_robot) StdoutLine: {'line': b'-- Up-to-date: /home/greyflon/lab_2025/install/two_wheeled_robot/share/two_wheeled_robot/models/aws_robomaker_hospital_hospitalsign_01/meshes/aws_robomaker_hospital_hospitalsign_01_visual.dae\n'}
[1.794745] (two_wheeled_robot) StdoutLine: {'line': b'-- Up-to-date: /home/greyflon/lab_2025/install/two_wheeled_robot/share/two_wheeled_robot/models/aws_robomaker_hospital_hospitalsign_01/meshes/aws_robomaker_hospital_hospitalsign_01_normal.png\n'}
[1.794871] (two_wheeled_robot) StdoutLine: {'line': b'-- Up-to-date: /home/greyflon/lab_2025/install/two_wheeled_robot/share/two_wheeled_robot/models/aws_robomaker_hospital_hospitalsign_01/meshes/aws_robomaker_hospital_hospitalsign_01.png\n'}
[1.794933] (two_wheeled_robot) StdoutLine: {'line': b'-- Up-to-date: /home/greyflon/lab_2025/install/two_wheeled_robot/share/two_wheeled_robot/models/aws_robomaker_hospital_hospitalsign_01/meshes/aws_robomaker_hospital_hospitalsign_01_collision.dae\n'}
[1.794991] (two_wheeled_robot) StdoutLine: {'line': b'-- Up-to-date: /home/greyflon/lab_2025/install/two_wheeled_robot/share/two_wheeled_robot/models/aws_robomaker_hospital_hospitalsign_01/model.sdf\n'}
[1.795093] (two_wheeled_robot) StdoutLine: {'line': b'-- Up-to-date: /home/greyflon/lab_2025/install/two_wheeled_robot/share/two_wheeled_robot/models/aws_robomaker_residential_ReadingDesk_01\n'}
[1.795198] (two_wheeled_robot) StdoutLine: {'line': b'-- Up-to-date: /home/greyflon/lab_2025/install/two_wheeled_robot/share/two_wheeled_robot/models/aws_robomaker_residential_ReadingDesk_01/model.config\n'}
[1.795305] (two_wheeled_robot) StdoutLine: {'line': b'-- Up-to-date: /home/greyflon/lab_2025/install/two_wheeled_robot/share/two_wheeled_robot/models/aws_robomaker_residential_ReadingDesk_01/meshes\n'}
[1.795431] (two_wheeled_robot) StdoutLine: {'line': b'-- Up-to-date: /home/greyflon/lab_2025/install/two_wheeled_robot/share/two_wheeled_robot/models/aws_robomaker_residential_ReadingDesk_01/meshes/aws_ReadingDesk_01_collision.DAE\n'}
[1.795489] (two_wheeled_robot) StdoutLine: {'line': b'-- Up-to-date: /home/greyflon/lab_2025/install/two_wheeled_robot/share/two_wheeled_robot/models/aws_robomaker_residential_ReadingDesk_01/meshes/aws_ReadingDesk_01_visual.DAE\n'}
[1.795542] (two_wheeled_robot) StdoutLine: {'line': b'-- Up-to-date: /home/greyflon/lab_2025/install/two_wheeled_robot/share/two_wheeled_robot/models/aws_robomaker_residential_ReadingDesk_01/materials\n'}
[1.795636] (two_wheeled_robot) StdoutLine: {'line': b'-- Up-to-date: /home/greyflon/lab_2025/install/two_wheeled_robot/share/two_wheeled_robot/models/aws_robomaker_residential_ReadingDesk_01/materials/textures\n'}
[1.795832] (two_wheeled_robot) StdoutLine: {'line': b'-- Up-to-date: /home/greyflon/lab_2025/install/two_wheeled_robot/share/two_wheeled_robot/models/aws_robomaker_residential_ReadingDesk_01/materials/textures/aws_ReadingDesk_01.png\n'}
[1.795956] (two_wheeled_robot) StdoutLine: {'line': b'-- Up-to-date: /home/greyflon/lab_2025/install/two_wheeled_robot/share/two_wheeled_robot/models/aws_robomaker_residential_ReadingDesk_01/model.sdf\n'}
[1.796011] (two_wheeled_robot) StdoutLine: {'line': b'-- Up-to-date: /home/greyflon/lab_2025/install/two_wheeled_robot/share/two_wheeled_robot/models/office_box\n'}
[1.796125] (two_wheeled_robot) StdoutLine: {'line': b'-- Up-to-date: /home/greyflon/lab_2025/install/two_wheeled_robot/share/two_wheeled_robot/models/office_box/model.config\n'}
[1.796229] (two_wheeled_robot) StdoutLine: {'line': b'-- Up-to-date: /home/greyflon/lab_2025/install/two_wheeled_robot/share/two_wheeled_robot/models/office_box/meshes\n'}
[1.796376] (two_wheeled_robot) StdoutLine: {'line': b'-- Up-to-date: /home/greyflon/lab_2025/install/two_wheeled_robot/share/two_wheeled_robot/models/office_box/meshes/office_box.dae\n'}
[1.796467] (two_wheeled_robot) StdoutLine: {'line': b'-- Up-to-date: /home/greyflon/lab_2025/install/two_wheeled_robot/share/two_wheeled_robot/models/office_box/materials\n'}
[1.796611] (two_wheeled_robot) StdoutLine: {'line': b'-- Up-to-date: /home/greyflon/lab_2025/install/two_wheeled_robot/share/two_wheeled_robot/models/office_box/materials/textures\n'}
[1.796836] (two_wheeled_robot) StdoutLine: {'line': b'-- Up-to-date: /home/greyflon/lab_2025/install/two_wheeled_robot/share/two_wheeled_robot/models/office_box/materials/textures/office_box.png\n'}
[1.796951] (two_wheeled_robot) StdoutLine: {'line': b'-- Up-to-date: /home/greyflon/lab_2025/install/two_wheeled_robot/share/two_wheeled_robot/models/office_box/model.sdf\n'}
[1.797015] (two_wheeled_robot) StdoutLine: {'line': b'-- Up-to-date: /home/greyflon/lab_2025/install/two_wheeled_robot/share/two_wheeled_robot/models/person_standing\n'}
[1.797124] (two_wheeled_robot) StdoutLine: {'line': b'-- Up-to-date: /home/greyflon/lab_2025/install/two_wheeled_robot/share/two_wheeled_robot/models/person_standing/model.config\n'}
[1.797228] (two_wheeled_robot) StdoutLine: {'line': b'-- Up-to-date: /home/greyflon/lab_2025/install/two_wheeled_robot/share/two_wheeled_robot/models/person_standing/meshes\n'}
[1.797366] (two_wheeled_robot) StdoutLine: {'line': b'-- Up-to-date: /home/greyflon/lab_2025/install/two_wheeled_robot/share/two_wheeled_robot/models/person_standing/meshes/standing.dae\n'}
[1.797484] (two_wheeled_robot) StdoutLine: {'line': b'-- Up-to-date: /home/greyflon/lab_2025/install/two_wheeled_robot/share/two_wheeled_robot/models/person_standing/materials\n'}
[1.797583] (two_wheeled_robot) StdoutLine: {'line': b'-- Up-to-date: /home/greyflon/lab_2025/install/two_wheeled_robot/share/two_wheeled_robot/models/person_standing/materials/textures\n'}
[1.797801] (two_wheeled_robot) StdoutLine: {'line': b'-- Up-to-date: /home/greyflon/lab_2025/install/two_wheeled_robot/share/two_wheeled_robot/models/person_standing/materials/textures/eyebrow001-unmodified.png\n'}
[1.797916] (two_wheeled_robot) StdoutLine: {'line': b'-- Up-to-date: /home/greyflon/lab_2025/install/two_wheeled_robot/share/two_wheeled_robot/models/person_standing/materials/textures/male02_diffuse_black-unmodified.png\n'}
[1.798005] (two_wheeled_robot) StdoutLine: {'line': b'-- Up-to-date: /home/greyflon/lab_2025/install/two_wheeled_robot/share/two_wheeled_robot/models/person_standing/materials/textures/green_eye.png\n'}
[1.798064] (two_wheeled_robot) StdoutLine: {'line': b'-- Up-to-date: /home/greyflon/lab_2025/install/two_wheeled_robot/share/two_wheeled_robot/models/person_standing/materials/textures/jeans_basic_diffuse.png\n'}
[1.798163] (two_wheeled_robot) StdoutLine: {'line': b'-- Up-to-date: /home/greyflon/lab_2025/install/two_wheeled_robot/share/two_wheeled_robot/models/person_standing/materials/textures/eyebrow001.png\n'}
[1.798320] (two_wheeled_robot) StdoutLine: {'line': b'-- Up-to-date: /home/greyflon/lab_2025/install/two_wheeled_robot/share/two_wheeled_robot/models/person_standing/materials/textures/tshirt02_normals.png\n'}
[1.798424] (two_wheeled_robot) StdoutLine: {'line': b'-- Up-to-date: /home/greyflon/lab_2025/install/two_wheeled_robot/share/two_wheeled_robot/models/person_standing/materials/textures/jeans01_normals.png\n'}
[1.798490] (two_wheeled_robot) StdoutLine: {'line': b'-- Up-to-date: /home/greyflon/lab_2025/install/two_wheeled_robot/share/two_wheeled_robot/models/person_standing/materials/textures/male02_diffuse_black.png\n'}
[1.798545] (two_wheeled_robot) StdoutLine: {'line': b'-- Up-to-date: /home/greyflon/lab_2025/install/two_wheeled_robot/share/two_wheeled_robot/models/person_standing/materials/textures/young_lightskinned_male_diffuse.png\n'}
[1.798598] (two_wheeled_robot) StdoutLine: {'line': b'-- Up-to-date: /home/greyflon/lab_2025/install/two_wheeled_robot/share/two_wheeled_robot/models/person_standing/materials/textures/teeth.png\n'}
[1.798656] (two_wheeled_robot) StdoutLine: {'line': b'-- Up-to-date: /home/greyflon/lab_2025/install/two_wheeled_robot/share/two_wheeled_robot/models/person_standing/materials/textures/tshirt02_texture.png\n'}
[1.798735] (two_wheeled_robot) StdoutLine: {'line': b'-- Up-to-date: /home/greyflon/lab_2025/install/two_wheeled_robot/share/two_wheeled_robot/models/person_standing/model.sdf\n'}
[1.798864] (two_wheeled_robot) StdoutLine: {'line': b'-- Up-to-date: /home/greyflon/lab_2025/install/two_wheeled_robot/share/two_wheeled_robot/models/marker11\n'}
[1.798919] (two_wheeled_robot) StdoutLine: {'line': b'-- Up-to-date: /home/greyflon/lab_2025/install/two_wheeled_robot/share/two_wheeled_robot/models/marker11/model.config~.xml\n'}
[1.798972] (two_wheeled_robot) StdoutLine: {'line': b'-- Up-to-date: /home/greyflon/lab_2025/install/two_wheeled_robot/share/two_wheeled_robot/models/marker11/model.sdf~\n'}
[1.799057] (two_wheeled_robot) StdoutLine: {'line': b'-- Up-to-date: /home/greyflon/lab_2025/install/two_wheeled_robot/share/two_wheeled_robot/models/marker11/model-1_4.sdf\n'}
[1.799116] (two_wheeled_robot) StdoutLine: {'line': b'-- Up-to-date: /home/greyflon/lab_2025/install/two_wheeled_robot/share/two_wheeled_robot/models/marker11/model.config\n'}
[1.799174] (two_wheeled_robot) StdoutLine: {'line': b'-- Up-to-date: /home/greyflon/lab_2025/install/two_wheeled_robot/share/two_wheeled_robot/models/marker11/meshes\n'}
[1.799233] (two_wheeled_robot) StdoutLine: {'line': b'-- Up-to-date: /home/greyflon/lab_2025/install/two_wheeled_robot/share/two_wheeled_robot/models/marker11/meshes/Marker0.dae\n'}
[1.799335] (two_wheeled_robot) StdoutLine: {'line': b'-- Up-to-date: /home/greyflon/lab_2025/install/two_wheeled_robot/share/two_wheeled_robot/models/marker11/materials\n'}
[1.799440] (two_wheeled_robot) StdoutLine: {'line': b'-- Up-to-date: /home/greyflon/lab_2025/install/two_wheeled_robot/share/two_wheeled_robot/models/marker11/materials/textures\n'}
[1.799548] (two_wheeled_robot) StdoutLine: {'line': b'-- Up-to-date: /home/greyflon/lab_2025/install/two_wheeled_robot/share/two_wheeled_robot/models/marker11/materials/textures/BKP_Marker0.png\n'}
[1.799606] (two_wheeled_robot) StdoutLine: {'line': b'-- Up-to-date: /home/greyflon/lab_2025/install/two_wheeled_robot/share/two_wheeled_robot/models/marker11/materials/textures/Marker0.png\n'}
[1.799729] (two_wheeled_robot) StdoutLine: {'line': b'-- Up-to-date: /home/greyflon/lab_2025/install/two_wheeled_robot/share/two_wheeled_robot/models/marker11/model.sdf\n'}
[1.799859] (two_wheeled_robot) StdoutLine: {'line': b'-- Up-to-date: /home/greyflon/lab_2025/install/two_wheeled_robot/share/two_wheeled_robot/models/marker11/model-1_5.sdf~\n'}
[1.799914] (two_wheeled_robot) StdoutLine: {'line': b'-- Up-to-date: /home/greyflon/lab_2025/install/two_wheeled_robot/share/two_wheeled_robot/models/marker11/model-1_5.sdf\n'}
[1.799966] (two_wheeled_robot) StdoutLine: {'line': b'-- Up-to-date: /home/greyflon/lab_2025/install/two_wheeled_robot/share/two_wheeled_robot/models/marker11/model-1_4.sdf~\n'}
[1.800026] (two_wheeled_robot) StdoutLine: {'line': b'-- Up-to-date: /home/greyflon/lab_2025/install/two_wheeled_robot/share/two_wheeled_robot/models/yellow_target\n'}
[1.800125] (two_wheeled_robot) StdoutLine: {'line': b'-- Up-to-date: /home/greyflon/lab_2025/install/two_wheeled_robot/share/two_wheeled_robot/models/yellow_target/model.config\n'}
[1.800242] (two_wheeled_robot) StdoutLine: {'line': b'-- Up-to-date: /home/greyflon/lab_2025/install/two_wheeled_robot/share/two_wheeled_robot/models/yellow_target/meshes\n'}
[1.800355] (two_wheeled_robot) StdoutLine: {'line': b'-- Up-to-date: /home/greyflon/lab_2025/install/two_wheeled_robot/share/two_wheeled_robot/models/yellow_target/meshes/yellow_target.dae\n'}
[1.800409] (two_wheeled_robot) StdoutLine: {'line': b'-- Up-to-date: /home/greyflon/lab_2025/install/two_wheeled_robot/share/two_wheeled_robot/models/yellow_target/model.sdf\n'}
[1.800511] (two_wheeled_robot) StdoutLine: {'line': b'-- Up-to-date: /home/greyflon/lab_2025/install/two_wheeled_robot/share/two_wheeled_robot/models/coffee_maker\n'}
[1.800572] (two_wheeled_robot) StdoutLine: {'line': b'-- Up-to-date: /home/greyflon/lab_2025/install/two_wheeled_robot/share/two_wheeled_robot/models/coffee_maker/model.config\n'}
[1.800657] (two_wheeled_robot) StdoutLine: {'line': b'-- Up-to-date: /home/greyflon/lab_2025/install/two_wheeled_robot/share/two_wheeled_robot/models/coffee_maker/meshes\n'}
[1.800788] (two_wheeled_robot) StdoutLine: {'line': b'-- Up-to-date: /home/greyflon/lab_2025/install/two_wheeled_robot/share/two_wheeled_robot/models/coffee_maker/meshes/coffee_maker.mtl\n'}
[1.800847] (two_wheeled_robot) StdoutLine: {'line': b'-- Up-to-date: /home/greyflon/lab_2025/install/two_wheeled_robot/share/two_wheeled_robot/models/coffee_maker/meshes/coffee_maker.obj\n'}
[1.800908] (two_wheeled_robot) StdoutLine: {'line': b'-- Up-to-date: /home/greyflon/lab_2025/install/two_wheeled_robot/share/two_wheeled_robot/models/coffee_maker/materials\n'}
[1.801014] (two_wheeled_robot) StdoutLine: {'line': b'-- Up-to-date: /home/greyflon/lab_2025/install/two_wheeled_robot/share/two_wheeled_robot/models/coffee_maker/materials/textures\n'}
[1.801101] (two_wheeled_robot) StdoutLine: {'line': b'-- Up-to-date: /home/greyflon/lab_2025/install/two_wheeled_robot/share/two_wheeled_robot/models/coffee_maker/materials/textures/coffee_maker.png\n'}
[1.801160] (two_wheeled_robot) StdoutLine: {'line': b'-- Up-to-date: /home/greyflon/lab_2025/install/two_wheeled_robot/share/two_wheeled_robot/models/coffee_maker/model.sdf\n'}
[1.801260] (two_wheeled_robot) StdoutLine: {'line': b'-- Up-to-date: /home/greyflon/lab_2025/install/two_wheeled_robot/share/two_wheeled_robot/models/two_wheeled_robot_description\n'}
[1.801367] (two_wheeled_robot) StdoutLine: {'line': b'-- Up-to-date: /home/greyflon/lab_2025/install/two_wheeled_robot/share/two_wheeled_robot/models/two_wheeled_robot_description/model.config\n'}
[1.801472] (two_wheeled_robot) StdoutLine: {'line': b'-- Up-to-date: /home/greyflon/lab_2025/install/two_wheeled_robot/share/two_wheeled_robot/models/two_wheeled_robot_description/meshes\n'}
[1.801565] (two_wheeled_robot) StdoutLine: {'line': b'-- Up-to-date: /home/greyflon/lab_2025/install/two_wheeled_robot/share/two_wheeled_robot/models/two_wheeled_robot_description/meshes/elbow.stl\n'}
[1.801667] (two_wheeled_robot) StdoutLine: {'line': b'-- Up-to-date: /home/greyflon/lab_2025/install/two_wheeled_robot/share/two_wheeled_robot/models/two_wheeled_robot_description/meshes/bicep.stl\n'}
[1.801800] (two_wheeled_robot) StdoutLine: {'line': b'-- Up-to-date: /home/greyflon/lab_2025/install/two_wheeled_robot/share/two_wheeled_robot/models/two_wheeled_robot_description/meshes/robot_base.stl\n'}
[1.801867] (two_wheeled_robot) StdoutLine: {'line': b'-- Up-to-date: /home/greyflon/lab_2025/install/two_wheeled_robot/share/two_wheeled_robot/models/two_wheeled_robot_description/meshes/wrist.stl\n'}
[1.801999] (two_wheeled_robot) StdoutLine: {'line': b'-- Up-to-date: /home/greyflon/lab_2025/install/two_wheeled_robot/share/two_wheeled_robot/models/two_wheeled_robot_description/meshes/wheel.stl\n'}
[1.802059] (two_wheeled_robot) StdoutLine: {'line': b'-- Up-to-date: /home/greyflon/lab_2025/install/two_wheeled_robot/share/two_wheeled_robot/models/two_wheeled_robot_description/meshes/arm_base.stl\n'}
[1.802119] (two_wheeled_robot) StdoutLine: {'line': b'-- Up-to-date: /home/greyflon/lab_2025/install/two_wheeled_robot/share/two_wheeled_robot/models/two_wheeled_robot_description/model.sdf\n'}
[1.802177] (two_wheeled_robot) StdoutLine: {'line': b'-- Up-to-date: /home/greyflon/lab_2025/install/two_wheeled_robot/share/two_wheeled_robot/models/grey_wall\n'}
[1.802276] (two_wheeled_robot) StdoutLine: {'line': b'-- Up-to-date: /home/greyflon/lab_2025/install/two_wheeled_robot/share/two_wheeled_robot/models/grey_wall/model-1_4.sdf\n'}
[1.802411] (two_wheeled_robot) StdoutLine: {'line': b'-- Up-to-date: /home/greyflon/lab_2025/install/two_wheeled_robot/share/two_wheeled_robot/models/grey_wall/model.config\n'}
[1.802472] (two_wheeled_robot) StdoutLine: {'line': b'-- Up-to-date: /home/greyflon/lab_2025/install/two_wheeled_robot/share/two_wheeled_robot/models/grey_wall/materials\n'}
[1.802532] (two_wheeled_robot) StdoutLine: {'line': b'-- Up-to-date: /home/greyflon/lab_2025/install/two_wheeled_robot/share/two_wheeled_robot/models/grey_wall/materials/scripts\n'}
[1.802638] (two_wheeled_robot) StdoutLine: {'line': b'-- Up-to-date: /home/greyflon/lab_2025/install/two_wheeled_robot/share/two_wheeled_robot/models/grey_wall/materials/scripts/grey_wall.material\n'}
[1.802692] (two_wheeled_robot) StdoutLine: {'line': b'-- Up-to-date: /home/greyflon/lab_2025/install/two_wheeled_robot/share/two_wheeled_robot/models/grey_wall/materials/textures\n'}
[1.802951] (two_wheeled_robot) StdoutLine: {'line': b'-- Up-to-date: /home/greyflon/lab_2025/install/two_wheeled_robot/share/two_wheeled_robot/models/grey_wall/materials/textures/grey_wall.png\n'}
[1.803012] (-) TimerEvent: {}
[1.803179] (two_wheeled_robot) StdoutLine: {'line': b'-- Up-to-date: /home/greyflon/lab_2025/install/two_wheeled_robot/share/two_wheeled_robot/models/grey_wall/model.sdf\n'}
[1.803245] (two_wheeled_robot) StdoutLine: {'line': b'-- Up-to-date: /home/greyflon/lab_2025/install/two_wheeled_robot/share/two_wheeled_robot/models/grey_wall/model-1_3.sdf\n'}
[1.803379] (two_wheeled_robot) StdoutLine: {'line': b'-- Up-to-date: /home/greyflon/lab_2025/install/two_wheeled_robot/share/two_wheeled_robot/models/iris_with_standoffs_demo\n'}
[1.803568] (two_wheeled_robot) StdoutLine: {'line': b'-- Up-to-date: /home/greyflon/lab_2025/install/two_wheeled_robot/share/two_wheeled_robot/models/iris_with_standoffs_demo/model.config\n'}
[1.803681] (two_wheeled_robot) StdoutLine: {'line': b'-- Up-to-date: /home/greyflon/lab_2025/install/two_wheeled_robot/share/two_wheeled_robot/models/iris_with_standoffs_demo/model.sdf\n'}
[1.803794] (two_wheeled_robot) StdoutLine: {'line': b'-- Up-to-date: /home/greyflon/lab_2025/install/two_wheeled_robot/share/two_wheeled_robot/models/office_table\n'}
[1.804106] (two_wheeled_robot) StdoutLine: {'line': b'-- Up-to-date: /home/greyflon/lab_2025/install/two_wheeled_robot/share/two_wheeled_robot/models/office_table/model.config\n'}
[1.804235] (two_wheeled_robot) StdoutLine: {'line': b'-- Up-to-date: /home/greyflon/lab_2025/install/two_wheeled_robot/share/two_wheeled_robot/models/office_table/meshes\n'}
[1.804514] (two_wheeled_robot) StdoutLine: {'line': b'-- Up-to-date: /home/greyflon/lab_2025/install/two_wheeled_robot/share/two_wheeled_robot/models/office_table/meshes/office_table.dae\n'}
[1.804642] (two_wheeled_robot) StdoutLine: {'line': b'-- Up-to-date: /home/greyflon/lab_2025/install/two_wheeled_robot/share/two_wheeled_robot/models/office_table/materials\n'}
[1.804888] (two_wheeled_robot) StdoutLine: {'line': b'-- Up-to-date: /home/greyflon/lab_2025/install/two_wheeled_robot/share/two_wheeled_robot/models/office_table/materials/textures\n'}
[1.805219] (two_wheeled_robot) StdoutLine: {'line': b'-- Up-to-date: /home/greyflon/lab_2025/install/two_wheeled_robot/share/two_wheeled_robot/models/office_table/materials/textures/office_table_diffuse.png\n'}
[1.805331] (two_wheeled_robot) StdoutLine: {'line': b'-- Up-to-date: /home/greyflon/lab_2025/install/two_wheeled_robot/share/two_wheeled_robot/models/office_table/materials/textures/office_table_specular.png\n'}
[1.805475] (two_wheeled_robot) StdoutLine: {'line': b'-- Up-to-date: /home/greyflon/lab_2025/install/two_wheeled_robot/share/two_wheeled_robot/models/office_table/model.sdf\n'}
[1.805609] (two_wheeled_robot) StdoutLine: {'line': b'-- Up-to-date: /home/greyflon/lab_2025/install/two_wheeled_robot/share/two_wheeled_robot/models/aws_robomaker_warehouse_ShelfE_01\n'}
[1.805885] (two_wheeled_robot) StdoutLine: {'line': b'-- Up-to-date: /home/greyflon/lab_2025/install/two_wheeled_robot/share/two_wheeled_robot/models/aws_robomaker_warehouse_ShelfE_01/model.config\n'}
[1.806009] (two_wheeled_robot) StdoutLine: {'line': b'-- Up-to-date: /home/greyflon/lab_2025/install/two_wheeled_robot/share/two_wheeled_robot/models/aws_robomaker_warehouse_ShelfE_01/meshes\n'}
[1.806298] (two_wheeled_robot) StdoutLine: {'line': b'-- Up-to-date: /home/greyflon/lab_2025/install/two_wheeled_robot/share/two_wheeled_robot/models/aws_robomaker_warehouse_ShelfE_01/meshes/aws_robomaker_warehouse_ShelfE_01_visual.DAE\n'}
[1.806430] (two_wheeled_robot) StdoutLine: {'line': b'-- Up-to-date: /home/greyflon/lab_2025/install/two_wheeled_robot/share/two_wheeled_robot/models/aws_robomaker_warehouse_ShelfE_01/meshes/aws_robomaker_warehouse_ShelfE_01_collision.DAE\n'}
[1.806525] (two_wheeled_robot) StdoutLine: {'line': b'-- Up-to-date: /home/greyflon/lab_2025/install/two_wheeled_robot/share/two_wheeled_robot/models/aws_robomaker_warehouse_ShelfE_01/materials\n'}
[1.806797] (two_wheeled_robot) StdoutLine: {'line': b'-- Up-to-date: /home/greyflon/lab_2025/install/two_wheeled_robot/share/two_wheeled_robot/models/aws_robomaker_warehouse_ShelfE_01/materials/textures\n'}
[1.807117] (two_wheeled_robot) StdoutLine: {'line': b'-- Up-to-date: /home/greyflon/lab_2025/install/two_wheeled_robot/share/two_wheeled_robot/models/aws_robomaker_warehouse_ShelfE_01/materials/textures/aws_robomaker_warehouse_ShelfE_04.png\n'}
[1.807247] (two_wheeled_robot) StdoutLine: {'line': b'-- Up-to-date: /home/greyflon/lab_2025/install/two_wheeled_robot/share/two_wheeled_robot/models/aws_robomaker_warehouse_ShelfE_01/materials/textures/aws_robomaker_warehouse_ShelfE_01.png\n'}
[1.807361] (two_wheeled_robot) StdoutLine: {'line': b'-- Up-to-date: /home/greyflon/lab_2025/install/two_wheeled_robot/share/two_wheeled_robot/models/aws_robomaker_warehouse_ShelfE_01/materials/textures/aws_robomaker_warehouse_ShelfE_02.png\n'}
[1.807486] (two_wheeled_robot) StdoutLine: {'line': b'-- Up-to-date: /home/greyflon/lab_2025/install/two_wheeled_robot/share/two_wheeled_robot/models/aws_robomaker_warehouse_ShelfE_01/materials/textures/aws_robomaker_warehouse_ShelfE_03.png\n'}
[1.807585] (two_wheeled_robot) StdoutLine: {'line': b'-- Up-to-date: /home/greyflon/lab_2025/install/two_wheeled_robot/share/two_wheeled_robot/models/aws_robomaker_warehouse_ShelfE_01/model.sdf\n'}
[1.807695] (two_wheeled_robot) StdoutLine: {'line': b'-- Up-to-date: /home/greyflon/lab_2025/install/two_wheeled_robot/share/two_wheeled_robot/models/aws_robomaker_residential_ShoeRack_01\n'}
[1.807995] (two_wheeled_robot) StdoutLine: {'line': b'-- Up-to-date: /home/greyflon/lab_2025/install/two_wheeled_robot/share/two_wheeled_robot/models/aws_robomaker_residential_ShoeRack_01/model.config\n'}
[1.808091] (two_wheeled_robot) StdoutLine: {'line': b'-- Up-to-date: /home/greyflon/lab_2025/install/two_wheeled_robot/share/two_wheeled_robot/models/aws_robomaker_residential_ShoeRack_01/meshes\n'}
[1.808398] (two_wheeled_robot) StdoutLine: {'line': b'-- Up-to-date: /home/greyflon/lab_2025/install/two_wheeled_robot/share/two_wheeled_robot/models/aws_robomaker_residential_ShoeRack_01/meshes/aws_ShoeRack_01_visual.DAE\n'}
[1.808532] (two_wheeled_robot) StdoutLine: {'line': b'-- Up-to-date: /home/greyflon/lab_2025/install/two_wheeled_robot/share/two_wheeled_robot/models/aws_robomaker_residential_ShoeRack_01/meshes/aws_ShoeRack_01_collision.DAE\n'}
[1.808634] (two_wheeled_robot) StdoutLine: {'line': b'-- Up-to-date: /home/greyflon/lab_2025/install/two_wheeled_robot/share/two_wheeled_robot/models/aws_robomaker_residential_ShoeRack_01/materials\n'}
[1.808911] (two_wheeled_robot) StdoutLine: {'line': b'-- Up-to-date: /home/greyflon/lab_2025/install/two_wheeled_robot/share/two_wheeled_robot/models/aws_robomaker_residential_ShoeRack_01/materials/textures\n'}
[1.809214] (two_wheeled_robot) StdoutLine: {'line': b'-- Up-to-date: /home/greyflon/lab_2025/install/two_wheeled_robot/share/two_wheeled_robot/models/aws_robomaker_residential_ShoeRack_01/materials/textures/aws_ShoeRack_01.png\n'}
[1.809325] (two_wheeled_robot) StdoutLine: {'line': b'-- Up-to-date: /home/greyflon/lab_2025/install/two_wheeled_robot/share/two_wheeled_robot/models/aws_robomaker_residential_ShoeRack_01/model.sdf\n'}
[1.809424] (two_wheeled_robot) StdoutLine: {'line': b'-- Up-to-date: /home/greyflon/lab_2025/install/two_wheeled_robot/share/two_wheeled_robot/models/aws_robomaker_residential_HouseWallB_01\n'}
[1.809730] (two_wheeled_robot) StdoutLine: {'line': b'-- Up-to-date: /home/greyflon/lab_2025/install/two_wheeled_robot/share/two_wheeled_robot/models/aws_robomaker_residential_HouseWallB_01/model.config\n'}
[1.809840] (two_wheeled_robot) StdoutLine: {'line': b'-- Up-to-date: /home/greyflon/lab_2025/install/two_wheeled_robot/share/two_wheeled_robot/models/aws_robomaker_residential_HouseWallB_01/meshes\n'}
[1.810127] (two_wheeled_robot) StdoutLine: {'line': b'-- Up-to-date: /home/greyflon/lab_2025/install/two_wheeled_robot/share/two_wheeled_robot/models/aws_robomaker_residential_HouseWallB_01/meshes/aws_HouseWallB_01_collision.DAE\n'}
[1.810255] (two_wheeled_robot) StdoutLine: {'line': b'-- Up-to-date: /home/greyflon/lab_2025/install/two_wheeled_robot/share/two_wheeled_robot/models/aws_robomaker_residential_HouseWallB_01/meshes/aws_HouseWallB_01_visual.DAE\n'}
[1.810365] (two_wheeled_robot) StdoutLine: {'line': b'-- Up-to-date: /home/greyflon/lab_2025/install/two_wheeled_robot/share/two_wheeled_robot/models/aws_robomaker_residential_HouseWallB_01/materials\n'}
[1.810546] (two_wheeled_robot) StdoutLine: {'line': b'-- Up-to-date: /home/greyflon/lab_2025/install/two_wheeled_robot/share/two_wheeled_robot/models/aws_robomaker_residential_HouseWallB_01/materials/textures\n'}
[1.810792] (two_wheeled_robot) StdoutLine: {'line': b'-- Up-to-date: /home/greyflon/lab_2025/install/two_wheeled_robot/share/two_wheeled_robot/models/aws_robomaker_residential_HouseWallB_01/materials/textures/aws_HouseWallB_01.png\n'}
[1.810893] (two_wheeled_robot) StdoutLine: {'line': b'-- Up-to-date: /home/greyflon/lab_2025/install/two_wheeled_robot/share/two_wheeled_robot/models/aws_robomaker_residential_HouseWallB_01/model.sdf\n'}
[1.810988] (two_wheeled_robot) StdoutLine: {'line': b'-- Up-to-date: /home/greyflon/lab_2025/install/two_wheeled_robot/share/two_wheeled_robot/models/ElderMalePatient\n'}
[1.811145] (two_wheeled_robot) StdoutLine: {'line': b'-- Up-to-date: /home/greyflon/lab_2025/install/two_wheeled_robot/share/two_wheeled_robot/models/ElderMalePatient/model.config\n'}
[1.811241] (two_wheeled_robot) StdoutLine: {'line': b'-- Up-to-date: /home/greyflon/lab_2025/install/two_wheeled_robot/share/two_wheeled_robot/models/ElderMalePatient/meshes\n'}
[1.811413] (two_wheeled_robot) StdoutLine: {'line': b'-- Up-to-date: /home/greyflon/lab_2025/install/two_wheeled_robot/share/two_wheeled_robot/models/ElderMalePatient/meshes/Carts_Wheels_Diffuse.png\n'}
[1.811525] (two_wheeled_robot) StdoutLine: {'line': b'-- Up-to-date: /home/greyflon/lab_2025/install/two_wheeled_robot/share/two_wheeled_robot/models/ElderMalePatient/meshes/ElderMalePatient.obj\n'}
[1.811590] (two_wheeled_robot) StdoutLine: {'line': b'-- Up-to-date: /home/greyflon/lab_2025/install/two_wheeled_robot/share/two_wheeled_robot/models/ElderMalePatient/meshes/ElderMale_color1.jpg\n'}
[1.811688] (two_wheeled_robot) StdoutLine: {'line': b'-- Up-to-date: /home/greyflon/lab_2025/install/two_wheeled_robot/share/two_wheeled_robot/models/ElderMalePatient/meshes/ElderMalePatient.mtl\n'}
[1.811814] (two_wheeled_robot) StdoutLine: {'line': b'-- Up-to-date: /home/greyflon/lab_2025/install/two_wheeled_robot/share/two_wheeled_robot/models/ElderMalePatient/meshes/towel1.jpg\n'}
[1.811926] (two_wheeled_robot) StdoutLine: {'line': b'-- Up-to-date: /home/greyflon/lab_2025/install/two_wheeled_robot/share/two_wheeled_robot/models/ElderMalePatient/meshes/CGMVanguard_Diffuse.png\n'}
[1.812027] (two_wheeled_robot) StdoutLine: {'line': b'-- Up-to-date: /home/greyflon/lab_2025/install/two_wheeled_robot/share/two_wheeled_robot/models/ElderMalePatient/thumbnails\n'}
[1.812119] (two_wheeled_robot) StdoutLine: {'line': b'-- Up-to-date: /home/greyflon/lab_2025/install/two_wheeled_robot/share/two_wheeled_robot/models/ElderMalePatient/thumbnails/5.png\n'}
[1.812179] (two_wheeled_robot) StdoutLine: {'line': b'-- Up-to-date: /home/greyflon/lab_2025/install/two_wheeled_robot/share/two_wheeled_robot/models/ElderMalePatient/thumbnails/1.png\n'}
[1.812240] (two_wheeled_robot) StdoutLine: {'line': b'-- Up-to-date: /home/greyflon/lab_2025/install/two_wheeled_robot/share/two_wheeled_robot/models/ElderMalePatient/thumbnails/2.png\n'}
[1.812351] (two_wheeled_robot) StdoutLine: {'line': b'-- Up-to-date: /home/greyflon/lab_2025/install/two_wheeled_robot/share/two_wheeled_robot/models/ElderMalePatient/thumbnails/4.png\n'}
[1.812459] (two_wheeled_robot) StdoutLine: {'line': b'-- Up-to-date: /home/greyflon/lab_2025/install/two_wheeled_robot/share/two_wheeled_robot/models/ElderMalePatient/thumbnails/3.png\n'}
[1.812513] (two_wheeled_robot) StdoutLine: {'line': b'-- Up-to-date: /home/greyflon/lab_2025/install/two_wheeled_robot/share/two_wheeled_robot/models/ElderMalePatient/model.sdf\n'}
[1.812574] (two_wheeled_robot) StdoutLine: {'line': b'-- Up-to-date: /home/greyflon/lab_2025/install/two_wheeled_robot/share/two_wheeled_robot/models/StorageRack\n'}
[1.812634] (two_wheeled_robot) StdoutLine: {'line': b'-- Up-to-date: /home/greyflon/lab_2025/install/two_wheeled_robot/share/two_wheeled_robot/models/StorageRack/model.config\n'}
[1.812694] (two_wheeled_robot) StdoutLine: {'line': b'-- Up-to-date: /home/greyflon/lab_2025/install/two_wheeled_robot/share/two_wheeled_robot/models/StorageRack/meshes\n'}
[1.812808] (two_wheeled_robot) StdoutLine: {'line': b'-- Up-to-date: /home/greyflon/lab_2025/install/two_wheeled_robot/share/two_wheeled_robot/models/StorageRack/meshes/StorageRack.obj\n'}
[1.812937] (two_wheeled_robot) StdoutLine: {'line': b'-- Up-to-date: /home/greyflon/lab_2025/install/two_wheeled_robot/share/two_wheeled_robot/models/StorageRack/meshes/StorageRack.mtl\n'}
[1.813004] (two_wheeled_robot) StdoutLine: {'line': b'-- Up-to-date: /home/greyflon/lab_2025/install/two_wheeled_robot/share/two_wheeled_robot/models/StorageRack/meshes/StorageRack.png\n'}
[1.813064] (two_wheeled_robot) StdoutLine: {'line': b'-- Up-to-date: /home/greyflon/lab_2025/install/two_wheeled_robot/share/two_wheeled_robot/models/StorageRack/thumbnails\n'}
[1.813178] (two_wheeled_robot) StdoutLine: {'line': b'-- Up-to-date: /home/greyflon/lab_2025/install/two_wheeled_robot/share/two_wheeled_robot/models/StorageRack/thumbnails/5.png\n'}
[1.813236] (two_wheeled_robot) StdoutLine: {'line': b'-- Up-to-date: /home/greyflon/lab_2025/install/two_wheeled_robot/share/two_wheeled_robot/models/StorageRack/thumbnails/1.png\n'}
[1.813296] (two_wheeled_robot) StdoutLine: {'line': b'-- Up-to-date: /home/greyflon/lab_2025/install/two_wheeled_robot/share/two_wheeled_robot/models/StorageRack/thumbnails/2.png\n'}
[1.813356] (two_wheeled_robot) StdoutLine: {'line': b'-- Up-to-date: /home/greyflon/lab_2025/install/two_wheeled_robot/share/two_wheeled_robot/models/StorageRack/thumbnails/4.png\n'}
[1.813416] (two_wheeled_robot) StdoutLine: {'line': b'-- Up-to-date: /home/greyflon/lab_2025/install/two_wheeled_robot/share/two_wheeled_robot/models/StorageRack/thumbnails/3.png\n'}
[1.813490] (two_wheeled_robot) StdoutLine: {'line': b'-- Up-to-date: /home/greyflon/lab_2025/install/two_wheeled_robot/share/two_wheeled_robot/models/StorageRack/model.sdf\n'}
[1.813551] (two_wheeled_robot) StdoutLine: {'line': b'-- Up-to-date: /home/greyflon/lab_2025/install/two_wheeled_robot/share/two_wheeled_robot/models/cubicle_island\n'}
[1.813651] (two_wheeled_robot) StdoutLine: {'line': b'-- Up-to-date: /home/greyflon/lab_2025/install/two_wheeled_robot/share/two_wheeled_robot/models/cubicle_island/model.config\n'}
[1.813809] (two_wheeled_robot) StdoutLine: {'line': b'-- Up-to-date: /home/greyflon/lab_2025/install/two_wheeled_robot/share/two_wheeled_robot/models/cubicle_island/meshes\n'}
[1.813875] (two_wheeled_robot) StdoutLine: {'line': b'-- Up-to-date: /home/greyflon/lab_2025/install/two_wheeled_robot/share/two_wheeled_robot/models/cubicle_island/meshes/cubicle_island.obj\n'}
[1.813983] (two_wheeled_robot) StdoutLine: {'line': b'-- Up-to-date: /home/greyflon/lab_2025/install/two_wheeled_robot/share/two_wheeled_robot/models/cubicle_island/meshes/cubicle_island.mtl\n'}
[1.814044] (two_wheeled_robot) StdoutLine: {'line': b'-- Up-to-date: /home/greyflon/lab_2025/install/two_wheeled_robot/share/two_wheeled_robot/models/cubicle_island/materials\n'}
[1.814139] (two_wheeled_robot) StdoutLine: {'line': b'-- Up-to-date: /home/greyflon/lab_2025/install/two_wheeled_robot/share/two_wheeled_robot/models/cubicle_island/materials/textures\n'}
[1.814201] (two_wheeled_robot) StdoutLine: {'line': b'-- Up-to-date: /home/greyflon/lab_2025/install/two_wheeled_robot/share/two_wheeled_robot/models/cubicle_island/materials/textures/cubicle_island.png\n'}
[1.814261] (two_wheeled_robot) StdoutLine: {'line': b'-- Up-to-date: /home/greyflon/lab_2025/install/two_wheeled_robot/share/two_wheeled_robot/models/cubicle_island/materials/textures/cubicle_1.png\n'}
[1.814321] (two_wheeled_robot) StdoutLine: {'line': b'-- Up-to-date: /home/greyflon/lab_2025/install/two_wheeled_robot/share/two_wheeled_robot/models/cubicle_island/model.sdf\n'}
[1.814381] (two_wheeled_robot) StdoutLine: {'line': b'-- Up-to-date: /home/greyflon/lab_2025/install/two_wheeled_robot/share/two_wheeled_robot/models/cubicle_wall\n'}
[1.814441] (two_wheeled_robot) StdoutLine: {'line': b'-- Up-to-date: /home/greyflon/lab_2025/install/two_wheeled_robot/share/two_wheeled_robot/models/cubicle_wall/model.config\n'}
[1.814501] (two_wheeled_robot) StdoutLine: {'line': b'-- Up-to-date: /home/greyflon/lab_2025/install/two_wheeled_robot/share/two_wheeled_robot/models/cubicle_wall/meshes\n'}
[1.814562] (two_wheeled_robot) StdoutLine: {'line': b'-- Up-to-date: /home/greyflon/lab_2025/install/two_wheeled_robot/share/two_wheeled_robot/models/cubicle_wall/meshes/cubicle_corner.obj\n'}
[1.814661] (two_wheeled_robot) StdoutLine: {'line': b'-- Up-to-date: /home/greyflon/lab_2025/install/two_wheeled_robot/share/two_wheeled_robot/models/cubicle_wall/meshes/cubicle_open.obj\n'}
[1.814819] (two_wheeled_robot) StdoutLine: {'line': b'-- Up-to-date: /home/greyflon/lab_2025/install/two_wheeled_robot/share/two_wheeled_robot/models/cubicle_wall/meshes/cubicle_wall.mtl\n'}
[1.814890] (two_wheeled_robot) StdoutLine: {'line': b'-- Up-to-date: /home/greyflon/lab_2025/install/two_wheeled_robot/share/two_wheeled_robot/models/cubicle_wall/meshes/cubicle_wall.obj\n'}
[1.814950] (two_wheeled_robot) StdoutLine: {'line': b'-- Up-to-date: /home/greyflon/lab_2025/install/two_wheeled_robot/share/two_wheeled_robot/models/cubicle_wall/meshes/cubicle_closed.obj\n'}
[1.815069] (two_wheeled_robot) StdoutLine: {'line': b'-- Up-to-date: /home/greyflon/lab_2025/install/two_wheeled_robot/share/two_wheeled_robot/models/cubicle_wall/materials\n'}
[1.815123] (two_wheeled_robot) StdoutLine: {'line': b'-- Up-to-date: /home/greyflon/lab_2025/install/two_wheeled_robot/share/two_wheeled_robot/models/cubicle_wall/materials/textures\n'}
[1.815190] (two_wheeled_robot) StdoutLine: {'line': b'-- Up-to-date: /home/greyflon/lab_2025/install/two_wheeled_robot/share/two_wheeled_robot/models/cubicle_wall/materials/textures/cubicle_wall.png\n'}
[1.815250] (two_wheeled_robot) StdoutLine: {'line': b'-- Up-to-date: /home/greyflon/lab_2025/install/two_wheeled_robot/share/two_wheeled_robot/models/cubicle_wall/model.sdf\n'}
[1.815310] (two_wheeled_robot) StdoutLine: {'line': b'-- Up-to-date: /home/greyflon/lab_2025/install/two_wheeled_robot/share/two_wheeled_robot/models/cubicle_corner\n'}
[1.815370] (two_wheeled_robot) StdoutLine: {'line': b'-- Up-to-date: /home/greyflon/lab_2025/install/two_wheeled_robot/share/two_wheeled_robot/models/cubicle_corner/model.config\n'}
[1.815430] (two_wheeled_robot) StdoutLine: {'line': b'-- Up-to-date: /home/greyflon/lab_2025/install/two_wheeled_robot/share/two_wheeled_robot/models/cubicle_corner/meshes\n'}
[1.815489] (two_wheeled_robot) StdoutLine: {'line': b'-- Up-to-date: /home/greyflon/lab_2025/install/two_wheeled_robot/share/two_wheeled_robot/models/cubicle_corner/meshes/cubicle_corner.obj\n'}
[1.815548] (two_wheeled_robot) StdoutLine: {'line': b'-- Up-to-date: /home/greyflon/lab_2025/install/two_wheeled_robot/share/two_wheeled_robot/models/cubicle_corner/meshes/cubicle_corner.mtl\n'}
[1.815608] (two_wheeled_robot) StdoutLine: {'line': b'-- Up-to-date: /home/greyflon/lab_2025/install/two_wheeled_robot/share/two_wheeled_robot/models/cubicle_corner/materials\n'}
[1.815760] (two_wheeled_robot) StdoutLine: {'line': b'-- Up-to-date: /home/greyflon/lab_2025/install/two_wheeled_robot/share/two_wheeled_robot/models/cubicle_corner/materials/textures\n'}
[1.815824] (two_wheeled_robot) StdoutLine: {'line': b'-- Up-to-date: /home/greyflon/lab_2025/install/two_wheeled_robot/share/two_wheeled_robot/models/cubicle_corner/materials/textures/cubicle_corner.png\n'}
[1.815884] (two_wheeled_robot) StdoutLine: {'line': b'-- Up-to-date: /home/greyflon/lab_2025/install/two_wheeled_robot/share/two_wheeled_robot/models/cubicle_corner/model.sdf\n'}
[1.815943] (two_wheeled_robot) StdoutLine: {'line': b'-- Up-to-date: /home/greyflon/lab_2025/install/two_wheeled_robot/share/two_wheeled_robot/models/aws_robomaker_hospital_elevator_01_door\n'}
[1.816002] (two_wheeled_robot) StdoutLine: {'line': b'-- Up-to-date: /home/greyflon/lab_2025/install/two_wheeled_robot/share/two_wheeled_robot/models/aws_robomaker_hospital_elevator_01_door/model.config\n'}
[1.816062] (two_wheeled_robot) StdoutLine: {'line': b'-- Up-to-date: /home/greyflon/lab_2025/install/two_wheeled_robot/share/two_wheeled_robot/models/aws_robomaker_hospital_elevator_01_door/meshes\n'}
[1.816199] (two_wheeled_robot) StdoutLine: {'line': b'-- Up-to-date: /home/greyflon/lab_2025/install/two_wheeled_robot/share/two_wheeled_robot/models/aws_robomaker_hospital_elevator_01_door/meshes/aws_robomaker_hospital_elevator_01_door_collision.dae\n'}
[1.816265] (two_wheeled_robot) StdoutLine: {'line': b'-- Up-to-date: /home/greyflon/lab_2025/install/two_wheeled_robot/share/two_wheeled_robot/models/aws_robomaker_hospital_elevator_01_door/meshes/aws_robomaker_hospital_elevator_01_visual_normal.png\n'}
[1.816325] (two_wheeled_robot) StdoutLine: {'line': b'-- Up-to-date: /home/greyflon/lab_2025/install/two_wheeled_robot/share/two_wheeled_robot/models/aws_robomaker_hospital_elevator_01_door/meshes/aws_robomaker_hospital_elevator_01_door_low.dae\n'}
[1.816384] (two_wheeled_robot) StdoutLine: {'line': b'-- Up-to-date: /home/greyflon/lab_2025/install/two_wheeled_robot/share/two_wheeled_robot/models/aws_robomaker_hospital_elevator_01_door/meshes/aws_robomaker_hospital_elevator_01_door_visual.dae\n'}
[1.816444] (two_wheeled_robot) StdoutLine: {'line': b'-- Up-to-date: /home/greyflon/lab_2025/install/two_wheeled_robot/share/two_wheeled_robot/models/aws_robomaker_hospital_elevator_01_door/meshes/aws_robomaker_hospital_elevator_01_low.png\n'}
[1.816504] (two_wheeled_robot) StdoutLine: {'line': b'-- Up-to-date: /home/greyflon/lab_2025/install/two_wheeled_robot/share/two_wheeled_robot/models/aws_robomaker_hospital_elevator_01_door/meshes/aws_robomaker_hospital_elevator_01_low_normal.png\n'}
[1.816564] (two_wheeled_robot) StdoutLine: {'line': b'-- Up-to-date: /home/greyflon/lab_2025/install/two_wheeled_robot/share/two_wheeled_robot/models/aws_robomaker_hospital_elevator_01_door/meshes/aws_robomaker_hospital_elevator_01_visual.png\n'}
[1.816624] (two_wheeled_robot) StdoutLine: {'line': b'-- Up-to-date: /home/greyflon/lab_2025/install/two_wheeled_robot/share/two_wheeled_robot/models/aws_robomaker_hospital_elevator_01_door/model.sdf\n'}
[1.816684] (two_wheeled_robot) StdoutLine: {'line': b'-- Up-to-date: /home/greyflon/lab_2025/install/two_wheeled_robot/share/two_wheeled_robot/models/IVStand\n'}
[1.816758] (two_wheeled_robot) StdoutLine: {'line': b'-- Up-to-date: /home/greyflon/lab_2025/install/two_wheeled_robot/share/two_wheeled_robot/models/IVStand/model.config\n'}
[1.816860] (two_wheeled_robot) StdoutLine: {'line': b'-- Up-to-date: /home/greyflon/lab_2025/install/two_wheeled_robot/share/two_wheeled_robot/models/IVStand/meshes\n'}
[1.817032] (two_wheeled_robot) StdoutLine: {'line': b'-- Up-to-date: /home/greyflon/lab_2025/install/two_wheeled_robot/share/two_wheeled_robot/models/IVStand/meshes/IVStand_Diffuse.png\n'}
[1.817102] (two_wheeled_robot) StdoutLine: {'line': b'-- Up-to-date: /home/greyflon/lab_2025/install/two_wheeled_robot/share/two_wheeled_robot/models/IVStand/meshes/Carts_Wheels_Diffuse.png\n'}
[1.817156] (two_wheeled_robot) StdoutLine: {'line': b'-- Up-to-date: /home/greyflon/lab_2025/install/two_wheeled_robot/share/two_wheeled_robot/models/IVStand/meshes/IVStand.obj\n'}
[1.817274] (two_wheeled_robot) StdoutLine: {'line': b'-- Up-to-date: /home/greyflon/lab_2025/install/two_wheeled_robot/share/two_wheeled_robot/models/IVStand/meshes/IVStand.mtl\n'}
[1.817329] (two_wheeled_robot) StdoutLine: {'line': b'-- Up-to-date: /home/greyflon/lab_2025/install/two_wheeled_robot/share/two_wheeled_robot/models/IVStand/thumbnails\n'}
[1.817381] (two_wheeled_robot) StdoutLine: {'line': b'-- Up-to-date: /home/greyflon/lab_2025/install/two_wheeled_robot/share/two_wheeled_robot/models/IVStand/thumbnails/5.png\n'}
[1.817437] (two_wheeled_robot) StdoutLine: {'line': b'-- Up-to-date: /home/greyflon/lab_2025/install/two_wheeled_robot/share/two_wheeled_robot/models/IVStand/thumbnails/1.png\n'}
[1.817539] (two_wheeled_robot) StdoutLine: {'line': b'-- Up-to-date: /home/greyflon/lab_2025/install/two_wheeled_robot/share/two_wheeled_robot/models/IVStand/thumbnails/2.png\n'}
[1.817594] (two_wheeled_robot) StdoutLine: {'line': b'-- Up-to-date: /home/greyflon/lab_2025/install/two_wheeled_robot/share/two_wheeled_robot/models/IVStand/thumbnails/4.png\n'}
[1.817650] (two_wheeled_robot) StdoutLine: {'line': b'-- Up-to-date: /home/greyflon/lab_2025/install/two_wheeled_robot/share/two_wheeled_robot/models/IVStand/thumbnails/3.png\n'}
[1.817720] (two_wheeled_robot) StdoutLine: {'line': b'-- Up-to-date: /home/greyflon/lab_2025/install/two_wheeled_robot/share/two_wheeled_robot/models/IVStand/model.sdf\n'}
[1.817787] (two_wheeled_robot) StdoutLine: {'line': b'-- Up-to-date: /home/greyflon/lab_2025/install/two_wheeled_robot/share/two_wheeled_robot/models/small_box\n'}
[1.817847] (two_wheeled_robot) StdoutLine: {'line': b'-- Up-to-date: /home/greyflon/lab_2025/install/two_wheeled_robot/share/two_wheeled_robot/models/small_box/model.config\n'}
[1.817907] (two_wheeled_robot) StdoutLine: {'line': b'-- Up-to-date: /home/greyflon/lab_2025/install/two_wheeled_robot/share/two_wheeled_robot/models/small_box/meshes\n'}
[1.817966] (two_wheeled_robot) StdoutLine: {'line': b'-- Up-to-date: /home/greyflon/lab_2025/install/two_wheeled_robot/share/two_wheeled_robot/models/small_box/meshes/small_box.dae\n'}
[1.818026] (two_wheeled_robot) StdoutLine: {'line': b'-- Up-to-date: /home/greyflon/lab_2025/install/two_wheeled_robot/share/two_wheeled_robot/models/small_box/materials\n'}
[1.818126] (two_wheeled_robot) StdoutLine: {'line': b'-- Up-to-date: /home/greyflon/lab_2025/install/two_wheeled_robot/share/two_wheeled_robot/models/small_box/materials/textures\n'}
[1.818241] (two_wheeled_robot) StdoutLine: {'line': b'-- Up-to-date: /home/greyflon/lab_2025/install/two_wheeled_robot/share/two_wheeled_robot/models/small_box/materials/textures/Kraft_Tile.jpg\n'}
[1.818304] (two_wheeled_robot) StdoutLine: {'line': b'-- Up-to-date: /home/greyflon/lab_2025/install/two_wheeled_robot/share/two_wheeled_robot/models/small_box/materials/textures/S-3878BX_Side1.jpg\n'}
[1.818364] (two_wheeled_robot) StdoutLine: {'line': b'-- Up-to-date: /home/greyflon/lab_2025/install/two_wheeled_robot/share/two_wheeled_robot/models/small_box/materials/textures/S-3878BX_Front.jpg\n'}
[1.818424] (two_wheeled_robot) StdoutLine: {'line': b'-- Up-to-date: /home/greyflon/lab_2025/install/two_wheeled_robot/share/two_wheeled_robot/models/small_box/materials/textures/S-3878BX_Side2.jpg\n'}
[1.818483] (two_wheeled_robot) StdoutLine: {'line': b'-- Up-to-date: /home/greyflon/lab_2025/install/two_wheeled_robot/share/two_wheeled_robot/models/small_box/materials/textures/S-3878BX_Back.jpg\n'}
[1.818543] (two_wheeled_robot) StdoutLine: {'line': b'-- Up-to-date: /home/greyflon/lab_2025/install/two_wheeled_robot/share/two_wheeled_robot/models/small_box/model.sdf\n'}
[1.818603] (two_wheeled_robot) StdoutLine: {'line': b'-- Up-to-date: /home/greyflon/lab_2025/install/two_wheeled_robot/share/two_wheeled_robot/models/gimbal_small_2d\n'}
[1.818709] (two_wheeled_robot) StdoutLine: {'line': b'-- Up-to-date: /home/greyflon/lab_2025/install/two_wheeled_robot/share/two_wheeled_robot/models/gimbal_small_2d/model.config\n'}
[1.818821] (two_wheeled_robot) StdoutLine: {'line': b'-- Up-to-date: /home/greyflon/lab_2025/install/two_wheeled_robot/share/two_wheeled_robot/models/gimbal_small_2d/meshes\n'}
[1.818882] (two_wheeled_robot) StdoutLine: {'line': b'-- Up-to-date: /home/greyflon/lab_2025/install/two_wheeled_robot/share/two_wheeled_robot/models/gimbal_small_2d/meshes/base_arm.dae\n'}
[1.818943] (two_wheeled_robot) StdoutLine: {'line': b'-- Up-to-date: /home/greyflon/lab_2025/install/two_wheeled_robot/share/two_wheeled_robot/models/gimbal_small_2d/meshes/tilt.dae\n'}
[1.819003] (two_wheeled_robot) StdoutLine: {'line': b'-- Up-to-date: /home/greyflon/lab_2025/install/two_wheeled_robot/share/two_wheeled_robot/models/gimbal_small_2d/meshes/base_main.dae\n'}
[1.819063] (two_wheeled_robot) StdoutLine: {'line': b'-- Up-to-date: /home/greyflon/lab_2025/install/two_wheeled_robot/share/two_wheeled_robot/models/gimbal_small_2d/model.sdf\n'}
[1.819124] (two_wheeled_robot) StdoutLine: {'line': b'-- Up-to-date: /home/greyflon/lab_2025/install/two_wheeled_robot/share/two_wheeled_robot/models/aws_robomaker_hospital_floor_02_floor\n'}
[1.819225] (two_wheeled_robot) StdoutLine: {'line': b'-- Up-to-date: /home/greyflon/lab_2025/install/two_wheeled_robot/share/two_wheeled_robot/models/aws_robomaker_hospital_floor_02_floor/model.config\n'}
[1.819372] (two_wheeled_robot) StdoutLine: {'line': b'-- Up-to-date: /home/greyflon/lab_2025/install/two_wheeled_robot/share/two_wheeled_robot/models/aws_robomaker_hospital_floor_02_floor/meshes\n'}
[1.819434] (two_wheeled_robot) StdoutLine: {'line': b'-- Up-to-date: /home/greyflon/lab_2025/install/two_wheeled_robot/share/two_wheeled_robot/models/aws_robomaker_hospital_floor_02_floor/meshes/aws_robomaker_hospital_floor_02_floor_collision.dae\n'}
[1.819501] (two_wheeled_robot) StdoutLine: {'line': b'-- Up-to-date: /home/greyflon/lab_2025/install/two_wheeled_robot/share/two_wheeled_robot/models/aws_robomaker_hospital_floor_02_floor/meshes/aws_robomaker_hospital_floor_02_floor_visual.dae\n'}
[1.819562] (two_wheeled_robot) StdoutLine: {'line': b'-- Up-to-date: /home/greyflon/lab_2025/install/two_wheeled_robot/share/two_wheeled_robot/models/aws_robomaker_hospital_floor_02_floor/meshes/aws_robomaker_hospital_floor_02_floor_normal.png\n'}
[1.819623] (two_wheeled_robot) StdoutLine: {'line': b'-- Up-to-date: /home/greyflon/lab_2025/install/two_wheeled_robot/share/two_wheeled_robot/models/aws_robomaker_hospital_floor_02_floor/meshes/aws_robomaker_hospital_floor_02_floor.png\n'}
[1.819684] (two_wheeled_robot) StdoutLine: {'line': b'-- Up-to-date: /home/greyflon/lab_2025/install/two_wheeled_robot/share/two_wheeled_robot/models/aws_robomaker_hospital_floor_02_floor/model.sdf\n'}
[1.819759] (two_wheeled_robot) StdoutLine: {'line': b'-- Up-to-date: /home/greyflon/lab_2025/install/two_wheeled_robot/share/two_wheeled_robot/models/robonaut\n'}
[1.819863] (two_wheeled_robot) StdoutLine: {'line': b'-- Up-to-date: /home/greyflon/lab_2025/install/two_wheeled_robot/share/two_wheeled_robot/models/robonaut/model-1_4.sdf\n'}
[1.819998] (two_wheeled_robot) StdoutLine: {'line': b'-- Up-to-date: /home/greyflon/lab_2025/install/two_wheeled_robot/share/two_wheeled_robot/models/robonaut/model.config\n'}
[1.820088] (two_wheeled_robot) StdoutLine: {'line': b'-- Up-to-date: /home/greyflon/lab_2025/install/two_wheeled_robot/share/two_wheeled_robot/models/robonaut/meshes\n'}
[1.820149] (two_wheeled_robot) StdoutLine: {'line': b'-- Up-to-date: /home/greyflon/lab_2025/install/two_wheeled_robot/share/two_wheeled_robot/models/robonaut/meshes/Backpack.dae\n'}
[1.820217] (two_wheeled_robot) StdoutLine: {'line': b'-- Up-to-date: /home/greyflon/lab_2025/install/two_wheeled_robot/share/two_wheeled_robot/models/robonaut/meshes/Head.dae\n'}
[1.820278] (two_wheeled_robot) StdoutLine: {'line': b'-- Up-to-date: /home/greyflon/lab_2025/install/two_wheeled_robot/share/two_wheeled_robot/models/robonaut/meshes/Neck_Lower.dae\n'}
[1.820407] (two_wheeled_robot) StdoutLine: {'line': b'-- Up-to-date: /home/greyflon/lab_2025/install/two_wheeled_robot/share/two_wheeled_robot/models/robonaut/meshes/Left_Palm.dae\n'}
[1.820508] (two_wheeled_robot) StdoutLine: {'line': b'-- Up-to-date: /home/greyflon/lab_2025/install/two_wheeled_robot/share/two_wheeled_robot/models/robonaut/meshes/Left_Shoulder_Lower.dae\n'}
[1.820568] (two_wheeled_robot) StdoutLine: {'line': b'-- Up-to-date: /home/greyflon/lab_2025/install/two_wheeled_robot/share/two_wheeled_robot/models/robonaut/meshes/Transforms.txt\n'}
[1.820627] (two_wheeled_robot) StdoutLine: {'line': b'-- Up-to-date: /home/greyflon/lab_2025/install/two_wheeled_robot/share/two_wheeled_robot/models/robonaut/meshes/Right_Elbow.dae\n'}
[1.820687] (two_wheeled_robot) StdoutLine: {'line': b'-- Up-to-date: /home/greyflon/lab_2025/install/two_wheeled_robot/share/two_wheeled_robot/models/robonaut/meshes/Finger_Proximal.dae\n'}
[1.820760] (two_wheeled_robot) StdoutLine: {'line': b'-- Up-to-date: /home/greyflon/lab_2025/install/two_wheeled_robot/share/two_wheeled_robot/models/robonaut/meshes/Right_Palm.dae\n'}
[1.820823] (two_wheeled_robot) StdoutLine: {'line': b'-- Up-to-date: /home/greyflon/lab_2025/install/two_wheeled_robot/share/two_wheeled_robot/models/robonaut/meshes/Stanchion_Baseplate.dae\n'}
[1.820883] (two_wheeled_robot) StdoutLine: {'line': b'-- Up-to-date: /home/greyflon/lab_2025/install/two_wheeled_robot/share/two_wheeled_robot/models/robonaut/meshes/Neck_Upper.dae\n'}
[1.820942] (two_wheeled_robot) StdoutLine: {'line': b'-- Up-to-date: /home/greyflon/lab_2025/install/two_wheeled_robot/share/two_wheeled_robot/models/robonaut/meshes/Stanchion.dae\n'}
[1.821002] (two_wheeled_robot) StdoutLine: {'line': b'-- Up-to-date: /home/greyflon/lab_2025/install/two_wheeled_robot/share/two_wheeled_robot/models/robonaut/meshes/Left_Shoulder_Upper.dae\n'}
[1.821061] (two_wheeled_robot) StdoutLine: {'line': b'-- Up-to-date: /home/greyflon/lab_2025/install/two_wheeled_robot/share/two_wheeled_robot/models/robonaut/meshes/Body.dae\n'}
[1.821121] (two_wheeled_robot) StdoutLine: {'line': b'-- Up-to-date: /home/greyflon/lab_2025/install/two_wheeled_robot/share/two_wheeled_robot/models/robonaut/meshes/Finger_Mid.dae\n'}
[1.821220] (two_wheeled_robot) StdoutLine: {'line': b'-- Up-to-date: /home/greyflon/lab_2025/install/two_wheeled_robot/share/two_wheeled_robot/models/robonaut/meshes/Thumb_Proximal.dae\n'}
[1.821371] (two_wheeled_robot) StdoutLine: {'line': b'-- Up-to-date: /home/greyflon/lab_2025/install/two_wheeled_robot/share/two_wheeled_robot/models/robonaut/meshes/Right_Shoulder_Lower.dae\n'}
[1.821431] (two_wheeled_robot) StdoutLine: {'line': b'-- Up-to-date: /home/greyflon/lab_2025/install/two_wheeled_robot/share/two_wheeled_robot/models/robonaut/meshes/Right_Forearm.dae\n'}
[1.821505] (two_wheeled_robot) StdoutLine: {'line': b'-- Up-to-date: /home/greyflon/lab_2025/install/two_wheeled_robot/share/two_wheeled_robot/models/robonaut/meshes/Left_Forearm.dae\n'}
[1.821565] (two_wheeled_robot) StdoutLine: {'line': b'-- Up-to-date: /home/greyflon/lab_2025/install/two_wheeled_robot/share/two_wheeled_robot/models/robonaut/meshes/Thumb_Dist.dae\n'}
[1.821625] (two_wheeled_robot) StdoutLine: {'line': b'-- Up-to-date: /home/greyflon/lab_2025/install/two_wheeled_robot/share/two_wheeled_robot/models/robonaut/meshes/Body_Cover.dae\n'}
[1.821685] (two_wheeled_robot) StdoutLine: {'line': b'-- Up-to-date: /home/greyflon/lab_2025/install/two_wheeled_robot/share/two_wheeled_robot/models/robonaut/meshes/Right_Upper_Arm.dae\n'}
[1.821827] (two_wheeled_robot) StdoutLine: {'line': b'-- Up-to-date: /home/greyflon/lab_2025/install/two_wheeled_robot/share/two_wheeled_robot/models/robonaut/meshes/Left_Thumb_Carp.dae\n'}
[1.821891] (two_wheeled_robot) StdoutLine: {'line': b'-- Up-to-date: /home/greyflon/lab_2025/install/two_wheeled_robot/share/two_wheeled_robot/models/robonaut/meshes/Left_Upper_Arm.dae\n'}
[1.821951] (two_wheeled_robot) StdoutLine: {'line': b'-- Up-to-date: /home/greyflon/lab_2025/install/two_wheeled_robot/share/two_wheeled_robot/models/robonaut/meshes/Right_Shoulder_Upper.dae\n'}
[1.822010] (two_wheeled_robot) StdoutLine: {'line': b'-- Up-to-date: /home/greyflon/lab_2025/install/two_wheeled_robot/share/two_wheeled_robot/models/robonaut/meshes/Left_Thumb_MtCar.dae\n'}
[1.822136] (two_wheeled_robot) StdoutLine: {'line': b'-- Up-to-date: /home/greyflon/lab_2025/install/two_wheeled_robot/share/two_wheeled_robot/models/robonaut/meshes/Left_Elbow.dae\n'}
[1.822197] (two_wheeled_robot) StdoutLine: {'line': b'-- Up-to-date: /home/greyflon/lab_2025/install/two_wheeled_robot/share/two_wheeled_robot/models/robonaut/meshes/Right_Thumb_MtCar.dae\n'}
[1.822257] (two_wheeled_robot) StdoutLine: {'line': b'-- Up-to-date: /home/greyflon/lab_2025/install/two_wheeled_robot/share/two_wheeled_robot/models/robonaut/meshes/Finger_Dist.dae\n'}
[1.822316] (two_wheeled_robot) StdoutLine: {'line': b'-- Up-to-date: /home/greyflon/lab_2025/install/two_wheeled_robot/share/two_wheeled_robot/models/robonaut/materials\n'}
[1.822376] (two_wheeled_robot) StdoutLine: {'line': b'-- Up-to-date: /home/greyflon/lab_2025/install/two_wheeled_robot/share/two_wheeled_robot/models/robonaut/materials/textures\n'}
[1.822435] (two_wheeled_robot) StdoutLine: {'line': b'-- Up-to-date: /home/greyflon/lab_2025/install/two_wheeled_robot/share/two_wheeled_robot/models/robonaut/materials/textures/R2_Stanchion_12_Col_256.png\n'}
[1.822542] (two_wheeled_robot) StdoutLine: {'line': b'-- Up-to-date: /home/greyflon/lab_2025/install/two_wheeled_robot/share/two_wheeled_robot/models/robonaut/materials/textures/gold_texture_old.png\n'}
[1.822606] (two_wheeled_robot) StdoutLine: {'line': b'-- Up-to-date: /home/greyflon/lab_2025/install/two_wheeled_robot/share/two_wheeled_robot/models/robonaut/materials/textures/gold.png\n'}
[1.822665] (two_wheeled_robot) StdoutLine: {'line': b'-- Up-to-date: /home/greyflon/lab_2025/install/two_wheeled_robot/share/two_wheeled_robot/models/robonaut/materials/textures/R2_backpack.png\n'}
[1.822738] (two_wheeled_robot) StdoutLine: {'line': b'-- Up-to-date: /home/greyflon/lab_2025/install/two_wheeled_robot/share/two_wheeled_robot/models/robonaut/materials/textures/R2_Stanchion_4_Col_256.png\n'}
[1.822802] (two_wheeled_robot) StdoutLine: {'line': b'-- Up-to-date: /home/greyflon/lab_2025/install/two_wheeled_robot/share/two_wheeled_robot/models/robonaut/materials/textures/R2_Body_Cover.png\n'}
[1.822863] (two_wheeled_robot) StdoutLine: {'line': b'-- Up-to-date: /home/greyflon/lab_2025/install/two_wheeled_robot/share/two_wheeled_robot/models/robonaut/materials/textures/StanchionDovetail.png\n'}
[1.822923] (two_wheeled_robot) StdoutLine: {'line': b'-- Up-to-date: /home/greyflon/lab_2025/install/two_wheeled_robot/share/two_wheeled_robot/models/robonaut/materials/textures/StanchionBaseplate.png\n'}
[1.822982] (two_wheeled_robot) StdoutLine: {'line': b'-- Up-to-date: /home/greyflon/lab_2025/install/two_wheeled_robot/share/two_wheeled_robot/models/robonaut/materials/textures/helmet_front.png\n'}
[1.823042] (two_wheeled_robot) StdoutLine: {'line': b'-- Up-to-date: /home/greyflon/lab_2025/install/two_wheeled_robot/share/two_wheeled_robot/models/robonaut/materials/textures/BrushedMetalGray.png\n'}
[1.823101] (two_wheeled_robot) StdoutLine: {'line': b'-- Up-to-date: /home/greyflon/lab_2025/install/two_wheeled_robot/share/two_wheeled_robot/models/robonaut/materials/textures/R2_Stanchion_Cover_2_Col_256.png\n'}
[1.823161] (two_wheeled_robot) StdoutLine: {'line': b'-- Up-to-date: /home/greyflon/lab_2025/install/two_wheeled_robot/share/two_wheeled_robot/models/robonaut/materials/textures/visor.png\n'}
[1.823221] (two_wheeled_robot) StdoutLine: {'line': b'-- Up-to-date: /home/greyflon/lab_2025/install/two_wheeled_robot/share/two_wheeled_robot/models/robonaut/materials/textures/R2_Stanchion_7_Col_256.png\n'}
[1.823281] (two_wheeled_robot) StdoutLine: {'line': b'-- Up-to-date: /home/greyflon/lab_2025/install/two_wheeled_robot/share/two_wheeled_robot/models/robonaut/materials/textures/R2_Stanchion_5_Col_256.png\n'}
[1.823406] (two_wheeled_robot) StdoutLine: {'line': b'-- Up-to-date: /home/greyflon/lab_2025/install/two_wheeled_robot/share/two_wheeled_robot/models/robonaut/materials/textures/R2_Leg.png\n'}
[1.823472] (two_wheeled_robot) StdoutLine: {'line': b'-- Up-to-date: /home/greyflon/lab_2025/install/two_wheeled_robot/share/two_wheeled_robot/models/robonaut/materials/textures/light_shield.png\n'}
[1.823630] (two_wheeled_robot) StdoutLine: {'line': b'-- Up-to-date: /home/greyflon/lab_2025/install/two_wheeled_robot/share/two_wheeled_robot/models/robonaut/materials/textures/R2_Stanchion_8_Col_256.png\n'}
[1.823692] (two_wheeled_robot) StdoutLine: {'line': b'-- Up-to-date: /home/greyflon/lab_2025/install/two_wheeled_robot/share/two_wheeled_robot/models/robonaut/materials/textures/gold_texture.png\n'}
[1.823800] (two_wheeled_robot) StdoutLine: {'line': b'-- Up-to-date: /home/greyflon/lab_2025/install/two_wheeled_robot/share/two_wheeled_robot/models/robonaut/materials/textures/R2_Stanchion_Cover_4_Col_256.png\n'}
[1.823862] (two_wheeled_robot) StdoutLine: {'line': b'-- Up-to-date: /home/greyflon/lab_2025/install/two_wheeled_robot/share/two_wheeled_robot/models/robonaut/materials/textures/R2_Stanchion_6_Col_256.png\n'}
[1.823985] (two_wheeled_robot) StdoutLine: {'line': b'-- Up-to-date: /home/greyflon/lab_2025/install/two_wheeled_robot/share/two_wheeled_robot/models/robonaut/materials/textures/R2_Stanchion_10_Col_256.png\n'}
[1.824064] (two_wheeled_robot) StdoutLine: {'line': b'-- Up-to-date: /home/greyflon/lab_2025/install/two_wheeled_robot/share/two_wheeled_robot/models/robonaut/materials/textures/notexture.png\n'}
[1.824126] (two_wheeled_robot) StdoutLine: {'line': b'-- Up-to-date: /home/greyflon/lab_2025/install/two_wheeled_robot/share/two_wheeled_robot/models/robonaut/materials/textures/R2_Stanchion_3_Col_256.png\n'}
[1.824185] (two_wheeled_robot) StdoutLine: {'line': b'-- Up-to-date: /home/greyflon/lab_2025/install/two_wheeled_robot/share/two_wheeled_robot/models/robonaut/materials/textures/R2_Arm.png\n'}
[1.824244] (two_wheeled_robot) StdoutLine: {'line': b'-- Up-to-date: /home/greyflon/lab_2025/install/two_wheeled_robot/share/two_wheeled_robot/models/robonaut/materials/textures/jaws.png\n'}
[1.824304] (two_wheeled_robot) StdoutLine: {'line': b'-- Up-to-date: /home/greyflon/lab_2025/install/two_wheeled_robot/share/two_wheeled_robot/models/robonaut/materials/textures/R2_Stanchion_9_Col_256.png\n'}
[1.824363] (two_wheeled_robot) StdoutLine: {'line': b'-- Up-to-date: /home/greyflon/lab_2025/install/two_wheeled_robot/share/two_wheeled_robot/models/robonaut/materials/textures/R2_Stanchion_Col_512_Proj.png\n'}
[1.824424] (two_wheeled_robot) StdoutLine: {'line': b'-- Up-to-date: /home/greyflon/lab_2025/install/two_wheeled_robot/share/two_wheeled_robot/models/robonaut/materials/textures/Left_PalmSnap00.png\n'}
[1.824566] (two_wheeled_robot) StdoutLine: {'line': b'-- Up-to-date: /home/greyflon/lab_2025/install/two_wheeled_robot/share/two_wheeled_robot/models/robonaut/materials/textures/R2_Stanchion_11_Col_256.png\n'}
[1.824624] (two_wheeled_robot) StdoutLine: {'line': b'-- Up-to-date: /home/greyflon/lab_2025/install/two_wheeled_robot/share/two_wheeled_robot/models/robonaut/materials/textures/R2_Stanchion_Cover_1_Col_256.png\n'}
[1.824676] (two_wheeled_robot) StdoutLine: {'line': b'-- Up-to-date: /home/greyflon/lab_2025/install/two_wheeled_robot/share/two_wheeled_robot/models/robonaut/materials/textures/helmet_back.png\n'}
[1.824750] (two_wheeled_robot) StdoutLine: {'line': b'-- Up-to-date: /home/greyflon/lab_2025/install/two_wheeled_robot/share/two_wheeled_robot/models/robonaut/materials/textures/R2_Stanchion_Cover_3_Col_256.png\n'}
[1.824813] (two_wheeled_robot) StdoutLine: {'line': b'-- Up-to-date: /home/greyflon/lab_2025/install/two_wheeled_robot/share/two_wheeled_robot/models/robonaut/materials/textures/StanchionKnob.png\n'}
[1.824873] (two_wheeled_robot) StdoutLine: {'line': b'-- Up-to-date: /home/greyflon/lab_2025/install/two_wheeled_robot/share/two_wheeled_robot/models/robonaut/materials/textures/R2_Stanchion_2_Col_256.png\n'}
[1.824934] (two_wheeled_robot) StdoutLine: {'line': b'-- Up-to-date: /home/greyflon/lab_2025/install/two_wheeled_robot/share/two_wheeled_robot/models/robonaut/model.sdf\n'}
[1.824993] (two_wheeled_robot) StdoutLine: {'line': b'-- Up-to-date: /home/greyflon/lab_2025/install/two_wheeled_robot/share/two_wheeled_robot/models/aws_robomaker_residential_RoomWindow_01\n'}
[1.825106] (two_wheeled_robot) StdoutLine: {'line': b'-- Up-to-date: /home/greyflon/lab_2025/install/two_wheeled_robot/share/two_wheeled_robot/models/aws_robomaker_residential_RoomWindow_01/model.config\n'}
[1.825159] (two_wheeled_robot) StdoutLine: {'line': b'-- Up-to-date: /home/greyflon/lab_2025/install/two_wheeled_robot/share/two_wheeled_robot/models/aws_robomaker_residential_RoomWindow_01/meshes\n'}
[1.825259] (two_wheeled_robot) StdoutLine: {'line': b'-- Up-to-date: /home/greyflon/lab_2025/install/two_wheeled_robot/share/two_wheeled_robot/models/aws_robomaker_residential_RoomWindow_01/meshes/aws_RoomWindow_01_visual.DAE\n'}
[1.825320] (two_wheeled_robot) StdoutLine: {'line': b'-- Up-to-date: /home/greyflon/lab_2025/install/two_wheeled_robot/share/two_wheeled_robot/models/aws_robomaker_residential_RoomWindow_01/meshes/aws_RoomWindow_01_collision.DAE\n'}
[1.825380] (two_wheeled_robot) StdoutLine: {'line': b'-- Up-to-date: /home/greyflon/lab_2025/install/two_wheeled_robot/share/two_wheeled_robot/models/aws_robomaker_residential_RoomWindow_01/materials\n'}
[1.825440] (two_wheeled_robot) StdoutLine: {'line': b'-- Up-to-date: /home/greyflon/lab_2025/install/two_wheeled_robot/share/two_wheeled_robot/models/aws_robomaker_residential_RoomWindow_01/materials/textures\n'}
[1.825546] (two_wheeled_robot) StdoutLine: {'line': b'-- Up-to-date: /home/greyflon/lab_2025/install/two_wheeled_robot/share/two_wheeled_robot/models/aws_robomaker_residential_RoomWindow_01/materials/textures/aws_RoomWindow_01.png\n'}
[1.825601] (two_wheeled_robot) StdoutLine: {'line': b'-- Up-to-date: /home/greyflon/lab_2025/install/two_wheeled_robot/share/two_wheeled_robot/models/aws_robomaker_residential_RoomWindow_01/model.sdf\n'}
[1.825654] (two_wheeled_robot) StdoutLine: {'line': b'-- Up-to-date: /home/greyflon/lab_2025/install/two_wheeled_robot/share/two_wheeled_robot/models/warehouse_pallet\n'}
[1.825766] (two_wheeled_robot) StdoutLine: {'line': b'-- Up-to-date: /home/greyflon/lab_2025/install/two_wheeled_robot/share/two_wheeled_robot/models/warehouse_pallet/model.config\n'}
[1.825833] (two_wheeled_robot) StdoutLine: {'line': b'-- Up-to-date: /home/greyflon/lab_2025/install/two_wheeled_robot/share/two_wheeled_robot/models/warehouse_pallet/model.sdf\n'}
[1.825893] (two_wheeled_robot) StdoutLine: {'line': b'-- Up-to-date: /home/greyflon/lab_2025/install/two_wheeled_robot/share/two_wheeled_robot/models/aws_robomaker_residential_SeasoningBox_01\n'}
[1.826007] (two_wheeled_robot) StdoutLine: {'line': b'-- Up-to-date: /home/greyflon/lab_2025/install/two_wheeled_robot/share/two_wheeled_robot/models/aws_robomaker_residential_SeasoningBox_01/model.config\n'}
[1.826062] (two_wheeled_robot) StdoutLine: {'line': b'-- Up-to-date: /home/greyflon/lab_2025/install/two_wheeled_robot/share/two_wheeled_robot/models/aws_robomaker_residential_SeasoningBox_01/meshes\n'}
[1.826116] (two_wheeled_robot) StdoutLine: {'line': b'-- Up-to-date: /home/greyflon/lab_2025/install/two_wheeled_robot/share/two_wheeled_robot/models/aws_robomaker_residential_SeasoningBox_01/meshes/aws_SeasoningBox_01_collision.DAE\n'}
[1.826177] (two_wheeled_robot) StdoutLine: {'line': b'-- Up-to-date: /home/greyflon/lab_2025/install/two_wheeled_robot/share/two_wheeled_robot/models/aws_robomaker_residential_SeasoningBox_01/meshes/aws_SeasoningBox_01_visual.DAE\n'}
[1.826238] (two_wheeled_robot) StdoutLine: {'line': b'-- Up-to-date: /home/greyflon/lab_2025/install/two_wheeled_robot/share/two_wheeled_robot/models/aws_robomaker_residential_SeasoningBox_01/materials\n'}
[1.826298] (two_wheeled_robot) StdoutLine: {'line': b'-- Up-to-date: /home/greyflon/lab_2025/install/two_wheeled_robot/share/two_wheeled_robot/models/aws_robomaker_residential_SeasoningBox_01/materials/textures\n'}
[1.826363] (two_wheeled_robot) StdoutLine: {'line': b'-- Up-to-date: /home/greyflon/lab_2025/install/two_wheeled_robot/share/two_wheeled_robot/models/aws_robomaker_residential_SeasoningBox_01/materials/textures/aws_SeasoningBox_01.png\n'}
[1.826485] (two_wheeled_robot) StdoutLine: {'line': b'-- Up-to-date: /home/greyflon/lab_2025/install/two_wheeled_robot/share/two_wheeled_robot/models/aws_robomaker_residential_SeasoningBox_01/model.sdf\n'}
[1.826548] (two_wheeled_robot) StdoutLine: {'line': b'-- Up-to-date: /home/greyflon/lab_2025/install/two_wheeled_robot/share/two_wheeled_robot/models/aws_robomaker_residential_DeskPortraitA_01\n'}
[1.826609] (two_wheeled_robot) StdoutLine: {'line': b'-- Up-to-date: /home/greyflon/lab_2025/install/two_wheeled_robot/share/two_wheeled_robot/models/aws_robomaker_residential_DeskPortraitA_01/model.config\n'}
[1.826670] (two_wheeled_robot) StdoutLine: {'line': b'-- Up-to-date: /home/greyflon/lab_2025/install/two_wheeled_robot/share/two_wheeled_robot/models/aws_robomaker_residential_DeskPortraitA_01/meshes\n'}
[1.826743] (two_wheeled_robot) StdoutLine: {'line': b'-- Up-to-date: /home/greyflon/lab_2025/install/two_wheeled_robot/share/two_wheeled_robot/models/aws_robomaker_residential_DeskPortraitA_01/meshes/aws_DeskPortraitA_01_visual.DAE\n'}
[1.826807] (two_wheeled_robot) StdoutLine: {'line': b'-- Up-to-date: /home/greyflon/lab_2025/install/two_wheeled_robot/share/two_wheeled_robot/models/aws_robomaker_residential_DeskPortraitA_01/meshes/aws_DeskPortraitA_01_collision.DAE\n'}
[1.826868] (two_wheeled_robot) StdoutLine: {'line': b'-- Up-to-date: /home/greyflon/lab_2025/install/two_wheeled_robot/share/two_wheeled_robot/models/aws_robomaker_residential_DeskPortraitA_01/materials\n'}
[1.826930] (two_wheeled_robot) StdoutLine: {'line': b'-- Up-to-date: /home/greyflon/lab_2025/install/two_wheeled_robot/share/two_wheeled_robot/models/aws_robomaker_residential_DeskPortraitA_01/materials/textures\n'}
[1.826991] (two_wheeled_robot) StdoutLine: {'line': b'-- Up-to-date: /home/greyflon/lab_2025/install/two_wheeled_robot/share/two_wheeled_robot/models/aws_robomaker_residential_DeskPortraitA_01/materials/textures/aws_DeskPortraitA_01.png\n'}
[1.827053] (two_wheeled_robot) StdoutLine: {'line': b'-- Up-to-date: /home/greyflon/lab_2025/install/two_wheeled_robot/share/two_wheeled_robot/models/aws_robomaker_residential_DeskPortraitA_01/materials/textures/DeskPortraitA_01.jpg\n'}
[1.827114] (two_wheeled_robot) StdoutLine: {'line': b'-- Up-to-date: /home/greyflon/lab_2025/install/two_wheeled_robot/share/two_wheeled_robot/models/aws_robomaker_residential_DeskPortraitA_01/materials/textures/aws_DeskPortraitA_02.png\n'}
[1.827175] (two_wheeled_robot) StdoutLine: {'line': b'-- Up-to-date: /home/greyflon/lab_2025/install/two_wheeled_robot/share/two_wheeled_robot/models/aws_robomaker_residential_DeskPortraitA_01/model.sdf\n'}
[1.827236] (two_wheeled_robot) StdoutLine: {'line': b'-- Up-to-date: /home/greyflon/lab_2025/install/two_wheeled_robot/share/two_wheeled_robot/models/house_2\n'}
[1.827338] (two_wheeled_robot) StdoutLine: {'line': b'-- Up-to-date: /home/greyflon/lab_2025/install/two_wheeled_robot/share/two_wheeled_robot/models/house_2/model-1_4.sdf\n'}
[1.827485] (two_wheeled_robot) StdoutLine: {'line': b'-- Up-to-date: /home/greyflon/lab_2025/install/two_wheeled_robot/share/two_wheeled_robot/models/house_2/model.config\n'}
[1.827553] (two_wheeled_robot) StdoutLine: {'line': b'-- Up-to-date: /home/greyflon/lab_2025/install/two_wheeled_robot/share/two_wheeled_robot/models/house_2/meshes\n'}
[1.827615] (two_wheeled_robot) StdoutLine: {'line': b'-- Up-to-date: /home/greyflon/lab_2025/install/two_wheeled_robot/share/two_wheeled_robot/models/house_2/meshes/house_2.dae\n'}
[1.827677] (two_wheeled_robot) StdoutLine: {'line': b'-- Up-to-date: /home/greyflon/lab_2025/install/two_wheeled_robot/share/two_wheeled_robot/models/house_2/materials\n'}
[1.827751] (two_wheeled_robot) StdoutLine: {'line': b'-- Up-to-date: /home/greyflon/lab_2025/install/two_wheeled_robot/share/two_wheeled_robot/models/house_2/materials/scripts\n'}
[1.827815] (two_wheeled_robot) StdoutLine: {'line': b'-- Up-to-date: /home/greyflon/lab_2025/install/two_wheeled_robot/share/two_wheeled_robot/models/house_2/materials/scripts/house_2.material\n'}
[1.827930] (two_wheeled_robot) StdoutLine: {'line': b'-- Up-to-date: /home/greyflon/lab_2025/install/two_wheeled_robot/share/two_wheeled_robot/models/house_2/materials/textures\n'}
[1.828055] (two_wheeled_robot) StdoutLine: {'line': b'-- Up-to-date: /home/greyflon/lab_2025/install/two_wheeled_robot/share/two_wheeled_robot/models/house_2/materials/textures/House_2_Diffuse.png\n'}
[1.828119] (two_wheeled_robot) StdoutLine: {'line': b'-- Up-to-date: /home/greyflon/lab_2025/install/two_wheeled_robot/share/two_wheeled_robot/models/house_2/model.sdf\n'}
[1.828180] (two_wheeled_robot) StdoutLine: {'line': b'-- Up-to-date: /home/greyflon/lab_2025/install/two_wheeled_robot/share/two_wheeled_robot/models/house_2/model-1_3.sdf\n'}
[1.828242] (two_wheeled_robot) StdoutLine: {'line': b'-- Up-to-date: /home/greyflon/lab_2025/install/two_wheeled_robot/share/two_wheeled_robot/models/InstrumentCart1\n'}
[1.828303] (two_wheeled_robot) StdoutLine: {'line': b'-- Up-to-date: /home/greyflon/lab_2025/install/two_wheeled_robot/share/two_wheeled_robot/models/InstrumentCart1/model.config\n'}
[1.828424] (two_wheeled_robot) StdoutLine: {'line': b'-- Up-to-date: /home/greyflon/lab_2025/install/two_wheeled_robot/share/two_wheeled_robot/models/InstrumentCart1/meshes\n'}
[1.828489] (two_wheeled_robot) StdoutLine: {'line': b'-- Up-to-date: /home/greyflon/lab_2025/install/two_wheeled_robot/share/two_wheeled_robot/models/InstrumentCart1/meshes/InstrumentCart1.mtl\n'}
[1.828551] (two_wheeled_robot) StdoutLine: {'line': b'-- Up-to-date: /home/greyflon/lab_2025/install/two_wheeled_robot/share/two_wheeled_robot/models/InstrumentCart1/meshes/texture.png\n'}
[1.828613] (two_wheeled_robot) StdoutLine: {'line': b'-- Up-to-date: /home/greyflon/lab_2025/install/two_wheeled_robot/share/two_wheeled_robot/models/InstrumentCart1/meshes/InstrumentCart1.obj\n'}
[1.828674] (two_wheeled_robot) StdoutLine: {'line': b'-- Up-to-date: /home/greyflon/lab_2025/install/two_wheeled_robot/share/two_wheeled_robot/models/InstrumentCart1/thumbnails\n'}
[1.828746] (two_wheeled_robot) StdoutLine: {'line': b'-- Up-to-date: /home/greyflon/lab_2025/install/two_wheeled_robot/share/two_wheeled_robot/models/InstrumentCart1/thumbnails/5.png\n'}
[1.828810] (two_wheeled_robot) StdoutLine: {'line': b'-- Up-to-date: /home/greyflon/lab_2025/install/two_wheeled_robot/share/two_wheeled_robot/models/InstrumentCart1/thumbnails/1.png\n'}
[1.828871] (two_wheeled_robot) StdoutLine: {'line': b'-- Up-to-date: /home/greyflon/lab_2025/install/two_wheeled_robot/share/two_wheeled_robot/models/InstrumentCart1/thumbnails/2.png\n'}
[1.828931] (two_wheeled_robot) StdoutLine: {'line': b'-- Up-to-date: /home/greyflon/lab_2025/install/two_wheeled_robot/share/two_wheeled_robot/models/InstrumentCart1/thumbnails/4.png\n'}
[1.829034] (two_wheeled_robot) StdoutLine: {'line': b'-- Up-to-date: /home/greyflon/lab_2025/install/two_wheeled_robot/share/two_wheeled_robot/models/InstrumentCart1/thumbnails/3.png\n'}
[1.829164] (two_wheeled_robot) StdoutLine: {'line': b'-- Up-to-date: /home/greyflon/lab_2025/install/two_wheeled_robot/share/two_wheeled_robot/models/InstrumentCart1/model.sdf\n'}
[1.829231] (two_wheeled_robot) StdoutLine: {'line': b'-- Up-to-date: /home/greyflon/lab_2025/install/two_wheeled_robot/share/two_wheeled_robot/models/aws_robomaker_residential_PortraitC_01\n'}
[1.829292] (two_wheeled_robot) StdoutLine: {'line': b'-- Up-to-date: /home/greyflon/lab_2025/install/two_wheeled_robot/share/two_wheeled_robot/models/aws_robomaker_residential_PortraitC_01/model.config\n'}
[1.829353] (two_wheeled_robot) StdoutLine: {'line': b'-- Up-to-date: /home/greyflon/lab_2025/install/two_wheeled_robot/share/two_wheeled_robot/models/aws_robomaker_residential_PortraitC_01/meshes\n'}
[1.829496] (two_wheeled_robot) StdoutLine: {'line': b'-- Up-to-date: /home/greyflon/lab_2025/install/two_wheeled_robot/share/two_wheeled_robot/models/aws_robomaker_residential_PortraitC_01/meshes/aws_PortraitC_01_collision.DAE\n'}
[1.829601] (two_wheeled_robot) StdoutLine: {'line': b'-- Up-to-date: /home/greyflon/lab_2025/install/two_wheeled_robot/share/two_wheeled_robot/models/aws_robomaker_residential_PortraitC_01/meshes/aws_PortraitC_01_visual.DAE\n'}
[1.829663] (two_wheeled_robot) StdoutLine: {'line': b'-- Up-to-date: /home/greyflon/lab_2025/install/two_wheeled_robot/share/two_wheeled_robot/models/aws_robomaker_residential_PortraitC_01/materials\n'}
[1.829756] (two_wheeled_robot) StdoutLine: {'line': b'-- Up-to-date: /home/greyflon/lab_2025/install/two_wheeled_robot/share/two_wheeled_robot/models/aws_robomaker_residential_PortraitC_01/materials/textures\n'}
[1.829826] (two_wheeled_robot) StdoutLine: {'line': b'-- Up-to-date: /home/greyflon/lab_2025/install/two_wheeled_robot/share/two_wheeled_robot/models/aws_robomaker_residential_PortraitC_01/materials/textures/aws_PortraitC_02.png\n'}
[1.829886] (two_wheeled_robot) StdoutLine: {'line': b'-- Up-to-date: /home/greyflon/lab_2025/install/two_wheeled_robot/share/two_wheeled_robot/models/aws_robomaker_residential_PortraitC_01/materials/textures/aws_PortraitC_01.png\n'}
[1.829946] (two_wheeled_robot) StdoutLine: {'line': b'-- Up-to-date: /home/greyflon/lab_2025/install/two_wheeled_robot/share/two_wheeled_robot/models/aws_robomaker_residential_PortraitC_01/materials/textures/PortraitC_01.jpg\n'}
[1.830006] (two_wheeled_robot) StdoutLine: {'line': b'-- Up-to-date: /home/greyflon/lab_2025/install/two_wheeled_robot/share/two_wheeled_robot/models/aws_robomaker_residential_PortraitC_01/model.sdf\n'}
[1.830066] (two_wheeled_robot) StdoutLine: {'line': b'-- Up-to-date: /home/greyflon/lab_2025/install/two_wheeled_robot/share/two_wheeled_robot/models/aws_robomaker_residential_PortraitE_02\n'}
[1.830126] (two_wheeled_robot) StdoutLine: {'line': b'-- Up-to-date: /home/greyflon/lab_2025/install/two_wheeled_robot/share/two_wheeled_robot/models/aws_robomaker_residential_PortraitE_02/model.config\n'}
[1.830251] (two_wheeled_robot) StdoutLine: {'line': b'-- Up-to-date: /home/greyflon/lab_2025/install/two_wheeled_robot/share/two_wheeled_robot/models/aws_robomaker_residential_PortraitE_02/meshes\n'}
[1.830306] (two_wheeled_robot) StdoutLine: {'line': b'-- Up-to-date: /home/greyflon/lab_2025/install/two_wheeled_robot/share/two_wheeled_robot/models/aws_robomaker_residential_PortraitE_02/meshes/aws_PortraitE_01_visual.DAE\n'}
[1.830359] (two_wheeled_robot) StdoutLine: {'line': b'-- Up-to-date: /home/greyflon/lab_2025/install/two_wheeled_robot/share/two_wheeled_robot/models/aws_robomaker_residential_PortraitE_02/meshes/aws_PortraitE_01_collision.DAE\n'}
[1.830494] (two_wheeled_robot) StdoutLine: {'line': b'-- Up-to-date: /home/greyflon/lab_2025/install/two_wheeled_robot/share/two_wheeled_robot/models/aws_robomaker_residential_PortraitE_02/materials\n'}
[1.830557] (two_wheeled_robot) StdoutLine: {'line': b'-- Up-to-date: /home/greyflon/lab_2025/install/two_wheeled_robot/share/two_wheeled_robot/models/aws_robomaker_residential_PortraitE_02/materials/textures\n'}
[1.830617] (two_wheeled_robot) StdoutLine: {'line': b'-- Up-to-date: /home/greyflon/lab_2025/install/two_wheeled_robot/share/two_wheeled_robot/models/aws_robomaker_residential_PortraitE_02/materials/textures/aws_PortraitE_01.png\n'}
[1.830677] (two_wheeled_robot) StdoutLine: {'line': b'-- Up-to-date: /home/greyflon/lab_2025/install/two_wheeled_robot/share/two_wheeled_robot/models/aws_robomaker_residential_PortraitE_02/materials/textures/aws_PortraitE_02.png\n'}
[1.830750] (two_wheeled_robot) StdoutLine: {'line': b'-- Up-to-date: /home/greyflon/lab_2025/install/two_wheeled_robot/share/two_wheeled_robot/models/aws_robomaker_residential_PortraitE_02/materials/textures/PortraitE_02.jpg\n'}
[1.830853] (two_wheeled_robot) StdoutLine: {'line': b'-- Up-to-date: /home/greyflon/lab_2025/install/two_wheeled_robot/share/two_wheeled_robot/models/aws_robomaker_residential_PortraitE_02/model.sdf\n'}
[1.830970] (two_wheeled_robot) StdoutLine: {'line': b'-- Up-to-date: /home/greyflon/lab_2025/install/two_wheeled_robot/share/two_wheeled_robot/models/aws_robomaker_residential_ChairA_01\n'}
[1.831037] (two_wheeled_robot) StdoutLine: {'line': b'-- Up-to-date: /home/greyflon/lab_2025/install/two_wheeled_robot/share/two_wheeled_robot/models/aws_robomaker_residential_ChairA_01/model.config\n'}
[1.831148] (two_wheeled_robot) StdoutLine: {'line': b'-- Up-to-date: /home/greyflon/lab_2025/install/two_wheeled_robot/share/two_wheeled_robot/models/aws_robomaker_residential_ChairA_01/meshes\n'}
[1.831203] (two_wheeled_robot) StdoutLine: {'line': b'-- Up-to-date: /home/greyflon/lab_2025/install/two_wheeled_robot/share/two_wheeled_robot/models/aws_robomaker_residential_ChairA_01/meshes/aws_ChairA_01_visual.DAE\n'}
[1.831290] (two_wheeled_robot) StdoutLine: {'line': b'-- Up-to-date: /home/greyflon/lab_2025/install/two_wheeled_robot/share/two_wheeled_robot/models/aws_robomaker_residential_ChairA_01/meshes/aws_ChairA_01_collision.DAE\n'}
[1.831345] (two_wheeled_robot) StdoutLine: {'line': b'-- Up-to-date: /home/greyflon/lab_2025/install/two_wheeled_robot/share/two_wheeled_robot/models/aws_robomaker_residential_ChairA_01/materials\n'}
[1.831404] (two_wheeled_robot) StdoutLine: {'line': b'-- Up-to-date: /home/greyflon/lab_2025/install/two_wheeled_robot/share/two_wheeled_robot/models/aws_robomaker_residential_ChairA_01/materials/textures\n'}
[1.831504] (two_wheeled_robot) StdoutLine: {'line': b'-- Up-to-date: /home/greyflon/lab_2025/install/two_wheeled_robot/share/two_wheeled_robot/models/aws_robomaker_residential_ChairA_01/materials/textures/aws_ChairA_01.png\n'}
[1.831608] (two_wheeled_robot) StdoutLine: {'line': b'-- Up-to-date: /home/greyflon/lab_2025/install/two_wheeled_robot/share/two_wheeled_robot/models/aws_robomaker_residential_ChairA_01/model.sdf\n'}
[1.831769] (two_wheeled_robot) StdoutLine: {'line': b'-- Up-to-date: /home/greyflon/lab_2025/install/two_wheeled_robot/share/two_wheeled_robot/models/aws_robomaker_residential_KitchenCabinet_01\n'}
[1.832124] (two_wheeled_robot) StdoutLine: {'line': b'-- Up-to-date: /home/greyflon/lab_2025/install/two_wheeled_robot/share/two_wheeled_robot/models/aws_robomaker_residential_KitchenCabinet_01/model.config\n'}
[1.832313] (two_wheeled_robot) StdoutLine: {'line': b'-- Up-to-date: /home/greyflon/lab_2025/install/two_wheeled_robot/share/two_wheeled_robot/models/aws_robomaker_residential_KitchenCabinet_01/meshes\n'}
[1.832457] (two_wheeled_robot) StdoutLine: {'line': b'-- Up-to-date: /home/greyflon/lab_2025/install/two_wheeled_robot/share/two_wheeled_robot/models/aws_robomaker_residential_KitchenCabinet_01/meshes/aws_KitchenCabinet_01_collision.DAE\n'}
[1.832561] (two_wheeled_robot) StdoutLine: {'line': b'-- Up-to-date: /home/greyflon/lab_2025/install/two_wheeled_robot/share/two_wheeled_robot/models/aws_robomaker_residential_KitchenCabinet_01/meshes/aws_KitchenCabinet_01_visual.DAE\n'}
[1.832667] (two_wheeled_robot) StdoutLine: {'line': b'-- Up-to-date: /home/greyflon/lab_2025/install/two_wheeled_robot/share/two_wheeled_robot/models/aws_robomaker_residential_KitchenCabinet_01/materials\n'}
[1.832862] (two_wheeled_robot) StdoutLine: {'line': b'-- Up-to-date: /home/greyflon/lab_2025/install/two_wheeled_robot/share/two_wheeled_robot/models/aws_robomaker_residential_KitchenCabinet_01/materials/textures\n'}
[1.833002] (two_wheeled_robot) StdoutLine: {'line': b'-- Up-to-date: /home/greyflon/lab_2025/install/two_wheeled_robot/share/two_wheeled_robot/models/aws_robomaker_residential_KitchenCabinet_01/materials/textures/aws_KitchenCabinet_01.png\n'}
[1.833152] (two_wheeled_robot) StdoutLine: {'line': b'-- Up-to-date: /home/greyflon/lab_2025/install/two_wheeled_robot/share/two_wheeled_robot/models/aws_robomaker_residential_KitchenCabinet_01/model.sdf\n'}
[1.833295] (two_wheeled_robot) StdoutLine: {'line': b'-- Up-to-date: /home/greyflon/lab_2025/install/two_wheeled_robot/share/two_wheeled_robot/models/aws_robomaker_residential_FitnessEquipment_01\n'}
[1.833396] (two_wheeled_robot) StdoutLine: {'line': b'-- Up-to-date: /home/greyflon/lab_2025/install/two_wheeled_robot/share/two_wheeled_robot/models/aws_robomaker_residential_FitnessEquipment_01/model.config\n'}
[1.833485] (two_wheeled_robot) StdoutLine: {'line': b'-- Up-to-date: /home/greyflon/lab_2025/install/two_wheeled_robot/share/two_wheeled_robot/models/aws_robomaker_residential_FitnessEquipment_01/meshes\n'}
[1.833612] (two_wheeled_robot) StdoutLine: {'line': b'-- Up-to-date: /home/greyflon/lab_2025/install/two_wheeled_robot/share/two_wheeled_robot/models/aws_robomaker_residential_FitnessEquipment_01/meshes/aws_FitnessEquipment_01_collision.DAE\n'}
[1.833675] (two_wheeled_robot) StdoutLine: {'line': b'-- Up-to-date: /home/greyflon/lab_2025/install/two_wheeled_robot/share/two_wheeled_robot/models/aws_robomaker_residential_FitnessEquipment_01/meshes/aws_FitnessEquipment_01_visual.DAE\n'}
[1.833766] (two_wheeled_robot) StdoutLine: {'line': b'-- Up-to-date: /home/greyflon/lab_2025/install/two_wheeled_robot/share/two_wheeled_robot/models/aws_robomaker_residential_FitnessEquipment_01/materials\n'}
[1.833837] (two_wheeled_robot) StdoutLine: {'line': b'-- Up-to-date: /home/greyflon/lab_2025/install/two_wheeled_robot/share/two_wheeled_robot/models/aws_robomaker_residential_FitnessEquipment_01/materials/textures\n'}
[1.833904] (two_wheeled_robot) StdoutLine: {'line': b'-- Up-to-date: /home/greyflon/lab_2025/install/two_wheeled_robot/share/two_wheeled_robot/models/aws_robomaker_residential_FitnessEquipment_01/materials/textures/aws_FitnessEquipment_01.png\n'}
[1.833970] (two_wheeled_robot) StdoutLine: {'line': b'-- Up-to-date: /home/greyflon/lab_2025/install/two_wheeled_robot/share/two_wheeled_robot/models/aws_robomaker_residential_FitnessEquipment_01/model.sdf\n'}
[1.834037] (two_wheeled_robot) StdoutLine: {'line': b'-- Up-to-date: /home/greyflon/lab_2025/install/two_wheeled_robot/share/two_wheeled_robot/models/aws_robomaker_residential_Handle_01\n'}
[1.834149] (two_wheeled_robot) StdoutLine: {'line': b'-- Up-to-date: /home/greyflon/lab_2025/install/two_wheeled_robot/share/two_wheeled_robot/models/aws_robomaker_residential_Handle_01/model.config\n'}
[1.834280] (two_wheeled_robot) StdoutLine: {'line': b'-- Up-to-date: /home/greyflon/lab_2025/install/two_wheeled_robot/share/two_wheeled_robot/models/aws_robomaker_residential_Handle_01/meshes\n'}
[1.834347] (two_wheeled_robot) StdoutLine: {'line': b'-- Up-to-date: /home/greyflon/lab_2025/install/two_wheeled_robot/share/two_wheeled_robot/models/aws_robomaker_residential_Handle_01/meshes/aws_Handle_01_collision.DAE\n'}
[1.834416] (two_wheeled_robot) StdoutLine: {'line': b'-- Up-to-date: /home/greyflon/lab_2025/install/two_wheeled_robot/share/two_wheeled_robot/models/aws_robomaker_residential_Handle_01/meshes/aws_Handle_01_visual.DAE\n'}
[1.834485] (two_wheeled_robot) StdoutLine: {'line': b'-- Up-to-date: /home/greyflon/lab_2025/install/two_wheeled_robot/share/two_wheeled_robot/models/aws_robomaker_residential_Handle_01/materials\n'}
[1.834552] (two_wheeled_robot) StdoutLine: {'line': b'-- Up-to-date: /home/greyflon/lab_2025/install/two_wheeled_robot/share/two_wheeled_robot/models/aws_robomaker_residential_Handle_01/materials/textures\n'}
[1.834664] (two_wheeled_robot) StdoutLine: {'line': b'-- Up-to-date: /home/greyflon/lab_2025/install/two_wheeled_robot/share/two_wheeled_robot/models/aws_robomaker_residential_Handle_01/materials/textures/aws_Handle_01.png\n'}
[1.834830] (two_wheeled_robot) StdoutLine: {'line': b'-- Up-to-date: /home/greyflon/lab_2025/install/two_wheeled_robot/share/two_wheeled_robot/models/aws_robomaker_residential_Handle_01/model.sdf\n'}
[1.834901] (two_wheeled_robot) StdoutLine: {'line': b'-- Up-to-date: /home/greyflon/lab_2025/install/two_wheeled_robot/share/two_wheeled_robot/models/conference_table_large\n'}
[1.834963] (two_wheeled_robot) StdoutLine: {'line': b'-- Up-to-date: /home/greyflon/lab_2025/install/two_wheeled_robot/share/two_wheeled_robot/models/conference_table_large/model.config\n'}
[1.835029] (two_wheeled_robot) StdoutLine: {'line': b'-- Up-to-date: /home/greyflon/lab_2025/install/two_wheeled_robot/share/two_wheeled_robot/models/conference_table_large/meshes\n'}
[1.835096] (two_wheeled_robot) StdoutLine: {'line': b'-- Up-to-date: /home/greyflon/lab_2025/install/two_wheeled_robot/share/two_wheeled_robot/models/conference_table_large/meshes/conference_table_large.mtl\n'}
[1.835164] (two_wheeled_robot) StdoutLine: {'line': b'-- Up-to-date: /home/greyflon/lab_2025/install/two_wheeled_robot/share/two_wheeled_robot/models/conference_table_large/meshes/conference_table_large.obj\n'}
[1.835281] (two_wheeled_robot) StdoutLine: {'line': b'-- Up-to-date: /home/greyflon/lab_2025/install/two_wheeled_robot/share/two_wheeled_robot/models/conference_table_large/model.sdf\n'}
[1.835349] (two_wheeled_robot) StdoutLine: {'line': b'-- Up-to-date: /home/greyflon/lab_2025/install/two_wheeled_robot/share/two_wheeled_robot/models/office_lamp\n'}
[1.835418] (two_wheeled_robot) StdoutLine: {'line': b'-- Up-to-date: /home/greyflon/lab_2025/install/two_wheeled_robot/share/two_wheeled_robot/models/office_lamp/model.config\n'}
[1.835536] (two_wheeled_robot) StdoutLine: {'line': b'-- Up-to-date: /home/greyflon/lab_2025/install/two_wheeled_robot/share/two_wheeled_robot/models/office_lamp/meshes\n'}
[1.835617] (two_wheeled_robot) StdoutLine: {'line': b'-- Up-to-date: /home/greyflon/lab_2025/install/two_wheeled_robot/share/two_wheeled_robot/models/office_lamp/meshes/office_lamp.dae\n'}
[1.835683] (two_wheeled_robot) StdoutLine: {'line': b'-- Up-to-date: /home/greyflon/lab_2025/install/two_wheeled_robot/share/two_wheeled_robot/models/office_lamp/materials\n'}
[1.835765] (two_wheeled_robot) StdoutLine: {'line': b'-- Up-to-date: /home/greyflon/lab_2025/install/two_wheeled_robot/share/two_wheeled_robot/models/office_lamp/materials/textures\n'}
[1.835877] (two_wheeled_robot) StdoutLine: {'line': b'-- Up-to-date: /home/greyflon/lab_2025/install/two_wheeled_robot/share/two_wheeled_robot/models/office_lamp/materials/textures/office_lamp_diffuse.png\n'}
[1.836018] (two_wheeled_robot) StdoutLine: {'line': b'-- Up-to-date: /home/greyflon/lab_2025/install/two_wheeled_robot/share/two_wheeled_robot/models/office_lamp/materials/textures/office_lamp_illumination.png\n'}
[1.836093] (two_wheeled_robot) StdoutLine: {'line': b'-- Up-to-date: /home/greyflon/lab_2025/install/two_wheeled_robot/share/two_wheeled_robot/models/office_lamp/materials/textures/office_lamp_specular.png\n'}
[1.836163] (two_wheeled_robot) StdoutLine: {'line': b'-- Up-to-date: /home/greyflon/lab_2025/install/two_wheeled_robot/share/two_wheeled_robot/models/office_lamp/model.sdf\n'}
[1.836229] (two_wheeled_robot) StdoutLine: {'line': b'-- Up-to-date: /home/greyflon/lab_2025/install/two_wheeled_robot/share/two_wheeled_robot/models/KitchenSink\n'}
[1.836296] (two_wheeled_robot) StdoutLine: {'line': b'-- Up-to-date: /home/greyflon/lab_2025/install/two_wheeled_robot/share/two_wheeled_robot/models/KitchenSink/model.config\n'}
[1.836405] (two_wheeled_robot) StdoutLine: {'line': b'-- Up-to-date: /home/greyflon/lab_2025/install/two_wheeled_robot/share/two_wheeled_robot/models/KitchenSink/meshes\n'}
[1.836545] (two_wheeled_robot) StdoutLine: {'line': b'-- Up-to-date: /home/greyflon/lab_2025/install/two_wheeled_robot/share/two_wheeled_robot/models/KitchenSink/meshes/kitchenSink.mtl\n'}
[1.836619] (two_wheeled_robot) StdoutLine: {'line': b'-- Up-to-date: /home/greyflon/lab_2025/install/two_wheeled_robot/share/two_wheeled_robot/models/KitchenSink/meshes/kitchenSink.obj\n'}
[1.836686] (two_wheeled_robot) StdoutLine: {'line': b'-- Up-to-date: /home/greyflon/lab_2025/install/two_wheeled_robot/share/two_wheeled_robot/models/KitchenSink/thumbnails\n'}
[1.836768] (two_wheeled_robot) StdoutLine: {'line': b'-- Up-to-date: /home/greyflon/lab_2025/install/two_wheeled_robot/share/two_wheeled_robot/models/KitchenSink/thumbnails/5.png\n'}
[1.836839] (two_wheeled_robot) StdoutLine: {'line': b'-- Up-to-date: /home/greyflon/lab_2025/install/two_wheeled_robot/share/two_wheeled_robot/models/KitchenSink/thumbnails/1.png\n'}
[1.836972] (two_wheeled_robot) StdoutLine: {'line': b'-- Up-to-date: /home/greyflon/lab_2025/install/two_wheeled_robot/share/two_wheeled_robot/models/KitchenSink/thumbnails/2.png\n'}
[1.837108] (two_wheeled_robot) StdoutLine: {'line': b'-- Up-to-date: /home/greyflon/lab_2025/install/two_wheeled_robot/share/two_wheeled_robot/models/KitchenSink/thumbnails/4.png\n'}
[1.837181] (two_wheeled_robot) StdoutLine: {'line': b'-- Up-to-date: /home/greyflon/lab_2025/install/two_wheeled_robot/share/two_wheeled_robot/models/KitchenSink/thumbnails/3.png\n'}
[1.837299] (two_wheeled_robot) StdoutLine: {'line': b'-- Up-to-date: /home/greyflon/lab_2025/install/two_wheeled_robot/share/two_wheeled_robot/models/KitchenSink/model.sdf\n'}
[1.837362] (two_wheeled_robot) StdoutLine: {'line': b'-- Up-to-date: /home/greyflon/lab_2025/install/two_wheeled_robot/share/two_wheeled_robot/models/prius_hybrid\n'}
[1.837428] (two_wheeled_robot) StdoutLine: {'line': b'-- Up-to-date: /home/greyflon/lab_2025/install/two_wheeled_robot/share/two_wheeled_robot/models/prius_hybrid/model.config\n'}
[1.837494] (two_wheeled_robot) StdoutLine: {'line': b'-- Up-to-date: /home/greyflon/lab_2025/install/two_wheeled_robot/share/two_wheeled_robot/models/prius_hybrid/meshes\n'}
[1.837567] (two_wheeled_robot) StdoutLine: {'line': b'-- Up-to-date: /home/greyflon/lab_2025/install/two_wheeled_robot/share/two_wheeled_robot/models/prius_hybrid/meshes/Hybrid.mtl\n'}
[1.837657] (two_wheeled_robot) StdoutLine: {'line': b'-- Up-to-date: /home/greyflon/lab_2025/install/two_wheeled_robot/share/two_wheeled_robot/models/prius_hybrid/meshes/Hybrid.obj\n'}
[1.837755] (two_wheeled_robot) StdoutLine: {'line': b'-- Up-to-date: /home/greyflon/lab_2025/install/two_wheeled_robot/share/two_wheeled_robot/models/prius_hybrid/materials\n'}
[1.837876] (two_wheeled_robot) StdoutLine: {'line': b'-- Up-to-date: /home/greyflon/lab_2025/install/two_wheeled_robot/share/two_wheeled_robot/models/prius_hybrid/materials/textures\n'}
[1.838038] (two_wheeled_robot) StdoutLine: {'line': b'-- Up-to-date: /home/greyflon/lab_2025/install/two_wheeled_robot/share/two_wheeled_robot/models/prius_hybrid/materials/textures/Hybrid_Interior.png\n'}
[1.838112] (two_wheeled_robot) StdoutLine: {'line': b'-- Up-to-date: /home/greyflon/lab_2025/install/two_wheeled_robot/share/two_wheeled_robot/models/prius_hybrid/materials/textures/Wheels3.png\n'}
[1.838182] (two_wheeled_robot) StdoutLine: {'line': b'-- Up-to-date: /home/greyflon/lab_2025/install/two_wheeled_robot/share/two_wheeled_robot/models/prius_hybrid/materials/textures/Hybrid.png\n'}
[1.838307] (two_wheeled_robot) StdoutLine: {'line': b'-- Up-to-date: /home/greyflon/lab_2025/install/two_wheeled_robot/share/two_wheeled_robot/models/prius_hybrid/model.sdf\n'}
[1.838387] (two_wheeled_robot) StdoutLine: {'line': b'-- Up-to-date: /home/greyflon/lab_2025/install/two_wheeled_robot/share/two_wheeled_robot/models/construction_barrel\n'}
[1.838455] (two_wheeled_robot) StdoutLine: {'line': b'-- Up-to-date: /home/greyflon/lab_2025/install/two_wheeled_robot/share/two_wheeled_robot/models/construction_barrel/model-1_4.sdf\n'}
[1.838587] (two_wheeled_robot) StdoutLine: {'line': b'-- Up-to-date: /home/greyflon/lab_2025/install/two_wheeled_robot/share/two_wheeled_robot/models/construction_barrel/model.config\n'}
[1.838650] (two_wheeled_robot) StdoutLine: {'line': b'-- Up-to-date: /home/greyflon/lab_2025/install/two_wheeled_robot/share/two_wheeled_robot/models/construction_barrel/meshes\n'}
[1.838726] (two_wheeled_robot) StdoutLine: {'line': b'-- Up-to-date: /home/greyflon/lab_2025/install/two_wheeled_robot/share/two_wheeled_robot/models/construction_barrel/meshes/construction_barrel.dae\n'}
[1.838803] (two_wheeled_robot) StdoutLine: {'line': b'-- Up-to-date: /home/greyflon/lab_2025/install/two_wheeled_robot/share/two_wheeled_robot/models/construction_barrel/materials\n'}
[1.838871] (two_wheeled_robot) StdoutLine: {'line': b'-- Up-to-date: /home/greyflon/lab_2025/install/two_wheeled_robot/share/two_wheeled_robot/models/construction_barrel/materials/textures\n'}
[1.838938] (two_wheeled_robot) StdoutLine: {'line': b'-- Up-to-date: /home/greyflon/lab_2025/install/two_wheeled_robot/share/two_wheeled_robot/models/construction_barrel/materials/textures/Construction_Barrel_Spec.png\n'}
[1.839005] (two_wheeled_robot) StdoutLine: {'line': b'-- Up-to-date: /home/greyflon/lab_2025/install/two_wheeled_robot/share/two_wheeled_robot/models/construction_barrel/materials/textures/Construction_Barrel_Diffuse.png\n'}
[1.839152] (two_wheeled_robot) StdoutLine: {'line': b'-- Up-to-date: /home/greyflon/lab_2025/install/two_wheeled_robot/share/two_wheeled_robot/models/construction_barrel/model.sdf\n'}
[1.839220] (two_wheeled_robot) StdoutLine: {'line': b'-- Up-to-date: /home/greyflon/lab_2025/install/two_wheeled_robot/share/two_wheeled_robot/models/construction_barrel/model-1_3.sdf\n'}
[1.839287] (two_wheeled_robot) StdoutLine: {'line': b'-- Up-to-date: /home/greyflon/lab_2025/install/two_wheeled_robot/share/two_wheeled_robot/models/BMWCart\n'}
[1.839356] (two_wheeled_robot) StdoutLine: {'line': b'-- Up-to-date: /home/greyflon/lab_2025/install/two_wheeled_robot/share/two_wheeled_robot/models/BMWCart/model.config\n'}
[1.839423] (two_wheeled_robot) StdoutLine: {'line': b'-- Up-to-date: /home/greyflon/lab_2025/install/two_wheeled_robot/share/two_wheeled_robot/models/BMWCart/meshes\n'}
[1.839489] (two_wheeled_robot) StdoutLine: {'line': b'-- Up-to-date: /home/greyflon/lab_2025/install/two_wheeled_robot/share/two_wheeled_robot/models/BMWCart/meshes/Cart_BMW_Col.mtl\n'}
[1.839556] (two_wheeled_robot) StdoutLine: {'line': b'-- Up-to-date: /home/greyflon/lab_2025/install/two_wheeled_robot/share/two_wheeled_robot/models/BMWCart/meshes/Cart_BMW.mtl\n'}
[1.839622] (two_wheeled_robot) StdoutLine: {'line': b'-- Up-to-date: /home/greyflon/lab_2025/install/two_wheeled_robot/share/two_wheeled_robot/models/BMWCart/meshes/Carts_Wheels_Diffuse.png\n'}
[1.839689] (two_wheeled_robot) StdoutLine: {'line': b'-- Up-to-date: /home/greyflon/lab_2025/install/two_wheeled_robot/share/two_wheeled_robot/models/BMWCart/meshes/Cart_BMW_Col.obj\n'}
[1.839771] (two_wheeled_robot) StdoutLine: {'line': b'-- Up-to-date: /home/greyflon/lab_2025/install/two_wheeled_robot/share/two_wheeled_robot/models/BMWCart/meshes/Cart_BMW_SpecGloss.png\n'}
[1.839910] (two_wheeled_robot) StdoutLine: {'line': b'-- Up-to-date: /home/greyflon/lab_2025/install/two_wheeled_robot/share/two_wheeled_robot/models/BMWCart/meshes/Cart_BMW_Diffuse.png\n'}
[1.840108] (two_wheeled_robot) StdoutLine: {'line': b'-- Up-to-date: /home/greyflon/lab_2025/install/two_wheeled_robot/share/two_wheeled_robot/models/BMWCart/meshes/Cart_BMW.obj\n'}
[1.840191] (two_wheeled_robot) StdoutLine: {'line': b'-- Up-to-date: /home/greyflon/lab_2025/install/two_wheeled_robot/share/two_wheeled_robot/models/BMWCart/meshes/Cart_BMW_Normal.png\n'}
[1.840260] (two_wheeled_robot) StdoutLine: {'line': b'-- Up-to-date: /home/greyflon/lab_2025/install/two_wheeled_robot/share/two_wheeled_robot/models/BMWCart/thumbnails\n'}
[1.840336] (two_wheeled_robot) StdoutLine: {'line': b'-- Up-to-date: /home/greyflon/lab_2025/install/two_wheeled_robot/share/two_wheeled_robot/models/BMWCart/thumbnails/5.png\n'}
[1.840429] (two_wheeled_robot) StdoutLine: {'line': b'-- Up-to-date: /home/greyflon/lab_2025/install/two_wheeled_robot/share/two_wheeled_robot/models/BMWCart/thumbnails/1.png\n'}
[1.840512] (two_wheeled_robot) StdoutLine: {'line': b'-- Up-to-date: /home/greyflon/lab_2025/install/two_wheeled_robot/share/two_wheeled_robot/models/BMWCart/thumbnails/2.png\n'}
[1.840580] (two_wheeled_robot) StdoutLine: {'line': b'-- Up-to-date: /home/greyflon/lab_2025/install/two_wheeled_robot/share/two_wheeled_robot/models/BMWCart/thumbnails/4.png\n'}
[1.840647] (two_wheeled_robot) StdoutLine: {'line': b'-- Up-to-date: /home/greyflon/lab_2025/install/two_wheeled_robot/share/two_wheeled_robot/models/BMWCart/thumbnails/3.png\n'}
[1.840727] (two_wheeled_robot) StdoutLine: {'line': b'-- Up-to-date: /home/greyflon/lab_2025/install/two_wheeled_robot/share/two_wheeled_robot/models/BMWCart/model.sdf\n'}
[1.840804] (two_wheeled_robot) StdoutLine: {'line': b'-- Up-to-date: /home/greyflon/lab_2025/install/two_wheeled_robot/share/two_wheeled_robot/models/PatientFSit\n'}
[1.840914] (two_wheeled_robot) StdoutLine: {'line': b'-- Up-to-date: /home/greyflon/lab_2025/install/two_wheeled_robot/share/two_wheeled_robot/models/PatientFSit/model.config\n'}
[1.840989] (two_wheeled_robot) StdoutLine: {'line': b'-- Up-to-date: /home/greyflon/lab_2025/install/two_wheeled_robot/share/two_wheeled_robot/models/PatientFSit/meshes\n'}
[1.841134] (two_wheeled_robot) StdoutLine: {'line': b'-- Up-to-date: /home/greyflon/lab_2025/install/two_wheeled_robot/share/two_wheeled_robot/models/PatientFSit/meshes/PatientFPurple.png\n'}
[1.841202] (two_wheeled_robot) StdoutLine: {'line': b'-- Up-to-date: /home/greyflon/lab_2025/install/two_wheeled_robot/share/two_wheeled_robot/models/PatientFSit/meshes/PatientFSit_Col.mtl\n'}
[1.841269] (two_wheeled_robot) StdoutLine: {'line': b'-- Up-to-date: /home/greyflon/lab_2025/install/two_wheeled_robot/share/two_wheeled_robot/models/PatientFSit/meshes/PatientFSit_Col.obj\n'}
[1.841431] (two_wheeled_robot) StdoutLine: {'line': b'-- Up-to-date: /home/greyflon/lab_2025/install/two_wheeled_robot/share/two_wheeled_robot/models/PatientFSit/meshes/PatientFSit.mtl\n'}
[1.841494] (two_wheeled_robot) StdoutLine: {'line': b'-- Up-to-date: /home/greyflon/lab_2025/install/two_wheeled_robot/share/two_wheeled_robot/models/PatientFSit/meshes/PatientFSit.obj\n'}
[1.841555] (two_wheeled_robot) StdoutLine: {'line': b'-- Up-to-date: /home/greyflon/lab_2025/install/two_wheeled_robot/share/two_wheeled_robot/models/PatientFSit/thumbnails\n'}
[1.841654] (two_wheeled_robot) StdoutLine: {'line': b'-- Up-to-date: /home/greyflon/lab_2025/install/two_wheeled_robot/share/two_wheeled_robot/models/PatientFSit/thumbnails/5.png\n'}
[1.841733] (two_wheeled_robot) StdoutLine: {'line': b'-- Up-to-date: /home/greyflon/lab_2025/install/two_wheeled_robot/share/two_wheeled_robot/models/PatientFSit/thumbnails/1.png\n'}
[1.841807] (two_wheeled_robot) StdoutLine: {'line': b'-- Up-to-date: /home/greyflon/lab_2025/install/two_wheeled_robot/share/two_wheeled_robot/models/PatientFSit/thumbnails/2.png\n'}
[1.841873] (two_wheeled_robot) StdoutLine: {'line': b'-- Up-to-date: /home/greyflon/lab_2025/install/two_wheeled_robot/share/two_wheeled_robot/models/PatientFSit/thumbnails/4.png\n'}
[1.841940] (two_wheeled_robot) StdoutLine: {'line': b'-- Up-to-date: /home/greyflon/lab_2025/install/two_wheeled_robot/share/two_wheeled_robot/models/PatientFSit/thumbnails/3.png\n'}
[1.842009] (two_wheeled_robot) StdoutLine: {'line': b'-- Up-to-date: /home/greyflon/lab_2025/install/two_wheeled_robot/share/two_wheeled_robot/models/PatientFSit/model.sdf\n'}
[1.842077] (two_wheeled_robot) StdoutLine: {'line': b'-- Up-to-date: /home/greyflon/lab_2025/install/two_wheeled_robot/share/two_wheeled_robot/models/VisitorKidSit\n'}
[1.842143] (two_wheeled_robot) StdoutLine: {'line': b'-- Up-to-date: /home/greyflon/lab_2025/install/two_wheeled_robot/share/two_wheeled_robot/models/VisitorKidSit/model.config\n'}
[1.842212] (two_wheeled_robot) StdoutLine: {'line': b'-- Up-to-date: /home/greyflon/lab_2025/install/two_wheeled_robot/share/two_wheeled_robot/models/VisitorKidSit/meshes\n'}
[1.842279] (two_wheeled_robot) StdoutLine: {'line': b'-- Up-to-date: /home/greyflon/lab_2025/install/two_wheeled_robot/share/two_wheeled_robot/models/VisitorKidSit/meshes/VisitorKidSit.mtl\n'}
[1.842346] (two_wheeled_robot) StdoutLine: {'line': b'-- Up-to-date: /home/greyflon/lab_2025/install/two_wheeled_robot/share/two_wheeled_robot/models/VisitorKidSit/meshes/VisitorKidSit_Col.obj\n'}
[1.842414] (two_wheeled_robot) StdoutLine: {'line': b'-- Up-to-date: /home/greyflon/lab_2025/install/two_wheeled_robot/share/two_wheeled_robot/models/VisitorKidSit/meshes/VisitorKidSit_Col.mtl\n'}
[1.842482] (two_wheeled_robot) StdoutLine: {'line': b'-- Up-to-date: /home/greyflon/lab_2025/install/two_wheeled_robot/share/two_wheeled_robot/models/VisitorKidSit/meshes/VisitorKidSit.obj\n'}
[1.842550] (two_wheeled_robot) StdoutLine: {'line': b'-- Up-to-date: /home/greyflon/lab_2025/install/two_wheeled_robot/share/two_wheeled_robot/models/VisitorKidSit/meshes/VisitorKidGreen.png\n'}
[1.842619] (two_wheeled_robot) StdoutLine: {'line': b'-- Up-to-date: /home/greyflon/lab_2025/install/two_wheeled_robot/share/two_wheeled_robot/models/VisitorKidSit/meshes/Book.png\n'}
[1.842686] (two_wheeled_robot) StdoutLine: {'line': b'-- Up-to-date: /home/greyflon/lab_2025/install/two_wheeled_robot/share/two_wheeled_robot/models/VisitorKidSit/thumbnails\n'}
[1.842808] (two_wheeled_robot) StdoutLine: {'line': b'-- Up-to-date: /home/greyflon/lab_2025/install/two_wheeled_robot/share/two_wheeled_robot/models/VisitorKidSit/thumbnails/5.png\n'}
[1.842880] (two_wheeled_robot) StdoutLine: {'line': b'-- Up-to-date: /home/greyflon/lab_2025/install/two_wheeled_robot/share/two_wheeled_robot/models/VisitorKidSit/thumbnails/1.png\n'}
[1.843048] (two_wheeled_robot) StdoutLine: {'line': b'-- Up-to-date: /home/greyflon/lab_2025/install/two_wheeled_robot/share/two_wheeled_robot/models/VisitorKidSit/thumbnails/2.png\n'}
[1.843118] (two_wheeled_robot) StdoutLine: {'line': b'-- Up-to-date: /home/greyflon/lab_2025/install/two_wheeled_robot/share/two_wheeled_robot/models/VisitorKidSit/thumbnails/4.png\n'}
[1.843185] (two_wheeled_robot) StdoutLine: {'line': b'-- Up-to-date: /home/greyflon/lab_2025/install/two_wheeled_robot/share/two_wheeled_robot/models/VisitorKidSit/thumbnails/3.png\n'}
[1.843253] (two_wheeled_robot) StdoutLine: {'line': b'-- Up-to-date: /home/greyflon/lab_2025/install/two_wheeled_robot/share/two_wheeled_robot/models/VisitorKidSit/model.sdf\n'}
[1.843372] (two_wheeled_robot) StdoutLine: {'line': b'-- Up-to-date: /home/greyflon/lab_2025/install/two_wheeled_robot/share/two_wheeled_robot/models/aws_robomaker_residential_KitchenTable_01\n'}
[1.843445] (two_wheeled_robot) StdoutLine: {'line': b'-- Up-to-date: /home/greyflon/lab_2025/install/two_wheeled_robot/share/two_wheeled_robot/models/aws_robomaker_residential_KitchenTable_01/model.config\n'}
[1.843516] (two_wheeled_robot) StdoutLine: {'line': b'-- Up-to-date: /home/greyflon/lab_2025/install/two_wheeled_robot/share/two_wheeled_robot/models/aws_robomaker_residential_KitchenTable_01/meshes\n'}
[1.843583] (two_wheeled_robot) StdoutLine: {'line': b'-- Up-to-date: /home/greyflon/lab_2025/install/two_wheeled_robot/share/two_wheeled_robot/models/aws_robomaker_residential_KitchenTable_01/meshes/aws_KitchenTable_01_collision.DAE\n'}
[1.843651] (two_wheeled_robot) StdoutLine: {'line': b'-- Up-to-date: /home/greyflon/lab_2025/install/two_wheeled_robot/share/two_wheeled_robot/models/aws_robomaker_residential_KitchenTable_01/meshes/aws_KitchenTable_01_visual.DAE\n'}
[1.843729] (two_wheeled_robot) StdoutLine: {'line': b'-- Up-to-date: /home/greyflon/lab_2025/install/two_wheeled_robot/share/two_wheeled_robot/models/aws_robomaker_residential_KitchenTable_01/materials\n'}
[1.843873] (two_wheeled_robot) StdoutLine: {'line': b'-- Up-to-date: /home/greyflon/lab_2025/install/two_wheeled_robot/share/two_wheeled_robot/models/aws_robomaker_residential_KitchenTable_01/materials/textures\n'}
[1.843942] (two_wheeled_robot) StdoutLine: {'line': b'-- Up-to-date: /home/greyflon/lab_2025/install/two_wheeled_robot/share/two_wheeled_robot/models/aws_robomaker_residential_KitchenTable_01/materials/textures/aws_KitchenTable_01.png\n'}
[1.844012] (two_wheeled_robot) StdoutLine: {'line': b'-- Up-to-date: /home/greyflon/lab_2025/install/two_wheeled_robot/share/two_wheeled_robot/models/aws_robomaker_residential_KitchenTable_01/model.sdf\n'}
[1.844079] (two_wheeled_robot) StdoutLine: {'line': b'-- Up-to-date: /home/greyflon/lab_2025/install/two_wheeled_robot/share/two_wheeled_robot/models/thrift_shop\n'}
[1.844146] (two_wheeled_robot) StdoutLine: {'line': b'-- Up-to-date: /home/greyflon/lab_2025/install/two_wheeled_robot/share/two_wheeled_robot/models/thrift_shop/model.config\n'}
[1.844213] (two_wheeled_robot) StdoutLine: {'line': b'-- Up-to-date: /home/greyflon/lab_2025/install/two_wheeled_robot/share/two_wheeled_robot/models/thrift_shop/meshes\n'}
[1.844279] (two_wheeled_robot) StdoutLine: {'line': b'-- Up-to-date: /home/greyflon/lab_2025/install/two_wheeled_robot/share/two_wheeled_robot/models/thrift_shop/meshes/thrift_shop.dae\n'}
[1.844348] (two_wheeled_robot) StdoutLine: {'line': b'-- Up-to-date: /home/greyflon/lab_2025/install/two_wheeled_robot/share/two_wheeled_robot/models/thrift_shop/materials\n'}
[1.844415] (two_wheeled_robot) StdoutLine: {'line': b'-- Up-to-date: /home/greyflon/lab_2025/install/two_wheeled_robot/share/two_wheeled_robot/models/thrift_shop/materials/textures\n'}
[1.844580] (two_wheeled_robot) StdoutLine: {'line': b'-- Up-to-date: /home/greyflon/lab_2025/install/two_wheeled_robot/share/two_wheeled_robot/models/thrift_shop/materials/textures/thrift_shop_diffuse.jpg\n'}
[1.844648] (two_wheeled_robot) StdoutLine: {'line': b'-- Up-to-date: /home/greyflon/lab_2025/install/two_wheeled_robot/share/two_wheeled_robot/models/thrift_shop/materials/textures/thrift_shop_spec.jpg\n'}
[1.844729] (two_wheeled_robot) StdoutLine: {'line': b'-- Up-to-date: /home/greyflon/lab_2025/install/two_wheeled_robot/share/two_wheeled_robot/models/thrift_shop/model.sdf\n'}
[1.844806] (two_wheeled_robot) StdoutLine: {'line': b'-- Up-to-date: /home/greyflon/lab_2025/install/two_wheeled_robot/share/two_wheeled_robot/models/ParkingTrolleyMax\n'}
[1.844874] (two_wheeled_robot) StdoutLine: {'line': b'-- Up-to-date: /home/greyflon/lab_2025/install/two_wheeled_robot/share/two_wheeled_robot/models/ParkingTrolleyMax/model.config\n'}
[1.844941] (two_wheeled_robot) StdoutLine: {'line': b'-- Up-to-date: /home/greyflon/lab_2025/install/two_wheeled_robot/share/two_wheeled_robot/models/ParkingTrolleyMax/meshes\n'}
[1.845011] (two_wheeled_robot) StdoutLine: {'line': b'-- Up-to-date: /home/greyflon/lab_2025/install/two_wheeled_robot/share/two_wheeled_robot/models/ParkingTrolleyMax/meshes/ParkingTrolleyMax.obj\n'}
[1.845078] (two_wheeled_robot) StdoutLine: {'line': b'-- Up-to-date: /home/greyflon/lab_2025/install/two_wheeled_robot/share/two_wheeled_robot/models/ParkingTrolleyMax/meshes/ParkingTrolleyMax_Diffuse.png\n'}
[1.845145] (two_wheeled_robot) StdoutLine: {'line': b'-- Up-to-date: /home/greyflon/lab_2025/install/two_wheeled_robot/share/two_wheeled_robot/models/ParkingTrolleyMax/meshes/ParkingTrolleyMax.mtl\n'}
[1.845212] (two_wheeled_robot) StdoutLine: {'line': b'-- Up-to-date: /home/greyflon/lab_2025/install/two_wheeled_robot/share/two_wheeled_robot/models/ParkingTrolleyMax/thumbnails\n'}
[1.845279] (two_wheeled_robot) StdoutLine: {'line': b'-- Up-to-date: /home/greyflon/lab_2025/install/two_wheeled_robot/share/two_wheeled_robot/models/ParkingTrolleyMax/thumbnails/5.png\n'}
[1.845347] (two_wheeled_robot) StdoutLine: {'line': b'-- Up-to-date: /home/greyflon/lab_2025/install/two_wheeled_robot/share/two_wheeled_robot/models/ParkingTrolleyMax/thumbnails/1.png\n'}
[1.845414] (two_wheeled_robot) StdoutLine: {'line': b'-- Up-to-date: /home/greyflon/lab_2025/install/two_wheeled_robot/share/two_wheeled_robot/models/ParkingTrolleyMax/thumbnails/2.png\n'}
[1.845524] (two_wheeled_robot) StdoutLine: {'line': b'-- Up-to-date: /home/greyflon/lab_2025/install/two_wheeled_robot/share/two_wheeled_robot/models/ParkingTrolleyMax/thumbnails/4.png\n'}
[1.845716] (two_wheeled_robot) StdoutLine: {'line': b'-- Up-to-date: /home/greyflon/lab_2025/install/two_wheeled_robot/share/two_wheeled_robot/models/ParkingTrolleyMax/thumbnails/3.png\n'}
[1.845802] (two_wheeled_robot) StdoutLine: {'line': b'-- Up-to-date: /home/greyflon/lab_2025/install/two_wheeled_robot/share/two_wheeled_robot/models/ParkingTrolleyMax/model.sdf\n'}
[1.845872] (two_wheeled_robot) StdoutLine: {'line': b'-- Up-to-date: /home/greyflon/lab_2025/install/two_wheeled_robot/share/two_wheeled_robot/models/InstrumentCart2\n'}
[1.845939] (two_wheeled_robot) StdoutLine: {'line': b'-- Up-to-date: /home/greyflon/lab_2025/install/two_wheeled_robot/share/two_wheeled_robot/models/InstrumentCart2/model.config\n'}
[1.846009] (two_wheeled_robot) StdoutLine: {'line': b'-- Up-to-date: /home/greyflon/lab_2025/install/two_wheeled_robot/share/two_wheeled_robot/models/InstrumentCart2/meshes\n'}
[1.846076] (two_wheeled_robot) StdoutLine: {'line': b'-- Up-to-date: /home/greyflon/lab_2025/install/two_wheeled_robot/share/two_wheeled_robot/models/InstrumentCart2/meshes/InstrumentCart2.obj\n'}
[1.846143] (two_wheeled_robot) StdoutLine: {'line': b'-- Up-to-date: /home/greyflon/lab_2025/install/two_wheeled_robot/share/two_wheeled_robot/models/InstrumentCart2/meshes/texture.png\n'}
[1.846211] (two_wheeled_robot) StdoutLine: {'line': b'-- Up-to-date: /home/greyflon/lab_2025/install/two_wheeled_robot/share/two_wheeled_robot/models/InstrumentCart2/meshes/InstrumentCart2.mtl\n'}
[1.846398] (two_wheeled_robot) StdoutLine: {'line': b'-- Up-to-date: /home/greyflon/lab_2025/install/two_wheeled_robot/share/two_wheeled_robot/models/InstrumentCart2/thumbnails\n'}
[1.846461] (two_wheeled_robot) StdoutLine: {'line': b'-- Up-to-date: /home/greyflon/lab_2025/install/two_wheeled_robot/share/two_wheeled_robot/models/InstrumentCart2/thumbnails/5.png\n'}
[1.846522] (two_wheeled_robot) StdoutLine: {'line': b'-- Up-to-date: /home/greyflon/lab_2025/install/two_wheeled_robot/share/two_wheeled_robot/models/InstrumentCart2/thumbnails/1.png\n'}
[1.846588] (two_wheeled_robot) StdoutLine: {'line': b'-- Up-to-date: /home/greyflon/lab_2025/install/two_wheeled_robot/share/two_wheeled_robot/models/InstrumentCart2/thumbnails/2.png\n'}
[1.846657] (two_wheeled_robot) StdoutLine: {'line': b'-- Up-to-date: /home/greyflon/lab_2025/install/two_wheeled_robot/share/two_wheeled_robot/models/InstrumentCart2/thumbnails/4.png\n'}
[1.846740] (two_wheeled_robot) StdoutLine: {'line': b'-- Up-to-date: /home/greyflon/lab_2025/install/two_wheeled_robot/share/two_wheeled_robot/models/InstrumentCart2/thumbnails/3.png\n'}
[1.846813] (two_wheeled_robot) StdoutLine: {'line': b'-- Up-to-date: /home/greyflon/lab_2025/install/two_wheeled_robot/share/two_wheeled_robot/models/InstrumentCart2/model.sdf\n'}
[1.846880] (two_wheeled_robot) StdoutLine: {'line': b'-- Up-to-date: /home/greyflon/lab_2025/install/two_wheeled_robot/share/two_wheeled_robot/models/Box\n'}
[1.846950] (two_wheeled_robot) StdoutLine: {'line': b'-- Up-to-date: /home/greyflon/lab_2025/install/two_wheeled_robot/share/two_wheeled_robot/models/Box/model.config\n'}
[1.847018] (two_wheeled_robot) StdoutLine: {'line': b'-- Up-to-date: /home/greyflon/lab_2025/install/two_wheeled_robot/share/two_wheeled_robot/models/Box/model.sdf\n'}
[1.847084] (two_wheeled_robot) StdoutLine: {'line': b'-- Up-to-date: /home/greyflon/lab_2025/install/two_wheeled_robot/share/two_wheeled_robot/models/aws_robomaker_residential_Carpet_01\n'}
[1.847153] (two_wheeled_robot) StdoutLine: {'line': b'-- Up-to-date: /home/greyflon/lab_2025/install/two_wheeled_robot/share/two_wheeled_robot/models/aws_robomaker_residential_Carpet_01/model.config\n'}
[1.847220] (two_wheeled_robot) StdoutLine: {'line': b'-- Up-to-date: /home/greyflon/lab_2025/install/two_wheeled_robot/share/two_wheeled_robot/models/aws_robomaker_residential_Carpet_01/meshes\n'}
[1.847288] (two_wheeled_robot) StdoutLine: {'line': b'-- Up-to-date: /home/greyflon/lab_2025/install/two_wheeled_robot/share/two_wheeled_robot/models/aws_robomaker_residential_Carpet_01/meshes/aws_Carpet_01_visual.DAE\n'}
[1.847355] (two_wheeled_robot) StdoutLine: {'line': b'-- Up-to-date: /home/greyflon/lab_2025/install/two_wheeled_robot/share/two_wheeled_robot/models/aws_robomaker_residential_Carpet_01/meshes/aws_Carpet_01_collision.DAE\n'}
[1.847424] (two_wheeled_robot) StdoutLine: {'line': b'-- Up-to-date: /home/greyflon/lab_2025/install/two_wheeled_robot/share/two_wheeled_robot/models/aws_robomaker_residential_Carpet_01/materials\n'}
[1.847534] (two_wheeled_robot) StdoutLine: {'line': b'-- Up-to-date: /home/greyflon/lab_2025/install/two_wheeled_robot/share/two_wheeled_robot/models/aws_robomaker_residential_Carpet_01/materials/textures\n'}
[1.847691] (two_wheeled_robot) StdoutLine: {'line': b'-- Up-to-date: /home/greyflon/lab_2025/install/two_wheeled_robot/share/two_wheeled_robot/models/aws_robomaker_residential_Carpet_01/materials/textures/aws_Carpet_01.png\n'}
[1.847805] (two_wheeled_robot) StdoutLine: {'line': b'-- Up-to-date: /home/greyflon/lab_2025/install/two_wheeled_robot/share/two_wheeled_robot/models/aws_robomaker_residential_Carpet_01/model.sdf\n'}
[1.847884] (two_wheeled_robot) StdoutLine: {'line': b'-- Up-to-date: /home/greyflon/lab_2025/install/two_wheeled_robot/share/two_wheeled_robot/models/ambulance\n'}
[1.848005] (two_wheeled_robot) StdoutLine: {'line': b'-- Up-to-date: /home/greyflon/lab_2025/install/two_wheeled_robot/share/two_wheeled_robot/models/ambulance/model.config\n'}
[1.848079] (two_wheeled_robot) StdoutLine: {'line': b'-- Up-to-date: /home/greyflon/lab_2025/install/two_wheeled_robot/share/two_wheeled_robot/models/ambulance/meshes\n'}
[1.848145] (two_wheeled_robot) StdoutLine: {'line': b'-- Up-to-date: /home/greyflon/lab_2025/install/two_wheeled_robot/share/two_wheeled_robot/models/ambulance/meshes/ambulance.obj\n'}
[1.848212] (two_wheeled_robot) StdoutLine: {'line': b'-- Up-to-date: /home/greyflon/lab_2025/install/two_wheeled_robot/share/two_wheeled_robot/models/ambulance/meshes/ambulance.mtl\n'}
[1.848282] (two_wheeled_robot) StdoutLine: {'line': b'-- Up-to-date: /home/greyflon/lab_2025/install/two_wheeled_robot/share/two_wheeled_robot/models/ambulance/materials\n'}
[1.848350] (two_wheeled_robot) StdoutLine: {'line': b'-- Up-to-date: /home/greyflon/lab_2025/install/two_wheeled_robot/share/two_wheeled_robot/models/ambulance/materials/textures\n'}
[1.848426] (two_wheeled_robot) StdoutLine: {'line': b'-- Up-to-date: /home/greyflon/lab_2025/install/two_wheeled_robot/share/two_wheeled_robot/models/ambulance/materials/textures/ambulance.png\n'}
[1.848496] (two_wheeled_robot) StdoutLine: {'line': b'-- Up-to-date: /home/greyflon/lab_2025/install/two_wheeled_robot/share/two_wheeled_robot/models/ambulance/model.sdf\n'}
[1.848563] (two_wheeled_robot) StdoutLine: {'line': b'-- Up-to-date: /home/greyflon/lab_2025/install/two_wheeled_robot/share/two_wheeled_robot/models/small_plant\n'}
[1.848632] (two_wheeled_robot) StdoutLine: {'line': b'-- Up-to-date: /home/greyflon/lab_2025/install/two_wheeled_robot/share/two_wheeled_robot/models/small_plant/mesh\n'}
[1.848748] (two_wheeled_robot) StdoutLine: {'line': b'-- Up-to-date: /home/greyflon/lab_2025/install/two_wheeled_robot/share/two_wheeled_robot/models/small_plant/mesh/small_plant.stl\n'}
[1.848918] (two_wheeled_robot) StdoutLine: {'line': b'-- Up-to-date: /home/greyflon/lab_2025/install/two_wheeled_robot/share/two_wheeled_robot/models/small_plant/model.config\n'}
[1.848988] (two_wheeled_robot) StdoutLine: {'line': b'-- Up-to-date: /home/greyflon/lab_2025/install/two_wheeled_robot/share/two_wheeled_robot/models/small_plant/model.sdf\n'}
[1.849058] (two_wheeled_robot) StdoutLine: {'line': b'-- Up-to-date: /home/greyflon/lab_2025/install/two_wheeled_robot/share/two_wheeled_robot/models/coke_can\n'}
[1.849125] (two_wheeled_robot) StdoutLine: {'line': b'-- Up-to-date: /home/greyflon/lab_2025/install/two_wheeled_robot/share/two_wheeled_robot/models/coke_can/model-1_2.sdf\n'}
[1.849192] (two_wheeled_robot) StdoutLine: {'line': b'-- Up-to-date: /home/greyflon/lab_2025/install/two_wheeled_robot/share/two_wheeled_robot/models/coke_can/model-1_4.sdf\n'}
[1.849260] (two_wheeled_robot) StdoutLine: {'line': b'-- Up-to-date: /home/greyflon/lab_2025/install/two_wheeled_robot/share/two_wheeled_robot/models/coke_can/model.config\n'}
[1.849327] (two_wheeled_robot) StdoutLine: {'line': b'-- Up-to-date: /home/greyflon/lab_2025/install/two_wheeled_robot/share/two_wheeled_robot/models/coke_can/meshes\n'}
[1.849393] (two_wheeled_robot) StdoutLine: {'line': b'-- Up-to-date: /home/greyflon/lab_2025/install/two_wheeled_robot/share/two_wheeled_robot/models/coke_can/meshes/coke_can.dae\n'}
[1.849460] (two_wheeled_robot) StdoutLine: {'line': b'-- Up-to-date: /home/greyflon/lab_2025/install/two_wheeled_robot/share/two_wheeled_robot/models/coke_can/materials\n'}
[1.849530] (two_wheeled_robot) StdoutLine: {'line': b'-- Up-to-date: /home/greyflon/lab_2025/install/two_wheeled_robot/share/two_wheeled_robot/models/coke_can/materials/textures\n'}
[1.849598] (two_wheeled_robot) StdoutLine: {'line': b'-- Up-to-date: /home/greyflon/lab_2025/install/two_wheeled_robot/share/two_wheeled_robot/models/coke_can/materials/textures/coke_can.png\n'}
[1.849665] (two_wheeled_robot) StdoutLine: {'line': b'-- Up-to-date: /home/greyflon/lab_2025/install/two_wheeled_robot/share/two_wheeled_robot/models/coke_can/model.sdf\n'}
[1.849846] (two_wheeled_robot) StdoutLine: {'line': b'-- Up-to-date: /home/greyflon/lab_2025/install/two_wheeled_robot/share/two_wheeled_robot/models/coke_can/model-1_3.sdf\n'}
[1.849919] (two_wheeled_robot) StdoutLine: {'line': b'-- Up-to-date: /home/greyflon/lab_2025/install/two_wheeled_robot/share/two_wheeled_robot/models/shelves_high\n'}
[1.849979] (two_wheeled_robot) StdoutLine: {'line': b'-- Up-to-date: /home/greyflon/lab_2025/install/two_wheeled_robot/share/two_wheeled_robot/models/shelves_high/model.config\n'}
[1.850047] (two_wheeled_robot) StdoutLine: {'line': b'-- Up-to-date: /home/greyflon/lab_2025/install/two_wheeled_robot/share/two_wheeled_robot/models/shelves_high/meshes\n'}
[1.850114] (two_wheeled_robot) StdoutLine: {'line': b'-- Up-to-date: /home/greyflon/lab_2025/install/two_wheeled_robot/share/two_wheeled_robot/models/shelves_high/meshes/shelves_high.dae\n'}
[1.850182] (two_wheeled_robot) StdoutLine: {'line': b'-- Up-to-date: /home/greyflon/lab_2025/install/two_wheeled_robot/share/two_wheeled_robot/models/shelves_high/meshes/shelves_high_collision.dae\n'}
[1.850249] (two_wheeled_robot) StdoutLine: {'line': b'-- Up-to-date: /home/greyflon/lab_2025/install/two_wheeled_robot/share/two_wheeled_robot/models/shelves_high/materials\n'}
[1.850315] (two_wheeled_robot) StdoutLine: {'line': b'-- Up-to-date: /home/greyflon/lab_2025/install/two_wheeled_robot/share/two_wheeled_robot/models/shelves_high/materials/scripts\n'}
[1.850456] (two_wheeled_robot) StdoutLine: {'line': b'-- Up-to-date: /home/greyflon/lab_2025/install/two_wheeled_robot/share/two_wheeled_robot/models/shelves_high/materials/scripts/shelves_2.material\n'}
[1.850528] (two_wheeled_robot) StdoutLine: {'line': b'-- Up-to-date: /home/greyflon/lab_2025/install/two_wheeled_robot/share/two_wheeled_robot/models/shelves_high/materials/textures\n'}
[1.850596] (two_wheeled_robot) StdoutLine: {'line': b'-- Up-to-date: /home/greyflon/lab_2025/install/two_wheeled_robot/share/two_wheeled_robot/models/shelves_high/materials/textures/Metal_Seamed_1.jpg\n'}
[1.850665] (two_wheeled_robot) StdoutLine: {'line': b'-- Up-to-date: /home/greyflon/lab_2025/install/two_wheeled_robot/share/two_wheeled_robot/models/shelves_high/materials/textures/__Metal_Seamed_1.jpg\n'}
[1.850807] (two_wheeled_robot) StdoutLine: {'line': b'-- Up-to-date: /home/greyflon/lab_2025/install/two_wheeled_robot/share/two_wheeled_robot/models/shelves_high/materials/textures/__Metal_Seamed_1_0.jpg\n'}
[1.850872] (two_wheeled_robot) StdoutLine: {'line': b'-- Up-to-date: /home/greyflon/lab_2025/install/two_wheeled_robot/share/two_wheeled_robot/models/shelves_high/materials/textures/Metal_Seamed.jpg\n'}
[1.850934] (two_wheeled_robot) StdoutLine: {'line': b'-- Up-to-date: /home/greyflon/lab_2025/install/two_wheeled_robot/share/two_wheeled_robot/models/shelves_high/materials/textures/Metal_Aluminum_Anodized.jpg\n'}
[1.851001] (two_wheeled_robot) StdoutLine: {'line': b'-- Up-to-date: /home/greyflon/lab_2025/install/two_wheeled_robot/share/two_wheeled_robot/models/shelves_high/model.sdf\n'}
[1.851068] (two_wheeled_robot) StdoutLine: {'line': b'-- Up-to-date: /home/greyflon/lab_2025/install/two_wheeled_robot/share/two_wheeled_robot/models/BoxesLargeOnPallet_2\n'}
[1.851135] (two_wheeled_robot) StdoutLine: {'line': b'-- Up-to-date: /home/greyflon/lab_2025/install/two_wheeled_robot/share/two_wheeled_robot/models/BoxesLargeOnPallet_2/model.config\n'}
[1.851202] (two_wheeled_robot) StdoutLine: {'line': b'-- Up-to-date: /home/greyflon/lab_2025/install/two_wheeled_robot/share/two_wheeled_robot/models/BoxesLargeOnPallet_2/model.sdf\n'}
[1.851269] (two_wheeled_robot) StdoutLine: {'line': b'-- Up-to-date: /home/greyflon/lab_2025/install/two_wheeled_robot/share/two_wheeled_robot/models/irobot_hand\n'}
[1.851339] (two_wheeled_robot) StdoutLine: {'line': b'-- Up-to-date: /home/greyflon/lab_2025/install/two_wheeled_robot/share/two_wheeled_robot/models/irobot_hand/model-1_4.sdf\n'}
[1.851503] (two_wheeled_robot) StdoutLine: {'line': b'-- Up-to-date: /home/greyflon/lab_2025/install/two_wheeled_robot/share/two_wheeled_robot/models/irobot_hand/model.config\n'}
[1.851566] (two_wheeled_robot) StdoutLine: {'line': b'-- Up-to-date: /home/greyflon/lab_2025/install/two_wheeled_robot/share/two_wheeled_robot/models/irobot_hand/meshes\n'}
[1.851639] (two_wheeled_robot) StdoutLine: {'line': b'-- Up-to-date: /home/greyflon/lab_2025/install/two_wheeled_robot/share/two_wheeled_robot/models/irobot_hand/meshes/palm.stl\n'}
[1.851711] (two_wheeled_robot) StdoutLine: {'line': b'-- Up-to-date: /home/greyflon/lab_2025/install/two_wheeled_robot/share/two_wheeled_robot/models/irobot_hand/meshes/finger_base.stl\n'}
[1.851789] (two_wheeled_robot) StdoutLine: {'line': b'-- Up-to-date: /home/greyflon/lab_2025/install/two_wheeled_robot/share/two_wheeled_robot/models/irobot_hand/meshes/finger_distal.stl\n'}
[1.851857] (two_wheeled_robot) StdoutLine: {'line': b'-- Up-to-date: /home/greyflon/lab_2025/install/two_wheeled_robot/share/two_wheeled_robot/models/irobot_hand/meshes/finger_proximal.stl\n'}
[1.851924] (two_wheeled_robot) StdoutLine: {'line': b'-- Up-to-date: /home/greyflon/lab_2025/install/two_wheeled_robot/share/two_wheeled_robot/models/irobot_hand/model.sdf\n'}
[1.851993] (two_wheeled_robot) StdoutLine: {'line': b'-- Up-to-date: /home/greyflon/lab_2025/install/two_wheeled_robot/share/two_wheeled_robot/models/irobot_hand/model-1_3.sdf\n'}
[1.852061] (two_wheeled_robot) StdoutLine: {'line': b'-- Up-to-date: /home/greyflon/lab_2025/install/two_wheeled_robot/share/two_wheeled_robot/models/XRayMachine\n'}
[1.852128] (two_wheeled_robot) StdoutLine: {'line': b'-- Up-to-date: /home/greyflon/lab_2025/install/two_wheeled_robot/share/two_wheeled_robot/models/XRayMachine/model.config\n'}
[1.852195] (two_wheeled_robot) StdoutLine: {'line': b'-- Up-to-date: /home/greyflon/lab_2025/install/two_wheeled_robot/share/two_wheeled_robot/models/XRayMachine/meshes\n'}
[1.852305] (two_wheeled_robot) StdoutLine: {'line': b'-- Up-to-date: /home/greyflon/lab_2025/install/two_wheeled_robot/share/two_wheeled_robot/models/XRayMachine/meshes/XRayMachine.obj\n'}
[1.852470] (two_wheeled_robot) StdoutLine: {'line': b'-- Up-to-date: /home/greyflon/lab_2025/install/two_wheeled_robot/share/two_wheeled_robot/models/XRayMachine/meshes/XRayMachine.mtl\n'}
[1.852545] (two_wheeled_robot) StdoutLine: {'line': b'-- Up-to-date: /home/greyflon/lab_2025/install/two_wheeled_robot/share/two_wheeled_robot/models/XRayMachine/meshes/XRayMachine.png\n'}
[1.852614] (two_wheeled_robot) StdoutLine: {'line': b'-- Up-to-date: /home/greyflon/lab_2025/install/two_wheeled_robot/share/two_wheeled_robot/models/XRayMachine/meshes/XRayMachine_Col.mtl\n'}
[1.852681] (two_wheeled_robot) StdoutLine: {'line': b'-- Up-to-date: /home/greyflon/lab_2025/install/two_wheeled_robot/share/two_wheeled_robot/models/XRayMachine/meshes/XRayMachine_Col.obj\n'}
[1.852765] (two_wheeled_robot) StdoutLine: {'line': b'-- Up-to-date: /home/greyflon/lab_2025/install/two_wheeled_robot/share/two_wheeled_robot/models/XRayMachine/thumbnails\n'}
[1.852921] (two_wheeled_robot) StdoutLine: {'line': b'-- Up-to-date: /home/greyflon/lab_2025/install/two_wheeled_robot/share/two_wheeled_robot/models/XRayMachine/thumbnails/5.png\n'}
[1.852994] (two_wheeled_robot) StdoutLine: {'line': b'-- Up-to-date: /home/greyflon/lab_2025/install/two_wheeled_robot/share/two_wheeled_robot/models/XRayMachine/thumbnails/1.png\n'}
[1.853065] (two_wheeled_robot) StdoutLine: {'line': b'-- Up-to-date: /home/greyflon/lab_2025/install/two_wheeled_robot/share/two_wheeled_robot/models/XRayMachine/thumbnails/2.png\n'}
[1.853131] (two_wheeled_robot) StdoutLine: {'line': b'-- Up-to-date: /home/greyflon/lab_2025/install/two_wheeled_robot/share/two_wheeled_robot/models/XRayMachine/thumbnails/4.png\n'}
[1.853197] (two_wheeled_robot) StdoutLine: {'line': b'-- Up-to-date: /home/greyflon/lab_2025/install/two_wheeled_robot/share/two_wheeled_robot/models/XRayMachine/thumbnails/3.png\n'}
[1.853264] (two_wheeled_robot) StdoutLine: {'line': b'-- Up-to-date: /home/greyflon/lab_2025/install/two_wheeled_robot/share/two_wheeled_robot/models/XRayMachine/model.sdf\n'}
[1.853331] (two_wheeled_robot) StdoutLine: {'line': b'-- Up-to-date: /home/greyflon/lab_2025/install/two_wheeled_robot/share/two_wheeled_robot/models/FemaleVisitor\n'}
[1.853398] (two_wheeled_robot) StdoutLine: {'line': b'-- Up-to-date: /home/greyflon/lab_2025/install/two_wheeled_robot/share/two_wheeled_robot/models/FemaleVisitor/model.config\n'}
[1.853533] (two_wheeled_robot) StdoutLine: {'line': b'-- Up-to-date: /home/greyflon/lab_2025/install/two_wheeled_robot/share/two_wheeled_robot/models/FemaleVisitor/meshes\n'}
[1.853619] (two_wheeled_robot) StdoutLine: {'line': b'-- Up-to-date: /home/greyflon/lab_2025/install/two_wheeled_robot/share/two_wheeled_robot/models/FemaleVisitor/meshes/FemaleVisitor.png\n'}
[1.853692] (two_wheeled_robot) StdoutLine: {'line': b'-- Up-to-date: /home/greyflon/lab_2025/install/two_wheeled_robot/share/two_wheeled_robot/models/FemaleVisitor/meshes/FemaleVisitor.mtl\n'}
[1.853822] (two_wheeled_robot) StdoutLine: {'line': b'-- Up-to-date: /home/greyflon/lab_2025/install/two_wheeled_robot/share/two_wheeled_robot/models/FemaleVisitor/meshes/FemaleVisitor_Col.obj\n'}
[1.853892] (two_wheeled_robot) StdoutLine: {'line': b'-- Up-to-date: /home/greyflon/lab_2025/install/two_wheeled_robot/share/two_wheeled_robot/models/FemaleVisitor/meshes/FemaleVisitor_Col.mtl\n'}
[1.853962] (two_wheeled_robot) StdoutLine: {'line': b'-- Up-to-date: /home/greyflon/lab_2025/install/two_wheeled_robot/share/two_wheeled_robot/models/FemaleVisitor/meshes/FemaleVisitor.obj\n'}
[1.854029] (two_wheeled_robot) StdoutLine: {'line': b'-- Up-to-date: /home/greyflon/lab_2025/install/two_wheeled_robot/share/two_wheeled_robot/models/FemaleVisitor/meshes/Handbag.png\n'}
[1.854158] (two_wheeled_robot) StdoutLine: {'line': b'-- Up-to-date: /home/greyflon/lab_2025/install/two_wheeled_robot/share/two_wheeled_robot/models/FemaleVisitor/thumbnails\n'}
[1.854225] (two_wheeled_robot) StdoutLine: {'line': b'-- Up-to-date: /home/greyflon/lab_2025/install/two_wheeled_robot/share/two_wheeled_robot/models/FemaleVisitor/thumbnails/5.png\n'}
[1.854292] (two_wheeled_robot) StdoutLine: {'line': b'-- Up-to-date: /home/greyflon/lab_2025/install/two_wheeled_robot/share/two_wheeled_robot/models/FemaleVisitor/thumbnails/1.png\n'}
[1.854362] (two_wheeled_robot) StdoutLine: {'line': b'-- Up-to-date: /home/greyflon/lab_2025/install/two_wheeled_robot/share/two_wheeled_robot/models/FemaleVisitor/thumbnails/2.png\n'}
[1.854429] (two_wheeled_robot) StdoutLine: {'line': b'-- Up-to-date: /home/greyflon/lab_2025/install/two_wheeled_robot/share/two_wheeled_robot/models/FemaleVisitor/thumbnails/4.png\n'}
[1.854499] (two_wheeled_robot) StdoutLine: {'line': b'-- Up-to-date: /home/greyflon/lab_2025/install/two_wheeled_robot/share/two_wheeled_robot/models/FemaleVisitor/thumbnails/3.png\n'}
[1.854565] (two_wheeled_robot) StdoutLine: {'line': b'-- Up-to-date: /home/greyflon/lab_2025/install/two_wheeled_robot/share/two_wheeled_robot/models/FemaleVisitor/model.sdf\n'}
[1.854634] (two_wheeled_robot) StdoutLine: {'line': b'-- Up-to-date: /home/greyflon/lab_2025/install/two_wheeled_robot/share/two_wheeled_robot/models/aws_robomaker_warehouse_WallB_01\n'}
[1.854707] (two_wheeled_robot) StdoutLine: {'line': b'-- Up-to-date: /home/greyflon/lab_2025/install/two_wheeled_robot/share/two_wheeled_robot/models/aws_robomaker_warehouse_WallB_01/model.config\n'}
[1.854788] (two_wheeled_robot) StdoutLine: {'line': b'-- Up-to-date: /home/greyflon/lab_2025/install/two_wheeled_robot/share/two_wheeled_robot/models/aws_robomaker_warehouse_WallB_01/meshes\n'}
[1.854857] (two_wheeled_robot) StdoutLine: {'line': b'-- Up-to-date: /home/greyflon/lab_2025/install/two_wheeled_robot/share/two_wheeled_robot/models/aws_robomaker_warehouse_WallB_01/meshes/aws_robomaker_warehouse_WallB_01_collision.DAE\n'}
[1.854924] (two_wheeled_robot) StdoutLine: {'line': b'-- Up-to-date: /home/greyflon/lab_2025/install/two_wheeled_robot/share/two_wheeled_robot/models/aws_robomaker_warehouse_WallB_01/meshes/aws_robomaker_warehouse_WallB_01_visual.DAE\n'}
[1.854991] (two_wheeled_robot) StdoutLine: {'line': b'-- Up-to-date: /home/greyflon/lab_2025/install/two_wheeled_robot/share/two_wheeled_robot/models/aws_robomaker_warehouse_WallB_01/materials\n'}
[1.855060] (two_wheeled_robot) StdoutLine: {'line': b'-- Up-to-date: /home/greyflon/lab_2025/install/two_wheeled_robot/share/two_wheeled_robot/models/aws_robomaker_warehouse_WallB_01/materials/textures\n'}
[1.855264] (two_wheeled_robot) StdoutLine: {'line': b'-- Up-to-date: /home/greyflon/lab_2025/install/two_wheeled_robot/share/two_wheeled_robot/models/aws_robomaker_warehouse_WallB_01/materials/textures/aws_robomaker_warehouse_WallB_01.png\n'}
[1.855331] (two_wheeled_robot) StdoutLine: {'line': b'-- Up-to-date: /home/greyflon/lab_2025/install/two_wheeled_robot/share/two_wheeled_robot/models/aws_robomaker_warehouse_WallB_01/model.sdf\n'}
[1.855391] (two_wheeled_robot) StdoutLine: {'line': b'-- Up-to-date: /home/greyflon/lab_2025/install/two_wheeled_robot/share/two_wheeled_robot/models/desk\n'}
[1.855458] (two_wheeled_robot) StdoutLine: {'line': b'-- Up-to-date: /home/greyflon/lab_2025/install/two_wheeled_robot/share/two_wheeled_robot/models/desk/model.config\n'}
[1.855525] (two_wheeled_robot) StdoutLine: {'line': b'-- Up-to-date: /home/greyflon/lab_2025/install/two_wheeled_robot/share/two_wheeled_robot/models/desk/meshes\n'}
[1.855594] (two_wheeled_robot) StdoutLine: {'line': b'-- Up-to-date: /home/greyflon/lab_2025/install/two_wheeled_robot/share/two_wheeled_robot/models/desk/meshes/desk.obj\n'}
[1.855661] (two_wheeled_robot) StdoutLine: {'line': b'-- Up-to-date: /home/greyflon/lab_2025/install/two_wheeled_robot/share/two_wheeled_robot/models/desk/meshes/desk.mtl\n'}
[1.855739] (two_wheeled_robot) StdoutLine: {'line': b'-- Up-to-date: /home/greyflon/lab_2025/install/two_wheeled_robot/share/two_wheeled_robot/models/desk/materials\n'}
[1.855814] (two_wheeled_robot) StdoutLine: {'line': b'-- Up-to-date: /home/greyflon/lab_2025/install/two_wheeled_robot/share/two_wheeled_robot/models/desk/materials/textures\n'}
[1.855881] (two_wheeled_robot) StdoutLine: {'line': b'-- Up-to-date: /home/greyflon/lab_2025/install/two_wheeled_robot/share/two_wheeled_robot/models/desk/materials/textures/desk.png\n'}
[1.855948] (two_wheeled_robot) StdoutLine: {'line': b'-- Up-to-date: /home/greyflon/lab_2025/install/two_wheeled_robot/share/two_wheeled_robot/models/desk/model.sdf\n'}
[1.856018] (two_wheeled_robot) StdoutLine: {'line': b'-- Up-to-date: /home/greyflon/lab_2025/install/two_wheeled_robot/share/two_wheeled_robot/models/submarine_buoyant\n'}
[1.856084] (two_wheeled_robot) StdoutLine: {'line': b'-- Up-to-date: /home/greyflon/lab_2025/install/two_wheeled_robot/share/two_wheeled_robot/models/submarine_buoyant/model.config\n'}
[1.856151] (two_wheeled_robot) StdoutLine: {'line': b'-- Up-to-date: /home/greyflon/lab_2025/install/two_wheeled_robot/share/two_wheeled_robot/models/submarine_buoyant/model.sdf\n'}
[1.856217] (two_wheeled_robot) StdoutLine: {'line': b'-- Up-to-date: /home/greyflon/lab_2025/install/two_wheeled_robot/share/two_wheeled_robot/models/submarine_buoyant/model.sdf.erb\n'}
[1.856284] (two_wheeled_robot) StdoutLine: {'line': b'-- Up-to-date: /home/greyflon/lab_2025/install/two_wheeled_robot/share/two_wheeled_robot/models/aws_robomaker_residential_DeskPortraitD_02\n'}
[1.856397] (two_wheeled_robot) StdoutLine: {'line': b'-- Up-to-date: /home/greyflon/lab_2025/install/two_wheeled_robot/share/two_wheeled_robot/models/aws_robomaker_residential_DeskPortraitD_02/model.config\n'}
[1.856555] (two_wheeled_robot) StdoutLine: {'line': b'-- Up-to-date: /home/greyflon/lab_2025/install/two_wheeled_robot/share/two_wheeled_robot/models/aws_robomaker_residential_DeskPortraitD_02/meshes\n'}
[1.856642] (two_wheeled_robot) StdoutLine: {'line': b'-- Up-to-date: /home/greyflon/lab_2025/install/two_wheeled_robot/share/two_wheeled_robot/models/aws_robomaker_residential_DeskPortraitD_02/meshes/aws_DeskPortraitD_01_visual.DAE\n'}
[1.856806] (two_wheeled_robot) StdoutLine: {'line': b'-- Up-to-date: /home/greyflon/lab_2025/install/two_wheeled_robot/share/two_wheeled_robot/models/aws_robomaker_residential_DeskPortraitD_02/meshes/aws_DeskPortraitD_01_collision.DAE\n'}
[1.856877] (two_wheeled_robot) StdoutLine: {'line': b'-- Up-to-date: /home/greyflon/lab_2025/install/two_wheeled_robot/share/two_wheeled_robot/models/aws_robomaker_residential_DeskPortraitD_02/materials\n'}
[1.856982] (two_wheeled_robot) StdoutLine: {'line': b'-- Up-to-date: /home/greyflon/lab_2025/install/two_wheeled_robot/share/two_wheeled_robot/models/aws_robomaker_residential_DeskPortraitD_02/materials/textures\n'}
[1.857053] (two_wheeled_robot) StdoutLine: {'line': b'-- Up-to-date: /home/greyflon/lab_2025/install/two_wheeled_robot/share/two_wheeled_robot/models/aws_robomaker_residential_DeskPortraitD_02/materials/textures/aws_DeskPortraitD_02.png\n'}
[1.857120] (two_wheeled_robot) StdoutLine: {'line': b'-- Up-to-date: /home/greyflon/lab_2025/install/two_wheeled_robot/share/two_wheeled_robot/models/aws_robomaker_residential_DeskPortraitD_02/materials/textures/aws_DeskPortraitD_01.png\n'}
[1.857188] (two_wheeled_robot) StdoutLine: {'line': b'-- Up-to-date: /home/greyflon/lab_2025/install/two_wheeled_robot/share/two_wheeled_robot/models/aws_robomaker_residential_DeskPortraitD_02/materials/textures/DeskPortraitD_02.jpg\n'}
[1.857255] (two_wheeled_robot) StdoutLine: {'line': b'-- Up-to-date: /home/greyflon/lab_2025/install/two_wheeled_robot/share/two_wheeled_robot/models/aws_robomaker_residential_DeskPortraitD_02/model.sdf\n'}
[1.857325] (two_wheeled_robot) StdoutLine: {'line': b'-- Up-to-date: /home/greyflon/lab_2025/install/two_wheeled_robot/share/two_wheeled_robot/models/VendingMachine\n'}
[1.857391] (two_wheeled_robot) StdoutLine: {'line': b'-- Up-to-date: /home/greyflon/lab_2025/install/two_wheeled_robot/share/two_wheeled_robot/models/VendingMachine/model.config\n'}
[1.857543] (two_wheeled_robot) StdoutLine: {'line': b'-- Up-to-date: /home/greyflon/lab_2025/install/two_wheeled_robot/share/two_wheeled_robot/models/VendingMachine/meshes\n'}
[1.857615] (two_wheeled_robot) StdoutLine: {'line': b'-- Up-to-date: /home/greyflon/lab_2025/install/two_wheeled_robot/share/two_wheeled_robot/models/VendingMachine/meshes/VendingMachine.mtl\n'}
[1.857686] (two_wheeled_robot) StdoutLine: {'line': b'-- Up-to-date: /home/greyflon/lab_2025/install/two_wheeled_robot/share/two_wheeled_robot/models/VendingMachine/meshes/VendingMachine_Diffuse.png\n'}
[1.857768] (two_wheeled_robot) StdoutLine: {'line': b'-- Up-to-date: /home/greyflon/lab_2025/install/two_wheeled_robot/share/two_wheeled_robot/models/VendingMachine/meshes/VendingMachine.obj\n'}
[1.857839] (two_wheeled_robot) StdoutLine: {'line': b'-- Up-to-date: /home/greyflon/lab_2025/install/two_wheeled_robot/share/two_wheeled_robot/models/VendingMachine/thumbnails\n'}
[1.857908] (two_wheeled_robot) StdoutLine: {'line': b'-- Up-to-date: /home/greyflon/lab_2025/install/two_wheeled_robot/share/two_wheeled_robot/models/VendingMachine/thumbnails/5.png\n'}
[1.857975] (two_wheeled_robot) StdoutLine: {'line': b'-- Up-to-date: /home/greyflon/lab_2025/install/two_wheeled_robot/share/two_wheeled_robot/models/VendingMachine/thumbnails/1.png\n'}
[1.858041] (two_wheeled_robot) StdoutLine: {'line': b'-- Up-to-date: /home/greyflon/lab_2025/install/two_wheeled_robot/share/two_wheeled_robot/models/VendingMachine/thumbnails/2.png\n'}
[1.858109] (two_wheeled_robot) StdoutLine: {'line': b'-- Up-to-date: /home/greyflon/lab_2025/install/two_wheeled_robot/share/two_wheeled_robot/models/VendingMachine/thumbnails/4.png\n'}
[1.858176] (two_wheeled_robot) StdoutLine: {'line': b'-- Up-to-date: /home/greyflon/lab_2025/install/two_wheeled_robot/share/two_wheeled_robot/models/VendingMachine/thumbnails/3.png\n'}
[1.858243] (two_wheeled_robot) StdoutLine: {'line': b'-- Up-to-date: /home/greyflon/lab_2025/install/two_wheeled_robot/share/two_wheeled_robot/models/VendingMachine/model.sdf\n'}
[1.858309] (two_wheeled_robot) StdoutLine: {'line': b'-- Up-to-date: /home/greyflon/lab_2025/install/two_wheeled_robot/share/two_wheeled_robot/models/marker_infini_logo\n'}
[1.858376] (two_wheeled_robot) StdoutLine: {'line': b'-- Up-to-date: /home/greyflon/lab_2025/install/two_wheeled_robot/share/two_wheeled_robot/models/marker_infini_logo/model.config~.xml\n'}
[1.858448] (two_wheeled_robot) StdoutLine: {'line': b'-- Up-to-date: /home/greyflon/lab_2025/install/two_wheeled_robot/share/two_wheeled_robot/models/marker_infini_logo/model.sdf~\n'}
[1.858598] (two_wheeled_robot) StdoutLine: {'line': b'-- Up-to-date: /home/greyflon/lab_2025/install/two_wheeled_robot/share/two_wheeled_robot/models/marker_infini_logo/model-1_4.sdf\n'}
[1.858667] (two_wheeled_robot) StdoutLine: {'line': b'-- Up-to-date: /home/greyflon/lab_2025/install/two_wheeled_robot/share/two_wheeled_robot/models/marker_infini_logo/model.config\n'}
[1.858754] (two_wheeled_robot) StdoutLine: {'line': b'-- Up-to-date: /home/greyflon/lab_2025/install/two_wheeled_robot/share/two_wheeled_robot/models/marker_infini_logo/meshes\n'}
[1.858827] (two_wheeled_robot) StdoutLine: {'line': b'-- Up-to-date: /home/greyflon/lab_2025/install/two_wheeled_robot/share/two_wheeled_robot/models/marker_infini_logo/meshes/Marker0.dae\n'}
[1.858895] (two_wheeled_robot) StdoutLine: {'line': b'-- Up-to-date: /home/greyflon/lab_2025/install/two_wheeled_robot/share/two_wheeled_robot/models/marker_infini_logo/materials\n'}
[1.859031] (two_wheeled_robot) StdoutLine: {'line': b'-- Up-to-date: /home/greyflon/lab_2025/install/two_wheeled_robot/share/two_wheeled_robot/models/marker_infini_logo/materials/textures\n'}
[1.859097] (two_wheeled_robot) StdoutLine: {'line': b'-- Up-to-date: /home/greyflon/lab_2025/install/two_wheeled_robot/share/two_wheeled_robot/models/marker_infini_logo/materials/textures/Marker0_tmp.png\n'}
[1.859192] (two_wheeled_robot) StdoutLine: {'line': b'-- Up-to-date: /home/greyflon/lab_2025/install/two_wheeled_robot/share/two_wheeled_robot/models/marker_infini_logo/materials/textures/BKP_Marker0.png\n'}
[1.859256] (two_wheeled_robot) StdoutLine: {'line': b'-- Up-to-date: /home/greyflon/lab_2025/install/two_wheeled_robot/share/two_wheeled_robot/models/marker_infini_logo/materials/textures/Marker0.png\n'}
[1.859321] (two_wheeled_robot) StdoutLine: {'line': b'-- Up-to-date: /home/greyflon/lab_2025/install/two_wheeled_robot/share/two_wheeled_robot/models/marker_infini_logo/model.sdf\n'}
[1.859390] (two_wheeled_robot) StdoutLine: {'line': b'-- Up-to-date: /home/greyflon/lab_2025/install/two_wheeled_robot/share/two_wheeled_robot/models/marker_infini_logo/model-1_5.sdf~\n'}
[1.859458] (two_wheeled_robot) StdoutLine: {'line': b'-- Up-to-date: /home/greyflon/lab_2025/install/two_wheeled_robot/share/two_wheeled_robot/models/marker_infini_logo/model-1_5.sdf\n'}
[1.859527] (two_wheeled_robot) StdoutLine: {'line': b'-- Up-to-date: /home/greyflon/lab_2025/install/two_wheeled_robot/share/two_wheeled_robot/models/marker_infini_logo/model-1_4.sdf~\n'}
[1.859597] (two_wheeled_robot) StdoutLine: {'line': b'-- Up-to-date: /home/greyflon/lab_2025/install/two_wheeled_robot/share/two_wheeled_robot/models/aws_robomaker_residential_PortraitE_01\n'}
[1.859666] (two_wheeled_robot) StdoutLine: {'line': b'-- Up-to-date: /home/greyflon/lab_2025/install/two_wheeled_robot/share/two_wheeled_robot/models/aws_robomaker_residential_PortraitE_01/model.config\n'}
[1.859819] (two_wheeled_robot) StdoutLine: {'line': b'-- Up-to-date: /home/greyflon/lab_2025/install/two_wheeled_robot/share/two_wheeled_robot/models/aws_robomaker_residential_PortraitE_01/meshes\n'}
[1.859887] (two_wheeled_robot) StdoutLine: {'line': b'-- Up-to-date: /home/greyflon/lab_2025/install/two_wheeled_robot/share/two_wheeled_robot/models/aws_robomaker_residential_PortraitE_01/meshes/aws_PortraitE_01_visual.DAE\n'}
[1.859957] (two_wheeled_robot) StdoutLine: {'line': b'-- Up-to-date: /home/greyflon/lab_2025/install/two_wheeled_robot/share/two_wheeled_robot/models/aws_robomaker_residential_PortraitE_01/meshes/aws_PortraitE_01_collision.DAE\n'}
[1.860026] (two_wheeled_robot) StdoutLine: {'line': b'-- Up-to-date: /home/greyflon/lab_2025/install/two_wheeled_robot/share/two_wheeled_robot/models/aws_robomaker_residential_PortraitE_01/materials\n'}
[1.860097] (two_wheeled_robot) StdoutLine: {'line': b'-- Up-to-date: /home/greyflon/lab_2025/install/two_wheeled_robot/share/two_wheeled_robot/models/aws_robomaker_residential_PortraitE_01/materials/textures\n'}
[1.860166] (two_wheeled_robot) StdoutLine: {'line': b'-- Up-to-date: /home/greyflon/lab_2025/install/two_wheeled_robot/share/two_wheeled_robot/models/aws_robomaker_residential_PortraitE_01/materials/textures/aws_PortraitE_01.png\n'}
[1.860291] (two_wheeled_robot) StdoutLine: {'line': b'-- Up-to-date: /home/greyflon/lab_2025/install/two_wheeled_robot/share/two_wheeled_robot/models/aws_robomaker_residential_PortraitE_01/materials/textures/aws_PortraitE_02.png\n'}
[1.860356] (two_wheeled_robot) StdoutLine: {'line': b'-- Up-to-date: /home/greyflon/lab_2025/install/two_wheeled_robot/share/two_wheeled_robot/models/aws_robomaker_residential_PortraitE_01/materials/textures/PortraitE_01.jpg\n'}
[1.860425] (two_wheeled_robot) StdoutLine: {'line': b'-- Up-to-date: /home/greyflon/lab_2025/install/two_wheeled_robot/share/two_wheeled_robot/models/aws_robomaker_residential_PortraitE_01/model.sdf\n'}
[1.860494] (two_wheeled_robot) StdoutLine: {'line': b'-- Up-to-date: /home/greyflon/lab_2025/install/two_wheeled_robot/share/two_wheeled_robot/models/aws_robomaker_residential_DeskPortraitC_02\n'}
[1.860562] (two_wheeled_robot) StdoutLine: {'line': b'-- Up-to-date: /home/greyflon/lab_2025/install/two_wheeled_robot/share/two_wheeled_robot/models/aws_robomaker_residential_DeskPortraitC_02/model.config\n'}
[1.860632] (two_wheeled_robot) StdoutLine: {'line': b'-- Up-to-date: /home/greyflon/lab_2025/install/two_wheeled_robot/share/two_wheeled_robot/models/aws_robomaker_residential_DeskPortraitC_02/meshes\n'}
[1.860708] (two_wheeled_robot) StdoutLine: {'line': b'-- Up-to-date: /home/greyflon/lab_2025/install/two_wheeled_robot/share/two_wheeled_robot/models/aws_robomaker_residential_DeskPortraitC_02/meshes/aws_DeskPortraitC_01_collision.DAE\n'}
[1.860789] (two_wheeled_robot) StdoutLine: {'line': b'-- Up-to-date: /home/greyflon/lab_2025/install/two_wheeled_robot/share/two_wheeled_robot/models/aws_robomaker_residential_DeskPortraitC_02/meshes/aws_DeskPortraitC_01_visual.DAE\n'}
[1.860861] (two_wheeled_robot) StdoutLine: {'line': b'-- Up-to-date: /home/greyflon/lab_2025/install/two_wheeled_robot/share/two_wheeled_robot/models/aws_robomaker_residential_DeskPortraitC_02/materials\n'}
[1.860931] (two_wheeled_robot) StdoutLine: {'line': b'-- Up-to-date: /home/greyflon/lab_2025/install/two_wheeled_robot/share/two_wheeled_robot/models/aws_robomaker_residential_DeskPortraitC_02/materials/textures\n'}
[1.861044] (two_wheeled_robot) StdoutLine: {'line': b'-- Up-to-date: /home/greyflon/lab_2025/install/two_wheeled_robot/share/two_wheeled_robot/models/aws_robomaker_residential_DeskPortraitC_02/materials/textures/aws_DeskPortraitC_01.png\n'}
[1.861210] (two_wheeled_robot) StdoutLine: {'line': b'-- Up-to-date: /home/greyflon/lab_2025/install/two_wheeled_robot/share/two_wheeled_robot/models/aws_robomaker_residential_DeskPortraitC_02/materials/textures/aws_DeskPortraitC_02.png\n'}
[1.861277] (two_wheeled_robot) StdoutLine: {'line': b'-- Up-to-date: /home/greyflon/lab_2025/install/two_wheeled_robot/share/two_wheeled_robot/models/aws_robomaker_residential_DeskPortraitC_02/materials/textures/DeskPortraitC_02.jpg\n'}
[1.861419] (two_wheeled_robot) StdoutLine: {'line': b'-- Up-to-date: /home/greyflon/lab_2025/install/two_wheeled_robot/share/two_wheeled_robot/models/aws_robomaker_residential_DeskPortraitC_02/model.sdf\n'}
[1.861542] (two_wheeled_robot) StdoutLine: {'line': b'-- Up-to-date: /home/greyflon/lab_2025/install/two_wheeled_robot/share/two_wheeled_robot/models/BloodPressureMonitor\n'}
[1.861612] (two_wheeled_robot) StdoutLine: {'line': b'-- Up-to-date: /home/greyflon/lab_2025/install/two_wheeled_robot/share/two_wheeled_robot/models/BloodPressureMonitor/model.config\n'}
[1.861674] (two_wheeled_robot) StdoutLine: {'line': b'-- Up-to-date: /home/greyflon/lab_2025/install/two_wheeled_robot/share/two_wheeled_robot/models/BloodPressureMonitor/meshes\n'}
[1.861758] (two_wheeled_robot) StdoutLine: {'line': b'-- Up-to-date: /home/greyflon/lab_2025/install/two_wheeled_robot/share/two_wheeled_robot/models/BloodPressureMonitor/meshes/BloodPressureMonitor.png\n'}
[1.861831] (two_wheeled_robot) StdoutLine: {'line': b'-- Up-to-date: /home/greyflon/lab_2025/install/two_wheeled_robot/share/two_wheeled_robot/models/BloodPressureMonitor/meshes/BloodPressureMonitor_Col.obj\n'}
[1.862008] (two_wheeled_robot) StdoutLine: {'line': b'-- Up-to-date: /home/greyflon/lab_2025/install/two_wheeled_robot/share/two_wheeled_robot/models/BloodPressureMonitor/meshes/BloodPressureMonitor_Col.mtl\n'}
[1.862073] (two_wheeled_robot) StdoutLine: {'line': b'-- Up-to-date: /home/greyflon/lab_2025/install/two_wheeled_robot/share/two_wheeled_robot/models/BloodPressureMonitor/meshes/BloodPressureMonitor.mtl\n'}
[1.862136] (two_wheeled_robot) StdoutLine: {'line': b'-- Up-to-date: /home/greyflon/lab_2025/install/two_wheeled_robot/share/two_wheeled_robot/models/BloodPressureMonitor/meshes/BloodPressureMonitor.obj\n'}
[1.862205] (two_wheeled_robot) StdoutLine: {'line': b'-- Up-to-date: /home/greyflon/lab_2025/install/two_wheeled_robot/share/two_wheeled_robot/models/BloodPressureMonitor/thumbnails\n'}
[1.862277] (two_wheeled_robot) StdoutLine: {'line': b'-- Up-to-date: /home/greyflon/lab_2025/install/two_wheeled_robot/share/two_wheeled_robot/models/BloodPressureMonitor/thumbnails/5.png\n'}
[1.862345] (two_wheeled_robot) StdoutLine: {'line': b'-- Up-to-date: /home/greyflon/lab_2025/install/two_wheeled_robot/share/two_wheeled_robot/models/BloodPressureMonitor/thumbnails/1.png\n'}
[1.862415] (two_wheeled_robot) StdoutLine: {'line': b'-- Up-to-date: /home/greyflon/lab_2025/install/two_wheeled_robot/share/two_wheeled_robot/models/BloodPressureMonitor/thumbnails/2.png\n'}
[1.862484] (two_wheeled_robot) StdoutLine: {'line': b'-- Up-to-date: /home/greyflon/lab_2025/install/two_wheeled_robot/share/two_wheeled_robot/models/BloodPressureMonitor/thumbnails/4.png\n'}
[1.862554] (two_wheeled_robot) StdoutLine: {'line': b'-- Up-to-date: /home/greyflon/lab_2025/install/two_wheeled_robot/share/two_wheeled_robot/models/BloodPressureMonitor/thumbnails/3.png\n'}
[1.862623] (two_wheeled_robot) StdoutLine: {'line': b'-- Up-to-date: /home/greyflon/lab_2025/install/two_wheeled_robot/share/two_wheeled_robot/models/BloodPressureMonitor/model.sdf\n'}
[1.862692] (two_wheeled_robot) StdoutLine: {'line': b'-- Up-to-date: /home/greyflon/lab_2025/install/two_wheeled_robot/share/two_wheeled_robot/models/shelves_high2\n'}
[1.862874] (two_wheeled_robot) StdoutLine: {'line': b'-- Up-to-date: /home/greyflon/lab_2025/install/two_wheeled_robot/share/two_wheeled_robot/models/shelves_high2/model.config\n'}
[1.862949] (two_wheeled_robot) StdoutLine: {'line': b'-- Up-to-date: /home/greyflon/lab_2025/install/two_wheeled_robot/share/two_wheeled_robot/models/shelves_high2/meshes\n'}
[1.863086] (two_wheeled_robot) StdoutLine: {'line': b'-- Up-to-date: /home/greyflon/lab_2025/install/two_wheeled_robot/share/two_wheeled_robot/models/shelves_high2/meshes/shelves_high2.dae\n'}
[1.863156] (two_wheeled_robot) StdoutLine: {'line': b'-- Up-to-date: /home/greyflon/lab_2025/install/two_wheeled_robot/share/two_wheeled_robot/models/shelves_high2/meshes/shelves_high2_collision.dae\n'}
[1.863225] (two_wheeled_robot) StdoutLine: {'line': b'-- Up-to-date: /home/greyflon/lab_2025/install/two_wheeled_robot/share/two_wheeled_robot/models/shelves_high2/materials\n'}
[1.863293] (two_wheeled_robot) StdoutLine: {'line': b'-- Up-to-date: /home/greyflon/lab_2025/install/two_wheeled_robot/share/two_wheeled_robot/models/shelves_high2/materials/textures\n'}
[1.863363] (two_wheeled_robot) StdoutLine: {'line': b'-- Up-to-date: /home/greyflon/lab_2025/install/two_wheeled_robot/share/two_wheeled_robot/models/shelves_high2/materials/textures/__CorrogateShiny_.jpg\n'}
[1.863432] (two_wheeled_robot) StdoutLine: {'line': b'-- Up-to-date: /home/greyflon/lab_2025/install/two_wheeled_robot/share/two_wheeled_robot/models/shelves_high2/model.sdf\n'}
[1.863503] (two_wheeled_robot) StdoutLine: {'line': b'-- Up-to-date: /home/greyflon/lab_2025/install/two_wheeled_robot/share/two_wheeled_robot/models/MaleVisitorSit\n'}
[1.863569] (two_wheeled_robot) StdoutLine: {'line': b'-- Up-to-date: /home/greyflon/lab_2025/install/two_wheeled_robot/share/two_wheeled_robot/models/MaleVisitorSit/model.config\n'}
[1.863755] (two_wheeled_robot) StdoutLine: {'line': b'-- Up-to-date: /home/greyflon/lab_2025/install/two_wheeled_robot/share/two_wheeled_robot/models/MaleVisitorSit/meshes\n'}
[1.863888] (two_wheeled_robot) StdoutLine: {'line': b'-- Up-to-date: /home/greyflon/lab_2025/install/two_wheeled_robot/share/two_wheeled_robot/models/MaleVisitorSit/meshes/Phone.png\n'}
[1.863952] (two_wheeled_robot) StdoutLine: {'line': b'-- Up-to-date: /home/greyflon/lab_2025/install/two_wheeled_robot/share/two_wheeled_robot/models/MaleVisitorSit/meshes/MaleVisitorSit_Col.mtl\n'}
[1.864020] (two_wheeled_robot) StdoutLine: {'line': b'-- Up-to-date: /home/greyflon/lab_2025/install/two_wheeled_robot/share/two_wheeled_robot/models/MaleVisitorSit/meshes/MaleVisitorSit.obj\n'}
[1.864091] (two_wheeled_robot) StdoutLine: {'line': b'-- Up-to-date: /home/greyflon/lab_2025/install/two_wheeled_robot/share/two_wheeled_robot/models/MaleVisitorSit/meshes/MaleVisitorSit_Col.obj\n'}
[1.864158] (two_wheeled_robot) StdoutLine: {'line': b'-- Up-to-date: /home/greyflon/lab_2025/install/two_wheeled_robot/share/two_wheeled_robot/models/MaleVisitorSit/meshes/MaleVisitorSit.mtl\n'}
[1.864224] (two_wheeled_robot) StdoutLine: {'line': b'-- Up-to-date: /home/greyflon/lab_2025/install/two_wheeled_robot/share/two_wheeled_robot/models/MaleVisitorSit/meshes/MaleVisitorSit.png\n'}
[1.864356] (two_wheeled_robot) StdoutLine: {'line': b'-- Up-to-date: /home/greyflon/lab_2025/install/two_wheeled_robot/share/two_wheeled_robot/models/MaleVisitorSit/thumbnails\n'}
[1.864426] (two_wheeled_robot) StdoutLine: {'line': b'-- Up-to-date: /home/greyflon/lab_2025/install/two_wheeled_robot/share/two_wheeled_robot/models/MaleVisitorSit/thumbnails/5.png\n'}
[1.864494] (two_wheeled_robot) StdoutLine: {'line': b'-- Up-to-date: /home/greyflon/lab_2025/install/two_wheeled_robot/share/two_wheeled_robot/models/MaleVisitorSit/thumbnails/1.png\n'}
[1.864563] (two_wheeled_robot) StdoutLine: {'line': b'-- Up-to-date: /home/greyflon/lab_2025/install/two_wheeled_robot/share/two_wheeled_robot/models/MaleVisitorSit/thumbnails/2.png\n'}
[1.864630] (two_wheeled_robot) StdoutLine: {'line': b'-- Up-to-date: /home/greyflon/lab_2025/install/two_wheeled_robot/share/two_wheeled_robot/models/MaleVisitorSit/thumbnails/4.png\n'}
[1.864704] (two_wheeled_robot) StdoutLine: {'line': b'-- Up-to-date: /home/greyflon/lab_2025/install/two_wheeled_robot/share/two_wheeled_robot/models/MaleVisitorSit/thumbnails/3.png\n'}
[1.864783] (two_wheeled_robot) StdoutLine: {'line': b'-- Up-to-date: /home/greyflon/lab_2025/install/two_wheeled_robot/share/two_wheeled_robot/models/MaleVisitorSit/model.sdf\n'}
[1.864851] (two_wheeled_robot) StdoutLine: {'line': b'-- Up-to-date: /home/greyflon/lab_2025/install/two_wheeled_robot/share/two_wheeled_robot/models/bowl\n'}
[1.864920] (two_wheeled_robot) StdoutLine: {'line': b'-- Up-to-date: /home/greyflon/lab_2025/install/two_wheeled_robot/share/two_wheeled_robot/models/bowl/model-1_2.sdf\n'}
[1.864987] (two_wheeled_robot) StdoutLine: {'line': b'-- Up-to-date: /home/greyflon/lab_2025/install/two_wheeled_robot/share/two_wheeled_robot/models/bowl/model-1_4.sdf\n'}
[1.865055] (two_wheeled_robot) StdoutLine: {'line': b'-- Up-to-date: /home/greyflon/lab_2025/install/two_wheeled_robot/share/two_wheeled_robot/models/bowl/model.config\n'}
[1.865121] (two_wheeled_robot) StdoutLine: {'line': b'-- Up-to-date: /home/greyflon/lab_2025/install/two_wheeled_robot/share/two_wheeled_robot/models/bowl/meshes\n'}
[1.865188] (two_wheeled_robot) StdoutLine: {'line': b'-- Up-to-date: /home/greyflon/lab_2025/install/two_wheeled_robot/share/two_wheeled_robot/models/bowl/meshes/bowl.dae\n'}
[1.865254] (two_wheeled_robot) StdoutLine: {'line': b'-- Up-to-date: /home/greyflon/lab_2025/install/two_wheeled_robot/share/two_wheeled_robot/models/bowl/model.sdf\n'}
[1.865324] (two_wheeled_robot) StdoutLine: {'line': b'-- Up-to-date: /home/greyflon/lab_2025/install/two_wheeled_robot/share/two_wheeled_robot/models/bowl/model-1_3.sdf\n'}
[1.865393] (two_wheeled_robot) StdoutLine: {'line': b'-- Up-to-date: /home/greyflon/lab_2025/install/two_wheeled_robot/share/two_wheeled_robot/models/green_target\n'}
[1.865507] (two_wheeled_robot) StdoutLine: {'line': b'-- Up-to-date: /home/greyflon/lab_2025/install/two_wheeled_robot/share/two_wheeled_robot/models/green_target/model.config\n'}
[1.865575] (two_wheeled_robot) StdoutLine: {'line': b'-- Up-to-date: /home/greyflon/lab_2025/install/two_wheeled_robot/share/two_wheeled_robot/models/green_target/meshes\n'}
[1.865644] (two_wheeled_robot) StdoutLine: {'line': b'-- Up-to-date: /home/greyflon/lab_2025/install/two_wheeled_robot/share/two_wheeled_robot/models/green_target/meshes/green_target.dae\n'}
[1.865847] (two_wheeled_robot) StdoutLine: {'line': b'-- Up-to-date: /home/greyflon/lab_2025/install/two_wheeled_robot/share/two_wheeled_robot/models/green_target/model.sdf\n'}
[1.865926] (two_wheeled_robot) StdoutLine: {'line': b'-- Up-to-date: /home/greyflon/lab_2025/install/two_wheeled_robot/share/two_wheeled_robot/models/door\n'}
[1.865992] (two_wheeled_robot) StdoutLine: {'line': b'-- Up-to-date: /home/greyflon/lab_2025/install/two_wheeled_robot/share/two_wheeled_robot/models/door/model.config\n'}
[1.866062] (two_wheeled_robot) StdoutLine: {'line': b'-- Up-to-date: /home/greyflon/lab_2025/install/two_wheeled_robot/share/two_wheeled_robot/models/door/meshes\n'}
[1.866129] (two_wheeled_robot) StdoutLine: {'line': b'-- Up-to-date: /home/greyflon/lab_2025/install/two_wheeled_robot/share/two_wheeled_robot/models/door/meshes/door_frame.obj\n'}
[1.866195] (two_wheeled_robot) StdoutLine: {'line': b'-- Up-to-date: /home/greyflon/lab_2025/install/two_wheeled_robot/share/two_wheeled_robot/models/door/meshes/door.obj\n'}
[1.866264] (two_wheeled_robot) StdoutLine: {'line': b'-- Up-to-date: /home/greyflon/lab_2025/install/two_wheeled_robot/share/two_wheeled_robot/models/door/meshes/door.mtl\n'}
[1.866331] (two_wheeled_robot) StdoutLine: {'line': b'-- Up-to-date: /home/greyflon/lab_2025/install/two_wheeled_robot/share/two_wheeled_robot/models/door/meshes/door_door.obj\n'}
[1.866398] (two_wheeled_robot) StdoutLine: {'line': b'-- Up-to-date: /home/greyflon/lab_2025/install/two_wheeled_robot/share/two_wheeled_robot/models/door/materials\n'}
[1.866559] (two_wheeled_robot) StdoutLine: {'line': b'-- Up-to-date: /home/greyflon/lab_2025/install/two_wheeled_robot/share/two_wheeled_robot/models/door/materials/textures\n'}
[1.866624] (two_wheeled_robot) StdoutLine: {'line': b'-- Up-to-date: /home/greyflon/lab_2025/install/two_wheeled_robot/share/two_wheeled_robot/models/door/materials/textures/refrigerator.png\n'}
[1.866684] (two_wheeled_robot) StdoutLine: {'line': b'-- Up-to-date: /home/greyflon/lab_2025/install/two_wheeled_robot/share/two_wheeled_robot/models/door/materials/textures/ceiling.png\n'}
[1.866766] (two_wheeled_robot) StdoutLine: {'line': b'-- Up-to-date: /home/greyflon/lab_2025/install/two_wheeled_robot/share/two_wheeled_robot/models/door/materials/textures/door.png\n'}
[1.866902] (two_wheeled_robot) StdoutLine: {'line': b'-- Up-to-date: /home/greyflon/lab_2025/install/two_wheeled_robot/share/two_wheeled_robot/models/door/model.sdf\n'}
[1.866971] (two_wheeled_robot) StdoutLine: {'line': b'-- Up-to-date: /home/greyflon/lab_2025/install/two_wheeled_robot/share/two_wheeled_robot/models/TrolleyBed\n'}
[1.867040] (two_wheeled_robot) StdoutLine: {'line': b'-- Up-to-date: /home/greyflon/lab_2025/install/two_wheeled_robot/share/two_wheeled_robot/models/TrolleyBed/model.config\n'}
[1.867108] (two_wheeled_robot) StdoutLine: {'line': b'-- Up-to-date: /home/greyflon/lab_2025/install/two_wheeled_robot/share/two_wheeled_robot/models/TrolleyBed/meshes\n'}
[1.867174] (two_wheeled_robot) StdoutLine: {'line': b'-- Up-to-date: /home/greyflon/lab_2025/install/two_wheeled_robot/share/two_wheeled_robot/models/TrolleyBed/meshes/TrolleyBed.obj\n'}
[1.867245] (two_wheeled_robot) StdoutLine: {'line': b'-- Up-to-date: /home/greyflon/lab_2025/install/two_wheeled_robot/share/two_wheeled_robot/models/TrolleyBed/meshes/TrolleyBed.mtl\n'}
[1.867313] (two_wheeled_robot) StdoutLine: {'line': b'-- Up-to-date: /home/greyflon/lab_2025/install/two_wheeled_robot/share/two_wheeled_robot/models/TrolleyBed/meshes/TrolleyBed_Diffuse.png\n'}
[1.867500] (two_wheeled_robot) StdoutLine: {'line': b'-- Up-to-date: /home/greyflon/lab_2025/install/two_wheeled_robot/share/two_wheeled_robot/models/TrolleyBed/thumbnails\n'}
[1.867566] (two_wheeled_robot) StdoutLine: {'line': b'-- Up-to-date: /home/greyflon/lab_2025/install/two_wheeled_robot/share/two_wheeled_robot/models/TrolleyBed/thumbnails/5.png\n'}
[1.867632] (two_wheeled_robot) StdoutLine: {'line': b'-- Up-to-date: /home/greyflon/lab_2025/install/two_wheeled_robot/share/two_wheeled_robot/models/TrolleyBed/thumbnails/1.png\n'}
[1.867709] (two_wheeled_robot) StdoutLine: {'line': b'-- Up-to-date: /home/greyflon/lab_2025/install/two_wheeled_robot/share/two_wheeled_robot/models/TrolleyBed/thumbnails/2.png\n'}
[1.867791] (two_wheeled_robot) StdoutLine: {'line': b'-- Up-to-date: /home/greyflon/lab_2025/install/two_wheeled_robot/share/two_wheeled_robot/models/TrolleyBed/thumbnails/4.png\n'}
[1.867860] (two_wheeled_robot) StdoutLine: {'line': b'-- Up-to-date: /home/greyflon/lab_2025/install/two_wheeled_robot/share/two_wheeled_robot/models/TrolleyBed/thumbnails/3.png\n'}
[1.867929] (two_wheeled_robot) StdoutLine: {'line': b'-- Up-to-date: /home/greyflon/lab_2025/install/two_wheeled_robot/share/two_wheeled_robot/models/TrolleyBed/model.sdf\n'}
[1.868000] (two_wheeled_robot) StdoutLine: {'line': b'-- Up-to-date: /home/greyflon/lab_2025/install/two_wheeled_robot/share/two_wheeled_robot/models/aws_robomaker_residential_PortraitD_02\n'}
[1.868069] (two_wheeled_robot) StdoutLine: {'line': b'-- Up-to-date: /home/greyflon/lab_2025/install/two_wheeled_robot/share/two_wheeled_robot/models/aws_robomaker_residential_PortraitD_02/model.config\n'}
[1.868139] (two_wheeled_robot) StdoutLine: {'line': b'-- Up-to-date: /home/greyflon/lab_2025/install/two_wheeled_robot/share/two_wheeled_robot/models/aws_robomaker_residential_PortraitD_02/meshes\n'}
[1.868208] (two_wheeled_robot) StdoutLine: {'line': b'-- Up-to-date: /home/greyflon/lab_2025/install/two_wheeled_robot/share/two_wheeled_robot/models/aws_robomaker_residential_PortraitD_02/meshes/aws_PortraitD_01_collision.DAE\n'}
[1.868277] (two_wheeled_robot) StdoutLine: {'line': b'-- Up-to-date: /home/greyflon/lab_2025/install/two_wheeled_robot/share/two_wheeled_robot/models/aws_robomaker_residential_PortraitD_02/meshes/aws_PortraitD_01_visual.DAE\n'}
[1.868345] (two_wheeled_robot) StdoutLine: {'line': b'-- Up-to-date: /home/greyflon/lab_2025/install/two_wheeled_robot/share/two_wheeled_robot/models/aws_robomaker_residential_PortraitD_02/materials\n'}
[1.868414] (two_wheeled_robot) StdoutLine: {'line': b'-- Up-to-date: /home/greyflon/lab_2025/install/two_wheeled_robot/share/two_wheeled_robot/models/aws_robomaker_residential_PortraitD_02/materials/textures\n'}
[1.868485] (two_wheeled_robot) StdoutLine: {'line': b'-- Up-to-date: /home/greyflon/lab_2025/install/two_wheeled_robot/share/two_wheeled_robot/models/aws_robomaker_residential_PortraitD_02/materials/textures/aws_PortraitD_02.png\n'}
[1.868554] (two_wheeled_robot) StdoutLine: {'line': b'-- Up-to-date: /home/greyflon/lab_2025/install/two_wheeled_robot/share/two_wheeled_robot/models/aws_robomaker_residential_PortraitD_02/materials/textures/PortraitD_02.jpg\n'}
[1.868622] (two_wheeled_robot) StdoutLine: {'line': b'-- Up-to-date: /home/greyflon/lab_2025/install/two_wheeled_robot/share/two_wheeled_robot/models/aws_robomaker_residential_PortraitD_02/materials/textures/aws_PortraitD_01.png\n'}
[1.868694] (two_wheeled_robot) StdoutLine: {'line': b'-- Up-to-date: /home/greyflon/lab_2025/install/two_wheeled_robot/share/two_wheeled_robot/models/aws_robomaker_residential_PortraitD_02/model.sdf\n'}
[1.868779] (two_wheeled_robot) StdoutLine: {'line': b'-- Up-to-date: /home/greyflon/lab_2025/install/two_wheeled_robot/share/two_wheeled_robot/models/aws_robomaker_residential_BalconyTable_01\n'}
[1.868902] (two_wheeled_robot) StdoutLine: {'line': b'-- Up-to-date: /home/greyflon/lab_2025/install/two_wheeled_robot/share/two_wheeled_robot/models/aws_robomaker_residential_BalconyTable_01/model.config\n'}
[1.869068] (two_wheeled_robot) StdoutLine: {'line': b'-- Up-to-date: /home/greyflon/lab_2025/install/two_wheeled_robot/share/two_wheeled_robot/models/aws_robomaker_residential_BalconyTable_01/meshes\n'}
[1.869136] (two_wheeled_robot) StdoutLine: {'line': b'-- Up-to-date: /home/greyflon/lab_2025/install/two_wheeled_robot/share/two_wheeled_robot/models/aws_robomaker_residential_BalconyTable_01/meshes/aws_BalconyTable_01_collision.DAE\n'}
[1.869206] (two_wheeled_robot) StdoutLine: {'line': b'-- Up-to-date: /home/greyflon/lab_2025/install/two_wheeled_robot/share/two_wheeled_robot/models/aws_robomaker_residential_BalconyTable_01/meshes/aws_BalconyTable_01_visual.DAE\n'}
[1.869275] (two_wheeled_robot) StdoutLine: {'line': b'-- Up-to-date: /home/greyflon/lab_2025/install/two_wheeled_robot/share/two_wheeled_robot/models/aws_robomaker_residential_BalconyTable_01/materials\n'}
[1.869344] (two_wheeled_robot) StdoutLine: {'line': b'-- Up-to-date: /home/greyflon/lab_2025/install/two_wheeled_robot/share/two_wheeled_robot/models/aws_robomaker_residential_BalconyTable_01/materials/textures\n'}
[1.869415] (two_wheeled_robot) StdoutLine: {'line': b'-- Up-to-date: /home/greyflon/lab_2025/install/two_wheeled_robot/share/two_wheeled_robot/models/aws_robomaker_residential_BalconyTable_01/materials/textures/aws_BalconyTable_01.png\n'}
[1.869483] (two_wheeled_robot) StdoutLine: {'line': b'-- Up-to-date: /home/greyflon/lab_2025/install/two_wheeled_robot/share/two_wheeled_robot/models/aws_robomaker_residential_BalconyTable_01/model.sdf\n'}
[1.869551] (two_wheeled_robot) StdoutLine: {'line': b'-- Up-to-date: /home/greyflon/lab_2025/install/two_wheeled_robot/share/two_wheeled_robot/models/aws_robomaker_residential_PortraitD_01\n'}
[1.869622] (two_wheeled_robot) StdoutLine: {'line': b'-- Up-to-date: /home/greyflon/lab_2025/install/two_wheeled_robot/share/two_wheeled_robot/models/aws_robomaker_residential_PortraitD_01/model.config\n'}
[1.869690] (two_wheeled_robot) StdoutLine: {'line': b'-- Up-to-date: /home/greyflon/lab_2025/install/two_wheeled_robot/share/two_wheeled_robot/models/aws_robomaker_residential_PortraitD_01/meshes\n'}
[1.869774] (two_wheeled_robot) StdoutLine: {'line': b'-- Up-to-date: /home/greyflon/lab_2025/install/two_wheeled_robot/share/two_wheeled_robot/models/aws_robomaker_residential_PortraitD_01/meshes/aws_PortraitD_01_collision.DAE\n'}
[1.869850] (two_wheeled_robot) StdoutLine: {'line': b'-- Up-to-date: /home/greyflon/lab_2025/install/two_wheeled_robot/share/two_wheeled_robot/models/aws_robomaker_residential_PortraitD_01/meshes/aws_PortraitD_01_visual.DAE\n'}
[1.869919] (two_wheeled_robot) StdoutLine: {'line': b'-- Up-to-date: /home/greyflon/lab_2025/install/two_wheeled_robot/share/two_wheeled_robot/models/aws_robomaker_residential_PortraitD_01/materials\n'}
[1.869990] (two_wheeled_robot) StdoutLine: {'line': b'-- Up-to-date: /home/greyflon/lab_2025/install/two_wheeled_robot/share/two_wheeled_robot/models/aws_robomaker_residential_PortraitD_01/materials/textures\n'}
[1.870059] (two_wheeled_robot) StdoutLine: {'line': b'-- Up-to-date: /home/greyflon/lab_2025/install/two_wheeled_robot/share/two_wheeled_robot/models/aws_robomaker_residential_PortraitD_01/materials/textures/aws_PortraitD_02.png\n'}
[1.870127] (two_wheeled_robot) StdoutLine: {'line': b'-- Up-to-date: /home/greyflon/lab_2025/install/two_wheeled_robot/share/two_wheeled_robot/models/aws_robomaker_residential_PortraitD_01/materials/textures/PortraitD_01.jpg\n'}
[1.870206] (two_wheeled_robot) StdoutLine: {'line': b'-- Up-to-date: /home/greyflon/lab_2025/install/two_wheeled_robot/share/two_wheeled_robot/models/aws_robomaker_residential_PortraitD_01/materials/textures/aws_PortraitD_01.png\n'}
[1.870288] (two_wheeled_robot) StdoutLine: {'line': b'-- Up-to-date: /home/greyflon/lab_2025/install/two_wheeled_robot/share/two_wheeled_robot/models/aws_robomaker_residential_PortraitD_01/model.sdf\n'}
[1.870359] (two_wheeled_robot) StdoutLine: {'line': b'-- Up-to-date: /home/greyflon/lab_2025/install/two_wheeled_robot/share/two_wheeled_robot/models/aws_robomaker_residential_DeskPortraitD_03\n'}
[1.870477] (two_wheeled_robot) StdoutLine: {'line': b'-- Up-to-date: /home/greyflon/lab_2025/install/two_wheeled_robot/share/two_wheeled_robot/models/aws_robomaker_residential_DeskPortraitD_03/model.config\n'}
[1.870551] (two_wheeled_robot) StdoutLine: {'line': b'-- Up-to-date: /home/greyflon/lab_2025/install/two_wheeled_robot/share/two_wheeled_robot/models/aws_robomaker_residential_DeskPortraitD_03/meshes\n'}
[1.870621] (two_wheeled_robot) StdoutLine: {'line': b'-- Up-to-date: /home/greyflon/lab_2025/install/two_wheeled_robot/share/two_wheeled_robot/models/aws_robomaker_residential_DeskPortraitD_03/meshes/aws_DeskPortraitD_01_visual.DAE\n'}
[1.870689] (two_wheeled_robot) StdoutLine: {'line': b'-- Up-to-date: /home/greyflon/lab_2025/install/two_wheeled_robot/share/two_wheeled_robot/models/aws_robomaker_residential_DeskPortraitD_03/meshes/aws_DeskPortraitD_01_collision.DAE\n'}
[1.870771] (two_wheeled_robot) StdoutLine: {'line': b'-- Up-to-date: /home/greyflon/lab_2025/install/two_wheeled_robot/share/two_wheeled_robot/models/aws_robomaker_residential_DeskPortraitD_03/materials\n'}
[1.870843] (two_wheeled_robot) StdoutLine: {'line': b'-- Up-to-date: /home/greyflon/lab_2025/install/two_wheeled_robot/share/two_wheeled_robot/models/aws_robomaker_residential_DeskPortraitD_03/materials/textures\n'}
[1.871041] (two_wheeled_robot) StdoutLine: {'line': b'-- Up-to-date: /home/greyflon/lab_2025/install/two_wheeled_robot/share/two_wheeled_robot/models/aws_robomaker_residential_DeskPortraitD_03/materials/textures/aws_DeskPortraitD_02.png\n'}
[1.871111] (two_wheeled_robot) StdoutLine: {'line': b'-- Up-to-date: /home/greyflon/lab_2025/install/two_wheeled_robot/share/two_wheeled_robot/models/aws_robomaker_residential_DeskPortraitD_03/materials/textures/aws_DeskPortraitD_01.png\n'}
[1.871179] (two_wheeled_robot) StdoutLine: {'line': b'-- Up-to-date: /home/greyflon/lab_2025/install/two_wheeled_robot/share/two_wheeled_robot/models/aws_robomaker_residential_DeskPortraitD_03/materials/textures/DeskPortraitD_03.jpg\n'}
[1.871246] (two_wheeled_robot) StdoutLine: {'line': b'-- Up-to-date: /home/greyflon/lab_2025/install/two_wheeled_robot/share/two_wheeled_robot/models/aws_robomaker_residential_DeskPortraitD_03/model.sdf\n'}
[1.871315] (two_wheeled_robot) StdoutLine: {'line': b'-- Up-to-date: /home/greyflon/lab_2025/install/two_wheeled_robot/share/two_wheeled_robot/models/whiteboard\n'}
[1.871383] (two_wheeled_robot) StdoutLine: {'line': b'-- Up-to-date: /home/greyflon/lab_2025/install/two_wheeled_robot/share/two_wheeled_robot/models/whiteboard/model.config\n'}
[1.871450] (two_wheeled_robot) StdoutLine: {'line': b'-- Up-to-date: /home/greyflon/lab_2025/install/two_wheeled_robot/share/two_wheeled_robot/models/whiteboard/meshes\n'}
[1.871520] (two_wheeled_robot) StdoutLine: {'line': b'-- Up-to-date: /home/greyflon/lab_2025/install/two_wheeled_robot/share/two_wheeled_robot/models/whiteboard/meshes/whiteboard.mtl\n'}
[1.871587] (two_wheeled_robot) StdoutLine: {'line': b'-- Up-to-date: /home/greyflon/lab_2025/install/two_wheeled_robot/share/two_wheeled_robot/models/whiteboard/meshes/whiteboard.obj\n'}
[1.871656] (two_wheeled_robot) StdoutLine: {'line': b'-- Up-to-date: /home/greyflon/lab_2025/install/two_wheeled_robot/share/two_wheeled_robot/models/whiteboard/materials\n'}
[1.871834] (two_wheeled_robot) StdoutLine: {'line': b'-- Up-to-date: /home/greyflon/lab_2025/install/two_wheeled_robot/share/two_wheeled_robot/models/whiteboard/materials/textures\n'}
[1.871902] (two_wheeled_robot) StdoutLine: {'line': b'-- Up-to-date: /home/greyflon/lab_2025/install/two_wheeled_robot/share/two_wheeled_robot/models/whiteboard/materials/textures/whiteboard.png\n'}
[1.871965] (two_wheeled_robot) StdoutLine: {'line': b'-- Up-to-date: /home/greyflon/lab_2025/install/two_wheeled_robot/share/two_wheeled_robot/models/whiteboard/model.sdf\n'}
[1.872033] (two_wheeled_robot) StdoutLine: {'line': b'-- Up-to-date: /home/greyflon/lab_2025/install/two_wheeled_robot/share/two_wheeled_robot/models/mud_box\n'}
[1.872101] (two_wheeled_robot) StdoutLine: {'line': b'-- Up-to-date: /home/greyflon/lab_2025/install/two_wheeled_robot/share/two_wheeled_robot/models/mud_box/model-1_4.sdf\n'}
[1.872235] (two_wheeled_robot) StdoutLine: {'line': b'-- Up-to-date: /home/greyflon/lab_2025/install/two_wheeled_robot/share/two_wheeled_robot/models/mud_box/model.config\n'}
[1.872303] (two_wheeled_robot) StdoutLine: {'line': b'-- Up-to-date: /home/greyflon/lab_2025/install/two_wheeled_robot/share/two_wheeled_robot/models/mud_box/materials\n'}
[1.872373] (two_wheeled_robot) StdoutLine: {'line': b'-- Up-to-date: /home/greyflon/lab_2025/install/two_wheeled_robot/share/two_wheeled_robot/models/mud_box/materials/scripts\n'}
[1.872443] (two_wheeled_robot) StdoutLine: {'line': b'-- Up-to-date: /home/greyflon/lab_2025/install/two_wheeled_robot/share/two_wheeled_robot/models/mud_box/materials/scripts/mud.material\n'}
[1.872511] (two_wheeled_robot) StdoutLine: {'line': b'-- Up-to-date: /home/greyflon/lab_2025/install/two_wheeled_robot/share/two_wheeled_robot/models/mud_box/materials/textures\n'}
[1.872578] (two_wheeled_robot) StdoutLine: {'line': b'-- Up-to-date: /home/greyflon/lab_2025/install/two_wheeled_robot/share/two_wheeled_robot/models/mud_box/materials/textures/mud_soft_leaves.png\n'}
[1.872645] (two_wheeled_robot) StdoutLine: {'line': b'-- Up-to-date: /home/greyflon/lab_2025/install/two_wheeled_robot/share/two_wheeled_robot/models/mud_box/model.sdf\n'}
[1.872726] (two_wheeled_robot) StdoutLine: {'line': b'-- Up-to-date: /home/greyflon/lab_2025/install/two_wheeled_robot/share/two_wheeled_robot/models/desk_chair\n'}
[1.872802] (two_wheeled_robot) StdoutLine: {'line': b'-- Up-to-date: /home/greyflon/lab_2025/install/two_wheeled_robot/share/two_wheeled_robot/models/desk_chair/model.config\n'}
[1.872869] (two_wheeled_robot) StdoutLine: {'line': b'-- Up-to-date: /home/greyflon/lab_2025/install/two_wheeled_robot/share/two_wheeled_robot/models/desk_chair/meshes\n'}
[1.872936] (two_wheeled_robot) StdoutLine: {'line': b'-- Up-to-date: /home/greyflon/lab_2025/install/two_wheeled_robot/share/two_wheeled_robot/models/desk_chair/meshes/desk_chair.mtl\n'}
[1.873005] (two_wheeled_robot) StdoutLine: {'line': b'-- Up-to-date: /home/greyflon/lab_2025/install/two_wheeled_robot/share/two_wheeled_robot/models/desk_chair/meshes/desk_chair.obj\n'}
[1.873072] (two_wheeled_robot) StdoutLine: {'line': b'-- Up-to-date: /home/greyflon/lab_2025/install/two_wheeled_robot/share/two_wheeled_robot/models/desk_chair/materials\n'}
[1.873139] (two_wheeled_robot) StdoutLine: {'line': b'-- Up-to-date: /home/greyflon/lab_2025/install/two_wheeled_robot/share/two_wheeled_robot/models/desk_chair/materials/textures\n'}
[1.873208] (two_wheeled_robot) StdoutLine: {'line': b'-- Up-to-date: /home/greyflon/lab_2025/install/two_wheeled_robot/share/two_wheeled_robot/models/desk_chair/materials/textures/desk_chair.png\n'}
[1.873320] (two_wheeled_robot) StdoutLine: {'line': b'-- Up-to-date: /home/greyflon/lab_2025/install/two_wheeled_robot/share/two_wheeled_robot/models/desk_chair/model.sdf\n'}
[1.873396] (two_wheeled_robot) StdoutLine: {'line': b'-- Up-to-date: /home/greyflon/lab_2025/install/two_wheeled_robot/share/two_wheeled_robot/models/aws_robomaker_retail_Computer_01\n'}
[1.873570] (two_wheeled_robot) StdoutLine: {'line': b'-- Up-to-date: /home/greyflon/lab_2025/install/two_wheeled_robot/share/two_wheeled_robot/models/aws_robomaker_retail_Computer_01/model.config\n'}
[1.873641] (two_wheeled_robot) StdoutLine: {'line': b'-- Up-to-date: /home/greyflon/lab_2025/install/two_wheeled_robot/share/two_wheeled_robot/models/aws_robomaker_retail_Computer_01/meshes\n'}
[1.873717] (two_wheeled_robot) StdoutLine: {'line': b'-- Up-to-date: /home/greyflon/lab_2025/install/two_wheeled_robot/share/two_wheeled_robot/models/aws_robomaker_retail_Computer_01/meshes/aws_Computer_01_collision.DAE\n'}
[1.873798] (two_wheeled_robot) StdoutLine: {'line': b'-- Up-to-date: /home/greyflon/lab_2025/install/two_wheeled_robot/share/two_wheeled_robot/models/aws_robomaker_retail_Computer_01/meshes/aws_Computer_01_visual.DAE\n'}
[1.873869] (two_wheeled_robot) StdoutLine: {'line': b'-- Up-to-date: /home/greyflon/lab_2025/install/two_wheeled_robot/share/two_wheeled_robot/models/aws_robomaker_retail_Computer_01/materials\n'}
[1.874011] (two_wheeled_robot) StdoutLine: {'line': b'-- Up-to-date: /home/greyflon/lab_2025/install/two_wheeled_robot/share/two_wheeled_robot/models/aws_robomaker_retail_Computer_01/materials/textures\n'}
[1.874083] (two_wheeled_robot) StdoutLine: {'line': b'-- Up-to-date: /home/greyflon/lab_2025/install/two_wheeled_robot/share/two_wheeled_robot/models/aws_robomaker_retail_Computer_01/materials/textures/aws_Computer_01.png\n'}
[1.874154] (two_wheeled_robot) StdoutLine: {'line': b'-- Up-to-date: /home/greyflon/lab_2025/install/two_wheeled_robot/share/two_wheeled_robot/models/aws_robomaker_retail_Computer_01/model.sdf\n'}
[1.874224] (two_wheeled_robot) StdoutLine: {'line': b'-- Up-to-date: /home/greyflon/lab_2025/install/two_wheeled_robot/share/two_wheeled_robot/models/dumpster\n'}
[1.874293] (two_wheeled_robot) StdoutLine: {'line': b'-- Up-to-date: /home/greyflon/lab_2025/install/two_wheeled_robot/share/two_wheeled_robot/models/dumpster/model-1_4.sdf\n'}
[1.874364] (two_wheeled_robot) StdoutLine: {'line': b'-- Up-to-date: /home/greyflon/lab_2025/install/two_wheeled_robot/share/two_wheeled_robot/models/dumpster/model.config\n'}
[1.874434] (two_wheeled_robot) StdoutLine: {'line': b'-- Up-to-date: /home/greyflon/lab_2025/install/two_wheeled_robot/share/two_wheeled_robot/models/dumpster/meshes\n'}
[1.874502] (two_wheeled_robot) StdoutLine: {'line': b'-- Up-to-date: /home/greyflon/lab_2025/install/two_wheeled_robot/share/two_wheeled_robot/models/dumpster/meshes/dumpster.dae\n'}
[1.874573] (two_wheeled_robot) StdoutLine: {'line': b'-- Up-to-date: /home/greyflon/lab_2025/install/two_wheeled_robot/share/two_wheeled_robot/models/dumpster/materials\n'}
[1.874642] (two_wheeled_robot) StdoutLine: {'line': b'-- Up-to-date: /home/greyflon/lab_2025/install/two_wheeled_robot/share/two_wheeled_robot/models/dumpster/materials/scripts\n'}
[1.874717] (two_wheeled_robot) StdoutLine: {'line': b'-- Up-to-date: /home/greyflon/lab_2025/install/two_wheeled_robot/share/two_wheeled_robot/models/dumpster/materials/scripts/dumpster.material\n'}
[1.874797] (two_wheeled_robot) StdoutLine: {'line': b'-- Up-to-date: /home/greyflon/lab_2025/install/two_wheeled_robot/share/two_wheeled_robot/models/dumpster/materials/textures\n'}
[1.874866] (two_wheeled_robot) StdoutLine: {'line': b'-- Up-to-date: /home/greyflon/lab_2025/install/two_wheeled_robot/share/two_wheeled_robot/models/dumpster/materials/textures/Dumpster_Diffuse.png\n'}
[1.874938] (two_wheeled_robot) StdoutLine: {'line': b'-- Up-to-date: /home/greyflon/lab_2025/install/two_wheeled_robot/share/two_wheeled_robot/models/dumpster/materials/textures/Dumpster_Spec.png\n'}
[1.875046] (two_wheeled_robot) StdoutLine: {'line': b'-- Up-to-date: /home/greyflon/lab_2025/install/two_wheeled_robot/share/two_wheeled_robot/models/dumpster/model.sdf\n'}
[1.875118] (two_wheeled_robot) StdoutLine: {'line': b'-- Up-to-date: /home/greyflon/lab_2025/install/two_wheeled_robot/share/two_wheeled_robot/models/dumpster/model-1_3.sdf\n'}
[1.875189] (two_wheeled_robot) StdoutLine: {'line': b'-- Up-to-date: /home/greyflon/lab_2025/install/two_wheeled_robot/share/two_wheeled_robot/models/marker_infini2\n'}
[1.875258] (two_wheeled_robot) StdoutLine: {'line': b'-- Up-to-date: /home/greyflon/lab_2025/install/two_wheeled_robot/share/two_wheeled_robot/models/marker_infini2/model.config~.xml\n'}
[1.875326] (two_wheeled_robot) StdoutLine: {'line': b'-- Up-to-date: /home/greyflon/lab_2025/install/two_wheeled_robot/share/two_wheeled_robot/models/marker_infini2/model.sdf~\n'}
[1.875526] (two_wheeled_robot) StdoutLine: {'line': b'-- Up-to-date: /home/greyflon/lab_2025/install/two_wheeled_robot/share/two_wheeled_robot/models/marker_infini2/model-1_4.sdf\n'}
[1.875598] (two_wheeled_robot) StdoutLine: {'line': b'-- Up-to-date: /home/greyflon/lab_2025/install/two_wheeled_robot/share/two_wheeled_robot/models/marker_infini2/model.config\n'}
[1.875668] (two_wheeled_robot) StdoutLine: {'line': b'-- Up-to-date: /home/greyflon/lab_2025/install/two_wheeled_robot/share/two_wheeled_robot/models/marker_infini2/meshes\n'}
[1.875808] (two_wheeled_robot) StdoutLine: {'line': b'-- Up-to-date: /home/greyflon/lab_2025/install/two_wheeled_robot/share/two_wheeled_robot/models/marker_infini2/meshes/Marker0.dae\n'}
[1.875974] (two_wheeled_robot) StdoutLine: {'line': b'-- Up-to-date: /home/greyflon/lab_2025/install/two_wheeled_robot/share/two_wheeled_robot/models/marker_infini2/materials\n'}
[1.876041] (two_wheeled_robot) StdoutLine: {'line': b'-- Up-to-date: /home/greyflon/lab_2025/install/two_wheeled_robot/share/two_wheeled_robot/models/marker_infini2/materials/textures\n'}
[1.876106] (two_wheeled_robot) StdoutLine: {'line': b'-- Up-to-date: /home/greyflon/lab_2025/install/two_wheeled_robot/share/two_wheeled_robot/models/marker_infini2/materials/textures/BKP_Marker0.png\n'}
[1.876233] (two_wheeled_robot) StdoutLine: {'line': b'-- Up-to-date: /home/greyflon/lab_2025/install/two_wheeled_robot/share/two_wheeled_robot/models/marker_infini2/materials/textures/Marker0.png\n'}
[1.876299] (two_wheeled_robot) StdoutLine: {'line': b'-- Up-to-date: /home/greyflon/lab_2025/install/two_wheeled_robot/share/two_wheeled_robot/models/marker_infini2/model.sdf\n'}
[1.876398] (two_wheeled_robot) StdoutLine: {'line': b'-- Up-to-date: /home/greyflon/lab_2025/install/two_wheeled_robot/share/two_wheeled_robot/models/marker_infini2/model-1_5.sdf~\n'}
[1.876463] (two_wheeled_robot) StdoutLine: {'line': b'-- Up-to-date: /home/greyflon/lab_2025/install/two_wheeled_robot/share/two_wheeled_robot/models/marker_infini2/model-1_5.sdf\n'}
[1.876531] (two_wheeled_robot) StdoutLine: {'line': b'-- Up-to-date: /home/greyflon/lab_2025/install/two_wheeled_robot/share/two_wheeled_robot/models/marker_infini2/model-1_4.sdf~\n'}
[1.876600] (two_wheeled_robot) StdoutLine: {'line': b'-- Up-to-date: /home/greyflon/lab_2025/install/two_wheeled_robot/share/two_wheeled_robot/models/aws_robomaker_residential_SecurityCamera_01\n'}
[1.876670] (two_wheeled_robot) StdoutLine: {'line': b'-- Up-to-date: /home/greyflon/lab_2025/install/two_wheeled_robot/share/two_wheeled_robot/models/aws_robomaker_residential_SecurityCamera_01/model.config\n'}
[1.876753] (two_wheeled_robot) StdoutLine: {'line': b'-- Up-to-date: /home/greyflon/lab_2025/install/two_wheeled_robot/share/two_wheeled_robot/models/aws_robomaker_residential_SecurityCamera_01/meshes\n'}
[1.876827] (two_wheeled_robot) StdoutLine: {'line': b'-- Up-to-date: /home/greyflon/lab_2025/install/two_wheeled_robot/share/two_wheeled_robot/models/aws_robomaker_residential_SecurityCamera_01/meshes/aws_SecurityCamera_01_collision.DAE\n'}
[1.876898] (two_wheeled_robot) StdoutLine: {'line': b'-- Up-to-date: /home/greyflon/lab_2025/install/two_wheeled_robot/share/two_wheeled_robot/models/aws_robomaker_residential_SecurityCamera_01/meshes/aws_SecurityCamera_01_visual.DAE\n'}
[1.876967] (two_wheeled_robot) StdoutLine: {'line': b'-- Up-to-date: /home/greyflon/lab_2025/install/two_wheeled_robot/share/two_wheeled_robot/models/aws_robomaker_residential_SecurityCamera_01/materials\n'}
[1.877037] (two_wheeled_robot) StdoutLine: {'line': b'-- Up-to-date: /home/greyflon/lab_2025/install/two_wheeled_robot/share/two_wheeled_robot/models/aws_robomaker_residential_SecurityCamera_01/materials/textures\n'}
[1.877108] (two_wheeled_robot) StdoutLine: {'line': b'-- Up-to-date: /home/greyflon/lab_2025/install/two_wheeled_robot/share/two_wheeled_robot/models/aws_robomaker_residential_SecurityCamera_01/materials/textures/aws_SecurityCamera_01.png\n'}
[1.877177] (two_wheeled_robot) StdoutLine: {'line': b'-- Up-to-date: /home/greyflon/lab_2025/install/two_wheeled_robot/share/two_wheeled_robot/models/aws_robomaker_residential_SecurityCamera_01/model.sdf\n'}
[1.877246] (two_wheeled_robot) StdoutLine: {'line': b'-- Up-to-date: /home/greyflon/lab_2025/install/two_wheeled_robot/share/two_wheeled_robot/models/marker01\n'}
[1.877317] (two_wheeled_robot) StdoutLine: {'line': b'-- Up-to-date: /home/greyflon/lab_2025/install/two_wheeled_robot/share/two_wheeled_robot/models/marker01/model.config~.xml\n'}
[1.877432] (two_wheeled_robot) StdoutLine: {'line': b'-- Up-to-date: /home/greyflon/lab_2025/install/two_wheeled_robot/share/two_wheeled_robot/models/marker01/model.sdf~\n'}
[1.877505] (two_wheeled_robot) StdoutLine: {'line': b'-- Up-to-date: /home/greyflon/lab_2025/install/two_wheeled_robot/share/two_wheeled_robot/models/marker01/model-1_4.sdf\n'}
[1.877575] (two_wheeled_robot) StdoutLine: {'line': b'-- Up-to-date: /home/greyflon/lab_2025/install/two_wheeled_robot/share/two_wheeled_robot/models/marker01/model.config\n'}
[1.877642] (two_wheeled_robot) StdoutLine: {'line': b'-- Up-to-date: /home/greyflon/lab_2025/install/two_wheeled_robot/share/two_wheeled_robot/models/marker01/meshes\n'}
[1.877723] (two_wheeled_robot) StdoutLine: {'line': b'-- Up-to-date: /home/greyflon/lab_2025/install/two_wheeled_robot/share/two_wheeled_robot/models/marker01/meshes/Marker0.dae\n'}
[1.877800] (two_wheeled_robot) StdoutLine: {'line': b'-- Up-to-date: /home/greyflon/lab_2025/install/two_wheeled_robot/share/two_wheeled_robot/models/marker01/materials\n'}
[1.877867] (two_wheeled_robot) StdoutLine: {'line': b'-- Up-to-date: /home/greyflon/lab_2025/install/two_wheeled_robot/share/two_wheeled_robot/models/marker01/materials/textures\n'}
[1.877935] (two_wheeled_robot) StdoutLine: {'line': b'-- Up-to-date: /home/greyflon/lab_2025/install/two_wheeled_robot/share/two_wheeled_robot/models/marker01/materials/textures/Marker0.png\n'}
[1.878069] (two_wheeled_robot) StdoutLine: {'line': b'-- Up-to-date: /home/greyflon/lab_2025/install/two_wheeled_robot/share/two_wheeled_robot/models/marker01/model.sdf\n'}
[1.878184] (two_wheeled_robot) StdoutLine: {'line': b'-- Up-to-date: /home/greyflon/lab_2025/install/two_wheeled_robot/share/two_wheeled_robot/models/marker01/model-1_5.sdf~\n'}
[1.878249] (two_wheeled_robot) StdoutLine: {'line': b'-- Up-to-date: /home/greyflon/lab_2025/install/two_wheeled_robot/share/two_wheeled_robot/models/marker01/model-1_5.sdf\n'}
[1.878313] (two_wheeled_robot) StdoutLine: {'line': b'-- Up-to-date: /home/greyflon/lab_2025/install/two_wheeled_robot/share/two_wheeled_robot/models/marker01/model-1_4.sdf~\n'}
[1.878375] (two_wheeled_robot) StdoutLine: {'line': b'-- Up-to-date: /home/greyflon/lab_2025/install/two_wheeled_robot/share/two_wheeled_robot/models/aws_robomaker_residential_ChairD_01\n'}
[1.878441] (two_wheeled_robot) StdoutLine: {'line': b'-- Up-to-date: /home/greyflon/lab_2025/install/two_wheeled_robot/share/two_wheeled_robot/models/aws_robomaker_residential_ChairD_01/model.config\n'}
[1.878544] (two_wheeled_robot) StdoutLine: {'line': b'-- Up-to-date: /home/greyflon/lab_2025/install/two_wheeled_robot/share/two_wheeled_robot/models/aws_robomaker_residential_ChairD_01/meshes\n'}
[1.878605] (two_wheeled_robot) StdoutLine: {'line': b'-- Up-to-date: /home/greyflon/lab_2025/install/two_wheeled_robot/share/two_wheeled_robot/models/aws_robomaker_residential_ChairD_01/meshes/aws_ChairD_01_collision.DAE\n'}
[1.878670] (two_wheeled_robot) StdoutLine: {'line': b'-- Up-to-date: /home/greyflon/lab_2025/install/two_wheeled_robot/share/two_wheeled_robot/models/aws_robomaker_residential_ChairD_01/meshes/aws_ChairD_01_visual.DAE\n'}
[1.878746] (two_wheeled_robot) StdoutLine: {'line': b'-- Up-to-date: /home/greyflon/lab_2025/install/two_wheeled_robot/share/two_wheeled_robot/models/aws_robomaker_residential_ChairD_01/materials\n'}
[1.878816] (two_wheeled_robot) StdoutLine: {'line': b'-- Up-to-date: /home/greyflon/lab_2025/install/two_wheeled_robot/share/two_wheeled_robot/models/aws_robomaker_residential_ChairD_01/materials/textures\n'}
[1.878881] (two_wheeled_robot) StdoutLine: {'line': b'-- Up-to-date: /home/greyflon/lab_2025/install/two_wheeled_robot/share/two_wheeled_robot/models/aws_robomaker_residential_ChairD_01/materials/textures/aws_ChairD_01.png\n'}
[1.878946] (two_wheeled_robot) StdoutLine: {'line': b'-- Up-to-date: /home/greyflon/lab_2025/install/two_wheeled_robot/share/two_wheeled_robot/models/aws_robomaker_residential_ChairD_01/model.sdf\n'}
[1.879012] (two_wheeled_robot) StdoutLine: {'line': b'-- Up-to-date: /home/greyflon/lab_2025/install/two_wheeled_robot/share/two_wheeled_robot/models/osrf_first_office\n'}
[1.879115] (two_wheeled_robot) StdoutLine: {'line': b'-- Up-to-date: /home/greyflon/lab_2025/install/two_wheeled_robot/share/two_wheeled_robot/models/osrf_first_office/model.config\n'}
[1.879179] (two_wheeled_robot) StdoutLine: {'line': b'-- Up-to-date: /home/greyflon/lab_2025/install/two_wheeled_robot/share/two_wheeled_robot/models/osrf_first_office/meshes\n'}
[1.879243] (two_wheeled_robot) StdoutLine: {'line': b'-- Up-to-date: /home/greyflon/lab_2025/install/two_wheeled_robot/share/two_wheeled_robot/models/osrf_first_office/meshes/osrf_first_office.dae\n'}
[1.879308] (two_wheeled_robot) StdoutLine: {'line': b'-- Up-to-date: /home/greyflon/lab_2025/install/two_wheeled_robot/share/two_wheeled_robot/models/osrf_first_office/materials\n'}
[1.879374] (two_wheeled_robot) StdoutLine: {'line': b'-- Up-to-date: /home/greyflon/lab_2025/install/two_wheeled_robot/share/two_wheeled_robot/models/osrf_first_office/materials/textures\n'}
[1.879438] (two_wheeled_robot) StdoutLine: {'line': b'-- Up-to-date: /home/greyflon/lab_2025/install/two_wheeled_robot/share/two_wheeled_robot/models/osrf_first_office/materials/textures/osrf_first_office_spec.jpg\n'}
[1.879502] (two_wheeled_robot) StdoutLine: {'line': b'-- Up-to-date: /home/greyflon/lab_2025/install/two_wheeled_robot/share/two_wheeled_robot/models/osrf_first_office/materials/textures/osrf_first_office_diffuse.jpg\n'}
[1.879568] (two_wheeled_robot) StdoutLine: {'line': b'-- Up-to-date: /home/greyflon/lab_2025/install/two_wheeled_robot/share/two_wheeled_robot/models/osrf_first_office/model.sdf\n'}
[1.879632] (two_wheeled_robot) StdoutLine: {'line': b'-- Up-to-date: /home/greyflon/lab_2025/install/two_wheeled_robot/share/two_wheeled_robot/models/water_tower\n'}
[1.879703] (two_wheeled_robot) StdoutLine: {'line': b'-- Up-to-date: /home/greyflon/lab_2025/install/two_wheeled_robot/share/two_wheeled_robot/models/water_tower/model.config\n'}
[1.879778] (two_wheeled_robot) StdoutLine: {'line': b'-- Up-to-date: /home/greyflon/lab_2025/install/two_wheeled_robot/share/two_wheeled_robot/models/water_tower/meshes\n'}
[1.879843] (two_wheeled_robot) StdoutLine: {'line': b'-- Up-to-date: /home/greyflon/lab_2025/install/two_wheeled_robot/share/two_wheeled_robot/models/water_tower/meshes/water_tower.dae\n'}
[1.879909] (two_wheeled_robot) StdoutLine: {'line': b'-- Up-to-date: /home/greyflon/lab_2025/install/two_wheeled_robot/share/two_wheeled_robot/models/water_tower/materials\n'}
[1.879973] (two_wheeled_robot) StdoutLine: {'line': b'-- Up-to-date: /home/greyflon/lab_2025/install/two_wheeled_robot/share/two_wheeled_robot/models/water_tower/materials/textures\n'}
[1.880037] (two_wheeled_robot) StdoutLine: {'line': b'-- Up-to-date: /home/greyflon/lab_2025/install/two_wheeled_robot/share/two_wheeled_robot/models/water_tower/materials/textures/water_tower_spec.jpg\n'}
[1.880129] (two_wheeled_robot) StdoutLine: {'line': b'-- Up-to-date: /home/greyflon/lab_2025/install/two_wheeled_robot/share/two_wheeled_robot/models/water_tower/materials/textures/water_tower_diffuse.jpg\n'}
[1.880248] (two_wheeled_robot) StdoutLine: {'line': b'-- Up-to-date: /home/greyflon/lab_2025/install/two_wheeled_robot/share/two_wheeled_robot/models/water_tower/model.sdf\n'}
[1.880316] (two_wheeled_robot) StdoutLine: {'line': b'-- Up-to-date: /home/greyflon/lab_2025/install/two_wheeled_robot/share/two_wheeled_robot/models/aws_robomaker_retail_BookshelfB_01\n'}
[1.880381] (two_wheeled_robot) StdoutLine: {'line': b'-- Up-to-date: /home/greyflon/lab_2025/install/two_wheeled_robot/share/two_wheeled_robot/models/aws_robomaker_retail_BookshelfB_01/model.config\n'}
[1.880447] (two_wheeled_robot) StdoutLine: {'line': b'-- Up-to-date: /home/greyflon/lab_2025/install/two_wheeled_robot/share/two_wheeled_robot/models/aws_robomaker_retail_BookshelfB_01/meshes\n'}
[1.880511] (two_wheeled_robot) StdoutLine: {'line': b'-- Up-to-date: /home/greyflon/lab_2025/install/two_wheeled_robot/share/two_wheeled_robot/models/aws_robomaker_retail_BookshelfB_01/meshes/aws_BookshelfB_01_visual.DAE\n'}
[1.880611] (two_wheeled_robot) StdoutLine: {'line': b'-- Up-to-date: /home/greyflon/lab_2025/install/two_wheeled_robot/share/two_wheeled_robot/models/aws_robomaker_retail_BookshelfB_01/meshes/aws_BookshelfB_01_collision.DAE\n'}
[1.880687] (two_wheeled_robot) StdoutLine: {'line': b'-- Up-to-date: /home/greyflon/lab_2025/install/two_wheeled_robot/share/two_wheeled_robot/models/aws_robomaker_retail_BookshelfB_01/materials\n'}
[1.880765] (two_wheeled_robot) StdoutLine: {'line': b'-- Up-to-date: /home/greyflon/lab_2025/install/two_wheeled_robot/share/two_wheeled_robot/models/aws_robomaker_retail_BookshelfB_01/materials/textures\n'}
[1.880834] (two_wheeled_robot) StdoutLine: {'line': b'-- Up-to-date: /home/greyflon/lab_2025/install/two_wheeled_robot/share/two_wheeled_robot/models/aws_robomaker_retail_BookshelfB_01/materials/textures/aws_BookshelfB_02.png\n'}
[1.880901] (two_wheeled_robot) StdoutLine: {'line': b'-- Up-to-date: /home/greyflon/lab_2025/install/two_wheeled_robot/share/two_wheeled_robot/models/aws_robomaker_retail_BookshelfB_01/materials/textures/aws_BookshelfB_01.png\n'}
[1.880966] (two_wheeled_robot) StdoutLine: {'line': b'-- Up-to-date: /home/greyflon/lab_2025/install/two_wheeled_robot/share/two_wheeled_robot/models/aws_robomaker_retail_BookshelfB_01/model.sdf\n'}
[1.881030] (two_wheeled_robot) StdoutLine: {'line': b'-- Up-to-date: /home/greyflon/lab_2025/install/two_wheeled_robot/share/two_wheeled_robot/models/warehouse_walls\n'}
[1.881096] (two_wheeled_robot) StdoutLine: {'line': b'-- Up-to-date: /home/greyflon/lab_2025/install/two_wheeled_robot/share/two_wheeled_robot/models/warehouse_walls/model.config\n'}
[1.881161] (two_wheeled_robot) StdoutLine: {'line': b'-- Up-to-date: /home/greyflon/lab_2025/install/two_wheeled_robot/share/two_wheeled_robot/models/warehouse_walls/materials\n'}
[1.881250] (two_wheeled_robot) StdoutLine: {'line': b'-- Up-to-date: /home/greyflon/lab_2025/install/two_wheeled_robot/share/two_wheeled_robot/models/warehouse_walls/materials/scripts\n'}
[1.881364] (two_wheeled_robot) StdoutLine: {'line': b'-- Up-to-date: /home/greyflon/lab_2025/install/two_wheeled_robot/share/two_wheeled_robot/models/warehouse_walls/materials/scripts/grey_wall.material\n'}
[1.881433] (two_wheeled_robot) StdoutLine: {'line': b'-- Up-to-date: /home/greyflon/lab_2025/install/two_wheeled_robot/share/two_wheeled_robot/models/warehouse_walls/materials/textures\n'}
[1.881499] (two_wheeled_robot) StdoutLine: {'line': b'-- Up-to-date: /home/greyflon/lab_2025/install/two_wheeled_robot/share/two_wheeled_robot/models/warehouse_walls/materials/textures/grey_wall.png\n'}
[1.881563] (two_wheeled_robot) StdoutLine: {'line': b'-- Up-to-date: /home/greyflon/lab_2025/install/two_wheeled_robot/share/two_wheeled_robot/models/warehouse_walls/model.sdf\n'}
[1.881626] (two_wheeled_robot) StdoutLine: {'line': b'-- Up-to-date: /home/greyflon/lab_2025/install/two_wheeled_robot/share/two_wheeled_robot/models/PotatoChipChair\n'}
[1.881750] (two_wheeled_robot) StdoutLine: {'line': b'-- Up-to-date: /home/greyflon/lab_2025/install/two_wheeled_robot/share/two_wheeled_robot/models/PotatoChipChair/model.config\n'}
[1.881828] (two_wheeled_robot) StdoutLine: {'line': b'-- Up-to-date: /home/greyflon/lab_2025/install/two_wheeled_robot/share/two_wheeled_robot/models/PotatoChipChair/meshes\n'}
[1.881895] (two_wheeled_robot) StdoutLine: {'line': b'-- Up-to-date: /home/greyflon/lab_2025/install/two_wheeled_robot/share/two_wheeled_robot/models/PotatoChipChair/meshes/PotatoChipChair.mtl\n'}
[1.881959] (two_wheeled_robot) StdoutLine: {'line': b'-- Up-to-date: /home/greyflon/lab_2025/install/two_wheeled_robot/share/two_wheeled_robot/models/PotatoChipChair/meshes/PotatoChipChairDiffuse.png\n'}
[1.882023] (two_wheeled_robot) StdoutLine: {'line': b'-- Up-to-date: /home/greyflon/lab_2025/install/two_wheeled_robot/share/two_wheeled_robot/models/PotatoChipChair/meshes/PotatoChipChair.obj\n'}
[1.882087] (two_wheeled_robot) StdoutLine: {'line': b'-- Up-to-date: /home/greyflon/lab_2025/install/two_wheeled_robot/share/two_wheeled_robot/models/PotatoChipChair/meshes/PotatoChipChair_Col.obj\n'}
[1.882223] (two_wheeled_robot) StdoutLine: {'line': b'-- Up-to-date: /home/greyflon/lab_2025/install/two_wheeled_robot/share/two_wheeled_robot/models/PotatoChipChair/meshes/PotatoChipChair_Col.mtl\n'}
[1.882319] (two_wheeled_robot) StdoutLine: {'line': b'-- Up-to-date: /home/greyflon/lab_2025/install/two_wheeled_robot/share/two_wheeled_robot/models/PotatoChipChair/thumbnails\n'}
[1.882382] (two_wheeled_robot) StdoutLine: {'line': b'-- Up-to-date: /home/greyflon/lab_2025/install/two_wheeled_robot/share/two_wheeled_robot/models/PotatoChipChair/thumbnails/5.png\n'}
[1.882444] (two_wheeled_robot) StdoutLine: {'line': b'-- Up-to-date: /home/greyflon/lab_2025/install/two_wheeled_robot/share/two_wheeled_robot/models/PotatoChipChair/thumbnails/1.png\n'}
[1.882507] (two_wheeled_robot) StdoutLine: {'line': b'-- Up-to-date: /home/greyflon/lab_2025/install/two_wheeled_robot/share/two_wheeled_robot/models/PotatoChipChair/thumbnails/2.png\n'}
[1.882571] (two_wheeled_robot) StdoutLine: {'line': b'-- Up-to-date: /home/greyflon/lab_2025/install/two_wheeled_robot/share/two_wheeled_robot/models/PotatoChipChair/thumbnails/4.png\n'}
[1.882637] (two_wheeled_robot) StdoutLine: {'line': b'-- Up-to-date: /home/greyflon/lab_2025/install/two_wheeled_robot/share/two_wheeled_robot/models/PotatoChipChair/thumbnails/3.png\n'}
[1.882707] (two_wheeled_robot) StdoutLine: {'line': b'-- Up-to-date: /home/greyflon/lab_2025/install/two_wheeled_robot/share/two_wheeled_robot/models/PotatoChipChair/model.sdf\n'}
[1.882782] (two_wheeled_robot) StdoutLine: {'line': b'-- Up-to-date: /home/greyflon/lab_2025/install/two_wheeled_robot/share/two_wheeled_robot/models/big_box4\n'}
[1.882871] (two_wheeled_robot) StdoutLine: {'line': b'-- Up-to-date: /home/greyflon/lab_2025/install/two_wheeled_robot/share/two_wheeled_robot/models/big_box4/model.config\n'}
[1.882979] (two_wheeled_robot) StdoutLine: {'line': b'-- Up-to-date: /home/greyflon/lab_2025/install/two_wheeled_robot/share/two_wheeled_robot/models/big_box4/meshes\n'}
[1.883056] (two_wheeled_robot) StdoutLine: {'line': b'-- Up-to-date: /home/greyflon/lab_2025/install/two_wheeled_robot/share/two_wheeled_robot/models/big_box4/meshes/big_box.dae\n'}
[1.883118] (two_wheeled_robot) StdoutLine: {'line': b'-- Up-to-date: /home/greyflon/lab_2025/install/two_wheeled_robot/share/two_wheeled_robot/models/big_box4/materials\n'}
[1.883182] (two_wheeled_robot) StdoutLine: {'line': b'-- Up-to-date: /home/greyflon/lab_2025/install/two_wheeled_robot/share/two_wheeled_robot/models/big_box4/materials/textures\n'}
[1.883269] (two_wheeled_robot) StdoutLine: {'line': b'-- Up-to-date: /home/greyflon/lab_2025/install/two_wheeled_robot/share/two_wheeled_robot/models/big_box4/materials/textures/barcode.png\n'}
[1.883361] (two_wheeled_robot) StdoutLine: {'line': b'-- Up-to-date: /home/greyflon/lab_2025/install/two_wheeled_robot/share/two_wheeled_robot/models/big_box4/materials/textures/Kraft_Tile.jpg\n'}
[1.883429] (two_wheeled_robot) StdoutLine: {'line': b'-- Up-to-date: /home/greyflon/lab_2025/install/two_wheeled_robot/share/two_wheeled_robot/models/big_box4/materials/textures/side2.png\n'}
[1.883518] (two_wheeled_robot) StdoutLine: {'line': b'-- Up-to-date: /home/greyflon/lab_2025/install/two_wheeled_robot/share/two_wheeled_robot/models/big_box4/materials/textures/side1.pdn\n'}
[1.883637] (two_wheeled_robot) StdoutLine: {'line': b'-- Up-to-date: /home/greyflon/lab_2025/install/two_wheeled_robot/share/two_wheeled_robot/models/big_box4/materials/textures/front.png\n'}
[1.883708] (two_wheeled_robot) StdoutLine: {'line': b'-- Up-to-date: /home/greyflon/lab_2025/install/two_wheeled_robot/share/two_wheeled_robot/models/big_box4/materials/textures/front.pdn\n'}
[1.883782] (two_wheeled_robot) StdoutLine: {'line': b'-- Up-to-date: /home/greyflon/lab_2025/install/two_wheeled_robot/share/two_wheeled_robot/models/big_box4/materials/textures/side2.pdn\n'}
[1.883848] (two_wheeled_robot) StdoutLine: {'line': b'-- Up-to-date: /home/greyflon/lab_2025/install/two_wheeled_robot/share/two_wheeled_robot/models/big_box4/materials/textures/side1.png\n'}
[1.883943] (two_wheeled_robot) StdoutLine: {'line': b'-- Up-to-date: /home/greyflon/lab_2025/install/two_wheeled_robot/share/two_wheeled_robot/models/big_box4/model.sdf\n'}
[1.884008] (two_wheeled_robot) StdoutLine: {'line': b'-- Up-to-date: /home/greyflon/lab_2025/install/two_wheeled_robot/share/two_wheeled_robot/models/ElderLadyPatient\n'}
[1.884072] (two_wheeled_robot) StdoutLine: {'line': b'-- Up-to-date: /home/greyflon/lab_2025/install/two_wheeled_robot/share/two_wheeled_robot/models/ElderLadyPatient/model.config\n'}
[1.884136] (two_wheeled_robot) StdoutLine: {'line': b'-- Up-to-date: /home/greyflon/lab_2025/install/two_wheeled_robot/share/two_wheeled_robot/models/ElderLadyPatient/meshes\n'}
[1.884228] (two_wheeled_robot) StdoutLine: {'line': b'-- Up-to-date: /home/greyflon/lab_2025/install/two_wheeled_robot/share/two_wheeled_robot/models/ElderLadyPatient/meshes/ElderFPatient_color.jpg\n'}
[1.884342] (two_wheeled_robot) StdoutLine: {'line': b'-- Up-to-date: /home/greyflon/lab_2025/install/two_wheeled_robot/share/two_wheeled_robot/models/ElderLadyPatient/meshes/ElderFemale.obj\n'}
[1.884409] (two_wheeled_robot) StdoutLine: {'line': b'-- Up-to-date: /home/greyflon/lab_2025/install/two_wheeled_robot/share/two_wheeled_robot/models/ElderLadyPatient/meshes/Carts_Wheels_Diffuse.png\n'}
[1.884475] (two_wheeled_robot) StdoutLine: {'line': b'-- Up-to-date: /home/greyflon/lab_2025/install/two_wheeled_robot/share/two_wheeled_robot/models/ElderLadyPatient/meshes/ElderFemale.mtl\n'}
[1.884539] (two_wheeled_robot) StdoutLine: {'line': b'-- Up-to-date: /home/greyflon/lab_2025/install/two_wheeled_robot/share/two_wheeled_robot/models/ElderLadyPatient/meshes/CGMVanguard_Diffuse.png\n'}
[1.884650] (two_wheeled_robot) StdoutLine: {'line': b'-- Up-to-date: /home/greyflon/lab_2025/install/two_wheeled_robot/share/two_wheeled_robot/models/ElderLadyPatient/thumbnails\n'}
[1.884722] (two_wheeled_robot) StdoutLine: {'line': b'-- Up-to-date: /home/greyflon/lab_2025/install/two_wheeled_robot/share/two_wheeled_robot/models/ElderLadyPatient/thumbnails/5.png\n'}
[1.884791] (two_wheeled_robot) StdoutLine: {'line': b'-- Up-to-date: /home/greyflon/lab_2025/install/two_wheeled_robot/share/two_wheeled_robot/models/ElderLadyPatient/thumbnails/1.png\n'}
[1.884855] (two_wheeled_robot) StdoutLine: {'line': b'-- Up-to-date: /home/greyflon/lab_2025/install/two_wheeled_robot/share/two_wheeled_robot/models/ElderLadyPatient/thumbnails/2.png\n'}
[1.884920] (two_wheeled_robot) StdoutLine: {'line': b'-- Up-to-date: /home/greyflon/lab_2025/install/two_wheeled_robot/share/two_wheeled_robot/models/ElderLadyPatient/thumbnails/4.png\n'}
[1.884986] (two_wheeled_robot) StdoutLine: {'line': b'-- Up-to-date: /home/greyflon/lab_2025/install/two_wheeled_robot/share/two_wheeled_robot/models/ElderLadyPatient/thumbnails/3.png\n'}
[1.885051] (two_wheeled_robot) StdoutLine: {'line': b'-- Up-to-date: /home/greyflon/lab_2025/install/two_wheeled_robot/share/two_wheeled_robot/models/ElderLadyPatient/model.sdf\n'}
[1.885116] (two_wheeled_robot) StdoutLine: {'line': b'-- Up-to-date: /home/greyflon/lab_2025/install/two_wheeled_robot/share/two_wheeled_robot/models/aws_robomaker_residential_FoldingDoor_01\n'}
[1.885204] (two_wheeled_robot) StdoutLine: {'line': b'-- Up-to-date: /home/greyflon/lab_2025/install/two_wheeled_robot/share/two_wheeled_robot/models/aws_robomaker_residential_FoldingDoor_01/model.config\n'}
[1.885307] (two_wheeled_robot) StdoutLine: {'line': b'-- Up-to-date: /home/greyflon/lab_2025/install/two_wheeled_robot/share/two_wheeled_robot/models/aws_robomaker_residential_FoldingDoor_01/meshes\n'}
[1.885372] (two_wheeled_robot) StdoutLine: {'line': b'-- Up-to-date: /home/greyflon/lab_2025/install/two_wheeled_robot/share/two_wheeled_robot/models/aws_robomaker_residential_FoldingDoor_01/meshes/aws_FoldingDoor_01_collision.DAE\n'}
[1.885462] (two_wheeled_robot) StdoutLine: {'line': b'-- Up-to-date: /home/greyflon/lab_2025/install/two_wheeled_robot/share/two_wheeled_robot/models/aws_robomaker_residential_FoldingDoor_01/meshes/aws_FoldingDoor_01_visual.DAE\n'}
[1.885531] (two_wheeled_robot) StdoutLine: {'line': b'-- Up-to-date: /home/greyflon/lab_2025/install/two_wheeled_robot/share/two_wheeled_robot/models/aws_robomaker_residential_FoldingDoor_01/materials\n'}
[1.885594] (two_wheeled_robot) StdoutLine: {'line': b'-- Up-to-date: /home/greyflon/lab_2025/install/two_wheeled_robot/share/two_wheeled_robot/models/aws_robomaker_residential_FoldingDoor_01/materials/textures\n'}
[1.885682] (two_wheeled_robot) StdoutLine: {'line': b'-- Up-to-date: /home/greyflon/lab_2025/install/two_wheeled_robot/share/two_wheeled_robot/models/aws_robomaker_residential_FoldingDoor_01/materials/textures/aws_FoldingDoor_01.png\n'}
[1.885788] (two_wheeled_robot) StdoutLine: {'line': b'-- Up-to-date: /home/greyflon/lab_2025/install/two_wheeled_robot/share/two_wheeled_robot/models/aws_robomaker_residential_FoldingDoor_01/model.sdf\n'}
[1.885855] (two_wheeled_robot) StdoutLine: {'line': b'-- Up-to-date: /home/greyflon/lab_2025/install/two_wheeled_robot/share/two_wheeled_robot/models/wastebasket\n'}
[1.885934] (two_wheeled_robot) StdoutLine: {'line': b'-- Up-to-date: /home/greyflon/lab_2025/install/two_wheeled_robot/share/two_wheeled_robot/models/wastebasket/model.config\n'}
[1.886023] (two_wheeled_robot) StdoutLine: {'line': b'-- Up-to-date: /home/greyflon/lab_2025/install/two_wheeled_robot/share/two_wheeled_robot/models/wastebasket/meshes\n'}
[1.886115] (two_wheeled_robot) StdoutLine: {'line': b'-- Up-to-date: /home/greyflon/lab_2025/install/two_wheeled_robot/share/two_wheeled_robot/models/wastebasket/meshes/wastebasket.dae\n'}
[1.886205] (two_wheeled_robot) StdoutLine: {'line': b'-- Up-to-date: /home/greyflon/lab_2025/install/two_wheeled_robot/share/two_wheeled_robot/models/wastebasket/materials\n'}
[1.886335] (two_wheeled_robot) StdoutLine: {'line': b'-- Up-to-date: /home/greyflon/lab_2025/install/two_wheeled_robot/share/two_wheeled_robot/models/wastebasket/materials/textures\n'}
[1.886534] (two_wheeled_robot) StdoutLine: {'line': b'-- Up-to-date: /home/greyflon/lab_2025/install/two_wheeled_robot/share/two_wheeled_robot/models/wastebasket/materials/textures/wastebasket_diffuse.png\n'}
[1.886634] (two_wheeled_robot) StdoutLine: {'line': b'-- Up-to-date: /home/greyflon/lab_2025/install/two_wheeled_robot/share/two_wheeled_robot/models/wastebasket/model.sdf\n'}
[1.886703] (two_wheeled_robot) StdoutLine: {'line': b'-- Up-to-date: /home/greyflon/lab_2025/install/two_wheeled_robot/share/two_wheeled_robot/models/school\n'}
[1.886833] (two_wheeled_robot) StdoutLine: {'line': b'-- Up-to-date: /home/greyflon/lab_2025/install/two_wheeled_robot/share/two_wheeled_robot/models/school/model.config\n'}
[1.886924] (two_wheeled_robot) StdoutLine: {'line': b'-- Up-to-date: /home/greyflon/lab_2025/install/two_wheeled_robot/share/two_wheeled_robot/models/school/meshes\n'}
[1.887064] (two_wheeled_robot) StdoutLine: {'line': b'-- Up-to-date: /home/greyflon/lab_2025/install/two_wheeled_robot/share/two_wheeled_robot/models/school/meshes/school.dae\n'}
[1.887154] (two_wheeled_robot) StdoutLine: {'line': b'-- Up-to-date: /home/greyflon/lab_2025/install/two_wheeled_robot/share/two_wheeled_robot/models/school/materials\n'}
[1.887289] (two_wheeled_robot) StdoutLine: {'line': b'-- Up-to-date: /home/greyflon/lab_2025/install/two_wheeled_robot/share/two_wheeled_robot/models/school/materials/textures\n'}
[1.887502] (two_wheeled_robot) StdoutLine: {'line': b'-- Up-to-date: /home/greyflon/lab_2025/install/two_wheeled_robot/share/two_wheeled_robot/models/school/materials/textures/school_spec.jpg\n'}
[1.887592] (two_wheeled_robot) StdoutLine: {'line': b'-- Up-to-date: /home/greyflon/lab_2025/install/two_wheeled_robot/share/two_wheeled_robot/models/school/materials/textures/school_diffuse.jpg\n'}
[1.887693] (two_wheeled_robot) StdoutLine: {'line': b'-- Up-to-date: /home/greyflon/lab_2025/install/two_wheeled_robot/share/two_wheeled_robot/models/school/model.sdf\n'}
[1.887774] (two_wheeled_robot) StdoutLine: {'line': b'-- Up-to-date: /home/greyflon/lab_2025/install/two_wheeled_robot/share/two_wheeled_robot/models/speed_limit_sign\n'}
[1.887865] (two_wheeled_robot) StdoutLine: {'line': b'-- Up-to-date: /home/greyflon/lab_2025/install/two_wheeled_robot/share/two_wheeled_robot/models/speed_limit_sign/model-1_4.sdf\n'}
[1.887968] (two_wheeled_robot) StdoutLine: {'line': b'-- Up-to-date: /home/greyflon/lab_2025/install/two_wheeled_robot/share/two_wheeled_robot/models/speed_limit_sign/model.config\n'}
[1.888032] (two_wheeled_robot) StdoutLine: {'line': b'-- Up-to-date: /home/greyflon/lab_2025/install/two_wheeled_robot/share/two_wheeled_robot/models/speed_limit_sign/meshes\n'}
[1.888159] (two_wheeled_robot) StdoutLine: {'line': b'-- Up-to-date: /home/greyflon/lab_2025/install/two_wheeled_robot/share/two_wheeled_robot/models/speed_limit_sign/meshes/speed_limit_sign.dae\n'}
[1.888249] (two_wheeled_robot) StdoutLine: {'line': b'-- Up-to-date: /home/greyflon/lab_2025/install/two_wheeled_robot/share/two_wheeled_robot/models/speed_limit_sign/materials\n'}
[1.888383] (two_wheeled_robot) StdoutLine: {'line': b'-- Up-to-date: /home/greyflon/lab_2025/install/two_wheeled_robot/share/two_wheeled_robot/models/speed_limit_sign/materials/textures\n'}
[1.888606] (two_wheeled_robot) StdoutLine: {'line': b'-- Up-to-date: /home/greyflon/lab_2025/install/two_wheeled_robot/share/two_wheeled_robot/models/speed_limit_sign/materials/textures/StopSign_Spec.png\n'}
[1.888695] (two_wheeled_robot) StdoutLine: {'line': b'-- Up-to-date: /home/greyflon/lab_2025/install/two_wheeled_robot/share/two_wheeled_robot/models/speed_limit_sign/materials/textures/Speed_110.png\n'}
[1.888812] (two_wheeled_robot) StdoutLine: {'line': b'-- Up-to-date: /home/greyflon/lab_2025/install/two_wheeled_robot/share/two_wheeled_robot/models/speed_limit_sign/materials/textures/Speed_80.png\n'}
[1.888880] (two_wheeled_robot) StdoutLine: {'line': b'-- Up-to-date: /home/greyflon/lab_2025/install/two_wheeled_robot/share/two_wheeled_robot/models/speed_limit_sign/materials/textures/Speed_100.png\n'}
[1.888967] (two_wheeled_robot) StdoutLine: {'line': b'-- Up-to-date: /home/greyflon/lab_2025/install/two_wheeled_robot/share/two_wheeled_robot/models/speed_limit_sign/materials/textures/Speed_50.png\n'}
[1.889057] (two_wheeled_robot) StdoutLine: {'line': b'-- Up-to-date: /home/greyflon/lab_2025/install/two_wheeled_robot/share/two_wheeled_robot/models/speed_limit_sign/materials/textures/Speed_Spec.png\n'}
[1.889124] (two_wheeled_robot) StdoutLine: {'line': b'-- Up-to-date: /home/greyflon/lab_2025/install/two_wheeled_robot/share/two_wheeled_robot/models/speed_limit_sign/materials/textures/Speed_130.png\n'}
[1.889212] (two_wheeled_robot) StdoutLine: {'line': b'-- Up-to-date: /home/greyflon/lab_2025/install/two_wheeled_robot/share/two_wheeled_robot/models/speed_limit_sign/materials/textures/Speed_90.png\n'}
[1.889279] (two_wheeled_robot) StdoutLine: {'line': b'-- Up-to-date: /home/greyflon/lab_2025/install/two_wheeled_robot/share/two_wheeled_robot/models/speed_limit_sign/materials/textures/Speed_60.png\n'}
[1.889390] (two_wheeled_robot) StdoutLine: {'line': b'-- Up-to-date: /home/greyflon/lab_2025/install/two_wheeled_robot/share/two_wheeled_robot/models/speed_limit_sign/materials/textures/Speed_40.png\n'}
[1.889457] (two_wheeled_robot) StdoutLine: {'line': b'-- Up-to-date: /home/greyflon/lab_2025/install/two_wheeled_robot/share/two_wheeled_robot/models/speed_limit_sign/materials/textures/Speed_70.png\n'}
[1.889522] (two_wheeled_robot) StdoutLine: {'line': b'-- Up-to-date: /home/greyflon/lab_2025/install/two_wheeled_robot/share/two_wheeled_robot/models/speed_limit_sign/materials/textures/Speed_30.png\n'}
[1.889588] (two_wheeled_robot) StdoutLine: {'line': b'-- Up-to-date: /home/greyflon/lab_2025/install/two_wheeled_robot/share/two_wheeled_robot/models/speed_limit_sign/materials/textures/Speed_16.png\n'}
[1.889652] (two_wheeled_robot) StdoutLine: {'line': b'-- Up-to-date: /home/greyflon/lab_2025/install/two_wheeled_robot/share/two_wheeled_robot/models/speed_limit_sign/materials/textures/Speed_120.png\n'}
[1.889728] (two_wheeled_robot) StdoutLine: {'line': b'-- Up-to-date: /home/greyflon/lab_2025/install/two_wheeled_robot/share/two_wheeled_robot/models/speed_limit_sign/materials/textures/StopSign_Diffuse.png\n'}
[1.889840] (two_wheeled_robot) StdoutLine: {'line': b'-- Up-to-date: /home/greyflon/lab_2025/install/two_wheeled_robot/share/two_wheeled_robot/models/speed_limit_sign/model.sdf\n'}
[1.889905] (two_wheeled_robot) StdoutLine: {'line': b'-- Up-to-date: /home/greyflon/lab_2025/install/two_wheeled_robot/share/two_wheeled_robot/models/speed_limit_sign/model-1_3.sdf\n'}
[1.890001] (two_wheeled_robot) StdoutLine: {'line': b'-- Up-to-date: /home/greyflon/lab_2025/install/two_wheeled_robot/share/two_wheeled_robot/models/aws_robomaker_hospital_floor_02_walls\n'}
[1.890069] (two_wheeled_robot) StdoutLine: {'line': b'-- Up-to-date: /home/greyflon/lab_2025/install/two_wheeled_robot/share/two_wheeled_robot/models/aws_robomaker_hospital_floor_02_walls/model.config\n'}
[1.890134] (two_wheeled_robot) StdoutLine: {'line': b'-- Up-to-date: /home/greyflon/lab_2025/install/two_wheeled_robot/share/two_wheeled_robot/models/aws_robomaker_hospital_floor_02_walls/meshes\n'}
[1.890198] (two_wheeled_robot) StdoutLine: {'line': b'-- Up-to-date: /home/greyflon/lab_2025/install/two_wheeled_robot/share/two_wheeled_robot/models/aws_robomaker_hospital_floor_02_walls/meshes/aws_robomaker_hospital_floor_02_stairs.png\n'}
[1.890262] (two_wheeled_robot) StdoutLine: {'line': b'-- Up-to-date: /home/greyflon/lab_2025/install/two_wheeled_robot/share/two_wheeled_robot/models/aws_robomaker_hospital_floor_02_walls/meshes/aws_robomaker_hospital_floor_02_doorsign.png\n'}
[1.890326] (two_wheeled_robot) StdoutLine: {'line': b'-- Up-to-date: /home/greyflon/lab_2025/install/two_wheeled_robot/share/two_wheeled_robot/models/aws_robomaker_hospital_floor_02_walls/meshes/aws_robomaker_hospital_floor_02_walls_visual.dae\n'}
[1.890414] (two_wheeled_robot) StdoutLine: {'line': b'-- Up-to-date: /home/greyflon/lab_2025/install/two_wheeled_robot/share/two_wheeled_robot/models/aws_robomaker_hospital_floor_02_walls/meshes/aws_robomaker_hospital_floor_02_windows.png\n'}
[1.890529] (two_wheeled_robot) StdoutLine: {'line': b'-- Up-to-date: /home/greyflon/lab_2025/install/two_wheeled_robot/share/two_wheeled_robot/models/aws_robomaker_hospital_floor_02_walls/meshes/aws_robomaker_hospital_floor_02_walls.png\n'}
[1.890594] (two_wheeled_robot) StdoutLine: {'line': b'-- Up-to-date: /home/greyflon/lab_2025/install/two_wheeled_robot/share/two_wheeled_robot/models/aws_robomaker_hospital_floor_02_walls/meshes/aws_robomaker_hospital_floor_02_walls_collision.dae\n'}
[1.890657] (two_wheeled_robot) StdoutLine: {'line': b'-- Up-to-date: /home/greyflon/lab_2025/install/two_wheeled_robot/share/two_wheeled_robot/models/aws_robomaker_hospital_floor_02_walls/meshes/aws_robomaker_hospital_floor_02_doorframes_small.png\n'}
[1.890761] (two_wheeled_robot) StdoutLine: {'line': b'-- Up-to-date: /home/greyflon/lab_2025/install/two_wheeled_robot/share/two_wheeled_robot/models/aws_robomaker_hospital_floor_02_walls/meshes/aws_robomaker_hospital_floor_02_handrail.png\n'}
[1.890839] (two_wheeled_robot) StdoutLine: {'line': b'-- Up-to-date: /home/greyflon/lab_2025/install/two_wheeled_robot/share/two_wheeled_robot/models/aws_robomaker_hospital_floor_02_walls/meshes/aws_robomaker_hospital_floor_02_doorframes_big.png\n'}
[1.890918] (two_wheeled_robot) StdoutLine: {'line': b'-- Up-to-date: /home/greyflon/lab_2025/install/two_wheeled_robot/share/two_wheeled_robot/models/aws_robomaker_hospital_floor_02_walls/meshes/aws_robomaker_hospital_floor_02_bumprail.png\n'}
[1.890982] (two_wheeled_robot) StdoutLine: {'line': b'-- Up-to-date: /home/greyflon/lab_2025/install/two_wheeled_robot/share/two_wheeled_robot/models/aws_robomaker_hospital_floor_02_walls/model.sdf\n'}
[1.891048] (two_wheeled_robot) StdoutLine: {'line': b'-- Up-to-date: /home/greyflon/lab_2025/install/two_wheeled_robot/share/two_wheeled_robot/models/office_chair\n'}
[1.891112] (two_wheeled_robot) StdoutLine: {'line': b'-- Up-to-date: /home/greyflon/lab_2025/install/two_wheeled_robot/share/two_wheeled_robot/models/office_chair/model.config\n'}
[1.891204] (two_wheeled_robot) StdoutLine: {'line': b'-- Up-to-date: /home/greyflon/lab_2025/install/two_wheeled_robot/share/two_wheeled_robot/models/office_chair/meshes\n'}
[1.891266] (two_wheeled_robot) StdoutLine: {'line': b'-- Up-to-date: /home/greyflon/lab_2025/install/two_wheeled_robot/share/two_wheeled_robot/models/office_chair/meshes/office_chair.dae\n'}
[1.891328] (two_wheeled_robot) StdoutLine: {'line': b'-- Up-to-date: /home/greyflon/lab_2025/install/two_wheeled_robot/share/two_wheeled_robot/models/office_chair/materials\n'}
[1.891391] (two_wheeled_robot) StdoutLine: {'line': b'-- Up-to-date: /home/greyflon/lab_2025/install/two_wheeled_robot/share/two_wheeled_robot/models/office_chair/materials/textures\n'}
[1.891478] (two_wheeled_robot) StdoutLine: {'line': b'-- Up-to-date: /home/greyflon/lab_2025/install/two_wheeled_robot/share/two_wheeled_robot/models/office_chair/materials/textures/office_chair_diffuse.png\n'}
[1.891578] (two_wheeled_robot) StdoutLine: {'line': b'-- Up-to-date: /home/greyflon/lab_2025/install/two_wheeled_robot/share/two_wheeled_robot/models/office_chair/materials/textures/office_chair_specular.png\n'}
[1.891641] (two_wheeled_robot) StdoutLine: {'line': b'-- Up-to-date: /home/greyflon/lab_2025/install/two_wheeled_robot/share/two_wheeled_robot/models/office_chair/model.sdf\n'}
[1.891711] (two_wheeled_robot) StdoutLine: {'line': b'-- Up-to-date: /home/greyflon/lab_2025/install/two_wheeled_robot/share/two_wheeled_robot/params\n'}
[1.891812] (two_wheeled_robot) StdoutLine: {'line': b'-- Up-to-date: /home/greyflon/lab_2025/install/two_wheeled_robot/share/two_wheeled_robot/params/warehouse_world\n'}
[1.891907] (two_wheeled_robot) StdoutLine: {'line': b'-- Up-to-date: /home/greyflon/lab_2025/install/two_wheeled_robot/share/two_wheeled_robot/params/warehouse_world/basic_params.yaml\n'}
[1.891970] (two_wheeled_robot) StdoutLine: {'line': b'-- Up-to-date: /home/greyflon/lab_2025/install/two_wheeled_robot/share/two_wheeled_robot/params/neighborhood_world\n'}
[1.892100] (two_wheeled_robot) StdoutLine: {'line': b'-- Up-to-date: /home/greyflon/lab_2025/install/two_wheeled_robot/share/two_wheeled_robot/params/neighborhood_world/nav2_params.yaml\n'}
[1.892200] (two_wheeled_robot) StdoutLine: {'line': b'-- Up-to-date: /home/greyflon/lab_2025/install/two_wheeled_robot/share/two_wheeled_robot/params/neighborhood_world/nav2_params_urdf.yaml\n'}
[1.892263] (two_wheeled_robot) StdoutLine: {'line': b'-- Up-to-date: /home/greyflon/lab_2025/install/two_wheeled_robot/share/two_wheeled_robot/rviz\n'}
[1.892380] (two_wheeled_robot) StdoutLine: {'line': b'-- Up-to-date: /home/greyflon/lab_2025/install/two_wheeled_robot/share/two_wheeled_robot/rviz/rviz_basic_settings.rviz\n'}
[1.892480] (two_wheeled_robot) StdoutLine: {'line': b'-- Up-to-date: /home/greyflon/lab_2025/install/two_wheeled_robot/share/two_wheeled_robot/rviz/urdf_gazebo_config.rviz\n'}
[1.892543] (two_wheeled_robot) StdoutLine: {'line': b'-- Up-to-date: /home/greyflon/lab_2025/install/two_wheeled_robot/share/two_wheeled_robot/rviz/neighborhood_world\n'}
[1.892655] (two_wheeled_robot) StdoutLine: {'line': b'-- Up-to-date: /home/greyflon/lab_2025/install/two_wheeled_robot/share/two_wheeled_robot/rviz/neighborhood_world/urdf_config.rviz\n'}
[1.892750] (two_wheeled_robot) StdoutLine: {'line': b'-- Up-to-date: /home/greyflon/lab_2025/install/two_wheeled_robot/share/two_wheeled_robot/rviz/neighborhood_world/nav2_config_urdf.rviz\n'}
[1.892839] (two_wheeled_robot) StdoutLine: {'line': b'-- Up-to-date: /home/greyflon/lab_2025/install/two_wheeled_robot/share/two_wheeled_robot/rviz/neighborhood_world/nav2_config.rviz\n'}
[1.892899] (two_wheeled_robot) StdoutLine: {'line': b'-- Up-to-date: /home/greyflon/lab_2025/install/two_wheeled_robot/share/two_wheeled_robot/scripts\n'}
[1.893013] (two_wheeled_robot) StdoutLine: {'line': b'-- Up-to-date: /home/greyflon/lab_2025/install/two_wheeled_robot/share/two_wheeled_robot/scripts/lift_controller.py\n'}
[1.893104] (two_wheeled_robot) StdoutLine: {'line': b'-- Up-to-date: /home/greyflon/lab_2025/install/two_wheeled_robot/share/two_wheeled_robot/urdf\n'}
[1.893252] (two_wheeled_robot) StdoutLine: {'line': b'-- Up-to-date: /home/greyflon/lab_2025/install/two_wheeled_robot/share/two_wheeled_robot/urdf/two_wheeled_robot_with_gazebo_plugins.urdf\n'}
[1.893341] (two_wheeled_robot) StdoutLine: {'line': b'-- Up-to-date: /home/greyflon/lab_2025/install/two_wheeled_robot/share/two_wheeled_robot/urdf/two_wheeled_robot_with_lift.urdf\n'}
[1.893450] (two_wheeled_robot) StdoutLine: {'line': b'-- Up-to-date: /home/greyflon/lab_2025/install/two_wheeled_robot/share/two_wheeled_robot/urdf/sam_bot_description.urdf\n'}
[1.893517] (two_wheeled_robot) StdoutLine: {'line': b'-- Up-to-date: /home/greyflon/lab_2025/install/two_wheeled_robot/share/two_wheeled_robot/urdf/two_wheeled_robot_nav2.urdf\n'}
[1.893581] (two_wheeled_robot) StdoutLine: {'line': b'-- Up-to-date: /home/greyflon/lab_2025/install/two_wheeled_robot/share/two_wheeled_robot/urdf/two_wheeled_robot.urdf\n'}
[1.893673] (two_wheeled_robot) StdoutLine: {'line': b'-- Up-to-date: /home/greyflon/lab_2025/install/two_wheeled_robot/share/two_wheeled_robot/worlds\n'}
[1.893794] (two_wheeled_robot) StdoutLine: {'line': b'-- Up-to-date: /home/greyflon/lab_2025/install/two_wheeled_robot/share/two_wheeled_robot/worlds/cafe.world\n'}
[1.893876] (two_wheeled_robot) StdoutLine: {'line': b'-- Up-to-date: /home/greyflon/lab_2025/install/two_wheeled_robot/share/two_wheeled_robot/worlds/lawn.world\n'}
[1.893942] (two_wheeled_robot) StdoutLine: {'line': b'-- Up-to-date: /home/greyflon/lab_2025/install/two_wheeled_robot/share/two_wheeled_robot/worlds/factory.world\n'}
[1.894006] (two_wheeled_robot) StdoutLine: {'line': b'-- Up-to-date: /home/greyflon/lab_2025/install/two_wheeled_robot/share/two_wheeled_robot/worlds/house.world\n'}
[1.894093] (two_wheeled_robot) StdoutLine: {'line': b'-- Up-to-date: /home/greyflon/lab_2025/install/two_wheeled_robot/share/two_wheeled_robot/worlds/farm.world\n'}
[1.894206] (two_wheeled_robot) StdoutLine: {'line': b'-- Up-to-date: /home/greyflon/lab_2025/install/two_wheeled_robot/share/two_wheeled_robot/worlds/basic.world\n'}
[1.894274] (two_wheeled_robot) StdoutLine: {'line': b'-- Up-to-date: /home/greyflon/lab_2025/install/two_wheeled_robot/share/two_wheeled_robot/worlds/hospital_2_floors.world\n'}
[1.894338] (two_wheeled_robot) StdoutLine: {'line': b'-- Up-to-date: /home/greyflon/lab_2025/install/two_wheeled_robot/share/two_wheeled_robot/worlds/hospital_3_floors.world\n'}
[1.894402] (two_wheeled_robot) StdoutLine: {'line': b'-- Up-to-date: /home/greyflon/lab_2025/install/two_wheeled_robot/share/two_wheeled_robot/worlds/inventory.world\n'}
[1.894466] (two_wheeled_robot) StdoutLine: {'line': b'-- Up-to-date: /home/greyflon/lab_2025/install/two_wheeled_robot/share/two_wheeled_robot/worlds/office.world\n'}
[1.894529] (two_wheeled_robot) StdoutLine: {'line': b'-- Up-to-date: /home/greyflon/lab_2025/install/two_wheeled_robot/share/two_wheeled_robot/worlds/car.world\n'}
[1.894633] (two_wheeled_robot) StdoutLine: {'line': b'-- Up-to-date: /home/greyflon/lab_2025/install/two_wheeled_robot/share/two_wheeled_robot/worlds/warehouse.world\n'}
[1.894702] (two_wheeled_robot) StdoutLine: {'line': b'-- Up-to-date: /home/greyflon/lab_2025/install/two_wheeled_robot/share/two_wheeled_robot/worlds/neighborhood.world\n'}
[1.894781] (two_wheeled_robot) StdoutLine: {'line': b'-- Up-to-date: /home/greyflon/lab_2025/install/two_wheeled_robot/share/two_wheeled_robot/worlds/distribution_center.world\n'}
[1.894842] (two_wheeled_robot) StdoutLine: {'line': b'-- Up-to-date: /home/greyflon/lab_2025/install/two_wheeled_robot/share/two_wheeled_robot/worlds/hospital.world\n'}
[1.895554] (two_wheeled_robot) StdoutLine: {'line': b'-- Up-to-date: /home/greyflon/lab_2025/install/two_wheeled_robot/share/ament_index/resource_index/package_run_dependencies/two_wheeled_robot\n'}
[1.896273] (two_wheeled_robot) StdoutLine: {'line': b'-- Up-to-date: /home/greyflon/lab_2025/install/two_wheeled_robot/share/ament_index/resource_index/parent_prefix_path/two_wheeled_robot\n'}
[1.896766] (two_wheeled_robot) StdoutLine: {'line': b'-- Up-to-date: /home/greyflon/lab_2025/install/two_wheeled_robot/share/two_wheeled_robot/environment/ament_prefix_path.sh\n'}
[1.897068] (two_wheeled_robot) StdoutLine: {'line': b'-- Up-to-date: /home/greyflon/lab_2025/install/two_wheeled_robot/share/two_wheeled_robot/environment/ament_prefix_path.dsv\n'}
[1.897359] (two_wheeled_robot) StdoutLine: {'line': b'-- Up-to-date: /home/greyflon/lab_2025/install/two_wheeled_robot/share/two_wheeled_robot/environment/path.sh\n'}
[1.897727] (two_wheeled_robot) StdoutLine: {'line': b'-- Up-to-date: /home/greyflon/lab_2025/install/two_wheeled_robot/share/two_wheeled_robot/environment/path.dsv\n'}
[1.898198] (two_wheeled_robot) StdoutLine: {'line': b'-- Up-to-date: /home/greyflon/lab_2025/install/two_wheeled_robot/share/two_wheeled_robot/local_setup.bash\n'}
[1.898482] (two_wheeled_robot) StdoutLine: {'line': b'-- Up-to-date: /home/greyflon/lab_2025/install/two_wheeled_robot/share/two_wheeled_robot/local_setup.sh\n'}
[1.898780] (two_wheeled_robot) StdoutLine: {'line': b'-- Up-to-date: /home/greyflon/lab_2025/install/two_wheeled_robot/share/two_wheeled_robot/local_setup.zsh\n'}
[1.899154] (two_wheeled_robot) StdoutLine: {'line': b'-- Up-to-date: /home/greyflon/lab_2025/install/two_wheeled_robot/share/two_wheeled_robot/local_setup.dsv\n'}
[1.899621] (two_wheeled_robot) StdoutLine: {'line': b'-- Installing: /home/greyflon/lab_2025/install/two_wheeled_robot/share/two_wheeled_robot/package.dsv\n'}
[1.903080] (-) TimerEvent: {}
[1.907891] (two_wheeled_robot) StdoutLine: {'line': b'-- Up-to-date: /home/greyflon/lab_2025/install/two_wheeled_robot/share/ament_index/resource_index/packages/two_wheeled_robot\n'}
[1.908176] (two_wheeled_robot) StdoutLine: {'line': b'-- Up-to-date: /home/greyflon/lab_2025/install/two_wheeled_robot/share/two_wheeled_robot/cmake/two_wheeled_robotConfig.cmake\n'}
[1.908282] (two_wheeled_robot) StdoutLine: {'line': b'-- Up-to-date: /home/greyflon/lab_2025/install/two_wheeled_robot/share/two_wheeled_robot/cmake/two_wheeled_robotConfig-version.cmake\n'}
[1.908585] (two_wheeled_robot) StdoutLine: {'line': b'-- Up-to-date: /home/greyflon/lab_2025/install/two_wheeled_robot/share/two_wheeled_robot/package.xml\n'}
[1.913031] (two_wheeled_robot) CommandEnded: {'returncode': 0}
[1.989366] (cv_basics) StdoutLine: {'line': b'running egg_info\n'}
[1.989942] (cv_basics) StdoutLine: {'line': b'writing ../../build/cv_basics/cv_basics.egg-info/PKG-INFO\n'}
[1.990363] (cv_basics) StdoutLine: {'line': b'writing dependency_links to ../../build/cv_basics/cv_basics.egg-info/dependency_links.txt\n'}
[1.990524] (cv_basics) StdoutLine: {'line': b'writing entry points to ../../build/cv_basics/cv_basics.egg-info/entry_points.txt\n'}
[1.990655] (cv_basics) StdoutLine: {'line': b'writing requirements to ../../build/cv_basics/cv_basics.egg-info/requires.txt\n'}
[1.990791] (cv_basics) StdoutLine: {'line': b'writing top-level names to ../../build/cv_basics/cv_basics.egg-info/top_level.txt\n'}
[1.992315] (cv_basics) StdoutLine: {'line': b"reading manifest file '../../build/cv_basics/cv_basics.egg-info/SOURCES.txt'\n"}
[2.003153] (-) TimerEvent: {}
[2.009810] (cv_basics) StdoutLine: {'line': b"writing manifest file '../../build/cv_basics/cv_basics.egg-info/SOURCES.txt'\n"}
[2.010017] (cv_basics) StdoutLine: {'line': b'running build\n'}
[2.010107] (cv_basics) StdoutLine: {'line': b'running build_py\n'}
[2.011230] (two_wheeled_robot) JobEnded: {'identifier': 'two_wheeled_robot', 'rc': 0}
[2.013571] (cv_basics) StdoutLine: {'line': b'running install\n'}
[2.013831] (cv_basics) StdoutLine: {'line': b'running install_lib\n'}
[2.014930] (cv_basics) StdoutLine: {'line': b'running install_data\n'}
[2.015322] (cv_basics) StdoutLine: {'line': b'copying data/yolo11n.pt -> /home/greyflon/lab_2025/install/cv_basics/share/cv_basics/data\n'}
[2.021145] (cv_basics) StdoutLine: {'line': b'running install_egg_info\n'}
[2.023554] (cv_basics) StdoutLine: {'line': b"removing '/home/greyflon/lab_2025/install/cv_basics/lib/python3.10/site-packages/cv_basics-0.0.0-py3.10.egg-info' (and everything under it)\n"}
[2.023894] (cv_basics) StdoutLine: {'line': b'Copying ../../build/cv_basics/cv_basics.egg-info to /home/greyflon/lab_2025/install/cv_basics/lib/python3.10/site-packages/cv_basics-0.0.0-py3.10.egg-info\n'}
[2.024992] (cv_basics) StdoutLine: {'line': b'running install_scripts\n'}
[2.043241] (cv_basics) StdoutLine: {'line': b'Installing inference_yolo_node script to /home/greyflon/lab_2025/install/cv_basics/lib/cv_basics\n'}
[2.043587] (cv_basics) StdoutLine: {'line': b'Installing module_ROS script to /home/greyflon/lab_2025/install/cv_basics/lib/cv_basics\n'}
[2.043840] (cv_basics) StdoutLine: {'line': b'Installing service script to /home/greyflon/lab_2025/install/cv_basics/lib/cv_basics\n'}
[2.044023] (cv_basics) StdoutLine: {'line': b"writing list of installed files to '/home/greyflon/lab_2025/build/cv_basics/install.log'\n"}
[2.066966] (cv_basics) CommandEnded: {'returncode': 0}
[2.082818] (cv_basics) JobEnded: {'identifier': 'cv_basics', 'rc': 0}
[2.084316] (-) EventReactorShutdown: {}
