[0.000000] (-) TimerEvent: {}
[0.000875] (cv_basics) JobQueued: {'identifier': 'cv_basics', 'dependencies': OrderedDict()}
[0.000997] (two_wheeled_robot) JobQueued: {'identifier': 'two_wheeled_robot', 'dependencies': OrderedDict()}
[0.001061] (cv_basics) JobStarted: {'identifier': 'cv_basics'}
[0.009056] (two_wheeled_robot) JobStarted: {'identifier': 'two_wheeled_robot'}
[0.099698] (-) TimerEvent: {}
[0.200094] (-) TimerEvent: {}
[0.290493] (two_wheeled_robot) JobProgress: {'identifier': 'two_wheeled_robot', 'progress': 'cmake'}
[0.291621] (two_wheeled_robot) JobProgress: {'identifier': 'two_wheeled_robot', 'progress': 'build'}
[0.291867] (two_wheeled_robot) Command: {'cmd': ['/usr/bin/cmake', '--build', '/home/greyflon/lab_2025/build/two_wheeled_robot', '--', '-j12', '-l12'], 'cwd': '/home/greyflon/lab_2025/build/two_wheeled_robot', 'env': OrderedDict([('LESSOPEN', '| /usr/bin/lesspipe %s'), ('USER', 'greyflon'), ('XDG_SESSION_TYPE', 'wayland'), ('SHLVL', '1'), ('LD_LIBRARY_PATH', '/usr/lib/x86_64-linux-gnu/gazebo-11/plugins:/opt/ros/humble/opt/rviz_ogre_vendor/lib:/opt/ros/humble/lib/x86_64-linux-gnu:/opt/ros/humble/lib'), ('HOME', '/home/greyflon'), ('OLDPWD', '/home/greyflon'), ('DESKTOP_SESSION', 'ubuntu'), ('ROS_PYTHON_VERSION', '3'), ('GNOME_SHELL_SESSION_MODE', 'ubuntu'), ('GTK_MODULES', 'gail:atk-bridge'), ('SYSTEMD_EXEC_PID', '1656'), ('DBUS_SESSION_BUS_ADDRESS', 'unix:path=/run/user/1000/bus'), ('COLORTERM', 'truecolor'), ('IM_CONFIG_PHASE', '1'), ('WAYLAND_DISPLAY', 'wayland-0'), ('COLCON_PREFIX_PATH', '/home/greyflon/lab_2025/install'), ('ROS_DISTRO', 'humble'), ('LOGNAME', 'greyflon'), ('_', '/usr/bin/colcon'), ('ROS_VERSION', '2'), ('XDG_SESSION_CLASS', 'user'), ('USERNAME', 'greyflon'), ('TERM', 'xterm-256color'), ('GNOME_DESKTOP_SESSION_ID', 'this-is-deprecated'), ('ROS_LOCALHOST_ONLY', '0'), ('PATH', '/opt/ros/humble/bin:/home/greyflon/.local/bin:/usr/local/sbin:/usr/local/bin:/usr/sbin:/usr/bin:/sbin:/bin:/usr/games:/usr/local/games:/snap/bin:/snap/bin'), ('SESSION_MANAGER', 'local/greyflon-desktop:@/tmp/.ICE-unix/1622,unix/greyflon-desktop:/tmp/.ICE-unix/1622'), ('XDG_MENU_PREFIX', 'gnome-'), ('GNOME_TERMINAL_SCREEN', '/org/gnome/Terminal/screen/71dccc93_38e2_41ea_a312_bc6025dda2ae'), ('GNOME_SETUP_DISPLAY', ':1'), ('XDG_RUNTIME_DIR', '/run/user/1000'), ('DISPLAY', ':0'), ('LANG', 'en_US.UTF-8'), ('XDG_CURRENT_DESKTOP', 'ubuntu:GNOME'), ('XMODIFIERS', '@im=ibus'), ('XDG_SESSION_DESKTOP', 'ubuntu'), ('XAUTHORITY', '/run/user/1000/.mutter-Xwaylandauth.VANA72'), ('LS_COLORS', 'rs=0:di=01;34:ln=01;36:mh=00:pi=40;33:so=01;35:do=01;35:bd=40;33;01:cd=40;33;01:or=40;31;01:mi=00:su=37;41:sg=30;43:ca=30;41:tw=30;42:ow=34;42:st=37;44:ex=01;32:*.tar=01;31:*.tgz=01;31:*.arc=01;31:*.arj=01;31:*.taz=01;31:*.lha=01;31:*.lz4=01;31:*.lzh=01;31:*.lzma=01;31:*.tlz=01;31:*.txz=01;31:*.tzo=01;31:*.t7z=01;31:*.zip=01;31:*.z=01;31:*.dz=01;31:*.gz=01;31:*.lrz=01;31:*.lz=01;31:*.lzo=01;31:*.xz=01;31:*.zst=01;31:*.tzst=01;31:*.bz2=01;31:*.bz=01;31:*.tbz=01;31:*.tbz2=01;31:*.tz=01;31:*.deb=01;31:*.rpm=01;31:*.jar=01;31:*.war=01;31:*.ear=01;31:*.sar=01;31:*.rar=01;31:*.alz=01;31:*.ace=01;31:*.zoo=01;31:*.cpio=01;31:*.7z=01;31:*.rz=01;31:*.cab=01;31:*.wim=01;31:*.swm=01;31:*.dwm=01;31:*.esd=01;31:*.jpg=01;35:*.jpeg=01;35:*.mjpg=01;35:*.mjpeg=01;35:*.gif=01;35:*.bmp=01;35:*.pbm=01;35:*.pgm=01;35:*.ppm=01;35:*.tga=01;35:*.xbm=01;35:*.xpm=01;35:*.tif=01;35:*.tiff=01;35:*.png=01;35:*.svg=01;35:*.svgz=01;35:*.mng=01;35:*.pcx=01;35:*.mov=01;35:*.mpg=01;35:*.mpeg=01;35:*.m2v=01;35:*.mkv=01;35:*.webm=01;35:*.webp=01;35:*.ogm=01;35:*.mp4=01;35:*.m4v=01;35:*.mp4v=01;35:*.vob=01;35:*.qt=01;35:*.nuv=01;35:*.wmv=01;35:*.asf=01;35:*.rm=01;35:*.rmvb=01;35:*.flc=01;35:*.avi=01;35:*.fli=01;35:*.flv=01;35:*.gl=01;35:*.dl=01;35:*.xcf=01;35:*.xwd=01;35:*.yuv=01;35:*.cgm=01;35:*.emf=01;35:*.ogv=01;35:*.ogx=01;35:*.aac=00;36:*.au=00;36:*.flac=00;36:*.m4a=00;36:*.mid=00;36:*.midi=00;36:*.mka=00;36:*.mp3=00;36:*.mpc=00;36:*.ogg=00;36:*.ra=00;36:*.wav=00;36:*.oga=00;36:*.opus=00;36:*.spx=00;36:*.xspf=00;36:'), ('GNOME_TERMINAL_SERVICE', ':1.114'), ('SSH_AGENT_LAUNCHER', 'gnome-keyring'), ('SSH_AUTH_SOCK', '/run/user/1000/keyring/ssh'), ('AMENT_PREFIX_PATH', '/home/greyflon/lab_2025/install/two_wheeled_robot:/home/greyflon/lab_2025/install/cv_basics:/opt/ros/humble'), ('SHELL', '/bin/bash'), ('QT_ACCESSIBILITY', '1'), ('GDMSESSION', 'ubuntu'), ('LESSCLOSE', '/usr/bin/lesspipe %s %s'), ('QT_IM_MODULE', 'ibus'), ('PWD', '/home/greyflon/lab_2025/build/two_wheeled_robot'), ('LC_ALL', 'en_US.UTF-8'), ('XDG_CONFIG_DIRS', '/etc/xdg/xdg-ubuntu:/etc/xdg'), ('XDG_DATA_DIRS', '/usr/share/ubuntu:/usr/local/share/:/usr/share/:/var/lib/snapd/desktop'), ('PYTHONPATH', '/home/greyflon/lab_2025/install/cv_basics/lib/python3.10/site-packages:/opt/ros/humble/lib/python3.10/site-packages:/opt/ros/humble/local/lib/python3.10/dist-packages'), ('COLCON', '1'), ('VTE_VERSION', '6800'), ('CMAKE_PREFIX_PATH', '/home/greyflon/lab_2025/install/two_wheeled_robot:/home/greyflon/lab_2025/install/cv_basics:/opt/ros/humble')]), 'shell': False}
[0.300175] (-) TimerEvent: {}
[0.354204] (two_wheeled_robot) CommandEnded: {'returncode': 0}
[0.354999] (two_wheeled_robot) JobProgress: {'identifier': 'two_wheeled_robot', 'progress': 'install'}
[0.364719] (two_wheeled_robot) Command: {'cmd': ['/usr/bin/cmake', '--install', '/home/greyflon/lab_2025/build/two_wheeled_robot'], 'cwd': '/home/greyflon/lab_2025/build/two_wheeled_robot', 'env': OrderedDict([('LESSOPEN', '| /usr/bin/lesspipe %s'), ('USER', 'greyflon'), ('XDG_SESSION_TYPE', 'wayland'), ('SHLVL', '1'), ('LD_LIBRARY_PATH', '/usr/lib/x86_64-linux-gnu/gazebo-11/plugins:/opt/ros/humble/opt/rviz_ogre_vendor/lib:/opt/ros/humble/lib/x86_64-linux-gnu:/opt/ros/humble/lib'), ('HOME', '/home/greyflon'), ('OLDPWD', '/home/greyflon'), ('DESKTOP_SESSION', 'ubuntu'), ('ROS_PYTHON_VERSION', '3'), ('GNOME_SHELL_SESSION_MODE', 'ubuntu'), ('GTK_MODULES', 'gail:atk-bridge'), ('SYSTEMD_EXEC_PID', '1656'), ('DBUS_SESSION_BUS_ADDRESS', 'unix:path=/run/user/1000/bus'), ('COLORTERM', 'truecolor'), ('IM_CONFIG_PHASE', '1'), ('WAYLAND_DISPLAY', 'wayland-0'), ('COLCON_PREFIX_PATH', '/home/greyflon/lab_2025/install'), ('ROS_DISTRO', 'humble'), ('LOGNAME', 'greyflon'), ('_', '/usr/bin/colcon'), ('ROS_VERSION', '2'), ('XDG_SESSION_CLASS', 'user'), ('USERNAME', 'greyflon'), ('TERM', 'xterm-256color'), ('GNOME_DESKTOP_SESSION_ID', 'this-is-deprecated'), ('ROS_LOCALHOST_ONLY', '0'), ('PATH', '/opt/ros/humble/bin:/home/greyflon/.local/bin:/usr/local/sbin:/usr/local/bin:/usr/sbin:/usr/bin:/sbin:/bin:/usr/games:/usr/local/games:/snap/bin:/snap/bin'), ('SESSION_MANAGER', 'local/greyflon-desktop:@/tmp/.ICE-unix/1622,unix/greyflon-desktop:/tmp/.ICE-unix/1622'), ('XDG_MENU_PREFIX', 'gnome-'), ('GNOME_TERMINAL_SCREEN', '/org/gnome/Terminal/screen/71dccc93_38e2_41ea_a312_bc6025dda2ae'), ('GNOME_SETUP_DISPLAY', ':1'), ('XDG_RUNTIME_DIR', '/run/user/1000'), ('DISPLAY', ':0'), ('LANG', 'en_US.UTF-8'), ('XDG_CURRENT_DESKTOP', 'ubuntu:GNOME'), ('XMODIFIERS', '@im=ibus'), ('XDG_SESSION_DESKTOP', 'ubuntu'), ('XAUTHORITY', '/run/user/1000/.mutter-Xwaylandauth.VANA72'), ('LS_COLORS', 'rs=0:di=01;34:ln=01;36:mh=00:pi=40;33:so=01;35:do=01;35:bd=40;33;01:cd=40;33;01:or=40;31;01:mi=00:su=37;41:sg=30;43:ca=30;41:tw=30;42:ow=34;42:st=37;44:ex=01;32:*.tar=01;31:*.tgz=01;31:*.arc=01;31:*.arj=01;31:*.taz=01;31:*.lha=01;31:*.lz4=01;31:*.lzh=01;31:*.lzma=01;31:*.tlz=01;31:*.txz=01;31:*.tzo=01;31:*.t7z=01;31:*.zip=01;31:*.z=01;31:*.dz=01;31:*.gz=01;31:*.lrz=01;31:*.lz=01;31:*.lzo=01;31:*.xz=01;31:*.zst=01;31:*.tzst=01;31:*.bz2=01;31:*.bz=01;31:*.tbz=01;31:*.tbz2=01;31:*.tz=01;31:*.deb=01;31:*.rpm=01;31:*.jar=01;31:*.war=01;31:*.ear=01;31:*.sar=01;31:*.rar=01;31:*.alz=01;31:*.ace=01;31:*.zoo=01;31:*.cpio=01;31:*.7z=01;31:*.rz=01;31:*.cab=01;31:*.wim=01;31:*.swm=01;31:*.dwm=01;31:*.esd=01;31:*.jpg=01;35:*.jpeg=01;35:*.mjpg=01;35:*.mjpeg=01;35:*.gif=01;35:*.bmp=01;35:*.pbm=01;35:*.pgm=01;35:*.ppm=01;35:*.tga=01;35:*.xbm=01;35:*.xpm=01;35:*.tif=01;35:*.tiff=01;35:*.png=01;35:*.svg=01;35:*.svgz=01;35:*.mng=01;35:*.pcx=01;35:*.mov=01;35:*.mpg=01;35:*.mpeg=01;35:*.m2v=01;35:*.mkv=01;35:*.webm=01;35:*.webp=01;35:*.ogm=01;35:*.mp4=01;35:*.m4v=01;35:*.mp4v=01;35:*.vob=01;35:*.qt=01;35:*.nuv=01;35:*.wmv=01;35:*.asf=01;35:*.rm=01;35:*.rmvb=01;35:*.flc=01;35:*.avi=01;35:*.fli=01;35:*.flv=01;35:*.gl=01;35:*.dl=01;35:*.xcf=01;35:*.xwd=01;35:*.yuv=01;35:*.cgm=01;35:*.emf=01;35:*.ogv=01;35:*.ogx=01;35:*.aac=00;36:*.au=00;36:*.flac=00;36:*.m4a=00;36:*.mid=00;36:*.midi=00;36:*.mka=00;36:*.mp3=00;36:*.mpc=00;36:*.ogg=00;36:*.ra=00;36:*.wav=00;36:*.oga=00;36:*.opus=00;36:*.spx=00;36:*.xspf=00;36:'), ('GNOME_TERMINAL_SERVICE', ':1.114'), ('SSH_AGENT_LAUNCHER', 'gnome-keyring'), ('SSH_AUTH_SOCK', '/run/user/1000/keyring/ssh'), ('AMENT_PREFIX_PATH', '/home/greyflon/lab_2025/install/two_wheeled_robot:/home/greyflon/lab_2025/install/cv_basics:/opt/ros/humble'), ('SHELL', '/bin/bash'), ('QT_ACCESSIBILITY', '1'), ('GDMSESSION', 'ubuntu'), ('LESSCLOSE', '/usr/bin/lesspipe %s %s'), ('QT_IM_MODULE', 'ibus'), ('PWD', '/home/greyflon/lab_2025/build/two_wheeled_robot'), ('LC_ALL', 'en_US.UTF-8'), ('XDG_CONFIG_DIRS', '/etc/xdg/xdg-ubuntu:/etc/xdg'), ('XDG_DATA_DIRS', '/usr/share/ubuntu:/usr/local/share/:/usr/share/:/var/lib/snapd/desktop'), ('PYTHONPATH', '/home/greyflon/lab_2025/install/cv_basics/lib/python3.10/site-packages:/opt/ros/humble/lib/python3.10/site-packages:/opt/ros/humble/local/lib/python3.10/dist-packages'), ('COLCON', '1'), ('VTE_VERSION', '6800'), ('CMAKE_PREFIX_PATH', '/home/greyflon/lab_2025/install/two_wheeled_robot:/home/greyflon/lab_2025/install/cv_basics:/opt/ros/humble')]), 'shell': False}
[0.378148] (two_wheeled_robot) StdoutLine: {'line': b'-- Install configuration: ""\n'}
[0.378412] (two_wheeled_robot) StdoutLine: {'line': b'-- Up-to-date: /home/greyflon/lab_2025/install/two_wheeled_robot/share/two_wheeled_robot/config\n'}
[0.378605] (two_wheeled_robot) StdoutLine: {'line': b'-- Up-to-date: /home/greyflon/lab_2025/install/two_wheeled_robot/share/two_wheeled_robot/config/ekf.yaml\n'}
[0.378692] (two_wheeled_robot) StdoutLine: {'line': b'-- Up-to-date: /home/greyflon/lab_2025/install/two_wheeled_robot/share/two_wheeled_robot/config/ekf_urdf.yaml\n'}
[0.378788] (two_wheeled_robot) StdoutLine: {'line': b'-- Up-to-date: /home/greyflon/lab_2025/install/two_wheeled_robot/share/two_wheeled_robot/launch\n'}
[0.379080] (two_wheeled_robot) StdoutLine: {'line': b'-- Installing: /home/greyflon/lab_2025/install/two_wheeled_robot/share/two_wheeled_robot/launch/launch_urdf_into_gazebo.launch.py\n'}
[0.379370] (two_wheeled_robot) StdoutLine: {'line': b'-- Up-to-date: /home/greyflon/lab_2025/install/two_wheeled_robot/share/two_wheeled_robot/launch/warehouse_world\n'}
[0.379606] (two_wheeled_robot) StdoutLine: {'line': b'-- Up-to-date: /home/greyflon/lab_2025/install/two_wheeled_robot/share/two_wheeled_robot/launch/warehouse_world/todo_warehouse.py\n'}
[0.379972] (two_wheeled_robot) StdoutLine: {'line': b'-- Up-to-date: /home/greyflon/lab_2025/install/two_wheeled_robot/share/two_wheeled_robot/launch/neighborhood_world\n'}
[0.380201] (two_wheeled_robot) StdoutLine: {'line': b'-- Up-to-date: /home/greyflon/lab_2025/install/two_wheeled_robot/share/two_wheeled_robot/launch/neighborhood_world/neighborhood_world_v3.launch.py\n'}
[0.380416] (two_wheeled_robot) StdoutLine: {'line': b'-- Up-to-date: /home/greyflon/lab_2025/install/two_wheeled_robot/share/two_wheeled_robot/launch/neighborhood_world/neighborhood_world_v2.launch.py\n'}
[0.380816] (two_wheeled_robot) StdoutLine: {'line': b'-- Up-to-date: /home/greyflon/lab_2025/install/two_wheeled_robot/share/two_wheeled_robot/launch/neighborhood_world/neighborhood_world_v1.launch.py\n'}
[0.381014] (two_wheeled_robot) StdoutLine: {'line': b'-- Up-to-date: /home/greyflon/lab_2025/install/two_wheeled_robot/share/two_wheeled_robot/launch/load_world_into_gazebo.launch.py\n'}
[0.381192] (two_wheeled_robot) StdoutLine: {'line': b'-- Up-to-date: /home/greyflon/lab_2025/install/two_wheeled_robot/share/two_wheeled_robot/launch/launch_sim_cv.launch.py\n'}
[0.381368] (two_wheeled_robot) StdoutLine: {'line': b'-- Up-to-date: /home/greyflon/lab_2025/install/two_wheeled_robot/share/two_wheeled_robot/launch/two_wheeled_robot_rviz.launch.py\n'}
[0.381758] (two_wheeled_robot) StdoutLine: {'line': b'-- Up-to-date: /home/greyflon/lab_2025/install/two_wheeled_robot/share/two_wheeled_robot/maps\n'}
[0.381925] (two_wheeled_robot) StdoutLine: {'line': b'-- Up-to-date: /home/greyflon/lab_2025/install/two_wheeled_robot/share/two_wheeled_robot/maps/warehouse_world\n'}
[0.382083] (two_wheeled_robot) StdoutLine: {'line': b'-- Up-to-date: /home/greyflon/lab_2025/install/two_wheeled_robot/share/two_wheeled_robot/maps/warehouse_world/002\n'}
[0.382239] (two_wheeled_robot) StdoutLine: {'line': b'-- Up-to-date: /home/greyflon/lab_2025/install/two_wheeled_robot/share/two_wheeled_robot/maps/warehouse_world/002/map.yaml\n'}
[0.382398] (two_wheeled_robot) StdoutLine: {'line': b'-- Up-to-date: /home/greyflon/lab_2025/install/two_wheeled_robot/share/two_wheeled_robot/maps/warehouse_world/002/map.pgm\n'}
[0.382575] (two_wheeled_robot) StdoutLine: {'line': b'-- Up-to-date: /home/greyflon/lab_2025/install/two_wheeled_robot/share/two_wheeled_robot/maps/warehouse_world/005\n'}
[0.382751] (two_wheeled_robot) StdoutLine: {'line': b'-- Up-to-date: /home/greyflon/lab_2025/install/two_wheeled_robot/share/two_wheeled_robot/maps/warehouse_world/005/map_rotated.pgm\n'}
[0.382911] (two_wheeled_robot) StdoutLine: {'line': b'-- Up-to-date: /home/greyflon/lab_2025/install/two_wheeled_robot/share/two_wheeled_robot/maps/warehouse_world/005/map_rotated.png\n'}
[0.383069] (two_wheeled_robot) StdoutLine: {'line': b'-- Up-to-date: /home/greyflon/lab_2025/install/two_wheeled_robot/share/two_wheeled_robot/maps/warehouse_world/005/map.yaml\n'}
[0.383227] (two_wheeled_robot) StdoutLine: {'line': b'-- Up-to-date: /home/greyflon/lab_2025/install/two_wheeled_robot/share/two_wheeled_robot/maps/warehouse_world/005/map.pgm\n'}
[0.383383] (two_wheeled_robot) StdoutLine: {'line': b'-- Up-to-date: /home/greyflon/lab_2025/install/two_wheeled_robot/share/two_wheeled_robot/maps/warehouse_world/keepout2.yaml\n'}
[0.383539] (two_wheeled_robot) StdoutLine: {'line': b'-- Up-to-date: /home/greyflon/lab_2025/install/two_wheeled_robot/share/two_wheeled_robot/maps/warehouse_world/lanes.yaml\n'}
[0.384103] (two_wheeled_robot) StdoutLine: {'line': b'-- Up-to-date: /home/greyflon/lab_2025/install/two_wheeled_robot/share/two_wheeled_robot/maps/warehouse_world/keepout_rotated2.pgm\n'}
[0.384273] (two_wheeled_robot) StdoutLine: {'line': b'-- Up-to-date: /home/greyflon/lab_2025/install/two_wheeled_robot/share/two_wheeled_robot/maps/warehouse_world/lanes_rotated.pgm\n'}
[0.384429] (two_wheeled_robot) StdoutLine: {'line': b'-- Up-to-date: /home/greyflon/lab_2025/install/two_wheeled_robot/share/two_wheeled_robot/maps/neighborhood_world\n'}
[0.384623] (two_wheeled_robot) StdoutLine: {'line': b'-- Up-to-date: /home/greyflon/lab_2025/install/two_wheeled_robot/share/two_wheeled_robot/maps/neighborhood_world/neighborhood_world.yaml\n'}
[0.384798] (two_wheeled_robot) StdoutLine: {'line': b'-- Up-to-date: /home/greyflon/lab_2025/install/two_wheeled_robot/share/two_wheeled_robot/maps/neighborhood_world/neighborhood_world.pgm\n'}
[0.384953] (two_wheeled_robot) StdoutLine: {'line': b'-- Up-to-date: /home/greyflon/lab_2025/install/two_wheeled_robot/share/two_wheeled_robot/media\n'}
[0.385111] (two_wheeled_robot) StdoutLine: {'line': b'-- Up-to-date: /home/greyflon/lab_2025/install/two_wheeled_robot/share/two_wheeled_robot/media/materials\n'}
[0.385265] (two_wheeled_robot) StdoutLine: {'line': b'-- Up-to-date: /home/greyflon/lab_2025/install/two_wheeled_robot/share/two_wheeled_robot/media/materials/scripts\n'}
[0.385923] (two_wheeled_robot) StdoutLine: {'line': b'-- Up-to-date: /home/greyflon/lab_2025/install/two_wheeled_robot/share/two_wheeled_robot/media/materials/scripts/servicesim.material\n'}
[0.386100] (two_wheeled_robot) StdoutLine: {'line': b'-- Up-to-date: /home/greyflon/lab_2025/install/two_wheeled_robot/share/two_wheeled_robot/media/materials/textures\n'}
[0.386258] (two_wheeled_robot) StdoutLine: {'line': b'-- Up-to-date: /home/greyflon/lab_2025/install/two_wheeled_robot/share/two_wheeled_robot/media/materials/textures/hallway.png\n'}
[0.386568] (two_wheeled_robot) StdoutLine: {'line': b'-- Up-to-date: /home/greyflon/lab_2025/install/two_wheeled_robot/share/two_wheeled_robot/media/materials/textures/cubicle_wall.png\n'}
[0.386747] (two_wheeled_robot) StdoutLine: {'line': b'-- Up-to-date: /home/greyflon/lab_2025/install/two_wheeled_robot/share/two_wheeled_robot/media/materials/textures/wall_window_and_elevator.png\n'}
[0.386906] (two_wheeled_robot) StdoutLine: {'line': b'-- Up-to-date: /home/greyflon/lab_2025/install/two_wheeled_robot/share/two_wheeled_robot/media/materials/textures/door_wall.png\n'}
[0.387064] (two_wheeled_robot) StdoutLine: {'line': b'-- Up-to-date: /home/greyflon/lab_2025/install/two_wheeled_robot/share/two_wheeled_robot/media/materials/textures/floors.png\n'}
[0.387220] (two_wheeled_robot) StdoutLine: {'line': b'-- Up-to-date: /home/greyflon/lab_2025/install/two_wheeled_robot/share/two_wheeled_robot/media/materials/textures/plain.png\n'}
[0.387378] (two_wheeled_robot) StdoutLine: {'line': b'-- Up-to-date: /home/greyflon/lab_2025/install/two_wheeled_robot/share/two_wheeled_robot/media/materials/textures/wall_plain_and_door.png\n'}
[0.387534] (two_wheeled_robot) StdoutLine: {'line': b'-- Up-to-date: /home/greyflon/lab_2025/install/two_wheeled_robot/share/two_wheeled_robot/media/materials/textures/ceiling.png\n'}
[0.387942] (two_wheeled_robot) StdoutLine: {'line': b'-- Up-to-date: /home/greyflon/lab_2025/install/two_wheeled_robot/share/two_wheeled_robot/media/materials/textures/wall_color.png\n'}
[0.388102] (two_wheeled_robot) StdoutLine: {'line': b'-- Up-to-date: /home/greyflon/lab_2025/install/two_wheeled_robot/share/two_wheeled_robot/media/materials/textures/window.png\n'}
[0.388259] (two_wheeled_robot) StdoutLine: {'line': b'-- Up-to-date: /home/greyflon/lab_2025/install/two_wheeled_robot/share/two_wheeled_robot/media/materials/textures/sink.png\n'}
[0.388415] (two_wheeled_robot) StdoutLine: {'line': b'-- Up-to-date: /home/greyflon/lab_2025/install/two_wheeled_robot/share/two_wheeled_robot/media/materials/textures/elevator.png\n'}
[0.388593] (two_wheeled_robot) StdoutLine: {'line': b'-- Up-to-date: /home/greyflon/lab_2025/install/two_wheeled_robot/share/two_wheeled_robot/media/materials/textures/bathroom.png\n'}
[0.388771] (two_wheeled_robot) StdoutLine: {'line': b'-- Up-to-date: /home/greyflon/lab_2025/install/two_wheeled_robot/share/two_wheeled_robot/media/frames\n'}
[0.388930] (two_wheeled_robot) StdoutLine: {'line': b'-- Up-to-date: /home/greyflon/lab_2025/install/two_wheeled_robot/share/two_wheeled_robot/media/frames/frames.gv\n'}
[0.389085] (two_wheeled_robot) StdoutLine: {'line': b'-- Up-to-date: /home/greyflon/lab_2025/install/two_wheeled_robot/share/two_wheeled_robot/media/frames/frames.pdf\n'}
[0.389241] (two_wheeled_robot) StdoutLine: {'line': b'-- Up-to-date: /home/greyflon/lab_2025/install/two_wheeled_robot/share/two_wheeled_robot/media/gps\n'}
[0.389398] (two_wheeled_robot) StdoutLine: {'line': b'-- Up-to-date: /home/greyflon/lab_2025/install/two_wheeled_robot/share/two_wheeled_robot/media/gps/gps_service_call_set_origin_lat_lon\n'}
[0.389575] (two_wheeled_robot) StdoutLine: {'line': b'-- Up-to-date: /home/greyflon/lab_2025/install/two_wheeled_robot/share/two_wheeled_robot/media/node_graph\n'}
[0.389754] (two_wheeled_robot) StdoutLine: {'line': b'-- Up-to-date: /home/greyflon/lab_2025/install/two_wheeled_robot/share/two_wheeled_robot/media/node_graph/rviz_launch_rosgraph.png\n'}
[0.389910] (two_wheeled_robot) StdoutLine: {'line': b'-- Up-to-date: /home/greyflon/lab_2025/install/two_wheeled_robot/share/two_wheeled_robot/meshes\n'}
[0.390120] (two_wheeled_robot) StdoutLine: {'line': b'-- Up-to-date: /home/greyflon/lab_2025/install/two_wheeled_robot/share/two_wheeled_robot/meshes/elbow.stl\n'}
[0.390283] (two_wheeled_robot) StdoutLine: {'line': b'-- Up-to-date: /home/greyflon/lab_2025/install/two_wheeled_robot/share/two_wheeled_robot/meshes/cafe\n'}
[0.390440] (two_wheeled_robot) StdoutLine: {'line': b'-- Up-to-date: /home/greyflon/lab_2025/install/two_wheeled_robot/share/two_wheeled_robot/meshes/cafe/walk.dae\n'}
[0.390627] (two_wheeled_robot) StdoutLine: {'line': b'-- Up-to-date: /home/greyflon/lab_2025/install/two_wheeled_robot/share/two_wheeled_robot/meshes/bicep.stl\n'}
[0.390962] (two_wheeled_robot) StdoutLine: {'line': b'-- Up-to-date: /home/greyflon/lab_2025/install/two_wheeled_robot/share/two_wheeled_robot/meshes/robot_base.stl\n'}
[0.391122] (two_wheeled_robot) StdoutLine: {'line': b'-- Up-to-date: /home/greyflon/lab_2025/install/two_wheeled_robot/share/two_wheeled_robot/meshes/office\n'}
[0.391281] (two_wheeled_robot) StdoutLine: {'line': b'-- Up-to-date: /home/greyflon/lab_2025/install/two_wheeled_robot/share/two_wheeled_robot/meshes/office/hallway.obj\n'}
[0.391436] (two_wheeled_robot) StdoutLine: {'line': b'-- Up-to-date: /home/greyflon/lab_2025/install/two_wheeled_robot/share/two_wheeled_robot/meshes/office/tile.obj\n'}
[0.391623] (two_wheeled_robot) StdoutLine: {'line': b'-- Up-to-date: /home/greyflon/lab_2025/install/two_wheeled_robot/share/two_wheeled_robot/meshes/office/meeting_room_large.obj\n'}
[0.391844] (two_wheeled_robot) StdoutLine: {'line': b'-- Up-to-date: /home/greyflon/lab_2025/install/two_wheeled_robot/share/two_wheeled_robot/meshes/office/wall_window.obj\n'}
[0.392063] (two_wheeled_robot) StdoutLine: {'line': b'-- Up-to-date: /home/greyflon/lab_2025/install/two_wheeled_robot/share/two_wheeled_robot/meshes/office/sink.obj\n'}
[0.392221] (two_wheeled_robot) StdoutLine: {'line': b'-- Up-to-date: /home/greyflon/lab_2025/install/two_wheeled_robot/share/two_wheeled_robot/meshes/office/bathroom.obj\n'}
[0.392951] (two_wheeled_robot) StdoutLine: {'line': b'-- Up-to-date: /home/greyflon/lab_2025/install/two_wheeled_robot/share/two_wheeled_robot/meshes/office/office_large.obj\n'}
[0.393123] (two_wheeled_robot) StdoutLine: {'line': b'-- Up-to-date: /home/greyflon/lab_2025/install/two_wheeled_robot/share/two_wheeled_robot/meshes/office/wall_plain.obj\n'}
[0.393280] (two_wheeled_robot) StdoutLine: {'line': b'-- Up-to-date: /home/greyflon/lab_2025/install/two_wheeled_robot/share/two_wheeled_robot/meshes/office/meeting_room_small.obj\n'}
[0.393435] (two_wheeled_robot) StdoutLine: {'line': b'-- Up-to-date: /home/greyflon/lab_2025/install/two_wheeled_robot/share/two_wheeled_robot/meshes/office/cubicle_wall.mtl\n'}
[0.393613] (two_wheeled_robot) StdoutLine: {'line': b'-- Up-to-date: /home/greyflon/lab_2025/install/two_wheeled_robot/share/two_wheeled_robot/meshes/office/carpet.obj\n'}
[0.393784] (two_wheeled_robot) StdoutLine: {'line': b'-- Up-to-date: /home/greyflon/lab_2025/install/two_wheeled_robot/share/two_wheeled_robot/meshes/office/cubicle_wall.obj\n'}
[0.393939] (two_wheeled_robot) StdoutLine: {'line': b'-- Up-to-date: /home/greyflon/lab_2025/install/two_wheeled_robot/share/two_wheeled_robot/meshes/office/office_small.obj\n'}
[0.394091] (two_wheeled_robot) StdoutLine: {'line': b'-- Up-to-date: /home/greyflon/lab_2025/install/two_wheeled_robot/share/two_wheeled_robot/meshes/office/office.mtl\n'}
[0.394246] (two_wheeled_robot) StdoutLine: {'line': b'-- Up-to-date: /home/greyflon/lab_2025/install/two_wheeled_robot/share/two_wheeled_robot/meshes/office/wall_elevator.obj\n'}
[0.394401] (two_wheeled_robot) StdoutLine: {'line': b'-- Up-to-date: /home/greyflon/lab_2025/install/two_wheeled_robot/share/two_wheeled_robot/meshes/office/ceiling.obj\n'}
[0.394572] (two_wheeled_robot) StdoutLine: {'line': b'-- Up-to-date: /home/greyflon/lab_2025/install/two_wheeled_robot/share/two_wheeled_robot/meshes/office/reception.obj\n'}
[0.394746] (two_wheeled_robot) StdoutLine: {'line': b'-- Up-to-date: /home/greyflon/lab_2025/install/two_wheeled_robot/share/two_wheeled_robot/meshes/office/wall_door.obj\n'}
[0.394903] (two_wheeled_robot) StdoutLine: {'line': b'-- Up-to-date: /home/greyflon/lab_2025/install/two_wheeled_robot/share/two_wheeled_robot/meshes/office/refreshment_area.obj\n'}
[0.395060] (two_wheeled_robot) StdoutLine: {'line': b'-- Up-to-date: /home/greyflon/lab_2025/install/two_wheeled_robot/share/two_wheeled_robot/meshes/wrist.stl\n'}
[0.395217] (two_wheeled_robot) StdoutLine: {'line': b'-- Up-to-date: /home/greyflon/lab_2025/install/two_wheeled_robot/share/two_wheeled_robot/meshes/wheel.stl\n'}
[0.395584] (two_wheeled_robot) StdoutLine: {'line': b'-- Up-to-date: /home/greyflon/lab_2025/install/two_wheeled_robot/share/two_wheeled_robot/meshes/arm_base.stl\n'}
[0.395763] (two_wheeled_robot) StdoutLine: {'line': b'-- Up-to-date: /home/greyflon/lab_2025/install/two_wheeled_robot/share/two_wheeled_robot/models\n'}
[0.395919] (two_wheeled_robot) StdoutLine: {'line': b'-- Up-to-date: /home/greyflon/lab_2025/install/two_wheeled_robot/share/two_wheeled_robot/models/aws_robomaker_hospital_ramp_01\n'}
[0.396075] (two_wheeled_robot) StdoutLine: {'line': b'-- Up-to-date: /home/greyflon/lab_2025/install/two_wheeled_robot/share/two_wheeled_robot/models/aws_robomaker_hospital_ramp_01/model.config\n'}
[0.396230] (two_wheeled_robot) StdoutLine: {'line': b'-- Up-to-date: /home/greyflon/lab_2025/install/two_wheeled_robot/share/two_wheeled_robot/models/aws_robomaker_hospital_ramp_01/meshes\n'}
[0.396385] (two_wheeled_robot) StdoutLine: {'line': b'-- Up-to-date: /home/greyflon/lab_2025/install/two_wheeled_robot/share/two_wheeled_robot/models/aws_robomaker_hospital_ramp_01/meshes/aws_robomaker_hospital_ramp_01.png\n'}
[0.397020] (two_wheeled_robot) StdoutLine: {'line': b'-- Up-to-date: /home/greyflon/lab_2025/install/two_wheeled_robot/share/two_wheeled_robot/models/aws_robomaker_hospital_ramp_01/meshes/aws_robomaker_hospital_ramp_01_collision.dae\n'}
[0.397341] (two_wheeled_robot) StdoutLine: {'line': b'-- Up-to-date: /home/greyflon/lab_2025/install/two_wheeled_robot/share/two_wheeled_robot/models/aws_robomaker_hospital_ramp_01/meshes/aws_robomaker_hospital_ramp_01_normal.png\n'}
[0.397519] (two_wheeled_robot) StdoutLine: {'line': b'-- Up-to-date: /home/greyflon/lab_2025/install/two_wheeled_robot/share/two_wheeled_robot/models/aws_robomaker_hospital_ramp_01/meshes/aws_robomaker_hospital_ramp_01_visual.dae\n'}
[0.397717] (two_wheeled_robot) StdoutLine: {'line': b'-- Up-to-date: /home/greyflon/lab_2025/install/two_wheeled_robot/share/two_wheeled_robot/models/aws_robomaker_hospital_ramp_01/model.sdf\n'}
[0.397885] (two_wheeled_robot) StdoutLine: {'line': b'-- Up-to-date: /home/greyflon/lab_2025/install/two_wheeled_robot/share/two_wheeled_robot/models/toilet\n'}
[0.398043] (two_wheeled_robot) StdoutLine: {'line': b'-- Up-to-date: /home/greyflon/lab_2025/install/two_wheeled_robot/share/two_wheeled_robot/models/toilet/model.config\n'}
[0.398201] (two_wheeled_robot) StdoutLine: {'line': b'-- Up-to-date: /home/greyflon/lab_2025/install/two_wheeled_robot/share/two_wheeled_robot/models/toilet/meshes\n'}
[0.398359] (two_wheeled_robot) StdoutLine: {'line': b'-- Up-to-date: /home/greyflon/lab_2025/install/two_wheeled_robot/share/two_wheeled_robot/models/toilet/meshes/toilet.mtl\n'}
[0.398516] (two_wheeled_robot) StdoutLine: {'line': b'-- Up-to-date: /home/greyflon/lab_2025/install/two_wheeled_robot/share/two_wheeled_robot/models/toilet/meshes/toilet.dae\n'}
[0.398706] (two_wheeled_robot) StdoutLine: {'line': b'-- Up-to-date: /home/greyflon/lab_2025/install/two_wheeled_robot/share/two_wheeled_robot/models/toilet/meshes/toilet.obj\n'}
[0.398868] (two_wheeled_robot) StdoutLine: {'line': b'-- Up-to-date: /home/greyflon/lab_2025/install/two_wheeled_robot/share/two_wheeled_robot/models/toilet/materials\n'}
[0.399022] (two_wheeled_robot) StdoutLine: {'line': b'-- Up-to-date: /home/greyflon/lab_2025/install/two_wheeled_robot/share/two_wheeled_robot/models/toilet/materials/textures\n'}
[0.399383] (two_wheeled_robot) StdoutLine: {'line': b'-- Up-to-date: /home/greyflon/lab_2025/install/two_wheeled_robot/share/two_wheeled_robot/models/toilet/materials/textures/toilet_diffuse_specular.png\n'}
[0.399564] (two_wheeled_robot) StdoutLine: {'line': b'-- Up-to-date: /home/greyflon/lab_2025/install/two_wheeled_robot/share/two_wheeled_robot/models/toilet/thumbnails\n'}
[0.399744] (two_wheeled_robot) StdoutLine: {'line': b'-- Up-to-date: /home/greyflon/lab_2025/install/two_wheeled_robot/share/two_wheeled_robot/models/toilet/thumbnails/5.png\n'}
[0.400577] (-) TimerEvent: {}
[0.400926] (two_wheeled_robot) StdoutLine: {'line': b'-- Up-to-date: /home/greyflon/lab_2025/install/two_wheeled_robot/share/two_wheeled_robot/models/toilet/thumbnails/1.png\n'}
[0.401177] (two_wheeled_robot) StdoutLine: {'line': b'-- Up-to-date: /home/greyflon/lab_2025/install/two_wheeled_robot/share/two_wheeled_robot/models/toilet/thumbnails/2.png\n'}
[0.401339] (two_wheeled_robot) StdoutLine: {'line': b'-- Up-to-date: /home/greyflon/lab_2025/install/two_wheeled_robot/share/two_wheeled_robot/models/toilet/thumbnails/4.png\n'}
[0.401496] (two_wheeled_robot) StdoutLine: {'line': b'-- Up-to-date: /home/greyflon/lab_2025/install/two_wheeled_robot/share/two_wheeled_robot/models/toilet/thumbnails/3.png\n'}
[0.401687] (two_wheeled_robot) StdoutLine: {'line': b'-- Up-to-date: /home/greyflon/lab_2025/install/two_wheeled_robot/share/two_wheeled_robot/models/toilet/model.sdf\n'}
[0.401849] (two_wheeled_robot) StdoutLine: {'line': b'-- Up-to-date: /home/greyflon/lab_2025/install/two_wheeled_robot/share/two_wheeled_robot/models/aws_robomaker_residential_RoomCeiling_01\n'}
[0.402005] (two_wheeled_robot) StdoutLine: {'line': b'-- Up-to-date: /home/greyflon/lab_2025/install/two_wheeled_robot/share/two_wheeled_robot/models/aws_robomaker_residential_RoomCeiling_01/model.config\n'}
[0.402162] (two_wheeled_robot) StdoutLine: {'line': b'-- Up-to-date: /home/greyflon/lab_2025/install/two_wheeled_robot/share/two_wheeled_robot/models/aws_robomaker_residential_RoomCeiling_01/meshes\n'}
[0.402319] (two_wheeled_robot) StdoutLine: {'line': b'-- Up-to-date: /home/greyflon/lab_2025/install/two_wheeled_robot/share/two_wheeled_robot/models/aws_robomaker_residential_RoomCeiling_01/meshes/aws_RoomCeiling_01_collision.DAE\n'}
[0.402477] (two_wheeled_robot) StdoutLine: {'line': b'-- Up-to-date: /home/greyflon/lab_2025/install/two_wheeled_robot/share/two_wheeled_robot/models/aws_robomaker_residential_RoomCeiling_01/meshes/aws_RoomCeiling_01_visual.DAE\n'}
[0.402663] (two_wheeled_robot) StdoutLine: {'line': b'-- Up-to-date: /home/greyflon/lab_2025/install/two_wheeled_robot/share/two_wheeled_robot/models/aws_robomaker_residential_RoomCeiling_01/materials\n'}
[0.402824] (two_wheeled_robot) StdoutLine: {'line': b'-- Up-to-date: /home/greyflon/lab_2025/install/two_wheeled_robot/share/two_wheeled_robot/models/aws_robomaker_residential_RoomCeiling_01/materials/textures\n'}
[0.402978] (two_wheeled_robot) StdoutLine: {'line': b'-- Up-to-date: /home/greyflon/lab_2025/install/two_wheeled_robot/share/two_wheeled_robot/models/aws_robomaker_residential_RoomCeiling_01/materials/textures/aws_RoomCeiling_01.png\n'}
[0.403196] (two_wheeled_robot) StdoutLine: {'line': b'-- Up-to-date: /home/greyflon/lab_2025/install/two_wheeled_robot/share/two_wheeled_robot/models/aws_robomaker_residential_RoomCeiling_01/model.sdf\n'}
[0.403360] (two_wheeled_robot) StdoutLine: {'line': b'-- Up-to-date: /home/greyflon/lab_2025/install/two_wheeled_robot/share/two_wheeled_robot/models/BedsideTable\n'}
[0.403518] (two_wheeled_robot) StdoutLine: {'line': b'-- Up-to-date: /home/greyflon/lab_2025/install/two_wheeled_robot/share/two_wheeled_robot/models/BedsideTable/model.config\n'}
[0.403708] (two_wheeled_robot) StdoutLine: {'line': b'-- Up-to-date: /home/greyflon/lab_2025/install/two_wheeled_robot/share/two_wheeled_robot/models/BedsideTable/meshes\n'}
[0.403872] (two_wheeled_robot) StdoutLine: {'line': b'-- Up-to-date: /home/greyflon/lab_2025/install/two_wheeled_robot/share/two_wheeled_robot/models/BedsideTable/meshes/BedsideTable_Normal.png\n'}
[0.404027] (two_wheeled_robot) StdoutLine: {'line': b'-- Up-to-date: /home/greyflon/lab_2025/install/two_wheeled_robot/share/two_wheeled_robot/models/BedsideTable/meshes/BedsideTable_SpecGloss.png\n'}
[0.404180] (two_wheeled_robot) StdoutLine: {'line': b'-- Up-to-date: /home/greyflon/lab_2025/install/two_wheeled_robot/share/two_wheeled_robot/models/BedsideTable/meshes/BedsideTable_Col.obj\n'}
[0.404335] (two_wheeled_robot) StdoutLine: {'line': b'-- Up-to-date: /home/greyflon/lab_2025/install/two_wheeled_robot/share/two_wheeled_robot/models/BedsideTable/meshes/BedsideTable_Diffuse.png\n'}
[0.405006] (two_wheeled_robot) StdoutLine: {'line': b'-- Up-to-date: /home/greyflon/lab_2025/install/two_wheeled_robot/share/two_wheeled_robot/models/BedsideTable/meshes/BedsideTable.png\n'}
[0.405175] (two_wheeled_robot) StdoutLine: {'line': b'-- Up-to-date: /home/greyflon/lab_2025/install/two_wheeled_robot/share/two_wheeled_robot/models/BedsideTable/meshes/BedsideTable.mtl\n'}
[0.405331] (two_wheeled_robot) StdoutLine: {'line': b'-- Up-to-date: /home/greyflon/lab_2025/install/two_wheeled_robot/share/two_wheeled_robot/models/BedsideTable/meshes/BedsideTable.obj\n'}
[0.405486] (two_wheeled_robot) StdoutLine: {'line': b'-- Up-to-date: /home/greyflon/lab_2025/install/two_wheeled_robot/share/two_wheeled_robot/models/BedsideTable/meshes/BedsideTable_Col.mtl\n'}
[0.405676] (two_wheeled_robot) StdoutLine: {'line': b'-- Up-to-date: /home/greyflon/lab_2025/install/two_wheeled_robot/share/two_wheeled_robot/models/BedsideTable/thumbnails\n'}
[0.405837] (two_wheeled_robot) StdoutLine: {'line': b'-- Up-to-date: /home/greyflon/lab_2025/install/two_wheeled_robot/share/two_wheeled_robot/models/BedsideTable/thumbnails/5.png\n'}
[0.406260] (two_wheeled_robot) StdoutLine: {'line': b'-- Up-to-date: /home/greyflon/lab_2025/install/two_wheeled_robot/share/two_wheeled_robot/models/BedsideTable/thumbnails/1.png\n'}
[0.406465] (two_wheeled_robot) StdoutLine: {'line': b'-- Up-to-date: /home/greyflon/lab_2025/install/two_wheeled_robot/share/two_wheeled_robot/models/BedsideTable/thumbnails/2.png\n'}
[0.406704] (two_wheeled_robot) StdoutLine: {'line': b'-- Up-to-date: /home/greyflon/lab_2025/install/two_wheeled_robot/share/two_wheeled_robot/models/BedsideTable/thumbnails/4.png\n'}
[0.406868] (two_wheeled_robot) StdoutLine: {'line': b'-- Up-to-date: /home/greyflon/lab_2025/install/two_wheeled_robot/share/two_wheeled_robot/models/BedsideTable/thumbnails/3.png\n'}
[0.407206] (two_wheeled_robot) StdoutLine: {'line': b'-- Up-to-date: /home/greyflon/lab_2025/install/two_wheeled_robot/share/two_wheeled_robot/models/BedsideTable/model.sdf\n'}
[0.407366] (two_wheeled_robot) StdoutLine: {'line': b'-- Up-to-date: /home/greyflon/lab_2025/install/two_wheeled_robot/share/two_wheeled_robot/models/StorageRackCovered\n'}
[0.407522] (two_wheeled_robot) StdoutLine: {'line': b'-- Up-to-date: /home/greyflon/lab_2025/install/two_wheeled_robot/share/two_wheeled_robot/models/StorageRackCovered/model.config\n'}
[0.407712] (two_wheeled_robot) StdoutLine: {'line': b'-- Up-to-date: /home/greyflon/lab_2025/install/two_wheeled_robot/share/two_wheeled_robot/models/StorageRackCovered/meshes\n'}
[0.407875] (two_wheeled_robot) StdoutLine: {'line': b'-- Up-to-date: /home/greyflon/lab_2025/install/two_wheeled_robot/share/two_wheeled_robot/models/StorageRackCovered/meshes/StorageRackCovered.obj\n'}
[0.408030] (two_wheeled_robot) StdoutLine: {'line': b'-- Up-to-date: /home/greyflon/lab_2025/install/two_wheeled_robot/share/two_wheeled_robot/models/StorageRackCovered/meshes/StorageRackCovered.png\n'}
[0.408188] (two_wheeled_robot) StdoutLine: {'line': b'-- Up-to-date: /home/greyflon/lab_2025/install/two_wheeled_robot/share/two_wheeled_robot/models/StorageRackCovered/meshes/StorageRackCovered.mtl\n'}
[0.408343] (two_wheeled_robot) StdoutLine: {'line': b'-- Up-to-date: /home/greyflon/lab_2025/install/two_wheeled_robot/share/two_wheeled_robot/models/StorageRackCovered/thumbnails\n'}
[0.408500] (two_wheeled_robot) StdoutLine: {'line': b'-- Up-to-date: /home/greyflon/lab_2025/install/two_wheeled_robot/share/two_wheeled_robot/models/StorageRackCovered/thumbnails/5.png\n'}
[0.408693] (two_wheeled_robot) StdoutLine: {'line': b'-- Up-to-date: /home/greyflon/lab_2025/install/two_wheeled_robot/share/two_wheeled_robot/models/StorageRackCovered/thumbnails/1.png\n'}
[0.408856] (two_wheeled_robot) StdoutLine: {'line': b'-- Up-to-date: /home/greyflon/lab_2025/install/two_wheeled_robot/share/two_wheeled_robot/models/StorageRackCovered/thumbnails/2.png\n'}
[0.409379] (two_wheeled_robot) StdoutLine: {'line': b'-- Up-to-date: /home/greyflon/lab_2025/install/two_wheeled_robot/share/two_wheeled_robot/models/StorageRackCovered/thumbnails/4.png\n'}
[0.409630] (two_wheeled_robot) StdoutLine: {'line': b'-- Up-to-date: /home/greyflon/lab_2025/install/two_wheeled_robot/share/two_wheeled_robot/models/StorageRackCovered/thumbnails/3.png\n'}
[0.409806] (two_wheeled_robot) StdoutLine: {'line': b'-- Up-to-date: /home/greyflon/lab_2025/install/two_wheeled_robot/share/two_wheeled_robot/models/StorageRackCovered/model.sdf\n'}
[0.409964] (two_wheeled_robot) StdoutLine: {'line': b'-- Up-to-date: /home/greyflon/lab_2025/install/two_wheeled_robot/share/two_wheeled_robot/models/fast_food\n'}
[0.410122] (two_wheeled_robot) StdoutLine: {'line': b'-- Up-to-date: /home/greyflon/lab_2025/install/two_wheeled_robot/share/two_wheeled_robot/models/fast_food/model-1_4.sdf\n'}
[0.410278] (two_wheeled_robot) StdoutLine: {'line': b'-- Up-to-date: /home/greyflon/lab_2025/install/two_wheeled_robot/share/two_wheeled_robot/models/fast_food/model.config\n'}
[0.410432] (two_wheeled_robot) StdoutLine: {'line': b'-- Up-to-date: /home/greyflon/lab_2025/install/two_wheeled_robot/share/two_wheeled_robot/models/fast_food/meshes\n'}
[0.410657] (two_wheeled_robot) StdoutLine: {'line': b'-- Up-to-date: /home/greyflon/lab_2025/install/two_wheeled_robot/share/two_wheeled_robot/models/fast_food/meshes/fast_food.dae\n'}
[0.410832] (two_wheeled_robot) StdoutLine: {'line': b'-- Up-to-date: /home/greyflon/lab_2025/install/two_wheeled_robot/share/two_wheeled_robot/models/fast_food/materials\n'}
[0.411037] (two_wheeled_robot) StdoutLine: {'line': b'-- Up-to-date: /home/greyflon/lab_2025/install/two_wheeled_robot/share/two_wheeled_robot/models/fast_food/materials/scripts\n'}
[0.411263] (two_wheeled_robot) StdoutLine: {'line': b'-- Up-to-date: /home/greyflon/lab_2025/install/two_wheeled_robot/share/two_wheeled_robot/models/fast_food/materials/scripts/fast_food.material\n'}
[0.411473] (two_wheeled_robot) StdoutLine: {'line': b'-- Up-to-date: /home/greyflon/lab_2025/install/two_wheeled_robot/share/two_wheeled_robot/models/fast_food/materials/textures\n'}
[0.411738] (two_wheeled_robot) StdoutLine: {'line': b'-- Up-to-date: /home/greyflon/lab_2025/install/two_wheeled_robot/share/two_wheeled_robot/models/fast_food/materials/textures/FastFood_Normal.png\n'}
[0.411951] (two_wheeled_robot) StdoutLine: {'line': b'-- Up-to-date: /home/greyflon/lab_2025/install/two_wheeled_robot/share/two_wheeled_robot/models/fast_food/materials/textures/FastFood_Spec.png\n'}
[0.412112] (two_wheeled_robot) StdoutLine: {'line': b'-- Up-to-date: /home/greyflon/lab_2025/install/two_wheeled_robot/share/two_wheeled_robot/models/fast_food/materials/textures/FastFood_Diffuse.png\n'}
[0.412267] (two_wheeled_robot) StdoutLine: {'line': b'-- Up-to-date: /home/greyflon/lab_2025/install/two_wheeled_robot/share/two_wheeled_robot/models/fast_food/model.sdf\n'}
[0.412418] (two_wheeled_robot) StdoutLine: {'line': b'-- Up-to-date: /home/greyflon/lab_2025/install/two_wheeled_robot/share/two_wheeled_robot/models/fast_food/model-1_3.sdf\n'}
[0.413181] (two_wheeled_robot) StdoutLine: {'line': b'-- Up-to-date: /home/greyflon/lab_2025/install/two_wheeled_robot/share/two_wheeled_robot/models/blue_tray\n'}
[0.413353] (two_wheeled_robot) StdoutLine: {'line': b'-- Up-to-date: /home/greyflon/lab_2025/install/two_wheeled_robot/share/two_wheeled_robot/models/blue_tray/model.config\n'}
[0.413510] (two_wheeled_robot) StdoutLine: {'line': b'-- Up-to-date: /home/greyflon/lab_2025/install/two_wheeled_robot/share/two_wheeled_robot/models/blue_tray/meshes\n'}
[0.413697] (two_wheeled_robot) StdoutLine: {'line': b'-- Up-to-date: /home/greyflon/lab_2025/install/two_wheeled_robot/share/two_wheeled_robot/models/blue_tray/meshes/blue_tray.dae\n'}
[0.413857] (two_wheeled_robot) StdoutLine: {'line': b'-- Up-to-date: /home/greyflon/lab_2025/install/two_wheeled_robot/share/two_wheeled_robot/models/blue_tray/model.sdf\n'}
[0.414013] (two_wheeled_robot) StdoutLine: {'line': b'-- Up-to-date: /home/greyflon/lab_2025/install/two_wheeled_robot/share/two_wheeled_robot/models/office_couch\n'}
[0.414166] (two_wheeled_robot) StdoutLine: {'line': b'-- Up-to-date: /home/greyflon/lab_2025/install/two_wheeled_robot/share/two_wheeled_robot/models/office_couch/model.config\n'}
[0.414387] (two_wheeled_robot) StdoutLine: {'line': b'-- Up-to-date: /home/greyflon/lab_2025/install/two_wheeled_robot/share/two_wheeled_robot/models/office_couch/meshes\n'}
[0.414561] (two_wheeled_robot) StdoutLine: {'line': b'-- Up-to-date: /home/greyflon/lab_2025/install/two_wheeled_robot/share/two_wheeled_robot/models/office_couch/meshes/office_couch.dae\n'}
[0.414737] (two_wheeled_robot) StdoutLine: {'line': b'-- Up-to-date: /home/greyflon/lab_2025/install/two_wheeled_robot/share/two_wheeled_robot/models/office_couch/materials\n'}
[0.414895] (two_wheeled_robot) StdoutLine: {'line': b'-- Up-to-date: /home/greyflon/lab_2025/install/two_wheeled_robot/share/two_wheeled_robot/models/office_couch/materials/textures\n'}
[0.415049] (two_wheeled_robot) StdoutLine: {'line': b'-- Up-to-date: /home/greyflon/lab_2025/install/two_wheeled_robot/share/two_wheeled_robot/models/office_couch/materials/textures/office_couch_specular.png\n'}
[0.415204] (two_wheeled_robot) StdoutLine: {'line': b'-- Up-to-date: /home/greyflon/lab_2025/install/two_wheeled_robot/share/two_wheeled_robot/models/office_couch/materials/textures/office_couch_diffuse.png\n'}
[0.415508] (two_wheeled_robot) StdoutLine: {'line': b'-- Up-to-date: /home/greyflon/lab_2025/install/two_wheeled_robot/share/two_wheeled_robot/models/office_couch/model.sdf\n'}
[0.415708] (two_wheeled_robot) StdoutLine: {'line': b'-- Up-to-date: /home/greyflon/lab_2025/install/two_wheeled_robot/share/two_wheeled_robot/models/simple_gripper\n'}
[0.415871] (two_wheeled_robot) StdoutLine: {'line': b'-- Up-to-date: /home/greyflon/lab_2025/install/two_wheeled_robot/share/two_wheeled_robot/models/simple_gripper/model-1_2.sdf\n'}
[0.416026] (two_wheeled_robot) StdoutLine: {'line': b'-- Up-to-date: /home/greyflon/lab_2025/install/two_wheeled_robot/share/two_wheeled_robot/models/simple_gripper/model-1_4.sdf\n'}
[0.416181] (two_wheeled_robot) StdoutLine: {'line': b'-- Up-to-date: /home/greyflon/lab_2025/install/two_wheeled_robot/share/two_wheeled_robot/models/simple_gripper/model.config\n'}
[0.416338] (two_wheeled_robot) StdoutLine: {'line': b'-- Up-to-date: /home/greyflon/lab_2025/install/two_wheeled_robot/share/two_wheeled_robot/models/simple_gripper/model.sdf\n'}
[0.416494] (two_wheeled_robot) StdoutLine: {'line': b'-- Up-to-date: /home/greyflon/lab_2025/install/two_wheeled_robot/share/two_wheeled_robot/models/simple_gripper/model-1_3.sdf\n'}
[0.416685] (two_wheeled_robot) StdoutLine: {'line': b'-- Up-to-date: /home/greyflon/lab_2025/install/two_wheeled_robot/share/two_wheeled_robot/models/MaleVisitorOnPhone\n'}
[0.416846] (two_wheeled_robot) StdoutLine: {'line': b'-- Up-to-date: /home/greyflon/lab_2025/install/two_wheeled_robot/share/two_wheeled_robot/models/MaleVisitorOnPhone/model.config\n'}
[0.417003] (two_wheeled_robot) StdoutLine: {'line': b'-- Up-to-date: /home/greyflon/lab_2025/install/two_wheeled_robot/share/two_wheeled_robot/models/MaleVisitorOnPhone/meshes\n'}
[0.417158] (two_wheeled_robot) StdoutLine: {'line': b'-- Up-to-date: /home/greyflon/lab_2025/install/two_wheeled_robot/share/two_wheeled_robot/models/MaleVisitorOnPhone/meshes/Phone.png\n'}
[0.417316] (two_wheeled_robot) StdoutLine: {'line': b'-- Up-to-date: /home/greyflon/lab_2025/install/two_wheeled_robot/share/two_wheeled_robot/models/MaleVisitorOnPhone/meshes/MaleVisitorStatic_Col.obj\n'}
[0.417473] (two_wheeled_robot) StdoutLine: {'line': b'-- Up-to-date: /home/greyflon/lab_2025/install/two_wheeled_robot/share/two_wheeled_robot/models/MaleVisitorOnPhone/meshes/MaleVisitorStatic.obj\n'}
[0.417658] (two_wheeled_robot) StdoutLine: {'line': b'-- Up-to-date: /home/greyflon/lab_2025/install/two_wheeled_robot/share/two_wheeled_robot/models/MaleVisitorOnPhone/meshes/MaleVisitor.png\n'}
[0.417824] (two_wheeled_robot) StdoutLine: {'line': b'-- Up-to-date: /home/greyflon/lab_2025/install/two_wheeled_robot/share/two_wheeled_robot/models/MaleVisitorOnPhone/meshes/MaleVisitorStatic_Col.mtl\n'}
[0.417980] (two_wheeled_robot) StdoutLine: {'line': b'-- Up-to-date: /home/greyflon/lab_2025/install/two_wheeled_robot/share/two_wheeled_robot/models/MaleVisitorOnPhone/meshes/MaleVisitorStatic.mtl\n'}
[0.418364] (two_wheeled_robot) StdoutLine: {'line': b'-- Up-to-date: /home/greyflon/lab_2025/install/two_wheeled_robot/share/two_wheeled_robot/models/MaleVisitorOnPhone/thumbnails\n'}
[0.418524] (two_wheeled_robot) StdoutLine: {'line': b'-- Up-to-date: /home/greyflon/lab_2025/install/two_wheeled_robot/share/two_wheeled_robot/models/MaleVisitorOnPhone/thumbnails/5.png\n'}
[0.418716] (two_wheeled_robot) StdoutLine: {'line': b'-- Up-to-date: /home/greyflon/lab_2025/install/two_wheeled_robot/share/two_wheeled_robot/models/MaleVisitorOnPhone/thumbnails/1.png\n'}
[0.419339] (two_wheeled_robot) StdoutLine: {'line': b'-- Up-to-date: /home/greyflon/lab_2025/install/two_wheeled_robot/share/two_wheeled_robot/models/MaleVisitorOnPhone/thumbnails/2.png\n'}
[0.419500] (two_wheeled_robot) StdoutLine: {'line': b'-- Up-to-date: /home/greyflon/lab_2025/install/two_wheeled_robot/share/two_wheeled_robot/models/MaleVisitorOnPhone/thumbnails/4.png\n'}
[0.419693] (two_wheeled_robot) StdoutLine: {'line': b'-- Up-to-date: /home/greyflon/lab_2025/install/two_wheeled_robot/share/two_wheeled_robot/models/MaleVisitorOnPhone/thumbnails/3.png\n'}
[0.419859] (two_wheeled_robot) StdoutLine: {'line': b'-- Up-to-date: /home/greyflon/lab_2025/install/two_wheeled_robot/share/two_wheeled_robot/models/MaleVisitorOnPhone/model.sdf\n'}
[0.420016] (two_wheeled_robot) StdoutLine: {'line': b'-- Up-to-date: /home/greyflon/lab_2025/install/two_wheeled_robot/share/two_wheeled_robot/models/MalePatientBed\n'}
[0.420174] (two_wheeled_robot) StdoutLine: {'line': b'-- Up-to-date: /home/greyflon/lab_2025/install/two_wheeled_robot/share/two_wheeled_robot/models/MalePatientBed/model.config\n'}
[0.420332] (two_wheeled_robot) StdoutLine: {'line': b'-- Up-to-date: /home/greyflon/lab_2025/install/two_wheeled_robot/share/two_wheeled_robot/models/MalePatientBed/meshes\n'}
[0.420491] (two_wheeled_robot) StdoutLine: {'line': b'-- Up-to-date: /home/greyflon/lab_2025/install/two_wheeled_robot/share/two_wheeled_robot/models/MalePatientBed/meshes/Carts_Wheels_Diffuse.png\n'}
[0.420681] (two_wheeled_robot) StdoutLine: {'line': b'-- Up-to-date: /home/greyflon/lab_2025/install/two_wheeled_robot/share/two_wheeled_robot/models/MalePatientBed/meshes/MalePatientBed.obj\n'}
[0.420847] (two_wheeled_robot) StdoutLine: {'line': b'-- Up-to-date: /home/greyflon/lab_2025/install/two_wheeled_robot/share/two_wheeled_robot/models/MalePatientBed/meshes/PatientM.png\n'}
[0.421003] (two_wheeled_robot) StdoutLine: {'line': b'-- Up-to-date: /home/greyflon/lab_2025/install/two_wheeled_robot/share/two_wheeled_robot/models/MalePatientBed/meshes/towel1.jpg\n'}
[0.421216] (two_wheeled_robot) StdoutLine: {'line': b'-- Up-to-date: /home/greyflon/lab_2025/install/two_wheeled_robot/share/two_wheeled_robot/models/MalePatientBed/meshes/texture.png\n'}
[0.421382] (two_wheeled_robot) StdoutLine: {'line': b'-- Up-to-date: /home/greyflon/lab_2025/install/two_wheeled_robot/share/two_wheeled_robot/models/MalePatientBed/meshes/CGMVanguard_Diffuse.png\n'}
[0.421578] (two_wheeled_robot) StdoutLine: {'line': b'-- Up-to-date: /home/greyflon/lab_2025/install/two_wheeled_robot/share/two_wheeled_robot/models/MalePatientBed/meshes/MalePatientBed.mtl\n'}
[0.421759] (two_wheeled_robot) StdoutLine: {'line': b'-- Up-to-date: /home/greyflon/lab_2025/install/two_wheeled_robot/share/two_wheeled_robot/models/MalePatientBed/thumbnails\n'}
[0.421919] (two_wheeled_robot) StdoutLine: {'line': b'-- Up-to-date: /home/greyflon/lab_2025/install/two_wheeled_robot/share/two_wheeled_robot/models/MalePatientBed/thumbnails/5.png\n'}
[0.422077] (two_wheeled_robot) StdoutLine: {'line': b'-- Up-to-date: /home/greyflon/lab_2025/install/two_wheeled_robot/share/two_wheeled_robot/models/MalePatientBed/thumbnails/1.png\n'}
[0.422232] (two_wheeled_robot) StdoutLine: {'line': b'-- Up-to-date: /home/greyflon/lab_2025/install/two_wheeled_robot/share/two_wheeled_robot/models/MalePatientBed/thumbnails/2.png\n'}
[0.422526] (two_wheeled_robot) StdoutLine: {'line': b'-- Up-to-date: /home/greyflon/lab_2025/install/two_wheeled_robot/share/two_wheeled_robot/models/MalePatientBed/thumbnails/4.png\n'}
[0.422722] (two_wheeled_robot) StdoutLine: {'line': b'-- Up-to-date: /home/greyflon/lab_2025/install/two_wheeled_robot/share/two_wheeled_robot/models/MalePatientBed/thumbnails/3.png\n'}
[0.422886] (two_wheeled_robot) StdoutLine: {'line': b'-- Up-to-date: /home/greyflon/lab_2025/install/two_wheeled_robot/share/two_wheeled_robot/models/MalePatientBed/model.sdf\n'}
[0.423044] (two_wheeled_robot) StdoutLine: {'line': b'-- Up-to-date: /home/greyflon/lab_2025/install/two_wheeled_robot/share/two_wheeled_robot/models/yellow_tray\n'}
[0.423202] (two_wheeled_robot) StdoutLine: {'line': b'-- Up-to-date: /home/greyflon/lab_2025/install/two_wheeled_robot/share/two_wheeled_robot/models/yellow_tray/model.config\n'}
[0.423358] (two_wheeled_robot) StdoutLine: {'line': b'-- Up-to-date: /home/greyflon/lab_2025/install/two_wheeled_robot/share/two_wheeled_robot/models/yellow_tray/meshes\n'}
[0.423513] (two_wheeled_robot) StdoutLine: {'line': b'-- Up-to-date: /home/greyflon/lab_2025/install/two_wheeled_robot/share/two_wheeled_robot/models/yellow_tray/meshes/yellow_tray.dae\n'}
[0.423703] (two_wheeled_robot) StdoutLine: {'line': b'-- Up-to-date: /home/greyflon/lab_2025/install/two_wheeled_robot/share/two_wheeled_robot/models/yellow_tray/model.sdf\n'}
[0.423868] (two_wheeled_robot) StdoutLine: {'line': b'-- Up-to-date: /home/greyflon/lab_2025/install/two_wheeled_robot/share/two_wheeled_robot/models/aws_robomaker_residential_Pillow_01\n'}
[0.424026] (two_wheeled_robot) StdoutLine: {'line': b'-- Up-to-date: /home/greyflon/lab_2025/install/two_wheeled_robot/share/two_wheeled_robot/models/aws_robomaker_residential_Pillow_01/model.config\n'}
[0.424183] (two_wheeled_robot) StdoutLine: {'line': b'-- Up-to-date: /home/greyflon/lab_2025/install/two_wheeled_robot/share/two_wheeled_robot/models/aws_robomaker_residential_Pillow_01/meshes\n'}
[0.424342] (two_wheeled_robot) StdoutLine: {'line': b'-- Up-to-date: /home/greyflon/lab_2025/install/two_wheeled_robot/share/two_wheeled_robot/models/aws_robomaker_residential_Pillow_01/meshes/aws_Pillow_01_collision.DAE\n'}
[0.424501] (two_wheeled_robot) StdoutLine: {'line': b'-- Up-to-date: /home/greyflon/lab_2025/install/two_wheeled_robot/share/two_wheeled_robot/models/aws_robomaker_residential_Pillow_01/meshes/aws_Pillow_01_visual.DAE\n'}
[0.425293] (two_wheeled_robot) StdoutLine: {'line': b'-- Up-to-date: /home/greyflon/lab_2025/install/two_wheeled_robot/share/two_wheeled_robot/models/aws_robomaker_residential_Pillow_01/materials\n'}
[0.425462] (two_wheeled_robot) StdoutLine: {'line': b'-- Up-to-date: /home/greyflon/lab_2025/install/two_wheeled_robot/share/two_wheeled_robot/models/aws_robomaker_residential_Pillow_01/materials/textures\n'}
[0.425653] (two_wheeled_robot) StdoutLine: {'line': b'-- Up-to-date: /home/greyflon/lab_2025/install/two_wheeled_robot/share/two_wheeled_robot/models/aws_robomaker_residential_Pillow_01/materials/textures/aws_Pillow_01.png\n'}
[0.425822] (two_wheeled_robot) StdoutLine: {'line': b'-- Up-to-date: /home/greyflon/lab_2025/install/two_wheeled_robot/share/two_wheeled_robot/models/aws_robomaker_residential_Pillow_01/model.sdf\n'}
[0.425978] (two_wheeled_robot) StdoutLine: {'line': b'-- Up-to-date: /home/greyflon/lab_2025/install/two_wheeled_robot/share/two_wheeled_robot/models/willowgarage\n'}
[0.426133] (two_wheeled_robot) StdoutLine: {'line': b'-- Up-to-date: /home/greyflon/lab_2025/install/two_wheeled_robot/share/two_wheeled_robot/models/willowgarage/model-1_2.sdf\n'}
[0.426290] (two_wheeled_robot) StdoutLine: {'line': b'-- Up-to-date: /home/greyflon/lab_2025/install/two_wheeled_robot/share/two_wheeled_robot/models/willowgarage/model-1_4.sdf\n'}
[0.426446] (two_wheeled_robot) StdoutLine: {'line': b'-- Up-to-date: /home/greyflon/lab_2025/install/two_wheeled_robot/share/two_wheeled_robot/models/willowgarage/model.config\n'}
[0.426629] (two_wheeled_robot) StdoutLine: {'line': b'-- Up-to-date: /home/greyflon/lab_2025/install/two_wheeled_robot/share/two_wheeled_robot/models/willowgarage/meshes\n'}
[0.427151] (two_wheeled_robot) StdoutLine: {'line': b'-- Up-to-date: /home/greyflon/lab_2025/install/two_wheeled_robot/share/two_wheeled_robot/models/willowgarage/meshes/willowgarage_collision.dae\n'}
[0.427419] (two_wheeled_robot) StdoutLine: {'line': b'-- Up-to-date: /home/greyflon/lab_2025/install/two_wheeled_robot/share/two_wheeled_robot/models/willowgarage/meshes/willowgarage_visual.dae\n'}
[0.427805] (two_wheeled_robot) StdoutLine: {'line': b'-- Up-to-date: /home/greyflon/lab_2025/install/two_wheeled_robot/share/two_wheeled_robot/models/willowgarage/materials\n'}
[0.428056] (two_wheeled_robot) StdoutLine: {'line': b'-- Up-to-date: /home/greyflon/lab_2025/install/two_wheeled_robot/share/two_wheeled_robot/models/willowgarage/materials/textures\n'}
[0.428287] (two_wheeled_robot) StdoutLine: {'line': b'-- Up-to-date: /home/greyflon/lab_2025/install/two_wheeled_robot/share/two_wheeled_robot/models/willowgarage/materials/textures/__Wood_Bamboo_Medium_1.png\n'}
[0.428510] (two_wheeled_robot) StdoutLine: {'line': b'-- Up-to-date: /home/greyflon/lab_2025/install/two_wheeled_robot/share/two_wheeled_robot/models/willowgarage/materials/textures/__auto_12.png\n'}
[0.428953] (two_wheeled_robot) StdoutLine: {'line': b'-- Up-to-date: /home/greyflon/lab_2025/install/two_wheeled_robot/share/two_wheeled_robot/models/willowgarage/materials/textures/Wood_Bamboo_Medium_.png\n'}
[0.429126] (two_wheeled_robot) StdoutLine: {'line': b'-- Up-to-date: /home/greyflon/lab_2025/install/two_wheeled_robot/share/two_wheeled_robot/models/willowgarage/materials/textures/Carpet_Berber_Pattern_Gray_.png\n'}
[0.429305] (two_wheeled_robot) StdoutLine: {'line': b'-- Up-to-date: /home/greyflon/lab_2025/install/two_wheeled_robot/share/two_wheeled_robot/models/willowgarage/materials/textures/Wood_Cherry_Original_.png\n'}
[0.429481] (two_wheeled_robot) StdoutLine: {'line': b'-- Up-to-date: /home/greyflon/lab_2025/install/two_wheeled_robot/share/two_wheeled_robot/models/willowgarage/materials/textures/__auto_2.png\n'}
[0.429674] (two_wheeled_robot) StdoutLine: {'line': b'-- Up-to-date: /home/greyflon/lab_2025/install/two_wheeled_robot/share/two_wheeled_robot/models/willowgarage/materials/textures/Stone_Brushed_Khaki_.png\n'}
[0.429837] (two_wheeled_robot) StdoutLine: {'line': b'-- Up-to-date: /home/greyflon/lab_2025/install/two_wheeled_robot/share/two_wheeled_robot/models/willowgarage/model.sdf\n'}
[0.429994] (two_wheeled_robot) StdoutLine: {'line': b'-- Up-to-date: /home/greyflon/lab_2025/install/two_wheeled_robot/share/two_wheeled_robot/models/willowgarage/model-1_3.sdf\n'}
[0.430148] (two_wheeled_robot) StdoutLine: {'line': b'-- Up-to-date: /home/greyflon/lab_2025/install/two_wheeled_robot/share/two_wheeled_robot/models/Shower\n'}
[0.430312] (two_wheeled_robot) StdoutLine: {'line': b'-- Up-to-date: /home/greyflon/lab_2025/install/two_wheeled_robot/share/two_wheeled_robot/models/Shower/model.config\n'}
[0.430513] (two_wheeled_robot) StdoutLine: {'line': b'-- Up-to-date: /home/greyflon/lab_2025/install/two_wheeled_robot/share/two_wheeled_robot/models/Shower/meshes\n'}
[0.430711] (two_wheeled_robot) StdoutLine: {'line': b'-- Up-to-date: /home/greyflon/lab_2025/install/two_wheeled_robot/share/two_wheeled_robot/models/Shower/meshes/ShowerDiffuse.png\n'}
[0.430875] (two_wheeled_robot) StdoutLine: {'line': b'-- Up-to-date: /home/greyflon/lab_2025/install/two_wheeled_robot/share/two_wheeled_robot/models/Shower/meshes/Shower.mtl\n'}
[0.431030] (two_wheeled_robot) StdoutLine: {'line': b'-- Up-to-date: /home/greyflon/lab_2025/install/two_wheeled_robot/share/two_wheeled_robot/models/Shower/meshes/Shower.obj\n'}
[0.431185] (two_wheeled_robot) StdoutLine: {'line': b'-- Up-to-date: /home/greyflon/lab_2025/install/two_wheeled_robot/share/two_wheeled_robot/models/Shower/thumbnails\n'}
[0.431338] (two_wheeled_robot) StdoutLine: {'line': b'-- Up-to-date: /home/greyflon/lab_2025/install/two_wheeled_robot/share/two_wheeled_robot/models/Shower/thumbnails/5.png\n'}
[0.431494] (two_wheeled_robot) StdoutLine: {'line': b'-- Up-to-date: /home/greyflon/lab_2025/install/two_wheeled_robot/share/two_wheeled_robot/models/Shower/thumbnails/1.png\n'}
[0.432195] (two_wheeled_robot) StdoutLine: {'line': b'-- Up-to-date: /home/greyflon/lab_2025/install/two_wheeled_robot/share/two_wheeled_robot/models/Shower/thumbnails/2.png\n'}
[0.432365] (two_wheeled_robot) StdoutLine: {'line': b'-- Up-to-date: /home/greyflon/lab_2025/install/two_wheeled_robot/share/two_wheeled_robot/models/Shower/thumbnails/4.png\n'}
[0.432520] (two_wheeled_robot) StdoutLine: {'line': b'-- Up-to-date: /home/greyflon/lab_2025/install/two_wheeled_robot/share/two_wheeled_robot/models/Shower/thumbnails/3.png\n'}
[0.432709] (two_wheeled_robot) StdoutLine: {'line': b'-- Up-to-date: /home/greyflon/lab_2025/install/two_wheeled_robot/share/two_wheeled_robot/models/Shower/model.sdf\n'}
[0.432873] (two_wheeled_robot) StdoutLine: {'line': b'-- Up-to-date: /home/greyflon/lab_2025/install/two_wheeled_robot/share/two_wheeled_robot/models/aws_robomaker_residential_Trash_01\n'}
[0.433030] (two_wheeled_robot) StdoutLine: {'line': b'-- Up-to-date: /home/greyflon/lab_2025/install/two_wheeled_robot/share/two_wheeled_robot/models/aws_robomaker_residential_Trash_01/model.config\n'}
[0.433183] (two_wheeled_robot) StdoutLine: {'line': b'-- Up-to-date: /home/greyflon/lab_2025/install/two_wheeled_robot/share/two_wheeled_robot/models/aws_robomaker_residential_Trash_01/meshes\n'}
[0.433339] (two_wheeled_robot) StdoutLine: {'line': b'-- Up-to-date: /home/greyflon/lab_2025/install/two_wheeled_robot/share/two_wheeled_robot/models/aws_robomaker_residential_Trash_01/meshes/aws_Trash_01_visual.DAE\n'}
[0.433566] (two_wheeled_robot) StdoutLine: {'line': b'-- Up-to-date: /home/greyflon/lab_2025/install/two_wheeled_robot/share/two_wheeled_robot/models/aws_robomaker_residential_Trash_01/meshes/aws_Trash_01_collision.DAE\n'}
[0.433751] (two_wheeled_robot) StdoutLine: {'line': b'-- Up-to-date: /home/greyflon/lab_2025/install/two_wheeled_robot/share/two_wheeled_robot/models/aws_robomaker_residential_Trash_01/materials\n'}
[0.433910] (two_wheeled_robot) StdoutLine: {'line': b'-- Up-to-date: /home/greyflon/lab_2025/install/two_wheeled_robot/share/two_wheeled_robot/models/aws_robomaker_residential_Trash_01/materials/textures\n'}
[0.434064] (two_wheeled_robot) StdoutLine: {'line': b'-- Up-to-date: /home/greyflon/lab_2025/install/two_wheeled_robot/share/two_wheeled_robot/models/aws_robomaker_residential_Trash_01/materials/textures/aws_Trash_01.png\n'}
[0.434220] (two_wheeled_robot) StdoutLine: {'line': b'-- Up-to-date: /home/greyflon/lab_2025/install/two_wheeled_robot/share/two_wheeled_robot/models/aws_robomaker_residential_Trash_01/model.sdf\n'}
[0.434376] (two_wheeled_robot) StdoutLine: {'line': b'-- Up-to-date: /home/greyflon/lab_2025/install/two_wheeled_robot/share/two_wheeled_robot/models/asphalt_plane\n'}
[0.434533] (two_wheeled_robot) StdoutLine: {'line': b'-- Up-to-date: /home/greyflon/lab_2025/install/two_wheeled_robot/share/two_wheeled_robot/models/asphalt_plane/model-1_4.sdf\n'}
[0.435078] (two_wheeled_robot) StdoutLine: {'line': b'-- Up-to-date: /home/greyflon/lab_2025/install/two_wheeled_robot/share/two_wheeled_robot/models/asphalt_plane/model.config\n'}
[0.435238] (two_wheeled_robot) StdoutLine: {'line': b'-- Up-to-date: /home/greyflon/lab_2025/install/two_wheeled_robot/share/two_wheeled_robot/models/asphalt_plane/materials\n'}
[0.435393] (two_wheeled_robot) StdoutLine: {'line': b'-- Up-to-date: /home/greyflon/lab_2025/install/two_wheeled_robot/share/two_wheeled_robot/models/asphalt_plane/materials/scripts\n'}
[0.435573] (two_wheeled_robot) StdoutLine: {'line': b'-- Up-to-date: /home/greyflon/lab_2025/install/two_wheeled_robot/share/two_wheeled_robot/models/asphalt_plane/materials/scripts/asphalt.material\n'}
[0.435754] (two_wheeled_robot) StdoutLine: {'line': b'-- Up-to-date: /home/greyflon/lab_2025/install/two_wheeled_robot/share/two_wheeled_robot/models/asphalt_plane/materials/textures\n'}
[0.435910] (two_wheeled_robot) StdoutLine: {'line': b'-- Up-to-date: /home/greyflon/lab_2025/install/two_wheeled_robot/share/two_wheeled_robot/models/asphalt_plane/materials/textures/tarmac.png\n'}
[0.436071] (two_wheeled_robot) StdoutLine: {'line': b'-- Up-to-date: /home/greyflon/lab_2025/install/two_wheeled_robot/share/two_wheeled_robot/models/asphalt_plane/model.sdf\n'}
[0.436402] (two_wheeled_robot) StdoutLine: {'line': b'-- Up-to-date: /home/greyflon/lab_2025/install/two_wheeled_robot/share/two_wheeled_robot/models/StorageRackCoverOpen\n'}
[0.436596] (two_wheeled_robot) StdoutLine: {'line': b'-- Up-to-date: /home/greyflon/lab_2025/install/two_wheeled_robot/share/two_wheeled_robot/models/StorageRackCoverOpen/model.config\n'}
[0.436803] (two_wheeled_robot) StdoutLine: {'line': b'-- Up-to-date: /home/greyflon/lab_2025/install/two_wheeled_robot/share/two_wheeled_robot/models/StorageRackCoverOpen/meshes\n'}
[0.436964] (two_wheeled_robot) StdoutLine: {'line': b'-- Up-to-date: /home/greyflon/lab_2025/install/two_wheeled_robot/share/two_wheeled_robot/models/StorageRackCoverOpen/meshes/StorageRackCoverOpen.obj\n'}
[0.437035] (two_wheeled_robot) StdoutLine: {'line': b'-- Up-to-date: /home/greyflon/lab_2025/install/two_wheeled_robot/share/two_wheeled_robot/models/StorageRackCoverOpen/meshes/StorageRackCoverOpen.png\n'}
[0.437102] (two_wheeled_robot) StdoutLine: {'line': b'-- Up-to-date: /home/greyflon/lab_2025/install/two_wheeled_robot/share/two_wheeled_robot/models/StorageRackCoverOpen/meshes/StorageRackCoverOpen.mtl\n'}
[0.437172] (two_wheeled_robot) StdoutLine: {'line': b'-- Up-to-date: /home/greyflon/lab_2025/install/two_wheeled_robot/share/two_wheeled_robot/models/StorageRackCoverOpen/thumbnails\n'}
[0.437240] (two_wheeled_robot) StdoutLine: {'line': b'-- Up-to-date: /home/greyflon/lab_2025/install/two_wheeled_robot/share/two_wheeled_robot/models/StorageRackCoverOpen/thumbnails/5.png\n'}
[0.437307] (two_wheeled_robot) StdoutLine: {'line': b'-- Up-to-date: /home/greyflon/lab_2025/install/two_wheeled_robot/share/two_wheeled_robot/models/StorageRackCoverOpen/thumbnails/1.png\n'}
[0.437528] (two_wheeled_robot) StdoutLine: {'line': b'-- Up-to-date: /home/greyflon/lab_2025/install/two_wheeled_robot/share/two_wheeled_robot/models/StorageRackCoverOpen/thumbnails/2.png\n'}
[0.437712] (two_wheeled_robot) StdoutLine: {'line': b'-- Up-to-date: /home/greyflon/lab_2025/install/two_wheeled_robot/share/two_wheeled_robot/models/StorageRackCoverOpen/thumbnails/4.png\n'}
[0.437784] (two_wheeled_robot) StdoutLine: {'line': b'-- Up-to-date: /home/greyflon/lab_2025/install/two_wheeled_robot/share/two_wheeled_robot/models/StorageRackCoverOpen/thumbnails/3.png\n'}
[0.437852] (two_wheeled_robot) StdoutLine: {'line': b'-- Up-to-date: /home/greyflon/lab_2025/install/two_wheeled_robot/share/two_wheeled_robot/models/StorageRackCoverOpen/model.sdf\n'}
[0.437922] (two_wheeled_robot) StdoutLine: {'line': b'-- Up-to-date: /home/greyflon/lab_2025/install/two_wheeled_robot/share/two_wheeled_robot/models/bin_4_dropping_task\n'}
[0.437996] (two_wheeled_robot) StdoutLine: {'line': b'-- Up-to-date: /home/greyflon/lab_2025/install/two_wheeled_robot/share/two_wheeled_robot/models/bin_4_dropping_task/model.config\n'}
[0.438068] (two_wheeled_robot) StdoutLine: {'line': b'-- Up-to-date: /home/greyflon/lab_2025/install/two_wheeled_robot/share/two_wheeled_robot/models/bin_4_dropping_task/meshes\n'}
[0.438142] (two_wheeled_robot) StdoutLine: {'line': b'-- Up-to-date: /home/greyflon/lab_2025/install/two_wheeled_robot/share/two_wheeled_robot/models/bin_4_dropping_task/meshes/bin_4_dropping_task.dae\n'}
[0.438380] (two_wheeled_robot) StdoutLine: {'line': b'-- Up-to-date: /home/greyflon/lab_2025/install/two_wheeled_robot/share/two_wheeled_robot/models/bin_4_dropping_task/model.sdf\n'}
[0.438451] (two_wheeled_robot) StdoutLine: {'line': b'-- Up-to-date: /home/greyflon/lab_2025/install/two_wheeled_robot/share/two_wheeled_robot/models/SurgicalTrolleyMed\n'}
[0.438518] (two_wheeled_robot) StdoutLine: {'line': b'-- Up-to-date: /home/greyflon/lab_2025/install/two_wheeled_robot/share/two_wheeled_robot/models/SurgicalTrolleyMed/model.config\n'}
[0.438601] (two_wheeled_robot) StdoutLine: {'line': b'-- Up-to-date: /home/greyflon/lab_2025/install/two_wheeled_robot/share/two_wheeled_robot/models/SurgicalTrolleyMed/meshes\n'}
[0.438676] (two_wheeled_robot) StdoutLine: {'line': b'-- Up-to-date: /home/greyflon/lab_2025/install/two_wheeled_robot/share/two_wheeled_robot/models/SurgicalTrolleyMed/meshes/SurgicalTrolleyMed_Col.obj\n'}
[0.438744] (two_wheeled_robot) StdoutLine: {'line': b'-- Up-to-date: /home/greyflon/lab_2025/install/two_wheeled_robot/share/two_wheeled_robot/models/SurgicalTrolleyMed/meshes/SurgicalTrolleyMed.obj\n'}
[0.438811] (two_wheeled_robot) StdoutLine: {'line': b'-- Up-to-date: /home/greyflon/lab_2025/install/two_wheeled_robot/share/two_wheeled_robot/models/SurgicalTrolleyMed/meshes/SurgicalTrolleyMed_Diffuse.png\n'}
[0.438878] (two_wheeled_robot) StdoutLine: {'line': b'-- Up-to-date: /home/greyflon/lab_2025/install/two_wheeled_robot/share/two_wheeled_robot/models/SurgicalTrolleyMed/meshes/SurgicalTrolleyMed_Col.mtl\n'}
[0.438945] (two_wheeled_robot) StdoutLine: {'line': b'-- Up-to-date: /home/greyflon/lab_2025/install/two_wheeled_robot/share/two_wheeled_robot/models/SurgicalTrolleyMed/meshes/SurgicalTrolleyMed.mtl\n'}
[0.439010] (two_wheeled_robot) StdoutLine: {'line': b'-- Up-to-date: /home/greyflon/lab_2025/install/two_wheeled_robot/share/two_wheeled_robot/models/SurgicalTrolleyMed/thumbnails\n'}
[0.439078] (two_wheeled_robot) StdoutLine: {'line': b'-- Up-to-date: /home/greyflon/lab_2025/install/two_wheeled_robot/share/two_wheeled_robot/models/SurgicalTrolleyMed/thumbnails/5.png\n'}
[0.439145] (two_wheeled_robot) StdoutLine: {'line': b'-- Up-to-date: /home/greyflon/lab_2025/install/two_wheeled_robot/share/two_wheeled_robot/models/SurgicalTrolleyMed/thumbnails/1.png\n'}
[0.439211] (two_wheeled_robot) StdoutLine: {'line': b'-- Up-to-date: /home/greyflon/lab_2025/install/two_wheeled_robot/share/two_wheeled_robot/models/SurgicalTrolleyMed/thumbnails/2.png\n'}
[0.439276] (two_wheeled_robot) StdoutLine: {'line': b'-- Up-to-date: /home/greyflon/lab_2025/install/two_wheeled_robot/share/two_wheeled_robot/models/SurgicalTrolleyMed/thumbnails/4.png\n'}
[0.439342] (two_wheeled_robot) StdoutLine: {'line': b'-- Up-to-date: /home/greyflon/lab_2025/install/two_wheeled_robot/share/two_wheeled_robot/models/SurgicalTrolleyMed/thumbnails/3.png\n'}
[0.439408] (two_wheeled_robot) StdoutLine: {'line': b'-- Up-to-date: /home/greyflon/lab_2025/install/two_wheeled_robot/share/two_wheeled_robot/models/SurgicalTrolleyMed/model.sdf\n'}
[0.439475] (two_wheeled_robot) StdoutLine: {'line': b'-- Up-to-date: /home/greyflon/lab_2025/install/two_wheeled_robot/share/two_wheeled_robot/models/pine_tree\n'}
[0.439558] (two_wheeled_robot) StdoutLine: {'line': b'-- Up-to-date: /home/greyflon/lab_2025/install/two_wheeled_robot/share/two_wheeled_robot/models/pine_tree/model.config\n'}
[0.439677] (two_wheeled_robot) StdoutLine: {'line': b'-- Up-to-date: /home/greyflon/lab_2025/install/two_wheeled_robot/share/two_wheeled_robot/models/pine_tree/meshes\n'}
[0.439744] (two_wheeled_robot) StdoutLine: {'line': b'-- Up-to-date: /home/greyflon/lab_2025/install/two_wheeled_robot/share/two_wheeled_robot/models/pine_tree/meshes/pine_tree.dae\n'}
[0.439808] (two_wheeled_robot) StdoutLine: {'line': b'-- Up-to-date: /home/greyflon/lab_2025/install/two_wheeled_robot/share/two_wheeled_robot/models/pine_tree/materials\n'}
[0.439876] (two_wheeled_robot) StdoutLine: {'line': b'-- Up-to-date: /home/greyflon/lab_2025/install/two_wheeled_robot/share/two_wheeled_robot/models/pine_tree/materials/scripts\n'}
[0.439936] (two_wheeled_robot) StdoutLine: {'line': b'-- Up-to-date: /home/greyflon/lab_2025/install/two_wheeled_robot/share/two_wheeled_robot/models/pine_tree/materials/scripts/pine_tree.material\n'}
[0.440280] (two_wheeled_robot) StdoutLine: {'line': b'-- Up-to-date: /home/greyflon/lab_2025/install/two_wheeled_robot/share/two_wheeled_robot/models/pine_tree/materials/textures\n'}
[0.440349] (two_wheeled_robot) StdoutLine: {'line': b'-- Up-to-date: /home/greyflon/lab_2025/install/two_wheeled_robot/share/two_wheeled_robot/models/pine_tree/materials/textures/branch_2_diffuse.png\n'}
[0.440423] (two_wheeled_robot) StdoutLine: {'line': b'-- Up-to-date: /home/greyflon/lab_2025/install/two_wheeled_robot/share/two_wheeled_robot/models/pine_tree/materials/textures/bark_diffuse.png\n'}
[0.440493] (two_wheeled_robot) StdoutLine: {'line': b'-- Up-to-date: /home/greyflon/lab_2025/install/two_wheeled_robot/share/two_wheeled_robot/models/pine_tree/model.sdf\n'}
[0.440570] (two_wheeled_robot) StdoutLine: {'line': b'-- Up-to-date: /home/greyflon/lab_2025/install/two_wheeled_robot/share/two_wheeled_robot/models/elegant_female2\n'}
[0.440644] (two_wheeled_robot) StdoutLine: {'line': b'-- Up-to-date: /home/greyflon/lab_2025/install/two_wheeled_robot/share/two_wheeled_robot/models/elegant_female2/model.config\n'}
[0.440711] (two_wheeled_robot) StdoutLine: {'line': b'-- Up-to-date: /home/greyflon/lab_2025/install/two_wheeled_robot/share/two_wheeled_robot/models/elegant_female2/meshes\n'}
[0.440780] (two_wheeled_robot) StdoutLine: {'line': b'-- Up-to-date: /home/greyflon/lab_2025/install/two_wheeled_robot/share/two_wheeled_robot/models/elegant_female2/meshes/elegant_female2.png\n'}
[0.440846] (two_wheeled_robot) StdoutLine: {'line': b'-- Up-to-date: /home/greyflon/lab_2025/install/two_wheeled_robot/share/two_wheeled_robot/models/elegant_female2/meshes/elegant_female2.dae\n'}
[0.440912] (two_wheeled_robot) StdoutLine: {'line': b'-- Up-to-date: /home/greyflon/lab_2025/install/two_wheeled_robot/share/two_wheeled_robot/models/elegant_female2/materials\n'}
[0.440977] (two_wheeled_robot) StdoutLine: {'line': b'-- Up-to-date: /home/greyflon/lab_2025/install/two_wheeled_robot/share/two_wheeled_robot/models/elegant_female2/materials/textures\n'}
[0.441042] (two_wheeled_robot) StdoutLine: {'line': b'-- Up-to-date: /home/greyflon/lab_2025/install/two_wheeled_robot/share/two_wheeled_robot/models/elegant_female2/materials/textures/eyelashes01.png\n'}
[0.441108] (two_wheeled_robot) StdoutLine: {'line': b'-- Up-to-date: /home/greyflon/lab_2025/install/two_wheeled_robot/share/two_wheeled_robot/models/elegant_female2/materials/textures/braid01_diffuse.png\n'}
[0.441174] (two_wheeled_robot) StdoutLine: {'line': b'-- Up-to-date: /home/greyflon/lab_2025/install/two_wheeled_robot/share/two_wheeled_robot/models/elegant_female2/materials/textures/female_elegantsuit01_normal.png\n'}
[0.441240] (two_wheeled_robot) StdoutLine: {'line': b'-- Up-to-date: /home/greyflon/lab_2025/install/two_wheeled_robot/share/two_wheeled_robot/models/elegant_female2/materials/textures/shoes03_diffuse.png\n'}
[0.441308] (two_wheeled_robot) StdoutLine: {'line': b'-- Up-to-date: /home/greyflon/lab_2025/install/two_wheeled_robot/share/two_wheeled_robot/models/elegant_female2/materials/textures/female_elegantsuit01_diffuse.png\n'}
[0.441374] (two_wheeled_robot) StdoutLine: {'line': b'-- Up-to-date: /home/greyflon/lab_2025/install/two_wheeled_robot/share/two_wheeled_robot/models/elegant_female2/materials/textures/brown_eye.png\n'}
[0.441441] (two_wheeled_robot) StdoutLine: {'line': b'-- Up-to-date: /home/greyflon/lab_2025/install/two_wheeled_robot/share/two_wheeled_robot/models/elegant_female2/materials/textures/eyebrow003.png\n'}
[0.441508] (two_wheeled_robot) StdoutLine: {'line': b'-- Up-to-date: /home/greyflon/lab_2025/install/two_wheeled_robot/share/two_wheeled_robot/models/elegant_female2/materials/textures/young_darkskinned_female_diffuse.png\n'}
[0.441636] (two_wheeled_robot) StdoutLine: {'line': b'-- Up-to-date: /home/greyflon/lab_2025/install/two_wheeled_robot/share/two_wheeled_robot/models/elegant_female2/model.sdf\n'}
[0.441711] (two_wheeled_robot) StdoutLine: {'line': b'-- Up-to-date: /home/greyflon/lab_2025/install/two_wheeled_robot/share/two_wheeled_robot/models/casual_male\n'}
[0.441778] (two_wheeled_robot) StdoutLine: {'line': b'-- Up-to-date: /home/greyflon/lab_2025/install/two_wheeled_robot/share/two_wheeled_robot/models/casual_male/model.config\n'}
[0.441846] (two_wheeled_robot) StdoutLine: {'line': b'-- Up-to-date: /home/greyflon/lab_2025/install/two_wheeled_robot/share/two_wheeled_robot/models/casual_male/meshes\n'}
[0.441918] (two_wheeled_robot) StdoutLine: {'line': b'-- Up-to-date: /home/greyflon/lab_2025/install/two_wheeled_robot/share/two_wheeled_robot/models/casual_male/meshes/casual_male.dae\n'}
[0.441984] (two_wheeled_robot) StdoutLine: {'line': b'-- Up-to-date: /home/greyflon/lab_2025/install/two_wheeled_robot/share/two_wheeled_robot/models/casual_male/materials\n'}
[0.442049] (two_wheeled_robot) StdoutLine: {'line': b'-- Up-to-date: /home/greyflon/lab_2025/install/two_wheeled_robot/share/two_wheeled_robot/models/casual_male/materials/textures\n'}
[0.442114] (two_wheeled_robot) StdoutLine: {'line': b'-- Up-to-date: /home/greyflon/lab_2025/install/two_wheeled_robot/share/two_wheeled_robot/models/casual_male/materials/textures/shoes01_normal.png\n'}
[0.442180] (two_wheeled_robot) StdoutLine: {'line': b'-- Up-to-date: /home/greyflon/lab_2025/install/two_wheeled_robot/share/two_wheeled_robot/models/casual_male/materials/textures/middleage_lightskinned_male_diffuse.png\n'}
[0.442246] (two_wheeled_robot) StdoutLine: {'line': b'-- Up-to-date: /home/greyflon/lab_2025/install/two_wheeled_robot/share/two_wheeled_robot/models/casual_male/materials/textures/eyebrow005.png\n'}
[0.442311] (two_wheeled_robot) StdoutLine: {'line': b'-- Up-to-date: /home/greyflon/lab_2025/install/two_wheeled_robot/share/two_wheeled_robot/models/casual_male/materials/textures/male_casualsuit01_diffuse.png\n'}
[0.442400] (two_wheeled_robot) StdoutLine: {'line': b'-- Up-to-date: /home/greyflon/lab_2025/install/two_wheeled_robot/share/two_wheeled_robot/models/casual_male/materials/textures/male_casualsuit01_normal.png\n'}
[0.442473] (two_wheeled_robot) StdoutLine: {'line': b'-- Up-to-date: /home/greyflon/lab_2025/install/two_wheeled_robot/share/two_wheeled_robot/models/casual_male/materials/textures/brown_eye.png\n'}
[0.442539] (two_wheeled_robot) StdoutLine: {'line': b'-- Up-to-date: /home/greyflon/lab_2025/install/two_wheeled_robot/share/two_wheeled_robot/models/casual_male/materials/textures/shoes01_diffuse.png\n'}
[0.442626] (two_wheeled_robot) StdoutLine: {'line': b'-- Up-to-date: /home/greyflon/lab_2025/install/two_wheeled_robot/share/two_wheeled_robot/models/casual_male/model.sdf\n'}
[0.442692] (two_wheeled_robot) StdoutLine: {'line': b'-- Up-to-date: /home/greyflon/lab_2025/install/two_wheeled_robot/share/two_wheeled_robot/models/aws_robomaker_residential_Curtain_01\n'}
[0.442757] (two_wheeled_robot) StdoutLine: {'line': b'-- Up-to-date: /home/greyflon/lab_2025/install/two_wheeled_robot/share/two_wheeled_robot/models/aws_robomaker_residential_Curtain_01/model.config\n'}
[0.442823] (two_wheeled_robot) StdoutLine: {'line': b'-- Up-to-date: /home/greyflon/lab_2025/install/two_wheeled_robot/share/two_wheeled_robot/models/aws_robomaker_residential_Curtain_01/meshes\n'}
[0.442887] (two_wheeled_robot) StdoutLine: {'line': b'-- Up-to-date: /home/greyflon/lab_2025/install/two_wheeled_robot/share/two_wheeled_robot/models/aws_robomaker_residential_Curtain_01/meshes/aws_Curtain_01_visual.DAE\n'}
[0.442955] (two_wheeled_robot) StdoutLine: {'line': b'-- Up-to-date: /home/greyflon/lab_2025/install/two_wheeled_robot/share/two_wheeled_robot/models/aws_robomaker_residential_Curtain_01/meshes/aws_Curtain_01_collision.DAE\n'}
[0.443022] (two_wheeled_robot) StdoutLine: {'line': b'-- Up-to-date: /home/greyflon/lab_2025/install/two_wheeled_robot/share/two_wheeled_robot/models/aws_robomaker_residential_Curtain_01/materials\n'}
[0.443088] (two_wheeled_robot) StdoutLine: {'line': b'-- Up-to-date: /home/greyflon/lab_2025/install/two_wheeled_robot/share/two_wheeled_robot/models/aws_robomaker_residential_Curtain_01/materials/textures\n'}
[0.443153] (two_wheeled_robot) StdoutLine: {'line': b'-- Up-to-date: /home/greyflon/lab_2025/install/two_wheeled_robot/share/two_wheeled_robot/models/aws_robomaker_residential_Curtain_01/materials/textures/aws_Curtain_01.png\n'}
[0.443219] (two_wheeled_robot) StdoutLine: {'line': b'-- Up-to-date: /home/greyflon/lab_2025/install/two_wheeled_robot/share/two_wheeled_robot/models/aws_robomaker_residential_Curtain_01/model.sdf\n'}
[0.443293] (two_wheeled_robot) StdoutLine: {'line': b'-- Up-to-date: /home/greyflon/lab_2025/install/two_wheeled_robot/share/two_wheeled_robot/models/red_target\n'}
[0.443359] (two_wheeled_robot) StdoutLine: {'line': b'-- Up-to-date: /home/greyflon/lab_2025/install/two_wheeled_robot/share/two_wheeled_robot/models/red_target/model.config\n'}
[0.443424] (two_wheeled_robot) StdoutLine: {'line': b'-- Up-to-date: /home/greyflon/lab_2025/install/two_wheeled_robot/share/two_wheeled_robot/models/red_target/meshes\n'}
[0.443488] (two_wheeled_robot) StdoutLine: {'line': b'-- Up-to-date: /home/greyflon/lab_2025/install/two_wheeled_robot/share/two_wheeled_robot/models/red_target/meshes/red_target.dae\n'}
[0.443565] (two_wheeled_robot) StdoutLine: {'line': b'-- Up-to-date: /home/greyflon/lab_2025/install/two_wheeled_robot/share/two_wheeled_robot/models/red_target/model.sdf\n'}
[0.443639] (two_wheeled_robot) StdoutLine: {'line': b'-- Up-to-date: /home/greyflon/lab_2025/install/two_wheeled_robot/share/two_wheeled_robot/models/pr2\n'}
[0.443709] (two_wheeled_robot) StdoutLine: {'line': b'-- Up-to-date: /home/greyflon/lab_2025/install/two_wheeled_robot/share/two_wheeled_robot/models/pr2/model-1_2.sdf\n'}
[0.443775] (two_wheeled_robot) StdoutLine: {'line': b'-- Up-to-date: /home/greyflon/lab_2025/install/two_wheeled_robot/share/two_wheeled_robot/models/pr2/model-1_4.sdf\n'}
[0.443840] (two_wheeled_robot) StdoutLine: {'line': b'-- Up-to-date: /home/greyflon/lab_2025/install/two_wheeled_robot/share/two_wheeled_robot/models/pr2/model.config\n'}
[0.443905] (two_wheeled_robot) StdoutLine: {'line': b'-- Up-to-date: /home/greyflon/lab_2025/install/two_wheeled_robot/share/two_wheeled_robot/models/pr2/meshes\n'}
[0.443969] (two_wheeled_robot) StdoutLine: {'line': b'-- Up-to-date: /home/greyflon/lab_2025/install/two_wheeled_robot/share/two_wheeled_robot/models/pr2/meshes/base_v0\n'}
[0.444034] (two_wheeled_robot) StdoutLine: {'line': b'-- Up-to-date: /home/greyflon/lab_2025/install/two_wheeled_robot/share/two_wheeled_robot/models/pr2/meshes/base_v0/wheel.dae\n'}
[0.444099] (two_wheeled_robot) StdoutLine: {'line': b'-- Up-to-date: /home/greyflon/lab_2025/install/two_wheeled_robot/share/two_wheeled_robot/models/pr2/meshes/base_v0/caster.stl\n'}
[0.444164] (two_wheeled_robot) StdoutLine: {'line': b'-- Up-to-date: /home/greyflon/lab_2025/install/two_wheeled_robot/share/two_wheeled_robot/models/pr2/meshes/base_v0/base.dae\n'}
[0.444230] (two_wheeled_robot) StdoutLine: {'line': b'-- Up-to-date: /home/greyflon/lab_2025/install/two_wheeled_robot/share/two_wheeled_robot/models/pr2/meshes/base_v0/caster_L.stl\n'}
[0.444296] (two_wheeled_robot) StdoutLine: {'line': b'-- Up-to-date: /home/greyflon/lab_2025/install/two_wheeled_robot/share/two_wheeled_robot/models/pr2/meshes/base_v0/wheel_h.dae\n'}
[0.444362] (two_wheeled_robot) StdoutLine: {'line': b'-- Up-to-date: /home/greyflon/lab_2025/install/two_wheeled_robot/share/two_wheeled_robot/models/pr2/meshes/base_v0/base_L.stl\n'}
[0.444430] (two_wheeled_robot) StdoutLine: {'line': b'-- Up-to-date: /home/greyflon/lab_2025/install/two_wheeled_robot/share/two_wheeled_robot/models/pr2/meshes/base_v0/pr2_wheel.stl\n'}
[0.444645] (two_wheeled_robot) StdoutLine: {'line': b'-- Up-to-date: /home/greyflon/lab_2025/install/two_wheeled_robot/share/two_wheeled_robot/models/pr2/meshes/base_v0/wheel.stl\n'}
[0.444735] (two_wheeled_robot) StdoutLine: {'line': b'-- Up-to-date: /home/greyflon/lab_2025/install/two_wheeled_robot/share/two_wheeled_robot/models/pr2/meshes/base_v0/base.stl\n'}
[0.444803] (two_wheeled_robot) StdoutLine: {'line': b'-- Up-to-date: /home/greyflon/lab_2025/install/two_wheeled_robot/share/two_wheeled_robot/models/pr2/meshes/sensors\n'}
[0.444870] (two_wheeled_robot) StdoutLine: {'line': b'-- Up-to-date: /home/greyflon/lab_2025/install/two_wheeled_robot/share/two_wheeled_robot/models/pr2/meshes/sensors/kinect_prosilica_v0\n'}
[0.444937] (two_wheeled_robot) StdoutLine: {'line': b'-- Up-to-date: /home/greyflon/lab_2025/install/two_wheeled_robot/share/two_wheeled_robot/models/pr2/meshes/sensors/kinect_prosilica_v0/68-04546_Kinect_Sensor--coarse.STL\n'}
[0.445014] (two_wheeled_robot) StdoutLine: {'line': b'-- Up-to-date: /home/greyflon/lab_2025/install/two_wheeled_robot/share/two_wheeled_robot/models/pr2/meshes/sensors/kinect_prosilica_v0/Prosilica_w_Lens--coarse.STL\n'}
[0.445084] (two_wheeled_robot) StdoutLine: {'line': b'-- Up-to-date: /home/greyflon/lab_2025/install/two_wheeled_robot/share/two_wheeled_robot/models/pr2/meshes/sensors/kinect_prosilica_v0/115x100_swept_back--coarse.STL\n'}
[0.445149] (two_wheeled_robot) StdoutLine: {'line': b'-- Up-to-date: /home/greyflon/lab_2025/install/two_wheeled_robot/share/two_wheeled_robot/models/pr2/meshes/tilting_laser_v0\n'}
[0.445216] (two_wheeled_robot) StdoutLine: {'line': b'-- Up-to-date: /home/greyflon/lab_2025/install/two_wheeled_robot/share/two_wheeled_robot/models/pr2/meshes/tilting_laser_v0/tilting_hokuyo.stl\n'}
[0.445282] (two_wheeled_robot) StdoutLine: {'line': b'-- Up-to-date: /home/greyflon/lab_2025/install/two_wheeled_robot/share/two_wheeled_robot/models/pr2/meshes/tilting_laser_v0/tilting_hokuyo_L.stl\n'}
[0.445349] (two_wheeled_robot) StdoutLine: {'line': b'-- Up-to-date: /home/greyflon/lab_2025/install/two_wheeled_robot/share/two_wheeled_robot/models/pr2/meshes/tilting_laser_v0/hok_tilt.stl\n'}
[0.445417] (two_wheeled_robot) StdoutLine: {'line': b'-- Up-to-date: /home/greyflon/lab_2025/install/two_wheeled_robot/share/two_wheeled_robot/models/pr2/meshes/tilting_laser_v0/tilting_hokuyo.dae\n'}
[0.445484] (two_wheeled_robot) StdoutLine: {'line': b'-- Up-to-date: /home/greyflon/lab_2025/install/two_wheeled_robot/share/two_wheeled_robot/models/pr2/meshes/torso_v0\n'}
[0.445567] (two_wheeled_robot) StdoutLine: {'line': b'-- Up-to-date: /home/greyflon/lab_2025/install/two_wheeled_robot/share/two_wheeled_robot/models/pr2/meshes/torso_v0/torso_lift.dae\n'}
[0.445785] (two_wheeled_robot) StdoutLine: {'line': b'-- Up-to-date: /home/greyflon/lab_2025/install/two_wheeled_robot/share/two_wheeled_robot/models/pr2/meshes/torso_v0/torso.stl\n'}
[0.445852] (two_wheeled_robot) StdoutLine: {'line': b'-- Up-to-date: /home/greyflon/lab_2025/install/two_wheeled_robot/share/two_wheeled_robot/models/pr2/meshes/torso_v0/torso_lift.stl\n'}
[0.445917] (two_wheeled_robot) StdoutLine: {'line': b'-- Up-to-date: /home/greyflon/lab_2025/install/two_wheeled_robot/share/two_wheeled_robot/models/pr2/meshes/torso_v0/torso_lift_L.stl\n'}
[0.445983] (two_wheeled_robot) StdoutLine: {'line': b'-- Up-to-date: /home/greyflon/lab_2025/install/two_wheeled_robot/share/two_wheeled_robot/models/pr2/meshes/shoulder_v0\n'}
[0.446049] (two_wheeled_robot) StdoutLine: {'line': b'-- Up-to-date: /home/greyflon/lab_2025/install/two_wheeled_robot/share/two_wheeled_robot/models/pr2/meshes/shoulder_v0/upper_arm_roll_L.stl\n'}
[0.446117] (two_wheeled_robot) StdoutLine: {'line': b'-- Up-to-date: /home/greyflon/lab_2025/install/two_wheeled_robot/share/two_wheeled_robot/models/pr2/meshes/shoulder_v0/shoulder_yaw.stl\n'}
[0.446183] (two_wheeled_robot) StdoutLine: {'line': b'-- Up-to-date: /home/greyflon/lab_2025/install/two_wheeled_robot/share/two_wheeled_robot/models/pr2/meshes/shoulder_v0/shoulder_lift.stl\n'}
[0.446407] (two_wheeled_robot) StdoutLine: {'line': b'-- Up-to-date: /home/greyflon/lab_2025/install/two_wheeled_robot/share/two_wheeled_robot/models/pr2/meshes/shoulder_v0/upper_arm_roll.stl\n'}
[0.446481] (two_wheeled_robot) StdoutLine: {'line': b'-- Up-to-date: /home/greyflon/lab_2025/install/two_wheeled_robot/share/two_wheeled_robot/models/pr2/meshes/shoulder_v0/shoulder_pan.stl\n'}
[0.446571] (two_wheeled_robot) StdoutLine: {'line': b'-- Up-to-date: /home/greyflon/lab_2025/install/two_wheeled_robot/share/two_wheeled_robot/models/pr2/meshes/shoulder_v0/upper_arm_roll.dae\n'}
[0.446648] (two_wheeled_robot) StdoutLine: {'line': b'-- Up-to-date: /home/greyflon/lab_2025/install/two_wheeled_robot/share/two_wheeled_robot/models/pr2/meshes/shoulder_v0/shoulder_pan.dae\n'}
[0.446716] (two_wheeled_robot) StdoutLine: {'line': b'-- Up-to-date: /home/greyflon/lab_2025/install/two_wheeled_robot/share/two_wheeled_robot/models/pr2/meshes/shoulder_v0/shoulder_lift.dae\n'}
[0.446787] (two_wheeled_robot) StdoutLine: {'line': b'-- Up-to-date: /home/greyflon/lab_2025/install/two_wheeled_robot/share/two_wheeled_robot/models/pr2/meshes/head_v0\n'}
[0.446853] (two_wheeled_robot) StdoutLine: {'line': b'-- Up-to-date: /home/greyflon/lab_2025/install/two_wheeled_robot/share/two_wheeled_robot/models/pr2/meshes/head_v0/head_pan.stl\n'}
[0.447113] (two_wheeled_robot) StdoutLine: {'line': b'-- Up-to-date: /home/greyflon/lab_2025/install/two_wheeled_robot/share/two_wheeled_robot/models/pr2/meshes/head_v0/head_tilt.stl\n'}
[0.447184] (two_wheeled_robot) StdoutLine: {'line': b'-- Up-to-date: /home/greyflon/lab_2025/install/two_wheeled_robot/share/two_wheeled_robot/models/pr2/meshes/head_v0/head_tilt_L.stl\n'}
[0.447252] (two_wheeled_robot) StdoutLine: {'line': b'-- Up-to-date: /home/greyflon/lab_2025/install/two_wheeled_robot/share/two_wheeled_robot/models/pr2/meshes/head_v0/head_pan_L.stl\n'}
[0.447458] (two_wheeled_robot) StdoutLine: {'line': b'-- Up-to-date: /home/greyflon/lab_2025/install/two_wheeled_robot/share/two_wheeled_robot/models/pr2/meshes/head_v0/head_pan.dae\n'}
[0.447529] (two_wheeled_robot) StdoutLine: {'line': b'-- Up-to-date: /home/greyflon/lab_2025/install/two_wheeled_robot/share/two_wheeled_robot/models/pr2/meshes/head_v0/head_tilt.dae\n'}
[0.447766] (two_wheeled_robot) StdoutLine: {'line': b'-- Up-to-date: /home/greyflon/lab_2025/install/two_wheeled_robot/share/two_wheeled_robot/models/pr2/meshes/forearm_v0\n'}
[0.447844] (two_wheeled_robot) StdoutLine: {'line': b'-- Up-to-date: /home/greyflon/lab_2025/install/two_wheeled_robot/share/two_wheeled_robot/models/pr2/meshes/forearm_v0/wrist_roll.stl\n'}
[0.447911] (two_wheeled_robot) StdoutLine: {'line': b'-- Up-to-date: /home/greyflon/lab_2025/install/two_wheeled_robot/share/two_wheeled_robot/models/pr2/meshes/forearm_v0/forearm.stl\n'}
[0.447979] (two_wheeled_robot) StdoutLine: {'line': b'-- Up-to-date: /home/greyflon/lab_2025/install/two_wheeled_robot/share/two_wheeled_robot/models/pr2/meshes/forearm_v0/wrist_flex.stl\n'}
[0.448046] (two_wheeled_robot) StdoutLine: {'line': b'-- Up-to-date: /home/greyflon/lab_2025/install/two_wheeled_robot/share/two_wheeled_robot/models/pr2/meshes/forearm_v0/forearm.dae\n'}
[0.448111] (two_wheeled_robot) StdoutLine: {'line': b'-- Up-to-date: /home/greyflon/lab_2025/install/two_wheeled_robot/share/two_wheeled_robot/models/pr2/meshes/forearm_v0/wrist_flex.dae\n'}
[0.448178] (two_wheeled_robot) StdoutLine: {'line': b'-- Up-to-date: /home/greyflon/lab_2025/install/two_wheeled_robot/share/two_wheeled_robot/models/pr2/meshes/forearm_v0/wrist_roll_L.stl\n'}
[0.448245] (two_wheeled_robot) StdoutLine: {'line': b'-- Up-to-date: /home/greyflon/lab_2025/install/two_wheeled_robot/share/two_wheeled_robot/models/pr2/meshes/upper_arm_v0\n'}
[0.448312] (two_wheeled_robot) StdoutLine: {'line': b'-- Up-to-date: /home/greyflon/lab_2025/install/two_wheeled_robot/share/two_wheeled_robot/models/pr2/meshes/upper_arm_v0/elbow_flex.dae\n'}
[0.448379] (two_wheeled_robot) StdoutLine: {'line': b'-- Up-to-date: /home/greyflon/lab_2025/install/two_wheeled_robot/share/two_wheeled_robot/models/pr2/meshes/upper_arm_v0/upper_arm.dae\n'}
[0.448448] (two_wheeled_robot) StdoutLine: {'line': b'-- Up-to-date: /home/greyflon/lab_2025/install/two_wheeled_robot/share/two_wheeled_robot/models/pr2/meshes/upper_arm_v0/upper_arm.stl\n'}
[0.448515] (two_wheeled_robot) StdoutLine: {'line': b'-- Up-to-date: /home/greyflon/lab_2025/install/two_wheeled_robot/share/two_wheeled_robot/models/pr2/meshes/upper_arm_v0/elbow_flex.stl\n'}
[0.448914] (two_wheeled_robot) StdoutLine: {'line': b'-- Up-to-date: /home/greyflon/lab_2025/install/two_wheeled_robot/share/two_wheeled_robot/models/pr2/meshes/upper_arm_v0/forearm_roll_L.stl\n'}
[0.448986] (two_wheeled_robot) StdoutLine: {'line': b'-- Up-to-date: /home/greyflon/lab_2025/install/two_wheeled_robot/share/two_wheeled_robot/models/pr2/meshes/upper_arm_v0/forearm_roll.stl\n'}
[0.449054] (two_wheeled_robot) StdoutLine: {'line': b'-- Up-to-date: /home/greyflon/lab_2025/install/two_wheeled_robot/share/two_wheeled_robot/models/pr2/meshes/gripper_v0\n'}
[0.449127] (two_wheeled_robot) StdoutLine: {'line': b'-- Up-to-date: /home/greyflon/lab_2025/install/two_wheeled_robot/share/two_wheeled_robot/models/pr2/meshes/gripper_v0/palm_H_UV_100430.dae\n'}
[0.449193] (two_wheeled_robot) StdoutLine: {'line': b'-- Up-to-date: /home/greyflon/lab_2025/install/two_wheeled_robot/share/two_wheeled_robot/models/pr2/meshes/gripper_v0/upper_finger_l.stl\n'}
[0.449259] (two_wheeled_robot) StdoutLine: {'line': b'-- Up-to-date: /home/greyflon/lab_2025/install/two_wheeled_robot/share/two_wheeled_robot/models/pr2/meshes/gripper_v0/finger_tip_pad2_r.stl\n'}
[0.449326] (two_wheeled_robot) StdoutLine: {'line': b'-- Up-to-date: /home/greyflon/lab_2025/install/two_wheeled_robot/share/two_wheeled_robot/models/pr2/meshes/gripper_v0/l_finger_tip.dae\n'}
[0.449392] (two_wheeled_robot) StdoutLine: {'line': b'-- Up-to-date: /home/greyflon/lab_2025/install/two_wheeled_robot/share/two_wheeled_robot/models/pr2/meshes/gripper_v0/float_H_UV_100430.dae\n'}
[0.449457] (two_wheeled_robot) StdoutLine: {'line': b'-- Up-to-date: /home/greyflon/lab_2025/install/two_wheeled_robot/share/two_wheeled_robot/models/pr2/meshes/gripper_v0/l_finger.dae\n'}
[0.449526] (two_wheeled_robot) StdoutLine: {'line': b'-- Up-to-date: /home/greyflon/lab_2025/install/two_wheeled_robot/share/two_wheeled_robot/models/pr2/meshes/gripper_v0/gripper_palm.stl\n'}
[0.449658] (two_wheeled_robot) StdoutLine: {'line': b'-- Up-to-date: /home/greyflon/lab_2025/install/two_wheeled_robot/share/two_wheeled_robot/models/pr2/meshes/gripper_v0/finger_H_UV_100430.dae\n'}
[0.449729] (two_wheeled_robot) StdoutLine: {'line': b'-- Up-to-date: /home/greyflon/lab_2025/install/two_wheeled_robot/share/two_wheeled_robot/models/pr2/meshes/gripper_v0/upper_finger_r.stl\n'}
[0.449802] (two_wheeled_robot) StdoutLine: {'line': b'-- Up-to-date: /home/greyflon/lab_2025/install/two_wheeled_robot/share/two_wheeled_robot/models/pr2/meshes/gripper_v0/finger_tip_l.stl\n'}
[0.449871] (two_wheeled_robot) StdoutLine: {'line': b'-- Up-to-date: /home/greyflon/lab_2025/install/two_wheeled_robot/share/two_wheeled_robot/models/pr2/meshes/gripper_v0/gripper_palm.dae\n'}
[0.449939] (two_wheeled_robot) StdoutLine: {'line': b'-- Up-to-date: /home/greyflon/lab_2025/install/two_wheeled_robot/share/two_wheeled_robot/models/pr2/meshes/gripper_v0/finger_tip_r.stl\n'}
[0.450007] (two_wheeled_robot) StdoutLine: {'line': b'-- Up-to-date: /home/greyflon/lab_2025/install/two_wheeled_robot/share/two_wheeled_robot/models/pr2/meshes/gripper_v0/l_floating.stl\n'}
[0.450074] (two_wheeled_robot) StdoutLine: {'line': b'-- Up-to-date: /home/greyflon/lab_2025/install/two_wheeled_robot/share/two_wheeled_robot/models/pr2/meshes/gripper_v0/l_finger.stl\n'}
[0.450165] (two_wheeled_robot) StdoutLine: {'line': b'-- Up-to-date: /home/greyflon/lab_2025/install/two_wheeled_robot/share/two_wheeled_robot/models/pr2/meshes/gripper_v0/l_finger_tip.stl\n'}
[0.450232] (two_wheeled_robot) StdoutLine: {'line': b'-- Up-to-date: /home/greyflon/lab_2025/install/two_wheeled_robot/share/two_wheeled_robot/models/pr2/meshes/gripper_v0/l_float.dae\n'}
[0.450297] (two_wheeled_robot) StdoutLine: {'line': b'-- Up-to-date: /home/greyflon/lab_2025/install/two_wheeled_robot/share/two_wheeled_robot/models/pr2/meshes/gripper_v0/finger_tip_H_UV_100430.dae\n'}
[0.450365] (two_wheeled_robot) StdoutLine: {'line': b'-- Up-to-date: /home/greyflon/lab_2025/install/two_wheeled_robot/share/two_wheeled_robot/models/pr2/meshes/gripper_v0/finger_tip_pad2_l.stl\n'}
[0.450432] (two_wheeled_robot) StdoutLine: {'line': b'-- Up-to-date: /home/greyflon/lab_2025/install/two_wheeled_robot/share/two_wheeled_robot/models/pr2/materials\n'}
[0.450498] (two_wheeled_robot) StdoutLine: {'line': b'-- Up-to-date: /home/greyflon/lab_2025/install/two_wheeled_robot/share/two_wheeled_robot/models/pr2/materials/textures\n'}
[0.450582] (two_wheeled_robot) StdoutLine: {'line': b'-- Up-to-date: /home/greyflon/lab_2025/install/two_wheeled_robot/share/two_wheeled_robot/models/pr2/materials/textures/fingertip_H_Color_100430.png\n'}
[0.450778] (two_wheeled_robot) StdoutLine: {'line': b'-- Up-to-date: /home/greyflon/lab_2025/install/two_wheeled_robot/share/two_wheeled_robot/models/pr2/materials/textures/l_float_color.png\n'}
[0.450845] (two_wheeled_robot) StdoutLine: {'line': b'-- Up-to-date: /home/greyflon/lab_2025/install/two_wheeled_robot/share/two_wheeled_robot/models/pr2/materials/textures/gripper_palm_color.png\n'}
[0.450911] (two_wheeled_robot) StdoutLine: {'line': b'-- Up-to-date: /home/greyflon/lab_2025/install/two_wheeled_robot/share/two_wheeled_robot/models/pr2/materials/textures/upper_arm_color.png\n'}
[0.450977] (two_wheeled_robot) StdoutLine: {'line': b'-- Up-to-date: /home/greyflon/lab_2025/install/two_wheeled_robot/share/two_wheeled_robot/models/pr2/materials/textures/wheel_normals.png\n'}
[0.451042] (two_wheeled_robot) StdoutLine: {'line': b'-- Up-to-date: /home/greyflon/lab_2025/install/two_wheeled_robot/share/two_wheeled_robot/models/pr2/materials/textures/upper_arm_roll_normals.png\n'}
[0.451107] (two_wheeled_robot) StdoutLine: {'line': b'-- Up-to-date: /home/greyflon/lab_2025/install/two_wheeled_robot/share/two_wheeled_robot/models/pr2/materials/textures/head_tilt_green.png\n'}
[0.451173] (two_wheeled_robot) StdoutLine: {'line': b'-- Up-to-date: /home/greyflon/lab_2025/install/two_wheeled_robot/share/two_wheeled_robot/models/pr2/materials/textures/float_H_Color_100430.png\n'}
[0.451240] (two_wheeled_robot) StdoutLine: {'line': b'-- Up-to-date: /home/greyflon/lab_2025/install/two_wheeled_robot/share/two_wheeled_robot/models/pr2/materials/textures/l_finger_tip_normals.png\n'}
[0.451305] (two_wheeled_robot) StdoutLine: {'line': b'-- Up-to-date: /home/greyflon/lab_2025/install/two_wheeled_robot/share/two_wheeled_robot/models/pr2/materials/textures/wrist_color.png\n'}
[0.451370] (two_wheeled_robot) StdoutLine: {'line': b'-- Up-to-date: /home/greyflon/lab_2025/install/two_wheeled_robot/share/two_wheeled_robot/models/pr2/materials/textures/head_tilt_normals.png\n'}
[0.451434] (two_wheeled_robot) StdoutLine: {'line': b'-- Up-to-date: /home/greyflon/lab_2025/install/two_wheeled_robot/share/two_wheeled_robot/models/pr2/materials/textures/gripper_palm_normals.png\n'}
[0.451500] (two_wheeled_robot) StdoutLine: {'line': b'-- Up-to-date: /home/greyflon/lab_2025/install/two_wheeled_robot/share/two_wheeled_robot/models/pr2/materials/textures/torso_lift_normals.png\n'}
[0.451586] (two_wheeled_robot) StdoutLine: {'line': b'-- Up-to-date: /home/greyflon/lab_2025/install/two_wheeled_robot/share/two_wheeled_robot/models/pr2/materials/textures/head_tilt_color_red.png\n'}
[0.451658] (two_wheeled_robot) StdoutLine: {'line': b'-- Up-to-date: /home/greyflon/lab_2025/install/two_wheeled_robot/share/two_wheeled_robot/models/pr2/materials/textures/forearm_normals.png\n'}
[0.451725] (two_wheeled_robot) StdoutLine: {'line': b'-- Up-to-date: /home/greyflon/lab_2025/install/two_wheeled_robot/share/two_wheeled_robot/models/pr2/materials/textures/finger_H_Color_100430.png\n'}
[0.451791] (two_wheeled_robot) StdoutLine: {'line': b'-- Up-to-date: /home/greyflon/lab_2025/install/two_wheeled_robot/share/two_wheeled_robot/models/pr2/materials/textures/shoulder_pan_normals.png\n'}
[0.451919] (two_wheeled_robot) StdoutLine: {'line': b'-- Up-to-date: /home/greyflon/lab_2025/install/two_wheeled_robot/share/two_wheeled_robot/models/pr2/materials/textures/upper_arm_normals.png\n'}
[0.451997] (two_wheeled_robot) StdoutLine: {'line': b'-- Up-to-date: /home/greyflon/lab_2025/install/two_wheeled_robot/share/two_wheeled_robot/models/pr2/materials/textures/tilting_hokuyo_normals.png\n'}
[0.452064] (two_wheeled_robot) StdoutLine: {'line': b'-- Up-to-date: /home/greyflon/lab_2025/install/two_wheeled_robot/share/two_wheeled_robot/models/pr2/materials/textures/shoulder_pan_color.png\n'}
[0.452130] (two_wheeled_robot) StdoutLine: {'line': b'-- Up-to-date: /home/greyflon/lab_2025/install/two_wheeled_robot/share/two_wheeled_robot/models/pr2/materials/textures/l_float_normals.png\n'}
[0.452195] (two_wheeled_robot) StdoutLine: {'line': b'-- Up-to-date: /home/greyflon/lab_2025/install/two_wheeled_robot/share/two_wheeled_robot/models/pr2/materials/textures/wrist_normals.png\n'}
[0.452270] (two_wheeled_robot) StdoutLine: {'line': b'-- Up-to-date: /home/greyflon/lab_2025/install/two_wheeled_robot/share/two_wheeled_robot/models/pr2/materials/textures/wheel_color.png\n'}
[0.452359] (two_wheeled_robot) StdoutLine: {'line': b'-- Up-to-date: /home/greyflon/lab_2025/install/two_wheeled_robot/share/two_wheeled_robot/models/pr2/materials/textures/wheel_h_color.png\n'}
[0.452425] (two_wheeled_robot) StdoutLine: {'line': b'-- Up-to-date: /home/greyflon/lab_2025/install/two_wheeled_robot/share/two_wheeled_robot/models/pr2/materials/textures/elbow_flex_normals.png\n'}
[0.452492] (two_wheeled_robot) StdoutLine: {'line': b'-- Up-to-date: /home/greyflon/lab_2025/install/two_wheeled_robot/share/two_wheeled_robot/models/pr2/materials/textures/head_pan_color.png\n'}
[0.452577] (two_wheeled_robot) StdoutLine: {'line': b'-- Up-to-date: /home/greyflon/lab_2025/install/two_wheeled_robot/share/two_wheeled_robot/models/pr2/materials/textures/base_color.png\n'}
[0.452815] (two_wheeled_robot) StdoutLine: {'line': b'-- Up-to-date: /home/greyflon/lab_2025/install/two_wheeled_robot/share/two_wheeled_robot/models/pr2/materials/textures/l_finger_color.png\n'}
[0.452885] (two_wheeled_robot) StdoutLine: {'line': b'-- Up-to-date: /home/greyflon/lab_2025/install/two_wheeled_robot/share/two_wheeled_robot/models/pr2/materials/textures/tilting_hokuyo_color.png\n'}
[0.452950] (two_wheeled_robot) StdoutLine: {'line': b'-- Up-to-date: /home/greyflon/lab_2025/install/two_wheeled_robot/share/two_wheeled_robot/models/pr2/materials/textures/torso_lift_color.png\n'}
[0.453016] (two_wheeled_robot) StdoutLine: {'line': b'-- Up-to-date: /home/greyflon/lab_2025/install/two_wheeled_robot/share/two_wheeled_robot/models/pr2/materials/textures/palm_H_Color_100430.png\n'}
[0.453082] (two_wheeled_robot) StdoutLine: {'line': b'-- Up-to-date: /home/greyflon/lab_2025/install/two_wheeled_robot/share/two_wheeled_robot/models/pr2/materials/textures/head_tilt_color.png\n'}
[0.453148] (two_wheeled_robot) StdoutLine: {'line': b'-- Up-to-date: /home/greyflon/lab_2025/install/two_wheeled_robot/share/two_wheeled_robot/models/pr2/materials/textures/shoulder_lift_color.png\n'}
[0.453214] (two_wheeled_robot) StdoutLine: {'line': b'-- Up-to-date: /home/greyflon/lab_2025/install/two_wheeled_robot/share/two_wheeled_robot/models/pr2/materials/textures/base_normals.png\n'}
[0.453280] (two_wheeled_robot) StdoutLine: {'line': b'-- Up-to-date: /home/greyflon/lab_2025/install/two_wheeled_robot/share/two_wheeled_robot/models/pr2/materials/textures/forearm.png\n'}
[0.453348] (two_wheeled_robot) StdoutLine: {'line': b'-- Up-to-date: /home/greyflon/lab_2025/install/two_wheeled_robot/share/two_wheeled_robot/models/pr2/materials/textures/l_finger_tip_color.png\n'}
[0.453414] (two_wheeled_robot) StdoutLine: {'line': b'-- Up-to-date: /home/greyflon/lab_2025/install/two_wheeled_robot/share/two_wheeled_robot/models/pr2/materials/textures/upper_arm.png\n'}
[0.453479] (two_wheeled_robot) StdoutLine: {'line': b'-- Up-to-date: /home/greyflon/lab_2025/install/two_wheeled_robot/share/two_wheeled_robot/models/pr2/materials/textures/forearm_color.png\n'}
[0.453559] (two_wheeled_robot) StdoutLine: {'line': b'-- Up-to-date: /home/greyflon/lab_2025/install/two_wheeled_robot/share/two_wheeled_robot/models/pr2/materials/textures/head_tilt_color_yellow.png\n'}
[0.453636] (two_wheeled_robot) StdoutLine: {'line': b'-- Up-to-date: /home/greyflon/lab_2025/install/two_wheeled_robot/share/two_wheeled_robot/models/pr2/materials/textures/elbow_flex_color.png\n'}
[0.453704] (two_wheeled_robot) StdoutLine: {'line': b'-- Up-to-date: /home/greyflon/lab_2025/install/two_wheeled_robot/share/two_wheeled_robot/models/pr2/materials/textures/l_finger_normals.png\n'}
[0.453770] (two_wheeled_robot) StdoutLine: {'line': b'-- Up-to-date: /home/greyflon/lab_2025/install/two_wheeled_robot/share/two_wheeled_robot/models/pr2/materials/textures/head_pan_normals.png\n'}
[0.453836] (two_wheeled_robot) StdoutLine: {'line': b'-- Up-to-date: /home/greyflon/lab_2025/install/two_wheeled_robot/share/two_wheeled_robot/models/pr2/materials/textures/shoulder_lift_normals.png\n'}
[0.453909] (two_wheeled_robot) StdoutLine: {'line': b'-- Up-to-date: /home/greyflon/lab_2025/install/two_wheeled_robot/share/two_wheeled_robot/models/pr2/materials/textures/upper_arm_roll_color.png\n'}
[0.454108] (two_wheeled_robot) StdoutLine: {'line': b'-- Up-to-date: /home/greyflon/lab_2025/install/two_wheeled_robot/share/two_wheeled_robot/models/pr2/model.sdf\n'}
[0.454179] (two_wheeled_robot) StdoutLine: {'line': b'-- Up-to-date: /home/greyflon/lab_2025/install/two_wheeled_robot/share/two_wheeled_robot/models/pr2/model-1_3.sdf\n'}
[0.454247] (two_wheeled_robot) StdoutLine: {'line': b'-- Up-to-date: /home/greyflon/lab_2025/install/two_wheeled_robot/share/two_wheeled_robot/models/aws_robomaker_residential_Dumbbell_01\n'}
[0.454314] (two_wheeled_robot) StdoutLine: {'line': b'-- Up-to-date: /home/greyflon/lab_2025/install/two_wheeled_robot/share/two_wheeled_robot/models/aws_robomaker_residential_Dumbbell_01/model.config\n'}
[0.454379] (two_wheeled_robot) StdoutLine: {'line': b'-- Up-to-date: /home/greyflon/lab_2025/install/two_wheeled_robot/share/two_wheeled_robot/models/aws_robomaker_residential_Dumbbell_01/meshes\n'}
[0.454444] (two_wheeled_robot) StdoutLine: {'line': b'-- Up-to-date: /home/greyflon/lab_2025/install/two_wheeled_robot/share/two_wheeled_robot/models/aws_robomaker_residential_Dumbbell_01/meshes/aws_Dumbbell_01_visual.DAE\n'}
[0.454510] (two_wheeled_robot) StdoutLine: {'line': b'-- Up-to-date: /home/greyflon/lab_2025/install/two_wheeled_robot/share/two_wheeled_robot/models/aws_robomaker_residential_Dumbbell_01/meshes/aws_Dumbbell_01_collision.DAE\n'}
[0.454733] (two_wheeled_robot) StdoutLine: {'line': b'-- Up-to-date: /home/greyflon/lab_2025/install/two_wheeled_robot/share/two_wheeled_robot/models/aws_robomaker_residential_Dumbbell_01/materials\n'}
[0.454814] (two_wheeled_robot) StdoutLine: {'line': b'-- Up-to-date: /home/greyflon/lab_2025/install/two_wheeled_robot/share/two_wheeled_robot/models/aws_robomaker_residential_Dumbbell_01/materials/textures\n'}
[0.454915] (two_wheeled_robot) StdoutLine: {'line': b'-- Up-to-date: /home/greyflon/lab_2025/install/two_wheeled_robot/share/two_wheeled_robot/models/aws_robomaker_residential_Dumbbell_01/materials/textures/aws_Dumbbell_01.png\n'}
[0.454983] (two_wheeled_robot) StdoutLine: {'line': b'-- Up-to-date: /home/greyflon/lab_2025/install/two_wheeled_robot/share/two_wheeled_robot/models/aws_robomaker_residential_Dumbbell_01/model.sdf\n'}
[0.455050] (two_wheeled_robot) StdoutLine: {'line': b'-- Up-to-date: /home/greyflon/lab_2025/install/two_wheeled_robot/share/two_wheeled_robot/models/aws_robomaker_warehouse_ShelfD_01\n'}
[0.455116] (two_wheeled_robot) StdoutLine: {'line': b'-- Up-to-date: /home/greyflon/lab_2025/install/two_wheeled_robot/share/two_wheeled_robot/models/aws_robomaker_warehouse_ShelfD_01/model.config\n'}
[0.455183] (two_wheeled_robot) StdoutLine: {'line': b'-- Up-to-date: /home/greyflon/lab_2025/install/two_wheeled_robot/share/two_wheeled_robot/models/aws_robomaker_warehouse_ShelfD_01/meshes\n'}
[0.455249] (two_wheeled_robot) StdoutLine: {'line': b'-- Up-to-date: /home/greyflon/lab_2025/install/two_wheeled_robot/share/two_wheeled_robot/models/aws_robomaker_warehouse_ShelfD_01/meshes/aws_robomaker_warehouse_ShelfD_01_collision.DAE\n'}
[0.455317] (two_wheeled_robot) StdoutLine: {'line': b'-- Up-to-date: /home/greyflon/lab_2025/install/two_wheeled_robot/share/two_wheeled_robot/models/aws_robomaker_warehouse_ShelfD_01/meshes/aws_robomaker_warehouse_ShelfD_01_visual.DAE\n'}
[0.455382] (two_wheeled_robot) StdoutLine: {'line': b'-- Up-to-date: /home/greyflon/lab_2025/install/two_wheeled_robot/share/two_wheeled_robot/models/aws_robomaker_warehouse_ShelfD_01/materials\n'}
[0.455449] (two_wheeled_robot) StdoutLine: {'line': b'-- Up-to-date: /home/greyflon/lab_2025/install/two_wheeled_robot/share/two_wheeled_robot/models/aws_robomaker_warehouse_ShelfD_01/materials/textures\n'}
[0.455516] (two_wheeled_robot) StdoutLine: {'line': b'-- Up-to-date: /home/greyflon/lab_2025/install/two_wheeled_robot/share/two_wheeled_robot/models/aws_robomaker_warehouse_ShelfD_01/materials/textures/aws_robomaker_warehouse_ShelfD_03.png\n'}
[0.455758] (two_wheeled_robot) StdoutLine: {'line': b'-- Up-to-date: /home/greyflon/lab_2025/install/two_wheeled_robot/share/two_wheeled_robot/models/aws_robomaker_warehouse_ShelfD_01/materials/textures/aws_robomaker_warehouse_ShelfD_02.png\n'}
[0.455834] (two_wheeled_robot) StdoutLine: {'line': b'-- Up-to-date: /home/greyflon/lab_2025/install/two_wheeled_robot/share/two_wheeled_robot/models/aws_robomaker_warehouse_ShelfD_01/materials/textures/aws_robomaker_warehouse_ShelfD_01.png\n'}
[0.455900] (two_wheeled_robot) StdoutLine: {'line': b'-- Up-to-date: /home/greyflon/lab_2025/install/two_wheeled_robot/share/two_wheeled_robot/models/aws_robomaker_warehouse_ShelfD_01/materials/textures/aws_robomaker_warehouse_ShelfD_04.png\n'}
[0.455966] (two_wheeled_robot) StdoutLine: {'line': b'-- Up-to-date: /home/greyflon/lab_2025/install/two_wheeled_robot/share/two_wheeled_robot/models/aws_robomaker_warehouse_ShelfD_01/model.sdf\n'}
[0.456035] (two_wheeled_robot) StdoutLine: {'line': b'-- Up-to-date: /home/greyflon/lab_2025/install/two_wheeled_robot/share/two_wheeled_robot/models/workcell_bin\n'}
[0.456102] (two_wheeled_robot) StdoutLine: {'line': b'-- Up-to-date: /home/greyflon/lab_2025/install/two_wheeled_robot/share/two_wheeled_robot/models/workcell_bin/model.config\n'}
[0.456168] (two_wheeled_robot) StdoutLine: {'line': b'-- Up-to-date: /home/greyflon/lab_2025/install/two_wheeled_robot/share/two_wheeled_robot/models/workcell_bin/meshes\n'}
[0.456240] (two_wheeled_robot) StdoutLine: {'line': b'-- Up-to-date: /home/greyflon/lab_2025/install/two_wheeled_robot/share/two_wheeled_robot/models/workcell_bin/meshes/bin.dae\n'}
[0.456309] (two_wheeled_robot) StdoutLine: {'line': b'-- Up-to-date: /home/greyflon/lab_2025/install/two_wheeled_robot/share/two_wheeled_robot/models/workcell_bin/materials\n'}
[0.456375] (two_wheeled_robot) StdoutLine: {'line': b'-- Up-to-date: /home/greyflon/lab_2025/install/two_wheeled_robot/share/two_wheeled_robot/models/workcell_bin/materials/textures\n'}
[0.456442] (two_wheeled_robot) StdoutLine: {'line': b'-- Up-to-date: /home/greyflon/lab_2025/install/two_wheeled_robot/share/two_wheeled_robot/models/workcell_bin/materials/textures/bin.png\n'}
[0.456509] (two_wheeled_robot) StdoutLine: {'line': b'-- Up-to-date: /home/greyflon/lab_2025/install/two_wheeled_robot/share/two_wheeled_robot/models/workcell_bin/model.sdf\n'}
[0.457059] (two_wheeled_robot) StdoutLine: {'line': b'-- Up-to-date: /home/greyflon/lab_2025/install/two_wheeled_robot/share/two_wheeled_robot/models/aws_robomaker_residential_DeskPortraitD_04\n'}
[0.457143] (two_wheeled_robot) StdoutLine: {'line': b'-- Up-to-date: /home/greyflon/lab_2025/install/two_wheeled_robot/share/two_wheeled_robot/models/aws_robomaker_residential_DeskPortraitD_04/model.config\n'}
[0.457218] (two_wheeled_robot) StdoutLine: {'line': b'-- Up-to-date: /home/greyflon/lab_2025/install/two_wheeled_robot/share/two_wheeled_robot/models/aws_robomaker_residential_DeskPortraitD_04/meshes\n'}
[0.457292] (two_wheeled_robot) StdoutLine: {'line': b'-- Up-to-date: /home/greyflon/lab_2025/install/two_wheeled_robot/share/two_wheeled_robot/models/aws_robomaker_residential_DeskPortraitD_04/meshes/aws_DeskPortraitD_01_visual.DAE\n'}
[0.457365] (two_wheeled_robot) StdoutLine: {'line': b'-- Up-to-date: /home/greyflon/lab_2025/install/two_wheeled_robot/share/two_wheeled_robot/models/aws_robomaker_residential_DeskPortraitD_04/meshes/aws_DeskPortraitD_01_collision.DAE\n'}
[0.457451] (two_wheeled_robot) StdoutLine: {'line': b'-- Up-to-date: /home/greyflon/lab_2025/install/two_wheeled_robot/share/two_wheeled_robot/models/aws_robomaker_residential_DeskPortraitD_04/materials\n'}
[0.457673] (two_wheeled_robot) StdoutLine: {'line': b'-- Up-to-date: /home/greyflon/lab_2025/install/two_wheeled_robot/share/two_wheeled_robot/models/aws_robomaker_residential_DeskPortraitD_04/materials/textures\n'}
[0.457842] (two_wheeled_robot) StdoutLine: {'line': b'-- Up-to-date: /home/greyflon/lab_2025/install/two_wheeled_robot/share/two_wheeled_robot/models/aws_robomaker_residential_DeskPortraitD_04/materials/textures/aws_DeskPortraitD_02.png\n'}
[0.457915] (two_wheeled_robot) StdoutLine: {'line': b'-- Up-to-date: /home/greyflon/lab_2025/install/two_wheeled_robot/share/two_wheeled_robot/models/aws_robomaker_residential_DeskPortraitD_04/materials/textures/aws_DeskPortraitD_01.png\n'}
[0.457981] (two_wheeled_robot) StdoutLine: {'line': b'-- Up-to-date: /home/greyflon/lab_2025/install/two_wheeled_robot/share/two_wheeled_robot/models/aws_robomaker_residential_DeskPortraitD_04/materials/textures/DeskPortraitD_04.jpg\n'}
[0.458047] (two_wheeled_robot) StdoutLine: {'line': b'-- Up-to-date: /home/greyflon/lab_2025/install/two_wheeled_robot/share/two_wheeled_robot/models/aws_robomaker_residential_DeskPortraitD_04/model.sdf\n'}
[0.458113] (two_wheeled_robot) StdoutLine: {'line': b'-- Up-to-date: /home/greyflon/lab_2025/install/two_wheeled_robot/share/two_wheeled_robot/models/kitchen_dining\n'}
[0.458180] (two_wheeled_robot) StdoutLine: {'line': b'-- Up-to-date: /home/greyflon/lab_2025/install/two_wheeled_robot/share/two_wheeled_robot/models/kitchen_dining/model-1_4.sdf\n'}
[0.458248] (two_wheeled_robot) StdoutLine: {'line': b'-- Up-to-date: /home/greyflon/lab_2025/install/two_wheeled_robot/share/two_wheeled_robot/models/kitchen_dining/model.config\n'}
[0.458315] (two_wheeled_robot) StdoutLine: {'line': b'-- Up-to-date: /home/greyflon/lab_2025/install/two_wheeled_robot/share/two_wheeled_robot/models/kitchen_dining/meshes\n'}
[0.458383] (two_wheeled_robot) StdoutLine: {'line': b'-- Up-to-date: /home/greyflon/lab_2025/install/two_wheeled_robot/share/two_wheeled_robot/models/kitchen_dining/meshes/kitchen_dining.dae\n'}
[0.458448] (two_wheeled_robot) StdoutLine: {'line': b'-- Up-to-date: /home/greyflon/lab_2025/install/two_wheeled_robot/share/two_wheeled_robot/models/kitchen_dining/materials\n'}
[0.458516] (two_wheeled_robot) StdoutLine: {'line': b'-- Up-to-date: /home/greyflon/lab_2025/install/two_wheeled_robot/share/two_wheeled_robot/models/kitchen_dining/materials/textures\n'}
[0.458644] (two_wheeled_robot) StdoutLine: {'line': b'-- Up-to-date: /home/greyflon/lab_2025/install/two_wheeled_robot/share/two_wheeled_robot/models/kitchen_dining/materials/textures/__auto_40.png\n'}
[0.458716] (two_wheeled_robot) StdoutLine: {'line': b'-- Up-to-date: /home/greyflon/lab_2025/install/two_wheeled_robot/share/two_wheeled_robot/models/kitchen_dining/materials/textures/__auto_57.png\n'}
[0.458783] (two_wheeled_robot) StdoutLine: {'line': b'-- Up-to-date: /home/greyflon/lab_2025/install/two_wheeled_robot/share/two_wheeled_robot/models/kitchen_dining/materials/textures/__auto_28.png\n'}
[0.458850] (two_wheeled_robot) StdoutLine: {'line': b'-- Up-to-date: /home/greyflon/lab_2025/install/two_wheeled_robot/share/two_wheeled_robot/models/kitchen_dining/materials/textures/__auto_46.png\n'}
[0.458922] (two_wheeled_robot) StdoutLine: {'line': b'-- Up-to-date: /home/greyflon/lab_2025/install/two_wheeled_robot/share/two_wheeled_robot/models/kitchen_dining/materials/textures/__auto_52.png\n'}
[0.458988] (two_wheeled_robot) StdoutLine: {'line': b'-- Up-to-date: /home/greyflon/lab_2025/install/two_wheeled_robot/share/two_wheeled_robot/models/kitchen_dining/materials/textures/__auto_19.png\n'}
[0.459057] (two_wheeled_robot) StdoutLine: {'line': b'-- Up-to-date: /home/greyflon/lab_2025/install/two_wheeled_robot/share/two_wheeled_robot/models/kitchen_dining/materials/textures/__auto_7.png\n'}
[0.459124] (two_wheeled_robot) StdoutLine: {'line': b'-- Up-to-date: /home/greyflon/lab_2025/install/two_wheeled_robot/share/two_wheeled_robot/models/kitchen_dining/materials/textures/__auto_21.png\n'}
[0.459188] (two_wheeled_robot) StdoutLine: {'line': b'-- Up-to-date: /home/greyflon/lab_2025/install/two_wheeled_robot/share/two_wheeled_robot/models/kitchen_dining/materials/textures/__auto_45.png\n'}
[0.459256] (two_wheeled_robot) StdoutLine: {'line': b'-- Up-to-date: /home/greyflon/lab_2025/install/two_wheeled_robot/share/two_wheeled_robot/models/kitchen_dining/materials/textures/__auto_64.png\n'}
[0.459328] (two_wheeled_robot) StdoutLine: {'line': b'-- Up-to-date: /home/greyflon/lab_2025/install/two_wheeled_robot/share/two_wheeled_robot/models/kitchen_dining/materials/textures/__auto_16.png\n'}
[0.459394] (two_wheeled_robot) StdoutLine: {'line': b'-- Up-to-date: /home/greyflon/lab_2025/install/two_wheeled_robot/share/two_wheeled_robot/models/kitchen_dining/materials/textures/__auto_17.png\n'}
[0.459460] (two_wheeled_robot) StdoutLine: {'line': b'-- Up-to-date: /home/greyflon/lab_2025/install/two_wheeled_robot/share/two_wheeled_robot/models/kitchen_dining/materials/textures/__auto_53.png\n'}
[0.459526] (two_wheeled_robot) StdoutLine: {'line': b'-- Up-to-date: /home/greyflon/lab_2025/install/two_wheeled_robot/share/two_wheeled_robot/models/kitchen_dining/materials/textures/__auto_38.png\n'}
[0.459740] (two_wheeled_robot) StdoutLine: {'line': b'-- Up-to-date: /home/greyflon/lab_2025/install/two_wheeled_robot/share/two_wheeled_robot/models/kitchen_dining/materials/textures/__auto_56.png\n'}
[0.459833] (two_wheeled_robot) StdoutLine: {'line': b'-- Up-to-date: /home/greyflon/lab_2025/install/two_wheeled_robot/share/two_wheeled_robot/models/kitchen_dining/materials/textures/__auto_20.png\n'}
[0.459899] (two_wheeled_robot) StdoutLine: {'line': b'-- Up-to-date: /home/greyflon/lab_2025/install/two_wheeled_robot/share/two_wheeled_robot/models/kitchen_dining/materials/textures/__auto_44.png\n'}
[0.459966] (two_wheeled_robot) StdoutLine: {'line': b'-- Up-to-date: /home/greyflon/lab_2025/install/two_wheeled_robot/share/two_wheeled_robot/models/kitchen_dining/materials/textures/__auto_9.png\n'}
[0.460034] (two_wheeled_robot) StdoutLine: {'line': b'-- Up-to-date: /home/greyflon/lab_2025/install/two_wheeled_robot/share/two_wheeled_robot/models/kitchen_dining/materials/textures/__auto_47.png\n'}
[0.460098] (two_wheeled_robot) StdoutLine: {'line': b'-- Up-to-date: /home/greyflon/lab_2025/install/two_wheeled_robot/share/two_wheeled_robot/models/kitchen_dining/materials/textures/__auto_39.png\n'}
[0.460165] (two_wheeled_robot) StdoutLine: {'line': b'-- Up-to-date: /home/greyflon/lab_2025/install/two_wheeled_robot/share/two_wheeled_robot/models/kitchen_dining/materials/textures/__auto_29.png\n'}
[0.460233] (two_wheeled_robot) StdoutLine: {'line': b'-- Up-to-date: /home/greyflon/lab_2025/install/two_wheeled_robot/share/two_wheeled_robot/models/kitchen_dining/materials/textures/__auto_25.png\n'}
[0.460301] (two_wheeled_robot) StdoutLine: {'line': b'-- Up-to-date: /home/greyflon/lab_2025/install/two_wheeled_robot/share/two_wheeled_robot/models/kitchen_dining/materials/textures/__auto_61.png\n'}
[0.460368] (two_wheeled_robot) StdoutLine: {'line': b'-- Up-to-date: /home/greyflon/lab_2025/install/two_wheeled_robot/share/two_wheeled_robot/models/kitchen_dining/materials/textures/__auto_69.png\n'}
[0.460437] (two_wheeled_robot) StdoutLine: {'line': b'-- Up-to-date: /home/greyflon/lab_2025/install/two_wheeled_robot/share/two_wheeled_robot/models/kitchen_dining/materials/textures/__auto_1.png\n'}
[0.460503] (two_wheeled_robot) StdoutLine: {'line': b'-- Up-to-date: /home/greyflon/lab_2025/install/two_wheeled_robot/share/two_wheeled_robot/models/kitchen_dining/materials/textures/__auto_43.png\n'}
[0.460584] (two_wheeled_robot) StdoutLine: {'line': b'-- Up-to-date: /home/greyflon/lab_2025/install/two_wheeled_robot/share/two_wheeled_robot/models/kitchen_dining/materials/textures/__auto_49.png\n'}
[0.460655] (two_wheeled_robot) StdoutLine: {'line': b'-- Up-to-date: /home/greyflon/lab_2025/install/two_wheeled_robot/share/two_wheeled_robot/models/kitchen_dining/materials/textures/__auto_51.png\n'}
[0.460724] (two_wheeled_robot) StdoutLine: {'line': b'-- Up-to-date: /home/greyflon/lab_2025/install/two_wheeled_robot/share/two_wheeled_robot/models/kitchen_dining/materials/textures/__auto_42.png\n'}
[0.460792] (two_wheeled_robot) StdoutLine: {'line': b'-- Up-to-date: /home/greyflon/lab_2025/install/two_wheeled_robot/share/two_wheeled_robot/models/kitchen_dining/materials/textures/__auto_50.png\n'}
[0.460864] (two_wheeled_robot) StdoutLine: {'line': b'-- Up-to-date: /home/greyflon/lab_2025/install/two_wheeled_robot/share/two_wheeled_robot/models/kitchen_dining/materials/textures/__auto_18.png\n'}
[0.460935] (two_wheeled_robot) StdoutLine: {'line': b'-- Up-to-date: /home/greyflon/lab_2025/install/two_wheeled_robot/share/two_wheeled_robot/models/kitchen_dining/materials/textures/__auto_60.png\n'}
[0.461003] (two_wheeled_robot) StdoutLine: {'line': b'-- Up-to-date: /home/greyflon/lab_2025/install/two_wheeled_robot/share/two_wheeled_robot/models/kitchen_dining/materials/textures/__auto_30.png\n'}
[0.461071] (two_wheeled_robot) StdoutLine: {'line': b'-- Up-to-date: /home/greyflon/lab_2025/install/two_wheeled_robot/share/two_wheeled_robot/models/kitchen_dining/materials/textures/__auto_41.png\n'}
[0.461137] (two_wheeled_robot) StdoutLine: {'line': b'-- Up-to-date: /home/greyflon/lab_2025/install/two_wheeled_robot/share/two_wheeled_robot/models/kitchen_dining/materials/textures/__auto_66.png\n'}
[0.461203] (two_wheeled_robot) StdoutLine: {'line': b'-- Up-to-date: /home/greyflon/lab_2025/install/two_wheeled_robot/share/two_wheeled_robot/models/kitchen_dining/materials/textures/__auto_13.png\n'}
[0.461269] (two_wheeled_robot) StdoutLine: {'line': b'-- Up-to-date: /home/greyflon/lab_2025/install/two_wheeled_robot/share/two_wheeled_robot/models/kitchen_dining/materials/textures/__auto_14.png\n'}
[0.461336] (two_wheeled_robot) StdoutLine: {'line': b'-- Up-to-date: /home/greyflon/lab_2025/install/two_wheeled_robot/share/two_wheeled_robot/models/kitchen_dining/materials/textures/__auto_59.png\n'}
[0.461402] (two_wheeled_robot) StdoutLine: {'line': b'-- Up-to-date: /home/greyflon/lab_2025/install/two_wheeled_robot/share/two_wheeled_robot/models/kitchen_dining/materials/textures/__auto_2.png\n'}
[0.461471] (two_wheeled_robot) StdoutLine: {'line': b'-- Up-to-date: /home/greyflon/lab_2025/install/two_wheeled_robot/share/two_wheeled_robot/models/kitchen_dining/materials/textures/__auto_8.png\n'}
[0.461537] (two_wheeled_robot) StdoutLine: {'line': b'-- Up-to-date: /home/greyflon/lab_2025/install/two_wheeled_robot/share/two_wheeled_robot/models/kitchen_dining/materials/textures/__auto_24.png\n'}
[0.461759] (two_wheeled_robot) StdoutLine: {'line': b'-- Up-to-date: /home/greyflon/lab_2025/install/two_wheeled_robot/share/two_wheeled_robot/models/kitchen_dining/materials/textures/__auto_22.png\n'}
[0.461831] (two_wheeled_robot) StdoutLine: {'line': b'-- Up-to-date: /home/greyflon/lab_2025/install/two_wheeled_robot/share/two_wheeled_robot/models/kitchen_dining/model.sdf\n'}
[0.461899] (two_wheeled_robot) StdoutLine: {'line': b'-- Up-to-date: /home/greyflon/lab_2025/install/two_wheeled_robot/share/two_wheeled_robot/models/kitchen_dining/model-1_3.sdf\n'}
[0.462172] (two_wheeled_robot) StdoutLine: {'line': b'-- Up-to-date: /home/greyflon/lab_2025/install/two_wheeled_robot/share/two_wheeled_robot/models/aws_robomaker_warehouse_ClutteringC_01\n'}
[0.462243] (two_wheeled_robot) StdoutLine: {'line': b'-- Up-to-date: /home/greyflon/lab_2025/install/two_wheeled_robot/share/two_wheeled_robot/models/aws_robomaker_warehouse_ClutteringC_01/model.config\n'}
[0.462310] (two_wheeled_robot) StdoutLine: {'line': b'-- Up-to-date: /home/greyflon/lab_2025/install/two_wheeled_robot/share/two_wheeled_robot/models/aws_robomaker_warehouse_ClutteringC_01/meshes\n'}
[0.462379] (two_wheeled_robot) StdoutLine: {'line': b'-- Up-to-date: /home/greyflon/lab_2025/install/two_wheeled_robot/share/two_wheeled_robot/models/aws_robomaker_warehouse_ClutteringC_01/meshes/aws_robomaker_warehouse_ClutteringC_01_collision.DAE\n'}
[0.462444] (two_wheeled_robot) StdoutLine: {'line': b'-- Up-to-date: /home/greyflon/lab_2025/install/two_wheeled_robot/share/two_wheeled_robot/models/aws_robomaker_warehouse_ClutteringC_01/meshes/aws_robomaker_warehouse_ClutteringC_01_visual.DAE\n'}
[0.462511] (two_wheeled_robot) StdoutLine: {'line': b'-- Up-to-date: /home/greyflon/lab_2025/install/two_wheeled_robot/share/two_wheeled_robot/models/aws_robomaker_warehouse_ClutteringC_01/materials\n'}
[0.462733] (two_wheeled_robot) StdoutLine: {'line': b'-- Up-to-date: /home/greyflon/lab_2025/install/two_wheeled_robot/share/two_wheeled_robot/models/aws_robomaker_warehouse_ClutteringC_01/materials/textures\n'}
[0.462805] (two_wheeled_robot) StdoutLine: {'line': b'-- Up-to-date: /home/greyflon/lab_2025/install/two_wheeled_robot/share/two_wheeled_robot/models/aws_robomaker_warehouse_ClutteringC_01/materials/textures/aws_robomaker_warehouse_ClutteringC_01.png\n'}
[0.462870] (two_wheeled_robot) StdoutLine: {'line': b'-- Up-to-date: /home/greyflon/lab_2025/install/two_wheeled_robot/share/two_wheeled_robot/models/aws_robomaker_warehouse_ClutteringC_01/materials/textures/aws_robomaker_warehouse_ClutteringC_02.png\n'}
[0.462939] (two_wheeled_robot) StdoutLine: {'line': b'-- Up-to-date: /home/greyflon/lab_2025/install/two_wheeled_robot/share/two_wheeled_robot/models/aws_robomaker_warehouse_ClutteringC_01/model.sdf\n'}
[0.463009] (two_wheeled_robot) StdoutLine: {'line': b'-- Up-to-date: /home/greyflon/lab_2025/install/two_wheeled_robot/share/two_wheeled_robot/models/AnesthesiaMachine\n'}
[0.463076] (two_wheeled_robot) StdoutLine: {'line': b'-- Up-to-date: /home/greyflon/lab_2025/install/two_wheeled_robot/share/two_wheeled_robot/models/AnesthesiaMachine/model.config\n'}
[0.463142] (two_wheeled_robot) StdoutLine: {'line': b'-- Up-to-date: /home/greyflon/lab_2025/install/two_wheeled_robot/share/two_wheeled_robot/models/AnesthesiaMachine/meshes\n'}
[0.463215] (two_wheeled_robot) StdoutLine: {'line': b'-- Up-to-date: /home/greyflon/lab_2025/install/two_wheeled_robot/share/two_wheeled_robot/models/AnesthesiaMachine/meshes/AnesthesiaMachine.png\n'}
[0.463282] (two_wheeled_robot) StdoutLine: {'line': b'-- Up-to-date: /home/greyflon/lab_2025/install/two_wheeled_robot/share/two_wheeled_robot/models/AnesthesiaMachine/meshes/AnesthesiaMachine_Col.mtl\n'}
[0.463347] (two_wheeled_robot) StdoutLine: {'line': b'-- Up-to-date: /home/greyflon/lab_2025/install/two_wheeled_robot/share/two_wheeled_robot/models/AnesthesiaMachine/meshes/AnesthesiaMachine.obj\n'}
[0.463414] (two_wheeled_robot) StdoutLine: {'line': b'-- Up-to-date: /home/greyflon/lab_2025/install/two_wheeled_robot/share/two_wheeled_robot/models/AnesthesiaMachine/meshes/AnesthesiaMachine.mtl\n'}
[0.463482] (two_wheeled_robot) StdoutLine: {'line': b'-- Up-to-date: /home/greyflon/lab_2025/install/two_wheeled_robot/share/two_wheeled_robot/models/AnesthesiaMachine/meshes/AnesthesiaMachine_Col.obj\n'}
[0.463565] (two_wheeled_robot) StdoutLine: {'line': b'-- Up-to-date: /home/greyflon/lab_2025/install/two_wheeled_robot/share/two_wheeled_robot/models/AnesthesiaMachine/thumbnails\n'}
[0.463646] (two_wheeled_robot) StdoutLine: {'line': b'-- Up-to-date: /home/greyflon/lab_2025/install/two_wheeled_robot/share/two_wheeled_robot/models/AnesthesiaMachine/thumbnails/5.png\n'}
[0.463965] (two_wheeled_robot) StdoutLine: {'line': b'-- Up-to-date: /home/greyflon/lab_2025/install/two_wheeled_robot/share/two_wheeled_robot/models/AnesthesiaMachine/thumbnails/1.png\n'}
[0.464038] (two_wheeled_robot) StdoutLine: {'line': b'-- Up-to-date: /home/greyflon/lab_2025/install/two_wheeled_robot/share/two_wheeled_robot/models/AnesthesiaMachine/thumbnails/2.png\n'}
[0.464104] (two_wheeled_robot) StdoutLine: {'line': b'-- Up-to-date: /home/greyflon/lab_2025/install/two_wheeled_robot/share/two_wheeled_robot/models/AnesthesiaMachine/thumbnails/4.png\n'}
[0.464170] (two_wheeled_robot) StdoutLine: {'line': b'-- Up-to-date: /home/greyflon/lab_2025/install/two_wheeled_robot/share/two_wheeled_robot/models/AnesthesiaMachine/thumbnails/3.png\n'}
[0.464236] (two_wheeled_robot) StdoutLine: {'line': b'-- Up-to-date: /home/greyflon/lab_2025/install/two_wheeled_robot/share/two_wheeled_robot/models/AnesthesiaMachine/model.sdf\n'}
[0.464302] (two_wheeled_robot) StdoutLine: {'line': b'-- Up-to-date: /home/greyflon/lab_2025/install/two_wheeled_robot/share/two_wheeled_robot/models/box_target_red\n'}
[0.464371] (two_wheeled_robot) StdoutLine: {'line': b'-- Up-to-date: /home/greyflon/lab_2025/install/two_wheeled_robot/share/two_wheeled_robot/models/box_target_red/model.config\n'}
[0.464444] (two_wheeled_robot) StdoutLine: {'line': b'-- Up-to-date: /home/greyflon/lab_2025/install/two_wheeled_robot/share/two_wheeled_robot/models/box_target_red/meshes\n'}
[0.464508] (two_wheeled_robot) StdoutLine: {'line': b'-- Up-to-date: /home/greyflon/lab_2025/install/two_wheeled_robot/share/two_wheeled_robot/models/box_target_red/meshes/mesh.dae\n'}
[0.464609] (two_wheeled_robot) StdoutLine: {'line': b'-- Up-to-date: /home/greyflon/lab_2025/install/two_wheeled_robot/share/two_wheeled_robot/models/box_target_red/materials\n'}
[0.464682] (two_wheeled_robot) StdoutLine: {'line': b'-- Up-to-date: /home/greyflon/lab_2025/install/two_wheeled_robot/share/two_wheeled_robot/models/box_target_red/materials/textures\n'}
[0.464747] (two_wheeled_robot) StdoutLine: {'line': b'-- Up-to-date: /home/greyflon/lab_2025/install/two_wheeled_robot/share/two_wheeled_robot/models/box_target_red/materials/textures/end_pad.png\n'}
[0.464816] (two_wheeled_robot) StdoutLine: {'line': b'-- Up-to-date: /home/greyflon/lab_2025/install/two_wheeled_robot/share/two_wheeled_robot/models/box_target_red/model.sdf\n'}
[0.464881] (two_wheeled_robot) StdoutLine: {'line': b'-- Up-to-date: /home/greyflon/lab_2025/install/two_wheeled_robot/share/two_wheeled_robot/models/big_box2\n'}
[0.464947] (two_wheeled_robot) StdoutLine: {'line': b'-- Up-to-date: /home/greyflon/lab_2025/install/two_wheeled_robot/share/two_wheeled_robot/models/big_box2/model.config\n'}
[0.465012] (two_wheeled_robot) StdoutLine: {'line': b'-- Up-to-date: /home/greyflon/lab_2025/install/two_wheeled_robot/share/two_wheeled_robot/models/big_box2/meshes\n'}
[0.465078] (two_wheeled_robot) StdoutLine: {'line': b'-- Up-to-date: /home/greyflon/lab_2025/install/two_wheeled_robot/share/two_wheeled_robot/models/big_box2/meshes/big_box.dae\n'}
[0.465145] (two_wheeled_robot) StdoutLine: {'line': b'-- Up-to-date: /home/greyflon/lab_2025/install/two_wheeled_robot/share/two_wheeled_robot/models/big_box2/materials\n'}
[0.465212] (two_wheeled_robot) StdoutLine: {'line': b'-- Up-to-date: /home/greyflon/lab_2025/install/two_wheeled_robot/share/two_wheeled_robot/models/big_box2/materials/textures\n'}
[0.465279] (two_wheeled_robot) StdoutLine: {'line': b'-- Up-to-date: /home/greyflon/lab_2025/install/two_wheeled_robot/share/two_wheeled_robot/models/big_box2/materials/textures/barcode.png\n'}
[0.465344] (two_wheeled_robot) StdoutLine: {'line': b'-- Up-to-date: /home/greyflon/lab_2025/install/two_wheeled_robot/share/two_wheeled_robot/models/big_box2/materials/textures/Kraft_Tile.jpg\n'}
[0.465412] (two_wheeled_robot) StdoutLine: {'line': b'-- Up-to-date: /home/greyflon/lab_2025/install/two_wheeled_robot/share/two_wheeled_robot/models/big_box2/materials/textures/side2.png\n'}
[0.465478] (two_wheeled_robot) StdoutLine: {'line': b'-- Up-to-date: /home/greyflon/lab_2025/install/two_wheeled_robot/share/two_wheeled_robot/models/big_box2/materials/textures/side1.pdn\n'}
[0.465734] (two_wheeled_robot) StdoutLine: {'line': b'-- Up-to-date: /home/greyflon/lab_2025/install/two_wheeled_robot/share/two_wheeled_robot/models/big_box2/materials/textures/front.png\n'}
[0.465813] (two_wheeled_robot) StdoutLine: {'line': b'-- Up-to-date: /home/greyflon/lab_2025/install/two_wheeled_robot/share/two_wheeled_robot/models/big_box2/materials/textures/front.pdn\n'}
[0.465880] (two_wheeled_robot) StdoutLine: {'line': b'-- Up-to-date: /home/greyflon/lab_2025/install/two_wheeled_robot/share/two_wheeled_robot/models/big_box2/materials/textures/side2.pdn\n'}
[0.465948] (two_wheeled_robot) StdoutLine: {'line': b'-- Up-to-date: /home/greyflon/lab_2025/install/two_wheeled_robot/share/two_wheeled_robot/models/big_box2/materials/textures/side1.png\n'}
[0.466013] (two_wheeled_robot) StdoutLine: {'line': b'-- Up-to-date: /home/greyflon/lab_2025/install/two_wheeled_robot/share/two_wheeled_robot/models/big_box2/model.sdf\n'}
[0.466082] (two_wheeled_robot) StdoutLine: {'line': b'-- Up-to-date: /home/greyflon/lab_2025/install/two_wheeled_robot/share/two_wheeled_robot/models/aws_robomaker_residential_Tableware_01\n'}
[0.466156] (two_wheeled_robot) StdoutLine: {'line': b'-- Up-to-date: /home/greyflon/lab_2025/install/two_wheeled_robot/share/two_wheeled_robot/models/aws_robomaker_residential_Tableware_01/model.config\n'}
[0.466224] (two_wheeled_robot) StdoutLine: {'line': b'-- Up-to-date: /home/greyflon/lab_2025/install/two_wheeled_robot/share/two_wheeled_robot/models/aws_robomaker_residential_Tableware_01/meshes\n'}
[0.466291] (two_wheeled_robot) StdoutLine: {'line': b'-- Up-to-date: /home/greyflon/lab_2025/install/two_wheeled_robot/share/two_wheeled_robot/models/aws_robomaker_residential_Tableware_01/meshes/aws_Tableware_01_visual.DAE\n'}
[0.466358] (two_wheeled_robot) StdoutLine: {'line': b'-- Up-to-date: /home/greyflon/lab_2025/install/two_wheeled_robot/share/two_wheeled_robot/models/aws_robomaker_residential_Tableware_01/meshes/aws_Tableware_01_collision.DAE\n'}
[0.466425] (two_wheeled_robot) StdoutLine: {'line': b'-- Up-to-date: /home/greyflon/lab_2025/install/two_wheeled_robot/share/two_wheeled_robot/models/aws_robomaker_residential_Tableware_01/materials\n'}
[0.466490] (two_wheeled_robot) StdoutLine: {'line': b'-- Up-to-date: /home/greyflon/lab_2025/install/two_wheeled_robot/share/two_wheeled_robot/models/aws_robomaker_residential_Tableware_01/materials/textures\n'}
[0.466569] (two_wheeled_robot) StdoutLine: {'line': b'-- Up-to-date: /home/greyflon/lab_2025/install/two_wheeled_robot/share/two_wheeled_robot/models/aws_robomaker_residential_Tableware_01/materials/textures/aws_Tableware_01.png\n'}
[0.466644] (two_wheeled_robot) StdoutLine: {'line': b'-- Up-to-date: /home/greyflon/lab_2025/install/two_wheeled_robot/share/two_wheeled_robot/models/aws_robomaker_residential_Tableware_01/model.sdf\n'}
[0.466710] (two_wheeled_robot) StdoutLine: {'line': b'-- Up-to-date: /home/greyflon/lab_2025/install/two_wheeled_robot/share/two_wheeled_robot/models/aws_robomaker_residential_DeskPortraitD_01\n'}
[0.466776] (two_wheeled_robot) StdoutLine: {'line': b'-- Up-to-date: /home/greyflon/lab_2025/install/two_wheeled_robot/share/two_wheeled_robot/models/aws_robomaker_residential_DeskPortraitD_01/model.config\n'}
[0.466977] (two_wheeled_robot) StdoutLine: {'line': b'-- Up-to-date: /home/greyflon/lab_2025/install/two_wheeled_robot/share/two_wheeled_robot/models/aws_robomaker_residential_DeskPortraitD_01/meshes\n'}
[0.467047] (two_wheeled_robot) StdoutLine: {'line': b'-- Up-to-date: /home/greyflon/lab_2025/install/two_wheeled_robot/share/two_wheeled_robot/models/aws_robomaker_residential_DeskPortraitD_01/meshes/aws_DeskPortraitD_01_visual.DAE\n'}
[0.467116] (two_wheeled_robot) StdoutLine: {'line': b'-- Up-to-date: /home/greyflon/lab_2025/install/two_wheeled_robot/share/two_wheeled_robot/models/aws_robomaker_residential_DeskPortraitD_01/meshes/aws_DeskPortraitD_01_collision.DAE\n'}
[0.467182] (two_wheeled_robot) StdoutLine: {'line': b'-- Up-to-date: /home/greyflon/lab_2025/install/two_wheeled_robot/share/two_wheeled_robot/models/aws_robomaker_residential_DeskPortraitD_01/materials\n'}
[0.467249] (two_wheeled_robot) StdoutLine: {'line': b'-- Up-to-date: /home/greyflon/lab_2025/install/two_wheeled_robot/share/two_wheeled_robot/models/aws_robomaker_residential_DeskPortraitD_01/materials/textures\n'}
[0.467316] (two_wheeled_robot) StdoutLine: {'line': b'-- Up-to-date: /home/greyflon/lab_2025/install/two_wheeled_robot/share/two_wheeled_robot/models/aws_robomaker_residential_DeskPortraitD_01/materials/textures/aws_DeskPortraitD_02.png\n'}
[0.467382] (two_wheeled_robot) StdoutLine: {'line': b'-- Up-to-date: /home/greyflon/lab_2025/install/two_wheeled_robot/share/two_wheeled_robot/models/aws_robomaker_residential_DeskPortraitD_01/materials/textures/aws_DeskPortraitD_01.png\n'}
[0.467448] (two_wheeled_robot) StdoutLine: {'line': b'-- Up-to-date: /home/greyflon/lab_2025/install/two_wheeled_robot/share/two_wheeled_robot/models/aws_robomaker_residential_DeskPortraitD_01/materials/textures/DeskPortraitD_01.jpg\n'}
[0.467514] (two_wheeled_robot) StdoutLine: {'line': b'-- Up-to-date: /home/greyflon/lab_2025/install/two_wheeled_robot/share/two_wheeled_robot/models/aws_robomaker_residential_DeskPortraitD_01/model.sdf\n'}
[0.467741] (two_wheeled_robot) StdoutLine: {'line': b'-- Up-to-date: /home/greyflon/lab_2025/install/two_wheeled_robot/share/two_wheeled_robot/models/BedTable\n'}
[0.467818] (two_wheeled_robot) StdoutLine: {'line': b'-- Up-to-date: /home/greyflon/lab_2025/install/two_wheeled_robot/share/two_wheeled_robot/models/BedTable/model.config\n'}
[0.467884] (two_wheeled_robot) StdoutLine: {'line': b'-- Up-to-date: /home/greyflon/lab_2025/install/two_wheeled_robot/share/two_wheeled_robot/models/BedTable/meshes\n'}
[0.467948] (two_wheeled_robot) StdoutLine: {'line': b'-- Up-to-date: /home/greyflon/lab_2025/install/two_wheeled_robot/share/two_wheeled_robot/models/BedTable/meshes/BedTable.obj\n'}
[0.468014] (two_wheeled_robot) StdoutLine: {'line': b'-- Up-to-date: /home/greyflon/lab_2025/install/two_wheeled_robot/share/two_wheeled_robot/models/BedTable/meshes/BedTable.mtl\n'}
[0.468079] (two_wheeled_robot) StdoutLine: {'line': b'-- Up-to-date: /home/greyflon/lab_2025/install/two_wheeled_robot/share/two_wheeled_robot/models/BedTable/meshes/BedTable_Diffuse.png\n'}
[0.468146] (two_wheeled_robot) StdoutLine: {'line': b'-- Up-to-date: /home/greyflon/lab_2025/install/two_wheeled_robot/share/two_wheeled_robot/models/BedTable/meshes/BedTable_SpecGloss.png\n'}
[0.468213] (two_wheeled_robot) StdoutLine: {'line': b'-- Up-to-date: /home/greyflon/lab_2025/install/two_wheeled_robot/share/two_wheeled_robot/models/BedTable/meshes/BedTable_Col.obj\n'}
[0.468279] (two_wheeled_robot) StdoutLine: {'line': b'-- Up-to-date: /home/greyflon/lab_2025/install/two_wheeled_robot/share/two_wheeled_robot/models/BedTable/meshes/BedTable.png\n'}
[0.468346] (two_wheeled_robot) StdoutLine: {'line': b'-- Up-to-date: /home/greyflon/lab_2025/install/two_wheeled_robot/share/two_wheeled_robot/models/BedTable/meshes/BedTable_Col.mtl\n'}
[0.468414] (two_wheeled_robot) StdoutLine: {'line': b'-- Up-to-date: /home/greyflon/lab_2025/install/two_wheeled_robot/share/two_wheeled_robot/models/BedTable/meshes/BedTable_Normal.png\n'}
[0.468480] (two_wheeled_robot) StdoutLine: {'line': b'-- Up-to-date: /home/greyflon/lab_2025/install/two_wheeled_robot/share/two_wheeled_robot/models/BedTable/thumbnails\n'}
[0.468562] (two_wheeled_robot) StdoutLine: {'line': b'-- Up-to-date: /home/greyflon/lab_2025/install/two_wheeled_robot/share/two_wheeled_robot/models/BedTable/thumbnails/5.png\n'}
[0.468875] (two_wheeled_robot) StdoutLine: {'line': b'-- Up-to-date: /home/greyflon/lab_2025/install/two_wheeled_robot/share/two_wheeled_robot/models/BedTable/thumbnails/1.png\n'}
[0.468944] (two_wheeled_robot) StdoutLine: {'line': b'-- Up-to-date: /home/greyflon/lab_2025/install/two_wheeled_robot/share/two_wheeled_robot/models/BedTable/thumbnails/2.png\n'}
[0.469011] (two_wheeled_robot) StdoutLine: {'line': b'-- Up-to-date: /home/greyflon/lab_2025/install/two_wheeled_robot/share/two_wheeled_robot/models/BedTable/thumbnails/4.png\n'}
[0.469078] (two_wheeled_robot) StdoutLine: {'line': b'-- Up-to-date: /home/greyflon/lab_2025/install/two_wheeled_robot/share/two_wheeled_robot/models/BedTable/thumbnails/3.png\n'}
[0.469147] (two_wheeled_robot) StdoutLine: {'line': b'-- Up-to-date: /home/greyflon/lab_2025/install/two_wheeled_robot/share/two_wheeled_robot/models/BedTable/model.sdf\n'}
[0.469214] (two_wheeled_robot) StdoutLine: {'line': b'-- Up-to-date: /home/greyflon/lab_2025/install/two_wheeled_robot/share/two_wheeled_robot/models/big_box3\n'}
[0.469281] (two_wheeled_robot) StdoutLine: {'line': b'-- Up-to-date: /home/greyflon/lab_2025/install/two_wheeled_robot/share/two_wheeled_robot/models/big_box3/model.config\n'}
[0.469347] (two_wheeled_robot) StdoutLine: {'line': b'-- Up-to-date: /home/greyflon/lab_2025/install/two_wheeled_robot/share/two_wheeled_robot/models/big_box3/meshes\n'}
[0.469572] (two_wheeled_robot) StdoutLine: {'line': b'-- Up-to-date: /home/greyflon/lab_2025/install/two_wheeled_robot/share/two_wheeled_robot/models/big_box3/meshes/big_box.dae\n'}
[0.469648] (two_wheeled_robot) StdoutLine: {'line': b'-- Up-to-date: /home/greyflon/lab_2025/install/two_wheeled_robot/share/two_wheeled_robot/models/big_box3/materials\n'}
[0.469722] (two_wheeled_robot) StdoutLine: {'line': b'-- Up-to-date: /home/greyflon/lab_2025/install/two_wheeled_robot/share/two_wheeled_robot/models/big_box3/materials/textures\n'}
[0.469791] (two_wheeled_robot) StdoutLine: {'line': b'-- Up-to-date: /home/greyflon/lab_2025/install/two_wheeled_robot/share/two_wheeled_robot/models/big_box3/materials/textures/barcode.png\n'}
[0.469859] (two_wheeled_robot) StdoutLine: {'line': b'-- Up-to-date: /home/greyflon/lab_2025/install/two_wheeled_robot/share/two_wheeled_robot/models/big_box3/materials/textures/Kraft_Tile.jpg\n'}
[0.469926] (two_wheeled_robot) StdoutLine: {'line': b'-- Up-to-date: /home/greyflon/lab_2025/install/two_wheeled_robot/share/two_wheeled_robot/models/big_box3/materials/textures/side2.png\n'}
[0.469994] (two_wheeled_robot) StdoutLine: {'line': b'-- Up-to-date: /home/greyflon/lab_2025/install/two_wheeled_robot/share/two_wheeled_robot/models/big_box3/materials/textures/side1.pdn\n'}
[0.470062] (two_wheeled_robot) StdoutLine: {'line': b'-- Up-to-date: /home/greyflon/lab_2025/install/two_wheeled_robot/share/two_wheeled_robot/models/big_box3/materials/textures/front.png\n'}
[0.470128] (two_wheeled_robot) StdoutLine: {'line': b'-- Up-to-date: /home/greyflon/lab_2025/install/two_wheeled_robot/share/two_wheeled_robot/models/big_box3/materials/textures/front.pdn\n'}
[0.470195] (two_wheeled_robot) StdoutLine: {'line': b'-- Up-to-date: /home/greyflon/lab_2025/install/two_wheeled_robot/share/two_wheeled_robot/models/big_box3/materials/textures/side2.pdn\n'}
[0.470271] (two_wheeled_robot) StdoutLine: {'line': b'-- Up-to-date: /home/greyflon/lab_2025/install/two_wheeled_robot/share/two_wheeled_robot/models/big_box3/materials/textures/side1.png\n'}
[0.470337] (two_wheeled_robot) StdoutLine: {'line': b'-- Up-to-date: /home/greyflon/lab_2025/install/two_wheeled_robot/share/two_wheeled_robot/models/big_box3/model.sdf\n'}
[0.470402] (two_wheeled_robot) StdoutLine: {'line': b'-- Up-to-date: /home/greyflon/lab_2025/install/two_wheeled_robot/share/two_wheeled_robot/models/aws_robomaker_residential_FoldingDoor_02\n'}
[0.470468] (two_wheeled_robot) StdoutLine: {'line': b'-- Up-to-date: /home/greyflon/lab_2025/install/two_wheeled_robot/share/two_wheeled_robot/models/aws_robomaker_residential_FoldingDoor_02/model.config\n'}
[0.470535] (two_wheeled_robot) StdoutLine: {'line': b'-- Up-to-date: /home/greyflon/lab_2025/install/two_wheeled_robot/share/two_wheeled_robot/models/aws_robomaker_residential_FoldingDoor_02/meshes\n'}
[0.470756] (two_wheeled_robot) StdoutLine: {'line': b'-- Up-to-date: /home/greyflon/lab_2025/install/two_wheeled_robot/share/two_wheeled_robot/models/aws_robomaker_residential_FoldingDoor_02/meshes/aws_FoldingDoor_02_collision.DAE\n'}
[0.470826] (two_wheeled_robot) StdoutLine: {'line': b'-- Up-to-date: /home/greyflon/lab_2025/install/two_wheeled_robot/share/two_wheeled_robot/models/aws_robomaker_residential_FoldingDoor_02/meshes/aws_FoldingDoor_02_visual.DAE\n'}
[0.470893] (two_wheeled_robot) StdoutLine: {'line': b'-- Up-to-date: /home/greyflon/lab_2025/install/two_wheeled_robot/share/two_wheeled_robot/models/aws_robomaker_residential_FoldingDoor_02/materials\n'}
[0.470961] (two_wheeled_robot) StdoutLine: {'line': b'-- Up-to-date: /home/greyflon/lab_2025/install/two_wheeled_robot/share/two_wheeled_robot/models/aws_robomaker_residential_FoldingDoor_02/materials/textures\n'}
[0.471028] (two_wheeled_robot) StdoutLine: {'line': b'-- Up-to-date: /home/greyflon/lab_2025/install/two_wheeled_robot/share/two_wheeled_robot/models/aws_robomaker_residential_FoldingDoor_02/materials/textures/aws_FoldingDoor_02.png\n'}
[0.471095] (two_wheeled_robot) StdoutLine: {'line': b'-- Up-to-date: /home/greyflon/lab_2025/install/two_wheeled_robot/share/two_wheeled_robot/models/aws_robomaker_residential_FoldingDoor_02/model.sdf\n'}
[0.471162] (two_wheeled_robot) StdoutLine: {'line': b'-- Up-to-date: /home/greyflon/lab_2025/install/two_wheeled_robot/share/two_wheeled_robot/models/playground\n'}
[0.471233] (two_wheeled_robot) StdoutLine: {'line': b'-- Up-to-date: /home/greyflon/lab_2025/install/two_wheeled_robot/share/two_wheeled_robot/models/playground/model.config\n'}
[0.471300] (two_wheeled_robot) StdoutLine: {'line': b'-- Up-to-date: /home/greyflon/lab_2025/install/two_wheeled_robot/share/two_wheeled_robot/models/playground/meshes\n'}
[0.471365] (two_wheeled_robot) StdoutLine: {'line': b'-- Up-to-date: /home/greyflon/lab_2025/install/two_wheeled_robot/share/two_wheeled_robot/models/playground/meshes/playground.dae\n'}
[0.471431] (two_wheeled_robot) StdoutLine: {'line': b'-- Up-to-date: /home/greyflon/lab_2025/install/two_wheeled_robot/share/two_wheeled_robot/models/playground/materials\n'}
[0.471679] (two_wheeled_robot) StdoutLine: {'line': b'-- Up-to-date: /home/greyflon/lab_2025/install/two_wheeled_robot/share/two_wheeled_robot/models/playground/materials/textures\n'}
[0.471804] (two_wheeled_robot) StdoutLine: {'line': b'-- Up-to-date: /home/greyflon/lab_2025/install/two_wheeled_robot/share/two_wheeled_robot/models/playground/materials/textures/playground_spec.jpg\n'}
[0.471906] (two_wheeled_robot) StdoutLine: {'line': b'-- Up-to-date: /home/greyflon/lab_2025/install/two_wheeled_robot/share/two_wheeled_robot/models/playground/materials/textures/playground_diffuse.jpg\n'}
[0.471980] (two_wheeled_robot) StdoutLine: {'line': b'-- Up-to-date: /home/greyflon/lab_2025/install/two_wheeled_robot/share/two_wheeled_robot/models/playground/model.sdf\n'}
[0.472209] (two_wheeled_robot) StdoutLine: {'line': b'-- Up-to-date: /home/greyflon/lab_2025/install/two_wheeled_robot/share/two_wheeled_robot/models/aws_robomaker_warehouse_ClutteringD_01\n'}
[0.472284] (two_wheeled_robot) StdoutLine: {'line': b'-- Up-to-date: /home/greyflon/lab_2025/install/two_wheeled_robot/share/two_wheeled_robot/models/aws_robomaker_warehouse_ClutteringD_01/model.config\n'}
[0.472361] (two_wheeled_robot) StdoutLine: {'line': b'-- Up-to-date: /home/greyflon/lab_2025/install/two_wheeled_robot/share/two_wheeled_robot/models/aws_robomaker_warehouse_ClutteringD_01/meshes\n'}
[0.472435] (two_wheeled_robot) StdoutLine: {'line': b'-- Up-to-date: /home/greyflon/lab_2025/install/two_wheeled_robot/share/two_wheeled_robot/models/aws_robomaker_warehouse_ClutteringD_01/meshes/aws_robomaker_warehouse_ClutteringD_01_visual.DAE\n'}
[0.472507] (two_wheeled_robot) StdoutLine: {'line': b'-- Up-to-date: /home/greyflon/lab_2025/install/two_wheeled_robot/share/two_wheeled_robot/models/aws_robomaker_warehouse_ClutteringD_01/meshes/aws_robomaker_warehouse_ClutteringD_01_collision.DAE\n'}
[0.472610] (two_wheeled_robot) StdoutLine: {'line': b'-- Up-to-date: /home/greyflon/lab_2025/install/two_wheeled_robot/share/two_wheeled_robot/models/aws_robomaker_warehouse_ClutteringD_01/materials\n'}
[0.472690] (two_wheeled_robot) StdoutLine: {'line': b'-- Up-to-date: /home/greyflon/lab_2025/install/two_wheeled_robot/share/two_wheeled_robot/models/aws_robomaker_warehouse_ClutteringD_01/materials/textures\n'}
[0.472769] (two_wheeled_robot) StdoutLine: {'line': b'-- Up-to-date: /home/greyflon/lab_2025/install/two_wheeled_robot/share/two_wheeled_robot/models/aws_robomaker_warehouse_ClutteringD_01/materials/textures/aws_robomaker_warehouse_ClutteringD_02.png\n'}
[0.472845] (two_wheeled_robot) StdoutLine: {'line': b'-- Up-to-date: /home/greyflon/lab_2025/install/two_wheeled_robot/share/two_wheeled_robot/models/aws_robomaker_warehouse_ClutteringD_01/materials/textures/aws_robomaker_warehouse_ClutteringD_01.png\n'}
[0.472919] (two_wheeled_robot) StdoutLine: {'line': b'-- Up-to-date: /home/greyflon/lab_2025/install/two_wheeled_robot/share/two_wheeled_robot/models/aws_robomaker_warehouse_ClutteringD_01/model.sdf\n'}
[0.472996] (two_wheeled_robot) StdoutLine: {'line': b'-- Up-to-date: /home/greyflon/lab_2025/install/two_wheeled_robot/share/two_wheeled_robot/models/MetalCabinet\n'}
[0.473068] (two_wheeled_robot) StdoutLine: {'line': b'-- Up-to-date: /home/greyflon/lab_2025/install/two_wheeled_robot/share/two_wheeled_robot/models/MetalCabinet/model.config\n'}
[0.473148] (two_wheeled_robot) StdoutLine: {'line': b'-- Up-to-date: /home/greyflon/lab_2025/install/two_wheeled_robot/share/two_wheeled_robot/models/MetalCabinet/meshes\n'}
[0.473222] (two_wheeled_robot) StdoutLine: {'line': b'-- Up-to-date: /home/greyflon/lab_2025/install/two_wheeled_robot/share/two_wheeled_robot/models/MetalCabinet/meshes/MetalCabinet.png\n'}
[0.473296] (two_wheeled_robot) StdoutLine: {'line': b'-- Up-to-date: /home/greyflon/lab_2025/install/two_wheeled_robot/share/two_wheeled_robot/models/MetalCabinet/meshes/MetalCabinet.mtl\n'}
[0.473370] (two_wheeled_robot) StdoutLine: {'line': b'-- Up-to-date: /home/greyflon/lab_2025/install/two_wheeled_robot/share/two_wheeled_robot/models/MetalCabinet/meshes/MetalCabinet.obj\n'}
[0.473444] (two_wheeled_robot) StdoutLine: {'line': b'-- Up-to-date: /home/greyflon/lab_2025/install/two_wheeled_robot/share/two_wheeled_robot/models/MetalCabinet/thumbnails\n'}
[0.473519] (two_wheeled_robot) StdoutLine: {'line': b'-- Up-to-date: /home/greyflon/lab_2025/install/two_wheeled_robot/share/two_wheeled_robot/models/MetalCabinet/thumbnails/5.png\n'}
[0.473757] (two_wheeled_robot) StdoutLine: {'line': b'-- Up-to-date: /home/greyflon/lab_2025/install/two_wheeled_robot/share/two_wheeled_robot/models/MetalCabinet/thumbnails/1.png\n'}
[0.473836] (two_wheeled_robot) StdoutLine: {'line': b'-- Up-to-date: /home/greyflon/lab_2025/install/two_wheeled_robot/share/two_wheeled_robot/models/MetalCabinet/thumbnails/2.png\n'}
[0.473914] (two_wheeled_robot) StdoutLine: {'line': b'-- Up-to-date: /home/greyflon/lab_2025/install/two_wheeled_robot/share/two_wheeled_robot/models/MetalCabinet/thumbnails/4.png\n'}
[0.473990] (two_wheeled_robot) StdoutLine: {'line': b'-- Up-to-date: /home/greyflon/lab_2025/install/two_wheeled_robot/share/two_wheeled_robot/models/MetalCabinet/thumbnails/3.png\n'}
[0.474064] (two_wheeled_robot) StdoutLine: {'line': b'-- Up-to-date: /home/greyflon/lab_2025/install/two_wheeled_robot/share/two_wheeled_robot/models/MetalCabinet/model.sdf\n'}
[0.474141] (two_wheeled_robot) StdoutLine: {'line': b'-- Up-to-date: /home/greyflon/lab_2025/install/two_wheeled_robot/share/two_wheeled_robot/models/CGMClassic\n'}
[0.474215] (two_wheeled_robot) StdoutLine: {'line': b'-- Up-to-date: /home/greyflon/lab_2025/install/two_wheeled_robot/share/two_wheeled_robot/models/CGMClassic/model.config\n'}
[0.474291] (two_wheeled_robot) StdoutLine: {'line': b'-- Up-to-date: /home/greyflon/lab_2025/install/two_wheeled_robot/share/two_wheeled_robot/models/CGMClassic/meshes\n'}
[0.474364] (two_wheeled_robot) StdoutLine: {'line': b'-- Up-to-date: /home/greyflon/lab_2025/install/two_wheeled_robot/share/two_wheeled_robot/models/CGMClassic/meshes/Carts_Wheels_Diffuse.png\n'}
[0.474438] (two_wheeled_robot) StdoutLine: {'line': b'-- Up-to-date: /home/greyflon/lab_2025/install/two_wheeled_robot/share/two_wheeled_robot/models/CGMClassic/meshes/CGMClassic.mtl\n'}
[0.474511] (two_wheeled_robot) StdoutLine: {'line': b'-- Up-to-date: /home/greyflon/lab_2025/install/two_wheeled_robot/share/two_wheeled_robot/models/CGMClassic/meshes/CGMClassic_Diffuse.png\n'}
[0.474833] (two_wheeled_robot) StdoutLine: {'line': b'-- Up-to-date: /home/greyflon/lab_2025/install/two_wheeled_robot/share/two_wheeled_robot/models/CGMClassic/meshes/Wheels_Normal_Normal_Bump.tga\n'}
[0.474935] (two_wheeled_robot) StdoutLine: {'line': b'-- Up-to-date: /home/greyflon/lab_2025/install/two_wheeled_robot/share/two_wheeled_robot/models/CGMClassic/meshes/CGMClassic.obj\n'}
[0.475319] (two_wheeled_robot) StdoutLine: {'line': b'-- Up-to-date: /home/greyflon/lab_2025/install/two_wheeled_robot/share/two_wheeled_robot/models/CGMClassic/thumbnails\n'}
[0.475398] (two_wheeled_robot) StdoutLine: {'line': b'-- Up-to-date: /home/greyflon/lab_2025/install/two_wheeled_robot/share/two_wheeled_robot/models/CGMClassic/thumbnails/5.png\n'}
[0.475473] (two_wheeled_robot) StdoutLine: {'line': b'-- Up-to-date: /home/greyflon/lab_2025/install/two_wheeled_robot/share/two_wheeled_robot/models/CGMClassic/thumbnails/1.png\n'}
[0.475566] (two_wheeled_robot) StdoutLine: {'line': b'-- Up-to-date: /home/greyflon/lab_2025/install/two_wheeled_robot/share/two_wheeled_robot/models/CGMClassic/thumbnails/2.png\n'}
[0.475749] (two_wheeled_robot) StdoutLine: {'line': b'-- Up-to-date: /home/greyflon/lab_2025/install/two_wheeled_robot/share/two_wheeled_robot/models/CGMClassic/thumbnails/4.png\n'}
[0.475830] (two_wheeled_robot) StdoutLine: {'line': b'-- Up-to-date: /home/greyflon/lab_2025/install/two_wheeled_robot/share/two_wheeled_robot/models/CGMClassic/thumbnails/3.png\n'}
[0.475904] (two_wheeled_robot) StdoutLine: {'line': b'-- Up-to-date: /home/greyflon/lab_2025/install/two_wheeled_robot/share/two_wheeled_robot/models/CGMClassic/model.sdf\n'}
[0.475978] (two_wheeled_robot) StdoutLine: {'line': b'-- Up-to-date: /home/greyflon/lab_2025/install/two_wheeled_robot/share/two_wheeled_robot/models/aws_robomaker_hospital_curtain_half_open_01\n'}
[0.476051] (two_wheeled_robot) StdoutLine: {'line': b'-- Up-to-date: /home/greyflon/lab_2025/install/two_wheeled_robot/share/two_wheeled_robot/models/aws_robomaker_hospital_curtain_half_open_01/model.config\n'}
[0.476127] (two_wheeled_robot) StdoutLine: {'line': b'-- Up-to-date: /home/greyflon/lab_2025/install/two_wheeled_robot/share/two_wheeled_robot/models/aws_robomaker_hospital_curtain_half_open_01/meshes\n'}
[0.476202] (two_wheeled_robot) StdoutLine: {'line': b'-- Up-to-date: /home/greyflon/lab_2025/install/two_wheeled_robot/share/two_wheeled_robot/models/aws_robomaker_hospital_curtain_half_open_01/meshes/aws_robomaker_hospital_curtainrail_01_visual.png\n'}
[0.476275] (two_wheeled_robot) StdoutLine: {'line': b'-- Up-to-date: /home/greyflon/lab_2025/install/two_wheeled_robot/share/two_wheeled_robot/models/aws_robomaker_hospital_curtain_half_open_01/meshes/aws_robomaker_hospital_curtain_half_open_01_visual.png\n'}
[0.476351] (two_wheeled_robot) StdoutLine: {'line': b'-- Up-to-date: /home/greyflon/lab_2025/install/two_wheeled_robot/share/two_wheeled_robot/models/aws_robomaker_hospital_curtain_half_open_01/meshes/aws_robomaker_hospital_curtain_half_open_01_low.png\n'}
[0.476426] (two_wheeled_robot) StdoutLine: {'line': b'-- Up-to-date: /home/greyflon/lab_2025/install/two_wheeled_robot/share/two_wheeled_robot/models/aws_robomaker_hospital_curtain_half_open_01/meshes/aws_robomaker_hospital_curtainrail_01_visual_normal.png\n'}
[0.476498] (two_wheeled_robot) StdoutLine: {'line': b'-- Up-to-date: /home/greyflon/lab_2025/install/two_wheeled_robot/share/two_wheeled_robot/models/aws_robomaker_hospital_curtain_half_open_01/meshes/aws_robomaker_hospital_curtain_half_open_01_low_normal.png\n'}
[0.476593] (two_wheeled_robot) StdoutLine: {'line': b'-- Up-to-date: /home/greyflon/lab_2025/install/two_wheeled_robot/share/two_wheeled_robot/models/aws_robomaker_hospital_curtain_half_open_01/meshes/aws_robomaker_hospital_curtain_half_open_01_collision.dae\n'}
[0.476719] (two_wheeled_robot) StdoutLine: {'line': b'-- Up-to-date: /home/greyflon/lab_2025/install/two_wheeled_robot/share/two_wheeled_robot/models/aws_robomaker_hospital_curtain_half_open_01/meshes/aws_robomaker_hospital_curtain_half_open_01_visual_normal.png\n'}
[0.476797] (two_wheeled_robot) StdoutLine: {'line': b'-- Up-to-date: /home/greyflon/lab_2025/install/two_wheeled_robot/share/two_wheeled_robot/models/aws_robomaker_hospital_curtain_half_open_01/meshes/aws_robomaker_hospital_curtainrail_01_low.png\n'}
[0.476879] (two_wheeled_robot) StdoutLine: {'line': b'-- Up-to-date: /home/greyflon/lab_2025/install/two_wheeled_robot/share/two_wheeled_robot/models/aws_robomaker_hospital_curtain_half_open_01/meshes/aws_robomaker_hospital_curtainrail_01_low_normal.png\n'}
[0.476972] (two_wheeled_robot) StdoutLine: {'line': b'-- Up-to-date: /home/greyflon/lab_2025/install/two_wheeled_robot/share/two_wheeled_robot/models/aws_robomaker_hospital_curtain_half_open_01/meshes/aws_robomaker_hospital_curtain_half_open_01_visual.dae\n'}
[0.477050] (two_wheeled_robot) StdoutLine: {'line': b'-- Up-to-date: /home/greyflon/lab_2025/install/two_wheeled_robot/share/two_wheeled_robot/models/aws_robomaker_hospital_curtain_half_open_01/model.sdf\n'}
[0.477134] (two_wheeled_robot) StdoutLine: {'line': b'-- Up-to-date: /home/greyflon/lab_2025/install/two_wheeled_robot/share/two_wheeled_robot/models/aws_robomaker_warehouse_Bucket_01\n'}
[0.477208] (two_wheeled_robot) StdoutLine: {'line': b'-- Up-to-date: /home/greyflon/lab_2025/install/two_wheeled_robot/share/two_wheeled_robot/models/aws_robomaker_warehouse_Bucket_01/model.config\n'}
[0.477283] (two_wheeled_robot) StdoutLine: {'line': b'-- Up-to-date: /home/greyflon/lab_2025/install/two_wheeled_robot/share/two_wheeled_robot/models/aws_robomaker_warehouse_Bucket_01/meshes\n'}
[0.477355] (two_wheeled_robot) StdoutLine: {'line': b'-- Up-to-date: /home/greyflon/lab_2025/install/two_wheeled_robot/share/two_wheeled_robot/models/aws_robomaker_warehouse_Bucket_01/meshes/aws_robomaker_warehouse_Bucket_01_collision.DAE\n'}
[0.477442] (two_wheeled_robot) StdoutLine: {'line': b'-- Up-to-date: /home/greyflon/lab_2025/install/two_wheeled_robot/share/two_wheeled_robot/models/aws_robomaker_warehouse_Bucket_01/meshes/aws_robomaker_warehouse_Bucket_01_visual.DAE\n'}
[0.477517] (two_wheeled_robot) StdoutLine: {'line': b'-- Up-to-date: /home/greyflon/lab_2025/install/two_wheeled_robot/share/two_wheeled_robot/models/aws_robomaker_warehouse_Bucket_01/materials\n'}
[0.477631] (two_wheeled_robot) StdoutLine: {'line': b'-- Up-to-date: /home/greyflon/lab_2025/install/two_wheeled_robot/share/two_wheeled_robot/models/aws_robomaker_warehouse_Bucket_01/materials/textures\n'}
[0.477715] (two_wheeled_robot) StdoutLine: {'line': b'-- Up-to-date: /home/greyflon/lab_2025/install/two_wheeled_robot/share/two_wheeled_robot/models/aws_robomaker_warehouse_Bucket_01/materials/textures/aws_robomaker_warehouse_Bucket_01.png\n'}
[0.477889] (two_wheeled_robot) StdoutLine: {'line': b'-- Up-to-date: /home/greyflon/lab_2025/install/two_wheeled_robot/share/two_wheeled_robot/models/aws_robomaker_warehouse_Bucket_01/model.sdf\n'}
[0.477967] (two_wheeled_robot) StdoutLine: {'line': b'-- Up-to-date: /home/greyflon/lab_2025/install/two_wheeled_robot/share/two_wheeled_robot/models/aws_robomaker_warehouse_ShelfF_01\n'}
[0.478038] (two_wheeled_robot) StdoutLine: {'line': b'-- Up-to-date: /home/greyflon/lab_2025/install/two_wheeled_robot/share/two_wheeled_robot/models/aws_robomaker_warehouse_ShelfF_01/model.config\n'}
[0.478111] (two_wheeled_robot) StdoutLine: {'line': b'-- Up-to-date: /home/greyflon/lab_2025/install/two_wheeled_robot/share/two_wheeled_robot/models/aws_robomaker_warehouse_ShelfF_01/meshes\n'}
[0.478185] (two_wheeled_robot) StdoutLine: {'line': b'-- Up-to-date: /home/greyflon/lab_2025/install/two_wheeled_robot/share/two_wheeled_robot/models/aws_robomaker_warehouse_ShelfF_01/meshes/aws_robomaker_warehouse_ShelfF_01_collision.DAE\n'}
[0.478258] (two_wheeled_robot) StdoutLine: {'line': b'-- Up-to-date: /home/greyflon/lab_2025/install/two_wheeled_robot/share/two_wheeled_robot/models/aws_robomaker_warehouse_ShelfF_01/meshes/aws_robomaker_warehouse_ShelfF_01_visual.DAE\n'}
[0.478515] (two_wheeled_robot) StdoutLine: {'line': b'-- Up-to-date: /home/greyflon/lab_2025/install/two_wheeled_robot/share/two_wheeled_robot/models/aws_robomaker_warehouse_ShelfF_01/materials\n'}
[0.478631] (two_wheeled_robot) StdoutLine: {'line': b'-- Up-to-date: /home/greyflon/lab_2025/install/two_wheeled_robot/share/two_wheeled_robot/models/aws_robomaker_warehouse_ShelfF_01/materials/textures\n'}
[0.478709] (two_wheeled_robot) StdoutLine: {'line': b'-- Up-to-date: /home/greyflon/lab_2025/install/two_wheeled_robot/share/two_wheeled_robot/models/aws_robomaker_warehouse_ShelfF_01/materials/textures/aws_robomaker_warehouse_ShelfF_01.png\n'}
[0.478780] (two_wheeled_robot) StdoutLine: {'line': b'-- Up-to-date: /home/greyflon/lab_2025/install/two_wheeled_robot/share/two_wheeled_robot/models/aws_robomaker_warehouse_ShelfF_01/materials/textures/aws_robomaker_warehouse_ShelfF_03.png\n'}
[0.478852] (two_wheeled_robot) StdoutLine: {'line': b'-- Up-to-date: /home/greyflon/lab_2025/install/two_wheeled_robot/share/two_wheeled_robot/models/aws_robomaker_warehouse_ShelfF_01/materials/textures/aws_robomaker_warehouse_ShelfF_02.png\n'}
[0.478933] (two_wheeled_robot) StdoutLine: {'line': b'-- Up-to-date: /home/greyflon/lab_2025/install/two_wheeled_robot/share/two_wheeled_robot/models/aws_robomaker_warehouse_ShelfF_01/model.sdf\n'}
[0.479006] (two_wheeled_robot) StdoutLine: {'line': b'-- Up-to-date: /home/greyflon/lab_2025/install/two_wheeled_robot/share/two_wheeled_robot/models/aws_robomaker_residential_NightStand_01\n'}
[0.479079] (two_wheeled_robot) StdoutLine: {'line': b'-- Up-to-date: /home/greyflon/lab_2025/install/two_wheeled_robot/share/two_wheeled_robot/models/aws_robomaker_residential_NightStand_01/model.config\n'}
[0.479151] (two_wheeled_robot) StdoutLine: {'line': b'-- Up-to-date: /home/greyflon/lab_2025/install/two_wheeled_robot/share/two_wheeled_robot/models/aws_robomaker_residential_NightStand_01/meshes\n'}
[0.479227] (two_wheeled_robot) StdoutLine: {'line': b'-- Up-to-date: /home/greyflon/lab_2025/install/two_wheeled_robot/share/two_wheeled_robot/models/aws_robomaker_residential_NightStand_01/meshes/aws_NightStand_01_collision.DAE\n'}
[0.479448] (two_wheeled_robot) StdoutLine: {'line': b'-- Up-to-date: /home/greyflon/lab_2025/install/two_wheeled_robot/share/two_wheeled_robot/models/aws_robomaker_residential_NightStand_01/meshes/aws_NightStand_01_visual.DAE\n'}
[0.479531] (two_wheeled_robot) StdoutLine: {'line': b'-- Up-to-date: /home/greyflon/lab_2025/install/two_wheeled_robot/share/two_wheeled_robot/models/aws_robomaker_residential_NightStand_01/materials\n'}
[0.479659] (two_wheeled_robot) StdoutLine: {'line': b'-- Up-to-date: /home/greyflon/lab_2025/install/two_wheeled_robot/share/two_wheeled_robot/models/aws_robomaker_residential_NightStand_01/materials/textures\n'}
[0.479742] (two_wheeled_robot) StdoutLine: {'line': b'-- Up-to-date: /home/greyflon/lab_2025/install/two_wheeled_robot/share/two_wheeled_robot/models/aws_robomaker_residential_NightStand_01/materials/textures/aws_NightStand_01.png\n'}
[0.479841] (two_wheeled_robot) StdoutLine: {'line': b'-- Up-to-date: /home/greyflon/lab_2025/install/two_wheeled_robot/share/two_wheeled_robot/models/aws_robomaker_residential_NightStand_01/model.sdf\n'}
[0.480005] (two_wheeled_robot) StdoutLine: {'line': b'-- Up-to-date: /home/greyflon/lab_2025/install/two_wheeled_robot/share/two_wheeled_robot/models/aws_robomaker_residential_DeskPortraitB_01\n'}
[0.480084] (two_wheeled_robot) StdoutLine: {'line': b'-- Up-to-date: /home/greyflon/lab_2025/install/two_wheeled_robot/share/two_wheeled_robot/models/aws_robomaker_residential_DeskPortraitB_01/model.config\n'}
[0.480163] (two_wheeled_robot) StdoutLine: {'line': b'-- Up-to-date: /home/greyflon/lab_2025/install/two_wheeled_robot/share/two_wheeled_robot/models/aws_robomaker_residential_DeskPortraitB_01/meshes\n'}
[0.480241] (two_wheeled_robot) StdoutLine: {'line': b'-- Up-to-date: /home/greyflon/lab_2025/install/two_wheeled_robot/share/two_wheeled_robot/models/aws_robomaker_residential_DeskPortraitB_01/meshes/aws_DeskPortraitB_01_visual.DAE\n'}
[0.480315] (two_wheeled_robot) StdoutLine: {'line': b'-- Up-to-date: /home/greyflon/lab_2025/install/two_wheeled_robot/share/two_wheeled_robot/models/aws_robomaker_residential_DeskPortraitB_01/meshes/aws_DeskPortraitB_01_collision.DAE\n'}
[0.480388] (two_wheeled_robot) StdoutLine: {'line': b'-- Up-to-date: /home/greyflon/lab_2025/install/two_wheeled_robot/share/two_wheeled_robot/models/aws_robomaker_residential_DeskPortraitB_01/materials\n'}
[0.480462] (two_wheeled_robot) StdoutLine: {'line': b'-- Up-to-date: /home/greyflon/lab_2025/install/two_wheeled_robot/share/two_wheeled_robot/models/aws_robomaker_residential_DeskPortraitB_01/materials/textures\n'}
[0.480534] (two_wheeled_robot) StdoutLine: {'line': b'-- Up-to-date: /home/greyflon/lab_2025/install/two_wheeled_robot/share/two_wheeled_robot/models/aws_robomaker_residential_DeskPortraitB_01/materials/textures/aws_DeskPortraitB_02.png\n'}
[0.480717] (two_wheeled_robot) StdoutLine: {'line': b'-- Up-to-date: /home/greyflon/lab_2025/install/two_wheeled_robot/share/two_wheeled_robot/models/aws_robomaker_residential_DeskPortraitB_01/materials/textures/DeskPortraitB_01.jpg\n'}
[0.480806] (two_wheeled_robot) StdoutLine: {'line': b'-- Up-to-date: /home/greyflon/lab_2025/install/two_wheeled_robot/share/two_wheeled_robot/models/aws_robomaker_residential_DeskPortraitB_01/materials/textures/aws_DeskPortraitB_01.png\n'}
[0.480881] (two_wheeled_robot) StdoutLine: {'line': b'-- Up-to-date: /home/greyflon/lab_2025/install/two_wheeled_robot/share/two_wheeled_robot/models/aws_robomaker_residential_DeskPortraitB_01/model.sdf\n'}
[0.480955] (two_wheeled_robot) StdoutLine: {'line': b'-- Up-to-date: /home/greyflon/lab_2025/install/two_wheeled_robot/share/two_wheeled_robot/models/aws_robomaker_hospital_curtain_open_01\n'}
[0.481099] (two_wheeled_robot) StdoutLine: {'line': b'-- Up-to-date: /home/greyflon/lab_2025/install/two_wheeled_robot/share/two_wheeled_robot/models/aws_robomaker_hospital_curtain_open_01/model.config\n'}
[0.481176] (two_wheeled_robot) StdoutLine: {'line': b'-- Up-to-date: /home/greyflon/lab_2025/install/two_wheeled_robot/share/two_wheeled_robot/models/aws_robomaker_hospital_curtain_open_01/meshes\n'}
[0.481253] (two_wheeled_robot) StdoutLine: {'line': b'-- Up-to-date: /home/greyflon/lab_2025/install/two_wheeled_robot/share/two_wheeled_robot/models/aws_robomaker_hospital_curtain_open_01/meshes/aws_robomaker_hospital_curtainrail_01_visual.png\n'}
[0.481327] (two_wheeled_robot) StdoutLine: {'line': b'-- Up-to-date: /home/greyflon/lab_2025/install/two_wheeled_robot/share/two_wheeled_robot/models/aws_robomaker_hospital_curtain_open_01/meshes/aws_robomaker_hospital_curtain_open_01_low_normal.png\n'}
[0.481402] (two_wheeled_robot) StdoutLine: {'line': b'-- Up-to-date: /home/greyflon/lab_2025/install/two_wheeled_robot/share/two_wheeled_robot/models/aws_robomaker_hospital_curtain_open_01/meshes/aws_robomaker_hospital_curtainrail_01_visual_normal.png\n'}
[0.481475] (two_wheeled_robot) StdoutLine: {'line': b'-- Up-to-date: /home/greyflon/lab_2025/install/two_wheeled_robot/share/two_wheeled_robot/models/aws_robomaker_hospital_curtain_open_01/meshes/aws_robomaker_hospital_curtain_open_01_collision.dae\n'}
[0.481564] (two_wheeled_robot) StdoutLine: {'line': b'-- Up-to-date: /home/greyflon/lab_2025/install/two_wheeled_robot/share/two_wheeled_robot/models/aws_robomaker_hospital_curtain_open_01/meshes/aws_robomaker_hospital_curtain_open_01_low.png\n'}
[0.481730] (two_wheeled_robot) StdoutLine: {'line': b'-- Up-to-date: /home/greyflon/lab_2025/install/two_wheeled_robot/share/two_wheeled_robot/models/aws_robomaker_hospital_curtain_open_01/meshes/aws_robomaker_hospital_curtain_open_01_visual.png\n'}
[0.481809] (two_wheeled_robot) StdoutLine: {'line': b'-- Up-to-date: /home/greyflon/lab_2025/install/two_wheeled_robot/share/two_wheeled_robot/models/aws_robomaker_hospital_curtain_open_01/meshes/aws_robomaker_hospital_curtain_open_01_visual_normal.png\n'}
[0.481888] (two_wheeled_robot) StdoutLine: {'line': b'-- Up-to-date: /home/greyflon/lab_2025/install/two_wheeled_robot/share/two_wheeled_robot/models/aws_robomaker_hospital_curtain_open_01/meshes/aws_robomaker_hospital_curtainrail_01_low.png\n'}
[0.481963] (two_wheeled_robot) StdoutLine: {'line': b'-- Up-to-date: /home/greyflon/lab_2025/install/two_wheeled_robot/share/two_wheeled_robot/models/aws_robomaker_hospital_curtain_open_01/meshes/aws_robomaker_hospital_curtainrail_01_low_normal.png\n'}
[0.482038] (two_wheeled_robot) StdoutLine: {'line': b'-- Up-to-date: /home/greyflon/lab_2025/install/two_wheeled_robot/share/two_wheeled_robot/models/aws_robomaker_hospital_curtain_open_01/meshes/aws_robomaker_hospital_curtain_open_01_visual.dae\n'}
[0.482125] (two_wheeled_robot) StdoutLine: {'line': b'-- Up-to-date: /home/greyflon/lab_2025/install/two_wheeled_robot/share/two_wheeled_robot/models/aws_robomaker_hospital_curtain_open_01/model.sdf\n'}
[0.482207] (two_wheeled_robot) StdoutLine: {'line': b'-- Up-to-date: /home/greyflon/lab_2025/install/two_wheeled_robot/share/two_wheeled_robot/models/apartment\n'}
[0.482284] (two_wheeled_robot) StdoutLine: {'line': b'-- Up-to-date: /home/greyflon/lab_2025/install/two_wheeled_robot/share/two_wheeled_robot/models/apartment/model.config\n'}
[0.482367] (two_wheeled_robot) StdoutLine: {'line': b'-- Up-to-date: /home/greyflon/lab_2025/install/two_wheeled_robot/share/two_wheeled_robot/models/apartment/meshes\n'}
[0.482443] (two_wheeled_robot) StdoutLine: {'line': b'-- Up-to-date: /home/greyflon/lab_2025/install/two_wheeled_robot/share/two_wheeled_robot/models/apartment/meshes/apartment.dae\n'}
[0.482516] (two_wheeled_robot) StdoutLine: {'line': b'-- Up-to-date: /home/greyflon/lab_2025/install/two_wheeled_robot/share/two_wheeled_robot/models/apartment/materials\n'}
[0.482651] (two_wheeled_robot) StdoutLine: {'line': b'-- Up-to-date: /home/greyflon/lab_2025/install/two_wheeled_robot/share/two_wheeled_robot/models/apartment/materials/textures\n'}
[0.482735] (two_wheeled_robot) StdoutLine: {'line': b'-- Up-to-date: /home/greyflon/lab_2025/install/two_wheeled_robot/share/two_wheeled_robot/models/apartment/materials/textures/apartment_diffuse.jpg\n'}
[0.482810] (two_wheeled_robot) StdoutLine: {'line': b'-- Up-to-date: /home/greyflon/lab_2025/install/two_wheeled_robot/share/two_wheeled_robot/models/apartment/materials/textures/apartment_spec.jpg\n'}
[0.482886] (two_wheeled_robot) StdoutLine: {'line': b'-- Up-to-date: /home/greyflon/lab_2025/install/two_wheeled_robot/share/two_wheeled_robot/models/apartment/model.sdf\n'}
[0.482962] (two_wheeled_robot) StdoutLine: {'line': b'-- Up-to-date: /home/greyflon/lab_2025/install/two_wheeled_robot/share/two_wheeled_robot/models/table_marble\n'}
[0.483036] (two_wheeled_robot) StdoutLine: {'line': b'-- Up-to-date: /home/greyflon/lab_2025/install/two_wheeled_robot/share/two_wheeled_robot/models/table_marble/model-1_4.sdf\n'}
[0.483113] (two_wheeled_robot) StdoutLine: {'line': b'-- Up-to-date: /home/greyflon/lab_2025/install/two_wheeled_robot/share/two_wheeled_robot/models/table_marble/model.config\n'}
[0.483188] (two_wheeled_robot) StdoutLine: {'line': b'-- Up-to-date: /home/greyflon/lab_2025/install/two_wheeled_robot/share/two_wheeled_robot/models/table_marble/meshes\n'}
[0.483263] (two_wheeled_robot) StdoutLine: {'line': b'-- Up-to-date: /home/greyflon/lab_2025/install/two_wheeled_robot/share/two_wheeled_robot/models/table_marble/meshes/table_lightmap.dae\n'}
[0.483338] (two_wheeled_robot) StdoutLine: {'line': b'-- Up-to-date: /home/greyflon/lab_2025/install/two_wheeled_robot/share/two_wheeled_robot/models/table_marble/materials\n'}
[0.483413] (two_wheeled_robot) StdoutLine: {'line': b'-- Up-to-date: /home/greyflon/lab_2025/install/two_wheeled_robot/share/two_wheeled_robot/models/table_marble/materials/scripts\n'}
[0.483491] (two_wheeled_robot) StdoutLine: {'line': b'-- Up-to-date: /home/greyflon/lab_2025/install/two_wheeled_robot/share/two_wheeled_robot/models/table_marble/materials/scripts/table_lightmap.material\n'}
[0.483588] (two_wheeled_robot) StdoutLine: {'line': b'-- Up-to-date: /home/greyflon/lab_2025/install/two_wheeled_robot/share/two_wheeled_robot/models/table_marble/materials/textures\n'}
[0.483684] (two_wheeled_robot) StdoutLine: {'line': b'-- Up-to-date: /home/greyflon/lab_2025/install/two_wheeled_robot/share/two_wheeled_robot/models/table_marble/materials/textures/table_lightmap.png\n'}
[0.483759] (two_wheeled_robot) StdoutLine: {'line': b'-- Up-to-date: /home/greyflon/lab_2025/install/two_wheeled_robot/share/two_wheeled_robot/models/table_marble/materials/textures/marble.png\n'}
[0.483834] (two_wheeled_robot) StdoutLine: {'line': b'-- Up-to-date: /home/greyflon/lab_2025/install/two_wheeled_robot/share/two_wheeled_robot/models/table_marble/model.sdf\n'}
[0.483906] (two_wheeled_robot) StdoutLine: {'line': b'-- Up-to-date: /home/greyflon/lab_2025/install/two_wheeled_robot/share/two_wheeled_robot/models/cafe\n'}
[0.483981] (two_wheeled_robot) StdoutLine: {'line': b'-- Up-to-date: /home/greyflon/lab_2025/install/two_wheeled_robot/share/two_wheeled_robot/models/cafe/model.config\n'}
[0.484056] (two_wheeled_robot) StdoutLine: {'line': b'-- Up-to-date: /home/greyflon/lab_2025/install/two_wheeled_robot/share/two_wheeled_robot/models/cafe/meshes\n'}
[0.484128] (two_wheeled_robot) StdoutLine: {'line': b'-- Up-to-date: /home/greyflon/lab_2025/install/two_wheeled_robot/share/two_wheeled_robot/models/cafe/meshes/cafe.dae\n'}
[0.484211] (two_wheeled_robot) StdoutLine: {'line': b'-- Up-to-date: /home/greyflon/lab_2025/install/two_wheeled_robot/share/two_wheeled_robot/models/cafe/materials\n'}
[0.484287] (two_wheeled_robot) StdoutLine: {'line': b'-- Up-to-date: /home/greyflon/lab_2025/install/two_wheeled_robot/share/two_wheeled_robot/models/cafe/materials/textures\n'}
[0.484361] (two_wheeled_robot) StdoutLine: {'line': b'-- Up-to-date: /home/greyflon/lab_2025/install/two_wheeled_robot/share/two_wheeled_robot/models/cafe/materials/textures/__auto_28.jpg\n'}
[0.484436] (two_wheeled_robot) StdoutLine: {'line': b'-- Up-to-date: /home/greyflon/lab_2025/install/two_wheeled_robot/share/two_wheeled_robot/models/cafe/materials/textures/__auto_29.jpg\n'}
[0.484512] (two_wheeled_robot) StdoutLine: {'line': b'-- Up-to-date: /home/greyflon/lab_2025/install/two_wheeled_robot/share/two_wheeled_robot/models/cafe/materials/textures/__auto_21.jpg\n'}
[0.484631] (two_wheeled_robot) StdoutLine: {'line': b'-- Up-to-date: /home/greyflon/lab_2025/install/two_wheeled_robot/share/two_wheeled_robot/models/cafe/materials/textures/__auto_2.jpg\n'}
[0.484724] (two_wheeled_robot) StdoutLine: {'line': b'-- Up-to-date: /home/greyflon/lab_2025/install/two_wheeled_robot/share/two_wheeled_robot/models/cafe/materials/textures/__auto_24.jpg\n'}
[0.484802] (two_wheeled_robot) StdoutLine: {'line': b'-- Up-to-date: /home/greyflon/lab_2025/install/two_wheeled_robot/share/two_wheeled_robot/models/cafe/materials/textures/__auto_23.jpg\n'}
[0.484879] (two_wheeled_robot) StdoutLine: {'line': b'-- Up-to-date: /home/greyflon/lab_2025/install/two_wheeled_robot/share/two_wheeled_robot/models/cafe/materials/textures/__auto_30.jpg\n'}
[0.484957] (two_wheeled_robot) StdoutLine: {'line': b'-- Up-to-date: /home/greyflon/lab_2025/install/two_wheeled_robot/share/two_wheeled_robot/models/cafe/materials/textures/__auto_10.jpg\n'}
[0.485031] (two_wheeled_robot) StdoutLine: {'line': b'-- Up-to-date: /home/greyflon/lab_2025/install/two_wheeled_robot/share/two_wheeled_robot/models/cafe/materials/textures/__auto_26.jpg\n'}
[0.485109] (two_wheeled_robot) StdoutLine: {'line': b'-- Up-to-date: /home/greyflon/lab_2025/install/two_wheeled_robot/share/two_wheeled_robot/models/cafe/materials/textures/__auto_35.jpg\n'}
[0.485185] (two_wheeled_robot) StdoutLine: {'line': b'-- Up-to-date: /home/greyflon/lab_2025/install/two_wheeled_robot/share/two_wheeled_robot/models/cafe/materials/textures/__auto_31.jpg\n'}
[0.485259] (two_wheeled_robot) StdoutLine: {'line': b'-- Up-to-date: /home/greyflon/lab_2025/install/two_wheeled_robot/share/two_wheeled_robot/models/cafe/materials/textures/__auto_34.jpg\n'}
[0.485334] (two_wheeled_robot) StdoutLine: {'line': b'-- Up-to-date: /home/greyflon/lab_2025/install/two_wheeled_robot/share/two_wheeled_robot/models/cafe/materials/textures/__auto_25.jpg\n'}
[0.485409] (two_wheeled_robot) StdoutLine: {'line': b'-- Up-to-date: /home/greyflon/lab_2025/install/two_wheeled_robot/share/two_wheeled_robot/models/cafe/materials/textures/__auto_37.jpg\n'}
[0.485483] (two_wheeled_robot) StdoutLine: {'line': b'-- Up-to-date: /home/greyflon/lab_2025/install/two_wheeled_robot/share/two_wheeled_robot/models/cafe/materials/textures/__auto_22.jpg\n'}
[0.485570] (two_wheeled_robot) StdoutLine: {'line': b'-- Up-to-date: /home/greyflon/lab_2025/install/two_wheeled_robot/share/two_wheeled_robot/models/cafe/model.sdf\n'}
[0.485746] (two_wheeled_robot) StdoutLine: {'line': b'-- Up-to-date: /home/greyflon/lab_2025/install/two_wheeled_robot/share/two_wheeled_robot/models/Scrubs\n'}
[0.485827] (two_wheeled_robot) StdoutLine: {'line': b'-- Up-to-date: /home/greyflon/lab_2025/install/two_wheeled_robot/share/two_wheeled_robot/models/Scrubs/model.config\n'}
[0.485904] (two_wheeled_robot) StdoutLine: {'line': b'-- Up-to-date: /home/greyflon/lab_2025/install/two_wheeled_robot/share/two_wheeled_robot/models/Scrubs/meshes\n'}
[0.485982] (two_wheeled_robot) StdoutLine: {'line': b'-- Up-to-date: /home/greyflon/lab_2025/install/two_wheeled_robot/share/two_wheeled_robot/models/Scrubs/meshes/Scrubs_Col.mtl\n'}
[0.486066] (two_wheeled_robot) StdoutLine: {'line': b'-- Up-to-date: /home/greyflon/lab_2025/install/two_wheeled_robot/share/two_wheeled_robot/models/Scrubs/meshes/ScrubsFemaleDiffuse.png\n'}
[0.486141] (two_wheeled_robot) StdoutLine: {'line': b'-- Up-to-date: /home/greyflon/lab_2025/install/two_wheeled_robot/share/two_wheeled_robot/models/Scrubs/meshes/scrubs.mtl\n'}
[0.486225] (two_wheeled_robot) StdoutLine: {'line': b'-- Up-to-date: /home/greyflon/lab_2025/install/two_wheeled_robot/share/two_wheeled_robot/models/Scrubs/meshes/scrubs.obj\n'}
[0.486318] (two_wheeled_robot) StdoutLine: {'line': b'-- Up-to-date: /home/greyflon/lab_2025/install/two_wheeled_robot/share/two_wheeled_robot/models/Scrubs/meshes/Scrubs_Col.obj\n'}
[0.486405] (two_wheeled_robot) StdoutLine: {'line': b'-- Up-to-date: /home/greyflon/lab_2025/install/two_wheeled_robot/share/two_wheeled_robot/models/Scrubs/thumbnails\n'}
[0.486612] (two_wheeled_robot) StdoutLine: {'line': b'-- Up-to-date: /home/greyflon/lab_2025/install/two_wheeled_robot/share/two_wheeled_robot/models/Scrubs/thumbnails/5.png\n'}
[0.486780] (two_wheeled_robot) StdoutLine: {'line': b'-- Up-to-date: /home/greyflon/lab_2025/install/two_wheeled_robot/share/two_wheeled_robot/models/Scrubs/thumbnails/1.png\n'}
[0.486856] (two_wheeled_robot) StdoutLine: {'line': b'-- Up-to-date: /home/greyflon/lab_2025/install/two_wheeled_robot/share/two_wheeled_robot/models/Scrubs/thumbnails/2.png\n'}
[0.486928] (two_wheeled_robot) StdoutLine: {'line': b'-- Up-to-date: /home/greyflon/lab_2025/install/two_wheeled_robot/share/two_wheeled_robot/models/Scrubs/thumbnails/4.png\n'}
[0.487003] (two_wheeled_robot) StdoutLine: {'line': b'-- Up-to-date: /home/greyflon/lab_2025/install/two_wheeled_robot/share/two_wheeled_robot/models/Scrubs/thumbnails/3.png\n'}
[0.487077] (two_wheeled_robot) StdoutLine: {'line': b'-- Up-to-date: /home/greyflon/lab_2025/install/two_wheeled_robot/share/two_wheeled_robot/models/Scrubs/model.sdf\n'}
[0.487153] (two_wheeled_robot) StdoutLine: {'line': b'-- Up-to-date: /home/greyflon/lab_2025/install/two_wheeled_robot/share/two_wheeled_robot/models/conveyor\n'}
[0.487226] (two_wheeled_robot) StdoutLine: {'line': b'-- Up-to-date: /home/greyflon/lab_2025/install/two_wheeled_robot/share/two_wheeled_robot/models/conveyor/model.config\n'}
[0.487301] (two_wheeled_robot) StdoutLine: {'line': b'-- Up-to-date: /home/greyflon/lab_2025/install/two_wheeled_robot/share/two_wheeled_robot/models/conveyor/meshes\n'}
[0.487383] (two_wheeled_robot) StdoutLine: {'line': b'-- Up-to-date: /home/greyflon/lab_2025/install/two_wheeled_robot/share/two_wheeled_robot/models/conveyor/meshes/conveyor.dae\n'}
[0.487460] (two_wheeled_robot) StdoutLine: {'line': b'-- Up-to-date: /home/greyflon/lab_2025/install/two_wheeled_robot/share/two_wheeled_robot/models/conveyor/meshes/conveyor2.dae\n'}
[0.487542] (two_wheeled_robot) StdoutLine: {'line': b'-- Up-to-date: /home/greyflon/lab_2025/install/two_wheeled_robot/share/two_wheeled_robot/models/conveyor/meshes/conveyor.obj\n'}
[0.487679] (two_wheeled_robot) StdoutLine: {'line': b'-- Up-to-date: /home/greyflon/lab_2025/install/two_wheeled_robot/share/two_wheeled_robot/models/conveyor/model.sdf\n'}
[0.487797] (two_wheeled_robot) StdoutLine: {'line': b'-- Up-to-date: /home/greyflon/lab_2025/install/two_wheeled_robot/share/two_wheeled_robot/models/aws_robomaker_residential_AirconditionerA_01\n'}
[0.487878] (two_wheeled_robot) StdoutLine: {'line': b'-- Up-to-date: /home/greyflon/lab_2025/install/two_wheeled_robot/share/two_wheeled_robot/models/aws_robomaker_residential_AirconditionerA_01/model.config\n'}
[0.487953] (two_wheeled_robot) StdoutLine: {'line': b'-- Up-to-date: /home/greyflon/lab_2025/install/two_wheeled_robot/share/two_wheeled_robot/models/aws_robomaker_residential_AirconditionerA_01/meshes\n'}
[0.488027] (two_wheeled_robot) StdoutLine: {'line': b'-- Up-to-date: /home/greyflon/lab_2025/install/two_wheeled_robot/share/two_wheeled_robot/models/aws_robomaker_residential_AirconditionerA_01/meshes/aws_AirconditionerA_01_visual.DAE\n'}
[0.488110] (two_wheeled_robot) StdoutLine: {'line': b'-- Up-to-date: /home/greyflon/lab_2025/install/two_wheeled_robot/share/two_wheeled_robot/models/aws_robomaker_residential_AirconditionerA_01/meshes/aws_AirconditionerA_01_collision.DAE\n'}
[0.488211] (two_wheeled_robot) StdoutLine: {'line': b'-- Up-to-date: /home/greyflon/lab_2025/install/two_wheeled_robot/share/two_wheeled_robot/models/aws_robomaker_residential_AirconditionerA_01/materials\n'}
[0.488403] (two_wheeled_robot) StdoutLine: {'line': b'-- Up-to-date: /home/greyflon/lab_2025/install/two_wheeled_robot/share/two_wheeled_robot/models/aws_robomaker_residential_AirconditionerA_01/materials/textures\n'}
[0.488483] (two_wheeled_robot) StdoutLine: {'line': b'-- Up-to-date: /home/greyflon/lab_2025/install/two_wheeled_robot/share/two_wheeled_robot/models/aws_robomaker_residential_AirconditionerA_01/materials/textures/aws_AirconditionerA_01.png\n'}
[0.488580] (two_wheeled_robot) StdoutLine: {'line': b'-- Up-to-date: /home/greyflon/lab_2025/install/two_wheeled_robot/share/two_wheeled_robot/models/aws_robomaker_residential_AirconditionerA_01/model.sdf\n'}
[0.488747] (two_wheeled_robot) StdoutLine: {'line': b'-- Up-to-date: /home/greyflon/lab_2025/install/two_wheeled_robot/share/two_wheeled_robot/models/aws_robomaker_hospital_floor_01_floor\n'}
[0.488826] (two_wheeled_robot) StdoutLine: {'line': b'-- Up-to-date: /home/greyflon/lab_2025/install/two_wheeled_robot/share/two_wheeled_robot/models/aws_robomaker_hospital_floor_01_floor/model.config\n'}
[0.488902] (two_wheeled_robot) StdoutLine: {'line': b'-- Up-to-date: /home/greyflon/lab_2025/install/two_wheeled_robot/share/two_wheeled_robot/models/aws_robomaker_hospital_floor_01_floor/meshes\n'}
[0.488978] (two_wheeled_robot) StdoutLine: {'line': b'-- Up-to-date: /home/greyflon/lab_2025/install/two_wheeled_robot/share/two_wheeled_robot/models/aws_robomaker_hospital_floor_01_floor/meshes/aws_robomaker_hospital_floor_01_floor_collision.dae\n'}
[0.489053] (two_wheeled_robot) StdoutLine: {'line': b'-- Up-to-date: /home/greyflon/lab_2025/install/two_wheeled_robot/share/two_wheeled_robot/models/aws_robomaker_hospital_floor_01_floor/meshes/aws_robomaker_hospital_floor_01_floor_normal.png\n'}
[0.489127] (two_wheeled_robot) StdoutLine: {'line': b'-- Up-to-date: /home/greyflon/lab_2025/install/two_wheeled_robot/share/two_wheeled_robot/models/aws_robomaker_hospital_floor_01_floor/meshes/aws_robomaker_hospital_floor_01_floor.png\n'}
[0.489202] (two_wheeled_robot) StdoutLine: {'line': b'-- Up-to-date: /home/greyflon/lab_2025/install/two_wheeled_robot/share/two_wheeled_robot/models/aws_robomaker_hospital_floor_01_floor/meshes/aws_robomaker_hospital_floor_01_floor_visual.dae\n'}
[0.489277] (two_wheeled_robot) StdoutLine: {'line': b'-- Up-to-date: /home/greyflon/lab_2025/install/two_wheeled_robot/share/two_wheeled_robot/models/aws_robomaker_hospital_floor_01_floor/model.sdf\n'}
[0.489353] (two_wheeled_robot) StdoutLine: {'line': b'-- Up-to-date: /home/greyflon/lab_2025/install/two_wheeled_robot/share/two_wheeled_robot/models/post_office\n'}
[0.489429] (two_wheeled_robot) StdoutLine: {'line': b'-- Up-to-date: /home/greyflon/lab_2025/install/two_wheeled_robot/share/two_wheeled_robot/models/post_office/model.config\n'}
[0.489502] (two_wheeled_robot) StdoutLine: {'line': b'-- Up-to-date: /home/greyflon/lab_2025/install/two_wheeled_robot/share/two_wheeled_robot/models/post_office/meshes\n'}
[0.489725] (two_wheeled_robot) StdoutLine: {'line': b'-- Up-to-date: /home/greyflon/lab_2025/install/two_wheeled_robot/share/two_wheeled_robot/models/post_office/meshes/post_office.dae\n'}
[0.489803] (two_wheeled_robot) StdoutLine: {'line': b'-- Up-to-date: /home/greyflon/lab_2025/install/two_wheeled_robot/share/two_wheeled_robot/models/post_office/materials\n'}
[0.489907] (two_wheeled_robot) StdoutLine: {'line': b'-- Up-to-date: /home/greyflon/lab_2025/install/two_wheeled_robot/share/two_wheeled_robot/models/post_office/materials/textures\n'}
[0.489979] (two_wheeled_robot) StdoutLine: {'line': b'-- Up-to-date: /home/greyflon/lab_2025/install/two_wheeled_robot/share/two_wheeled_robot/models/post_office/materials/textures/post_office_diffuse.jpg\n'}
[0.490053] (two_wheeled_robot) StdoutLine: {'line': b'-- Up-to-date: /home/greyflon/lab_2025/install/two_wheeled_robot/share/two_wheeled_robot/models/post_office/materials/textures/post_office_spec.jpg\n'}
[0.490122] (two_wheeled_robot) StdoutLine: {'line': b'-- Up-to-date: /home/greyflon/lab_2025/install/two_wheeled_robot/share/two_wheeled_robot/models/post_office/model.sdf\n'}
[0.490192] (two_wheeled_robot) StdoutLine: {'line': b'-- Up-to-date: /home/greyflon/lab_2025/install/two_wheeled_robot/share/two_wheeled_robot/models/submarine\n'}
[0.490278] (two_wheeled_robot) StdoutLine: {'line': b'-- Up-to-date: /home/greyflon/lab_2025/install/two_wheeled_robot/share/two_wheeled_robot/models/submarine/model.config\n'}
[0.490353] (two_wheeled_robot) StdoutLine: {'line': b'-- Up-to-date: /home/greyflon/lab_2025/install/two_wheeled_robot/share/two_wheeled_robot/models/submarine/model.sdf\n'}
[0.490426] (two_wheeled_robot) StdoutLine: {'line': b'-- Up-to-date: /home/greyflon/lab_2025/install/two_wheeled_robot/share/two_wheeled_robot/models/tv_stand\n'}
[0.490500] (two_wheeled_robot) StdoutLine: {'line': b'-- Up-to-date: /home/greyflon/lab_2025/install/two_wheeled_robot/share/two_wheeled_robot/models/tv_stand/model.config\n'}
[0.490624] (two_wheeled_robot) StdoutLine: {'line': b'-- Up-to-date: /home/greyflon/lab_2025/install/two_wheeled_robot/share/two_wheeled_robot/models/tv_stand/meshes\n'}
[0.490737] (two_wheeled_robot) StdoutLine: {'line': b'-- Up-to-date: /home/greyflon/lab_2025/install/two_wheeled_robot/share/two_wheeled_robot/models/tv_stand/meshes/tv_stand.dae\n'}
[0.490806] (two_wheeled_robot) StdoutLine: {'line': b'-- Up-to-date: /home/greyflon/lab_2025/install/two_wheeled_robot/share/two_wheeled_robot/models/tv_stand/materials\n'}
[0.490874] (two_wheeled_robot) StdoutLine: {'line': b'-- Up-to-date: /home/greyflon/lab_2025/install/two_wheeled_robot/share/two_wheeled_robot/models/tv_stand/materials/textures\n'}
[0.490944] (two_wheeled_robot) StdoutLine: {'line': b'-- Up-to-date: /home/greyflon/lab_2025/install/two_wheeled_robot/share/two_wheeled_robot/models/tv_stand/materials/textures/stand_diffuse.png\n'}
[0.491019] (two_wheeled_robot) StdoutLine: {'line': b'-- Up-to-date: /home/greyflon/lab_2025/install/two_wheeled_robot/share/two_wheeled_robot/models/tv_stand/materials/textures/stand_specular.png\n'}
[0.491092] (two_wheeled_robot) StdoutLine: {'line': b'-- Up-to-date: /home/greyflon/lab_2025/install/two_wheeled_robot/share/two_wheeled_robot/models/tv_stand/materials/textures/tv_diffuse.png\n'}
[0.491164] (two_wheeled_robot) StdoutLine: {'line': b'-- Up-to-date: /home/greyflon/lab_2025/install/two_wheeled_robot/share/two_wheeled_robot/models/tv_stand/materials/textures/tv_specular.png\n'}
[0.491238] (two_wheeled_robot) StdoutLine: {'line': b'-- Up-to-date: /home/greyflon/lab_2025/install/two_wheeled_robot/share/two_wheeled_robot/models/tv_stand/model.sdf\n'}
[0.491318] (two_wheeled_robot) StdoutLine: {'line': b'-- Up-to-date: /home/greyflon/lab_2025/install/two_wheeled_robot/share/two_wheeled_robot/models/cafe_counter\n'}
[0.491430] (two_wheeled_robot) StdoutLine: {'line': b'-- Up-to-date: /home/greyflon/lab_2025/install/two_wheeled_robot/share/two_wheeled_robot/models/cafe_counter/model.config\n'}
[0.491582] (two_wheeled_robot) StdoutLine: {'line': b'-- Up-to-date: /home/greyflon/lab_2025/install/two_wheeled_robot/share/two_wheeled_robot/models/cafe_counter/meshes\n'}
[0.491683] (two_wheeled_robot) StdoutLine: {'line': b'-- Up-to-date: /home/greyflon/lab_2025/install/two_wheeled_robot/share/two_wheeled_robot/models/cafe_counter/meshes/counter_sink.obj\n'}
[0.491764] (two_wheeled_robot) StdoutLine: {'line': b'-- Up-to-date: /home/greyflon/lab_2025/install/two_wheeled_robot/share/two_wheeled_robot/models/cafe_counter/meshes/cafe_counter.obj\n'}
[0.491839] (two_wheeled_robot) StdoutLine: {'line': b'-- Up-to-date: /home/greyflon/lab_2025/install/two_wheeled_robot/share/two_wheeled_robot/models/cafe_counter/meshes/counter_no_sink.obj\n'}
[0.491922] (two_wheeled_robot) StdoutLine: {'line': b'-- Up-to-date: /home/greyflon/lab_2025/install/two_wheeled_robot/share/two_wheeled_robot/models/cafe_counter/meshes/cafe_counter.mtl\n'}
[0.491995] (two_wheeled_robot) StdoutLine: {'line': b'-- Up-to-date: /home/greyflon/lab_2025/install/two_wheeled_robot/share/two_wheeled_robot/models/cafe_counter/materials\n'}
[0.492066] (two_wheeled_robot) StdoutLine: {'line': b'-- Up-to-date: /home/greyflon/lab_2025/install/two_wheeled_robot/share/two_wheeled_robot/models/cafe_counter/materials/textures\n'}
[0.492139] (two_wheeled_robot) StdoutLine: {'line': b'-- Up-to-date: /home/greyflon/lab_2025/install/two_wheeled_robot/share/two_wheeled_robot/models/cafe_counter/materials/textures/cafe_counter.png\n'}
[0.492214] (two_wheeled_robot) StdoutLine: {'line': b'-- Up-to-date: /home/greyflon/lab_2025/install/two_wheeled_robot/share/two_wheeled_robot/models/cafe_counter/model.sdf\n'}
[0.492289] (two_wheeled_robot) StdoutLine: {'line': b'-- Up-to-date: /home/greyflon/lab_2025/install/two_wheeled_robot/share/two_wheeled_robot/models/aws_robomaker_residential_SofaC_01\n'}
[0.492368] (two_wheeled_robot) StdoutLine: {'line': b'-- Up-to-date: /home/greyflon/lab_2025/install/two_wheeled_robot/share/two_wheeled_robot/models/aws_robomaker_residential_SofaC_01/model.config\n'}
[0.492443] (two_wheeled_robot) StdoutLine: {'line': b'-- Up-to-date: /home/greyflon/lab_2025/install/two_wheeled_robot/share/two_wheeled_robot/models/aws_robomaker_residential_SofaC_01/meshes\n'}
[0.492517] (two_wheeled_robot) StdoutLine: {'line': b'-- Up-to-date: /home/greyflon/lab_2025/install/two_wheeled_robot/share/two_wheeled_robot/models/aws_robomaker_residential_SofaC_01/meshes/aws_SofaC_01_collision.DAE\n'}
[0.492615] (two_wheeled_robot) StdoutLine: {'line': b'-- Up-to-date: /home/greyflon/lab_2025/install/two_wheeled_robot/share/two_wheeled_robot/models/aws_robomaker_residential_SofaC_01/meshes/aws_SofaC_01_visual.DAE\n'}
[0.492692] (two_wheeled_robot) StdoutLine: {'line': b'-- Up-to-date: /home/greyflon/lab_2025/install/two_wheeled_robot/share/two_wheeled_robot/models/aws_robomaker_residential_SofaC_01/materials\n'}
[0.492766] (two_wheeled_robot) StdoutLine: {'line': b'-- Up-to-date: /home/greyflon/lab_2025/install/two_wheeled_robot/share/two_wheeled_robot/models/aws_robomaker_residential_SofaC_01/materials/textures\n'}
[0.492839] (two_wheeled_robot) StdoutLine: {'line': b'-- Up-to-date: /home/greyflon/lab_2025/install/two_wheeled_robot/share/two_wheeled_robot/models/aws_robomaker_residential_SofaC_01/materials/textures/aws_SofaC_01.png\n'}
[0.492927] (two_wheeled_robot) StdoutLine: {'line': b'-- Up-to-date: /home/greyflon/lab_2025/install/two_wheeled_robot/share/two_wheeled_robot/models/aws_robomaker_residential_SofaC_01/model.sdf\n'}
[0.493000] (two_wheeled_robot) StdoutLine: {'line': b'-- Up-to-date: /home/greyflon/lab_2025/install/two_wheeled_robot/share/two_wheeled_robot/models/aws_robomaker_warehouse_PalletJackB_01\n'}
[0.493074] (two_wheeled_robot) StdoutLine: {'line': b'-- Up-to-date: /home/greyflon/lab_2025/install/two_wheeled_robot/share/two_wheeled_robot/models/aws_robomaker_warehouse_PalletJackB_01/model.config\n'}
[0.493149] (two_wheeled_robot) StdoutLine: {'line': b'-- Up-to-date: /home/greyflon/lab_2025/install/two_wheeled_robot/share/two_wheeled_robot/models/aws_robomaker_warehouse_PalletJackB_01/meshes\n'}
[0.493220] (two_wheeled_robot) StdoutLine: {'line': b'-- Up-to-date: /home/greyflon/lab_2025/install/two_wheeled_robot/share/two_wheeled_robot/models/aws_robomaker_warehouse_PalletJackB_01/meshes/aws_robomaker_warehouse_PalletJackB_01_visual.DAE\n'}
[0.493294] (two_wheeled_robot) StdoutLine: {'line': b'-- Up-to-date: /home/greyflon/lab_2025/install/two_wheeled_robot/share/two_wheeled_robot/models/aws_robomaker_warehouse_PalletJackB_01/meshes/aws_robomaker_warehouse_PalletJackB_01_collision.DAE\n'}
[0.493368] (two_wheeled_robot) StdoutLine: {'line': b'-- Up-to-date: /home/greyflon/lab_2025/install/two_wheeled_robot/share/two_wheeled_robot/models/aws_robomaker_warehouse_PalletJackB_01/materials\n'}
[0.493451] (two_wheeled_robot) StdoutLine: {'line': b'-- Up-to-date: /home/greyflon/lab_2025/install/two_wheeled_robot/share/two_wheeled_robot/models/aws_robomaker_warehouse_PalletJackB_01/materials/textures\n'}
[0.493527] (two_wheeled_robot) StdoutLine: {'line': b'-- Up-to-date: /home/greyflon/lab_2025/install/two_wheeled_robot/share/two_wheeled_robot/models/aws_robomaker_warehouse_PalletJackB_01/materials/textures/aws_robomaker_warehouse_PalletJackB_02.png\n'}
[0.493658] (two_wheeled_robot) StdoutLine: {'line': b'-- Up-to-date: /home/greyflon/lab_2025/install/two_wheeled_robot/share/two_wheeled_robot/models/aws_robomaker_warehouse_PalletJackB_01/materials/textures/aws_robomaker_warehouse_PalletJackB_01.png\n'}
[0.493731] (two_wheeled_robot) StdoutLine: {'line': b'-- Up-to-date: /home/greyflon/lab_2025/install/two_wheeled_robot/share/two_wheeled_robot/models/aws_robomaker_warehouse_PalletJackB_01/model.sdf\n'}
[0.493798] (two_wheeled_robot) StdoutLine: {'line': b'-- Up-to-date: /home/greyflon/lab_2025/install/two_wheeled_robot/share/two_wheeled_robot/models/aws_robomaker_residential_Ball_01\n'}
[0.493866] (two_wheeled_robot) StdoutLine: {'line': b'-- Up-to-date: /home/greyflon/lab_2025/install/two_wheeled_robot/share/two_wheeled_robot/models/aws_robomaker_residential_Ball_01/model.config\n'}
[0.493935] (two_wheeled_robot) StdoutLine: {'line': b'-- Up-to-date: /home/greyflon/lab_2025/install/two_wheeled_robot/share/two_wheeled_robot/models/aws_robomaker_residential_Ball_01/meshes\n'}
[0.494003] (two_wheeled_robot) StdoutLine: {'line': b'-- Up-to-date: /home/greyflon/lab_2025/install/two_wheeled_robot/share/two_wheeled_robot/models/aws_robomaker_residential_Ball_01/meshes/aws_Ball_01_collision.DAE\n'}
[0.494070] (two_wheeled_robot) StdoutLine: {'line': b'-- Up-to-date: /home/greyflon/lab_2025/install/two_wheeled_robot/share/two_wheeled_robot/models/aws_robomaker_residential_Ball_01/meshes/aws_Ball_01_visual.DAE\n'}
[0.494141] (two_wheeled_robot) StdoutLine: {'line': b'-- Up-to-date: /home/greyflon/lab_2025/install/two_wheeled_robot/share/two_wheeled_robot/models/aws_robomaker_residential_Ball_01/materials\n'}
[0.494208] (two_wheeled_robot) StdoutLine: {'line': b'-- Up-to-date: /home/greyflon/lab_2025/install/two_wheeled_robot/share/two_wheeled_robot/models/aws_robomaker_residential_Ball_01/materials/textures\n'}
[0.494283] (two_wheeled_robot) StdoutLine: {'line': b'-- Up-to-date: /home/greyflon/lab_2025/install/two_wheeled_robot/share/two_wheeled_robot/models/aws_robomaker_residential_Ball_01/materials/textures/aws_Ball_01.png\n'}
[0.494352] (two_wheeled_robot) StdoutLine: {'line': b'-- Up-to-date: /home/greyflon/lab_2025/install/two_wheeled_robot/share/two_wheeled_robot/models/aws_robomaker_residential_Ball_01/model.sdf\n'}
[0.494420] (two_wheeled_robot) StdoutLine: {'line': b'-- Up-to-date: /home/greyflon/lab_2025/install/two_wheeled_robot/share/two_wheeled_robot/models/submarine_sinking\n'}
[0.494487] (two_wheeled_robot) StdoutLine: {'line': b'-- Up-to-date: /home/greyflon/lab_2025/install/two_wheeled_robot/share/two_wheeled_robot/models/submarine_sinking/model.config\n'}
[0.494576] (two_wheeled_robot) StdoutLine: {'line': b'-- Up-to-date: /home/greyflon/lab_2025/install/two_wheeled_robot/share/two_wheeled_robot/models/submarine_sinking/model.sdf\n'}
[0.494652] (two_wheeled_robot) StdoutLine: {'line': b'-- Up-to-date: /home/greyflon/lab_2025/install/two_wheeled_robot/share/two_wheeled_robot/models/submarine_sinking/model.sdf.erb\n'}
[0.494722] (two_wheeled_robot) StdoutLine: {'line': b'-- Up-to-date: /home/greyflon/lab_2025/install/two_wheeled_robot/share/two_wheeled_robot/models/aws_robomaker_residential_RoomWall_01\n'}
[0.494791] (two_wheeled_robot) StdoutLine: {'line': b'-- Up-to-date: /home/greyflon/lab_2025/install/two_wheeled_robot/share/two_wheeled_robot/models/aws_robomaker_residential_RoomWall_01/model.config\n'}
[0.494857] (two_wheeled_robot) StdoutLine: {'line': b'-- Up-to-date: /home/greyflon/lab_2025/install/two_wheeled_robot/share/two_wheeled_robot/models/aws_robomaker_residential_RoomWall_01/meshes\n'}
[0.494941] (two_wheeled_robot) StdoutLine: {'line': b'-- Up-to-date: /home/greyflon/lab_2025/install/two_wheeled_robot/share/two_wheeled_robot/models/aws_robomaker_residential_RoomWall_01/meshes/aws_RoomWall_01_collision.DAE\n'}
[0.495011] (two_wheeled_robot) StdoutLine: {'line': b'-- Up-to-date: /home/greyflon/lab_2025/install/two_wheeled_robot/share/two_wheeled_robot/models/aws_robomaker_residential_RoomWall_01/meshes/aws_RoomWall_01_visual.DAE\n'}
[0.495095] (two_wheeled_robot) StdoutLine: {'line': b'-- Up-to-date: /home/greyflon/lab_2025/install/two_wheeled_robot/share/two_wheeled_robot/models/aws_robomaker_residential_RoomWall_01/materials\n'}
[0.495169] (two_wheeled_robot) StdoutLine: {'line': b'-- Up-to-date: /home/greyflon/lab_2025/install/two_wheeled_robot/share/two_wheeled_robot/models/aws_robomaker_residential_RoomWall_01/materials/textures\n'}
[0.495241] (two_wheeled_robot) StdoutLine: {'line': b'-- Up-to-date: /home/greyflon/lab_2025/install/two_wheeled_robot/share/two_wheeled_robot/models/aws_robomaker_residential_RoomWall_01/materials/textures/aws_RoomWall_01.png\n'}
[0.495315] (two_wheeled_robot) StdoutLine: {'line': b'-- Up-to-date: /home/greyflon/lab_2025/install/two_wheeled_robot/share/two_wheeled_robot/models/aws_robomaker_residential_RoomWall_01/model.sdf\n'}
[0.495389] (two_wheeled_robot) StdoutLine: {'line': b'-- Up-to-date: /home/greyflon/lab_2025/install/two_wheeled_robot/share/two_wheeled_robot/models/casual_male2\n'}
[0.495464] (two_wheeled_robot) StdoutLine: {'line': b'-- Up-to-date: /home/greyflon/lab_2025/install/two_wheeled_robot/share/two_wheeled_robot/models/casual_male2/model.config\n'}
[0.495559] (two_wheeled_robot) StdoutLine: {'line': b'-- Up-to-date: /home/greyflon/lab_2025/install/two_wheeled_robot/share/two_wheeled_robot/models/casual_male2/meshes\n'}
[0.495751] (two_wheeled_robot) StdoutLine: {'line': b'-- Up-to-date: /home/greyflon/lab_2025/install/two_wheeled_robot/share/two_wheeled_robot/models/casual_male2/meshes/casual_male2.dae\n'}
[0.495922] (two_wheeled_robot) StdoutLine: {'line': b'-- Up-to-date: /home/greyflon/lab_2025/install/two_wheeled_robot/share/two_wheeled_robot/models/casual_male2/materials\n'}
[0.496000] (two_wheeled_robot) StdoutLine: {'line': b'-- Up-to-date: /home/greyflon/lab_2025/install/two_wheeled_robot/share/two_wheeled_robot/models/casual_male2/materials/textures\n'}
[0.496075] (two_wheeled_robot) StdoutLine: {'line': b'-- Up-to-date: /home/greyflon/lab_2025/install/two_wheeled_robot/share/two_wheeled_robot/models/casual_male2/materials/textures/young_darkskinned_male_diffuse.png\n'}
[0.496149] (two_wheeled_robot) StdoutLine: {'line': b'-- Up-to-date: /home/greyflon/lab_2025/install/two_wheeled_robot/share/two_wheeled_robot/models/casual_male2/materials/textures/male_casualsuit05_normal.png\n'}
[0.496227] (two_wheeled_robot) StdoutLine: {'line': b'-- Up-to-date: /home/greyflon/lab_2025/install/two_wheeled_robot/share/two_wheeled_robot/models/casual_male2/materials/textures/afro_diffuse.png\n'}
[0.496301] (two_wheeled_robot) StdoutLine: {'line': b'-- Up-to-date: /home/greyflon/lab_2025/install/two_wheeled_robot/share/two_wheeled_robot/models/casual_male2/materials/textures/eyebrow012.png\n'}
[0.496376] (two_wheeled_robot) StdoutLine: {'line': b'-- Up-to-date: /home/greyflon/lab_2025/install/two_wheeled_robot/share/two_wheeled_robot/models/casual_male2/materials/textures/brown_eye.png\n'}
[0.496450] (two_wheeled_robot) StdoutLine: {'line': b'-- Up-to-date: /home/greyflon/lab_2025/install/two_wheeled_robot/share/two_wheeled_robot/models/casual_male2/materials/textures/male_casualsuit05_diffuse.png\n'}
[0.496525] (two_wheeled_robot) StdoutLine: {'line': b'-- Up-to-date: /home/greyflon/lab_2025/install/two_wheeled_robot/share/two_wheeled_robot/models/casual_male2/model.sdf\n'}
[0.496682] (two_wheeled_robot) StdoutLine: {'line': b'-- Up-to-date: /home/greyflon/lab_2025/install/two_wheeled_robot/share/two_wheeled_robot/models/house_1\n'}
[0.496767] (two_wheeled_robot) StdoutLine: {'line': b'-- Up-to-date: /home/greyflon/lab_2025/install/two_wheeled_robot/share/two_wheeled_robot/models/house_1/model-1_4.sdf\n'}
[0.497048] (two_wheeled_robot) StdoutLine: {'line': b'-- Up-to-date: /home/greyflon/lab_2025/install/two_wheeled_robot/share/two_wheeled_robot/models/house_1/model.config\n'}
[0.497155] (two_wheeled_robot) StdoutLine: {'line': b'-- Up-to-date: /home/greyflon/lab_2025/install/two_wheeled_robot/share/two_wheeled_robot/models/house_1/meshes\n'}
[0.497267] (two_wheeled_robot) StdoutLine: {'line': b'-- Up-to-date: /home/greyflon/lab_2025/install/two_wheeled_robot/share/two_wheeled_robot/models/house_1/meshes/house_1.dae\n'}
[0.497670] (two_wheeled_robot) StdoutLine: {'line': b'-- Up-to-date: /home/greyflon/lab_2025/install/two_wheeled_robot/share/two_wheeled_robot/models/house_1/materials\n'}
[0.497752] (two_wheeled_robot) StdoutLine: {'line': b'-- Up-to-date: /home/greyflon/lab_2025/install/two_wheeled_robot/share/two_wheeled_robot/models/house_1/materials/scripts\n'}
[0.497818] (two_wheeled_robot) StdoutLine: {'line': b'-- Up-to-date: /home/greyflon/lab_2025/install/two_wheeled_robot/share/two_wheeled_robot/models/house_1/materials/scripts/house_1.material\n'}
[0.497885] (two_wheeled_robot) StdoutLine: {'line': b'-- Up-to-date: /home/greyflon/lab_2025/install/two_wheeled_robot/share/two_wheeled_robot/models/house_1/materials/textures\n'}
[0.497952] (two_wheeled_robot) StdoutLine: {'line': b'-- Up-to-date: /home/greyflon/lab_2025/install/two_wheeled_robot/share/two_wheeled_robot/models/house_1/materials/textures/House_1_Spec.png\n'}
[0.498018] (two_wheeled_robot) StdoutLine: {'line': b'-- Up-to-date: /home/greyflon/lab_2025/install/two_wheeled_robot/share/two_wheeled_robot/models/house_1/materials/textures/House_1_Normal.png\n'}
[0.498112] (two_wheeled_robot) StdoutLine: {'line': b'-- Up-to-date: /home/greyflon/lab_2025/install/two_wheeled_robot/share/two_wheeled_robot/models/house_1/materials/textures/House_1_Diffuse.png\n'}
[0.498178] (two_wheeled_robot) StdoutLine: {'line': b'-- Up-to-date: /home/greyflon/lab_2025/install/two_wheeled_robot/share/two_wheeled_robot/models/house_1/model.sdf\n'}
[0.498244] (two_wheeled_robot) StdoutLine: {'line': b'-- Up-to-date: /home/greyflon/lab_2025/install/two_wheeled_robot/share/two_wheeled_robot/models/house_1/model-1_3.sdf\n'}
[0.498313] (two_wheeled_robot) StdoutLine: {'line': b'-- Up-to-date: /home/greyflon/lab_2025/install/two_wheeled_robot/share/two_wheeled_robot/models/aws_robomaker_residential_KitchenUtensils_01\n'}
[0.498380] (two_wheeled_robot) StdoutLine: {'line': b'-- Up-to-date: /home/greyflon/lab_2025/install/two_wheeled_robot/share/two_wheeled_robot/models/aws_robomaker_residential_KitchenUtensils_01/model.config\n'}
[0.498448] (two_wheeled_robot) StdoutLine: {'line': b'-- Up-to-date: /home/greyflon/lab_2025/install/two_wheeled_robot/share/two_wheeled_robot/models/aws_robomaker_residential_KitchenUtensils_01/meshes\n'}
[0.498513] (two_wheeled_robot) StdoutLine: {'line': b'-- Up-to-date: /home/greyflon/lab_2025/install/two_wheeled_robot/share/two_wheeled_robot/models/aws_robomaker_residential_KitchenUtensils_01/meshes/aws_KitchenUtensils_01_visual.DAE\n'}
[0.498659] (two_wheeled_robot) StdoutLine: {'line': b'-- Up-to-date: /home/greyflon/lab_2025/install/two_wheeled_robot/share/two_wheeled_robot/models/aws_robomaker_residential_KitchenUtensils_01/meshes/aws_KitchenUtensils_01_collision.DAE\n'}
[0.498732] (two_wheeled_robot) StdoutLine: {'line': b'-- Up-to-date: /home/greyflon/lab_2025/install/two_wheeled_robot/share/two_wheeled_robot/models/aws_robomaker_residential_KitchenUtensils_01/materials\n'}
[0.498810] (two_wheeled_robot) StdoutLine: {'line': b'-- Up-to-date: /home/greyflon/lab_2025/install/two_wheeled_robot/share/two_wheeled_robot/models/aws_robomaker_residential_KitchenUtensils_01/materials/textures\n'}
[0.498888] (two_wheeled_robot) StdoutLine: {'line': b'-- Up-to-date: /home/greyflon/lab_2025/install/two_wheeled_robot/share/two_wheeled_robot/models/aws_robomaker_residential_KitchenUtensils_01/materials/textures/aws_KitchenUtensils_01.png\n'}
[0.498959] (two_wheeled_robot) StdoutLine: {'line': b'-- Up-to-date: /home/greyflon/lab_2025/install/two_wheeled_robot/share/two_wheeled_robot/models/aws_robomaker_residential_KitchenUtensils_01/model.sdf\n'}
[0.499458] (two_wheeled_robot) StdoutLine: {'line': b'-- Up-to-date: /home/greyflon/lab_2025/install/two_wheeled_robot/share/two_wheeled_robot/models/person_walking\n'}
[0.499915] (two_wheeled_robot) StdoutLine: {'line': b'-- Up-to-date: /home/greyflon/lab_2025/install/two_wheeled_robot/share/two_wheeled_robot/models/person_walking/model.config\n'}
[0.500160] (two_wheeled_robot) StdoutLine: {'line': b'-- Up-to-date: /home/greyflon/lab_2025/install/two_wheeled_robot/share/two_wheeled_robot/models/person_walking/meshes\n'}
[0.500230] (two_wheeled_robot) StdoutLine: {'line': b'-- Up-to-date: /home/greyflon/lab_2025/install/two_wheeled_robot/share/two_wheeled_robot/models/person_walking/meshes/walking.dae\n'}
[0.500519] (two_wheeled_robot) StdoutLine: {'line': b'-- Up-to-date: /home/greyflon/lab_2025/install/two_wheeled_robot/share/two_wheeled_robot/models/person_walking/materials\n'}
[0.500614] (-) TimerEvent: {}
[0.500718] (two_wheeled_robot) StdoutLine: {'line': b'-- Up-to-date: /home/greyflon/lab_2025/install/two_wheeled_robot/share/two_wheeled_robot/models/person_walking/materials/textures\n'}
[0.500792] (two_wheeled_robot) StdoutLine: {'line': b'-- Up-to-date: /home/greyflon/lab_2025/install/two_wheeled_robot/share/two_wheeled_robot/models/person_walking/materials/textures/eyebrow001-unmodified.png\n'}
[0.500859] (two_wheeled_robot) StdoutLine: {'line': b'-- Up-to-date: /home/greyflon/lab_2025/install/two_wheeled_robot/share/two_wheeled_robot/models/person_walking/materials/textures/male02_diffuse_black-unmodified.png\n'}
[0.500925] (two_wheeled_robot) StdoutLine: {'line': b'-- Up-to-date: /home/greyflon/lab_2025/install/two_wheeled_robot/share/two_wheeled_robot/models/person_walking/materials/textures/green_eye.png\n'}
[0.501151] (two_wheeled_robot) StdoutLine: {'line': b'-- Up-to-date: /home/greyflon/lab_2025/install/two_wheeled_robot/share/two_wheeled_robot/models/person_walking/materials/textures/jeans_basic_diffuse.png\n'}
[0.501222] (two_wheeled_robot) StdoutLine: {'line': b'-- Up-to-date: /home/greyflon/lab_2025/install/two_wheeled_robot/share/two_wheeled_robot/models/person_walking/materials/textures/eyebrow001.png\n'}
[0.501341] (two_wheeled_robot) StdoutLine: {'line': b'-- Up-to-date: /home/greyflon/lab_2025/install/two_wheeled_robot/share/two_wheeled_robot/models/person_walking/materials/textures/tshirt02_normals.png\n'}
[0.501410] (two_wheeled_robot) StdoutLine: {'line': b'-- Up-to-date: /home/greyflon/lab_2025/install/two_wheeled_robot/share/two_wheeled_robot/models/person_walking/materials/textures/jeans01_normals.png\n'}
[0.501476] (two_wheeled_robot) StdoutLine: {'line': b'-- Up-to-date: /home/greyflon/lab_2025/install/two_wheeled_robot/share/two_wheeled_robot/models/person_walking/materials/textures/male02_diffuse_black.png\n'}
[0.501541] (two_wheeled_robot) StdoutLine: {'line': b'-- Up-to-date: /home/greyflon/lab_2025/install/two_wheeled_robot/share/two_wheeled_robot/models/person_walking/materials/textures/young_lightskinned_male_diffuse.png\n'}
[0.501635] (two_wheeled_robot) StdoutLine: {'line': b'-- Up-to-date: /home/greyflon/lab_2025/install/two_wheeled_robot/share/two_wheeled_robot/models/person_walking/materials/textures/teeth.png\n'}
[0.502114] (two_wheeled_robot) StdoutLine: {'line': b'-- Up-to-date: /home/greyflon/lab_2025/install/two_wheeled_robot/share/two_wheeled_robot/models/person_walking/materials/textures/tshirt02_texture.png\n'}
[0.502184] (two_wheeled_robot) StdoutLine: {'line': b'-- Up-to-date: /home/greyflon/lab_2025/install/two_wheeled_robot/share/two_wheeled_robot/models/person_walking/model.sdf\n'}
[0.502249] (two_wheeled_robot) StdoutLine: {'line': b'-- Up-to-date: /home/greyflon/lab_2025/install/two_wheeled_robot/share/two_wheeled_robot/models/aws_robomaker_residential_Chandelier_01\n'}
[0.502314] (two_wheeled_robot) StdoutLine: {'line': b'-- Up-to-date: /home/greyflon/lab_2025/install/two_wheeled_robot/share/two_wheeled_robot/models/aws_robomaker_residential_Chandelier_01/model.config\n'}
[0.502399] (two_wheeled_robot) StdoutLine: {'line': b'-- Up-to-date: /home/greyflon/lab_2025/install/two_wheeled_robot/share/two_wheeled_robot/models/aws_robomaker_residential_Chandelier_01/meshes\n'}
[0.502465] (two_wheeled_robot) StdoutLine: {'line': b'-- Up-to-date: /home/greyflon/lab_2025/install/two_wheeled_robot/share/two_wheeled_robot/models/aws_robomaker_residential_Chandelier_01/meshes/aws_Chandelier_01_collision.DAE\n'}
[0.502559] (two_wheeled_robot) StdoutLine: {'line': b'-- Up-to-date: /home/greyflon/lab_2025/install/two_wheeled_robot/share/two_wheeled_robot/models/aws_robomaker_residential_Chandelier_01/meshes/aws_Chandelier_01_visual.DAE\n'}
[0.502635] (two_wheeled_robot) StdoutLine: {'line': b'-- Up-to-date: /home/greyflon/lab_2025/install/two_wheeled_robot/share/two_wheeled_robot/models/aws_robomaker_residential_Chandelier_01/meshes/aws_Chandelier_01.DAE\n'}
[0.503224] (two_wheeled_robot) StdoutLine: {'line': b'-- Up-to-date: /home/greyflon/lab_2025/install/two_wheeled_robot/share/two_wheeled_robot/models/aws_robomaker_residential_Chandelier_01/materials\n'}
[0.503297] (two_wheeled_robot) StdoutLine: {'line': b'-- Up-to-date: /home/greyflon/lab_2025/install/two_wheeled_robot/share/two_wheeled_robot/models/aws_robomaker_residential_Chandelier_01/materials/textures\n'}
[0.503361] (two_wheeled_robot) StdoutLine: {'line': b'-- Up-to-date: /home/greyflon/lab_2025/install/two_wheeled_robot/share/two_wheeled_robot/models/aws_robomaker_residential_Chandelier_01/materials/textures/aws_Chandelier_01.png\n'}
[0.503427] (two_wheeled_robot) StdoutLine: {'line': b'-- Up-to-date: /home/greyflon/lab_2025/install/two_wheeled_robot/share/two_wheeled_robot/models/aws_robomaker_residential_Chandelier_01/model.sdf\n'}
[0.503500] (two_wheeled_robot) StdoutLine: {'line': b'-- Up-to-date: /home/greyflon/lab_2025/install/two_wheeled_robot/share/two_wheeled_robot/models/big_plant\n'}
[0.503613] (two_wheeled_robot) StdoutLine: {'line': b'-- Up-to-date: /home/greyflon/lab_2025/install/two_wheeled_robot/share/two_wheeled_robot/models/big_plant/mesh\n'}
[0.503722] (two_wheeled_robot) StdoutLine: {'line': b'-- Up-to-date: /home/greyflon/lab_2025/install/two_wheeled_robot/share/two_wheeled_robot/models/big_plant/mesh/big_plant.stl\n'}
[0.503815] (two_wheeled_robot) StdoutLine: {'line': b'-- Up-to-date: /home/greyflon/lab_2025/install/two_wheeled_robot/share/two_wheeled_robot/models/big_plant/model.config\n'}
[0.503889] (two_wheeled_robot) StdoutLine: {'line': b'-- Up-to-date: /home/greyflon/lab_2025/install/two_wheeled_robot/share/two_wheeled_robot/models/big_plant/model.sdf\n'}
[0.504100] (two_wheeled_robot) StdoutLine: {'line': b'-- Up-to-date: /home/greyflon/lab_2025/install/two_wheeled_robot/share/two_wheeled_robot/models/aws_robomaker_residential_LightC_01\n'}
[0.504211] (two_wheeled_robot) StdoutLine: {'line': b'-- Up-to-date: /home/greyflon/lab_2025/install/two_wheeled_robot/share/two_wheeled_robot/models/aws_robomaker_residential_LightC_01/model.config\n'}
[0.504445] (two_wheeled_robot) StdoutLine: {'line': b'-- Up-to-date: /home/greyflon/lab_2025/install/two_wheeled_robot/share/two_wheeled_robot/models/aws_robomaker_residential_LightC_01/meshes\n'}
[0.504521] (two_wheeled_robot) StdoutLine: {'line': b'-- Up-to-date: /home/greyflon/lab_2025/install/two_wheeled_robot/share/two_wheeled_robot/models/aws_robomaker_residential_LightC_01/meshes/aws_LightC_01_visual.DAE\n'}
[0.504616] (two_wheeled_robot) StdoutLine: {'line': b'-- Up-to-date: /home/greyflon/lab_2025/install/two_wheeled_robot/share/two_wheeled_robot/models/aws_robomaker_residential_LightC_01/meshes/aws_LightC_01_collision.DAE\n'}
[0.504690] (two_wheeled_robot) StdoutLine: {'line': b'-- Up-to-date: /home/greyflon/lab_2025/install/two_wheeled_robot/share/two_wheeled_robot/models/aws_robomaker_residential_LightC_01/materials\n'}
[0.504763] (two_wheeled_robot) StdoutLine: {'line': b'-- Up-to-date: /home/greyflon/lab_2025/install/two_wheeled_robot/share/two_wheeled_robot/models/aws_robomaker_residential_LightC_01/materials/textures\n'}
[0.504889] (two_wheeled_robot) StdoutLine: {'line': b'-- Up-to-date: /home/greyflon/lab_2025/install/two_wheeled_robot/share/two_wheeled_robot/models/aws_robomaker_residential_LightC_01/materials/textures/aws_LightC_01.png\n'}
[0.504979] (two_wheeled_robot) StdoutLine: {'line': b'-- Up-to-date: /home/greyflon/lab_2025/install/two_wheeled_robot/share/two_wheeled_robot/models/aws_robomaker_residential_LightC_01/model.sdf\n'}
[0.505133] (two_wheeled_robot) StdoutLine: {'line': b'-- Up-to-date: /home/greyflon/lab_2025/install/two_wheeled_robot/share/two_wheeled_robot/models/elegant_male\n'}
[0.505209] (two_wheeled_robot) StdoutLine: {'line': b'-- Up-to-date: /home/greyflon/lab_2025/install/two_wheeled_robot/share/two_wheeled_robot/models/elegant_male/model.config\n'}
[0.505279] (two_wheeled_robot) StdoutLine: {'line': b'-- Up-to-date: /home/greyflon/lab_2025/install/two_wheeled_robot/share/two_wheeled_robot/models/elegant_male/meshes\n'}
[0.505504] (two_wheeled_robot) StdoutLine: {'line': b'-- Up-to-date: /home/greyflon/lab_2025/install/two_wheeled_robot/share/two_wheeled_robot/models/elegant_male/meshes/elegant_male.dae\n'}
[0.505603] (two_wheeled_robot) StdoutLine: {'line': b'-- Up-to-date: /home/greyflon/lab_2025/install/two_wheeled_robot/share/two_wheeled_robot/models/elegant_male/meshes/elegant_male.png\n'}
[0.505682] (two_wheeled_robot) StdoutLine: {'line': b'-- Up-to-date: /home/greyflon/lab_2025/install/two_wheeled_robot/share/two_wheeled_robot/models/elegant_male/materials\n'}
[0.505754] (two_wheeled_robot) StdoutLine: {'line': b'-- Up-to-date: /home/greyflon/lab_2025/install/two_wheeled_robot/share/two_wheeled_robot/models/elegant_male/materials/textures\n'}
[0.505852] (two_wheeled_robot) StdoutLine: {'line': b'-- Up-to-date: /home/greyflon/lab_2025/install/two_wheeled_robot/share/two_wheeled_robot/models/elegant_male/materials/textures/shoes01_normal.png\n'}
[0.505926] (two_wheeled_robot) StdoutLine: {'line': b'-- Up-to-date: /home/greyflon/lab_2025/install/two_wheeled_robot/share/two_wheeled_robot/models/elegant_male/materials/textures/short01_diffuse.png\n'}
[0.505999] (two_wheeled_robot) StdoutLine: {'line': b'-- Up-to-date: /home/greyflon/lab_2025/install/two_wheeled_robot/share/two_wheeled_robot/models/elegant_male/materials/textures/eyebrow005.png\n'}
[0.506069] (two_wheeled_robot) StdoutLine: {'line': b'-- Up-to-date: /home/greyflon/lab_2025/install/two_wheeled_robot/share/two_wheeled_robot/models/elegant_male/materials/textures/male_elegantsuit01_diffuse.png\n'}
[0.506141] (two_wheeled_robot) StdoutLine: {'line': b'-- Up-to-date: /home/greyflon/lab_2025/install/two_wheeled_robot/share/two_wheeled_robot/models/elegant_male/materials/textures/young_lightskinned_male_diffuse3.png\n'}
[0.506211] (two_wheeled_robot) StdoutLine: {'line': b'-- Up-to-date: /home/greyflon/lab_2025/install/two_wheeled_robot/share/two_wheeled_robot/models/elegant_male/materials/textures/brown_eye.png\n'}
[0.506431] (two_wheeled_robot) StdoutLine: {'line': b'-- Up-to-date: /home/greyflon/lab_2025/install/two_wheeled_robot/share/two_wheeled_robot/models/elegant_male/materials/textures/shoes01_diffuse.png\n'}
[0.506561] (two_wheeled_robot) StdoutLine: {'line': b'-- Up-to-date: /home/greyflon/lab_2025/install/two_wheeled_robot/share/two_wheeled_robot/models/elegant_male/model.sdf\n'}
[0.506648] (two_wheeled_robot) StdoutLine: {'line': b'-- Up-to-date: /home/greyflon/lab_2025/install/two_wheeled_robot/share/two_wheeled_robot/models/aws_robomaker_hospital_floor_01_walls\n'}
[0.506719] (two_wheeled_robot) StdoutLine: {'line': b'-- Up-to-date: /home/greyflon/lab_2025/install/two_wheeled_robot/share/two_wheeled_robot/models/aws_robomaker_hospital_floor_01_walls/model.config\n'}
[0.506797] (two_wheeled_robot) StdoutLine: {'line': b'-- Up-to-date: /home/greyflon/lab_2025/install/two_wheeled_robot/share/two_wheeled_robot/models/aws_robomaker_hospital_floor_01_walls/meshes\n'}
[0.506872] (two_wheeled_robot) StdoutLine: {'line': b'-- Up-to-date: /home/greyflon/lab_2025/install/two_wheeled_robot/share/two_wheeled_robot/models/aws_robomaker_hospital_floor_01_walls/meshes/aws_robomaker_hospital_floor_01_walls.png\n'}
[0.507129] (two_wheeled_robot) StdoutLine: {'line': b'-- Up-to-date: /home/greyflon/lab_2025/install/two_wheeled_robot/share/two_wheeled_robot/models/aws_robomaker_hospital_floor_01_walls/meshes/aws_robomaker_hospital_floor_01_doorsign.png\n'}
[0.507205] (two_wheeled_robot) StdoutLine: {'line': b'-- Up-to-date: /home/greyflon/lab_2025/install/two_wheeled_robot/share/two_wheeled_robot/models/aws_robomaker_hospital_floor_01_walls/meshes/aws_robomaker_hospital_floor_01_stairs.png\n'}
[0.507276] (two_wheeled_robot) StdoutLine: {'line': b'-- Up-to-date: /home/greyflon/lab_2025/install/two_wheeled_robot/share/two_wheeled_robot/models/aws_robomaker_hospital_floor_01_walls/meshes/aws_robomaker_hospital_floor_01_windows.png\n'}
[0.507348] (two_wheeled_robot) StdoutLine: {'line': b'-- Up-to-date: /home/greyflon/lab_2025/install/two_wheeled_robot/share/two_wheeled_robot/models/aws_robomaker_hospital_floor_01_walls/meshes/aws_robomaker_hospital_floor_01_walls_collision.dae\n'}
[0.507419] (two_wheeled_robot) StdoutLine: {'line': b'-- Up-to-date: /home/greyflon/lab_2025/install/two_wheeled_robot/share/two_wheeled_robot/models/aws_robomaker_hospital_floor_01_walls/meshes/aws_robomaker_hospital_floor_01_bumprail.png\n'}
[0.507489] (two_wheeled_robot) StdoutLine: {'line': b'-- Up-to-date: /home/greyflon/lab_2025/install/two_wheeled_robot/share/two_wheeled_robot/models/aws_robomaker_hospital_floor_01_walls/meshes/aws_robomaker_hospital_floor_01_handrail.png\n'}
[0.507578] (two_wheeled_robot) StdoutLine: {'line': b'-- Up-to-date: /home/greyflon/lab_2025/install/two_wheeled_robot/share/two_wheeled_robot/models/aws_robomaker_hospital_floor_01_walls/meshes/aws_robomaker_hospital_floor_01_doorframes_small.png\n'}
[0.507658] (two_wheeled_robot) StdoutLine: {'line': b'-- Up-to-date: /home/greyflon/lab_2025/install/two_wheeled_robot/share/two_wheeled_robot/models/aws_robomaker_hospital_floor_01_walls/meshes/aws_robomaker_hospital_floor_01_doorframes_big.png\n'}
[0.507733] (two_wheeled_robot) StdoutLine: {'line': b'-- Up-to-date: /home/greyflon/lab_2025/install/two_wheeled_robot/share/two_wheeled_robot/models/aws_robomaker_hospital_floor_01_walls/meshes/aws_robomaker_hospital_floor_01_walls_visual.dae\n'}
[0.507804] (two_wheeled_robot) StdoutLine: {'line': b'-- Up-to-date: /home/greyflon/lab_2025/install/two_wheeled_robot/share/two_wheeled_robot/models/aws_robomaker_hospital_floor_01_walls/model.sdf\n'}
[0.507896] (two_wheeled_robot) StdoutLine: {'line': b'-- Up-to-date: /home/greyflon/lab_2025/install/two_wheeled_robot/share/two_wheeled_robot/models/aws_robomaker_residential_Bed_01\n'}
[0.507977] (two_wheeled_robot) StdoutLine: {'line': b'-- Up-to-date: /home/greyflon/lab_2025/install/two_wheeled_robot/share/two_wheeled_robot/models/aws_robomaker_residential_Bed_01/model.config\n'}
[0.508071] (two_wheeled_robot) StdoutLine: {'line': b'-- Up-to-date: /home/greyflon/lab_2025/install/two_wheeled_robot/share/two_wheeled_robot/models/aws_robomaker_residential_Bed_01/meshes\n'}
[0.508171] (two_wheeled_robot) StdoutLine: {'line': b'-- Up-to-date: /home/greyflon/lab_2025/install/two_wheeled_robot/share/two_wheeled_robot/models/aws_robomaker_residential_Bed_01/meshes/aws_Bed_01_visual.DAE\n'}
[0.508256] (two_wheeled_robot) StdoutLine: {'line': b'-- Up-to-date: /home/greyflon/lab_2025/install/two_wheeled_robot/share/two_wheeled_robot/models/aws_robomaker_residential_Bed_01/meshes/aws_Bed_01_collision.DAE\n'}
[0.508328] (two_wheeled_robot) StdoutLine: {'line': b'-- Up-to-date: /home/greyflon/lab_2025/install/two_wheeled_robot/share/two_wheeled_robot/models/aws_robomaker_residential_Bed_01/materials\n'}
[0.508416] (two_wheeled_robot) StdoutLine: {'line': b'-- Up-to-date: /home/greyflon/lab_2025/install/two_wheeled_robot/share/two_wheeled_robot/models/aws_robomaker_residential_Bed_01/materials/textures\n'}
[0.508491] (two_wheeled_robot) StdoutLine: {'line': b'-- Up-to-date: /home/greyflon/lab_2025/install/two_wheeled_robot/share/two_wheeled_robot/models/aws_robomaker_residential_Bed_01/materials/textures/aws_BedC_01.png\n'}
[0.508591] (two_wheeled_robot) StdoutLine: {'line': b'-- Up-to-date: /home/greyflon/lab_2025/install/two_wheeled_robot/share/two_wheeled_robot/models/aws_robomaker_residential_Bed_01/materials/textures/aws_BedB_01.png\n'}
[0.508669] (two_wheeled_robot) StdoutLine: {'line': b'-- Up-to-date: /home/greyflon/lab_2025/install/two_wheeled_robot/share/two_wheeled_robot/models/aws_robomaker_residential_Bed_01/materials/textures/aws_Bed_01.png\n'}
[0.508741] (two_wheeled_robot) StdoutLine: {'line': b'-- Up-to-date: /home/greyflon/lab_2025/install/two_wheeled_robot/share/two_wheeled_robot/models/aws_robomaker_residential_Bed_01/materials/textures/aws_BedA_01.png\n'}
[0.508821] (two_wheeled_robot) StdoutLine: {'line': b'-- Up-to-date: /home/greyflon/lab_2025/install/two_wheeled_robot/share/two_wheeled_robot/models/aws_robomaker_residential_Bed_01/model.sdf\n'}
[0.508893] (two_wheeled_robot) StdoutLine: {'line': b'-- Up-to-date: /home/greyflon/lab_2025/install/two_wheeled_robot/share/two_wheeled_robot/models/green_tray\n'}
[0.508964] (two_wheeled_robot) StdoutLine: {'line': b'-- Up-to-date: /home/greyflon/lab_2025/install/two_wheeled_robot/share/two_wheeled_robot/models/green_tray/model.config\n'}
[0.509033] (two_wheeled_robot) StdoutLine: {'line': b'-- Up-to-date: /home/greyflon/lab_2025/install/two_wheeled_robot/share/two_wheeled_robot/models/green_tray/meshes\n'}
[0.509138] (two_wheeled_robot) StdoutLine: {'line': b'-- Up-to-date: /home/greyflon/lab_2025/install/two_wheeled_robot/share/two_wheeled_robot/models/green_tray/meshes/green_tray.dae\n'}
[0.509210] (two_wheeled_robot) StdoutLine: {'line': b'-- Up-to-date: /home/greyflon/lab_2025/install/two_wheeled_robot/share/two_wheeled_robot/models/green_tray/model.sdf\n'}
[0.509279] (two_wheeled_robot) StdoutLine: {'line': b'-- Up-to-date: /home/greyflon/lab_2025/install/two_wheeled_robot/share/two_wheeled_robot/models/target_4x4\n'}
[0.509349] (two_wheeled_robot) StdoutLine: {'line': b'-- Up-to-date: /home/greyflon/lab_2025/install/two_wheeled_robot/share/two_wheeled_robot/models/target_4x4/model.config\n'}
[0.509421] (two_wheeled_robot) StdoutLine: {'line': b'-- Up-to-date: /home/greyflon/lab_2025/install/two_wheeled_robot/share/two_wheeled_robot/models/target_4x4/meshes\n'}
[0.509492] (two_wheeled_robot) StdoutLine: {'line': b'-- Up-to-date: /home/greyflon/lab_2025/install/two_wheeled_robot/share/two_wheeled_robot/models/target_4x4/meshes/target_4x4.dae\n'}
[0.509583] (two_wheeled_robot) StdoutLine: {'line': b'-- Up-to-date: /home/greyflon/lab_2025/install/two_wheeled_robot/share/two_wheeled_robot/models/target_4x4/model.sdf\n'}
[0.509664] (two_wheeled_robot) StdoutLine: {'line': b'-- Up-to-date: /home/greyflon/lab_2025/install/two_wheeled_robot/share/two_wheeled_robot/models/robotbase\n'}
[0.509735] (two_wheeled_robot) StdoutLine: {'line': b'-- Up-to-date: /home/greyflon/lab_2025/install/two_wheeled_robot/share/two_wheeled_robot/models/robotbase/model.config\n'}
[0.509806] (two_wheeled_robot) StdoutLine: {'line': b'-- Up-to-date: /home/greyflon/lab_2025/install/two_wheeled_robot/share/two_wheeled_robot/models/robotbase/model.sdf\n'}
[0.509877] (two_wheeled_robot) StdoutLine: {'line': b'-- Up-to-date: /home/greyflon/lab_2025/install/two_wheeled_robot/share/two_wheeled_robot/models/washer\n'}
[0.509949] (two_wheeled_robot) StdoutLine: {'line': b'-- Up-to-date: /home/greyflon/lab_2025/install/two_wheeled_robot/share/two_wheeled_robot/models/washer/model.config\n'}
[0.510020] (two_wheeled_robot) StdoutLine: {'line': b'-- Up-to-date: /home/greyflon/lab_2025/install/two_wheeled_robot/share/two_wheeled_robot/models/washer/meshes\n'}
[0.510091] (two_wheeled_robot) StdoutLine: {'line': b'-- Up-to-date: /home/greyflon/lab_2025/install/two_wheeled_robot/share/two_wheeled_robot/models/washer/meshes/washer.dae\n'}
[0.510162] (two_wheeled_robot) StdoutLine: {'line': b'-- Up-to-date: /home/greyflon/lab_2025/install/two_wheeled_robot/share/two_wheeled_robot/models/washer/model.sdf\n'}
[0.510240] (two_wheeled_robot) StdoutLine: {'line': b'-- Up-to-date: /home/greyflon/lab_2025/install/two_wheeled_robot/share/two_wheeled_robot/models/washer/model.rsdf\n'}
[0.510628] (two_wheeled_robot) StdoutLine: {'line': b'-- Up-to-date: /home/greyflon/lab_2025/install/two_wheeled_robot/share/two_wheeled_robot/models/aws_robomaker_hospital_curtain_closed_01\n'}
[0.510947] (two_wheeled_robot) StdoutLine: {'line': b'-- Up-to-date: /home/greyflon/lab_2025/install/two_wheeled_robot/share/two_wheeled_robot/models/aws_robomaker_hospital_curtain_closed_01/model.config\n'}
[0.511024] (two_wheeled_robot) StdoutLine: {'line': b'-- Up-to-date: /home/greyflon/lab_2025/install/two_wheeled_robot/share/two_wheeled_robot/models/aws_robomaker_hospital_curtain_closed_01/meshes\n'}
[0.511113] (two_wheeled_robot) StdoutLine: {'line': b'-- Up-to-date: /home/greyflon/lab_2025/install/two_wheeled_robot/share/two_wheeled_robot/models/aws_robomaker_hospital_curtain_closed_01/meshes/aws_robomaker_hospital_curtainrail_01_visual.png\n'}
[0.511188] (two_wheeled_robot) StdoutLine: {'line': b'-- Up-to-date: /home/greyflon/lab_2025/install/two_wheeled_robot/share/two_wheeled_robot/models/aws_robomaker_hospital_curtain_closed_01/meshes/aws_robomaker_hospital_curtain_closed_01_low.png\n'}
[0.511260] (two_wheeled_robot) StdoutLine: {'line': b'-- Up-to-date: /home/greyflon/lab_2025/install/two_wheeled_robot/share/two_wheeled_robot/models/aws_robomaker_hospital_curtain_closed_01/meshes/aws_robomaker_hospital_curtainrail_01_visual_normal.png\n'}
[0.511335] (two_wheeled_robot) StdoutLine: {'line': b'-- Up-to-date: /home/greyflon/lab_2025/install/two_wheeled_robot/share/two_wheeled_robot/models/aws_robomaker_hospital_curtain_closed_01/meshes/aws_robomaker_hospital_curtain_closed_01_low_normal.png\n'}
[0.511406] (two_wheeled_robot) StdoutLine: {'line': b'-- Up-to-date: /home/greyflon/lab_2025/install/two_wheeled_robot/share/two_wheeled_robot/models/aws_robomaker_hospital_curtain_closed_01/meshes/aws_robomaker_hospital_curtain_closed_01_visual.dae\n'}
[0.511479] (two_wheeled_robot) StdoutLine: {'line': b'-- Up-to-date: /home/greyflon/lab_2025/install/two_wheeled_robot/share/two_wheeled_robot/models/aws_robomaker_hospital_curtain_closed_01/meshes/aws_robomaker_hospital_curtain_closed_01_collision.dae\n'}
[0.511597] (two_wheeled_robot) StdoutLine: {'line': b'-- Up-to-date: /home/greyflon/lab_2025/install/two_wheeled_robot/share/two_wheeled_robot/models/aws_robomaker_hospital_curtain_closed_01/meshes/aws_robomaker_hospital_curtain_closed_01_visual_normal.png\n'}
[0.511703] (two_wheeled_robot) StdoutLine: {'line': b'-- Up-to-date: /home/greyflon/lab_2025/install/two_wheeled_robot/share/two_wheeled_robot/models/aws_robomaker_hospital_curtain_closed_01/meshes/aws_robomaker_hospital_curtain_closed_01_visual.png\n'}
[0.511789] (two_wheeled_robot) StdoutLine: {'line': b'-- Up-to-date: /home/greyflon/lab_2025/install/two_wheeled_robot/share/two_wheeled_robot/models/aws_robomaker_hospital_curtain_closed_01/meshes/aws_robomaker_hospital_curtainrail_01_low.png\n'}
[0.511863] (two_wheeled_robot) StdoutLine: {'line': b'-- Up-to-date: /home/greyflon/lab_2025/install/two_wheeled_robot/share/two_wheeled_robot/models/aws_robomaker_hospital_curtain_closed_01/meshes/aws_robomaker_hospital_curtainrail_01_low_normal.png\n'}
[0.511933] (two_wheeled_robot) StdoutLine: {'line': b'-- Up-to-date: /home/greyflon/lab_2025/install/two_wheeled_robot/share/two_wheeled_robot/models/aws_robomaker_hospital_curtain_closed_01/model.sdf\n'}
[0.512005] (two_wheeled_robot) StdoutLine: {'line': b'-- Up-to-date: /home/greyflon/lab_2025/install/two_wheeled_robot/share/two_wheeled_robot/models/BPCart\n'}
[0.512079] (two_wheeled_robot) StdoutLine: {'line': b'-- Up-to-date: /home/greyflon/lab_2025/install/two_wheeled_robot/share/two_wheeled_robot/models/BPCart/model.config\n'}
[0.512556] (two_wheeled_robot) StdoutLine: {'line': b'-- Up-to-date: /home/greyflon/lab_2025/install/two_wheeled_robot/share/two_wheeled_robot/models/BPCart/meshes\n'}
[0.512648] (two_wheeled_robot) StdoutLine: {'line': b'-- Up-to-date: /home/greyflon/lab_2025/install/two_wheeled_robot/share/two_wheeled_robot/models/BPCart/meshes/Cart_BP_Diffuse.png\n'}
[0.512799] (two_wheeled_robot) StdoutLine: {'line': b'-- Up-to-date: /home/greyflon/lab_2025/install/two_wheeled_robot/share/two_wheeled_robot/models/BPCart/meshes/Carts_Wheels_Diffuse.png\n'}
[0.512900] (two_wheeled_robot) StdoutLine: {'line': b'-- Up-to-date: /home/greyflon/lab_2025/install/two_wheeled_robot/share/two_wheeled_robot/models/BPCart/meshes/Cart_BP_Col.obj\n'}
[0.512977] (two_wheeled_robot) StdoutLine: {'line': b'-- Up-to-date: /home/greyflon/lab_2025/install/two_wheeled_robot/share/two_wheeled_robot/models/BPCart/meshes/Cart_BP_Col.mtl\n'}
[0.513047] (two_wheeled_robot) StdoutLine: {'line': b'-- Up-to-date: /home/greyflon/lab_2025/install/two_wheeled_robot/share/two_wheeled_robot/models/BPCart/meshes/Cart_BP.obj\n'}
[0.513120] (two_wheeled_robot) StdoutLine: {'line': b'-- Up-to-date: /home/greyflon/lab_2025/install/two_wheeled_robot/share/two_wheeled_robot/models/BPCart/meshes/Cart_BP.mtl\n'}
[0.513189] (two_wheeled_robot) StdoutLine: {'line': b'-- Up-to-date: /home/greyflon/lab_2025/install/two_wheeled_robot/share/two_wheeled_robot/models/BPCart/meshes/BP_BP_LP_SpecularGloss.png\n'}
[0.513259] (two_wheeled_robot) StdoutLine: {'line': b'-- Up-to-date: /home/greyflon/lab_2025/install/two_wheeled_robot/share/two_wheeled_robot/models/BPCart/meshes/BP_BP_LP_Normal.png\n'}
[0.513330] (two_wheeled_robot) StdoutLine: {'line': b'-- Up-to-date: /home/greyflon/lab_2025/install/two_wheeled_robot/share/two_wheeled_robot/models/BPCart/thumbnails\n'}
[0.513401] (two_wheeled_robot) StdoutLine: {'line': b'-- Up-to-date: /home/greyflon/lab_2025/install/two_wheeled_robot/share/two_wheeled_robot/models/BPCart/thumbnails/5.png\n'}
[0.514030] (two_wheeled_robot) StdoutLine: {'line': b'-- Up-to-date: /home/greyflon/lab_2025/install/two_wheeled_robot/share/two_wheeled_robot/models/BPCart/thumbnails/1.png\n'}
[0.514113] (two_wheeled_robot) StdoutLine: {'line': b'-- Up-to-date: /home/greyflon/lab_2025/install/two_wheeled_robot/share/two_wheeled_robot/models/BPCart/thumbnails/2.png\n'}
[0.514183] (two_wheeled_robot) StdoutLine: {'line': b'-- Up-to-date: /home/greyflon/lab_2025/install/two_wheeled_robot/share/two_wheeled_robot/models/BPCart/thumbnails/4.png\n'}
[0.514254] (two_wheeled_robot) StdoutLine: {'line': b'-- Up-to-date: /home/greyflon/lab_2025/install/two_wheeled_robot/share/two_wheeled_robot/models/BPCart/thumbnails/3.png\n'}
[0.514323] (two_wheeled_robot) StdoutLine: {'line': b'-- Up-to-date: /home/greyflon/lab_2025/install/two_wheeled_robot/share/two_wheeled_robot/models/BPCart/model.sdf\n'}
[0.514396] (two_wheeled_robot) StdoutLine: {'line': b'-- Up-to-date: /home/greyflon/lab_2025/install/two_wheeled_robot/share/two_wheeled_robot/models/TrolleyBedPatient\n'}
[0.514686] (two_wheeled_robot) StdoutLine: {'line': b'-- Up-to-date: /home/greyflon/lab_2025/install/two_wheeled_robot/share/two_wheeled_robot/models/TrolleyBedPatient/model.config\n'}
[0.514773] (two_wheeled_robot) StdoutLine: {'line': b'-- Up-to-date: /home/greyflon/lab_2025/install/two_wheeled_robot/share/two_wheeled_robot/models/TrolleyBedPatient/meshes\n'}
[0.514844] (two_wheeled_robot) StdoutLine: {'line': b'-- Up-to-date: /home/greyflon/lab_2025/install/two_wheeled_robot/share/two_wheeled_robot/models/TrolleyBedPatient/meshes/PatientF.png\n'}
[0.514932] (two_wheeled_robot) StdoutLine: {'line': b'-- Up-to-date: /home/greyflon/lab_2025/install/two_wheeled_robot/share/two_wheeled_robot/models/TrolleyBedPatient/meshes/TrolleyBedPatient.mtl\n'}
[0.515013] (two_wheeled_robot) StdoutLine: {'line': b'-- Up-to-date: /home/greyflon/lab_2025/install/two_wheeled_robot/share/two_wheeled_robot/models/TrolleyBedPatient/meshes/TrolleyBedPatient.obj\n'}
[0.515086] (two_wheeled_robot) StdoutLine: {'line': b'-- Up-to-date: /home/greyflon/lab_2025/install/two_wheeled_robot/share/two_wheeled_robot/models/TrolleyBedPatient/meshes/TrolleyBed_Diffuse.png\n'}
[0.515157] (two_wheeled_robot) StdoutLine: {'line': b'-- Up-to-date: /home/greyflon/lab_2025/install/two_wheeled_robot/share/two_wheeled_robot/models/TrolleyBedPatient/thumbnails\n'}
[0.515234] (two_wheeled_robot) StdoutLine: {'line': b'-- Up-to-date: /home/greyflon/lab_2025/install/two_wheeled_robot/share/two_wheeled_robot/models/TrolleyBedPatient/thumbnails/5.png\n'}
[0.515307] (two_wheeled_robot) StdoutLine: {'line': b'-- Up-to-date: /home/greyflon/lab_2025/install/two_wheeled_robot/share/two_wheeled_robot/models/TrolleyBedPatient/thumbnails/1.png\n'}
[0.515377] (two_wheeled_robot) StdoutLine: {'line': b'-- Up-to-date: /home/greyflon/lab_2025/install/two_wheeled_robot/share/two_wheeled_robot/models/TrolleyBedPatient/thumbnails/2.png\n'}
[0.515448] (two_wheeled_robot) StdoutLine: {'line': b'-- Up-to-date: /home/greyflon/lab_2025/install/two_wheeled_robot/share/two_wheeled_robot/models/TrolleyBedPatient/thumbnails/4.png\n'}
[0.515519] (two_wheeled_robot) StdoutLine: {'line': b'-- Up-to-date: /home/greyflon/lab_2025/install/two_wheeled_robot/share/two_wheeled_robot/models/TrolleyBedPatient/thumbnails/3.png\n'}
[0.515615] (two_wheeled_robot) StdoutLine: {'line': b'-- Up-to-date: /home/greyflon/lab_2025/install/two_wheeled_robot/share/two_wheeled_robot/models/TrolleyBedPatient/model.sdf\n'}
[0.515690] (two_wheeled_robot) StdoutLine: {'line': b'-- Up-to-date: /home/greyflon/lab_2025/install/two_wheeled_robot/share/two_wheeled_robot/models/aws_robomaker_residential_PortraitA_01\n'}
[0.515760] (two_wheeled_robot) StdoutLine: {'line': b'-- Up-to-date: /home/greyflon/lab_2025/install/two_wheeled_robot/share/two_wheeled_robot/models/aws_robomaker_residential_PortraitA_01/model.config\n'}
[0.515833] (two_wheeled_robot) StdoutLine: {'line': b'-- Up-to-date: /home/greyflon/lab_2025/install/two_wheeled_robot/share/two_wheeled_robot/models/aws_robomaker_residential_PortraitA_01/meshes\n'}
[0.515903] (two_wheeled_robot) StdoutLine: {'line': b'-- Up-to-date: /home/greyflon/lab_2025/install/two_wheeled_robot/share/two_wheeled_robot/models/aws_robomaker_residential_PortraitA_01/meshes/aws_PortraitA_01_visual.DAE\n'}
[0.515975] (two_wheeled_robot) StdoutLine: {'line': b'-- Up-to-date: /home/greyflon/lab_2025/install/two_wheeled_robot/share/two_wheeled_robot/models/aws_robomaker_residential_PortraitA_01/meshes/aws_PortraitA_01_collision.DAE\n'}
[0.516045] (two_wheeled_robot) StdoutLine: {'line': b'-- Up-to-date: /home/greyflon/lab_2025/install/two_wheeled_robot/share/two_wheeled_robot/models/aws_robomaker_residential_PortraitA_01/materials\n'}
[0.516115] (two_wheeled_robot) StdoutLine: {'line': b'-- Up-to-date: /home/greyflon/lab_2025/install/two_wheeled_robot/share/two_wheeled_robot/models/aws_robomaker_residential_PortraitA_01/materials/textures\n'}
[0.516188] (two_wheeled_robot) StdoutLine: {'line': b'-- Up-to-date: /home/greyflon/lab_2025/install/two_wheeled_robot/share/two_wheeled_robot/models/aws_robomaker_residential_PortraitA_01/materials/textures/aws_PortraitA_01.png\n'}
[0.516261] (two_wheeled_robot) StdoutLine: {'line': b'-- Up-to-date: /home/greyflon/lab_2025/install/two_wheeled_robot/share/two_wheeled_robot/models/aws_robomaker_residential_PortraitA_01/materials/textures/aws_PortraitA_02.png\n'}
[0.516330] (two_wheeled_robot) StdoutLine: {'line': b'-- Up-to-date: /home/greyflon/lab_2025/install/two_wheeled_robot/share/two_wheeled_robot/models/aws_robomaker_residential_PortraitA_01/materials/textures/PortraitA_01.jpg\n'}
[0.516400] (two_wheeled_robot) StdoutLine: {'line': b'-- Up-to-date: /home/greyflon/lab_2025/install/two_wheeled_robot/share/two_wheeled_robot/models/aws_robomaker_residential_PortraitA_01/model.sdf\n'}
[0.516671] (two_wheeled_robot) StdoutLine: {'line': b'-- Up-to-date: /home/greyflon/lab_2025/install/two_wheeled_robot/share/two_wheeled_robot/models/aws_robomaker_residential_Vase_01\n'}
[0.516751] (two_wheeled_robot) StdoutLine: {'line': b'-- Up-to-date: /home/greyflon/lab_2025/install/two_wheeled_robot/share/two_wheeled_robot/models/aws_robomaker_residential_Vase_01/model.config\n'}
[0.516822] (two_wheeled_robot) StdoutLine: {'line': b'-- Up-to-date: /home/greyflon/lab_2025/install/two_wheeled_robot/share/two_wheeled_robot/models/aws_robomaker_residential_Vase_01/meshes\n'}
[0.516904] (two_wheeled_robot) StdoutLine: {'line': b'-- Up-to-date: /home/greyflon/lab_2025/install/two_wheeled_robot/share/two_wheeled_robot/models/aws_robomaker_residential_Vase_01/meshes/aws_Vase_01_collision.DAE\n'}
[0.516975] (two_wheeled_robot) StdoutLine: {'line': b'-- Up-to-date: /home/greyflon/lab_2025/install/two_wheeled_robot/share/two_wheeled_robot/models/aws_robomaker_residential_Vase_01/meshes/aws_Vase_01_visual.DAE\n'}
[0.517063] (two_wheeled_robot) StdoutLine: {'line': b'-- Up-to-date: /home/greyflon/lab_2025/install/two_wheeled_robot/share/two_wheeled_robot/models/aws_robomaker_residential_Vase_01/materials\n'}
[0.517139] (two_wheeled_robot) StdoutLine: {'line': b'-- Up-to-date: /home/greyflon/lab_2025/install/two_wheeled_robot/share/two_wheeled_robot/models/aws_robomaker_residential_Vase_01/materials/textures\n'}
[0.517219] (two_wheeled_robot) StdoutLine: {'line': b'-- Up-to-date: /home/greyflon/lab_2025/install/two_wheeled_robot/share/two_wheeled_robot/models/aws_robomaker_residential_Vase_01/materials/textures/aws_Vase_01.png\n'}
[0.517321] (two_wheeled_robot) StdoutLine: {'line': b'-- Up-to-date: /home/greyflon/lab_2025/install/two_wheeled_robot/share/two_wheeled_robot/models/aws_robomaker_residential_Vase_01/model.sdf\n'}
[0.517394] (two_wheeled_robot) StdoutLine: {'line': b'-- Up-to-date: /home/greyflon/lab_2025/install/two_wheeled_robot/share/two_wheeled_robot/models/aws_robomaker_residential_TVCabinet_01\n'}
[0.517467] (two_wheeled_robot) StdoutLine: {'line': b'-- Up-to-date: /home/greyflon/lab_2025/install/two_wheeled_robot/share/two_wheeled_robot/models/aws_robomaker_residential_TVCabinet_01/model.config\n'}
[0.517537] (two_wheeled_robot) StdoutLine: {'line': b'-- Up-to-date: /home/greyflon/lab_2025/install/two_wheeled_robot/share/two_wheeled_robot/models/aws_robomaker_residential_TVCabinet_01/meshes\n'}
[0.517639] (two_wheeled_robot) StdoutLine: {'line': b'-- Up-to-date: /home/greyflon/lab_2025/install/two_wheeled_robot/share/two_wheeled_robot/models/aws_robomaker_residential_TVCabinet_01/meshes/aws_TVCabinet_01_visual.DAE\n'}
[0.517710] (two_wheeled_robot) StdoutLine: {'line': b'-- Up-to-date: /home/greyflon/lab_2025/install/two_wheeled_robot/share/two_wheeled_robot/models/aws_robomaker_residential_TVCabinet_01/meshes/aws_TVCabinet_01_collision.DAE\n'}
[0.517781] (two_wheeled_robot) StdoutLine: {'line': b'-- Up-to-date: /home/greyflon/lab_2025/install/two_wheeled_robot/share/two_wheeled_robot/models/aws_robomaker_residential_TVCabinet_01/materials\n'}
[0.517850] (two_wheeled_robot) StdoutLine: {'line': b'-- Up-to-date: /home/greyflon/lab_2025/install/two_wheeled_robot/share/two_wheeled_robot/models/aws_robomaker_residential_TVCabinet_01/materials/textures\n'}
[0.517921] (two_wheeled_robot) StdoutLine: {'line': b'-- Up-to-date: /home/greyflon/lab_2025/install/two_wheeled_robot/share/two_wheeled_robot/models/aws_robomaker_residential_TVCabinet_01/materials/textures/aws_TVCabinet_01.png\n'}
[0.517992] (two_wheeled_robot) StdoutLine: {'line': b'-- Up-to-date: /home/greyflon/lab_2025/install/two_wheeled_robot/share/two_wheeled_robot/models/aws_robomaker_residential_TVCabinet_01/model.sdf\n'}
[0.518062] (two_wheeled_robot) StdoutLine: {'line': b'-- Up-to-date: /home/greyflon/lab_2025/install/two_wheeled_robot/share/two_wheeled_robot/models/europallet\n'}
[0.518132] (two_wheeled_robot) StdoutLine: {'line': b'-- Up-to-date: /home/greyflon/lab_2025/install/two_wheeled_robot/share/two_wheeled_robot/models/europallet/model.config\n'}
[0.518202] (two_wheeled_robot) StdoutLine: {'line': b'-- Up-to-date: /home/greyflon/lab_2025/install/two_wheeled_robot/share/two_wheeled_robot/models/europallet/meshes\n'}
[0.518273] (two_wheeled_robot) StdoutLine: {'line': b'-- Up-to-date: /home/greyflon/lab_2025/install/two_wheeled_robot/share/two_wheeled_robot/models/europallet/meshes/europallet.dae\n'}
[0.518345] (two_wheeled_robot) StdoutLine: {'line': b'-- Up-to-date: /home/greyflon/lab_2025/install/two_wheeled_robot/share/two_wheeled_robot/models/europallet/materials\n'}
[0.518423] (two_wheeled_robot) StdoutLine: {'line': b'-- Up-to-date: /home/greyflon/lab_2025/install/two_wheeled_robot/share/two_wheeled_robot/models/europallet/materials/textures\n'}
[0.518494] (two_wheeled_robot) StdoutLine: {'line': b'-- Up-to-date: /home/greyflon/lab_2025/install/two_wheeled_robot/share/two_wheeled_robot/models/europallet/materials/textures/Wood_Grain_Dark.jpg\n'}
[0.518590] (two_wheeled_robot) StdoutLine: {'line': b'-- Up-to-date: /home/greyflon/lab_2025/install/two_wheeled_robot/share/two_wheeled_robot/models/europallet/model.sdf\n'}
[0.518668] (two_wheeled_robot) StdoutLine: {'line': b'-- Up-to-date: /home/greyflon/lab_2025/install/two_wheeled_robot/share/two_wheeled_robot/models/PatientWheelChair\n'}
[0.518739] (two_wheeled_robot) StdoutLine: {'line': b'-- Up-to-date: /home/greyflon/lab_2025/install/two_wheeled_robot/share/two_wheeled_robot/models/PatientWheelChair/model.config\n'}
[0.518809] (two_wheeled_robot) StdoutLine: {'line': b'-- Up-to-date: /home/greyflon/lab_2025/install/two_wheeled_robot/share/two_wheeled_robot/models/PatientWheelChair/meshes\n'}
[0.518893] (two_wheeled_robot) StdoutLine: {'line': b'-- Up-to-date: /home/greyflon/lab_2025/install/two_wheeled_robot/share/two_wheeled_robot/models/PatientWheelChair/meshes/PatientWheelChair_Diffuse.png\n'}
[0.518964] (two_wheeled_robot) StdoutLine: {'line': b'-- Up-to-date: /home/greyflon/lab_2025/install/two_wheeled_robot/share/two_wheeled_robot/models/PatientWheelChair/meshes/PatientWheelChair_Col.mtl\n'}
[0.519036] (two_wheeled_robot) StdoutLine: {'line': b'-- Up-to-date: /home/greyflon/lab_2025/install/two_wheeled_robot/share/two_wheeled_robot/models/PatientWheelChair/meshes/PatientWheelChair_Col.obj\n'}
[0.519106] (two_wheeled_robot) StdoutLine: {'line': b'-- Up-to-date: /home/greyflon/lab_2025/install/two_wheeled_robot/share/two_wheeled_robot/models/PatientWheelChair/meshes/PatientWheelChair.mtl\n'}
[0.519178] (two_wheeled_robot) StdoutLine: {'line': b'-- Up-to-date: /home/greyflon/lab_2025/install/two_wheeled_robot/share/two_wheeled_robot/models/PatientWheelChair/meshes/PatientWheelChair.obj\n'}
[0.519255] (two_wheeled_robot) StdoutLine: {'line': b'-- Up-to-date: /home/greyflon/lab_2025/install/two_wheeled_robot/share/two_wheeled_robot/models/PatientWheelChair/thumbnails\n'}
[0.519325] (two_wheeled_robot) StdoutLine: {'line': b'-- Up-to-date: /home/greyflon/lab_2025/install/two_wheeled_robot/share/two_wheeled_robot/models/PatientWheelChair/thumbnails/5.png\n'}
[0.519395] (two_wheeled_robot) StdoutLine: {'line': b'-- Up-to-date: /home/greyflon/lab_2025/install/two_wheeled_robot/share/two_wheeled_robot/models/PatientWheelChair/thumbnails/1.png\n'}
[0.519468] (two_wheeled_robot) StdoutLine: {'line': b'-- Up-to-date: /home/greyflon/lab_2025/install/two_wheeled_robot/share/two_wheeled_robot/models/PatientWheelChair/thumbnails/2.png\n'}
[0.519575] (two_wheeled_robot) StdoutLine: {'line': b'-- Up-to-date: /home/greyflon/lab_2025/install/two_wheeled_robot/share/two_wheeled_robot/models/PatientWheelChair/thumbnails/4.png\n'}
[0.519683] (two_wheeled_robot) StdoutLine: {'line': b'-- Up-to-date: /home/greyflon/lab_2025/install/two_wheeled_robot/share/two_wheeled_robot/models/PatientWheelChair/thumbnails/3.png\n'}
[0.519777] (two_wheeled_robot) StdoutLine: {'line': b'-- Up-to-date: /home/greyflon/lab_2025/install/two_wheeled_robot/share/two_wheeled_robot/models/PatientWheelChair/model.sdf\n'}
[0.519850] (two_wheeled_robot) StdoutLine: {'line': b'-- Up-to-date: /home/greyflon/lab_2025/install/two_wheeled_robot/share/two_wheeled_robot/models/aws_robomaker_hospital_elevator_01_car\n'}
[0.519920] (two_wheeled_robot) StdoutLine: {'line': b'-- Up-to-date: /home/greyflon/lab_2025/install/two_wheeled_robot/share/two_wheeled_robot/models/aws_robomaker_hospital_elevator_01_car/model.config\n'}
[0.519991] (two_wheeled_robot) StdoutLine: {'line': b'-- Up-to-date: /home/greyflon/lab_2025/install/two_wheeled_robot/share/two_wheeled_robot/models/aws_robomaker_hospital_elevator_01_car/meshes\n'}
[0.520060] (two_wheeled_robot) StdoutLine: {'line': b'-- Up-to-date: /home/greyflon/lab_2025/install/two_wheeled_robot/share/two_wheeled_robot/models/aws_robomaker_hospital_elevator_01_car/meshes/aws_robomaker_hospital_elevator_01_car_collision.dae\n'}
[0.520140] (two_wheeled_robot) StdoutLine: {'line': b'-- Up-to-date: /home/greyflon/lab_2025/install/two_wheeled_robot/share/two_wheeled_robot/models/aws_robomaker_hospital_elevator_01_car/meshes/aws_robomaker_hospital_elevator_01_car_low.dae\n'}
[0.520212] (two_wheeled_robot) StdoutLine: {'line': b'-- Up-to-date: /home/greyflon/lab_2025/install/two_wheeled_robot/share/two_wheeled_robot/models/aws_robomaker_hospital_elevator_01_car/meshes/aws_robomaker_hospital_elevator_01_visual_normal.png\n'}
[0.520284] (two_wheeled_robot) StdoutLine: {'line': b'-- Up-to-date: /home/greyflon/lab_2025/install/two_wheeled_robot/share/two_wheeled_robot/models/aws_robomaker_hospital_elevator_01_car/meshes/aws_robomaker_hospital_elevator_01_low.png\n'}
[0.520357] (two_wheeled_robot) StdoutLine: {'line': b'-- Up-to-date: /home/greyflon/lab_2025/install/two_wheeled_robot/share/two_wheeled_robot/models/aws_robomaker_hospital_elevator_01_car/meshes/aws_robomaker_hospital_elevator_01_low_normal.png\n'}
[0.520428] (two_wheeled_robot) StdoutLine: {'line': b'-- Up-to-date: /home/greyflon/lab_2025/install/two_wheeled_robot/share/two_wheeled_robot/models/aws_robomaker_hospital_elevator_01_car/meshes/aws_robomaker_hospital_elevator_01_car_visual.dae\n'}
[0.520499] (two_wheeled_robot) StdoutLine: {'line': b'-- Up-to-date: /home/greyflon/lab_2025/install/two_wheeled_robot/share/two_wheeled_robot/models/aws_robomaker_hospital_elevator_01_car/meshes/aws_robomaker_hospital_elevator_01_visual.png\n'}
[0.520591] (two_wheeled_robot) StdoutLine: {'line': b'-- Up-to-date: /home/greyflon/lab_2025/install/two_wheeled_robot/share/two_wheeled_robot/models/aws_robomaker_hospital_elevator_01_car/model.sdf\n'}
[0.520671] (two_wheeled_robot) StdoutLine: {'line': b'-- Up-to-date: /home/greyflon/lab_2025/install/two_wheeled_robot/share/two_wheeled_robot/models/aws_robomaker_residential_AirconditionerB_01\n'}
[0.520742] (two_wheeled_robot) StdoutLine: {'line': b'-- Up-to-date: /home/greyflon/lab_2025/install/two_wheeled_robot/share/two_wheeled_robot/models/aws_robomaker_residential_AirconditionerB_01/model.config\n'}
[0.520812] (two_wheeled_robot) StdoutLine: {'line': b'-- Up-to-date: /home/greyflon/lab_2025/install/two_wheeled_robot/share/two_wheeled_robot/models/aws_robomaker_residential_AirconditionerB_01/meshes\n'}
[0.520882] (two_wheeled_robot) StdoutLine: {'line': b'-- Up-to-date: /home/greyflon/lab_2025/install/two_wheeled_robot/share/two_wheeled_robot/models/aws_robomaker_residential_AirconditionerB_01/meshes/aws_AirconditionerB_01_visual.DAE\n'}
[0.520966] (two_wheeled_robot) StdoutLine: {'line': b'-- Up-to-date: /home/greyflon/lab_2025/install/two_wheeled_robot/share/two_wheeled_robot/models/aws_robomaker_residential_AirconditionerB_01/meshes/aws_AirconditionerB_01_collision.DAE\n'}
[0.521039] (two_wheeled_robot) StdoutLine: {'line': b'-- Up-to-date: /home/greyflon/lab_2025/install/two_wheeled_robot/share/two_wheeled_robot/models/aws_robomaker_residential_AirconditionerB_01/materials\n'}
[0.521110] (two_wheeled_robot) StdoutLine: {'line': b'-- Up-to-date: /home/greyflon/lab_2025/install/two_wheeled_robot/share/two_wheeled_robot/models/aws_robomaker_residential_AirconditionerB_01/materials/textures\n'}
[0.521187] (two_wheeled_robot) StdoutLine: {'line': b'-- Up-to-date: /home/greyflon/lab_2025/install/two_wheeled_robot/share/two_wheeled_robot/models/aws_robomaker_residential_AirconditionerB_01/materials/textures/aws_AirconditionerB_01.png\n'}
[0.521259] (two_wheeled_robot) StdoutLine: {'line': b'-- Up-to-date: /home/greyflon/lab_2025/install/two_wheeled_robot/share/two_wheeled_robot/models/aws_robomaker_residential_AirconditionerB_01/model.sdf\n'}
[0.521330] (two_wheeled_robot) StdoutLine: {'line': b'-- Up-to-date: /home/greyflon/lab_2025/install/two_wheeled_robot/share/two_wheeled_robot/models/aws_robomaker_residential_SofaB_01\n'}
[0.521407] (two_wheeled_robot) StdoutLine: {'line': b'-- Up-to-date: /home/greyflon/lab_2025/install/two_wheeled_robot/share/two_wheeled_robot/models/aws_robomaker_residential_SofaB_01/model.config\n'}
[0.521497] (two_wheeled_robot) StdoutLine: {'line': b'-- Up-to-date: /home/greyflon/lab_2025/install/two_wheeled_robot/share/two_wheeled_robot/models/aws_robomaker_residential_SofaB_01/meshes\n'}
[0.521664] (two_wheeled_robot) StdoutLine: {'line': b'-- Up-to-date: /home/greyflon/lab_2025/install/two_wheeled_robot/share/two_wheeled_robot/models/aws_robomaker_residential_SofaB_01/meshes/aws_SofaB_01_collision.DAE\n'}
[0.521744] (two_wheeled_robot) StdoutLine: {'line': b'-- Up-to-date: /home/greyflon/lab_2025/install/two_wheeled_robot/share/two_wheeled_robot/models/aws_robomaker_residential_SofaB_01/meshes/aws_SofaB_01_visual.DAE\n'}
[0.521814] (two_wheeled_robot) StdoutLine: {'line': b'-- Up-to-date: /home/greyflon/lab_2025/install/two_wheeled_robot/share/two_wheeled_robot/models/aws_robomaker_residential_SofaB_01/materials\n'}
[0.521885] (two_wheeled_robot) StdoutLine: {'line': b'-- Up-to-date: /home/greyflon/lab_2025/install/two_wheeled_robot/share/two_wheeled_robot/models/aws_robomaker_residential_SofaB_01/materials/textures\n'}
[0.521953] (two_wheeled_robot) StdoutLine: {'line': b'-- Up-to-date: /home/greyflon/lab_2025/install/two_wheeled_robot/share/two_wheeled_robot/models/aws_robomaker_residential_SofaB_01/materials/textures/aws_SofaB_01.png\n'}
[0.522025] (two_wheeled_robot) StdoutLine: {'line': b'-- Up-to-date: /home/greyflon/lab_2025/install/two_wheeled_robot/share/two_wheeled_robot/models/aws_robomaker_residential_SofaB_01/model.sdf\n'}
[0.522096] (two_wheeled_robot) StdoutLine: {'line': b'-- Up-to-date: /home/greyflon/lab_2025/install/two_wheeled_robot/share/two_wheeled_robot/models/aws_robomaker_residential_Door_01\n'}
[0.522167] (two_wheeled_robot) StdoutLine: {'line': b'-- Up-to-date: /home/greyflon/lab_2025/install/two_wheeled_robot/share/two_wheeled_robot/models/aws_robomaker_residential_Door_01/model.config\n'}
[0.522239] (two_wheeled_robot) StdoutLine: {'line': b'-- Up-to-date: /home/greyflon/lab_2025/install/two_wheeled_robot/share/two_wheeled_robot/models/aws_robomaker_residential_Door_01/meshes\n'}
[0.522312] (two_wheeled_robot) StdoutLine: {'line': b'-- Up-to-date: /home/greyflon/lab_2025/install/two_wheeled_robot/share/two_wheeled_robot/models/aws_robomaker_residential_Door_01/meshes/aws_Door_01_visual.DAE\n'}
[0.522384] (two_wheeled_robot) StdoutLine: {'line': b'-- Up-to-date: /home/greyflon/lab_2025/install/two_wheeled_robot/share/two_wheeled_robot/models/aws_robomaker_residential_Door_01/meshes/aws_Door_01_collision.DAE\n'}
[0.522454] (two_wheeled_robot) StdoutLine: {'line': b'-- Up-to-date: /home/greyflon/lab_2025/install/two_wheeled_robot/share/two_wheeled_robot/models/aws_robomaker_residential_Door_01/materials\n'}
[0.522526] (two_wheeled_robot) StdoutLine: {'line': b'-- Up-to-date: /home/greyflon/lab_2025/install/two_wheeled_robot/share/two_wheeled_robot/models/aws_robomaker_residential_Door_01/materials/textures\n'}
[0.522755] (two_wheeled_robot) StdoutLine: {'line': b'-- Up-to-date: /home/greyflon/lab_2025/install/two_wheeled_robot/share/two_wheeled_robot/models/aws_robomaker_residential_Door_01/materials/textures/aws_Door_01.png\n'}
[0.522831] (two_wheeled_robot) StdoutLine: {'line': b'-- Up-to-date: /home/greyflon/lab_2025/install/two_wheeled_robot/share/two_wheeled_robot/models/aws_robomaker_residential_Door_01/model.sdf\n'}
[0.522905] (two_wheeled_robot) StdoutLine: {'line': b'-- Up-to-date: /home/greyflon/lab_2025/install/two_wheeled_robot/share/two_wheeled_robot/models/WhiteChipChair\n'}
[0.522977] (two_wheeled_robot) StdoutLine: {'line': b'-- Up-to-date: /home/greyflon/lab_2025/install/two_wheeled_robot/share/two_wheeled_robot/models/WhiteChipChair/model.config\n'}
[0.523049] (two_wheeled_robot) StdoutLine: {'line': b'-- Up-to-date: /home/greyflon/lab_2025/install/two_wheeled_robot/share/two_wheeled_robot/models/WhiteChipChair/meshes\n'}
[0.523118] (two_wheeled_robot) StdoutLine: {'line': b'-- Up-to-date: /home/greyflon/lab_2025/install/two_wheeled_robot/share/two_wheeled_robot/models/WhiteChipChair/meshes/WhiteChipChair_Col.mtl\n'}
[0.523240] (two_wheeled_robot) StdoutLine: {'line': b'-- Up-to-date: /home/greyflon/lab_2025/install/two_wheeled_robot/share/two_wheeled_robot/models/WhiteChipChair/meshes/WhiteChipChair.obj\n'}
[0.523313] (two_wheeled_robot) StdoutLine: {'line': b'-- Up-to-date: /home/greyflon/lab_2025/install/two_wheeled_robot/share/two_wheeled_robot/models/WhiteChipChair/meshes/WhiteChipChair_Col.obj\n'}
[0.523389] (two_wheeled_robot) StdoutLine: {'line': b'-- Up-to-date: /home/greyflon/lab_2025/install/two_wheeled_robot/share/two_wheeled_robot/models/WhiteChipChair/meshes/WhiteChipChair.mtl\n'}
[0.523462] (two_wheeled_robot) StdoutLine: {'line': b'-- Up-to-date: /home/greyflon/lab_2025/install/two_wheeled_robot/share/two_wheeled_robot/models/WhiteChipChair/meshes/WhiteChipChairDiffuse.png\n'}
[0.523534] (two_wheeled_robot) StdoutLine: {'line': b'-- Up-to-date: /home/greyflon/lab_2025/install/two_wheeled_robot/share/two_wheeled_robot/models/WhiteChipChair/thumbnails\n'}
[0.523664] (two_wheeled_robot) StdoutLine: {'line': b'-- Up-to-date: /home/greyflon/lab_2025/install/two_wheeled_robot/share/two_wheeled_robot/models/WhiteChipChair/thumbnails/5.png\n'}
[0.523739] (two_wheeled_robot) StdoutLine: {'line': b'-- Up-to-date: /home/greyflon/lab_2025/install/two_wheeled_robot/share/two_wheeled_robot/models/WhiteChipChair/thumbnails/1.png\n'}
[0.523810] (two_wheeled_robot) StdoutLine: {'line': b'-- Up-to-date: /home/greyflon/lab_2025/install/two_wheeled_robot/share/two_wheeled_robot/models/WhiteChipChair/thumbnails/2.png\n'}
[0.523880] (two_wheeled_robot) StdoutLine: {'line': b'-- Up-to-date: /home/greyflon/lab_2025/install/two_wheeled_robot/share/two_wheeled_robot/models/WhiteChipChair/thumbnails/4.png\n'}
[0.523950] (two_wheeled_robot) StdoutLine: {'line': b'-- Up-to-date: /home/greyflon/lab_2025/install/two_wheeled_robot/share/two_wheeled_robot/models/WhiteChipChair/thumbnails/3.png\n'}
[0.524020] (two_wheeled_robot) StdoutLine: {'line': b'-- Up-to-date: /home/greyflon/lab_2025/install/two_wheeled_robot/share/two_wheeled_robot/models/WhiteChipChair/model.sdf\n'}
[0.524091] (two_wheeled_robot) StdoutLine: {'line': b'-- Up-to-date: /home/greyflon/lab_2025/install/two_wheeled_robot/share/two_wheeled_robot/models/aws_robomaker_warehouse_GroundB_01\n'}
[0.524161] (two_wheeled_robot) StdoutLine: {'line': b'-- Up-to-date: /home/greyflon/lab_2025/install/two_wheeled_robot/share/two_wheeled_robot/models/aws_robomaker_warehouse_GroundB_01/model.config\n'}
[0.524232] (two_wheeled_robot) StdoutLine: {'line': b'-- Up-to-date: /home/greyflon/lab_2025/install/two_wheeled_robot/share/two_wheeled_robot/models/aws_robomaker_warehouse_GroundB_01/meshes\n'}
[0.524303] (two_wheeled_robot) StdoutLine: {'line': b'-- Up-to-date: /home/greyflon/lab_2025/install/two_wheeled_robot/share/two_wheeled_robot/models/aws_robomaker_warehouse_GroundB_01/meshes/aws_robomaker_warehouse_GroundB_01_visual.DAE\n'}
[0.524376] (two_wheeled_robot) StdoutLine: {'line': b'-- Up-to-date: /home/greyflon/lab_2025/install/two_wheeled_robot/share/two_wheeled_robot/models/aws_robomaker_warehouse_GroundB_01/meshes/aws_robomaker_warehouse_GroundB_01_collision.DAE\n'}
[0.524446] (two_wheeled_robot) StdoutLine: {'line': b'-- Up-to-date: /home/greyflon/lab_2025/install/two_wheeled_robot/share/two_wheeled_robot/models/aws_robomaker_warehouse_GroundB_01/materials\n'}
[0.524518] (two_wheeled_robot) StdoutLine: {'line': b'-- Up-to-date: /home/greyflon/lab_2025/install/two_wheeled_robot/share/two_wheeled_robot/models/aws_robomaker_warehouse_GroundB_01/materials/textures\n'}
[0.524617] (two_wheeled_robot) StdoutLine: {'line': b'-- Up-to-date: /home/greyflon/lab_2025/install/two_wheeled_robot/share/two_wheeled_robot/models/aws_robomaker_warehouse_GroundB_01/materials/textures/aws_robomaker_warehouse_GroundB_02.png\n'}
[0.524714] (two_wheeled_robot) StdoutLine: {'line': b'-- Up-to-date: /home/greyflon/lab_2025/install/two_wheeled_robot/share/two_wheeled_robot/models/aws_robomaker_warehouse_GroundB_01/materials/textures/aws_robomaker_warehouse_GroundB_01.png\n'}
[0.524832] (two_wheeled_robot) StdoutLine: {'line': b'-- Up-to-date: /home/greyflon/lab_2025/install/two_wheeled_robot/share/two_wheeled_robot/models/aws_robomaker_warehouse_GroundB_01/model.sdf\n'}
[0.524910] (two_wheeled_robot) StdoutLine: {'line': b'-- Up-to-date: /home/greyflon/lab_2025/install/two_wheeled_robot/share/two_wheeled_robot/models/SurgicalTrolley\n'}
[0.524983] (two_wheeled_robot) StdoutLine: {'line': b'-- Up-to-date: /home/greyflon/lab_2025/install/two_wheeled_robot/share/two_wheeled_robot/models/SurgicalTrolley/model.config\n'}
[0.525053] (two_wheeled_robot) StdoutLine: {'line': b'-- Up-to-date: /home/greyflon/lab_2025/install/two_wheeled_robot/share/two_wheeled_robot/models/SurgicalTrolley/meshes\n'}
[0.525124] (two_wheeled_robot) StdoutLine: {'line': b'-- Up-to-date: /home/greyflon/lab_2025/install/two_wheeled_robot/share/two_wheeled_robot/models/SurgicalTrolley/meshes/trolley.mtl\n'}
[0.525195] (two_wheeled_robot) StdoutLine: {'line': b'-- Up-to-date: /home/greyflon/lab_2025/install/two_wheeled_robot/share/two_wheeled_robot/models/SurgicalTrolley/meshes/texture.png\n'}
[0.525266] (two_wheeled_robot) StdoutLine: {'line': b'-- Up-to-date: /home/greyflon/lab_2025/install/two_wheeled_robot/share/two_wheeled_robot/models/SurgicalTrolley/meshes/trolley.obj\n'}
[0.525337] (two_wheeled_robot) StdoutLine: {'line': b'-- Up-to-date: /home/greyflon/lab_2025/install/two_wheeled_robot/share/two_wheeled_robot/models/SurgicalTrolley/thumbnails\n'}
[0.525408] (two_wheeled_robot) StdoutLine: {'line': b'-- Up-to-date: /home/greyflon/lab_2025/install/two_wheeled_robot/share/two_wheeled_robot/models/SurgicalTrolley/thumbnails/5.png\n'}
[0.525481] (two_wheeled_robot) StdoutLine: {'line': b'-- Up-to-date: /home/greyflon/lab_2025/install/two_wheeled_robot/share/two_wheeled_robot/models/SurgicalTrolley/thumbnails/1.png\n'}
[0.525603] (two_wheeled_robot) StdoutLine: {'line': b'-- Up-to-date: /home/greyflon/lab_2025/install/two_wheeled_robot/share/two_wheeled_robot/models/SurgicalTrolley/thumbnails/2.png\n'}
[0.525681] (two_wheeled_robot) StdoutLine: {'line': b'-- Up-to-date: /home/greyflon/lab_2025/install/two_wheeled_robot/share/two_wheeled_robot/models/SurgicalTrolley/thumbnails/4.png\n'}
[0.525753] (two_wheeled_robot) StdoutLine: {'line': b'-- Up-to-date: /home/greyflon/lab_2025/install/two_wheeled_robot/share/two_wheeled_robot/models/SurgicalTrolley/thumbnails/3.png\n'}
[0.525826] (two_wheeled_robot) StdoutLine: {'line': b'-- Up-to-date: /home/greyflon/lab_2025/install/two_wheeled_robot/share/two_wheeled_robot/models/SurgicalTrolley/model.sdf\n'}
[0.525895] (two_wheeled_robot) StdoutLine: {'line': b'-- Up-to-date: /home/greyflon/lab_2025/install/two_wheeled_robot/share/two_wheeled_robot/models/Drawer\n'}
[0.525968] (two_wheeled_robot) StdoutLine: {'line': b'-- Up-to-date: /home/greyflon/lab_2025/install/two_wheeled_robot/share/two_wheeled_robot/models/Drawer/model.config\n'}
[0.526039] (two_wheeled_robot) StdoutLine: {'line': b'-- Up-to-date: /home/greyflon/lab_2025/install/two_wheeled_robot/share/two_wheeled_robot/models/Drawer/meshes\n'}
[0.526109] (two_wheeled_robot) StdoutLine: {'line': b'-- Up-to-date: /home/greyflon/lab_2025/install/two_wheeled_robot/share/two_wheeled_robot/models/Drawer/meshes/Drawer.obj\n'}
[0.526180] (two_wheeled_robot) StdoutLine: {'line': b'-- Up-to-date: /home/greyflon/lab_2025/install/two_wheeled_robot/share/two_wheeled_robot/models/Drawer/meshes/Drawer.png\n'}
[0.526263] (two_wheeled_robot) StdoutLine: {'line': b'-- Up-to-date: /home/greyflon/lab_2025/install/two_wheeled_robot/share/two_wheeled_robot/models/Drawer/meshes/Drawer_Col.obj\n'}
[0.526336] (two_wheeled_robot) StdoutLine: {'line': b'-- Up-to-date: /home/greyflon/lab_2025/install/two_wheeled_robot/share/two_wheeled_robot/models/Drawer/meshes/Drawer.mtl\n'}
[0.526430] (two_wheeled_robot) StdoutLine: {'line': b'-- Up-to-date: /home/greyflon/lab_2025/install/two_wheeled_robot/share/two_wheeled_robot/models/Drawer/thumbnails\n'}
[0.526528] (two_wheeled_robot) StdoutLine: {'line': b'-- Up-to-date: /home/greyflon/lab_2025/install/two_wheeled_robot/share/two_wheeled_robot/models/Drawer/thumbnails/5.png\n'}
[0.526765] (two_wheeled_robot) StdoutLine: {'line': b'-- Up-to-date: /home/greyflon/lab_2025/install/two_wheeled_robot/share/two_wheeled_robot/models/Drawer/thumbnails/1.png\n'}
[0.526841] (two_wheeled_robot) StdoutLine: {'line': b'-- Up-to-date: /home/greyflon/lab_2025/install/two_wheeled_robot/share/two_wheeled_robot/models/Drawer/thumbnails/2.png\n'}
[0.526914] (two_wheeled_robot) StdoutLine: {'line': b'-- Up-to-date: /home/greyflon/lab_2025/install/two_wheeled_robot/share/two_wheeled_robot/models/Drawer/thumbnails/4.png\n'}
[0.526984] (two_wheeled_robot) StdoutLine: {'line': b'-- Up-to-date: /home/greyflon/lab_2025/install/two_wheeled_robot/share/two_wheeled_robot/models/Drawer/thumbnails/3.png\n'}
[0.527058] (two_wheeled_robot) StdoutLine: {'line': b'-- Up-to-date: /home/greyflon/lab_2025/install/two_wheeled_robot/share/two_wheeled_robot/models/Drawer/model.sdf\n'}
[0.527131] (two_wheeled_robot) StdoutLine: {'line': b'-- Up-to-date: /home/greyflon/lab_2025/install/two_wheeled_robot/share/two_wheeled_robot/models/aws_robomaker_residential_CookingBench_01\n'}
[0.527202] (two_wheeled_robot) StdoutLine: {'line': b'-- Up-to-date: /home/greyflon/lab_2025/install/two_wheeled_robot/share/two_wheeled_robot/models/aws_robomaker_residential_CookingBench_01/model.config\n'}
[0.527273] (two_wheeled_robot) StdoutLine: {'line': b'-- Up-to-date: /home/greyflon/lab_2025/install/two_wheeled_robot/share/two_wheeled_robot/models/aws_robomaker_residential_CookingBench_01/meshes\n'}
[0.527345] (two_wheeled_robot) StdoutLine: {'line': b'-- Up-to-date: /home/greyflon/lab_2025/install/two_wheeled_robot/share/two_wheeled_robot/models/aws_robomaker_residential_CookingBench_01/meshes/aws_CookingBench_01_visual.DAE\n'}
[0.527417] (two_wheeled_robot) StdoutLine: {'line': b'-- Up-to-date: /home/greyflon/lab_2025/install/two_wheeled_robot/share/two_wheeled_robot/models/aws_robomaker_residential_CookingBench_01/meshes/aws_CookingBench_01.DAE\n'}
[0.527487] (two_wheeled_robot) StdoutLine: {'line': b'-- Up-to-date: /home/greyflon/lab_2025/install/two_wheeled_robot/share/two_wheeled_robot/models/aws_robomaker_residential_CookingBench_01/meshes/aws_CookingBench_01_collision.DAE\n'}
[0.527621] (two_wheeled_robot) StdoutLine: {'line': b'-- Up-to-date: /home/greyflon/lab_2025/install/two_wheeled_robot/share/two_wheeled_robot/models/aws_robomaker_residential_CookingBench_01/materials\n'}
[0.527706] (two_wheeled_robot) StdoutLine: {'line': b'-- Up-to-date: /home/greyflon/lab_2025/install/two_wheeled_robot/share/two_wheeled_robot/models/aws_robomaker_residential_CookingBench_01/materials/textures\n'}
[0.527779] (two_wheeled_robot) StdoutLine: {'line': b'-- Up-to-date: /home/greyflon/lab_2025/install/two_wheeled_robot/share/two_wheeled_robot/models/aws_robomaker_residential_CookingBench_01/materials/textures/aws_CookingBench_01.png\n'}
[0.527854] (two_wheeled_robot) StdoutLine: {'line': b'-- Up-to-date: /home/greyflon/lab_2025/install/two_wheeled_robot/share/two_wheeled_robot/models/aws_robomaker_residential_CookingBench_01/model.sdf\n'}
[0.527924] (two_wheeled_robot) StdoutLine: {'line': b'-- Up-to-date: /home/greyflon/lab_2025/install/two_wheeled_robot/share/two_wheeled_robot/models/MopCart3\n'}
[0.528001] (two_wheeled_robot) StdoutLine: {'line': b'-- Up-to-date: /home/greyflon/lab_2025/install/two_wheeled_robot/share/two_wheeled_robot/models/MopCart3/model.config\n'}
[0.528081] (two_wheeled_robot) StdoutLine: {'line': b'-- Up-to-date: /home/greyflon/lab_2025/install/two_wheeled_robot/share/two_wheeled_robot/models/MopCart3/meshes\n'}
[0.528194] (two_wheeled_robot) StdoutLine: {'line': b'-- Up-to-date: /home/greyflon/lab_2025/install/two_wheeled_robot/share/two_wheeled_robot/models/MopCart3/meshes/Spray.png\n'}
[0.528441] (two_wheeled_robot) StdoutLine: {'line': b'-- Up-to-date: /home/greyflon/lab_2025/install/two_wheeled_robot/share/two_wheeled_robot/models/MopCart3/meshes/Parcel.png\n'}
[0.528525] (two_wheeled_robot) StdoutLine: {'line': b'-- Up-to-date: /home/greyflon/lab_2025/install/two_wheeled_robot/share/two_wheeled_robot/models/MopCart3/meshes/Mop.png\n'}
[0.528625] (two_wheeled_robot) StdoutLine: {'line': b'-- Up-to-date: /home/greyflon/lab_2025/install/two_wheeled_robot/share/two_wheeled_robot/models/MopCart3/meshes/MopCart3.obj\n'}
[0.528699] (two_wheeled_robot) StdoutLine: {'line': b'-- Up-to-date: /home/greyflon/lab_2025/install/two_wheeled_robot/share/two_wheeled_robot/models/MopCart3/meshes/Red.png\n'}
[0.528770] (two_wheeled_robot) StdoutLine: {'line': b'-- Up-to-date: /home/greyflon/lab_2025/install/two_wheeled_robot/share/two_wheeled_robot/models/MopCart3/meshes/Plastic.png\n'}
[0.528840] (two_wheeled_robot) StdoutLine: {'line': b'-- Up-to-date: /home/greyflon/lab_2025/install/two_wheeled_robot/share/two_wheeled_robot/models/MopCart3/meshes/Glove.png\n'}
[0.528911] (two_wheeled_robot) StdoutLine: {'line': b'-- Up-to-date: /home/greyflon/lab_2025/install/two_wheeled_robot/share/two_wheeled_robot/models/MopCart3/meshes/Cloth.png\n'}
[0.528983] (two_wheeled_robot) StdoutLine: {'line': b'-- Up-to-date: /home/greyflon/lab_2025/install/two_wheeled_robot/share/two_wheeled_robot/models/MopCart3/meshes/Duster.png\n'}
[0.529054] (two_wheeled_robot) StdoutLine: {'line': b'-- Up-to-date: /home/greyflon/lab_2025/install/two_wheeled_robot/share/two_wheeled_robot/models/MopCart3/meshes/Blue.png\n'}
[0.529126] (two_wheeled_robot) StdoutLine: {'line': b'-- Up-to-date: /home/greyflon/lab_2025/install/two_wheeled_robot/share/two_wheeled_robot/models/MopCart3/meshes/Sign.png\n'}
[0.529198] (two_wheeled_robot) StdoutLine: {'line': b'-- Up-to-date: /home/greyflon/lab_2025/install/two_wheeled_robot/share/two_wheeled_robot/models/MopCart3/meshes/Cart.png\n'}
[0.529269] (two_wheeled_robot) StdoutLine: {'line': b'-- Up-to-date: /home/greyflon/lab_2025/install/two_wheeled_robot/share/two_wheeled_robot/models/MopCart3/meshes/MopCart3.mtl\n'}
[0.529341] (two_wheeled_robot) StdoutLine: {'line': b'-- Up-to-date: /home/greyflon/lab_2025/install/two_wheeled_robot/share/two_wheeled_robot/models/MopCart3/thumbnails\n'}
[0.529413] (two_wheeled_robot) StdoutLine: {'line': b'-- Up-to-date: /home/greyflon/lab_2025/install/two_wheeled_robot/share/two_wheeled_robot/models/MopCart3/thumbnails/5.png\n'}
[0.529509] (two_wheeled_robot) StdoutLine: {'line': b'-- Up-to-date: /home/greyflon/lab_2025/install/two_wheeled_robot/share/two_wheeled_robot/models/MopCart3/thumbnails/1.png\n'}
[0.529644] (two_wheeled_robot) StdoutLine: {'line': b'-- Up-to-date: /home/greyflon/lab_2025/install/two_wheeled_robot/share/two_wheeled_robot/models/MopCart3/thumbnails/2.png\n'}
[0.529720] (two_wheeled_robot) StdoutLine: {'line': b'-- Up-to-date: /home/greyflon/lab_2025/install/two_wheeled_robot/share/two_wheeled_robot/models/MopCart3/thumbnails/4.png\n'}
[0.529791] (two_wheeled_robot) StdoutLine: {'line': b'-- Up-to-date: /home/greyflon/lab_2025/install/two_wheeled_robot/share/two_wheeled_robot/models/MopCart3/thumbnails/3.png\n'}
[0.529861] (two_wheeled_robot) StdoutLine: {'line': b'-- Up-to-date: /home/greyflon/lab_2025/install/two_wheeled_robot/share/two_wheeled_robot/models/MopCart3/model.sdf\n'}
[0.529934] (two_wheeled_robot) StdoutLine: {'line': b'-- Up-to-date: /home/greyflon/lab_2025/install/two_wheeled_robot/share/two_wheeled_robot/models/FemaleVisitorSit\n'}
[0.530004] (two_wheeled_robot) StdoutLine: {'line': b'-- Up-to-date: /home/greyflon/lab_2025/install/two_wheeled_robot/share/two_wheeled_robot/models/FemaleVisitorSit/model.config\n'}
[0.530074] (two_wheeled_robot) StdoutLine: {'line': b'-- Up-to-date: /home/greyflon/lab_2025/install/two_wheeled_robot/share/two_wheeled_robot/models/FemaleVisitorSit/meshes\n'}
[0.530144] (two_wheeled_robot) StdoutLine: {'line': b'-- Up-to-date: /home/greyflon/lab_2025/install/two_wheeled_robot/share/two_wheeled_robot/models/FemaleVisitorSit/meshes/FemaleVisitorSit_Col.obj\n'}
[0.530218] (two_wheeled_robot) StdoutLine: {'line': b'-- Up-to-date: /home/greyflon/lab_2025/install/two_wheeled_robot/share/two_wheeled_robot/models/FemaleVisitorSit/meshes/FemaleVisitorSit.mtl\n'}
[0.530298] (two_wheeled_robot) StdoutLine: {'line': b'-- Up-to-date: /home/greyflon/lab_2025/install/two_wheeled_robot/share/two_wheeled_robot/models/FemaleVisitorSit/meshes/FemaleVisitorSit.png\n'}
[0.530370] (two_wheeled_robot) StdoutLine: {'line': b'-- Up-to-date: /home/greyflon/lab_2025/install/two_wheeled_robot/share/two_wheeled_robot/models/FemaleVisitorSit/meshes/HandbagBlack.png\n'}
[0.530441] (two_wheeled_robot) StdoutLine: {'line': b'-- Up-to-date: /home/greyflon/lab_2025/install/two_wheeled_robot/share/two_wheeled_robot/models/FemaleVisitorSit/meshes/FemaleVisitorSit.obj\n'}
[0.530510] (two_wheeled_robot) StdoutLine: {'line': b'-- Up-to-date: /home/greyflon/lab_2025/install/two_wheeled_robot/share/two_wheeled_robot/models/FemaleVisitorSit/meshes/FemaleVisitorSit_Col.mtl\n'}
[0.530610] (two_wheeled_robot) StdoutLine: {'line': b'-- Up-to-date: /home/greyflon/lab_2025/install/two_wheeled_robot/share/two_wheeled_robot/models/FemaleVisitorSit/thumbnails\n'}
[0.530687] (two_wheeled_robot) StdoutLine: {'line': b'-- Up-to-date: /home/greyflon/lab_2025/install/two_wheeled_robot/share/two_wheeled_robot/models/FemaleVisitorSit/thumbnails/5.png\n'}
[0.530758] (two_wheeled_robot) StdoutLine: {'line': b'-- Up-to-date: /home/greyflon/lab_2025/install/two_wheeled_robot/share/two_wheeled_robot/models/FemaleVisitorSit/thumbnails/1.png\n'}
[0.530830] (two_wheeled_robot) StdoutLine: {'line': b'-- Up-to-date: /home/greyflon/lab_2025/install/two_wheeled_robot/share/two_wheeled_robot/models/FemaleVisitorSit/thumbnails/2.png\n'}
[0.530914] (two_wheeled_robot) StdoutLine: {'line': b'-- Up-to-date: /home/greyflon/lab_2025/install/two_wheeled_robot/share/two_wheeled_robot/models/FemaleVisitorSit/thumbnails/4.png\n'}
[0.530986] (two_wheeled_robot) StdoutLine: {'line': b'-- Up-to-date: /home/greyflon/lab_2025/install/two_wheeled_robot/share/two_wheeled_robot/models/FemaleVisitorSit/thumbnails/3.png\n'}
[0.531056] (two_wheeled_robot) StdoutLine: {'line': b'-- Up-to-date: /home/greyflon/lab_2025/install/two_wheeled_robot/share/two_wheeled_robot/models/FemaleVisitorSit/model.sdf\n'}
[0.531127] (two_wheeled_robot) StdoutLine: {'line': b'-- Up-to-date: /home/greyflon/lab_2025/install/two_wheeled_robot/share/two_wheeled_robot/models/iris_with_standoffs\n'}
[0.531197] (two_wheeled_robot) StdoutLine: {'line': b'-- Up-to-date: /home/greyflon/lab_2025/install/two_wheeled_robot/share/two_wheeled_robot/models/iris_with_standoffs/model.config\n'}
[0.531270] (two_wheeled_robot) StdoutLine: {'line': b'-- Up-to-date: /home/greyflon/lab_2025/install/two_wheeled_robot/share/two_wheeled_robot/models/iris_with_standoffs/meshes\n'}
[0.531341] (two_wheeled_robot) StdoutLine: {'line': b'-- Up-to-date: /home/greyflon/lab_2025/install/two_wheeled_robot/share/two_wheeled_robot/models/iris_with_standoffs/meshes/iris_prop_ccw.dae\n'}
[0.531411] (two_wheeled_robot) StdoutLine: {'line': b'-- Up-to-date: /home/greyflon/lab_2025/install/two_wheeled_robot/share/two_wheeled_robot/models/iris_with_standoffs/meshes/iris_prop_cw.dae\n'}
[0.531482] (two_wheeled_robot) StdoutLine: {'line': b'-- Up-to-date: /home/greyflon/lab_2025/install/two_wheeled_robot/share/two_wheeled_robot/models/iris_with_standoffs/meshes/iris.dae\n'}
[0.531573] (two_wheeled_robot) StdoutLine: {'line': b'-- Up-to-date: /home/greyflon/lab_2025/install/two_wheeled_robot/share/two_wheeled_robot/models/iris_with_standoffs/model.sdf\n'}
[0.531652] (two_wheeled_robot) StdoutLine: {'line': b'-- Up-to-date: /home/greyflon/lab_2025/install/two_wheeled_robot/share/two_wheeled_robot/models/aws_robomaker_residential_TV_02\n'}
[0.531724] (two_wheeled_robot) StdoutLine: {'line': b'-- Up-to-date: /home/greyflon/lab_2025/install/two_wheeled_robot/share/two_wheeled_robot/models/aws_robomaker_residential_TV_02/model.config\n'}
[0.531796] (two_wheeled_robot) StdoutLine: {'line': b'-- Up-to-date: /home/greyflon/lab_2025/install/two_wheeled_robot/share/two_wheeled_robot/models/aws_robomaker_residential_TV_02/meshes\n'}
[0.531865] (two_wheeled_robot) StdoutLine: {'line': b'-- Up-to-date: /home/greyflon/lab_2025/install/two_wheeled_robot/share/two_wheeled_robot/models/aws_robomaker_residential_TV_02/meshes/aws_TV_01_collision.DAE\n'}
[0.531946] (two_wheeled_robot) StdoutLine: {'line': b'-- Up-to-date: /home/greyflon/lab_2025/install/two_wheeled_robot/share/two_wheeled_robot/models/aws_robomaker_residential_TV_02/meshes/aws_TV_01_visual.DAE\n'}
[0.532019] (two_wheeled_robot) StdoutLine: {'line': b'-- Up-to-date: /home/greyflon/lab_2025/install/two_wheeled_robot/share/two_wheeled_robot/models/aws_robomaker_residential_TV_02/materials\n'}
[0.532091] (two_wheeled_robot) StdoutLine: {'line': b'-- Up-to-date: /home/greyflon/lab_2025/install/two_wheeled_robot/share/two_wheeled_robot/models/aws_robomaker_residential_TV_02/materials/textures\n'}
[0.532161] (two_wheeled_robot) StdoutLine: {'line': b'-- Up-to-date: /home/greyflon/lab_2025/install/two_wheeled_robot/share/two_wheeled_robot/models/aws_robomaker_residential_TV_02/materials/textures/aws_TV_01.png\n'}
[0.532231] (two_wheeled_robot) StdoutLine: {'line': b'-- Up-to-date: /home/greyflon/lab_2025/install/two_wheeled_robot/share/two_wheeled_robot/models/aws_robomaker_residential_TV_02/model.sdf\n'}
[0.532301] (two_wheeled_robot) StdoutLine: {'line': b'-- Up-to-date: /home/greyflon/lab_2025/install/two_wheeled_robot/share/two_wheeled_robot/models/elegant_female\n'}
[0.532371] (two_wheeled_robot) StdoutLine: {'line': b'-- Up-to-date: /home/greyflon/lab_2025/install/two_wheeled_robot/share/two_wheeled_robot/models/elegant_female/model.config\n'}
[0.532445] (two_wheeled_robot) StdoutLine: {'line': b'-- Up-to-date: /home/greyflon/lab_2025/install/two_wheeled_robot/share/two_wheeled_robot/models/elegant_female/meshes\n'}
[0.532514] (two_wheeled_robot) StdoutLine: {'line': b'-- Up-to-date: /home/greyflon/lab_2025/install/two_wheeled_robot/share/two_wheeled_robot/models/elegant_female/meshes/elegant_female.dae\n'}
[0.532627] (two_wheeled_robot) StdoutLine: {'line': b'-- Up-to-date: /home/greyflon/lab_2025/install/two_wheeled_robot/share/two_wheeled_robot/models/elegant_female/meshes/elegant_female.png\n'}
[0.532710] (two_wheeled_robot) StdoutLine: {'line': b'-- Up-to-date: /home/greyflon/lab_2025/install/two_wheeled_robot/share/two_wheeled_robot/models/elegant_female/materials\n'}
[0.532781] (two_wheeled_robot) StdoutLine: {'line': b'-- Up-to-date: /home/greyflon/lab_2025/install/two_wheeled_robot/share/two_wheeled_robot/models/elegant_female/materials/textures\n'}
[0.532854] (two_wheeled_robot) StdoutLine: {'line': b'-- Up-to-date: /home/greyflon/lab_2025/install/two_wheeled_robot/share/two_wheeled_robot/models/elegant_female/materials/textures/eyelashes01.png\n'}
[0.532924] (two_wheeled_robot) StdoutLine: {'line': b'-- Up-to-date: /home/greyflon/lab_2025/install/two_wheeled_robot/share/two_wheeled_robot/models/elegant_female/materials/textures/ponytail01_diffuse.png\n'}
[0.532995] (two_wheeled_robot) StdoutLine: {'line': b'-- Up-to-date: /home/greyflon/lab_2025/install/two_wheeled_robot/share/two_wheeled_robot/models/elegant_female/materials/textures/young_lightskinned_female_diffuse2.png\n'}
[0.533068] (two_wheeled_robot) StdoutLine: {'line': b'-- Up-to-date: /home/greyflon/lab_2025/install/two_wheeled_robot/share/two_wheeled_robot/models/elegant_female/materials/textures/male_elegantsuit01_diffuse.png\n'}
[0.533159] (two_wheeled_robot) StdoutLine: {'line': b'-- Up-to-date: /home/greyflon/lab_2025/install/two_wheeled_robot/share/two_wheeled_robot/models/elegant_female/materials/textures/eyebrow002.png\n'}
[0.533231] (two_wheeled_robot) StdoutLine: {'line': b'-- Up-to-date: /home/greyflon/lab_2025/install/two_wheeled_robot/share/two_wheeled_robot/models/elegant_female/materials/textures/shoes03_diffuse.png\n'}
[0.533303] (two_wheeled_robot) StdoutLine: {'line': b'-- Up-to-date: /home/greyflon/lab_2025/install/two_wheeled_robot/share/two_wheeled_robot/models/elegant_female/materials/textures/brown_eye.png\n'}
[0.533374] (two_wheeled_robot) StdoutLine: {'line': b'-- Up-to-date: /home/greyflon/lab_2025/install/two_wheeled_robot/share/two_wheeled_robot/models/elegant_female/model.sdf\n'}
[0.533453] (two_wheeled_robot) StdoutLine: {'line': b'-- Up-to-date: /home/greyflon/lab_2025/install/two_wheeled_robot/share/two_wheeled_robot/models/big_box\n'}
[0.533526] (two_wheeled_robot) StdoutLine: {'line': b'-- Up-to-date: /home/greyflon/lab_2025/install/two_wheeled_robot/share/two_wheeled_robot/models/big_box/model.config\n'}
[0.533629] (two_wheeled_robot) StdoutLine: {'line': b'-- Up-to-date: /home/greyflon/lab_2025/install/two_wheeled_robot/share/two_wheeled_robot/models/big_box/meshes\n'}
[0.533702] (two_wheeled_robot) StdoutLine: {'line': b'-- Up-to-date: /home/greyflon/lab_2025/install/two_wheeled_robot/share/two_wheeled_robot/models/big_box/meshes/big_box.dae\n'}
[0.533772] (two_wheeled_robot) StdoutLine: {'line': b'-- Up-to-date: /home/greyflon/lab_2025/install/two_wheeled_robot/share/two_wheeled_robot/models/big_box/materials\n'}
[0.533843] (two_wheeled_robot) StdoutLine: {'line': b'-- Up-to-date: /home/greyflon/lab_2025/install/two_wheeled_robot/share/two_wheeled_robot/models/big_box/materials/textures\n'}
[0.533913] (two_wheeled_robot) StdoutLine: {'line': b'-- Up-to-date: /home/greyflon/lab_2025/install/two_wheeled_robot/share/two_wheeled_robot/models/big_box/materials/textures/barcode.png\n'}
[0.533985] (two_wheeled_robot) StdoutLine: {'line': b'-- Up-to-date: /home/greyflon/lab_2025/install/two_wheeled_robot/share/two_wheeled_robot/models/big_box/materials/textures/Kraft_Tile.jpg\n'}
[0.534056] (two_wheeled_robot) StdoutLine: {'line': b'-- Up-to-date: /home/greyflon/lab_2025/install/two_wheeled_robot/share/two_wheeled_robot/models/big_box/materials/textures/side2.png\n'}
[0.534126] (two_wheeled_robot) StdoutLine: {'line': b'-- Up-to-date: /home/greyflon/lab_2025/install/two_wheeled_robot/share/two_wheeled_robot/models/big_box/materials/textures/side1.pdn\n'}
[0.534199] (two_wheeled_robot) StdoutLine: {'line': b'-- Up-to-date: /home/greyflon/lab_2025/install/two_wheeled_robot/share/two_wheeled_robot/models/big_box/materials/textures/front.png\n'}
[0.534271] (two_wheeled_robot) StdoutLine: {'line': b'-- Up-to-date: /home/greyflon/lab_2025/install/two_wheeled_robot/share/two_wheeled_robot/models/big_box/materials/textures/front.pdn\n'}
[0.534340] (two_wheeled_robot) StdoutLine: {'line': b'-- Up-to-date: /home/greyflon/lab_2025/install/two_wheeled_robot/share/two_wheeled_robot/models/big_box/materials/textures/side2.pdn\n'}
[0.534412] (two_wheeled_robot) StdoutLine: {'line': b'-- Up-to-date: /home/greyflon/lab_2025/install/two_wheeled_robot/share/two_wheeled_robot/models/big_box/materials/textures/side1.png\n'}
[0.534483] (two_wheeled_robot) StdoutLine: {'line': b'-- Up-to-date: /home/greyflon/lab_2025/install/two_wheeled_robot/share/two_wheeled_robot/models/big_box/model.sdf\n'}
[0.534567] (two_wheeled_robot) StdoutLine: {'line': b'-- Up-to-date: /home/greyflon/lab_2025/install/two_wheeled_robot/share/two_wheeled_robot/models/suv\n'}
[0.534649] (two_wheeled_robot) StdoutLine: {'line': b'-- Up-to-date: /home/greyflon/lab_2025/install/two_wheeled_robot/share/two_wheeled_robot/models/suv/model.config\n'}
[0.534720] (two_wheeled_robot) StdoutLine: {'line': b'-- Up-to-date: /home/greyflon/lab_2025/install/two_wheeled_robot/share/two_wheeled_robot/models/suv/meshes\n'}
[0.534793] (two_wheeled_robot) StdoutLine: {'line': b'-- Up-to-date: /home/greyflon/lab_2025/install/two_wheeled_robot/share/two_wheeled_robot/models/suv/meshes/suv.mtl\n'}
[0.534864] (two_wheeled_robot) StdoutLine: {'line': b'-- Up-to-date: /home/greyflon/lab_2025/install/two_wheeled_robot/share/two_wheeled_robot/models/suv/meshes/suv.obj\n'}
[0.534942] (two_wheeled_robot) StdoutLine: {'line': b'-- Up-to-date: /home/greyflon/lab_2025/install/two_wheeled_robot/share/two_wheeled_robot/models/suv/materials\n'}
[0.535014] (two_wheeled_robot) StdoutLine: {'line': b'-- Up-to-date: /home/greyflon/lab_2025/install/two_wheeled_robot/share/two_wheeled_robot/models/suv/materials/textures\n'}
[0.535085] (two_wheeled_robot) StdoutLine: {'line': b'-- Up-to-date: /home/greyflon/lab_2025/install/two_wheeled_robot/share/two_wheeled_robot/models/suv/materials/textures/wheels_01.png\n'}
[0.535163] (two_wheeled_robot) StdoutLine: {'line': b'-- Up-to-date: /home/greyflon/lab_2025/install/two_wheeled_robot/share/two_wheeled_robot/models/suv/materials/textures/suv.png\n'}
[0.535234] (two_wheeled_robot) StdoutLine: {'line': b'-- Up-to-date: /home/greyflon/lab_2025/install/two_wheeled_robot/share/two_wheeled_robot/models/suv/model.sdf\n'}
[0.535305] (two_wheeled_robot) StdoutLine: {'line': b'-- Up-to-date: /home/greyflon/lab_2025/install/two_wheeled_robot/share/two_wheeled_robot/models/sun\n'}
[0.535377] (two_wheeled_robot) StdoutLine: {'line': b'-- Up-to-date: /home/greyflon/lab_2025/install/two_wheeled_robot/share/two_wheeled_robot/models/sun/model-1_2.sdf\n'}
[0.535447] (two_wheeled_robot) StdoutLine: {'line': b'-- Up-to-date: /home/greyflon/lab_2025/install/two_wheeled_robot/share/two_wheeled_robot/models/sun/model-1_4.sdf\n'}
[0.535530] (two_wheeled_robot) StdoutLine: {'line': b'-- Up-to-date: /home/greyflon/lab_2025/install/two_wheeled_robot/share/two_wheeled_robot/models/sun/model.config\n'}
[0.536463] (two_wheeled_robot) StdoutLine: {'line': b'-- Up-to-date: /home/greyflon/lab_2025/install/two_wheeled_robot/share/two_wheeled_robot/models/sun/model.sdf\n'}
[0.536560] (two_wheeled_robot) StdoutLine: {'line': b'-- Up-to-date: /home/greyflon/lab_2025/install/two_wheeled_robot/share/two_wheeled_robot/models/sun/model-1_3.sdf\n'}
[0.536643] (two_wheeled_robot) StdoutLine: {'line': b'-- Up-to-date: /home/greyflon/lab_2025/install/two_wheeled_robot/share/two_wheeled_robot/models/marker10\n'}
[0.536713] (two_wheeled_robot) StdoutLine: {'line': b'-- Up-to-date: /home/greyflon/lab_2025/install/two_wheeled_robot/share/two_wheeled_robot/models/marker10/model.config~.xml\n'}
[0.536783] (two_wheeled_robot) StdoutLine: {'line': b'-- Up-to-date: /home/greyflon/lab_2025/install/two_wheeled_robot/share/two_wheeled_robot/models/marker10/model.sdf~\n'}
[0.536855] (two_wheeled_robot) StdoutLine: {'line': b'-- Up-to-date: /home/greyflon/lab_2025/install/two_wheeled_robot/share/two_wheeled_robot/models/marker10/model-1_4.sdf\n'}
[0.536926] (two_wheeled_robot) StdoutLine: {'line': b'-- Up-to-date: /home/greyflon/lab_2025/install/two_wheeled_robot/share/two_wheeled_robot/models/marker10/model.config\n'}
[0.536998] (two_wheeled_robot) StdoutLine: {'line': b'-- Up-to-date: /home/greyflon/lab_2025/install/two_wheeled_robot/share/two_wheeled_robot/models/marker10/meshes\n'}
[0.537068] (two_wheeled_robot) StdoutLine: {'line': b'-- Up-to-date: /home/greyflon/lab_2025/install/two_wheeled_robot/share/two_wheeled_robot/models/marker10/meshes/Marker0.dae\n'}
[0.537141] (two_wheeled_robot) StdoutLine: {'line': b'-- Up-to-date: /home/greyflon/lab_2025/install/two_wheeled_robot/share/two_wheeled_robot/models/marker10/materials\n'}
[0.537211] (two_wheeled_robot) StdoutLine: {'line': b'-- Up-to-date: /home/greyflon/lab_2025/install/two_wheeled_robot/share/two_wheeled_robot/models/marker10/materials/textures\n'}
[0.537284] (two_wheeled_robot) StdoutLine: {'line': b'-- Up-to-date: /home/greyflon/lab_2025/install/two_wheeled_robot/share/two_wheeled_robot/models/marker10/materials/textures/Marker0.png\n'}
[0.537353] (two_wheeled_robot) StdoutLine: {'line': b'-- Up-to-date: /home/greyflon/lab_2025/install/two_wheeled_robot/share/two_wheeled_robot/models/marker10/model.sdf\n'}
[0.537425] (two_wheeled_robot) StdoutLine: {'line': b'-- Up-to-date: /home/greyflon/lab_2025/install/two_wheeled_robot/share/two_wheeled_robot/models/marker10/model-1_5.sdf~\n'}
[0.537494] (two_wheeled_robot) StdoutLine: {'line': b'-- Up-to-date: /home/greyflon/lab_2025/install/two_wheeled_robot/share/two_wheeled_robot/models/marker10/model-1_5.sdf\n'}
[0.537588] (two_wheeled_robot) StdoutLine: {'line': b'-- Up-to-date: /home/greyflon/lab_2025/install/two_wheeled_robot/share/two_wheeled_robot/models/marker10/model-1_4.sdf~\n'}
[0.537666] (two_wheeled_robot) StdoutLine: {'line': b'-- Up-to-date: /home/greyflon/lab_2025/install/two_wheeled_robot/share/two_wheeled_robot/models/target_table\n'}
[0.537746] (two_wheeled_robot) StdoutLine: {'line': b'-- Up-to-date: /home/greyflon/lab_2025/install/two_wheeled_robot/share/two_wheeled_robot/models/target_table/model.config\n'}
[0.537817] (two_wheeled_robot) StdoutLine: {'line': b'-- Up-to-date: /home/greyflon/lab_2025/install/two_wheeled_robot/share/two_wheeled_robot/models/target_table/meshes\n'}
[0.537890] (two_wheeled_robot) StdoutLine: {'line': b'-- Up-to-date: /home/greyflon/lab_2025/install/two_wheeled_robot/share/two_wheeled_robot/models/target_table/meshes/target_table.dae\n'}
[0.537961] (two_wheeled_robot) StdoutLine: {'line': b'-- Up-to-date: /home/greyflon/lab_2025/install/two_wheeled_robot/share/two_wheeled_robot/models/target_table/model.sdf\n'}
[0.538031] (two_wheeled_robot) StdoutLine: {'line': b'-- Up-to-date: /home/greyflon/lab_2025/install/two_wheeled_robot/share/two_wheeled_robot/models/cabinet\n'}
[0.538102] (two_wheeled_robot) StdoutLine: {'line': b'-- Up-to-date: /home/greyflon/lab_2025/install/two_wheeled_robot/share/two_wheeled_robot/models/cabinet/model-1_2.sdf\n'}
[0.538202] (two_wheeled_robot) StdoutLine: {'line': b'-- Up-to-date: /home/greyflon/lab_2025/install/two_wheeled_robot/share/two_wheeled_robot/models/cabinet/model-1_4.sdf\n'}
[0.538294] (two_wheeled_robot) StdoutLine: {'line': b'-- Up-to-date: /home/greyflon/lab_2025/install/two_wheeled_robot/share/two_wheeled_robot/models/cabinet/model.config\n'}
[0.538369] (two_wheeled_robot) StdoutLine: {'line': b'-- Up-to-date: /home/greyflon/lab_2025/install/two_wheeled_robot/share/two_wheeled_robot/models/cabinet/model.sdf\n'}
[0.538440] (two_wheeled_robot) StdoutLine: {'line': b'-- Up-to-date: /home/greyflon/lab_2025/install/two_wheeled_robot/share/two_wheeled_robot/models/cabinet/model-1_3.sdf\n'}
[0.538510] (two_wheeled_robot) StdoutLine: {'line': b'-- Up-to-date: /home/greyflon/lab_2025/install/two_wheeled_robot/share/two_wheeled_robot/models/bus\n'}
[0.539085] (two_wheeled_robot) StdoutLine: {'line': b'-- Up-to-date: /home/greyflon/lab_2025/install/two_wheeled_robot/share/two_wheeled_robot/models/bus/model.config\n'}
[0.539166] (two_wheeled_robot) StdoutLine: {'line': b'-- Up-to-date: /home/greyflon/lab_2025/install/two_wheeled_robot/share/two_wheeled_robot/models/bus/meshes\n'}
[0.539240] (two_wheeled_robot) StdoutLine: {'line': b'-- Up-to-date: /home/greyflon/lab_2025/install/two_wheeled_robot/share/two_wheeled_robot/models/bus/meshes/bus.mtl\n'}
[0.539313] (two_wheeled_robot) StdoutLine: {'line': b'-- Up-to-date: /home/greyflon/lab_2025/install/two_wheeled_robot/share/two_wheeled_robot/models/bus/meshes/bus.obj\n'}
[0.539383] (two_wheeled_robot) StdoutLine: {'line': b'-- Up-to-date: /home/greyflon/lab_2025/install/two_wheeled_robot/share/two_wheeled_robot/models/bus/materials\n'}
[0.539457] (two_wheeled_robot) StdoutLine: {'line': b'-- Up-to-date: /home/greyflon/lab_2025/install/two_wheeled_robot/share/two_wheeled_robot/models/bus/materials/textures\n'}
[0.539530] (two_wheeled_robot) StdoutLine: {'line': b'-- Up-to-date: /home/greyflon/lab_2025/install/two_wheeled_robot/share/two_wheeled_robot/models/bus/materials/textures/bus.png\n'}
[0.539683] (two_wheeled_robot) StdoutLine: {'line': b'-- Up-to-date: /home/greyflon/lab_2025/install/two_wheeled_robot/share/two_wheeled_robot/models/bus/model.sdf\n'}
[0.539763] (two_wheeled_robot) StdoutLine: {'line': b'-- Up-to-date: /home/greyflon/lab_2025/install/two_wheeled_robot/share/two_wheeled_robot/models/stop_sign\n'}
[0.539835] (two_wheeled_robot) StdoutLine: {'line': b'-- Up-to-date: /home/greyflon/lab_2025/install/two_wheeled_robot/share/two_wheeled_robot/models/stop_sign/model-1_4.sdf\n'}
[0.539907] (two_wheeled_robot) StdoutLine: {'line': b'-- Up-to-date: /home/greyflon/lab_2025/install/two_wheeled_robot/share/two_wheeled_robot/models/stop_sign/model.config\n'}
[0.539977] (two_wheeled_robot) StdoutLine: {'line': b'-- Up-to-date: /home/greyflon/lab_2025/install/two_wheeled_robot/share/two_wheeled_robot/models/stop_sign/meshes\n'}
[0.540048] (two_wheeled_robot) StdoutLine: {'line': b'-- Up-to-date: /home/greyflon/lab_2025/install/two_wheeled_robot/share/two_wheeled_robot/models/stop_sign/meshes/stop_sign.dae\n'}
[0.540127] (two_wheeled_robot) StdoutLine: {'line': b'-- Up-to-date: /home/greyflon/lab_2025/install/two_wheeled_robot/share/two_wheeled_robot/models/stop_sign/materials\n'}
[0.540198] (two_wheeled_robot) StdoutLine: {'line': b'-- Up-to-date: /home/greyflon/lab_2025/install/two_wheeled_robot/share/two_wheeled_robot/models/stop_sign/materials/scripts\n'}
[0.540269] (two_wheeled_robot) StdoutLine: {'line': b'-- Up-to-date: /home/greyflon/lab_2025/install/two_wheeled_robot/share/two_wheeled_robot/models/stop_sign/materials/scripts/stopsign.material\n'}
[0.540338] (two_wheeled_robot) StdoutLine: {'line': b'-- Up-to-date: /home/greyflon/lab_2025/install/two_wheeled_robot/share/two_wheeled_robot/models/stop_sign/materials/textures\n'}
[0.540411] (two_wheeled_robot) StdoutLine: {'line': b'-- Up-to-date: /home/greyflon/lab_2025/install/two_wheeled_robot/share/two_wheeled_robot/models/stop_sign/materials/textures/StopSign_Spec.png\n'}
[0.540483] (two_wheeled_robot) StdoutLine: {'line': b'-- Up-to-date: /home/greyflon/lab_2025/install/two_wheeled_robot/share/two_wheeled_robot/models/stop_sign/materials/textures/StopSign_Diffuse.png\n'}
[0.540572] (two_wheeled_robot) StdoutLine: {'line': b'-- Up-to-date: /home/greyflon/lab_2025/install/two_wheeled_robot/share/two_wheeled_robot/models/stop_sign/model.sdf\n'}
[0.540655] (two_wheeled_robot) StdoutLine: {'line': b'-- Up-to-date: /home/greyflon/lab_2025/install/two_wheeled_robot/share/two_wheeled_robot/models/stop_sign/my_mesh.world~\n'}
[0.540726] (two_wheeled_robot) StdoutLine: {'line': b'-- Up-to-date: /home/greyflon/lab_2025/install/two_wheeled_robot/share/two_wheeled_robot/models/stop_sign/model-1_3.sdf\n'}
[0.540799] (two_wheeled_robot) StdoutLine: {'line': b'-- Up-to-date: /home/greyflon/lab_2025/install/two_wheeled_robot/share/two_wheeled_robot/models/aws_robomaker_residential_DeskPortraitA_02\n'}
[0.540871] (two_wheeled_robot) StdoutLine: {'line': b'-- Up-to-date: /home/greyflon/lab_2025/install/two_wheeled_robot/share/two_wheeled_robot/models/aws_robomaker_residential_DeskPortraitA_02/model.config\n'}
[0.540942] (two_wheeled_robot) StdoutLine: {'line': b'-- Up-to-date: /home/greyflon/lab_2025/install/two_wheeled_robot/share/two_wheeled_robot/models/aws_robomaker_residential_DeskPortraitA_02/meshes\n'}
[0.541015] (two_wheeled_robot) StdoutLine: {'line': b'-- Up-to-date: /home/greyflon/lab_2025/install/two_wheeled_robot/share/two_wheeled_robot/models/aws_robomaker_residential_DeskPortraitA_02/meshes/aws_DeskPortraitA_01_visual.DAE\n'}
[0.541092] (two_wheeled_robot) StdoutLine: {'line': b'-- Up-to-date: /home/greyflon/lab_2025/install/two_wheeled_robot/share/two_wheeled_robot/models/aws_robomaker_residential_DeskPortraitA_02/meshes/aws_DeskPortraitA_01_collision.DAE\n'}
[0.541167] (two_wheeled_robot) StdoutLine: {'line': b'-- Up-to-date: /home/greyflon/lab_2025/install/two_wheeled_robot/share/two_wheeled_robot/models/aws_robomaker_residential_DeskPortraitA_02/materials\n'}
[0.541241] (two_wheeled_robot) StdoutLine: {'line': b'-- Up-to-date: /home/greyflon/lab_2025/install/two_wheeled_robot/share/two_wheeled_robot/models/aws_robomaker_residential_DeskPortraitA_02/materials/textures\n'}
[0.541330] (two_wheeled_robot) StdoutLine: {'line': b'-- Up-to-date: /home/greyflon/lab_2025/install/two_wheeled_robot/share/two_wheeled_robot/models/aws_robomaker_residential_DeskPortraitA_02/materials/textures/aws_DeskPortraitA_01.png\n'}
[0.541432] (two_wheeled_robot) StdoutLine: {'line': b'-- Up-to-date: /home/greyflon/lab_2025/install/two_wheeled_robot/share/two_wheeled_robot/models/aws_robomaker_residential_DeskPortraitA_02/materials/textures/aws_DeskPortraitA_02.png\n'}
[0.541532] (two_wheeled_robot) StdoutLine: {'line': b'-- Up-to-date: /home/greyflon/lab_2025/install/two_wheeled_robot/share/two_wheeled_robot/models/aws_robomaker_residential_DeskPortraitA_02/materials/textures/DeskPortraitA_02.jpg\n'}
[0.541676] (two_wheeled_robot) StdoutLine: {'line': b'-- Up-to-date: /home/greyflon/lab_2025/install/two_wheeled_robot/share/two_wheeled_robot/models/aws_robomaker_residential_DeskPortraitA_02/model.sdf\n'}
[0.541805] (two_wheeled_robot) StdoutLine: {'line': b'-- Up-to-date: /home/greyflon/lab_2025/install/two_wheeled_robot/share/two_wheeled_robot/models/marker00\n'}
[0.541881] (two_wheeled_robot) StdoutLine: {'line': b'-- Up-to-date: /home/greyflon/lab_2025/install/two_wheeled_robot/share/two_wheeled_robot/models/marker00/model.config~.xml\n'}
[0.541986] (two_wheeled_robot) StdoutLine: {'line': b'-- Up-to-date: /home/greyflon/lab_2025/install/two_wheeled_robot/share/two_wheeled_robot/models/marker00/model.sdf~\n'}
[0.542093] (two_wheeled_robot) StdoutLine: {'line': b'-- Up-to-date: /home/greyflon/lab_2025/install/two_wheeled_robot/share/two_wheeled_robot/models/marker00/model-1_4.sdf\n'}
[0.542200] (two_wheeled_robot) StdoutLine: {'line': b'-- Up-to-date: /home/greyflon/lab_2025/install/two_wheeled_robot/share/two_wheeled_robot/models/marker00/model.config\n'}
[0.542273] (two_wheeled_robot) StdoutLine: {'line': b'-- Up-to-date: /home/greyflon/lab_2025/install/two_wheeled_robot/share/two_wheeled_robot/models/marker00/meshes\n'}
[0.542345] (two_wheeled_robot) StdoutLine: {'line': b'-- Up-to-date: /home/greyflon/lab_2025/install/two_wheeled_robot/share/two_wheeled_robot/models/marker00/meshes/Marker0.dae\n'}
[0.542418] (two_wheeled_robot) StdoutLine: {'line': b'-- Up-to-date: /home/greyflon/lab_2025/install/two_wheeled_robot/share/two_wheeled_robot/models/marker00/materials\n'}
[0.542490] (two_wheeled_robot) StdoutLine: {'line': b'-- Up-to-date: /home/greyflon/lab_2025/install/two_wheeled_robot/share/two_wheeled_robot/models/marker00/materials/textures\n'}
[0.542594] (two_wheeled_robot) StdoutLine: {'line': b'-- Up-to-date: /home/greyflon/lab_2025/install/two_wheeled_robot/share/two_wheeled_robot/models/marker00/materials/textures/Marker0.png\n'}
[0.542674] (two_wheeled_robot) StdoutLine: {'line': b'-- Up-to-date: /home/greyflon/lab_2025/install/two_wheeled_robot/share/two_wheeled_robot/models/marker00/model.sdf\n'}
[0.542745] (two_wheeled_robot) StdoutLine: {'line': b'-- Up-to-date: /home/greyflon/lab_2025/install/two_wheeled_robot/share/two_wheeled_robot/models/marker00/model-1_5.sdf~\n'}
[0.542816] (two_wheeled_robot) StdoutLine: {'line': b'-- Up-to-date: /home/greyflon/lab_2025/install/two_wheeled_robot/share/two_wheeled_robot/models/marker00/model-1_5.sdf\n'}
[0.542887] (two_wheeled_robot) StdoutLine: {'line': b'-- Up-to-date: /home/greyflon/lab_2025/install/two_wheeled_robot/share/two_wheeled_robot/models/marker00/model-1_4.sdf~\n'}
[0.542957] (two_wheeled_robot) StdoutLine: {'line': b'-- Up-to-date: /home/greyflon/lab_2025/install/two_wheeled_robot/share/two_wheeled_robot/models/bathroom_sink\n'}
[0.543028] (two_wheeled_robot) StdoutLine: {'line': b'-- Up-to-date: /home/greyflon/lab_2025/install/two_wheeled_robot/share/two_wheeled_robot/models/bathroom_sink/model.config\n'}
[0.543100] (two_wheeled_robot) StdoutLine: {'line': b'-- Up-to-date: /home/greyflon/lab_2025/install/two_wheeled_robot/share/two_wheeled_robot/models/bathroom_sink/meshes\n'}
[0.543169] (two_wheeled_robot) StdoutLine: {'line': b'-- Up-to-date: /home/greyflon/lab_2025/install/two_wheeled_robot/share/two_wheeled_robot/models/bathroom_sink/meshes/bathroom_sink.dae\n'}
[0.543239] (two_wheeled_robot) StdoutLine: {'line': b'-- Up-to-date: /home/greyflon/lab_2025/install/two_wheeled_robot/share/two_wheeled_robot/models/bathroom_sink/materials\n'}
[0.543308] (two_wheeled_robot) StdoutLine: {'line': b'-- Up-to-date: /home/greyflon/lab_2025/install/two_wheeled_robot/share/two_wheeled_robot/models/bathroom_sink/materials/textures\n'}
[0.543380] (two_wheeled_robot) StdoutLine: {'line': b'-- Up-to-date: /home/greyflon/lab_2025/install/two_wheeled_robot/share/two_wheeled_robot/models/bathroom_sink/materials/textures/bathroom_sink_diffuse.png\n'}
[0.543453] (two_wheeled_robot) StdoutLine: {'line': b'-- Up-to-date: /home/greyflon/lab_2025/install/two_wheeled_robot/share/two_wheeled_robot/models/bathroom_sink/materials/textures/bathroom_sink_specular.png\n'}
[0.543561] (two_wheeled_robot) StdoutLine: {'line': b'-- Up-to-date: /home/greyflon/lab_2025/install/two_wheeled_robot/share/two_wheeled_robot/models/bathroom_sink/model.sdf\n'}
[0.543682] (two_wheeled_robot) StdoutLine: {'line': b'-- Up-to-date: /home/greyflon/lab_2025/install/two_wheeled_robot/share/two_wheeled_robot/models/grocery_store\n'}
[0.543777] (two_wheeled_robot) StdoutLine: {'line': b'-- Up-to-date: /home/greyflon/lab_2025/install/two_wheeled_robot/share/two_wheeled_robot/models/grocery_store/model.config\n'}
[0.543849] (two_wheeled_robot) StdoutLine: {'line': b'-- Up-to-date: /home/greyflon/lab_2025/install/two_wheeled_robot/share/two_wheeled_robot/models/grocery_store/meshes\n'}
[0.543920] (two_wheeled_robot) StdoutLine: {'line': b'-- Up-to-date: /home/greyflon/lab_2025/install/two_wheeled_robot/share/two_wheeled_robot/models/grocery_store/meshes/grocery_store.dae\n'}
[0.543990] (two_wheeled_robot) StdoutLine: {'line': b'-- Up-to-date: /home/greyflon/lab_2025/install/two_wheeled_robot/share/two_wheeled_robot/models/grocery_store/materials\n'}
[0.544062] (two_wheeled_robot) StdoutLine: {'line': b'-- Up-to-date: /home/greyflon/lab_2025/install/two_wheeled_robot/share/two_wheeled_robot/models/grocery_store/materials/textures\n'}
[0.544134] (two_wheeled_robot) StdoutLine: {'line': b'-- Up-to-date: /home/greyflon/lab_2025/install/two_wheeled_robot/share/two_wheeled_robot/models/grocery_store/materials/textures/grocery_store_diffuse.jpg\n'}
[0.544204] (two_wheeled_robot) StdoutLine: {'line': b'-- Up-to-date: /home/greyflon/lab_2025/install/two_wheeled_robot/share/two_wheeled_robot/models/grocery_store/materials/textures/grocery_store_spec.jpg\n'}
[0.544274] (two_wheeled_robot) StdoutLine: {'line': b'-- Up-to-date: /home/greyflon/lab_2025/install/two_wheeled_robot/share/two_wheeled_robot/models/grocery_store/model.sdf\n'}
[0.544344] (two_wheeled_robot) StdoutLine: {'line': b'-- Up-to-date: /home/greyflon/lab_2025/install/two_wheeled_robot/share/two_wheeled_robot/models/garden\n'}
[0.544413] (two_wheeled_robot) StdoutLine: {'line': b'-- Up-to-date: /home/greyflon/lab_2025/install/two_wheeled_robot/share/two_wheeled_robot/models/garden/model.config\n'}
[0.544483] (two_wheeled_robot) StdoutLine: {'line': b'-- Up-to-date: /home/greyflon/lab_2025/install/two_wheeled_robot/share/two_wheeled_robot/models/garden/materials\n'}
[0.544570] (two_wheeled_robot) StdoutLine: {'line': b'-- Up-to-date: /home/greyflon/lab_2025/install/two_wheeled_robot/share/two_wheeled_robot/models/garden/materials/scripts\n'}
[0.544651] (two_wheeled_robot) StdoutLine: {'line': b'-- Up-to-date: /home/greyflon/lab_2025/install/two_wheeled_robot/share/two_wheeled_robot/models/garden/materials/scripts/grass.material\n'}
[0.544769] (two_wheeled_robot) StdoutLine: {'line': b'-- Up-to-date: /home/greyflon/lab_2025/install/two_wheeled_robot/share/two_wheeled_robot/models/garden/materials/textures\n'}
[0.544840] (two_wheeled_robot) StdoutLine: {'line': b'-- Up-to-date: /home/greyflon/lab_2025/install/two_wheeled_robot/share/two_wheeled_robot/models/garden/materials/textures/grass_dry.jpg\n'}
[0.544912] (two_wheeled_robot) StdoutLine: {'line': b'-- Up-to-date: /home/greyflon/lab_2025/install/two_wheeled_robot/share/two_wheeled_robot/models/garden/model.sdf\n'}
[0.544982] (two_wheeled_robot) StdoutLine: {'line': b'-- Up-to-date: /home/greyflon/lab_2025/install/two_wheeled_robot/share/two_wheeled_robot/models/aws_robomaker_residential_TV_01\n'}
[0.545052] (two_wheeled_robot) StdoutLine: {'line': b'-- Up-to-date: /home/greyflon/lab_2025/install/two_wheeled_robot/share/two_wheeled_robot/models/aws_robomaker_residential_TV_01/model.config\n'}
[0.545120] (two_wheeled_robot) StdoutLine: {'line': b'-- Up-to-date: /home/greyflon/lab_2025/install/two_wheeled_robot/share/two_wheeled_robot/models/aws_robomaker_residential_TV_01/meshes\n'}
[0.545189] (two_wheeled_robot) StdoutLine: {'line': b'-- Up-to-date: /home/greyflon/lab_2025/install/two_wheeled_robot/share/two_wheeled_robot/models/aws_robomaker_residential_TV_01/meshes/aws_TV_01_collision.DAE\n'}
[0.545259] (two_wheeled_robot) StdoutLine: {'line': b'-- Up-to-date: /home/greyflon/lab_2025/install/two_wheeled_robot/share/two_wheeled_robot/models/aws_robomaker_residential_TV_01/meshes/aws_TV_01_visual.DAE\n'}
[0.545337] (two_wheeled_robot) StdoutLine: {'line': b'-- Up-to-date: /home/greyflon/lab_2025/install/two_wheeled_robot/share/two_wheeled_robot/models/aws_robomaker_residential_TV_01/materials\n'}
[0.545406] (two_wheeled_robot) StdoutLine: {'line': b'-- Up-to-date: /home/greyflon/lab_2025/install/two_wheeled_robot/share/two_wheeled_robot/models/aws_robomaker_residential_TV_01/materials/textures\n'}
[0.545476] (two_wheeled_robot) StdoutLine: {'line': b'-- Up-to-date: /home/greyflon/lab_2025/install/two_wheeled_robot/share/two_wheeled_robot/models/aws_robomaker_residential_TV_01/materials/textures/aws_TV_01.png\n'}
[0.545566] (two_wheeled_robot) StdoutLine: {'line': b'-- Up-to-date: /home/greyflon/lab_2025/install/two_wheeled_robot/share/two_wheeled_robot/models/aws_robomaker_residential_TV_01/model.sdf\n'}
[0.545647] (two_wheeled_robot) StdoutLine: {'line': b'-- Up-to-date: /home/greyflon/lab_2025/install/two_wheeled_robot/share/two_wheeled_robot/models/aws_robomaker_residential_Refrigerator_01\n'}
[0.545718] (two_wheeled_robot) StdoutLine: {'line': b'-- Up-to-date: /home/greyflon/lab_2025/install/two_wheeled_robot/share/two_wheeled_robot/models/aws_robomaker_residential_Refrigerator_01/model.config\n'}
[0.545805] (two_wheeled_robot) StdoutLine: {'line': b'-- Up-to-date: /home/greyflon/lab_2025/install/two_wheeled_robot/share/two_wheeled_robot/models/aws_robomaker_residential_Refrigerator_01/meshes\n'}
[0.545902] (two_wheeled_robot) StdoutLine: {'line': b'-- Up-to-date: /home/greyflon/lab_2025/install/two_wheeled_robot/share/two_wheeled_robot/models/aws_robomaker_residential_Refrigerator_01/meshes/aws_Refrigerator_01_collision.DAE\n'}
[0.545982] (two_wheeled_robot) StdoutLine: {'line': b'-- Up-to-date: /home/greyflon/lab_2025/install/two_wheeled_robot/share/two_wheeled_robot/models/aws_robomaker_residential_Refrigerator_01/meshes/aws_Refrigerator_01_visual.DAE\n'}
[0.546053] (two_wheeled_robot) StdoutLine: {'line': b'-- Up-to-date: /home/greyflon/lab_2025/install/two_wheeled_robot/share/two_wheeled_robot/models/aws_robomaker_residential_Refrigerator_01/meshes/aws_Refrigerator_01.DAE\n'}
[0.546124] (two_wheeled_robot) StdoutLine: {'line': b'-- Up-to-date: /home/greyflon/lab_2025/install/two_wheeled_robot/share/two_wheeled_robot/models/aws_robomaker_residential_Refrigerator_01/materials\n'}
[0.546195] (two_wheeled_robot) StdoutLine: {'line': b'-- Up-to-date: /home/greyflon/lab_2025/install/two_wheeled_robot/share/two_wheeled_robot/models/aws_robomaker_residential_Refrigerator_01/materials/textures\n'}
[0.546264] (two_wheeled_robot) StdoutLine: {'line': b'-- Up-to-date: /home/greyflon/lab_2025/install/two_wheeled_robot/share/two_wheeled_robot/models/aws_robomaker_residential_Refrigerator_01/materials/textures/aws_Refrigerator_01.png\n'}
[0.546336] (two_wheeled_robot) StdoutLine: {'line': b'-- Up-to-date: /home/greyflon/lab_2025/install/two_wheeled_robot/share/two_wheeled_robot/models/aws_robomaker_residential_Refrigerator_01/materials/textures/aws_Refrigerator_02.png\n'}
[0.546408] (two_wheeled_robot) StdoutLine: {'line': b'-- Up-to-date: /home/greyflon/lab_2025/install/two_wheeled_robot/share/two_wheeled_robot/models/aws_robomaker_residential_Refrigerator_01/model.sdf\n'}
[0.546479] (two_wheeled_robot) StdoutLine: {'line': b'-- Up-to-date: /home/greyflon/lab_2025/install/two_wheeled_robot/share/two_wheeled_robot/models/parking_garage\n'}
[0.546567] (two_wheeled_robot) StdoutLine: {'line': b'-- Up-to-date: /home/greyflon/lab_2025/install/two_wheeled_robot/share/two_wheeled_robot/models/parking_garage/model.config\n'}
[0.546648] (two_wheeled_robot) StdoutLine: {'line': b'-- Up-to-date: /home/greyflon/lab_2025/install/two_wheeled_robot/share/two_wheeled_robot/models/parking_garage/meshes\n'}
[0.546718] (two_wheeled_robot) StdoutLine: {'line': b'-- Up-to-date: /home/greyflon/lab_2025/install/two_wheeled_robot/share/two_wheeled_robot/models/parking_garage/meshes/parking_garage.dae\n'}
[0.546799] (two_wheeled_robot) StdoutLine: {'line': b'-- Up-to-date: /home/greyflon/lab_2025/install/two_wheeled_robot/share/two_wheeled_robot/models/parking_garage/materials\n'}
[0.547082] (two_wheeled_robot) StdoutLine: {'line': b'-- Up-to-date: /home/greyflon/lab_2025/install/two_wheeled_robot/share/two_wheeled_robot/models/parking_garage/materials/textures\n'}
[0.547155] (two_wheeled_robot) StdoutLine: {'line': b'-- Up-to-date: /home/greyflon/lab_2025/install/two_wheeled_robot/share/two_wheeled_robot/models/parking_garage/materials/textures/parking_garage_spec.jpg\n'}
[0.547225] (two_wheeled_robot) StdoutLine: {'line': b'-- Up-to-date: /home/greyflon/lab_2025/install/two_wheeled_robot/share/two_wheeled_robot/models/parking_garage/materials/textures/parking_garage_diffuse.jpg\n'}
[0.547296] (two_wheeled_robot) StdoutLine: {'line': b'-- Up-to-date: /home/greyflon/lab_2025/install/two_wheeled_robot/share/two_wheeled_robot/models/parking_garage/model.sdf\n'}
[0.547365] (two_wheeled_robot) StdoutLine: {'line': b'-- Up-to-date: /home/greyflon/lab_2025/install/two_wheeled_robot/share/two_wheeled_robot/models/aws_robomaker_residential_Board_01\n'}
[0.547438] (two_wheeled_robot) StdoutLine: {'line': b'-- Up-to-date: /home/greyflon/lab_2025/install/two_wheeled_robot/share/two_wheeled_robot/models/aws_robomaker_residential_Board_01/model.config\n'}
[0.547509] (two_wheeled_robot) StdoutLine: {'line': b'-- Up-to-date: /home/greyflon/lab_2025/install/two_wheeled_robot/share/two_wheeled_robot/models/aws_robomaker_residential_Board_01/meshes\n'}
[0.547604] (two_wheeled_robot) StdoutLine: {'line': b'-- Up-to-date: /home/greyflon/lab_2025/install/two_wheeled_robot/share/two_wheeled_robot/models/aws_robomaker_residential_Board_01/meshes/aws_Board_01_visual.DAE\n'}
[0.547682] (two_wheeled_robot) StdoutLine: {'line': b'-- Up-to-date: /home/greyflon/lab_2025/install/two_wheeled_robot/share/two_wheeled_robot/models/aws_robomaker_residential_Board_01/meshes/aws_Board_01_collision.DAE\n'}
[0.547753] (two_wheeled_robot) StdoutLine: {'line': b'-- Up-to-date: /home/greyflon/lab_2025/install/two_wheeled_robot/share/two_wheeled_robot/models/aws_robomaker_residential_Board_01/materials\n'}
[0.547824] (two_wheeled_robot) StdoutLine: {'line': b'-- Up-to-date: /home/greyflon/lab_2025/install/two_wheeled_robot/share/two_wheeled_robot/models/aws_robomaker_residential_Board_01/materials/textures\n'}
[0.547894] (two_wheeled_robot) StdoutLine: {'line': b'-- Up-to-date: /home/greyflon/lab_2025/install/two_wheeled_robot/share/two_wheeled_robot/models/aws_robomaker_residential_Board_01/materials/textures/aws_Board_01.png\n'}
[0.547970] (two_wheeled_robot) StdoutLine: {'line': b'-- Up-to-date: /home/greyflon/lab_2025/install/two_wheeled_robot/share/two_wheeled_robot/models/aws_robomaker_residential_Board_01/model.sdf\n'}
[0.548041] (two_wheeled_robot) StdoutLine: {'line': b'-- Up-to-date: /home/greyflon/lab_2025/install/two_wheeled_robot/share/two_wheeled_robot/models/aws_robomaker_hospital_floor_02_ceiling\n'}
[0.548111] (two_wheeled_robot) StdoutLine: {'line': b'-- Up-to-date: /home/greyflon/lab_2025/install/two_wheeled_robot/share/two_wheeled_robot/models/aws_robomaker_hospital_floor_02_ceiling/model.config\n'}
[0.548182] (two_wheeled_robot) StdoutLine: {'line': b'-- Up-to-date: /home/greyflon/lab_2025/install/two_wheeled_robot/share/two_wheeled_robot/models/aws_robomaker_hospital_floor_02_ceiling/meshes\n'}
[0.548253] (two_wheeled_robot) StdoutLine: {'line': b'-- Up-to-date: /home/greyflon/lab_2025/install/two_wheeled_robot/share/two_wheeled_robot/models/aws_robomaker_hospital_floor_02_ceiling/meshes/aws_robomaker_hospital_floor_02_ceiling_collision.dae\n'}
[0.548322] (two_wheeled_robot) StdoutLine: {'line': b'-- Up-to-date: /home/greyflon/lab_2025/install/two_wheeled_robot/share/two_wheeled_robot/models/aws_robomaker_hospital_floor_02_ceiling/meshes/aws_robomaker_hospital_floor_02_ceiling_visual.dae\n'}
[0.548395] (two_wheeled_robot) StdoutLine: {'line': b'-- Up-to-date: /home/greyflon/lab_2025/install/two_wheeled_robot/share/two_wheeled_robot/models/aws_robomaker_hospital_floor_02_ceiling/meshes/aws_robomaker_hospital_floor_02_ceiling.png\n'}
[0.548474] (two_wheeled_robot) StdoutLine: {'line': b'-- Up-to-date: /home/greyflon/lab_2025/install/two_wheeled_robot/share/two_wheeled_robot/models/aws_robomaker_hospital_floor_02_ceiling/meshes/aws_robomaker_hospital_floor_02_ceiling_normal.png\n'}
[0.548561] (two_wheeled_robot) StdoutLine: {'line': b'-- Up-to-date: /home/greyflon/lab_2025/install/two_wheeled_robot/share/two_wheeled_robot/models/aws_robomaker_hospital_floor_02_ceiling/materials\n'}
[0.548646] (two_wheeled_robot) StdoutLine: {'line': b'-- Up-to-date: /home/greyflon/lab_2025/install/two_wheeled_robot/share/two_wheeled_robot/models/aws_robomaker_hospital_floor_02_ceiling/materials/model.sdf\n'}
[0.548717] (two_wheeled_robot) StdoutLine: {'line': b'-- Up-to-date: /home/greyflon/lab_2025/install/two_wheeled_robot/share/two_wheeled_robot/models/aws_robomaker_hospital_floor_02_ceiling/model.sdf\n'}
[0.548789] (two_wheeled_robot) StdoutLine: {'line': b'-- Up-to-date: /home/greyflon/lab_2025/install/two_wheeled_robot/share/two_wheeled_robot/models/gas_station\n'}
[0.548859] (two_wheeled_robot) StdoutLine: {'line': b'-- Up-to-date: /home/greyflon/lab_2025/install/two_wheeled_robot/share/two_wheeled_robot/models/gas_station/model-1_4.sdf\n'}
[0.548928] (two_wheeled_robot) StdoutLine: {'line': b'-- Up-to-date: /home/greyflon/lab_2025/install/two_wheeled_robot/share/two_wheeled_robot/models/gas_station/model.config\n'}
[0.548999] (two_wheeled_robot) StdoutLine: {'line': b'-- Up-to-date: /home/greyflon/lab_2025/install/two_wheeled_robot/share/two_wheeled_robot/models/gas_station/meshes\n'}
[0.549069] (two_wheeled_robot) StdoutLine: {'line': b'-- Up-to-date: /home/greyflon/lab_2025/install/two_wheeled_robot/share/two_wheeled_robot/models/gas_station/meshes/gas_station.dae\n'}
[0.549330] (two_wheeled_robot) StdoutLine: {'line': b'-- Up-to-date: /home/greyflon/lab_2025/install/two_wheeled_robot/share/two_wheeled_robot/models/gas_station/materials\n'}
[0.549411] (two_wheeled_robot) StdoutLine: {'line': b'-- Up-to-date: /home/greyflon/lab_2025/install/two_wheeled_robot/share/two_wheeled_robot/models/gas_station/materials/scripts\n'}
[0.549482] (two_wheeled_robot) StdoutLine: {'line': b'-- Up-to-date: /home/greyflon/lab_2025/install/two_wheeled_robot/share/two_wheeled_robot/models/gas_station/materials/scripts/gas_station.material\n'}
[0.549570] (two_wheeled_robot) StdoutLine: {'line': b'-- Up-to-date: /home/greyflon/lab_2025/install/two_wheeled_robot/share/two_wheeled_robot/models/gas_station/materials/textures\n'}
[0.549650] (two_wheeled_robot) StdoutLine: {'line': b'-- Up-to-date: /home/greyflon/lab_2025/install/two_wheeled_robot/share/two_wheeled_robot/models/gas_station/materials/textures/GasStation_Diffuse.png\n'}
[0.549721] (two_wheeled_robot) StdoutLine: {'line': b'-- Up-to-date: /home/greyflon/lab_2025/install/two_wheeled_robot/share/two_wheeled_robot/models/gas_station/materials/textures/GasStation_Spec.png\n'}
[0.549870] (two_wheeled_robot) StdoutLine: {'line': b'-- Up-to-date: /home/greyflon/lab_2025/install/two_wheeled_robot/share/two_wheeled_robot/models/gas_station/materials/textures/GasStation_Normal.png\n'}
[0.550146] (two_wheeled_robot) StdoutLine: {'line': b'-- Up-to-date: /home/greyflon/lab_2025/install/two_wheeled_robot/share/two_wheeled_robot/models/gas_station/model.sdf\n'}
[0.550216] (two_wheeled_robot) StdoutLine: {'line': b'-- Up-to-date: /home/greyflon/lab_2025/install/two_wheeled_robot/share/two_wheeled_robot/models/gas_station/model-1_3.sdf\n'}
[0.550512] (two_wheeled_robot) StdoutLine: {'line': b'-- Up-to-date: /home/greyflon/lab_2025/install/two_wheeled_robot/share/two_wheeled_robot/models/ParkingTrolleyMin\n'}
[0.550612] (two_wheeled_robot) StdoutLine: {'line': b'-- Up-to-date: /home/greyflon/lab_2025/install/two_wheeled_robot/share/two_wheeled_robot/models/ParkingTrolleyMin/model.config\n'}
[0.550719] (two_wheeled_robot) StdoutLine: {'line': b'-- Up-to-date: /home/greyflon/lab_2025/install/two_wheeled_robot/share/two_wheeled_robot/models/ParkingTrolleyMin/meshes\n'}
[0.550811] (two_wheeled_robot) StdoutLine: {'line': b'-- Up-to-date: /home/greyflon/lab_2025/install/two_wheeled_robot/share/two_wheeled_robot/models/ParkingTrolleyMin/meshes/trolleymin.mtl\n'}
[0.550879] (two_wheeled_robot) StdoutLine: {'line': b'-- Up-to-date: /home/greyflon/lab_2025/install/two_wheeled_robot/share/two_wheeled_robot/models/ParkingTrolleyMin/meshes/bag.png\n'}
[0.550943] (two_wheeled_robot) StdoutLine: {'line': b'-- Up-to-date: /home/greyflon/lab_2025/install/two_wheeled_robot/share/two_wheeled_robot/models/ParkingTrolleyMin/meshes/texture.png\n'}
[0.551081] (two_wheeled_robot) StdoutLine: {'line': b'-- Up-to-date: /home/greyflon/lab_2025/install/two_wheeled_robot/share/two_wheeled_robot/models/ParkingTrolleyMin/meshes/potato.png\n'}
[0.551161] (two_wheeled_robot) StdoutLine: {'line': b'-- Up-to-date: /home/greyflon/lab_2025/install/two_wheeled_robot/share/two_wheeled_robot/models/ParkingTrolleyMin/meshes/trolleymin.obj\n'}
[0.551227] (two_wheeled_robot) StdoutLine: {'line': b'-- Up-to-date: /home/greyflon/lab_2025/install/two_wheeled_robot/share/two_wheeled_robot/models/ParkingTrolleyMin/thumbnails\n'}
[0.551290] (two_wheeled_robot) StdoutLine: {'line': b'-- Up-to-date: /home/greyflon/lab_2025/install/two_wheeled_robot/share/two_wheeled_robot/models/ParkingTrolleyMin/thumbnails/5.png\n'}
[0.551356] (two_wheeled_robot) StdoutLine: {'line': b'-- Up-to-date: /home/greyflon/lab_2025/install/two_wheeled_robot/share/two_wheeled_robot/models/ParkingTrolleyMin/thumbnails/1.png\n'}
[0.551429] (two_wheeled_robot) StdoutLine: {'line': b'-- Up-to-date: /home/greyflon/lab_2025/install/two_wheeled_robot/share/two_wheeled_robot/models/ParkingTrolleyMin/thumbnails/2.png\n'}
[0.551493] (two_wheeled_robot) StdoutLine: {'line': b'-- Up-to-date: /home/greyflon/lab_2025/install/two_wheeled_robot/share/two_wheeled_robot/models/ParkingTrolleyMin/thumbnails/4.png\n'}
[0.551571] (two_wheeled_robot) StdoutLine: {'line': b'-- Up-to-date: /home/greyflon/lab_2025/install/two_wheeled_robot/share/two_wheeled_robot/models/ParkingTrolleyMin/thumbnails/3.png\n'}
[0.551645] (two_wheeled_robot) StdoutLine: {'line': b'-- Up-to-date: /home/greyflon/lab_2025/install/two_wheeled_robot/share/two_wheeled_robot/models/ParkingTrolleyMin/model.sdf\n'}
[0.551709] (two_wheeled_robot) StdoutLine: {'line': b'-- Up-to-date: /home/greyflon/lab_2025/install/two_wheeled_robot/share/two_wheeled_robot/models/aws_robomaker_residential_FloorB_01\n'}
[0.551774] (two_wheeled_robot) StdoutLine: {'line': b'-- Up-to-date: /home/greyflon/lab_2025/install/two_wheeled_robot/share/two_wheeled_robot/models/aws_robomaker_residential_FloorB_01/model.config\n'}
[0.551838] (two_wheeled_robot) StdoutLine: {'line': b'-- Up-to-date: /home/greyflon/lab_2025/install/two_wheeled_robot/share/two_wheeled_robot/models/aws_robomaker_residential_FloorB_01/meshes\n'}
[0.551901] (two_wheeled_robot) StdoutLine: {'line': b'-- Up-to-date: /home/greyflon/lab_2025/install/two_wheeled_robot/share/two_wheeled_robot/models/aws_robomaker_residential_FloorB_01/meshes/aws_FloorB_01_collision.DAE\n'}
[0.551963] (two_wheeled_robot) StdoutLine: {'line': b'-- Up-to-date: /home/greyflon/lab_2025/install/two_wheeled_robot/share/two_wheeled_robot/models/aws_robomaker_residential_FloorB_01/meshes/aws_FloorB_01_visual.DAE\n'}
[0.552066] (two_wheeled_robot) StdoutLine: {'line': b'-- Up-to-date: /home/greyflon/lab_2025/install/two_wheeled_robot/share/two_wheeled_robot/models/aws_robomaker_residential_FloorB_01/materials\n'}
[0.552143] (two_wheeled_robot) StdoutLine: {'line': b'-- Up-to-date: /home/greyflon/lab_2025/install/two_wheeled_robot/share/two_wheeled_robot/models/aws_robomaker_residential_FloorB_01/materials/textures\n'}
[0.552297] (two_wheeled_robot) StdoutLine: {'line': b'-- Up-to-date: /home/greyflon/lab_2025/install/two_wheeled_robot/share/two_wheeled_robot/models/aws_robomaker_residential_FloorB_01/materials/textures/aws_FloorB_01.png\n'}
[0.552361] (two_wheeled_robot) StdoutLine: {'line': b'-- Up-to-date: /home/greyflon/lab_2025/install/two_wheeled_robot/share/two_wheeled_robot/models/aws_robomaker_residential_FloorB_01/model.sdf\n'}
[0.552490] (two_wheeled_robot) StdoutLine: {'line': b'-- Up-to-date: /home/greyflon/lab_2025/install/two_wheeled_robot/share/two_wheeled_robot/models/AdjTable\n'}
[0.552573] (two_wheeled_robot) StdoutLine: {'line': b'-- Up-to-date: /home/greyflon/lab_2025/install/two_wheeled_robot/share/two_wheeled_robot/models/AdjTable/model.config\n'}
[0.552647] (two_wheeled_robot) StdoutLine: {'line': b'-- Up-to-date: /home/greyflon/lab_2025/install/two_wheeled_robot/share/two_wheeled_robot/models/AdjTable/meshes\n'}
[0.552741] (two_wheeled_robot) StdoutLine: {'line': b'-- Up-to-date: /home/greyflon/lab_2025/install/two_wheeled_robot/share/two_wheeled_robot/models/AdjTable/meshes/AdjTable_Col.obj\n'}
[0.552806] (two_wheeled_robot) StdoutLine: {'line': b'-- Up-to-date: /home/greyflon/lab_2025/install/two_wheeled_robot/share/two_wheeled_robot/models/AdjTable/meshes/AdjTable_Col.mtl\n'}
[0.552869] (two_wheeled_robot) StdoutLine: {'line': b'-- Up-to-date: /home/greyflon/lab_2025/install/two_wheeled_robot/share/two_wheeled_robot/models/AdjTable/meshes/AdjTable.obj\n'}
[0.552943] (two_wheeled_robot) StdoutLine: {'line': b'-- Up-to-date: /home/greyflon/lab_2025/install/two_wheeled_robot/share/two_wheeled_robot/models/AdjTable/meshes/AdjTable_Diffuse.png\n'}
[0.553014] (two_wheeled_robot) StdoutLine: {'line': b'-- Up-to-date: /home/greyflon/lab_2025/install/two_wheeled_robot/share/two_wheeled_robot/models/AdjTable/meshes/AdjTable.mtl\n'}
[0.553077] (two_wheeled_robot) StdoutLine: {'line': b'-- Up-to-date: /home/greyflon/lab_2025/install/two_wheeled_robot/share/two_wheeled_robot/models/AdjTable/thumbnails\n'}
[0.553140] (two_wheeled_robot) StdoutLine: {'line': b'-- Up-to-date: /home/greyflon/lab_2025/install/two_wheeled_robot/share/two_wheeled_robot/models/AdjTable/thumbnails/5.png\n'}
[0.553203] (two_wheeled_robot) StdoutLine: {'line': b'-- Up-to-date: /home/greyflon/lab_2025/install/two_wheeled_robot/share/two_wheeled_robot/models/AdjTable/thumbnails/1.png\n'}
[0.553267] (two_wheeled_robot) StdoutLine: {'line': b'-- Up-to-date: /home/greyflon/lab_2025/install/two_wheeled_robot/share/two_wheeled_robot/models/AdjTable/thumbnails/2.png\n'}
[0.553330] (two_wheeled_robot) StdoutLine: {'line': b'-- Up-to-date: /home/greyflon/lab_2025/install/two_wheeled_robot/share/two_wheeled_robot/models/AdjTable/thumbnails/4.png\n'}
[0.553439] (two_wheeled_robot) StdoutLine: {'line': b'-- Up-to-date: /home/greyflon/lab_2025/install/two_wheeled_robot/share/two_wheeled_robot/models/AdjTable/thumbnails/3.png\n'}
[0.553505] (two_wheeled_robot) StdoutLine: {'line': b'-- Up-to-date: /home/greyflon/lab_2025/install/two_wheeled_robot/share/two_wheeled_robot/models/AdjTable/model.sdf\n'}
[0.553587] (two_wheeled_robot) StdoutLine: {'line': b'-- Up-to-date: /home/greyflon/lab_2025/install/two_wheeled_robot/share/two_wheeled_robot/models/aws_robomaker_warehouse_RoofB_01\n'}
[0.553690] (two_wheeled_robot) StdoutLine: {'line': b'-- Up-to-date: /home/greyflon/lab_2025/install/two_wheeled_robot/share/two_wheeled_robot/models/aws_robomaker_warehouse_RoofB_01/model.config\n'}
[0.553803] (two_wheeled_robot) StdoutLine: {'line': b'-- Up-to-date: /home/greyflon/lab_2025/install/two_wheeled_robot/share/two_wheeled_robot/models/aws_robomaker_warehouse_RoofB_01/meshes\n'}
[0.553869] (two_wheeled_robot) StdoutLine: {'line': b'-- Up-to-date: /home/greyflon/lab_2025/install/two_wheeled_robot/share/two_wheeled_robot/models/aws_robomaker_warehouse_RoofB_01/meshes/aws_robomaker_warehouse_RoofB_01_visual.DAE\n'}
[0.553933] (two_wheeled_robot) StdoutLine: {'line': b'-- Up-to-date: /home/greyflon/lab_2025/install/two_wheeled_robot/share/two_wheeled_robot/models/aws_robomaker_warehouse_RoofB_01/meshes/aws_robomaker_warehouse_RoofB_01_collision.DAE\n'}
[0.553997] (two_wheeled_robot) StdoutLine: {'line': b'-- Up-to-date: /home/greyflon/lab_2025/install/two_wheeled_robot/share/two_wheeled_robot/models/aws_robomaker_warehouse_RoofB_01/materials\n'}
[0.554060] (two_wheeled_robot) StdoutLine: {'line': b'-- Up-to-date: /home/greyflon/lab_2025/install/two_wheeled_robot/share/two_wheeled_robot/models/aws_robomaker_warehouse_RoofB_01/materials/textures\n'}
[0.554130] (two_wheeled_robot) StdoutLine: {'line': b'-- Up-to-date: /home/greyflon/lab_2025/install/two_wheeled_robot/share/two_wheeled_robot/models/aws_robomaker_warehouse_RoofB_01/materials/textures/aws_robomaker_warehouse_RoofB_01.png\n'}
[0.554194] (two_wheeled_robot) StdoutLine: {'line': b'-- Up-to-date: /home/greyflon/lab_2025/install/two_wheeled_robot/share/two_wheeled_robot/models/aws_robomaker_warehouse_RoofB_01/model.sdf\n'}
[0.554258] (two_wheeled_robot) StdoutLine: {'line': b'-- Up-to-date: /home/greyflon/lab_2025/install/two_wheeled_robot/share/two_wheeled_robot/models/house_3\n'}
[0.554321] (two_wheeled_robot) StdoutLine: {'line': b'-- Up-to-date: /home/greyflon/lab_2025/install/two_wheeled_robot/share/two_wheeled_robot/models/house_3/model-1_4.sdf\n'}
[0.554384] (two_wheeled_robot) StdoutLine: {'line': b'-- Up-to-date: /home/greyflon/lab_2025/install/two_wheeled_robot/share/two_wheeled_robot/models/house_3/model.config\n'}
[0.554447] (two_wheeled_robot) StdoutLine: {'line': b'-- Up-to-date: /home/greyflon/lab_2025/install/two_wheeled_robot/share/two_wheeled_robot/models/house_3/meshes\n'}
[0.554520] (two_wheeled_robot) StdoutLine: {'line': b'-- Up-to-date: /home/greyflon/lab_2025/install/two_wheeled_robot/share/two_wheeled_robot/models/house_3/meshes/house_3.dae\n'}
[0.554608] (two_wheeled_robot) StdoutLine: {'line': b'-- Up-to-date: /home/greyflon/lab_2025/install/two_wheeled_robot/share/two_wheeled_robot/models/house_3/materials\n'}
[0.554687] (two_wheeled_robot) StdoutLine: {'line': b'-- Up-to-date: /home/greyflon/lab_2025/install/two_wheeled_robot/share/two_wheeled_robot/models/house_3/materials/scripts\n'}
[0.554753] (two_wheeled_robot) StdoutLine: {'line': b'-- Up-to-date: /home/greyflon/lab_2025/install/two_wheeled_robot/share/two_wheeled_robot/models/house_3/materials/scripts/house_3.material\n'}
[0.554842] (two_wheeled_robot) StdoutLine: {'line': b'-- Up-to-date: /home/greyflon/lab_2025/install/two_wheeled_robot/share/two_wheeled_robot/models/house_3/materials/textures\n'}
[0.554993] (two_wheeled_robot) StdoutLine: {'line': b'-- Up-to-date: /home/greyflon/lab_2025/install/two_wheeled_robot/share/two_wheeled_robot/models/house_3/materials/textures/House_3_Diffuse.png\n'}
[0.555068] (two_wheeled_robot) StdoutLine: {'line': b'-- Up-to-date: /home/greyflon/lab_2025/install/two_wheeled_robot/share/two_wheeled_robot/models/house_3/model.sdf\n'}
[0.555139] (two_wheeled_robot) StdoutLine: {'line': b'-- Up-to-date: /home/greyflon/lab_2025/install/two_wheeled_robot/share/two_wheeled_robot/models/house_3/model-1_3.sdf\n'}
[0.555216] (two_wheeled_robot) StdoutLine: {'line': b'-- Up-to-date: /home/greyflon/lab_2025/install/two_wheeled_robot/share/two_wheeled_robot/models/fire_hydrant\n'}
[0.555289] (two_wheeled_robot) StdoutLine: {'line': b'-- Up-to-date: /home/greyflon/lab_2025/install/two_wheeled_robot/share/two_wheeled_robot/models/fire_hydrant/model-1_4.sdf\n'}
[0.555361] (two_wheeled_robot) StdoutLine: {'line': b'-- Up-to-date: /home/greyflon/lab_2025/install/two_wheeled_robot/share/two_wheeled_robot/models/fire_hydrant/model.config\n'}
[0.555432] (two_wheeled_robot) StdoutLine: {'line': b'-- Up-to-date: /home/greyflon/lab_2025/install/two_wheeled_robot/share/two_wheeled_robot/models/fire_hydrant/meshes\n'}
[0.555502] (two_wheeled_robot) StdoutLine: {'line': b'-- Up-to-date: /home/greyflon/lab_2025/install/two_wheeled_robot/share/two_wheeled_robot/models/fire_hydrant/meshes/fire_hydrant.dae\n'}
[0.555597] (two_wheeled_robot) StdoutLine: {'line': b'-- Up-to-date: /home/greyflon/lab_2025/install/two_wheeled_robot/share/two_wheeled_robot/models/fire_hydrant/materials\n'}
[0.555675] (two_wheeled_robot) StdoutLine: {'line': b'-- Up-to-date: /home/greyflon/lab_2025/install/two_wheeled_robot/share/two_wheeled_robot/models/fire_hydrant/materials/textures\n'}
[0.555745] (two_wheeled_robot) StdoutLine: {'line': b'-- Up-to-date: /home/greyflon/lab_2025/install/two_wheeled_robot/share/two_wheeled_robot/models/fire_hydrant/materials/textures/fire_hydrant_spec.png\n'}
[0.555825] (two_wheeled_robot) StdoutLine: {'line': b'-- Up-to-date: /home/greyflon/lab_2025/install/two_wheeled_robot/share/two_wheeled_robot/models/fire_hydrant/materials/textures/fire_hydrant_diffuse.png\n'}
[0.555899] (two_wheeled_robot) StdoutLine: {'line': b'-- Up-to-date: /home/greyflon/lab_2025/install/two_wheeled_robot/share/two_wheeled_robot/models/fire_hydrant/model.sdf\n'}
[0.555968] (two_wheeled_robot) StdoutLine: {'line': b'-- Up-to-date: /home/greyflon/lab_2025/install/two_wheeled_robot/share/two_wheeled_robot/models/OfficeChairBlack\n'}
[0.556041] (two_wheeled_robot) StdoutLine: {'line': b'-- Up-to-date: /home/greyflon/lab_2025/install/two_wheeled_robot/share/two_wheeled_robot/models/OfficeChairBlack/model.config\n'}
[0.556111] (two_wheeled_robot) StdoutLine: {'line': b'-- Up-to-date: /home/greyflon/lab_2025/install/two_wheeled_robot/share/two_wheeled_robot/models/OfficeChairBlack/meshes\n'}
[0.556182] (two_wheeled_robot) StdoutLine: {'line': b'-- Up-to-date: /home/greyflon/lab_2025/install/two_wheeled_robot/share/two_wheeled_robot/models/OfficeChairBlack/meshes/OfficeChairBlack_Col.obj\n'}
[0.556253] (two_wheeled_robot) StdoutLine: {'line': b'-- Up-to-date: /home/greyflon/lab_2025/install/two_wheeled_robot/share/two_wheeled_robot/models/OfficeChairBlack/meshes/OfficeChairBlack.png\n'}
[0.556324] (two_wheeled_robot) StdoutLine: {'line': b'-- Up-to-date: /home/greyflon/lab_2025/install/two_wheeled_robot/share/two_wheeled_robot/models/OfficeChairBlack/meshes/OfficeChairBlack_Col.mtl\n'}
[0.556395] (two_wheeled_robot) StdoutLine: {'line': b'-- Up-to-date: /home/greyflon/lab_2025/install/two_wheeled_robot/share/two_wheeled_robot/models/OfficeChairBlack/meshes/OfficeChairBlack.mtl\n'}
[0.556466] (two_wheeled_robot) StdoutLine: {'line': b'-- Up-to-date: /home/greyflon/lab_2025/install/two_wheeled_robot/share/two_wheeled_robot/models/OfficeChairBlack/meshes/OfficeChairBlack.obj\n'}
[0.556539] (two_wheeled_robot) StdoutLine: {'line': b'-- Up-to-date: /home/greyflon/lab_2025/install/two_wheeled_robot/share/two_wheeled_robot/models/OfficeChairBlack/thumbnails\n'}
[0.556642] (two_wheeled_robot) StdoutLine: {'line': b'-- Up-to-date: /home/greyflon/lab_2025/install/two_wheeled_robot/share/two_wheeled_robot/models/OfficeChairBlack/thumbnails/5.png\n'}
[0.556714] (two_wheeled_robot) StdoutLine: {'line': b'-- Up-to-date: /home/greyflon/lab_2025/install/two_wheeled_robot/share/two_wheeled_robot/models/OfficeChairBlack/thumbnails/meta\n'}
[0.556785] (two_wheeled_robot) StdoutLine: {'line': b'-- Up-to-date: /home/greyflon/lab_2025/install/two_wheeled_robot/share/two_wheeled_robot/models/OfficeChairBlack/thumbnails/meta/5.png\n'}
[0.556857] (two_wheeled_robot) StdoutLine: {'line': b'-- Up-to-date: /home/greyflon/lab_2025/install/two_wheeled_robot/share/two_wheeled_robot/models/OfficeChairBlack/thumbnails/meta/1.png\n'}
[0.556928] (two_wheeled_robot) StdoutLine: {'line': b'-- Up-to-date: /home/greyflon/lab_2025/install/two_wheeled_robot/share/two_wheeled_robot/models/OfficeChairBlack/thumbnails/meta/2.png\n'}
[0.557011] (two_wheeled_robot) StdoutLine: {'line': b'-- Up-to-date: /home/greyflon/lab_2025/install/two_wheeled_robot/share/two_wheeled_robot/models/OfficeChairBlack/thumbnails/meta/4.png\n'}
[0.557082] (two_wheeled_robot) StdoutLine: {'line': b'-- Up-to-date: /home/greyflon/lab_2025/install/two_wheeled_robot/share/two_wheeled_robot/models/OfficeChairBlack/thumbnails/meta/3.png\n'}
[0.557154] (two_wheeled_robot) StdoutLine: {'line': b'-- Up-to-date: /home/greyflon/lab_2025/install/two_wheeled_robot/share/two_wheeled_robot/models/OfficeChairBlack/thumbnails/1.png\n'}
[0.557242] (two_wheeled_robot) StdoutLine: {'line': b'-- Up-to-date: /home/greyflon/lab_2025/install/two_wheeled_robot/share/two_wheeled_robot/models/OfficeChairBlack/thumbnails/2.png\n'}
[0.557314] (two_wheeled_robot) StdoutLine: {'line': b'-- Up-to-date: /home/greyflon/lab_2025/install/two_wheeled_robot/share/two_wheeled_robot/models/OfficeChairBlack/thumbnails/4.png\n'}
[0.557400] (two_wheeled_robot) StdoutLine: {'line': b'-- Up-to-date: /home/greyflon/lab_2025/install/two_wheeled_robot/share/two_wheeled_robot/models/OfficeChairBlack/thumbnails/3.png\n'}
[0.557473] (two_wheeled_robot) StdoutLine: {'line': b'-- Up-to-date: /home/greyflon/lab_2025/install/two_wheeled_robot/share/two_wheeled_robot/models/OfficeChairBlack/model.sdf\n'}
[0.557560] (two_wheeled_robot) StdoutLine: {'line': b'-- Up-to-date: /home/greyflon/lab_2025/install/two_wheeled_robot/share/two_wheeled_robot/models/BoxesLargeOnPallet\n'}
[0.557644] (two_wheeled_robot) StdoutLine: {'line': b'-- Up-to-date: /home/greyflon/lab_2025/install/two_wheeled_robot/share/two_wheeled_robot/models/BoxesLargeOnPallet/model.config\n'}
[0.557716] (two_wheeled_robot) StdoutLine: {'line': b'-- Up-to-date: /home/greyflon/lab_2025/install/two_wheeled_robot/share/two_wheeled_robot/models/BoxesLargeOnPallet/materials\n'}
[0.557787] (two_wheeled_robot) StdoutLine: {'line': b'-- Up-to-date: /home/greyflon/lab_2025/install/two_wheeled_robot/share/two_wheeled_robot/models/BoxesLargeOnPallet/materials/scripts\n'}
[0.557857] (two_wheeled_robot) StdoutLine: {'line': b'-- Up-to-date: /home/greyflon/lab_2025/install/two_wheeled_robot/share/two_wheeled_robot/models/BoxesLargeOnPallet/materials/scripts/BoxesLargeOnPallet.material\n'}
[0.557927] (two_wheeled_robot) StdoutLine: {'line': b'-- Up-to-date: /home/greyflon/lab_2025/install/two_wheeled_robot/share/two_wheeled_robot/models/BoxesLargeOnPallet/model.sdf\n'}
[0.558007] (two_wheeled_robot) StdoutLine: {'line': b'-- Up-to-date: /home/greyflon/lab_2025/install/two_wheeled_robot/share/two_wheeled_robot/models/refrigerator\n'}
[0.558101] (two_wheeled_robot) StdoutLine: {'line': b'-- Up-to-date: /home/greyflon/lab_2025/install/two_wheeled_robot/share/two_wheeled_robot/models/refrigerator/model.config\n'}
[0.558206] (two_wheeled_robot) StdoutLine: {'line': b'-- Up-to-date: /home/greyflon/lab_2025/install/two_wheeled_robot/share/two_wheeled_robot/models/refrigerator/meshes\n'}
[0.558284] (two_wheeled_robot) StdoutLine: {'line': b'-- Up-to-date: /home/greyflon/lab_2025/install/two_wheeled_robot/share/two_wheeled_robot/models/refrigerator/meshes/refrigerator.mtl\n'}
[0.558357] (two_wheeled_robot) StdoutLine: {'line': b'-- Up-to-date: /home/greyflon/lab_2025/install/two_wheeled_robot/share/two_wheeled_robot/models/refrigerator/meshes/refrigerator.obj\n'}
[0.558430] (two_wheeled_robot) StdoutLine: {'line': b'-- Up-to-date: /home/greyflon/lab_2025/install/two_wheeled_robot/share/two_wheeled_robot/models/refrigerator/materials\n'}
[0.558500] (two_wheeled_robot) StdoutLine: {'line': b'-- Up-to-date: /home/greyflon/lab_2025/install/two_wheeled_robot/share/two_wheeled_robot/models/refrigerator/materials/textures\n'}
[0.558589] (two_wheeled_robot) StdoutLine: {'line': b'-- Up-to-date: /home/greyflon/lab_2025/install/two_wheeled_robot/share/two_wheeled_robot/models/refrigerator/materials/textures/refrigerator.png\n'}
[0.558661] (two_wheeled_robot) StdoutLine: {'line': b'-- Up-to-date: /home/greyflon/lab_2025/install/two_wheeled_robot/share/two_wheeled_robot/models/refrigerator/model.sdf\n'}
[0.558726] (two_wheeled_robot) StdoutLine: {'line': b'-- Up-to-date: /home/greyflon/lab_2025/install/two_wheeled_robot/share/two_wheeled_robot/models/cafe_table\n'}
[0.558805] (two_wheeled_robot) StdoutLine: {'line': b'-- Up-to-date: /home/greyflon/lab_2025/install/two_wheeled_robot/share/two_wheeled_robot/models/cafe_table/model-1_4.sdf\n'}
[0.558872] (two_wheeled_robot) StdoutLine: {'line': b'-- Up-to-date: /home/greyflon/lab_2025/install/two_wheeled_robot/share/two_wheeled_robot/models/cafe_table/model.config\n'}
[0.558935] (two_wheeled_robot) StdoutLine: {'line': b'-- Up-to-date: /home/greyflon/lab_2025/install/two_wheeled_robot/share/two_wheeled_robot/models/cafe_table/meshes\n'}
[0.559078] (two_wheeled_robot) StdoutLine: {'line': b'-- Up-to-date: /home/greyflon/lab_2025/install/two_wheeled_robot/share/two_wheeled_robot/models/cafe_table/meshes/cafe_table.dae\n'}
[0.559143] (two_wheeled_robot) StdoutLine: {'line': b'-- Up-to-date: /home/greyflon/lab_2025/install/two_wheeled_robot/share/two_wheeled_robot/models/cafe_table/materials\n'}
[0.559214] (two_wheeled_robot) StdoutLine: {'line': b'-- Up-to-date: /home/greyflon/lab_2025/install/two_wheeled_robot/share/two_wheeled_robot/models/cafe_table/materials/textures\n'}
[0.559278] (two_wheeled_robot) StdoutLine: {'line': b'-- Up-to-date: /home/greyflon/lab_2025/install/two_wheeled_robot/share/two_wheeled_robot/models/cafe_table/materials/textures/Maple.jpg\n'}
[0.559341] (two_wheeled_robot) StdoutLine: {'line': b'-- Up-to-date: /home/greyflon/lab_2025/install/two_wheeled_robot/share/two_wheeled_robot/models/cafe_table/materials/textures/Wood_Floor_Dark.jpg\n'}
[0.559419] (two_wheeled_robot) StdoutLine: {'line': b'-- Up-to-date: /home/greyflon/lab_2025/install/two_wheeled_robot/share/two_wheeled_robot/models/cafe_table/model.sdf\n'}
[0.559501] (two_wheeled_robot) StdoutLine: {'line': b'-- Up-to-date: /home/greyflon/lab_2025/install/two_wheeled_robot/share/two_wheeled_robot/models/aws_robomaker_residential_Quilt_01\n'}
[0.559636] (two_wheeled_robot) StdoutLine: {'line': b'-- Up-to-date: /home/greyflon/lab_2025/install/two_wheeled_robot/share/two_wheeled_robot/models/aws_robomaker_residential_Quilt_01/model.config\n'}
[0.559735] (two_wheeled_robot) StdoutLine: {'line': b'-- Up-to-date: /home/greyflon/lab_2025/install/two_wheeled_robot/share/two_wheeled_robot/models/aws_robomaker_residential_Quilt_01/meshes\n'}
[0.559822] (two_wheeled_robot) StdoutLine: {'line': b'-- Up-to-date: /home/greyflon/lab_2025/install/two_wheeled_robot/share/two_wheeled_robot/models/aws_robomaker_residential_Quilt_01/meshes/aws_Quilt_01_visual.DAE\n'}
[0.559896] (two_wheeled_robot) StdoutLine: {'line': b'-- Up-to-date: /home/greyflon/lab_2025/install/two_wheeled_robot/share/two_wheeled_robot/models/aws_robomaker_residential_Quilt_01/meshes/aws_Quilt_01_collision.DAE\n'}
[0.559968] (two_wheeled_robot) StdoutLine: {'line': b'-- Up-to-date: /home/greyflon/lab_2025/install/two_wheeled_robot/share/two_wheeled_robot/models/aws_robomaker_residential_Quilt_01/materials\n'}
[0.560039] (two_wheeled_robot) StdoutLine: {'line': b'-- Up-to-date: /home/greyflon/lab_2025/install/two_wheeled_robot/share/two_wheeled_robot/models/aws_robomaker_residential_Quilt_01/materials/textures\n'}
[0.560108] (two_wheeled_robot) StdoutLine: {'line': b'-- Up-to-date: /home/greyflon/lab_2025/install/two_wheeled_robot/share/two_wheeled_robot/models/aws_robomaker_residential_Quilt_01/materials/textures/aws_Quilt_01.png\n'}
[0.560179] (two_wheeled_robot) StdoutLine: {'line': b'-- Up-to-date: /home/greyflon/lab_2025/install/two_wheeled_robot/share/two_wheeled_robot/models/aws_robomaker_residential_Quilt_01/model.sdf\n'}
[0.560249] (two_wheeled_robot) StdoutLine: {'line': b'-- Up-to-date: /home/greyflon/lab_2025/install/two_wheeled_robot/share/two_wheeled_robot/models/aws_robomaker_hospital_elevator_01_portal\n'}
[0.560320] (two_wheeled_robot) StdoutLine: {'line': b'-- Up-to-date: /home/greyflon/lab_2025/install/two_wheeled_robot/share/two_wheeled_robot/models/aws_robomaker_hospital_elevator_01_portal/model.config\n'}
[0.560390] (two_wheeled_robot) StdoutLine: {'line': b'-- Up-to-date: /home/greyflon/lab_2025/install/two_wheeled_robot/share/two_wheeled_robot/models/aws_robomaker_hospital_elevator_01_portal/meshes\n'}
[0.560460] (two_wheeled_robot) StdoutLine: {'line': b'-- Up-to-date: /home/greyflon/lab_2025/install/two_wheeled_robot/share/two_wheeled_robot/models/aws_robomaker_hospital_elevator_01_portal/meshes/aws_robomaker_hospital_elevator_01_visual_normal.png\n'}
[0.560529] (two_wheeled_robot) StdoutLine: {'line': b'-- Up-to-date: /home/greyflon/lab_2025/install/two_wheeled_robot/share/two_wheeled_robot/models/aws_robomaker_hospital_elevator_01_portal/meshes/aws_robomaker_hospital_elevator_01_portal_visual.dae\n'}
[0.560661] (two_wheeled_robot) StdoutLine: {'line': b'-- Up-to-date: /home/greyflon/lab_2025/install/two_wheeled_robot/share/two_wheeled_robot/models/aws_robomaker_hospital_elevator_01_portal/meshes/aws_robomaker_hospital_elevator_01_portal_collision.dae\n'}
[0.560745] (two_wheeled_robot) StdoutLine: {'line': b'-- Up-to-date: /home/greyflon/lab_2025/install/two_wheeled_robot/share/two_wheeled_robot/models/aws_robomaker_hospital_elevator_01_portal/meshes/aws_robomaker_hospital_elevator_01_low.png\n'}
[0.560818] (two_wheeled_robot) StdoutLine: {'line': b'-- Up-to-date: /home/greyflon/lab_2025/install/two_wheeled_robot/share/two_wheeled_robot/models/aws_robomaker_hospital_elevator_01_portal/meshes/aws_robomaker_hospital_elevator_01_low_normal.png\n'}
[0.560888] (two_wheeled_robot) StdoutLine: {'line': b'-- Up-to-date: /home/greyflon/lab_2025/install/two_wheeled_robot/share/two_wheeled_robot/models/aws_robomaker_hospital_elevator_01_portal/meshes/aws_robomaker_hospital_elevator_01_portal_low.dae\n'}
[0.560957] (two_wheeled_robot) StdoutLine: {'line': b'-- Up-to-date: /home/greyflon/lab_2025/install/two_wheeled_robot/share/two_wheeled_robot/models/aws_robomaker_hospital_elevator_01_portal/meshes/aws_robomaker_hospital_elevator_01_visual.png\n'}
[0.561028] (two_wheeled_robot) StdoutLine: {'line': b'-- Up-to-date: /home/greyflon/lab_2025/install/two_wheeled_robot/share/two_wheeled_robot/models/aws_robomaker_hospital_elevator_01_portal/model.sdf\n'}
[0.561099] (two_wheeled_robot) StdoutLine: {'line': b'-- Up-to-date: /home/greyflon/lab_2025/install/two_wheeled_robot/share/two_wheeled_robot/models/aws_robomaker_residential_Sofa_01\n'}
[0.561168] (two_wheeled_robot) StdoutLine: {'line': b'-- Up-to-date: /home/greyflon/lab_2025/install/two_wheeled_robot/share/two_wheeled_robot/models/aws_robomaker_residential_Sofa_01/model.config\n'}
[0.561239] (two_wheeled_robot) StdoutLine: {'line': b'-- Up-to-date: /home/greyflon/lab_2025/install/two_wheeled_robot/share/two_wheeled_robot/models/aws_robomaker_residential_Sofa_01/meshes\n'}
[0.561309] (two_wheeled_robot) StdoutLine: {'line': b'-- Up-to-date: /home/greyflon/lab_2025/install/two_wheeled_robot/share/two_wheeled_robot/models/aws_robomaker_residential_Sofa_01/meshes/aws_Sofa_01.DAE\n'}
[0.561382] (two_wheeled_robot) StdoutLine: {'line': b'-- Up-to-date: /home/greyflon/lab_2025/install/two_wheeled_robot/share/two_wheeled_robot/models/aws_robomaker_residential_Sofa_01/meshes/aws_Sofa_01_visual.DAE\n'}
[0.561451] (two_wheeled_robot) StdoutLine: {'line': b'-- Up-to-date: /home/greyflon/lab_2025/install/two_wheeled_robot/share/two_wheeled_robot/models/aws_robomaker_residential_Sofa_01/meshes/aws_Sofa_01_collision.DAE\n'}
[0.561597] (two_wheeled_robot) StdoutLine: {'line': b'-- Up-to-date: /home/greyflon/lab_2025/install/two_wheeled_robot/share/two_wheeled_robot/models/aws_robomaker_residential_Sofa_01/materials\n'}
[0.561688] (two_wheeled_robot) StdoutLine: {'line': b'-- Up-to-date: /home/greyflon/lab_2025/install/two_wheeled_robot/share/two_wheeled_robot/models/aws_robomaker_residential_Sofa_01/materials/textures\n'}
[0.561760] (two_wheeled_robot) StdoutLine: {'line': b'-- Up-to-date: /home/greyflon/lab_2025/install/two_wheeled_robot/share/two_wheeled_robot/models/aws_robomaker_residential_Sofa_01/materials/textures/aws_Sofa_01.png\n'}
[0.561829] (two_wheeled_robot) StdoutLine: {'line': b'-- Up-to-date: /home/greyflon/lab_2025/install/two_wheeled_robot/share/two_wheeled_robot/models/aws_robomaker_residential_Sofa_01/model.sdf\n'}
[0.561899] (two_wheeled_robot) StdoutLine: {'line': b'-- Up-to-date: /home/greyflon/lab_2025/install/two_wheeled_robot/share/two_wheeled_robot/models/pioneer2dx\n'}
[0.561969] (two_wheeled_robot) StdoutLine: {'line': b'-- Up-to-date: /home/greyflon/lab_2025/install/two_wheeled_robot/share/two_wheeled_robot/models/pioneer2dx/model-1_2.sdf\n'}
[0.562038] (two_wheeled_robot) StdoutLine: {'line': b'-- Up-to-date: /home/greyflon/lab_2025/install/two_wheeled_robot/share/two_wheeled_robot/models/pioneer2dx/model-1_4.sdf\n'}
[0.562107] (two_wheeled_robot) StdoutLine: {'line': b'-- Up-to-date: /home/greyflon/lab_2025/install/two_wheeled_robot/share/two_wheeled_robot/models/pioneer2dx/model.config\n'}
[0.562177] (two_wheeled_robot) StdoutLine: {'line': b'-- Up-to-date: /home/greyflon/lab_2025/install/two_wheeled_robot/share/two_wheeled_robot/models/pioneer2dx/meshes\n'}
[0.562254] (two_wheeled_robot) StdoutLine: {'line': b'-- Up-to-date: /home/greyflon/lab_2025/install/two_wheeled_robot/share/two_wheeled_robot/models/pioneer2dx/meshes/wheel.dae\n'}
[0.562325] (two_wheeled_robot) StdoutLine: {'line': b'-- Up-to-date: /home/greyflon/lab_2025/install/two_wheeled_robot/share/two_wheeled_robot/models/pioneer2dx/meshes/chassis.dae\n'}
[0.562396] (two_wheeled_robot) StdoutLine: {'line': b'-- Up-to-date: /home/greyflon/lab_2025/install/two_wheeled_robot/share/two_wheeled_robot/models/pioneer2dx/materials\n'}
[0.562466] (two_wheeled_robot) StdoutLine: {'line': b'-- Up-to-date: /home/greyflon/lab_2025/install/two_wheeled_robot/share/two_wheeled_robot/models/pioneer2dx/materials/textures\n'}
[0.562535] (two_wheeled_robot) StdoutLine: {'line': b'-- Up-to-date: /home/greyflon/lab_2025/install/two_wheeled_robot/share/two_wheeled_robot/models/pioneer2dx/materials/textures/plate_2_logo.png\n'}
[0.562660] (two_wheeled_robot) StdoutLine: {'line': b'-- Up-to-date: /home/greyflon/lab_2025/install/two_wheeled_robot/share/two_wheeled_robot/models/pioneer2dx/materials/textures/68-04552-2000-RA_Turtlebot_M-F_Standoff_color.png\n'}
[0.562735] (two_wheeled_robot) StdoutLine: {'line': b'-- Up-to-date: /home/greyflon/lab_2025/install/two_wheeled_robot/share/two_wheeled_robot/models/pioneer2dx/materials/textures/plate_1_logo.png\n'}
[0.562815] (two_wheeled_robot) StdoutLine: {'line': b'-- Up-to-date: /home/greyflon/lab_2025/install/two_wheeled_robot/share/two_wheeled_robot/models/pioneer2dx/materials/textures/68-02421-8000-RA_Turtlebot_F-F_Standoff_color.png\n'}
[0.562907] (two_wheeled_robot) StdoutLine: {'line': b'-- Up-to-date: /home/greyflon/lab_2025/install/two_wheeled_robot/share/two_wheeled_robot/models/pioneer2dx/materials/textures/68-04552-1000-RA_Turtlebot_M-F_Standoff_color.png\n'}
[0.562992] (two_wheeled_robot) StdoutLine: {'line': b'-- Up-to-date: /home/greyflon/lab_2025/install/two_wheeled_robot/share/two_wheeled_robot/models/pioneer2dx/materials/textures/plate_0_logo.png\n'}
[0.563064] (two_wheeled_robot) StdoutLine: {'line': b'-- Up-to-date: /home/greyflon/lab_2025/install/two_wheeled_robot/share/two_wheeled_robot/models/pioneer2dx/materials/textures/create_body.png\n'}
[0.563134] (two_wheeled_robot) StdoutLine: {'line': b'-- Up-to-date: /home/greyflon/lab_2025/install/two_wheeled_robot/share/two_wheeled_robot/models/pioneer2dx/model.sdf\n'}
[0.563204] (two_wheeled_robot) StdoutLine: {'line': b'-- Up-to-date: /home/greyflon/lab_2025/install/two_wheeled_robot/share/two_wheeled_robot/models/pioneer2dx/model-1_3.sdf\n'}
[0.563275] (two_wheeled_robot) StdoutLine: {'line': b'-- Up-to-date: /home/greyflon/lab_2025/install/two_wheeled_robot/share/two_wheeled_robot/models/beer\n'}
[0.563344] (two_wheeled_robot) StdoutLine: {'line': b'-- Up-to-date: /home/greyflon/lab_2025/install/two_wheeled_robot/share/two_wheeled_robot/models/beer/model-1_4.sdf\n'}
[0.563415] (two_wheeled_robot) StdoutLine: {'line': b'-- Up-to-date: /home/greyflon/lab_2025/install/two_wheeled_robot/share/two_wheeled_robot/models/beer/model.config\n'}
[0.563486] (two_wheeled_robot) StdoutLine: {'line': b'-- Up-to-date: /home/greyflon/lab_2025/install/two_wheeled_robot/share/two_wheeled_robot/models/beer/materials\n'}
[0.563572] (two_wheeled_robot) StdoutLine: {'line': b'-- Up-to-date: /home/greyflon/lab_2025/install/two_wheeled_robot/share/two_wheeled_robot/models/beer/materials/scripts\n'}
[0.563653] (two_wheeled_robot) StdoutLine: {'line': b'-- Up-to-date: /home/greyflon/lab_2025/install/two_wheeled_robot/share/two_wheeled_robot/models/beer/materials/scripts/beer.material\n'}
[0.563727] (two_wheeled_robot) StdoutLine: {'line': b'-- Up-to-date: /home/greyflon/lab_2025/install/two_wheeled_robot/share/two_wheeled_robot/models/beer/materials/textures\n'}
[0.563796] (two_wheeled_robot) StdoutLine: {'line': b'-- Up-to-date: /home/greyflon/lab_2025/install/two_wheeled_robot/share/two_wheeled_robot/models/beer/materials/textures/beer.png\n'}
[0.563872] (two_wheeled_robot) StdoutLine: {'line': b'-- Up-to-date: /home/greyflon/lab_2025/install/two_wheeled_robot/share/two_wheeled_robot/models/beer/model.sdf\n'}
[0.563959] (two_wheeled_robot) StdoutLine: {'line': b'-- Up-to-date: /home/greyflon/lab_2025/install/two_wheeled_robot/share/two_wheeled_robot/models/office_cafe_table\n'}
[0.564032] (two_wheeled_robot) StdoutLine: {'line': b'-- Up-to-date: /home/greyflon/lab_2025/install/two_wheeled_robot/share/two_wheeled_robot/models/office_cafe_table/model.config\n'}
[0.564103] (two_wheeled_robot) StdoutLine: {'line': b'-- Up-to-date: /home/greyflon/lab_2025/install/two_wheeled_robot/share/two_wheeled_robot/models/office_cafe_table/meshes\n'}
[0.564174] (two_wheeled_robot) StdoutLine: {'line': b'-- Up-to-date: /home/greyflon/lab_2025/install/two_wheeled_robot/share/two_wheeled_robot/models/office_cafe_table/meshes/office_cafe_table.dae\n'}
[0.564244] (two_wheeled_robot) StdoutLine: {'line': b'-- Up-to-date: /home/greyflon/lab_2025/install/two_wheeled_robot/share/two_wheeled_robot/models/office_cafe_table/materials\n'}
[0.564314] (two_wheeled_robot) StdoutLine: {'line': b'-- Up-to-date: /home/greyflon/lab_2025/install/two_wheeled_robot/share/two_wheeled_robot/models/office_cafe_table/materials/textures\n'}
[0.564386] (two_wheeled_robot) StdoutLine: {'line': b'-- Up-to-date: /home/greyflon/lab_2025/install/two_wheeled_robot/share/two_wheeled_robot/models/office_cafe_table/materials/textures/Maple.jpg\n'}
[0.564457] (two_wheeled_robot) StdoutLine: {'line': b'-- Up-to-date: /home/greyflon/lab_2025/install/two_wheeled_robot/share/two_wheeled_robot/models/office_cafe_table/materials/textures/Wood_Floor_Dark.jpg\n'}
[0.564527] (two_wheeled_robot) StdoutLine: {'line': b'-- Up-to-date: /home/greyflon/lab_2025/install/two_wheeled_robot/share/two_wheeled_robot/models/office_cafe_table/model.sdf\n'}
[0.564627] (two_wheeled_robot) StdoutLine: {'line': b'-- Up-to-date: /home/greyflon/lab_2025/install/two_wheeled_robot/share/two_wheeled_robot/models/aws_robomaker_hospital_nursesstation_01\n'}
[0.564702] (two_wheeled_robot) StdoutLine: {'line': b'-- Up-to-date: /home/greyflon/lab_2025/install/two_wheeled_robot/share/two_wheeled_robot/models/aws_robomaker_hospital_nursesstation_01/model.config\n'}
[0.564773] (two_wheeled_robot) StdoutLine: {'line': b'-- Up-to-date: /home/greyflon/lab_2025/install/two_wheeled_robot/share/two_wheeled_robot/models/aws_robomaker_hospital_nursesstation_01/meshes\n'}
[0.564844] (two_wheeled_robot) StdoutLine: {'line': b'-- Up-to-date: /home/greyflon/lab_2025/install/two_wheeled_robot/share/two_wheeled_robot/models/aws_robomaker_hospital_nursesstation_01/meshes/aws_robomaker_hospital_nursesstation_01_low.dae\n'}
[0.564916] (two_wheeled_robot) StdoutLine: {'line': b'-- Up-to-date: /home/greyflon/lab_2025/install/two_wheeled_robot/share/two_wheeled_robot/models/aws_robomaker_hospital_nursesstation_01/meshes/aws_robomaker_hospital_nursesstation_01_low.png\n'}
[0.564986] (two_wheeled_robot) StdoutLine: {'line': b'-- Up-to-date: /home/greyflon/lab_2025/install/two_wheeled_robot/share/two_wheeled_robot/models/aws_robomaker_hospital_nursesstation_01/meshes/aws_robomaker_hospital_nursesstation_01_low_normal.png\n'}
[0.565055] (two_wheeled_robot) StdoutLine: {'line': b'-- Up-to-date: /home/greyflon/lab_2025/install/two_wheeled_robot/share/two_wheeled_robot/models/aws_robomaker_hospital_nursesstation_01/meshes/aws_robomaker_hospital_nursesstation_01_visual.png\n'}
[0.565126] (two_wheeled_robot) StdoutLine: {'line': b'-- Up-to-date: /home/greyflon/lab_2025/install/two_wheeled_robot/share/two_wheeled_robot/models/aws_robomaker_hospital_nursesstation_01/meshes/aws_robomaker_hospital_nursesstation_01_visual_normal.png\n'}
[0.565200] (two_wheeled_robot) StdoutLine: {'line': b'-- Up-to-date: /home/greyflon/lab_2025/install/two_wheeled_robot/share/two_wheeled_robot/models/aws_robomaker_hospital_nursesstation_01/meshes/aws_robomaker_hospital_nursesstation_01_visual.dae\n'}
[0.565270] (two_wheeled_robot) StdoutLine: {'line': b'-- Up-to-date: /home/greyflon/lab_2025/install/two_wheeled_robot/share/two_wheeled_robot/models/aws_robomaker_hospital_nursesstation_01/meshes/aws_robomaker_hospital_nursesstation_01_collision.dae\n'}
[0.565349] (two_wheeled_robot) StdoutLine: {'line': b'-- Up-to-date: /home/greyflon/lab_2025/install/two_wheeled_robot/share/two_wheeled_robot/models/aws_robomaker_hospital_nursesstation_01/model.sdf\n'}
[0.565420] (two_wheeled_robot) StdoutLine: {'line': b'-- Up-to-date: /home/greyflon/lab_2025/install/two_wheeled_robot/share/two_wheeled_robot/models/amazon_robot2\n'}
[0.565491] (two_wheeled_robot) StdoutLine: {'line': b'-- Up-to-date: /home/greyflon/lab_2025/install/two_wheeled_robot/share/two_wheeled_robot/models/amazon_robot2/model.config\n'}
[0.565578] (two_wheeled_robot) StdoutLine: {'line': b'-- Up-to-date: /home/greyflon/lab_2025/install/two_wheeled_robot/share/two_wheeled_robot/models/amazon_robot2/meshes\n'}
[0.565657] (two_wheeled_robot) StdoutLine: {'line': b'-- Up-to-date: /home/greyflon/lab_2025/install/two_wheeled_robot/share/two_wheeled_robot/models/amazon_robot2/meshes/lds.dae\n'}
[0.565730] (two_wheeled_robot) StdoutLine: {'line': b'-- Up-to-date: /home/greyflon/lab_2025/install/two_wheeled_robot/share/two_wheeled_robot/models/amazon_robot2/meshes/waffle_pi_base.dae\n'}
[0.565802] (two_wheeled_robot) StdoutLine: {'line': b'-- Up-to-date: /home/greyflon/lab_2025/install/two_wheeled_robot/share/two_wheeled_robot/models/amazon_robot2/meshes/left_tire.dae\n'}
[0.565879] (two_wheeled_robot) StdoutLine: {'line': b'-- Up-to-date: /home/greyflon/lab_2025/install/two_wheeled_robot/share/two_wheeled_robot/models/amazon_robot2/meshes/right_tire.dae\n'}
[0.565951] (two_wheeled_robot) StdoutLine: {'line': b'-- Up-to-date: /home/greyflon/lab_2025/install/two_wheeled_robot/share/two_wheeled_robot/models/amazon_robot2/model.sdf\n'}
[0.566053] (two_wheeled_robot) StdoutLine: {'line': b'-- Up-to-date: /home/greyflon/lab_2025/install/two_wheeled_robot/share/two_wheeled_robot/models/ground_plane\n'}
[0.566125] (two_wheeled_robot) StdoutLine: {'line': b'-- Up-to-date: /home/greyflon/lab_2025/install/two_wheeled_robot/share/two_wheeled_robot/models/ground_plane/model-1_2.sdf\n'}
[0.566195] (two_wheeled_robot) StdoutLine: {'line': b'-- Up-to-date: /home/greyflon/lab_2025/install/two_wheeled_robot/share/two_wheeled_robot/models/ground_plane/model-1_4.sdf\n'}
[0.566283] (two_wheeled_robot) StdoutLine: {'line': b'-- Up-to-date: /home/greyflon/lab_2025/install/two_wheeled_robot/share/two_wheeled_robot/models/ground_plane/model.config\n'}
[0.566361] (two_wheeled_robot) StdoutLine: {'line': b'-- Up-to-date: /home/greyflon/lab_2025/install/two_wheeled_robot/share/two_wheeled_robot/models/ground_plane/model.sdf\n'}
[0.566461] (two_wheeled_robot) StdoutLine: {'line': b'-- Up-to-date: /home/greyflon/lab_2025/install/two_wheeled_robot/share/two_wheeled_robot/models/ground_plane/model-1_3.sdf\n'}
[0.566569] (two_wheeled_robot) StdoutLine: {'line': b'-- Up-to-date: /home/greyflon/lab_2025/install/two_wheeled_robot/share/two_wheeled_robot/models/microwave\n'}
[0.566659] (two_wheeled_robot) StdoutLine: {'line': b'-- Up-to-date: /home/greyflon/lab_2025/install/two_wheeled_robot/share/two_wheeled_robot/models/microwave/model.config\n'}
[0.566731] (two_wheeled_robot) StdoutLine: {'line': b'-- Up-to-date: /home/greyflon/lab_2025/install/two_wheeled_robot/share/two_wheeled_robot/models/microwave/meshes\n'}
[0.566804] (two_wheeled_robot) StdoutLine: {'line': b'-- Up-to-date: /home/greyflon/lab_2025/install/two_wheeled_robot/share/two_wheeled_robot/models/microwave/meshes/microwave.obj\n'}
[0.566873] (two_wheeled_robot) StdoutLine: {'line': b'-- Up-to-date: /home/greyflon/lab_2025/install/two_wheeled_robot/share/two_wheeled_robot/models/microwave/meshes/microwave.mtl\n'}
[0.566944] (two_wheeled_robot) StdoutLine: {'line': b'-- Up-to-date: /home/greyflon/lab_2025/install/two_wheeled_robot/share/two_wheeled_robot/models/microwave/materials\n'}
[0.567015] (two_wheeled_robot) StdoutLine: {'line': b'-- Up-to-date: /home/greyflon/lab_2025/install/two_wheeled_robot/share/two_wheeled_robot/models/microwave/materials/textures\n'}
[0.567084] (two_wheeled_robot) StdoutLine: {'line': b'-- Up-to-date: /home/greyflon/lab_2025/install/two_wheeled_robot/share/two_wheeled_robot/models/microwave/materials/textures/microwave.png\n'}
[0.567163] (two_wheeled_robot) StdoutLine: {'line': b'-- Up-to-date: /home/greyflon/lab_2025/install/two_wheeled_robot/share/two_wheeled_robot/models/microwave/model.sdf\n'}
[0.567233] (two_wheeled_robot) StdoutLine: {'line': b'-- Up-to-date: /home/greyflon/lab_2025/install/two_wheeled_robot/share/two_wheeled_robot/models/office_desk\n'}
[0.567305] (two_wheeled_robot) StdoutLine: {'line': b'-- Up-to-date: /home/greyflon/lab_2025/install/two_wheeled_robot/share/two_wheeled_robot/models/office_desk/model.config\n'}
[0.567374] (two_wheeled_robot) StdoutLine: {'line': b'-- Up-to-date: /home/greyflon/lab_2025/install/two_wheeled_robot/share/two_wheeled_robot/models/office_desk/meshes\n'}
[0.567444] (two_wheeled_robot) StdoutLine: {'line': b'-- Up-to-date: /home/greyflon/lab_2025/install/two_wheeled_robot/share/two_wheeled_robot/models/office_desk/meshes/office_desk.dae\n'}
[0.567513] (two_wheeled_robot) StdoutLine: {'line': b'-- Up-to-date: /home/greyflon/lab_2025/install/two_wheeled_robot/share/two_wheeled_robot/models/office_desk/materials\n'}
[0.567656] (two_wheeled_robot) StdoutLine: {'line': b'-- Up-to-date: /home/greyflon/lab_2025/install/two_wheeled_robot/share/two_wheeled_robot/models/office_desk/materials/textures\n'}
[0.567730] (two_wheeled_robot) StdoutLine: {'line': b'-- Up-to-date: /home/greyflon/lab_2025/install/two_wheeled_robot/share/two_wheeled_robot/models/office_desk/materials/textures/office_desk_diffuse.png\n'}
[0.567802] (two_wheeled_robot) StdoutLine: {'line': b'-- Up-to-date: /home/greyflon/lab_2025/install/two_wheeled_robot/share/two_wheeled_robot/models/office_desk/materials/textures/office_desk_specular.png\n'}
[0.567872] (two_wheeled_robot) StdoutLine: {'line': b'-- Up-to-date: /home/greyflon/lab_2025/install/two_wheeled_robot/share/two_wheeled_robot/models/office_desk/model.sdf\n'}
[0.567955] (two_wheeled_robot) StdoutLine: {'line': b'-- Up-to-date: /home/greyflon/lab_2025/install/two_wheeled_robot/share/two_wheeled_robot/models/BoxesLargeOnPallet_3\n'}
[0.568027] (two_wheeled_robot) StdoutLine: {'line': b'-- Up-to-date: /home/greyflon/lab_2025/install/two_wheeled_robot/share/two_wheeled_robot/models/BoxesLargeOnPallet_3/model.config\n'}
[0.568097] (two_wheeled_robot) StdoutLine: {'line': b'-- Up-to-date: /home/greyflon/lab_2025/install/two_wheeled_robot/share/two_wheeled_robot/models/BoxesLargeOnPallet_3/model.sdf\n'}
[0.568166] (two_wheeled_robot) StdoutLine: {'line': b'-- Up-to-date: /home/greyflon/lab_2025/install/two_wheeled_robot/share/two_wheeled_robot/models/cardboard_box\n'}
[0.568235] (two_wheeled_robot) StdoutLine: {'line': b'-- Up-to-date: /home/greyflon/lab_2025/install/two_wheeled_robot/share/two_wheeled_robot/models/cardboard_box/model.config\n'}
[0.568314] (two_wheeled_robot) StdoutLine: {'line': b'-- Up-to-date: /home/greyflon/lab_2025/install/two_wheeled_robot/share/two_wheeled_robot/models/cardboard_box/meshes\n'}
[0.568387] (two_wheeled_robot) StdoutLine: {'line': b'-- Up-to-date: /home/greyflon/lab_2025/install/two_wheeled_robot/share/two_wheeled_robot/models/cardboard_box/meshes/cardboard_box.dae\n'}
[0.568457] (two_wheeled_robot) StdoutLine: {'line': b'-- Up-to-date: /home/greyflon/lab_2025/install/two_wheeled_robot/share/two_wheeled_robot/models/cardboard_box/materials\n'}
[0.568530] (two_wheeled_robot) StdoutLine: {'line': b'-- Up-to-date: /home/greyflon/lab_2025/install/two_wheeled_robot/share/two_wheeled_robot/models/cardboard_box/materials/textures\n'}
[0.568643] (two_wheeled_robot) StdoutLine: {'line': b'-- Up-to-date: /home/greyflon/lab_2025/install/two_wheeled_robot/share/two_wheeled_robot/models/cardboard_box/materials/textures/cardboard_box.png\n'}
[0.568717] (two_wheeled_robot) StdoutLine: {'line': b'-- Up-to-date: /home/greyflon/lab_2025/install/two_wheeled_robot/share/two_wheeled_robot/models/cardboard_box/model.sdf\n'}
[0.568787] (two_wheeled_robot) StdoutLine: {'line': b'-- Up-to-date: /home/greyflon/lab_2025/install/two_wheeled_robot/share/two_wheeled_robot/models/aws_robomaker_residential_Rangehood_01\n'}
[0.568866] (two_wheeled_robot) StdoutLine: {'line': b'-- Up-to-date: /home/greyflon/lab_2025/install/two_wheeled_robot/share/two_wheeled_robot/models/aws_robomaker_residential_Rangehood_01/model.config\n'}
[0.568937] (two_wheeled_robot) StdoutLine: {'line': b'-- Up-to-date: /home/greyflon/lab_2025/install/two_wheeled_robot/share/two_wheeled_robot/models/aws_robomaker_residential_Rangehood_01/meshes\n'}
[0.569008] (two_wheeled_robot) StdoutLine: {'line': b'-- Up-to-date: /home/greyflon/lab_2025/install/two_wheeled_robot/share/two_wheeled_robot/models/aws_robomaker_residential_Rangehood_01/meshes/aws_Rangehood_01_collision.DAE\n'}
[0.569078] (two_wheeled_robot) StdoutLine: {'line': b'-- Up-to-date: /home/greyflon/lab_2025/install/two_wheeled_robot/share/two_wheeled_robot/models/aws_robomaker_residential_Rangehood_01/meshes/aws_Rangehood_01_visual.DAE\n'}
[0.569148] (two_wheeled_robot) StdoutLine: {'line': b'-- Up-to-date: /home/greyflon/lab_2025/install/two_wheeled_robot/share/two_wheeled_robot/models/aws_robomaker_residential_Rangehood_01/materials\n'}
[0.569218] (two_wheeled_robot) StdoutLine: {'line': b'-- Up-to-date: /home/greyflon/lab_2025/install/two_wheeled_robot/share/two_wheeled_robot/models/aws_robomaker_residential_Rangehood_01/materials/textures\n'}
[0.569288] (two_wheeled_robot) StdoutLine: {'line': b'-- Up-to-date: /home/greyflon/lab_2025/install/two_wheeled_robot/share/two_wheeled_robot/models/aws_robomaker_residential_Rangehood_01/materials/textures/aws_Rangehood_01.png\n'}
[0.569361] (two_wheeled_robot) StdoutLine: {'line': b'-- Up-to-date: /home/greyflon/lab_2025/install/two_wheeled_robot/share/two_wheeled_robot/models/aws_robomaker_residential_Rangehood_01/model.sdf\n'}
[0.569430] (two_wheeled_robot) StdoutLine: {'line': b'-- Up-to-date: /home/greyflon/lab_2025/install/two_wheeled_robot/share/two_wheeled_robot/models/shelves_high2_no_collision\n'}
[0.569502] (two_wheeled_robot) StdoutLine: {'line': b'-- Up-to-date: /home/greyflon/lab_2025/install/two_wheeled_robot/share/two_wheeled_robot/models/shelves_high2_no_collision/model.config\n'}
[0.569595] (two_wheeled_robot) StdoutLine: {'line': b'-- Up-to-date: /home/greyflon/lab_2025/install/two_wheeled_robot/share/two_wheeled_robot/models/shelves_high2_no_collision/meshes\n'}
[0.569676] (two_wheeled_robot) StdoutLine: {'line': b'-- Up-to-date: /home/greyflon/lab_2025/install/two_wheeled_robot/share/two_wheeled_robot/models/shelves_high2_no_collision/meshes/shelves_high2.dae\n'}
[0.569746] (two_wheeled_robot) StdoutLine: {'line': b'-- Up-to-date: /home/greyflon/lab_2025/install/two_wheeled_robot/share/two_wheeled_robot/models/shelves_high2_no_collision/materials\n'}
[0.569817] (two_wheeled_robot) StdoutLine: {'line': b'-- Up-to-date: /home/greyflon/lab_2025/install/two_wheeled_robot/share/two_wheeled_robot/models/shelves_high2_no_collision/materials/textures\n'}
[0.569886] (two_wheeled_robot) StdoutLine: {'line': b'-- Up-to-date: /home/greyflon/lab_2025/install/two_wheeled_robot/share/two_wheeled_robot/models/shelves_high2_no_collision/materials/textures/__CorrogateShiny_.jpg\n'}
[0.569958] (two_wheeled_robot) StdoutLine: {'line': b'-- Up-to-date: /home/greyflon/lab_2025/install/two_wheeled_robot/share/two_wheeled_robot/models/shelves_high2_no_collision/model.sdf\n'}
[0.570027] (two_wheeled_robot) StdoutLine: {'line': b'-- Up-to-date: /home/greyflon/lab_2025/install/two_wheeled_robot/share/two_wheeled_robot/models/jersey_barrier\n'}
[0.570097] (two_wheeled_robot) StdoutLine: {'line': b'-- Up-to-date: /home/greyflon/lab_2025/install/two_wheeled_robot/share/two_wheeled_robot/models/jersey_barrier/model-1_4.sdf\n'}
[0.570166] (two_wheeled_robot) StdoutLine: {'line': b'-- Up-to-date: /home/greyflon/lab_2025/install/two_wheeled_robot/share/two_wheeled_robot/models/jersey_barrier/model.config\n'}
[0.570237] (two_wheeled_robot) StdoutLine: {'line': b'-- Up-to-date: /home/greyflon/lab_2025/install/two_wheeled_robot/share/two_wheeled_robot/models/jersey_barrier/meshes\n'}
[0.570320] (two_wheeled_robot) StdoutLine: {'line': b'-- Up-to-date: /home/greyflon/lab_2025/install/two_wheeled_robot/share/two_wheeled_robot/models/jersey_barrier/meshes/jersey_barrier.dae\n'}
[0.570391] (two_wheeled_robot) StdoutLine: {'line': b'-- Up-to-date: /home/greyflon/lab_2025/install/two_wheeled_robot/share/two_wheeled_robot/models/jersey_barrier/materials\n'}
[0.570461] (two_wheeled_robot) StdoutLine: {'line': b'-- Up-to-date: /home/greyflon/lab_2025/install/two_wheeled_robot/share/two_wheeled_robot/models/jersey_barrier/materials/textures\n'}
[0.570531] (two_wheeled_robot) StdoutLine: {'line': b'-- Up-to-date: /home/greyflon/lab_2025/install/two_wheeled_robot/share/two_wheeled_robot/models/jersey_barrier/materials/textures/jersey_barrier_diffuse.png\n'}
[0.570664] (two_wheeled_robot) StdoutLine: {'line': b'-- Up-to-date: /home/greyflon/lab_2025/install/two_wheeled_robot/share/two_wheeled_robot/models/jersey_barrier/materials/textures/jersey_barrier.png\n'}
[0.570739] (two_wheeled_robot) StdoutLine: {'line': b'-- Up-to-date: /home/greyflon/lab_2025/install/two_wheeled_robot/share/two_wheeled_robot/models/jersey_barrier/materials/textures/jersey_barrier_spec.png\n'}
[0.570868] (two_wheeled_robot) StdoutLine: {'line': b'-- Up-to-date: /home/greyflon/lab_2025/install/two_wheeled_robot/share/two_wheeled_robot/models/jersey_barrier/model.sdf\n'}
[0.570939] (two_wheeled_robot) StdoutLine: {'line': b'-- Up-to-date: /home/greyflon/lab_2025/install/two_wheeled_robot/share/two_wheeled_robot/models/aws_robomaker_residential_Tablet_01\n'}
[0.571011] (two_wheeled_robot) StdoutLine: {'line': b'-- Up-to-date: /home/greyflon/lab_2025/install/two_wheeled_robot/share/two_wheeled_robot/models/aws_robomaker_residential_Tablet_01/model.config\n'}
[0.571082] (two_wheeled_robot) StdoutLine: {'line': b'-- Up-to-date: /home/greyflon/lab_2025/install/two_wheeled_robot/share/two_wheeled_robot/models/aws_robomaker_residential_Tablet_01/meshes\n'}
[0.571152] (two_wheeled_robot) StdoutLine: {'line': b'-- Up-to-date: /home/greyflon/lab_2025/install/two_wheeled_robot/share/two_wheeled_robot/models/aws_robomaker_residential_Tablet_01/meshes/aws_Tablet_01_visual.DAE\n'}
[0.571221] (two_wheeled_robot) StdoutLine: {'line': b'-- Up-to-date: /home/greyflon/lab_2025/install/two_wheeled_robot/share/two_wheeled_robot/models/aws_robomaker_residential_Tablet_01/meshes/aws_Tablet_01_collision.DAE\n'}
[0.571292] (two_wheeled_robot) StdoutLine: {'line': b'-- Up-to-date: /home/greyflon/lab_2025/install/two_wheeled_robot/share/two_wheeled_robot/models/aws_robomaker_residential_Tablet_01/materials\n'}
[0.571362] (two_wheeled_robot) StdoutLine: {'line': b'-- Up-to-date: /home/greyflon/lab_2025/install/two_wheeled_robot/share/two_wheeled_robot/models/aws_robomaker_residential_Tablet_01/materials/textures\n'}
[0.571432] (two_wheeled_robot) StdoutLine: {'line': b'-- Up-to-date: /home/greyflon/lab_2025/install/two_wheeled_robot/share/two_wheeled_robot/models/aws_robomaker_residential_Tablet_01/materials/textures/aws_Tablet_01_nologo.png\n'}
[0.571519] (two_wheeled_robot) StdoutLine: {'line': b'-- Up-to-date: /home/greyflon/lab_2025/install/two_wheeled_robot/share/two_wheeled_robot/models/aws_robomaker_residential_Tablet_01/model.sdf\n'}
[0.571648] (two_wheeled_robot) StdoutLine: {'line': b'-- Up-to-date: /home/greyflon/lab_2025/install/two_wheeled_robot/share/two_wheeled_robot/models/stop_light_post\n'}
[0.571725] (two_wheeled_robot) StdoutLine: {'line': b'-- Up-to-date: /home/greyflon/lab_2025/install/two_wheeled_robot/share/two_wheeled_robot/models/stop_light_post/model.config\n'}
[0.571796] (two_wheeled_robot) StdoutLine: {'line': b'-- Up-to-date: /home/greyflon/lab_2025/install/two_wheeled_robot/share/two_wheeled_robot/models/stop_light_post/meshes\n'}
[0.571865] (two_wheeled_robot) StdoutLine: {'line': b'-- Up-to-date: /home/greyflon/lab_2025/install/two_wheeled_robot/share/two_wheeled_robot/models/stop_light_post/meshes/stop_light_post.mtl\n'}
[0.571936] (two_wheeled_robot) StdoutLine: {'line': b'-- Up-to-date: /home/greyflon/lab_2025/install/two_wheeled_robot/share/two_wheeled_robot/models/stop_light_post/meshes/stop_light_extension.mtl\n'}
[0.572014] (two_wheeled_robot) StdoutLine: {'line': b'-- Up-to-date: /home/greyflon/lab_2025/install/two_wheeled_robot/share/two_wheeled_robot/models/stop_light_post/meshes/stop_light_extension.obj\n'}
[0.572083] (two_wheeled_robot) StdoutLine: {'line': b'-- Up-to-date: /home/greyflon/lab_2025/install/two_wheeled_robot/share/two_wheeled_robot/models/stop_light_post/meshes/stop_light_post.obj\n'}
[0.572153] (two_wheeled_robot) StdoutLine: {'line': b'-- Up-to-date: /home/greyflon/lab_2025/install/two_wheeled_robot/share/two_wheeled_robot/models/stop_light_post/materials\n'}
[0.572226] (two_wheeled_robot) StdoutLine: {'line': b'-- Up-to-date: /home/greyflon/lab_2025/install/two_wheeled_robot/share/two_wheeled_robot/models/stop_light_post/materials/textures\n'}
[0.572296] (two_wheeled_robot) StdoutLine: {'line': b'-- Up-to-date: /home/greyflon/lab_2025/install/two_wheeled_robot/share/two_wheeled_robot/models/stop_light_post/materials/textures/stop_light.png\n'}
[0.572367] (two_wheeled_robot) StdoutLine: {'line': b'-- Up-to-date: /home/greyflon/lab_2025/install/two_wheeled_robot/share/two_wheeled_robot/models/stop_light_post/model.sdf\n'}
[0.572436] (two_wheeled_robot) StdoutLine: {'line': b'-- Up-to-date: /home/greyflon/lab_2025/install/two_wheeled_robot/share/two_wheeled_robot/models/computer\n'}
[0.572512] (two_wheeled_robot) StdoutLine: {'line': b'-- Up-to-date: /home/greyflon/lab_2025/install/two_wheeled_robot/share/two_wheeled_robot/models/computer/model.config\n'}
[0.572608] (two_wheeled_robot) StdoutLine: {'line': b'-- Up-to-date: /home/greyflon/lab_2025/install/two_wheeled_robot/share/two_wheeled_robot/models/computer/meshes\n'}
[0.572682] (two_wheeled_robot) StdoutLine: {'line': b'-- Up-to-date: /home/greyflon/lab_2025/install/two_wheeled_robot/share/two_wheeled_robot/models/computer/meshes/computer_monitor.obj\n'}
[0.572752] (two_wheeled_robot) StdoutLine: {'line': b'-- Up-to-date: /home/greyflon/lab_2025/install/two_wheeled_robot/share/two_wheeled_robot/models/computer/meshes/computer_tower.obj\n'}
[0.572823] (two_wheeled_robot) StdoutLine: {'line': b'-- Up-to-date: /home/greyflon/lab_2025/install/two_wheeled_robot/share/two_wheeled_robot/models/computer/meshes/computer.obj\n'}
[0.572894] (two_wheeled_robot) StdoutLine: {'line': b'-- Up-to-date: /home/greyflon/lab_2025/install/two_wheeled_robot/share/two_wheeled_robot/models/computer/meshes/computer.mtl\n'}
[0.572963] (two_wheeled_robot) StdoutLine: {'line': b'-- Up-to-date: /home/greyflon/lab_2025/install/two_wheeled_robot/share/two_wheeled_robot/models/computer/materials\n'}
[0.573033] (two_wheeled_robot) StdoutLine: {'line': b'-- Up-to-date: /home/greyflon/lab_2025/install/two_wheeled_robot/share/two_wheeled_robot/models/computer/materials/textures\n'}
[0.573103] (two_wheeled_robot) StdoutLine: {'line': b'-- Up-to-date: /home/greyflon/lab_2025/install/two_wheeled_robot/share/two_wheeled_robot/models/computer/materials/textures/computer.png\n'}
[0.573193] (two_wheeled_robot) StdoutLine: {'line': b'-- Up-to-date: /home/greyflon/lab_2025/install/two_wheeled_robot/share/two_wheeled_robot/models/computer/model.sdf\n'}
[0.573264] (two_wheeled_robot) StdoutLine: {'line': b'-- Up-to-date: /home/greyflon/lab_2025/install/two_wheeled_robot/share/two_wheeled_robot/models/reception_desk\n'}
[0.573335] (two_wheeled_robot) StdoutLine: {'line': b'-- Up-to-date: /home/greyflon/lab_2025/install/two_wheeled_robot/share/two_wheeled_robot/models/reception_desk/model.config\n'}
[0.573405] (two_wheeled_robot) StdoutLine: {'line': b'-- Up-to-date: /home/greyflon/lab_2025/install/two_wheeled_robot/share/two_wheeled_robot/models/reception_desk/meshes\n'}
[0.573476] (two_wheeled_robot) StdoutLine: {'line': b'-- Up-to-date: /home/greyflon/lab_2025/install/two_wheeled_robot/share/two_wheeled_robot/models/reception_desk/meshes/reception_desk.obj\n'}
[0.573567] (two_wheeled_robot) StdoutLine: {'line': b'-- Up-to-date: /home/greyflon/lab_2025/install/two_wheeled_robot/share/two_wheeled_robot/models/reception_desk/meshes/reception_desk.mtl\n'}
[0.573655] (two_wheeled_robot) StdoutLine: {'line': b'-- Up-to-date: /home/greyflon/lab_2025/install/two_wheeled_robot/share/two_wheeled_robot/models/reception_desk/materials\n'}
[0.573727] (two_wheeled_robot) StdoutLine: {'line': b'-- Up-to-date: /home/greyflon/lab_2025/install/two_wheeled_robot/share/two_wheeled_robot/models/reception_desk/materials/textures\n'}
[0.573799] (two_wheeled_robot) StdoutLine: {'line': b'-- Up-to-date: /home/greyflon/lab_2025/install/two_wheeled_robot/share/two_wheeled_robot/models/reception_desk/materials/textures/reception_desk.png\n'}
[0.573869] (two_wheeled_robot) StdoutLine: {'line': b'-- Up-to-date: /home/greyflon/lab_2025/install/two_wheeled_robot/share/two_wheeled_robot/models/reception_desk/model.sdf\n'}
[0.573940] (two_wheeled_robot) StdoutLine: {'line': b'-- Up-to-date: /home/greyflon/lab_2025/install/two_wheeled_robot/share/two_wheeled_robot/models/cessna\n'}
[0.574011] (two_wheeled_robot) StdoutLine: {'line': b'-- Up-to-date: /home/greyflon/lab_2025/install/two_wheeled_robot/share/two_wheeled_robot/models/cessna/model.config\n'}
[0.574082] (two_wheeled_robot) StdoutLine: {'line': b'-- Up-to-date: /home/greyflon/lab_2025/install/two_wheeled_robot/share/two_wheeled_robot/models/cessna/meshes\n'}
[0.574153] (two_wheeled_robot) StdoutLine: {'line': b'-- Up-to-date: /home/greyflon/lab_2025/install/two_wheeled_robot/share/two_wheeled_robot/models/cessna/meshes/left_aileron.dae\n'}
[0.574223] (two_wheeled_robot) StdoutLine: {'line': b'-- Up-to-date: /home/greyflon/lab_2025/install/two_wheeled_robot/share/two_wheeled_robot/models/cessna/meshes/cessna_prop.dae\n'}
[0.574292] (two_wheeled_robot) StdoutLine: {'line': b'-- Up-to-date: /home/greyflon/lab_2025/install/two_wheeled_robot/share/two_wheeled_robot/models/cessna/meshes/right_flap.dae\n'}
[0.574364] (two_wheeled_robot) StdoutLine: {'line': b'-- Up-to-date: /home/greyflon/lab_2025/install/two_wheeled_robot/share/two_wheeled_robot/models/cessna/meshes/elevators.dae\n'}
[0.574433] (two_wheeled_robot) StdoutLine: {'line': b'-- Up-to-date: /home/greyflon/lab_2025/install/two_wheeled_robot/share/two_wheeled_robot/models/cessna/meshes/cessna_front_wheel.dae\n'}
[0.574503] (two_wheeled_robot) StdoutLine: {'line': b'-- Up-to-date: /home/greyflon/lab_2025/install/two_wheeled_robot/share/two_wheeled_robot/models/cessna/meshes/left_flap.dae\n'}
[0.574669] (two_wheeled_robot) StdoutLine: {'line': b'-- Up-to-date: /home/greyflon/lab_2025/install/two_wheeled_robot/share/two_wheeled_robot/models/cessna/meshes/rudder.dae\n'}
[0.574747] (two_wheeled_robot) StdoutLine: {'line': b'-- Up-to-date: /home/greyflon/lab_2025/install/two_wheeled_robot/share/two_wheeled_robot/models/cessna/meshes/body.dae\n'}
[0.574817] (two_wheeled_robot) StdoutLine: {'line': b'-- Up-to-date: /home/greyflon/lab_2025/install/two_wheeled_robot/share/two_wheeled_robot/models/cessna/meshes/cessna_rear_right_wheel.dae\n'}
[0.574932] (two_wheeled_robot) StdoutLine: {'line': b'-- Up-to-date: /home/greyflon/lab_2025/install/two_wheeled_robot/share/two_wheeled_robot/models/cessna/meshes/cessna_rear_left_wheel.dae\n'}
[0.575004] (two_wheeled_robot) StdoutLine: {'line': b'-- Up-to-date: /home/greyflon/lab_2025/install/two_wheeled_robot/share/two_wheeled_robot/models/cessna/meshes/right_aileron.dae\n'}
[0.575074] (two_wheeled_robot) StdoutLine: {'line': b'-- Up-to-date: /home/greyflon/lab_2025/install/two_wheeled_robot/share/two_wheeled_robot/models/cessna/model.sdf\n'}
[0.575144] (two_wheeled_robot) StdoutLine: {'line': b'-- Up-to-date: /home/greyflon/lab_2025/install/two_wheeled_robot/share/two_wheeled_robot/models/aws_robomaker_residential_Wardrobe_01\n'}
[0.575214] (two_wheeled_robot) StdoutLine: {'line': b'-- Up-to-date: /home/greyflon/lab_2025/install/two_wheeled_robot/share/two_wheeled_robot/models/aws_robomaker_residential_Wardrobe_01/model.config\n'}
[0.575285] (two_wheeled_robot) StdoutLine: {'line': b'-- Up-to-date: /home/greyflon/lab_2025/install/two_wheeled_robot/share/two_wheeled_robot/models/aws_robomaker_residential_Wardrobe_01/meshes\n'}
[0.575360] (two_wheeled_robot) StdoutLine: {'line': b'-- Up-to-date: /home/greyflon/lab_2025/install/two_wheeled_robot/share/two_wheeled_robot/models/aws_robomaker_residential_Wardrobe_01/meshes/aws_Wardrobe_01_collision.DAE\n'}
[0.575429] (two_wheeled_robot) StdoutLine: {'line': b'-- Up-to-date: /home/greyflon/lab_2025/install/two_wheeled_robot/share/two_wheeled_robot/models/aws_robomaker_residential_Wardrobe_01/meshes/aws_Wardrobe_01_visual.DAE\n'}
[0.575502] (two_wheeled_robot) StdoutLine: {'line': b'-- Up-to-date: /home/greyflon/lab_2025/install/two_wheeled_robot/share/two_wheeled_robot/models/aws_robomaker_residential_Wardrobe_01/materials\n'}
[0.575615] (two_wheeled_robot) StdoutLine: {'line': b'-- Up-to-date: /home/greyflon/lab_2025/install/two_wheeled_robot/share/two_wheeled_robot/models/aws_robomaker_residential_Wardrobe_01/materials/textures\n'}
[0.575693] (two_wheeled_robot) StdoutLine: {'line': b'-- Up-to-date: /home/greyflon/lab_2025/install/two_wheeled_robot/share/two_wheeled_robot/models/aws_robomaker_residential_Wardrobe_01/materials/textures/aws_Wardrobe_01.png\n'}
[0.575763] (two_wheeled_robot) StdoutLine: {'line': b'-- Up-to-date: /home/greyflon/lab_2025/install/two_wheeled_robot/share/two_wheeled_robot/models/aws_robomaker_residential_Wardrobe_01/model.sdf\n'}
[0.575835] (two_wheeled_robot) StdoutLine: {'line': b'-- Up-to-date: /home/greyflon/lab_2025/install/two_wheeled_robot/share/two_wheeled_robot/models/Chair\n'}
[0.575905] (two_wheeled_robot) StdoutLine: {'line': b'-- Up-to-date: /home/greyflon/lab_2025/install/two_wheeled_robot/share/two_wheeled_robot/models/Chair/model.config\n'}
[0.575974] (two_wheeled_robot) StdoutLine: {'line': b'-- Up-to-date: /home/greyflon/lab_2025/install/two_wheeled_robot/share/two_wheeled_robot/models/Chair/meshes\n'}
[0.576043] (two_wheeled_robot) StdoutLine: {'line': b'-- Up-to-date: /home/greyflon/lab_2025/install/two_wheeled_robot/share/two_wheeled_robot/models/Chair/meshes/Chair_SpecGloss.png\n'}
[0.576112] (two_wheeled_robot) StdoutLine: {'line': b'-- Up-to-date: /home/greyflon/lab_2025/install/two_wheeled_robot/share/two_wheeled_robot/models/Chair/meshes/Chair_Normal.png\n'}
[0.576181] (two_wheeled_robot) StdoutLine: {'line': b'-- Up-to-date: /home/greyflon/lab_2025/install/two_wheeled_robot/share/two_wheeled_robot/models/Chair/meshes/Chair.png\n'}
[0.576251] (two_wheeled_robot) StdoutLine: {'line': b'-- Up-to-date: /home/greyflon/lab_2025/install/two_wheeled_robot/share/two_wheeled_robot/models/Chair/meshes/Chair.mtl\n'}
[0.576320] (two_wheeled_robot) StdoutLine: {'line': b'-- Up-to-date: /home/greyflon/lab_2025/install/two_wheeled_robot/share/two_wheeled_robot/models/Chair/meshes/Chair.obj\n'}
[0.576389] (two_wheeled_robot) StdoutLine: {'line': b'-- Up-to-date: /home/greyflon/lab_2025/install/two_wheeled_robot/share/two_wheeled_robot/models/Chair/meshes/Chair_Diffuse.png\n'}
[0.576460] (two_wheeled_robot) StdoutLine: {'line': b'-- Up-to-date: /home/greyflon/lab_2025/install/two_wheeled_robot/share/two_wheeled_robot/models/Chair/thumbnails\n'}
[0.576530] (two_wheeled_robot) StdoutLine: {'line': b'-- Up-to-date: /home/greyflon/lab_2025/install/two_wheeled_robot/share/two_wheeled_robot/models/Chair/thumbnails/5.png\n'}
[0.576628] (two_wheeled_robot) StdoutLine: {'line': b'-- Up-to-date: /home/greyflon/lab_2025/install/two_wheeled_robot/share/two_wheeled_robot/models/Chair/thumbnails/1.png\n'}
[0.576701] (two_wheeled_robot) StdoutLine: {'line': b'-- Up-to-date: /home/greyflon/lab_2025/install/two_wheeled_robot/share/two_wheeled_robot/models/Chair/thumbnails/2.png\n'}
[0.576773] (two_wheeled_robot) StdoutLine: {'line': b'-- Up-to-date: /home/greyflon/lab_2025/install/two_wheeled_robot/share/two_wheeled_robot/models/Chair/thumbnails/4.png\n'}
[0.576842] (two_wheeled_robot) StdoutLine: {'line': b'-- Up-to-date: /home/greyflon/lab_2025/install/two_wheeled_robot/share/two_wheeled_robot/models/Chair/thumbnails/3.png\n'}
[0.576912] (two_wheeled_robot) StdoutLine: {'line': b'-- Up-to-date: /home/greyflon/lab_2025/install/two_wheeled_robot/share/two_wheeled_robot/models/Chair/model.sdf\n'}
[0.576989] (two_wheeled_robot) StdoutLine: {'line': b'-- Up-to-date: /home/greyflon/lab_2025/install/two_wheeled_robot/share/two_wheeled_robot/models/workcell\n'}
[0.577061] (two_wheeled_robot) StdoutLine: {'line': b'-- Up-to-date: /home/greyflon/lab_2025/install/two_wheeled_robot/share/two_wheeled_robot/models/workcell/model.config\n'}
[0.577137] (two_wheeled_robot) StdoutLine: {'line': b'-- Up-to-date: /home/greyflon/lab_2025/install/two_wheeled_robot/share/two_wheeled_robot/models/workcell/meshes\n'}
[0.577208] (two_wheeled_robot) StdoutLine: {'line': b'-- Up-to-date: /home/greyflon/lab_2025/install/two_wheeled_robot/share/two_wheeled_robot/models/workcell/meshes/mesh_backup.dae\n'}
[0.577279] (two_wheeled_robot) StdoutLine: {'line': b'-- Up-to-date: /home/greyflon/lab_2025/install/two_wheeled_robot/share/two_wheeled_robot/models/workcell/meshes/mesh.dae\n'}
[0.577348] (two_wheeled_robot) StdoutLine: {'line': b'-- Up-to-date: /home/greyflon/lab_2025/install/two_wheeled_robot/share/two_wheeled_robot/models/workcell/materials\n'}
[0.577419] (two_wheeled_robot) StdoutLine: {'line': b'-- Up-to-date: /home/greyflon/lab_2025/install/two_wheeled_robot/share/two_wheeled_robot/models/workcell/materials/textures\n'}
[0.577489] (two_wheeled_robot) StdoutLine: {'line': b'-- Up-to-date: /home/greyflon/lab_2025/install/two_wheeled_robot/share/two_wheeled_robot/models/workcell/materials/textures/Conveyor.png\n'}
[0.577579] (two_wheeled_robot) StdoutLine: {'line': b'-- Up-to-date: /home/greyflon/lab_2025/install/two_wheeled_robot/share/two_wheeled_robot/models/workcell/materials/textures/Wall_Corrugated.png\n'}
[0.577661] (two_wheeled_robot) StdoutLine: {'line': b'-- Up-to-date: /home/greyflon/lab_2025/install/two_wheeled_robot/share/two_wheeled_robot/models/workcell/materials/textures/Yellow.png\n'}
[0.577733] (two_wheeled_robot) StdoutLine: {'line': b'-- Up-to-date: /home/greyflon/lab_2025/install/two_wheeled_robot/share/two_wheeled_robot/models/workcell/materials/textures/CardboardBoxes.png\n'}
[0.577802] (two_wheeled_robot) StdoutLine: {'line': b'-- Up-to-date: /home/greyflon/lab_2025/install/two_wheeled_robot/share/two_wheeled_robot/models/workcell/materials/textures/ControlPanel.png\n'}
[0.577872] (two_wheeled_robot) StdoutLine: {'line': b'-- Up-to-date: /home/greyflon/lab_2025/install/two_wheeled_robot/share/two_wheeled_robot/models/workcell/materials/textures/PalletWrap.png\n'}
[0.577943] (two_wheeled_robot) StdoutLine: {'line': b'-- Up-to-date: /home/greyflon/lab_2025/install/two_wheeled_robot/share/two_wheeled_robot/models/workcell/materials/textures/Shelves.png\n'}
[0.578042] (two_wheeled_robot) StdoutLine: {'line': b'-- Up-to-date: /home/greyflon/lab_2025/install/two_wheeled_robot/share/two_wheeled_robot/models/workcell/materials/textures/Floor.png\n'}
[0.578114] (two_wheeled_robot) StdoutLine: {'line': b'-- Up-to-date: /home/greyflon/lab_2025/install/two_wheeled_robot/share/two_wheeled_robot/models/workcell/materials/textures/Wall_Concrete.png\n'}
[0.578184] (two_wheeled_robot) StdoutLine: {'line': b'-- Up-to-date: /home/greyflon/lab_2025/install/two_wheeled_robot/share/two_wheeled_robot/models/workcell/materials/textures/Door_Window.png\n'}
[0.578254] (two_wheeled_robot) StdoutLine: {'line': b'-- Up-to-date: /home/greyflon/lab_2025/install/two_wheeled_robot/share/two_wheeled_robot/models/workcell/materials/textures/Pallet.png\n'}
[0.578324] (two_wheeled_robot) StdoutLine: {'line': b'-- Up-to-date: /home/greyflon/lab_2025/install/two_wheeled_robot/share/two_wheeled_robot/models/workcell/materials/textures/Mesh.png\n'}
[0.578394] (two_wheeled_robot) StdoutLine: {'line': b'-- Up-to-date: /home/greyflon/lab_2025/install/two_wheeled_robot/share/two_wheeled_robot/models/workcell/materials/textures/Stairs.png\n'}
[0.578466] (two_wheeled_robot) StdoutLine: {'line': b'-- Up-to-date: /home/greyflon/lab_2025/install/two_wheeled_robot/share/two_wheeled_robot/models/workcell/materials/textures/RollupDoor.png\n'}
[0.578535] (two_wheeled_robot) StdoutLine: {'line': b'-- Up-to-date: /home/greyflon/lab_2025/install/two_wheeled_robot/share/two_wheeled_robot/models/workcell/materials/textures/Bin.png\n'}
[0.578634] (two_wheeled_robot) StdoutLine: {'line': b'-- Up-to-date: /home/greyflon/lab_2025/install/two_wheeled_robot/share/two_wheeled_robot/models/workcell/materials/textures/Plywood.png\n'}
[0.578707] (two_wheeled_robot) StdoutLine: {'line': b'-- Up-to-date: /home/greyflon/lab_2025/install/two_wheeled_robot/share/two_wheeled_robot/models/workcell/materials/textures/WorkCell_Render.png\n'}
[0.578779] (two_wheeled_robot) StdoutLine: {'line': b'-- Up-to-date: /home/greyflon/lab_2025/install/two_wheeled_robot/share/two_wheeled_robot/models/workcell/materials/textures/Pillar.png\n'}
[0.578851] (two_wheeled_robot) StdoutLine: {'line': b'-- Up-to-date: /home/greyflon/lab_2025/install/two_wheeled_robot/share/two_wheeled_robot/models/workcell/materials/textures/RubberMat.png\n'}
[0.578921] (two_wheeled_robot) StdoutLine: {'line': b'-- Up-to-date: /home/greyflon/lab_2025/install/two_wheeled_robot/share/two_wheeled_robot/models/workcell/model.sdf\n'}
[0.578992] (two_wheeled_robot) StdoutLine: {'line': b'-- Up-to-date: /home/greyflon/lab_2025/install/two_wheeled_robot/share/two_wheeled_robot/models/aws_robomaker_hospital_floor_01_ceiling\n'}
[0.579065] (two_wheeled_robot) StdoutLine: {'line': b'-- Up-to-date: /home/greyflon/lab_2025/install/two_wheeled_robot/share/two_wheeled_robot/models/aws_robomaker_hospital_floor_01_ceiling/model.config\n'}
[0.579135] (two_wheeled_robot) StdoutLine: {'line': b'-- Up-to-date: /home/greyflon/lab_2025/install/two_wheeled_robot/share/two_wheeled_robot/models/aws_robomaker_hospital_floor_01_ceiling/meshes\n'}
[0.579211] (two_wheeled_robot) StdoutLine: {'line': b'-- Up-to-date: /home/greyflon/lab_2025/install/two_wheeled_robot/share/two_wheeled_robot/models/aws_robomaker_hospital_floor_01_ceiling/meshes/aws_robomaker_hospital_floor_01_ceiling_visual.dae\n'}
[0.579282] (two_wheeled_robot) StdoutLine: {'line': b'-- Up-to-date: /home/greyflon/lab_2025/install/two_wheeled_robot/share/two_wheeled_robot/models/aws_robomaker_hospital_floor_01_ceiling/meshes/aws_robomaker_hospital_floor_01_ceiling_normal.png\n'}
[0.579353] (two_wheeled_robot) StdoutLine: {'line': b'-- Up-to-date: /home/greyflon/lab_2025/install/two_wheeled_robot/share/two_wheeled_robot/models/aws_robomaker_hospital_floor_01_ceiling/meshes/aws_robomaker_hospital_floor_01_ceiling_collision.dae\n'}
[0.579423] (two_wheeled_robot) StdoutLine: {'line': b'-- Up-to-date: /home/greyflon/lab_2025/install/two_wheeled_robot/share/two_wheeled_robot/models/aws_robomaker_hospital_floor_01_ceiling/meshes/aws_robomaker_hospital_floor_01_ceiling.png\n'}
[0.579494] (two_wheeled_robot) StdoutLine: {'line': b'-- Up-to-date: /home/greyflon/lab_2025/install/two_wheeled_robot/share/two_wheeled_robot/models/aws_robomaker_hospital_floor_01_ceiling/model.sdf\n'}
[0.579583] (two_wheeled_robot) StdoutLine: {'line': b'-- Up-to-date: /home/greyflon/lab_2025/install/two_wheeled_robot/share/two_wheeled_robot/models/aws_robomaker_warehouse_TrashCanC_01\n'}
[0.579663] (two_wheeled_robot) StdoutLine: {'line': b'-- Up-to-date: /home/greyflon/lab_2025/install/two_wheeled_robot/share/two_wheeled_robot/models/aws_robomaker_warehouse_TrashCanC_01/model.config\n'}
[0.579736] (two_wheeled_robot) StdoutLine: {'line': b'-- Up-to-date: /home/greyflon/lab_2025/install/two_wheeled_robot/share/two_wheeled_robot/models/aws_robomaker_warehouse_TrashCanC_01/meshes\n'}
[0.579806] (two_wheeled_robot) StdoutLine: {'line': b'-- Up-to-date: /home/greyflon/lab_2025/install/two_wheeled_robot/share/two_wheeled_robot/models/aws_robomaker_warehouse_TrashCanC_01/meshes/aws_robomaker_warehouse_TrashCanC_01_collision.DAE\n'}
[0.579877] (two_wheeled_robot) StdoutLine: {'line': b'-- Up-to-date: /home/greyflon/lab_2025/install/two_wheeled_robot/share/two_wheeled_robot/models/aws_robomaker_warehouse_TrashCanC_01/meshes/aws_robomaker_warehouse_TrashCanC_01_visual.DAE\n'}
[0.579948] (two_wheeled_robot) StdoutLine: {'line': b'-- Up-to-date: /home/greyflon/lab_2025/install/two_wheeled_robot/share/two_wheeled_robot/models/aws_robomaker_warehouse_TrashCanC_01/materials\n'}
[0.580063] (two_wheeled_robot) StdoutLine: {'line': b'-- Up-to-date: /home/greyflon/lab_2025/install/two_wheeled_robot/share/two_wheeled_robot/models/aws_robomaker_warehouse_TrashCanC_01/materials/textures\n'}
[0.580135] (two_wheeled_robot) StdoutLine: {'line': b'-- Up-to-date: /home/greyflon/lab_2025/install/two_wheeled_robot/share/two_wheeled_robot/models/aws_robomaker_warehouse_TrashCanC_01/materials/textures/aws_robomaker_warehouse_TrashCanC_01.png\n'}
[0.580205] (two_wheeled_robot) StdoutLine: {'line': b'-- Up-to-date: /home/greyflon/lab_2025/install/two_wheeled_robot/share/two_wheeled_robot/models/aws_robomaker_warehouse_TrashCanC_01/model.sdf\n'}
[0.580275] (two_wheeled_robot) StdoutLine: {'line': b'-- Up-to-date: /home/greyflon/lab_2025/install/two_wheeled_robot/share/two_wheeled_robot/models/camera\n'}
[0.580349] (two_wheeled_robot) StdoutLine: {'line': b'-- Up-to-date: /home/greyflon/lab_2025/install/two_wheeled_robot/share/two_wheeled_robot/models/camera/model-1_2.sdf\n'}
[0.580420] (two_wheeled_robot) StdoutLine: {'line': b'-- Up-to-date: /home/greyflon/lab_2025/install/two_wheeled_robot/share/two_wheeled_robot/models/camera/model-1_4.sdf\n'}
[0.580490] (two_wheeled_robot) StdoutLine: {'line': b'-- Up-to-date: /home/greyflon/lab_2025/install/two_wheeled_robot/share/two_wheeled_robot/models/camera/model.config\n'}
[0.580581] (two_wheeled_robot) StdoutLine: {'line': b'-- Up-to-date: /home/greyflon/lab_2025/install/two_wheeled_robot/share/two_wheeled_robot/models/camera/model.sdf\n'}
[0.580663] (two_wheeled_robot) StdoutLine: {'line': b'-- Up-to-date: /home/greyflon/lab_2025/install/two_wheeled_robot/share/two_wheeled_robot/models/camera/model-1_3.sdf\n'}
[0.580734] (two_wheeled_robot) StdoutLine: {'line': b'-- Up-to-date: /home/greyflon/lab_2025/install/two_wheeled_robot/share/two_wheeled_robot/models/simple_arm\n'}
[0.580803] (two_wheeled_robot) StdoutLine: {'line': b'-- Up-to-date: /home/greyflon/lab_2025/install/two_wheeled_robot/share/two_wheeled_robot/models/simple_arm/model-1_2.sdf\n'}
[0.580873] (two_wheeled_robot) StdoutLine: {'line': b'-- Up-to-date: /home/greyflon/lab_2025/install/two_wheeled_robot/share/two_wheeled_robot/models/simple_arm/model-1_4.sdf\n'}
[0.580942] (two_wheeled_robot) StdoutLine: {'line': b'-- Up-to-date: /home/greyflon/lab_2025/install/two_wheeled_robot/share/two_wheeled_robot/models/simple_arm/model.config\n'}
[0.581011] (two_wheeled_robot) StdoutLine: {'line': b'-- Up-to-date: /home/greyflon/lab_2025/install/two_wheeled_robot/share/two_wheeled_robot/models/simple_arm/model.sdf\n'}
[0.581081] (two_wheeled_robot) StdoutLine: {'line': b'-- Up-to-date: /home/greyflon/lab_2025/install/two_wheeled_robot/share/two_wheeled_robot/models/simple_arm/model-1_3.sdf\n'}
[0.581151] (two_wheeled_robot) StdoutLine: {'line': b'-- Up-to-date: /home/greyflon/lab_2025/install/two_wheeled_robot/share/two_wheeled_robot/models/stop_light\n'}
[0.581227] (two_wheeled_robot) StdoutLine: {'line': b'-- Up-to-date: /home/greyflon/lab_2025/install/two_wheeled_robot/share/two_wheeled_robot/models/stop_light/model.config\n'}
[0.581299] (two_wheeled_robot) StdoutLine: {'line': b'-- Up-to-date: /home/greyflon/lab_2025/install/two_wheeled_robot/share/two_wheeled_robot/models/stop_light/meshes\n'}
[0.581369] (two_wheeled_robot) StdoutLine: {'line': b'-- Up-to-date: /home/greyflon/lab_2025/install/two_wheeled_robot/share/two_wheeled_robot/models/stop_light/meshes/stop_light.mtl\n'}
[0.581438] (two_wheeled_robot) StdoutLine: {'line': b'-- Up-to-date: /home/greyflon/lab_2025/install/two_wheeled_robot/share/two_wheeled_robot/models/stop_light/meshes/stop_light.obj\n'}
[0.581509] (two_wheeled_robot) StdoutLine: {'line': b'-- Up-to-date: /home/greyflon/lab_2025/install/two_wheeled_robot/share/two_wheeled_robot/models/stop_light/materials\n'}
[0.581608] (two_wheeled_robot) StdoutLine: {'line': b'-- Up-to-date: /home/greyflon/lab_2025/install/two_wheeled_robot/share/two_wheeled_robot/models/stop_light/materials/scripts\n'}
[0.581686] (two_wheeled_robot) StdoutLine: {'line': b'-- Up-to-date: /home/greyflon/lab_2025/install/two_wheeled_robot/share/two_wheeled_robot/models/stop_light/materials/scripts/stop_light.material\n'}
[0.581766] (two_wheeled_robot) StdoutLine: {'line': b'-- Up-to-date: /home/greyflon/lab_2025/install/two_wheeled_robot/share/two_wheeled_robot/models/stop_light/materials/textures\n'}
[0.581835] (two_wheeled_robot) StdoutLine: {'line': b'-- Up-to-date: /home/greyflon/lab_2025/install/two_wheeled_robot/share/two_wheeled_robot/models/stop_light/materials/textures/stop_light.png\n'}
[0.581905] (two_wheeled_robot) StdoutLine: {'line': b'-- Up-to-date: /home/greyflon/lab_2025/install/two_wheeled_robot/share/two_wheeled_robot/models/stop_light/materials/textures/greyscale_light.png\n'}
[0.581974] (two_wheeled_robot) StdoutLine: {'line': b'-- Up-to-date: /home/greyflon/lab_2025/install/two_wheeled_robot/share/two_wheeled_robot/models/stop_light/model.sdf\n'}
[0.582044] (two_wheeled_robot) StdoutLine: {'line': b'-- Up-to-date: /home/greyflon/lab_2025/install/two_wheeled_robot/share/two_wheeled_robot/models/pallet_full\n'}
[0.582115] (two_wheeled_robot) StdoutLine: {'line': b'-- Up-to-date: /home/greyflon/lab_2025/install/two_wheeled_robot/share/two_wheeled_robot/models/pallet_full/model.config\n'}
[0.582185] (two_wheeled_robot) StdoutLine: {'line': b'-- Up-to-date: /home/greyflon/lab_2025/install/two_wheeled_robot/share/two_wheeled_robot/models/pallet_full/model.sdf\n'}
[0.582256] (two_wheeled_robot) StdoutLine: {'line': b'-- Up-to-date: /home/greyflon/lab_2025/install/two_wheeled_robot/share/two_wheeled_robot/models/radio_tower\n'}
[0.582326] (two_wheeled_robot) StdoutLine: {'line': b'-- Up-to-date: /home/greyflon/lab_2025/install/two_wheeled_robot/share/two_wheeled_robot/models/radio_tower/model.config\n'}
[0.582397] (two_wheeled_robot) StdoutLine: {'line': b'-- Up-to-date: /home/greyflon/lab_2025/install/two_wheeled_robot/share/two_wheeled_robot/models/radio_tower/meshes\n'}
[0.582535] (two_wheeled_robot) StdoutLine: {'line': b'-- Up-to-date: /home/greyflon/lab_2025/install/two_wheeled_robot/share/two_wheeled_robot/models/radio_tower/meshes/radio_tower.dae\n'}
[0.582633] (two_wheeled_robot) StdoutLine: {'line': b'-- Up-to-date: /home/greyflon/lab_2025/install/two_wheeled_robot/share/two_wheeled_robot/models/radio_tower/materials\n'}
[0.582705] (two_wheeled_robot) StdoutLine: {'line': b'-- Up-to-date: /home/greyflon/lab_2025/install/two_wheeled_robot/share/two_wheeled_robot/models/radio_tower/materials/textures\n'}
[0.582777] (two_wheeled_robot) StdoutLine: {'line': b'-- Up-to-date: /home/greyflon/lab_2025/install/two_wheeled_robot/share/two_wheeled_robot/models/radio_tower/materials/textures/radio_tower_spec.jpg\n'}
[0.582849] (two_wheeled_robot) StdoutLine: {'line': b'-- Up-to-date: /home/greyflon/lab_2025/install/two_wheeled_robot/share/two_wheeled_robot/models/radio_tower/materials/textures/radio_tower_diffuse.jpg\n'}
[0.582935] (two_wheeled_robot) StdoutLine: {'line': b'-- Up-to-date: /home/greyflon/lab_2025/install/two_wheeled_robot/share/two_wheeled_robot/models/radio_tower/model.sdf\n'}
[0.583006] (two_wheeled_robot) StdoutLine: {'line': b'-- Up-to-date: /home/greyflon/lab_2025/install/two_wheeled_robot/share/two_wheeled_robot/models/aws_robomaker_residential_DeskPortraitB_02\n'}
[0.583078] (two_wheeled_robot) StdoutLine: {'line': b'-- Up-to-date: /home/greyflon/lab_2025/install/two_wheeled_robot/share/two_wheeled_robot/models/aws_robomaker_residential_DeskPortraitB_02/model.config\n'}
[0.583148] (two_wheeled_robot) StdoutLine: {'line': b'-- Up-to-date: /home/greyflon/lab_2025/install/two_wheeled_robot/share/two_wheeled_robot/models/aws_robomaker_residential_DeskPortraitB_02/meshes\n'}
[0.583216] (two_wheeled_robot) StdoutLine: {'line': b'-- Up-to-date: /home/greyflon/lab_2025/install/two_wheeled_robot/share/two_wheeled_robot/models/aws_robomaker_residential_DeskPortraitB_02/meshes/aws_DeskPortraitB_01_visual.DAE\n'}
[0.583286] (two_wheeled_robot) StdoutLine: {'line': b'-- Up-to-date: /home/greyflon/lab_2025/install/two_wheeled_robot/share/two_wheeled_robot/models/aws_robomaker_residential_DeskPortraitB_02/meshes/aws_DeskPortraitB_01_collision.DAE\n'}
[0.583366] (two_wheeled_robot) StdoutLine: {'line': b'-- Up-to-date: /home/greyflon/lab_2025/install/two_wheeled_robot/share/two_wheeled_robot/models/aws_robomaker_residential_DeskPortraitB_02/materials\n'}
[0.583441] (two_wheeled_robot) StdoutLine: {'line': b'-- Up-to-date: /home/greyflon/lab_2025/install/two_wheeled_robot/share/two_wheeled_robot/models/aws_robomaker_residential_DeskPortraitB_02/materials/textures\n'}
[0.583513] (two_wheeled_robot) StdoutLine: {'line': b'-- Up-to-date: /home/greyflon/lab_2025/install/two_wheeled_robot/share/two_wheeled_robot/models/aws_robomaker_residential_DeskPortraitB_02/materials/textures/DeskPortraitB_02.jpg\n'}
[0.583671] (two_wheeled_robot) StdoutLine: {'line': b'-- Up-to-date: /home/greyflon/lab_2025/install/two_wheeled_robot/share/two_wheeled_robot/models/aws_robomaker_residential_DeskPortraitB_02/materials/textures/aws_DeskPortraitB_02.png\n'}
[0.583747] (two_wheeled_robot) StdoutLine: {'line': b'-- Up-to-date: /home/greyflon/lab_2025/install/two_wheeled_robot/share/two_wheeled_robot/models/aws_robomaker_residential_DeskPortraitB_02/materials/textures/aws_DeskPortraitB_01.png\n'}
[0.583819] (two_wheeled_robot) StdoutLine: {'line': b'-- Up-to-date: /home/greyflon/lab_2025/install/two_wheeled_robot/share/two_wheeled_robot/models/aws_robomaker_residential_DeskPortraitB_02/model.sdf\n'}
[0.583892] (two_wheeled_robot) StdoutLine: {'line': b'-- Up-to-date: /home/greyflon/lab_2025/install/two_wheeled_robot/share/two_wheeled_robot/models/aws_robomaker_residential_PortraitA_02\n'}
[0.583962] (two_wheeled_robot) StdoutLine: {'line': b'-- Up-to-date: /home/greyflon/lab_2025/install/two_wheeled_robot/share/two_wheeled_robot/models/aws_robomaker_residential_PortraitA_02/model.config\n'}
[0.584032] (two_wheeled_robot) StdoutLine: {'line': b'-- Up-to-date: /home/greyflon/lab_2025/install/two_wheeled_robot/share/two_wheeled_robot/models/aws_robomaker_residential_PortraitA_02/meshes\n'}
[0.584102] (two_wheeled_robot) StdoutLine: {'line': b'-- Up-to-date: /home/greyflon/lab_2025/install/two_wheeled_robot/share/two_wheeled_robot/models/aws_robomaker_residential_PortraitA_02/meshes/aws_PortraitA_01_visual.DAE\n'}
[0.584173] (two_wheeled_robot) StdoutLine: {'line': b'-- Up-to-date: /home/greyflon/lab_2025/install/two_wheeled_robot/share/two_wheeled_robot/models/aws_robomaker_residential_PortraitA_02/meshes/aws_PortraitA_01_collision.DAE\n'}
[0.584244] (two_wheeled_robot) StdoutLine: {'line': b'-- Up-to-date: /home/greyflon/lab_2025/install/two_wheeled_robot/share/two_wheeled_robot/models/aws_robomaker_residential_PortraitA_02/materials\n'}
[0.584315] (two_wheeled_robot) StdoutLine: {'line': b'-- Up-to-date: /home/greyflon/lab_2025/install/two_wheeled_robot/share/two_wheeled_robot/models/aws_robomaker_residential_PortraitA_02/materials/textures\n'}
[0.584386] (two_wheeled_robot) StdoutLine: {'line': b'-- Up-to-date: /home/greyflon/lab_2025/install/two_wheeled_robot/share/two_wheeled_robot/models/aws_robomaker_residential_PortraitA_02/materials/textures/aws_PortraitA_01.png\n'}
[0.584455] (two_wheeled_robot) StdoutLine: {'line': b'-- Up-to-date: /home/greyflon/lab_2025/install/two_wheeled_robot/share/two_wheeled_robot/models/aws_robomaker_residential_PortraitA_02/materials/textures/PortraitA_02.jpg\n'}
[0.584527] (two_wheeled_robot) StdoutLine: {'line': b'-- Up-to-date: /home/greyflon/lab_2025/install/two_wheeled_robot/share/two_wheeled_robot/models/aws_robomaker_residential_PortraitA_02/materials/textures/aws_PortraitA_02.png\n'}
[0.584658] (two_wheeled_robot) StdoutLine: {'line': b'-- Up-to-date: /home/greyflon/lab_2025/install/two_wheeled_robot/share/two_wheeled_robot/models/aws_robomaker_residential_PortraitA_02/model.sdf\n'}
[0.584759] (two_wheeled_robot) StdoutLine: {'line': b'-- Up-to-date: /home/greyflon/lab_2025/install/two_wheeled_robot/share/two_wheeled_robot/models/aws_robomaker_warehouse_DeskC_01\n'}
[0.584853] (two_wheeled_robot) StdoutLine: {'line': b'-- Up-to-date: /home/greyflon/lab_2025/install/two_wheeled_robot/share/two_wheeled_robot/models/aws_robomaker_warehouse_DeskC_01/model.config\n'}
[0.584935] (two_wheeled_robot) StdoutLine: {'line': b'-- Up-to-date: /home/greyflon/lab_2025/install/two_wheeled_robot/share/two_wheeled_robot/models/aws_robomaker_warehouse_DeskC_01/meshes\n'}
[0.585004] (two_wheeled_robot) StdoutLine: {'line': b'-- Up-to-date: /home/greyflon/lab_2025/install/two_wheeled_robot/share/two_wheeled_robot/models/aws_robomaker_warehouse_DeskC_01/meshes/aws_robomaker_warehouse_DeskC_01_collision.DAE\n'}
[0.585076] (two_wheeled_robot) StdoutLine: {'line': b'-- Up-to-date: /home/greyflon/lab_2025/install/two_wheeled_robot/share/two_wheeled_robot/models/aws_robomaker_warehouse_DeskC_01/meshes/aws_robomaker_warehouse_DeskC_01_visual.DAE\n'}
[0.585147] (two_wheeled_robot) StdoutLine: {'line': b'-- Up-to-date: /home/greyflon/lab_2025/install/two_wheeled_robot/share/two_wheeled_robot/models/aws_robomaker_warehouse_DeskC_01/materials\n'}
[0.585220] (two_wheeled_robot) StdoutLine: {'line': b'-- Up-to-date: /home/greyflon/lab_2025/install/two_wheeled_robot/share/two_wheeled_robot/models/aws_robomaker_warehouse_DeskC_01/materials/textures\n'}
[0.585289] (two_wheeled_robot) StdoutLine: {'line': b'-- Up-to-date: /home/greyflon/lab_2025/install/two_wheeled_robot/share/two_wheeled_robot/models/aws_robomaker_warehouse_DeskC_01/materials/textures/aws_robomaker_warehouse_DeskC_03.psd\n'}
[0.585360] (two_wheeled_robot) StdoutLine: {'line': b'-- Up-to-date: /home/greyflon/lab_2025/install/two_wheeled_robot/share/two_wheeled_robot/models/aws_robomaker_warehouse_DeskC_01/materials/textures/aws_robomaker_warehouse_DeskC_02.png\n'}
[0.585436] (two_wheeled_robot) StdoutLine: {'line': b'-- Up-to-date: /home/greyflon/lab_2025/install/two_wheeled_robot/share/two_wheeled_robot/models/aws_robomaker_warehouse_DeskC_01/materials/textures/aws_robomaker_warehouse_DeskC_03.png\n'}
[0.585508] (two_wheeled_robot) StdoutLine: {'line': b'-- Up-to-date: /home/greyflon/lab_2025/install/two_wheeled_robot/share/two_wheeled_robot/models/aws_robomaker_warehouse_DeskC_01/materials/textures/aws_robomaker_warehouse_DeskC_04.png\n'}
[0.585622] (two_wheeled_robot) StdoutLine: {'line': b'-- Up-to-date: /home/greyflon/lab_2025/install/two_wheeled_robot/share/two_wheeled_robot/models/aws_robomaker_warehouse_DeskC_01/materials/textures/aws_robomaker_warehouse_DeskC_01.png\n'}
[0.585700] (two_wheeled_robot) StdoutLine: {'line': b'-- Up-to-date: /home/greyflon/lab_2025/install/two_wheeled_robot/share/two_wheeled_robot/models/aws_robomaker_warehouse_DeskC_01/model.sdf\n'}
[0.585774] (two_wheeled_robot) StdoutLine: {'line': b'-- Up-to-date: /home/greyflon/lab_2025/install/two_wheeled_robot/share/two_wheeled_robot/models/stopW\n'}
[0.585844] (two_wheeled_robot) StdoutLine: {'line': b'-- Up-to-date: /home/greyflon/lab_2025/install/two_wheeled_robot/share/two_wheeled_robot/models/stopW/model.config\n'}
[0.585916] (two_wheeled_robot) StdoutLine: {'line': b'-- Up-to-date: /home/greyflon/lab_2025/install/two_wheeled_robot/share/two_wheeled_robot/models/stopW/meshes\n'}
[0.585986] (two_wheeled_robot) StdoutLine: {'line': b'-- Up-to-date: /home/greyflon/lab_2025/install/two_wheeled_robot/share/two_wheeled_robot/models/stopW/meshes/Asphalt_New.jpg\n'}
[0.586056] (two_wheeled_robot) StdoutLine: {'line': b'-- Up-to-date: /home/greyflon/lab_2025/install/two_wheeled_robot/share/two_wheeled_robot/models/stopW/meshes/Concrete_Pavers_Block_Multi.jpg\n'}
[0.586126] (two_wheeled_robot) StdoutLine: {'line': b'-- Up-to-date: /home/greyflon/lab_2025/install/two_wheeled_robot/share/two_wheeled_robot/models/stopW/meshes/stop.dae\n'}
[0.586196] (two_wheeled_robot) StdoutLine: {'line': b'-- Up-to-date: /home/greyflon/lab_2025/install/two_wheeled_robot/share/two_wheeled_robot/models/stopW/model.sdf\n'}
[0.586266] (two_wheeled_robot) StdoutLine: {'line': b'-- Up-to-date: /home/greyflon/lab_2025/install/two_wheeled_robot/share/two_wheeled_robot/models/aws_robomaker_residential_DeskPortraitC_01\n'}
[0.586336] (two_wheeled_robot) StdoutLine: {'line': b'-- Up-to-date: /home/greyflon/lab_2025/install/two_wheeled_robot/share/two_wheeled_robot/models/aws_robomaker_residential_DeskPortraitC_01/model.config\n'}
[0.586414] (two_wheeled_robot) StdoutLine: {'line': b'-- Up-to-date: /home/greyflon/lab_2025/install/two_wheeled_robot/share/two_wheeled_robot/models/aws_robomaker_residential_DeskPortraitC_01/meshes\n'}
[0.586484] (two_wheeled_robot) StdoutLine: {'line': b'-- Up-to-date: /home/greyflon/lab_2025/install/two_wheeled_robot/share/two_wheeled_robot/models/aws_robomaker_residential_DeskPortraitC_01/meshes/aws_DeskPortraitC_01_collision.DAE\n'}
[0.586574] (two_wheeled_robot) StdoutLine: {'line': b'-- Up-to-date: /home/greyflon/lab_2025/install/two_wheeled_robot/share/two_wheeled_robot/models/aws_robomaker_residential_DeskPortraitC_01/meshes/aws_DeskPortraitC_01_visual.DAE\n'}
[0.586654] (two_wheeled_robot) StdoutLine: {'line': b'-- Up-to-date: /home/greyflon/lab_2025/install/two_wheeled_robot/share/two_wheeled_robot/models/aws_robomaker_residential_DeskPortraitC_01/materials\n'}
[0.586796] (two_wheeled_robot) StdoutLine: {'line': b'-- Up-to-date: /home/greyflon/lab_2025/install/two_wheeled_robot/share/two_wheeled_robot/models/aws_robomaker_residential_DeskPortraitC_01/materials/textures\n'}
[0.586870] (two_wheeled_robot) StdoutLine: {'line': b'-- Up-to-date: /home/greyflon/lab_2025/install/two_wheeled_robot/share/two_wheeled_robot/models/aws_robomaker_residential_DeskPortraitC_01/materials/textures/aws_DeskPortraitC_01.png\n'}
[0.586943] (two_wheeled_robot) StdoutLine: {'line': b'-- Up-to-date: /home/greyflon/lab_2025/install/two_wheeled_robot/share/two_wheeled_robot/models/aws_robomaker_residential_DeskPortraitC_01/materials/textures/DeskPortraitC_01.jpg\n'}
[0.587014] (two_wheeled_robot) StdoutLine: {'line': b'-- Up-to-date: /home/greyflon/lab_2025/install/two_wheeled_robot/share/two_wheeled_robot/models/aws_robomaker_residential_DeskPortraitC_01/materials/textures/aws_DeskPortraitC_02.png\n'}
[0.587087] (two_wheeled_robot) StdoutLine: {'line': b'-- Up-to-date: /home/greyflon/lab_2025/install/two_wheeled_robot/share/two_wheeled_robot/models/aws_robomaker_residential_DeskPortraitC_01/model.sdf\n'}
[0.587160] (two_wheeled_robot) StdoutLine: {'line': b'-- Up-to-date: /home/greyflon/lab_2025/install/two_wheeled_robot/share/two_wheeled_robot/models/blue_target\n'}
[0.587232] (two_wheeled_robot) StdoutLine: {'line': b'-- Up-to-date: /home/greyflon/lab_2025/install/two_wheeled_robot/share/two_wheeled_robot/models/blue_target/model.config\n'}
[0.587304] (two_wheeled_robot) StdoutLine: {'line': b'-- Up-to-date: /home/greyflon/lab_2025/install/two_wheeled_robot/share/two_wheeled_robot/models/blue_target/meshes\n'}
[0.587375] (two_wheeled_robot) StdoutLine: {'line': b'-- Up-to-date: /home/greyflon/lab_2025/install/two_wheeled_robot/share/two_wheeled_robot/models/blue_target/meshes/blue_target.dae\n'}
[0.587452] (two_wheeled_robot) StdoutLine: {'line': b'-- Up-to-date: /home/greyflon/lab_2025/install/two_wheeled_robot/share/two_wheeled_robot/models/blue_target/model.sdf\n'}
[0.587523] (two_wheeled_robot) StdoutLine: {'line': b'-- Up-to-date: /home/greyflon/lab_2025/install/two_wheeled_robot/share/two_wheeled_robot/models/casual_female\n'}
[0.587622] (two_wheeled_robot) StdoutLine: {'line': b'-- Up-to-date: /home/greyflon/lab_2025/install/two_wheeled_robot/share/two_wheeled_robot/models/casual_female/model.config\n'}
[0.587697] (two_wheeled_robot) StdoutLine: {'line': b'-- Up-to-date: /home/greyflon/lab_2025/install/two_wheeled_robot/share/two_wheeled_robot/models/casual_female/meshes\n'}
[0.587769] (two_wheeled_robot) StdoutLine: {'line': b'-- Up-to-date: /home/greyflon/lab_2025/install/two_wheeled_robot/share/two_wheeled_robot/models/casual_female/meshes/casual_female.dae\n'}
[0.587840] (two_wheeled_robot) StdoutLine: {'line': b'-- Up-to-date: /home/greyflon/lab_2025/install/two_wheeled_robot/share/two_wheeled_robot/models/casual_female/materials\n'}
[0.587910] (two_wheeled_robot) StdoutLine: {'line': b'-- Up-to-date: /home/greyflon/lab_2025/install/two_wheeled_robot/share/two_wheeled_robot/models/casual_female/materials/textures\n'}
[0.587990] (two_wheeled_robot) StdoutLine: {'line': b'-- Up-to-date: /home/greyflon/lab_2025/install/two_wheeled_robot/share/two_wheeled_robot/models/casual_female/materials/textures/casual_female.png\n'}
[0.588062] (two_wheeled_robot) StdoutLine: {'line': b'-- Up-to-date: /home/greyflon/lab_2025/install/two_wheeled_robot/share/two_wheeled_robot/models/casual_female/materials/textures/eyelashes01.png\n'}
[0.588144] (two_wheeled_robot) StdoutLine: {'line': b'-- Up-to-date: /home/greyflon/lab_2025/install/two_wheeled_robot/share/two_wheeled_robot/models/casual_female/materials/textures/tongue01_diffuse.png\n'}
[0.588246] (two_wheeled_robot) StdoutLine: {'line': b'-- Up-to-date: /home/greyflon/lab_2025/install/two_wheeled_robot/share/two_wheeled_robot/models/casual_female/materials/textures/female_casualsuit01_diffuse.png\n'}
[0.588322] (two_wheeled_robot) StdoutLine: {'line': b'-- Up-to-date: /home/greyflon/lab_2025/install/two_wheeled_robot/share/two_wheeled_robot/models/casual_female/materials/textures/female_casualsuit02_diffuse.png\n'}
[0.588394] (two_wheeled_robot) StdoutLine: {'line': b'-- Up-to-date: /home/greyflon/lab_2025/install/two_wheeled_robot/share/two_wheeled_robot/models/casual_female/materials/textures/ponytail01_diffuse.png\n'}
[0.588466] (two_wheeled_robot) StdoutLine: {'line': b'-- Up-to-date: /home/greyflon/lab_2025/install/two_wheeled_robot/share/two_wheeled_robot/models/casual_female/materials/textures/young_lightskinned_female_diffuse.png\n'}
[0.588538] (two_wheeled_robot) StdoutLine: {'line': b'-- Up-to-date: /home/greyflon/lab_2025/install/two_wheeled_robot/share/two_wheeled_robot/models/casual_female/materials/textures/shoes05_diffuse.png\n'}
[0.588635] (two_wheeled_robot) StdoutLine: {'line': b'-- Up-to-date: /home/greyflon/lab_2025/install/two_wheeled_robot/share/two_wheeled_robot/models/casual_female/materials/textures/eyebrow002.png\n'}
[0.588706] (two_wheeled_robot) StdoutLine: {'line': b'-- Up-to-date: /home/greyflon/lab_2025/install/two_wheeled_robot/share/two_wheeled_robot/models/casual_female/materials/textures/female_casualsuit01_normal.png\n'}
[0.588778] (two_wheeled_robot) StdoutLine: {'line': b'-- Up-to-date: /home/greyflon/lab_2025/install/two_wheeled_robot/share/two_wheeled_robot/models/casual_female/materials/textures/brown_eye.png\n'}
[0.588848] (two_wheeled_robot) StdoutLine: {'line': b'-- Up-to-date: /home/greyflon/lab_2025/install/two_wheeled_robot/share/two_wheeled_robot/models/casual_female/materials/textures/female_casualsuit02_normal.png\n'}
[0.588922] (two_wheeled_robot) StdoutLine: {'line': b'-- Up-to-date: /home/greyflon/lab_2025/install/two_wheeled_robot/share/two_wheeled_robot/models/casual_female/model.sdf\n'}
[0.589033] (two_wheeled_robot) StdoutLine: {'line': b'-- Up-to-date: /home/greyflon/lab_2025/install/two_wheeled_robot/share/two_wheeled_robot/models/servicebot\n'}
[0.589107] (two_wheeled_robot) StdoutLine: {'line': b'-- Up-to-date: /home/greyflon/lab_2025/install/two_wheeled_robot/share/two_wheeled_robot/models/servicebot/model.config\n'}
[0.589177] (two_wheeled_robot) StdoutLine: {'line': b'-- Up-to-date: /home/greyflon/lab_2025/install/two_wheeled_robot/share/two_wheeled_robot/models/servicebot/meshes\n'}
[0.589248] (two_wheeled_robot) StdoutLine: {'line': b'-- Up-to-date: /home/greyflon/lab_2025/install/two_wheeled_robot/share/two_wheeled_robot/models/servicebot/meshes/servicebot.mtl\n'}
[0.589318] (two_wheeled_robot) StdoutLine: {'line': b'-- Up-to-date: /home/greyflon/lab_2025/install/two_wheeled_robot/share/two_wheeled_robot/models/servicebot/meshes/servicebot.obj\n'}
[0.589389] (two_wheeled_robot) StdoutLine: {'line': b'-- Up-to-date: /home/greyflon/lab_2025/install/two_wheeled_robot/share/two_wheeled_robot/models/servicebot/materials\n'}
[0.589461] (two_wheeled_robot) StdoutLine: {'line': b'-- Up-to-date: /home/greyflon/lab_2025/install/two_wheeled_robot/share/two_wheeled_robot/models/servicebot/materials/textures\n'}
[0.589531] (two_wheeled_robot) StdoutLine: {'line': b'-- Up-to-date: /home/greyflon/lab_2025/install/two_wheeled_robot/share/two_wheeled_robot/models/servicebot/materials/textures/servicebot.png\n'}
[0.589643] (two_wheeled_robot) StdoutLine: {'line': b'-- Up-to-date: /home/greyflon/lab_2025/install/two_wheeled_robot/share/two_wheeled_robot/models/servicebot/model.sdf\n'}
[0.589719] (two_wheeled_robot) StdoutLine: {'line': b'-- Up-to-date: /home/greyflon/lab_2025/install/two_wheeled_robot/share/two_wheeled_robot/models/dishwasher\n'}
[0.589789] (two_wheeled_robot) StdoutLine: {'line': b'-- Up-to-date: /home/greyflon/lab_2025/install/two_wheeled_robot/share/two_wheeled_robot/models/dishwasher/model.config\n'}
[0.589861] (two_wheeled_robot) StdoutLine: {'line': b'-- Up-to-date: /home/greyflon/lab_2025/install/two_wheeled_robot/share/two_wheeled_robot/models/dishwasher/meshes\n'}
[0.589932] (two_wheeled_robot) StdoutLine: {'line': b'-- Up-to-date: /home/greyflon/lab_2025/install/two_wheeled_robot/share/two_wheeled_robot/models/dishwasher/meshes/dishwasher.mtl\n'}
[0.590003] (two_wheeled_robot) StdoutLine: {'line': b'-- Up-to-date: /home/greyflon/lab_2025/install/two_wheeled_robot/share/two_wheeled_robot/models/dishwasher/meshes/dishwasher.obj\n'}
[0.590075] (two_wheeled_robot) StdoutLine: {'line': b'-- Up-to-date: /home/greyflon/lab_2025/install/two_wheeled_robot/share/two_wheeled_robot/models/dishwasher/materials\n'}
[0.590147] (two_wheeled_robot) StdoutLine: {'line': b'-- Up-to-date: /home/greyflon/lab_2025/install/two_wheeled_robot/share/two_wheeled_robot/models/dishwasher/materials/textures\n'}
[0.590217] (two_wheeled_robot) StdoutLine: {'line': b'-- Up-to-date: /home/greyflon/lab_2025/install/two_wheeled_robot/share/two_wheeled_robot/models/dishwasher/materials/textures/dishwasher.png\n'}
[0.590288] (two_wheeled_robot) StdoutLine: {'line': b'-- Up-to-date: /home/greyflon/lab_2025/install/two_wheeled_robot/share/two_wheeled_robot/models/dishwasher/model.sdf\n'}
[0.590359] (two_wheeled_robot) StdoutLine: {'line': b'-- Up-to-date: /home/greyflon/lab_2025/install/two_wheeled_robot/share/two_wheeled_robot/models/aws_robomaker_residential_PortraitB_02\n'}
[0.590431] (two_wheeled_robot) StdoutLine: {'line': b'-- Up-to-date: /home/greyflon/lab_2025/install/two_wheeled_robot/share/two_wheeled_robot/models/aws_robomaker_residential_PortraitB_02/model.config\n'}
[0.590500] (two_wheeled_robot) StdoutLine: {'line': b'-- Up-to-date: /home/greyflon/lab_2025/install/two_wheeled_robot/share/two_wheeled_robot/models/aws_robomaker_residential_PortraitB_02/meshes\n'}
[0.590595] (two_wheeled_robot) StdoutLine: {'line': b'-- Up-to-date: /home/greyflon/lab_2025/install/two_wheeled_robot/share/two_wheeled_robot/models/aws_robomaker_residential_PortraitB_02/meshes/aws_PortraitB_01_visual.DAE\n'}
[0.590674] (two_wheeled_robot) StdoutLine: {'line': b'-- Up-to-date: /home/greyflon/lab_2025/install/two_wheeled_robot/share/two_wheeled_robot/models/aws_robomaker_residential_PortraitB_02/meshes/aws_PortraitB_01_collision.DAE\n'}
[0.590744] (two_wheeled_robot) StdoutLine: {'line': b'-- Up-to-date: /home/greyflon/lab_2025/install/two_wheeled_robot/share/two_wheeled_robot/models/aws_robomaker_residential_PortraitB_02/materials\n'}
[0.590813] (two_wheeled_robot) StdoutLine: {'line': b'-- Up-to-date: /home/greyflon/lab_2025/install/two_wheeled_robot/share/two_wheeled_robot/models/aws_robomaker_residential_PortraitB_02/materials/textures\n'}
[0.590883] (two_wheeled_robot) StdoutLine: {'line': b'-- Up-to-date: /home/greyflon/lab_2025/install/two_wheeled_robot/share/two_wheeled_robot/models/aws_robomaker_residential_PortraitB_02/materials/textures/aws_PortraitB_01.png\n'}
[0.590955] (two_wheeled_robot) StdoutLine: {'line': b'-- Up-to-date: /home/greyflon/lab_2025/install/two_wheeled_robot/share/two_wheeled_robot/models/aws_robomaker_residential_PortraitB_02/materials/textures/aws_PortraitB_02.png\n'}
[0.591025] (two_wheeled_robot) StdoutLine: {'line': b'-- Up-to-date: /home/greyflon/lab_2025/install/two_wheeled_robot/share/two_wheeled_robot/models/aws_robomaker_residential_PortraitB_02/materials/textures/PortraitB_02.jpg\n'}
[0.591110] (two_wheeled_robot) StdoutLine: {'line': b'-- Up-to-date: /home/greyflon/lab_2025/install/two_wheeled_robot/share/two_wheeled_robot/models/aws_robomaker_residential_PortraitB_02/model.sdf\n'}
[0.591191] (two_wheeled_robot) StdoutLine: {'line': b'-- Up-to-date: /home/greyflon/lab_2025/install/two_wheeled_robot/share/two_wheeled_robot/models/bookshelf\n'}
[0.591288] (two_wheeled_robot) StdoutLine: {'line': b'-- Up-to-date: /home/greyflon/lab_2025/install/two_wheeled_robot/share/two_wheeled_robot/models/bookshelf/model-1_2.sdf\n'}
[0.591360] (two_wheeled_robot) StdoutLine: {'line': b'-- Up-to-date: /home/greyflon/lab_2025/install/two_wheeled_robot/share/two_wheeled_robot/models/bookshelf/model-1_4.sdf\n'}
[0.591430] (two_wheeled_robot) StdoutLine: {'line': b'-- Up-to-date: /home/greyflon/lab_2025/install/two_wheeled_robot/share/two_wheeled_robot/models/bookshelf/model.config\n'}
[0.591502] (two_wheeled_robot) StdoutLine: {'line': b'-- Up-to-date: /home/greyflon/lab_2025/install/two_wheeled_robot/share/two_wheeled_robot/models/bookshelf/model.sdf\n'}
[0.591599] (two_wheeled_robot) StdoutLine: {'line': b'-- Up-to-date: /home/greyflon/lab_2025/install/two_wheeled_robot/share/two_wheeled_robot/models/bookshelf/model-1_3.sdf\n'}
[0.591675] (two_wheeled_robot) StdoutLine: {'line': b'-- Up-to-date: /home/greyflon/lab_2025/install/two_wheeled_robot/share/two_wheeled_robot/models/lamp_post\n'}
[0.591745] (two_wheeled_robot) StdoutLine: {'line': b'-- Up-to-date: /home/greyflon/lab_2025/install/two_wheeled_robot/share/two_wheeled_robot/models/lamp_post/model-1_4.sdf\n'}
[0.591822] (two_wheeled_robot) StdoutLine: {'line': b'-- Up-to-date: /home/greyflon/lab_2025/install/two_wheeled_robot/share/two_wheeled_robot/models/lamp_post/model.config\n'}
[0.591893] (two_wheeled_robot) StdoutLine: {'line': b'-- Up-to-date: /home/greyflon/lab_2025/install/two_wheeled_robot/share/two_wheeled_robot/models/lamp_post/meshes\n'}
[0.591963] (two_wheeled_robot) StdoutLine: {'line': b'-- Up-to-date: /home/greyflon/lab_2025/install/two_wheeled_robot/share/two_wheeled_robot/models/lamp_post/meshes/lamp_post.dae\n'}
[0.592038] (two_wheeled_robot) StdoutLine: {'line': b'-- Up-to-date: /home/greyflon/lab_2025/install/two_wheeled_robot/share/two_wheeled_robot/models/lamp_post/materials\n'}
[0.592109] (two_wheeled_robot) StdoutLine: {'line': b'-- Up-to-date: /home/greyflon/lab_2025/install/two_wheeled_robot/share/two_wheeled_robot/models/lamp_post/materials/textures\n'}
[0.592179] (two_wheeled_robot) StdoutLine: {'line': b'-- Up-to-date: /home/greyflon/lab_2025/install/two_wheeled_robot/share/two_wheeled_robot/models/lamp_post/materials/textures/Lamp_Post_Spec.png\n'}
[0.592253] (two_wheeled_robot) StdoutLine: {'line': b'-- Up-to-date: /home/greyflon/lab_2025/install/two_wheeled_robot/share/two_wheeled_robot/models/lamp_post/materials/textures/Lamp_Post_Diffuse.png\n'}
[0.592323] (two_wheeled_robot) StdoutLine: {'line': b'-- Up-to-date: /home/greyflon/lab_2025/install/two_wheeled_robot/share/two_wheeled_robot/models/lamp_post/materials/textures/Lamp_Post_Emissive.png\n'}
[0.592393] (two_wheeled_robot) StdoutLine: {'line': b'-- Up-to-date: /home/greyflon/lab_2025/install/two_wheeled_robot/share/two_wheeled_robot/models/lamp_post/model.sdf\n'}
[0.592463] (two_wheeled_robot) StdoutLine: {'line': b'-- Up-to-date: /home/greyflon/lab_2025/install/two_wheeled_robot/share/two_wheeled_robot/models/lamp_post/model-1_3.sdf\n'}
[0.592534] (two_wheeled_robot) StdoutLine: {'line': b'-- Up-to-date: /home/greyflon/lab_2025/install/two_wheeled_robot/share/two_wheeled_robot/models/aws_robomaker_warehouse_ClutteringA_01\n'}
[0.592630] (two_wheeled_robot) StdoutLine: {'line': b'-- Up-to-date: /home/greyflon/lab_2025/install/two_wheeled_robot/share/two_wheeled_robot/models/aws_robomaker_warehouse_ClutteringA_01/model.config\n'}
[0.592703] (two_wheeled_robot) StdoutLine: {'line': b'-- Up-to-date: /home/greyflon/lab_2025/install/two_wheeled_robot/share/two_wheeled_robot/models/aws_robomaker_warehouse_ClutteringA_01/meshes\n'}
[0.592772] (two_wheeled_robot) StdoutLine: {'line': b'-- Up-to-date: /home/greyflon/lab_2025/install/two_wheeled_robot/share/two_wheeled_robot/models/aws_robomaker_warehouse_ClutteringA_01/meshes/aws_robomaker_warehouse_ClutteringA_01_visual.DAE\n'}
[0.592850] (two_wheeled_robot) StdoutLine: {'line': b'-- Up-to-date: /home/greyflon/lab_2025/install/two_wheeled_robot/share/two_wheeled_robot/models/aws_robomaker_warehouse_ClutteringA_01/meshes/aws_robomaker_warehouse_ClutteringA_01_collision.DAE\n'}
[0.592921] (two_wheeled_robot) StdoutLine: {'line': b'-- Up-to-date: /home/greyflon/lab_2025/install/two_wheeled_robot/share/two_wheeled_robot/models/aws_robomaker_warehouse_ClutteringA_01/materials\n'}
[0.592991] (two_wheeled_robot) StdoutLine: {'line': b'-- Up-to-date: /home/greyflon/lab_2025/install/two_wheeled_robot/share/two_wheeled_robot/models/aws_robomaker_warehouse_ClutteringA_01/materials/textures\n'}
[0.593060] (two_wheeled_robot) StdoutLine: {'line': b'-- Up-to-date: /home/greyflon/lab_2025/install/two_wheeled_robot/share/two_wheeled_robot/models/aws_robomaker_warehouse_ClutteringA_01/materials/textures/aws_robomaker_warehouse_ClutteringA_03.png\n'}
[0.593131] (two_wheeled_robot) StdoutLine: {'line': b'-- Up-to-date: /home/greyflon/lab_2025/install/two_wheeled_robot/share/two_wheeled_robot/models/aws_robomaker_warehouse_ClutteringA_01/materials/textures/aws_robomaker_warehouse_ClutteringA_02.png\n'}
[0.593201] (two_wheeled_robot) StdoutLine: {'line': b'-- Up-to-date: /home/greyflon/lab_2025/install/two_wheeled_robot/share/two_wheeled_robot/models/aws_robomaker_warehouse_ClutteringA_01/materials/textures/aws_robomaker_warehouse_ClutteringA_01.png\n'}
[0.593274] (two_wheeled_robot) StdoutLine: {'line': b'-- Up-to-date: /home/greyflon/lab_2025/install/two_wheeled_robot/share/two_wheeled_robot/models/aws_robomaker_warehouse_ClutteringA_01/model.sdf\n'}
[0.593344] (two_wheeled_robot) StdoutLine: {'line': b'-- Up-to-date: /home/greyflon/lab_2025/install/two_wheeled_robot/share/two_wheeled_robot/models/aws_robomaker_residential_PortraitB_03\n'}
[0.593415] (two_wheeled_robot) StdoutLine: {'line': b'-- Up-to-date: /home/greyflon/lab_2025/install/two_wheeled_robot/share/two_wheeled_robot/models/aws_robomaker_residential_PortraitB_03/model.config\n'}
[0.593586] (two_wheeled_robot) StdoutLine: {'line': b'-- Up-to-date: /home/greyflon/lab_2025/install/two_wheeled_robot/share/two_wheeled_robot/models/aws_robomaker_residential_PortraitB_03/meshes\n'}
[0.593668] (two_wheeled_robot) StdoutLine: {'line': b'-- Up-to-date: /home/greyflon/lab_2025/install/two_wheeled_robot/share/two_wheeled_robot/models/aws_robomaker_residential_PortraitB_03/meshes/aws_PortraitB_01_visual.DAE\n'}
[0.593740] (two_wheeled_robot) StdoutLine: {'line': b'-- Up-to-date: /home/greyflon/lab_2025/install/two_wheeled_robot/share/two_wheeled_robot/models/aws_robomaker_residential_PortraitB_03/meshes/aws_PortraitB_01_collision.DAE\n'}
[0.593819] (two_wheeled_robot) StdoutLine: {'line': b'-- Up-to-date: /home/greyflon/lab_2025/install/two_wheeled_robot/share/two_wheeled_robot/models/aws_robomaker_residential_PortraitB_03/materials\n'}
[0.593892] (two_wheeled_robot) StdoutLine: {'line': b'-- Up-to-date: /home/greyflon/lab_2025/install/two_wheeled_robot/share/two_wheeled_robot/models/aws_robomaker_residential_PortraitB_03/materials/textures\n'}
[0.593963] (two_wheeled_robot) StdoutLine: {'line': b'-- Up-to-date: /home/greyflon/lab_2025/install/two_wheeled_robot/share/two_wheeled_robot/models/aws_robomaker_residential_PortraitB_03/materials/textures/aws_PortraitB_01.png\n'}
[0.594033] (two_wheeled_robot) StdoutLine: {'line': b'-- Up-to-date: /home/greyflon/lab_2025/install/two_wheeled_robot/share/two_wheeled_robot/models/aws_robomaker_residential_PortraitB_03/materials/textures/PortraitB_03.jpg\n'}
[0.594105] (two_wheeled_robot) StdoutLine: {'line': b'-- Up-to-date: /home/greyflon/lab_2025/install/two_wheeled_robot/share/two_wheeled_robot/models/aws_robomaker_residential_PortraitB_03/materials/textures/aws_PortraitB_02.png\n'}
[0.594175] (two_wheeled_robot) StdoutLine: {'line': b'-- Up-to-date: /home/greyflon/lab_2025/install/two_wheeled_robot/share/two_wheeled_robot/models/aws_robomaker_residential_PortraitB_03/model.sdf\n'}
[0.594254] (two_wheeled_robot) StdoutLine: {'line': b'-- Up-to-date: /home/greyflon/lab_2025/install/two_wheeled_robot/share/two_wheeled_robot/models/aws_robomaker_residential_PortraitB_01\n'}
[0.594325] (two_wheeled_robot) StdoutLine: {'line': b'-- Up-to-date: /home/greyflon/lab_2025/install/two_wheeled_robot/share/two_wheeled_robot/models/aws_robomaker_residential_PortraitB_01/model.config\n'}
[0.594395] (two_wheeled_robot) StdoutLine: {'line': b'-- Up-to-date: /home/greyflon/lab_2025/install/two_wheeled_robot/share/two_wheeled_robot/models/aws_robomaker_residential_PortraitB_01/meshes\n'}
[0.594466] (two_wheeled_robot) StdoutLine: {'line': b'-- Up-to-date: /home/greyflon/lab_2025/install/two_wheeled_robot/share/two_wheeled_robot/models/aws_robomaker_residential_PortraitB_01/meshes/aws_PortraitB_01_visual.DAE\n'}
[0.594537] (two_wheeled_robot) StdoutLine: {'line': b'-- Up-to-date: /home/greyflon/lab_2025/install/two_wheeled_robot/share/two_wheeled_robot/models/aws_robomaker_residential_PortraitB_01/meshes/aws_PortraitB_01_collision.DAE\n'}
[0.594635] (two_wheeled_robot) StdoutLine: {'line': b'-- Up-to-date: /home/greyflon/lab_2025/install/two_wheeled_robot/share/two_wheeled_robot/models/aws_robomaker_residential_PortraitB_01/materials\n'}
[0.594707] (two_wheeled_robot) StdoutLine: {'line': b'-- Up-to-date: /home/greyflon/lab_2025/install/two_wheeled_robot/share/two_wheeled_robot/models/aws_robomaker_residential_PortraitB_01/materials/textures\n'}
[0.594779] (two_wheeled_robot) StdoutLine: {'line': b'-- Up-to-date: /home/greyflon/lab_2025/install/two_wheeled_robot/share/two_wheeled_robot/models/aws_robomaker_residential_PortraitB_01/materials/textures/aws_PortraitB_01.png\n'}
[0.594849] (two_wheeled_robot) StdoutLine: {'line': b'-- Up-to-date: /home/greyflon/lab_2025/install/two_wheeled_robot/share/two_wheeled_robot/models/aws_robomaker_residential_PortraitB_01/materials/textures/PortraitB_01.jpg\n'}
[0.594919] (two_wheeled_robot) StdoutLine: {'line': b'-- Up-to-date: /home/greyflon/lab_2025/install/two_wheeled_robot/share/two_wheeled_robot/models/aws_robomaker_residential_PortraitB_01/materials/textures/aws_PortraitB_02.png\n'}
[0.594988] (two_wheeled_robot) StdoutLine: {'line': b'-- Up-to-date: /home/greyflon/lab_2025/install/two_wheeled_robot/share/two_wheeled_robot/models/aws_robomaker_residential_PortraitB_01/model.sdf\n'}
[0.595056] (two_wheeled_robot) StdoutLine: {'line': b'-- Up-to-date: /home/greyflon/lab_2025/install/two_wheeled_robot/share/two_wheeled_robot/models/oak_tree\n'}
[0.595127] (two_wheeled_robot) StdoutLine: {'line': b'-- Up-to-date: /home/greyflon/lab_2025/install/two_wheeled_robot/share/two_wheeled_robot/models/oak_tree/model.config\n'}
[0.595196] (two_wheeled_robot) StdoutLine: {'line': b'-- Up-to-date: /home/greyflon/lab_2025/install/two_wheeled_robot/share/two_wheeled_robot/models/oak_tree/meshes\n'}
[0.595265] (two_wheeled_robot) StdoutLine: {'line': b'-- Up-to-date: /home/greyflon/lab_2025/install/two_wheeled_robot/share/two_wheeled_robot/models/oak_tree/meshes/oak_tree.dae\n'}
[0.595335] (two_wheeled_robot) StdoutLine: {'line': b'-- Up-to-date: /home/greyflon/lab_2025/install/two_wheeled_robot/share/two_wheeled_robot/models/oak_tree/materials\n'}
[0.595405] (two_wheeled_robot) StdoutLine: {'line': b'-- Up-to-date: /home/greyflon/lab_2025/install/two_wheeled_robot/share/two_wheeled_robot/models/oak_tree/materials/scripts\n'}
[0.595475] (two_wheeled_robot) StdoutLine: {'line': b'-- Up-to-date: /home/greyflon/lab_2025/install/two_wheeled_robot/share/two_wheeled_robot/models/oak_tree/materials/scripts/oak_tree.material\n'}
[0.595577] (two_wheeled_robot) StdoutLine: {'line': b'-- Up-to-date: /home/greyflon/lab_2025/install/two_wheeled_robot/share/two_wheeled_robot/models/oak_tree/materials/scripts/caster_vp.glsl\n'}
[0.595658] (two_wheeled_robot) StdoutLine: {'line': b'-- Up-to-date: /home/greyflon/lab_2025/install/two_wheeled_robot/share/two_wheeled_robot/models/oak_tree/materials/scripts/caster_fp.glsl\n'}
[0.595743] (two_wheeled_robot) StdoutLine: {'line': b'-- Up-to-date: /home/greyflon/lab_2025/install/two_wheeled_robot/share/two_wheeled_robot/models/oak_tree/materials/textures\n'}
[0.595814] (two_wheeled_robot) StdoutLine: {'line': b'-- Up-to-date: /home/greyflon/lab_2025/install/two_wheeled_robot/share/two_wheeled_robot/models/oak_tree/materials/textures/branch_diffuse.png\n'}
[0.595885] (two_wheeled_robot) StdoutLine: {'line': b'-- Up-to-date: /home/greyflon/lab_2025/install/two_wheeled_robot/share/two_wheeled_robot/models/oak_tree/materials/textures/bark_diffuse.png\n'}
[0.595956] (two_wheeled_robot) StdoutLine: {'line': b'-- Up-to-date: /home/greyflon/lab_2025/install/two_wheeled_robot/share/two_wheeled_robot/models/oak_tree/model.sdf\n'}
[0.596027] (two_wheeled_robot) StdoutLine: {'line': b'-- Up-to-date: /home/greyflon/lab_2025/install/two_wheeled_robot/share/two_wheeled_robot/models/aws_robomaker_residential_CoffeeTable_01\n'}
[0.596098] (two_wheeled_robot) StdoutLine: {'line': b'-- Up-to-date: /home/greyflon/lab_2025/install/two_wheeled_robot/share/two_wheeled_robot/models/aws_robomaker_residential_CoffeeTable_01/model.config\n'}
[0.596169] (two_wheeled_robot) StdoutLine: {'line': b'-- Up-to-date: /home/greyflon/lab_2025/install/two_wheeled_robot/share/two_wheeled_robot/models/aws_robomaker_residential_CoffeeTable_01/meshes\n'}
[0.596241] (two_wheeled_robot) StdoutLine: {'line': b'-- Up-to-date: /home/greyflon/lab_2025/install/two_wheeled_robot/share/two_wheeled_robot/models/aws_robomaker_residential_CoffeeTable_01/meshes/aws_CoffeeTable_01_visual.DAE\n'}
[0.596312] (two_wheeled_robot) StdoutLine: {'line': b'-- Up-to-date: /home/greyflon/lab_2025/install/two_wheeled_robot/share/two_wheeled_robot/models/aws_robomaker_residential_CoffeeTable_01/meshes/aws_CoffeeTable_01_collision.DAE\n'}
[0.596384] (two_wheeled_robot) StdoutLine: {'line': b'-- Up-to-date: /home/greyflon/lab_2025/install/two_wheeled_robot/share/two_wheeled_robot/models/aws_robomaker_residential_CoffeeTable_01/materials\n'}
[0.596455] (two_wheeled_robot) StdoutLine: {'line': b'-- Up-to-date: /home/greyflon/lab_2025/install/two_wheeled_robot/share/two_wheeled_robot/models/aws_robomaker_residential_CoffeeTable_01/materials/textures\n'}
[0.596526] (two_wheeled_robot) StdoutLine: {'line': b'-- Up-to-date: /home/greyflon/lab_2025/install/two_wheeled_robot/share/two_wheeled_robot/models/aws_robomaker_residential_CoffeeTable_01/materials/textures/aws_CoffeeTable_01.png\n'}
[0.596691] (two_wheeled_robot) StdoutLine: {'line': b'-- Up-to-date: /home/greyflon/lab_2025/install/two_wheeled_robot/share/two_wheeled_robot/models/aws_robomaker_residential_CoffeeTable_01/model.sdf\n'}
[0.596780] (two_wheeled_robot) StdoutLine: {'line': b'-- Up-to-date: /home/greyflon/lab_2025/install/two_wheeled_robot/share/two_wheeled_robot/models/hangout_chair\n'}
[0.596855] (two_wheeled_robot) StdoutLine: {'line': b'-- Up-to-date: /home/greyflon/lab_2025/install/two_wheeled_robot/share/two_wheeled_robot/models/hangout_chair/model.config\n'}
[0.596924] (two_wheeled_robot) StdoutLine: {'line': b'-- Up-to-date: /home/greyflon/lab_2025/install/two_wheeled_robot/share/two_wheeled_robot/models/hangout_chair/meshes\n'}
[0.596993] (two_wheeled_robot) StdoutLine: {'line': b'-- Up-to-date: /home/greyflon/lab_2025/install/two_wheeled_robot/share/two_wheeled_robot/models/hangout_chair/meshes/hangout_chair.obj\n'}
[0.597064] (two_wheeled_robot) StdoutLine: {'line': b'-- Up-to-date: /home/greyflon/lab_2025/install/two_wheeled_robot/share/two_wheeled_robot/models/hangout_chair/meshes/hangout_chair.mtl\n'}
[0.597135] (two_wheeled_robot) StdoutLine: {'line': b'-- Up-to-date: /home/greyflon/lab_2025/install/two_wheeled_robot/share/two_wheeled_robot/models/hangout_chair/materials\n'}
[0.597205] (two_wheeled_robot) StdoutLine: {'line': b'-- Up-to-date: /home/greyflon/lab_2025/install/two_wheeled_robot/share/two_wheeled_robot/models/hangout_chair/materials/textures\n'}
[0.597275] (two_wheeled_robot) StdoutLine: {'line': b'-- Up-to-date: /home/greyflon/lab_2025/install/two_wheeled_robot/share/two_wheeled_robot/models/hangout_chair/materials/textures/hangout_chair.png\n'}
[0.597363] (two_wheeled_robot) StdoutLine: {'line': b'-- Up-to-date: /home/greyflon/lab_2025/install/two_wheeled_robot/share/two_wheeled_robot/models/hangout_chair/model.sdf\n'}
[0.597441] (two_wheeled_robot) StdoutLine: {'line': b'-- Up-to-date: /home/greyflon/lab_2025/install/two_wheeled_robot/share/two_wheeled_robot/models/conference_table_small\n'}
[0.597513] (two_wheeled_robot) StdoutLine: {'line': b'-- Up-to-date: /home/greyflon/lab_2025/install/two_wheeled_robot/share/two_wheeled_robot/models/conference_table_small/model.config\n'}
[0.597647] (two_wheeled_robot) StdoutLine: {'line': b'-- Up-to-date: /home/greyflon/lab_2025/install/two_wheeled_robot/share/two_wheeled_robot/models/conference_table_small/meshes\n'}
[0.597726] (two_wheeled_robot) StdoutLine: {'line': b'-- Up-to-date: /home/greyflon/lab_2025/install/two_wheeled_robot/share/two_wheeled_robot/models/conference_table_small/meshes/conference_table_small.mtl\n'}
[0.597798] (two_wheeled_robot) StdoutLine: {'line': b'-- Up-to-date: /home/greyflon/lab_2025/install/two_wheeled_robot/share/two_wheeled_robot/models/conference_table_small/meshes/conference_table_small.obj\n'}
[0.597868] (two_wheeled_robot) StdoutLine: {'line': b'-- Up-to-date: /home/greyflon/lab_2025/install/two_wheeled_robot/share/two_wheeled_robot/models/conference_table_small/materials\n'}
[0.598008] (two_wheeled_robot) StdoutLine: {'line': b'-- Up-to-date: /home/greyflon/lab_2025/install/two_wheeled_robot/share/two_wheeled_robot/models/conference_table_small/materials/textures\n'}
[0.598084] (two_wheeled_robot) StdoutLine: {'line': b'-- Up-to-date: /home/greyflon/lab_2025/install/two_wheeled_robot/share/two_wheeled_robot/models/conference_table_small/materials/textures/conference_table.png\n'}
[0.598155] (two_wheeled_robot) StdoutLine: {'line': b'-- Up-to-date: /home/greyflon/lab_2025/install/two_wheeled_robot/share/two_wheeled_robot/models/conference_table_small/model.sdf\n'}
[0.598226] (two_wheeled_robot) StdoutLine: {'line': b'-- Up-to-date: /home/greyflon/lab_2025/install/two_wheeled_robot/share/two_wheeled_robot/models/mini_fridge\n'}
[0.598296] (two_wheeled_robot) StdoutLine: {'line': b'-- Up-to-date: /home/greyflon/lab_2025/install/two_wheeled_robot/share/two_wheeled_robot/models/mini_fridge/model.config\n'}
[0.598365] (two_wheeled_robot) StdoutLine: {'line': b'-- Up-to-date: /home/greyflon/lab_2025/install/two_wheeled_robot/share/two_wheeled_robot/models/mini_fridge/meshes\n'}
[0.598487] (two_wheeled_robot) StdoutLine: {'line': b'-- Up-to-date: /home/greyflon/lab_2025/install/two_wheeled_robot/share/two_wheeled_robot/models/mini_fridge/meshes/mini_fridge.obj\n'}
[0.598582] (two_wheeled_robot) StdoutLine: {'line': b'-- Up-to-date: /home/greyflon/lab_2025/install/two_wheeled_robot/share/two_wheeled_robot/models/mini_fridge/meshes/mini_fridge.mtl\n'}
[0.598661] (two_wheeled_robot) StdoutLine: {'line': b'-- Up-to-date: /home/greyflon/lab_2025/install/two_wheeled_robot/share/two_wheeled_robot/models/mini_fridge/materials\n'}
[0.598732] (two_wheeled_robot) StdoutLine: {'line': b'-- Up-to-date: /home/greyflon/lab_2025/install/two_wheeled_robot/share/two_wheeled_robot/models/mini_fridge/materials/textures\n'}
[0.598802] (two_wheeled_robot) StdoutLine: {'line': b'-- Up-to-date: /home/greyflon/lab_2025/install/two_wheeled_robot/share/two_wheeled_robot/models/mini_fridge/materials/textures/mini_fridge.png\n'}
[0.598872] (two_wheeled_robot) StdoutLine: {'line': b'-- Up-to-date: /home/greyflon/lab_2025/install/two_wheeled_robot/share/two_wheeled_robot/models/mini_fridge/model.sdf\n'}
[0.598944] (two_wheeled_robot) StdoutLine: {'line': b'-- Up-to-date: /home/greyflon/lab_2025/install/two_wheeled_robot/share/two_wheeled_robot/models/aws_robomaker_warehouse_Lamp_01\n'}
[0.599016] (two_wheeled_robot) StdoutLine: {'line': b'-- Up-to-date: /home/greyflon/lab_2025/install/two_wheeled_robot/share/two_wheeled_robot/models/aws_robomaker_warehouse_Lamp_01/model.config\n'}
[0.599086] (two_wheeled_robot) StdoutLine: {'line': b'-- Up-to-date: /home/greyflon/lab_2025/install/two_wheeled_robot/share/two_wheeled_robot/models/aws_robomaker_warehouse_Lamp_01/meshes\n'}
[0.599165] (two_wheeled_robot) StdoutLine: {'line': b'-- Up-to-date: /home/greyflon/lab_2025/install/two_wheeled_robot/share/two_wheeled_robot/models/aws_robomaker_warehouse_Lamp_01/meshes/aws_robomaker_warehouse_Lamp_01_visual.DAE\n'}
[0.599236] (two_wheeled_robot) StdoutLine: {'line': b'-- Up-to-date: /home/greyflon/lab_2025/install/two_wheeled_robot/share/two_wheeled_robot/models/aws_robomaker_warehouse_Lamp_01/meshes/aws_robomaker_warehouse_Lamp_01_collision.DAE\n'}
[0.599308] (two_wheeled_robot) StdoutLine: {'line': b'-- Up-to-date: /home/greyflon/lab_2025/install/two_wheeled_robot/share/two_wheeled_robot/models/aws_robomaker_warehouse_Lamp_01/materials\n'}
[0.599377] (two_wheeled_robot) StdoutLine: {'line': b'-- Up-to-date: /home/greyflon/lab_2025/install/two_wheeled_robot/share/two_wheeled_robot/models/aws_robomaker_warehouse_Lamp_01/materials/textures\n'}
[0.599449] (two_wheeled_robot) StdoutLine: {'line': b'-- Up-to-date: /home/greyflon/lab_2025/install/two_wheeled_robot/share/two_wheeled_robot/models/aws_robomaker_warehouse_Lamp_01/materials/textures/aws_robomaker_warehouse_Lamp_01.png\n'}
[0.599521] (two_wheeled_robot) StdoutLine: {'line': b'-- Up-to-date: /home/greyflon/lab_2025/install/two_wheeled_robot/share/two_wheeled_robot/models/aws_robomaker_warehouse_Lamp_01/model.sdf\n'}
[0.599617] (two_wheeled_robot) StdoutLine: {'line': b'-- Up-to-date: /home/greyflon/lab_2025/install/two_wheeled_robot/share/two_wheeled_robot/models/box_target_green\n'}
[0.599690] (two_wheeled_robot) StdoutLine: {'line': b'-- Up-to-date: /home/greyflon/lab_2025/install/two_wheeled_robot/share/two_wheeled_robot/models/box_target_green/model.config\n'}
[0.599764] (two_wheeled_robot) StdoutLine: {'line': b'-- Up-to-date: /home/greyflon/lab_2025/install/two_wheeled_robot/share/two_wheeled_robot/models/box_target_green/meshes\n'}
[0.599834] (two_wheeled_robot) StdoutLine: {'line': b'-- Up-to-date: /home/greyflon/lab_2025/install/two_wheeled_robot/share/two_wheeled_robot/models/box_target_green/meshes/mesh.dae\n'}
[0.599903] (two_wheeled_robot) StdoutLine: {'line': b'-- Up-to-date: /home/greyflon/lab_2025/install/two_wheeled_robot/share/two_wheeled_robot/models/box_target_green/materials\n'}
[0.599975] (two_wheeled_robot) StdoutLine: {'line': b'-- Up-to-date: /home/greyflon/lab_2025/install/two_wheeled_robot/share/two_wheeled_robot/models/box_target_green/materials/textures\n'}
[0.600047] (two_wheeled_robot) StdoutLine: {'line': b'-- Up-to-date: /home/greyflon/lab_2025/install/two_wheeled_robot/share/two_wheeled_robot/models/box_target_green/materials/textures/start_pad.png\n'}
[0.600124] (two_wheeled_robot) StdoutLine: {'line': b'-- Up-to-date: /home/greyflon/lab_2025/install/two_wheeled_robot/share/two_wheeled_robot/models/box_target_green/model.sdf\n'}
[0.600196] (two_wheeled_robot) StdoutLine: {'line': b'-- Up-to-date: /home/greyflon/lab_2025/install/two_wheeled_robot/share/two_wheeled_robot/models/aws_robomaker_hospital_hospitalsign_01\n'}
[0.600276] (two_wheeled_robot) StdoutLine: {'line': b'-- Up-to-date: /home/greyflon/lab_2025/install/two_wheeled_robot/share/two_wheeled_robot/models/aws_robomaker_hospital_hospitalsign_01/model.config\n'}
[0.600350] (two_wheeled_robot) StdoutLine: {'line': b'-- Up-to-date: /home/greyflon/lab_2025/install/two_wheeled_robot/share/two_wheeled_robot/models/aws_robomaker_hospital_hospitalsign_01/meshes\n'}
[0.600421] (two_wheeled_robot) StdoutLine: {'line': b'-- Up-to-date: /home/greyflon/lab_2025/install/two_wheeled_robot/share/two_wheeled_robot/models/aws_robomaker_hospital_hospitalsign_01/meshes/aws_robomaker_hospital_hospitalsign_01_visual.dae\n'}
[0.600492] (two_wheeled_robot) StdoutLine: {'line': b'-- Up-to-date: /home/greyflon/lab_2025/install/two_wheeled_robot/share/two_wheeled_robot/models/aws_robomaker_hospital_hospitalsign_01/meshes/aws_robomaker_hospital_hospitalsign_01_normal.png\n'}
[0.600583] (two_wheeled_robot) StdoutLine: {'line': b'-- Up-to-date: /home/greyflon/lab_2025/install/two_wheeled_robot/share/two_wheeled_robot/models/aws_robomaker_hospital_hospitalsign_01/meshes/aws_robomaker_hospital_hospitalsign_01.png\n'}
[0.600666] (-) TimerEvent: {}
[0.600769] (two_wheeled_robot) StdoutLine: {'line': b'-- Up-to-date: /home/greyflon/lab_2025/install/two_wheeled_robot/share/two_wheeled_robot/models/aws_robomaker_hospital_hospitalsign_01/meshes/aws_robomaker_hospital_hospitalsign_01_collision.dae\n'}
[0.600910] (two_wheeled_robot) StdoutLine: {'line': b'-- Up-to-date: /home/greyflon/lab_2025/install/two_wheeled_robot/share/two_wheeled_robot/models/aws_robomaker_hospital_hospitalsign_01/model.sdf\n'}
[0.600986] (two_wheeled_robot) StdoutLine: {'line': b'-- Up-to-date: /home/greyflon/lab_2025/install/two_wheeled_robot/share/two_wheeled_robot/models/aws_robomaker_residential_ReadingDesk_01\n'}
[0.601057] (two_wheeled_robot) StdoutLine: {'line': b'-- Up-to-date: /home/greyflon/lab_2025/install/two_wheeled_robot/share/two_wheeled_robot/models/aws_robomaker_residential_ReadingDesk_01/model.config\n'}
[0.601126] (two_wheeled_robot) StdoutLine: {'line': b'-- Up-to-date: /home/greyflon/lab_2025/install/two_wheeled_robot/share/two_wheeled_robot/models/aws_robomaker_residential_ReadingDesk_01/meshes\n'}
[0.601197] (two_wheeled_robot) StdoutLine: {'line': b'-- Up-to-date: /home/greyflon/lab_2025/install/two_wheeled_robot/share/two_wheeled_robot/models/aws_robomaker_residential_ReadingDesk_01/meshes/aws_ReadingDesk_01_collision.DAE\n'}
[0.601270] (two_wheeled_robot) StdoutLine: {'line': b'-- Up-to-date: /home/greyflon/lab_2025/install/two_wheeled_robot/share/two_wheeled_robot/models/aws_robomaker_residential_ReadingDesk_01/meshes/aws_ReadingDesk_01_visual.DAE\n'}
[0.601341] (two_wheeled_robot) StdoutLine: {'line': b'-- Up-to-date: /home/greyflon/lab_2025/install/two_wheeled_robot/share/two_wheeled_robot/models/aws_robomaker_residential_ReadingDesk_01/materials\n'}
[0.601411] (two_wheeled_robot) StdoutLine: {'line': b'-- Up-to-date: /home/greyflon/lab_2025/install/two_wheeled_robot/share/two_wheeled_robot/models/aws_robomaker_residential_ReadingDesk_01/materials/textures\n'}
[0.601482] (two_wheeled_robot) StdoutLine: {'line': b'-- Up-to-date: /home/greyflon/lab_2025/install/two_wheeled_robot/share/two_wheeled_robot/models/aws_robomaker_residential_ReadingDesk_01/materials/textures/aws_ReadingDesk_01.png\n'}
[0.601573] (two_wheeled_robot) StdoutLine: {'line': b'-- Up-to-date: /home/greyflon/lab_2025/install/two_wheeled_robot/share/two_wheeled_robot/models/aws_robomaker_residential_ReadingDesk_01/model.sdf\n'}
[0.601656] (two_wheeled_robot) StdoutLine: {'line': b'-- Up-to-date: /home/greyflon/lab_2025/install/two_wheeled_robot/share/two_wheeled_robot/models/office_box\n'}
[0.601726] (two_wheeled_robot) StdoutLine: {'line': b'-- Up-to-date: /home/greyflon/lab_2025/install/two_wheeled_robot/share/two_wheeled_robot/models/office_box/model.config\n'}
[0.601797] (two_wheeled_robot) StdoutLine: {'line': b'-- Up-to-date: /home/greyflon/lab_2025/install/two_wheeled_robot/share/two_wheeled_robot/models/office_box/meshes\n'}
[0.601867] (two_wheeled_robot) StdoutLine: {'line': b'-- Up-to-date: /home/greyflon/lab_2025/install/two_wheeled_robot/share/two_wheeled_robot/models/office_box/meshes/office_box.dae\n'}
[0.601937] (two_wheeled_robot) StdoutLine: {'line': b'-- Up-to-date: /home/greyflon/lab_2025/install/two_wheeled_robot/share/two_wheeled_robot/models/office_box/materials\n'}
[0.602009] (two_wheeled_robot) StdoutLine: {'line': b'-- Up-to-date: /home/greyflon/lab_2025/install/two_wheeled_robot/share/two_wheeled_robot/models/office_box/materials/textures\n'}
[0.602078] (two_wheeled_robot) StdoutLine: {'line': b'-- Up-to-date: /home/greyflon/lab_2025/install/two_wheeled_robot/share/two_wheeled_robot/models/office_box/materials/textures/office_box.png\n'}
[0.602149] (two_wheeled_robot) StdoutLine: {'line': b'-- Up-to-date: /home/greyflon/lab_2025/install/two_wheeled_robot/share/two_wheeled_robot/models/office_box/model.sdf\n'}
[0.602227] (two_wheeled_robot) StdoutLine: {'line': b'-- Up-to-date: /home/greyflon/lab_2025/install/two_wheeled_robot/share/two_wheeled_robot/models/person_standing\n'}
[0.602303] (two_wheeled_robot) StdoutLine: {'line': b'-- Up-to-date: /home/greyflon/lab_2025/install/two_wheeled_robot/share/two_wheeled_robot/models/person_standing/model.config\n'}
[0.602376] (two_wheeled_robot) StdoutLine: {'line': b'-- Up-to-date: /home/greyflon/lab_2025/install/two_wheeled_robot/share/two_wheeled_robot/models/person_standing/meshes\n'}
[0.602445] (two_wheeled_robot) StdoutLine: {'line': b'-- Up-to-date: /home/greyflon/lab_2025/install/two_wheeled_robot/share/two_wheeled_robot/models/person_standing/meshes/standing.dae\n'}
[0.602599] (two_wheeled_robot) StdoutLine: {'line': b'-- Up-to-date: /home/greyflon/lab_2025/install/two_wheeled_robot/share/two_wheeled_robot/models/person_standing/materials\n'}
[0.602680] (two_wheeled_robot) StdoutLine: {'line': b'-- Up-to-date: /home/greyflon/lab_2025/install/two_wheeled_robot/share/two_wheeled_robot/models/person_standing/materials/textures\n'}
[0.602752] (two_wheeled_robot) StdoutLine: {'line': b'-- Up-to-date: /home/greyflon/lab_2025/install/two_wheeled_robot/share/two_wheeled_robot/models/person_standing/materials/textures/eyebrow001-unmodified.png\n'}
[0.602826] (two_wheeled_robot) StdoutLine: {'line': b'-- Up-to-date: /home/greyflon/lab_2025/install/two_wheeled_robot/share/two_wheeled_robot/models/person_standing/materials/textures/male02_diffuse_black-unmodified.png\n'}
[0.602898] (two_wheeled_robot) StdoutLine: {'line': b'-- Up-to-date: /home/greyflon/lab_2025/install/two_wheeled_robot/share/two_wheeled_robot/models/person_standing/materials/textures/green_eye.png\n'}
[0.602968] (two_wheeled_robot) StdoutLine: {'line': b'-- Up-to-date: /home/greyflon/lab_2025/install/two_wheeled_robot/share/two_wheeled_robot/models/person_standing/materials/textures/jeans_basic_diffuse.png\n'}
[0.603038] (two_wheeled_robot) StdoutLine: {'line': b'-- Up-to-date: /home/greyflon/lab_2025/install/two_wheeled_robot/share/two_wheeled_robot/models/person_standing/materials/textures/eyebrow001.png\n'}
[0.603109] (two_wheeled_robot) StdoutLine: {'line': b'-- Up-to-date: /home/greyflon/lab_2025/install/two_wheeled_robot/share/two_wheeled_robot/models/person_standing/materials/textures/tshirt02_normals.png\n'}
[0.603179] (two_wheeled_robot) StdoutLine: {'line': b'-- Up-to-date: /home/greyflon/lab_2025/install/two_wheeled_robot/share/two_wheeled_robot/models/person_standing/materials/textures/jeans01_normals.png\n'}
[0.603252] (two_wheeled_robot) StdoutLine: {'line': b'-- Up-to-date: /home/greyflon/lab_2025/install/two_wheeled_robot/share/two_wheeled_robot/models/person_standing/materials/textures/male02_diffuse_black.png\n'}
[0.603323] (two_wheeled_robot) StdoutLine: {'line': b'-- Up-to-date: /home/greyflon/lab_2025/install/two_wheeled_robot/share/two_wheeled_robot/models/person_standing/materials/textures/young_lightskinned_male_diffuse.png\n'}
[0.603392] (two_wheeled_robot) StdoutLine: {'line': b'-- Up-to-date: /home/greyflon/lab_2025/install/two_wheeled_robot/share/two_wheeled_robot/models/person_standing/materials/textures/teeth.png\n'}
[0.603462] (two_wheeled_robot) StdoutLine: {'line': b'-- Up-to-date: /home/greyflon/lab_2025/install/two_wheeled_robot/share/two_wheeled_robot/models/person_standing/materials/textures/tshirt02_texture.png\n'}
[0.603532] (two_wheeled_robot) StdoutLine: {'line': b'-- Up-to-date: /home/greyflon/lab_2025/install/two_wheeled_robot/share/two_wheeled_robot/models/person_standing/model.sdf\n'}
[0.603627] (two_wheeled_robot) StdoutLine: {'line': b'-- Up-to-date: /home/greyflon/lab_2025/install/two_wheeled_robot/share/two_wheeled_robot/models/marker11\n'}
[0.603701] (two_wheeled_robot) StdoutLine: {'line': b'-- Up-to-date: /home/greyflon/lab_2025/install/two_wheeled_robot/share/two_wheeled_robot/models/marker11/model.config~.xml\n'}
[0.603771] (two_wheeled_robot) StdoutLine: {'line': b'-- Up-to-date: /home/greyflon/lab_2025/install/two_wheeled_robot/share/two_wheeled_robot/models/marker11/model.sdf~\n'}
[0.603843] (two_wheeled_robot) StdoutLine: {'line': b'-- Up-to-date: /home/greyflon/lab_2025/install/two_wheeled_robot/share/two_wheeled_robot/models/marker11/model-1_4.sdf\n'}
[0.603920] (two_wheeled_robot) StdoutLine: {'line': b'-- Up-to-date: /home/greyflon/lab_2025/install/two_wheeled_robot/share/two_wheeled_robot/models/marker11/model.config\n'}
[0.603989] (two_wheeled_robot) StdoutLine: {'line': b'-- Up-to-date: /home/greyflon/lab_2025/install/two_wheeled_robot/share/two_wheeled_robot/models/marker11/meshes\n'}
[0.604058] (two_wheeled_robot) StdoutLine: {'line': b'-- Up-to-date: /home/greyflon/lab_2025/install/two_wheeled_robot/share/two_wheeled_robot/models/marker11/meshes/Marker0.dae\n'}
[0.604128] (two_wheeled_robot) StdoutLine: {'line': b'-- Up-to-date: /home/greyflon/lab_2025/install/two_wheeled_robot/share/two_wheeled_robot/models/marker11/materials\n'}
[0.604198] (two_wheeled_robot) StdoutLine: {'line': b'-- Up-to-date: /home/greyflon/lab_2025/install/two_wheeled_robot/share/two_wheeled_robot/models/marker11/materials/textures\n'}
[0.604268] (two_wheeled_robot) StdoutLine: {'line': b'-- Up-to-date: /home/greyflon/lab_2025/install/two_wheeled_robot/share/two_wheeled_robot/models/marker11/materials/textures/BKP_Marker0.png\n'}
[0.604337] (two_wheeled_robot) StdoutLine: {'line': b'-- Up-to-date: /home/greyflon/lab_2025/install/two_wheeled_robot/share/two_wheeled_robot/models/marker11/materials/textures/Marker0.png\n'}
[0.604413] (two_wheeled_robot) StdoutLine: {'line': b'-- Up-to-date: /home/greyflon/lab_2025/install/two_wheeled_robot/share/two_wheeled_robot/models/marker11/model.sdf\n'}
[0.604484] (two_wheeled_robot) StdoutLine: {'line': b'-- Up-to-date: /home/greyflon/lab_2025/install/two_wheeled_robot/share/two_wheeled_robot/models/marker11/model-1_5.sdf~\n'}
[0.604575] (two_wheeled_robot) StdoutLine: {'line': b'-- Up-to-date: /home/greyflon/lab_2025/install/two_wheeled_robot/share/two_wheeled_robot/models/marker11/model-1_5.sdf\n'}
[0.604657] (two_wheeled_robot) StdoutLine: {'line': b'-- Up-to-date: /home/greyflon/lab_2025/install/two_wheeled_robot/share/two_wheeled_robot/models/marker11/model-1_4.sdf~\n'}
[0.604728] (two_wheeled_robot) StdoutLine: {'line': b'-- Up-to-date: /home/greyflon/lab_2025/install/two_wheeled_robot/share/two_wheeled_robot/models/yellow_target\n'}
[0.604805] (two_wheeled_robot) StdoutLine: {'line': b'-- Up-to-date: /home/greyflon/lab_2025/install/two_wheeled_robot/share/two_wheeled_robot/models/yellow_target/model.config\n'}
[0.604954] (two_wheeled_robot) StdoutLine: {'line': b'-- Up-to-date: /home/greyflon/lab_2025/install/two_wheeled_robot/share/two_wheeled_robot/models/yellow_target/meshes\n'}
[0.605029] (two_wheeled_robot) StdoutLine: {'line': b'-- Up-to-date: /home/greyflon/lab_2025/install/two_wheeled_robot/share/two_wheeled_robot/models/yellow_target/meshes/yellow_target.dae\n'}
[0.605099] (two_wheeled_robot) StdoutLine: {'line': b'-- Up-to-date: /home/greyflon/lab_2025/install/two_wheeled_robot/share/two_wheeled_robot/models/yellow_target/model.sdf\n'}
[0.605167] (two_wheeled_robot) StdoutLine: {'line': b'-- Up-to-date: /home/greyflon/lab_2025/install/two_wheeled_robot/share/two_wheeled_robot/models/coffee_maker\n'}
[0.605237] (two_wheeled_robot) StdoutLine: {'line': b'-- Up-to-date: /home/greyflon/lab_2025/install/two_wheeled_robot/share/two_wheeled_robot/models/coffee_maker/model.config\n'}
[0.605308] (two_wheeled_robot) StdoutLine: {'line': b'-- Up-to-date: /home/greyflon/lab_2025/install/two_wheeled_robot/share/two_wheeled_robot/models/coffee_maker/meshes\n'}
[0.605381] (two_wheeled_robot) StdoutLine: {'line': b'-- Up-to-date: /home/greyflon/lab_2025/install/two_wheeled_robot/share/two_wheeled_robot/models/coffee_maker/meshes/coffee_maker.mtl\n'}
[0.605451] (two_wheeled_robot) StdoutLine: {'line': b'-- Up-to-date: /home/greyflon/lab_2025/install/two_wheeled_robot/share/two_wheeled_robot/models/coffee_maker/meshes/coffee_maker.obj\n'}
[0.605521] (two_wheeled_robot) StdoutLine: {'line': b'-- Up-to-date: /home/greyflon/lab_2025/install/two_wheeled_robot/share/two_wheeled_robot/models/coffee_maker/materials\n'}
[0.605617] (two_wheeled_robot) StdoutLine: {'line': b'-- Up-to-date: /home/greyflon/lab_2025/install/two_wheeled_robot/share/two_wheeled_robot/models/coffee_maker/materials/textures\n'}
[0.605699] (two_wheeled_robot) StdoutLine: {'line': b'-- Up-to-date: /home/greyflon/lab_2025/install/two_wheeled_robot/share/two_wheeled_robot/models/coffee_maker/materials/textures/coffee_maker.png\n'}
[0.605769] (two_wheeled_robot) StdoutLine: {'line': b'-- Up-to-date: /home/greyflon/lab_2025/install/two_wheeled_robot/share/two_wheeled_robot/models/coffee_maker/model.sdf\n'}
[0.605837] (two_wheeled_robot) StdoutLine: {'line': b'-- Up-to-date: /home/greyflon/lab_2025/install/two_wheeled_robot/share/two_wheeled_robot/models/two_wheeled_robot_description\n'}
[0.605908] (two_wheeled_robot) StdoutLine: {'line': b'-- Up-to-date: /home/greyflon/lab_2025/install/two_wheeled_robot/share/two_wheeled_robot/models/two_wheeled_robot_description/model.config\n'}
[0.605980] (two_wheeled_robot) StdoutLine: {'line': b'-- Up-to-date: /home/greyflon/lab_2025/install/two_wheeled_robot/share/two_wheeled_robot/models/two_wheeled_robot_description/meshes\n'}
[0.606050] (two_wheeled_robot) StdoutLine: {'line': b'-- Up-to-date: /home/greyflon/lab_2025/install/two_wheeled_robot/share/two_wheeled_robot/models/two_wheeled_robot_description/meshes/elbow.stl\n'}
[0.606124] (two_wheeled_robot) StdoutLine: {'line': b'-- Up-to-date: /home/greyflon/lab_2025/install/two_wheeled_robot/share/two_wheeled_robot/models/two_wheeled_robot_description/meshes/bicep.stl\n'}
[0.606195] (two_wheeled_robot) StdoutLine: {'line': b'-- Up-to-date: /home/greyflon/lab_2025/install/two_wheeled_robot/share/two_wheeled_robot/models/two_wheeled_robot_description/meshes/robot_base.stl\n'}
[0.606282] (two_wheeled_robot) StdoutLine: {'line': b'-- Up-to-date: /home/greyflon/lab_2025/install/two_wheeled_robot/share/two_wheeled_robot/models/two_wheeled_robot_description/meshes/wrist.stl\n'}
[0.606366] (two_wheeled_robot) StdoutLine: {'line': b'-- Up-to-date: /home/greyflon/lab_2025/install/two_wheeled_robot/share/two_wheeled_robot/models/two_wheeled_robot_description/meshes/wheel.stl\n'}
[0.606458] (two_wheeled_robot) StdoutLine: {'line': b'-- Up-to-date: /home/greyflon/lab_2025/install/two_wheeled_robot/share/two_wheeled_robot/models/two_wheeled_robot_description/meshes/arm_base.stl\n'}
[0.606530] (two_wheeled_robot) StdoutLine: {'line': b'-- Up-to-date: /home/greyflon/lab_2025/install/two_wheeled_robot/share/two_wheeled_robot/models/two_wheeled_robot_description/model.sdf\n'}
[0.606625] (two_wheeled_robot) StdoutLine: {'line': b'-- Up-to-date: /home/greyflon/lab_2025/install/two_wheeled_robot/share/two_wheeled_robot/models/grey_wall\n'}
[0.606698] (two_wheeled_robot) StdoutLine: {'line': b'-- Up-to-date: /home/greyflon/lab_2025/install/two_wheeled_robot/share/two_wheeled_robot/models/grey_wall/model-1_4.sdf\n'}
[0.606775] (two_wheeled_robot) StdoutLine: {'line': b'-- Up-to-date: /home/greyflon/lab_2025/install/two_wheeled_robot/share/two_wheeled_robot/models/grey_wall/model.config\n'}
[0.606845] (two_wheeled_robot) StdoutLine: {'line': b'-- Up-to-date: /home/greyflon/lab_2025/install/two_wheeled_robot/share/two_wheeled_robot/models/grey_wall/materials\n'}
[0.606914] (two_wheeled_robot) StdoutLine: {'line': b'-- Up-to-date: /home/greyflon/lab_2025/install/two_wheeled_robot/share/two_wheeled_robot/models/grey_wall/materials/scripts\n'}
[0.606982] (two_wheeled_robot) StdoutLine: {'line': b'-- Up-to-date: /home/greyflon/lab_2025/install/two_wheeled_robot/share/two_wheeled_robot/models/grey_wall/materials/scripts/grey_wall.material\n'}
[0.607052] (two_wheeled_robot) StdoutLine: {'line': b'-- Up-to-date: /home/greyflon/lab_2025/install/two_wheeled_robot/share/two_wheeled_robot/models/grey_wall/materials/textures\n'}
[0.607122] (two_wheeled_robot) StdoutLine: {'line': b'-- Up-to-date: /home/greyflon/lab_2025/install/two_wheeled_robot/share/two_wheeled_robot/models/grey_wall/materials/textures/grey_wall.png\n'}
[0.607193] (two_wheeled_robot) StdoutLine: {'line': b'-- Up-to-date: /home/greyflon/lab_2025/install/two_wheeled_robot/share/two_wheeled_robot/models/grey_wall/model.sdf\n'}
[0.607269] (two_wheeled_robot) StdoutLine: {'line': b'-- Up-to-date: /home/greyflon/lab_2025/install/two_wheeled_robot/share/two_wheeled_robot/models/grey_wall/model-1_3.sdf\n'}
[0.607367] (two_wheeled_robot) StdoutLine: {'line': b'-- Up-to-date: /home/greyflon/lab_2025/install/two_wheeled_robot/share/two_wheeled_robot/models/iris_with_standoffs_demo\n'}
[0.607438] (two_wheeled_robot) StdoutLine: {'line': b'-- Up-to-date: /home/greyflon/lab_2025/install/two_wheeled_robot/share/two_wheeled_robot/models/iris_with_standoffs_demo/model.config\n'}
[0.607508] (two_wheeled_robot) StdoutLine: {'line': b'-- Up-to-date: /home/greyflon/lab_2025/install/two_wheeled_robot/share/two_wheeled_robot/models/iris_with_standoffs_demo/model.sdf\n'}
[0.607652] (two_wheeled_robot) StdoutLine: {'line': b'-- Up-to-date: /home/greyflon/lab_2025/install/two_wheeled_robot/share/two_wheeled_robot/models/office_table\n'}
[0.607729] (two_wheeled_robot) StdoutLine: {'line': b'-- Up-to-date: /home/greyflon/lab_2025/install/two_wheeled_robot/share/two_wheeled_robot/models/office_table/model.config\n'}
[0.607799] (two_wheeled_robot) StdoutLine: {'line': b'-- Up-to-date: /home/greyflon/lab_2025/install/two_wheeled_robot/share/two_wheeled_robot/models/office_table/meshes\n'}
[0.607869] (two_wheeled_robot) StdoutLine: {'line': b'-- Up-to-date: /home/greyflon/lab_2025/install/two_wheeled_robot/share/two_wheeled_robot/models/office_table/meshes/office_table.dae\n'}
[0.607940] (two_wheeled_robot) StdoutLine: {'line': b'-- Up-to-date: /home/greyflon/lab_2025/install/two_wheeled_robot/share/two_wheeled_robot/models/office_table/materials\n'}
[0.608010] (two_wheeled_robot) StdoutLine: {'line': b'-- Up-to-date: /home/greyflon/lab_2025/install/two_wheeled_robot/share/two_wheeled_robot/models/office_table/materials/textures\n'}
[0.608080] (two_wheeled_robot) StdoutLine: {'line': b'-- Up-to-date: /home/greyflon/lab_2025/install/two_wheeled_robot/share/two_wheeled_robot/models/office_table/materials/textures/office_table_diffuse.png\n'}
[0.608150] (two_wheeled_robot) StdoutLine: {'line': b'-- Up-to-date: /home/greyflon/lab_2025/install/two_wheeled_robot/share/two_wheeled_robot/models/office_table/materials/textures/office_table_specular.png\n'}
[0.608223] (two_wheeled_robot) StdoutLine: {'line': b'-- Up-to-date: /home/greyflon/lab_2025/install/two_wheeled_robot/share/two_wheeled_robot/models/office_table/model.sdf\n'}
[0.608294] (two_wheeled_robot) StdoutLine: {'line': b'-- Up-to-date: /home/greyflon/lab_2025/install/two_wheeled_robot/share/two_wheeled_robot/models/aws_robomaker_warehouse_ShelfE_01\n'}
[0.608363] (two_wheeled_robot) StdoutLine: {'line': b'-- Up-to-date: /home/greyflon/lab_2025/install/two_wheeled_robot/share/two_wheeled_robot/models/aws_robomaker_warehouse_ShelfE_01/model.config\n'}
[0.608434] (two_wheeled_robot) StdoutLine: {'line': b'-- Up-to-date: /home/greyflon/lab_2025/install/two_wheeled_robot/share/two_wheeled_robot/models/aws_robomaker_warehouse_ShelfE_01/meshes\n'}
[0.608503] (two_wheeled_robot) StdoutLine: {'line': b'-- Up-to-date: /home/greyflon/lab_2025/install/two_wheeled_robot/share/two_wheeled_robot/models/aws_robomaker_warehouse_ShelfE_01/meshes/aws_robomaker_warehouse_ShelfE_01_visual.DAE\n'}
[0.608597] (two_wheeled_robot) StdoutLine: {'line': b'-- Up-to-date: /home/greyflon/lab_2025/install/two_wheeled_robot/share/two_wheeled_robot/models/aws_robomaker_warehouse_ShelfE_01/meshes/aws_robomaker_warehouse_ShelfE_01_collision.DAE\n'}
[0.608692] (two_wheeled_robot) StdoutLine: {'line': b'-- Up-to-date: /home/greyflon/lab_2025/install/two_wheeled_robot/share/two_wheeled_robot/models/aws_robomaker_warehouse_ShelfE_01/materials\n'}
[0.608767] (two_wheeled_robot) StdoutLine: {'line': b'-- Up-to-date: /home/greyflon/lab_2025/install/two_wheeled_robot/share/two_wheeled_robot/models/aws_robomaker_warehouse_ShelfE_01/materials/textures\n'}
[0.608838] (two_wheeled_robot) StdoutLine: {'line': b'-- Up-to-date: /home/greyflon/lab_2025/install/two_wheeled_robot/share/two_wheeled_robot/models/aws_robomaker_warehouse_ShelfE_01/materials/textures/aws_robomaker_warehouse_ShelfE_04.png\n'}
[0.608922] (two_wheeled_robot) StdoutLine: {'line': b'-- Up-to-date: /home/greyflon/lab_2025/install/two_wheeled_robot/share/two_wheeled_robot/models/aws_robomaker_warehouse_ShelfE_01/materials/textures/aws_robomaker_warehouse_ShelfE_01.png\n'}
[0.608996] (two_wheeled_robot) StdoutLine: {'line': b'-- Up-to-date: /home/greyflon/lab_2025/install/two_wheeled_robot/share/two_wheeled_robot/models/aws_robomaker_warehouse_ShelfE_01/materials/textures/aws_robomaker_warehouse_ShelfE_02.png\n'}
[0.609066] (two_wheeled_robot) StdoutLine: {'line': b'-- Up-to-date: /home/greyflon/lab_2025/install/two_wheeled_robot/share/two_wheeled_robot/models/aws_robomaker_warehouse_ShelfE_01/materials/textures/aws_robomaker_warehouse_ShelfE_03.png\n'}
[0.609138] (two_wheeled_robot) StdoutLine: {'line': b'-- Up-to-date: /home/greyflon/lab_2025/install/two_wheeled_robot/share/two_wheeled_robot/models/aws_robomaker_warehouse_ShelfE_01/model.sdf\n'}
[0.609210] (two_wheeled_robot) StdoutLine: {'line': b'-- Up-to-date: /home/greyflon/lab_2025/install/two_wheeled_robot/share/two_wheeled_robot/models/aws_robomaker_residential_ShoeRack_01\n'}
[0.609281] (two_wheeled_robot) StdoutLine: {'line': b'-- Up-to-date: /home/greyflon/lab_2025/install/two_wheeled_robot/share/two_wheeled_robot/models/aws_robomaker_residential_ShoeRack_01/model.config\n'}
[0.609351] (two_wheeled_robot) StdoutLine: {'line': b'-- Up-to-date: /home/greyflon/lab_2025/install/two_wheeled_robot/share/two_wheeled_robot/models/aws_robomaker_residential_ShoeRack_01/meshes\n'}
[0.609423] (two_wheeled_robot) StdoutLine: {'line': b'-- Up-to-date: /home/greyflon/lab_2025/install/two_wheeled_robot/share/two_wheeled_robot/models/aws_robomaker_residential_ShoeRack_01/meshes/aws_ShoeRack_01_visual.DAE\n'}
[0.609525] (two_wheeled_robot) StdoutLine: {'line': b'-- Up-to-date: /home/greyflon/lab_2025/install/two_wheeled_robot/share/two_wheeled_robot/models/aws_robomaker_residential_ShoeRack_01/meshes/aws_ShoeRack_01_collision.DAE\n'}
[0.609625] (two_wheeled_robot) StdoutLine: {'line': b'-- Up-to-date: /home/greyflon/lab_2025/install/two_wheeled_robot/share/two_wheeled_robot/models/aws_robomaker_residential_ShoeRack_01/materials\n'}
[0.609701] (two_wheeled_robot) StdoutLine: {'line': b'-- Up-to-date: /home/greyflon/lab_2025/install/two_wheeled_robot/share/two_wheeled_robot/models/aws_robomaker_residential_ShoeRack_01/materials/textures\n'}
[0.609772] (two_wheeled_robot) StdoutLine: {'line': b'-- Up-to-date: /home/greyflon/lab_2025/install/two_wheeled_robot/share/two_wheeled_robot/models/aws_robomaker_residential_ShoeRack_01/materials/textures/aws_ShoeRack_01.png\n'}
[0.609841] (two_wheeled_robot) StdoutLine: {'line': b'-- Up-to-date: /home/greyflon/lab_2025/install/two_wheeled_robot/share/two_wheeled_robot/models/aws_robomaker_residential_ShoeRack_01/model.sdf\n'}
[0.609915] (two_wheeled_robot) StdoutLine: {'line': b'-- Up-to-date: /home/greyflon/lab_2025/install/two_wheeled_robot/share/two_wheeled_robot/models/aws_robomaker_residential_HouseWallB_01\n'}
[0.609985] (two_wheeled_robot) StdoutLine: {'line': b'-- Up-to-date: /home/greyflon/lab_2025/install/two_wheeled_robot/share/two_wheeled_robot/models/aws_robomaker_residential_HouseWallB_01/model.config\n'}
[0.610055] (two_wheeled_robot) StdoutLine: {'line': b'-- Up-to-date: /home/greyflon/lab_2025/install/two_wheeled_robot/share/two_wheeled_robot/models/aws_robomaker_residential_HouseWallB_01/meshes\n'}
[0.610127] (two_wheeled_robot) StdoutLine: {'line': b'-- Up-to-date: /home/greyflon/lab_2025/install/two_wheeled_robot/share/two_wheeled_robot/models/aws_robomaker_residential_HouseWallB_01/meshes/aws_HouseWallB_01_collision.DAE\n'}
[0.610198] (two_wheeled_robot) StdoutLine: {'line': b'-- Up-to-date: /home/greyflon/lab_2025/install/two_wheeled_robot/share/two_wheeled_robot/models/aws_robomaker_residential_HouseWallB_01/meshes/aws_HouseWallB_01_visual.DAE\n'}
[0.610269] (two_wheeled_robot) StdoutLine: {'line': b'-- Up-to-date: /home/greyflon/lab_2025/install/two_wheeled_robot/share/two_wheeled_robot/models/aws_robomaker_residential_HouseWallB_01/materials\n'}
[0.610347] (two_wheeled_robot) StdoutLine: {'line': b'-- Up-to-date: /home/greyflon/lab_2025/install/two_wheeled_robot/share/two_wheeled_robot/models/aws_robomaker_residential_HouseWallB_01/materials/textures\n'}
[0.610420] (two_wheeled_robot) StdoutLine: {'line': b'-- Up-to-date: /home/greyflon/lab_2025/install/two_wheeled_robot/share/two_wheeled_robot/models/aws_robomaker_residential_HouseWallB_01/materials/textures/aws_HouseWallB_01.png\n'}
[0.610492] (two_wheeled_robot) StdoutLine: {'line': b'-- Up-to-date: /home/greyflon/lab_2025/install/two_wheeled_robot/share/two_wheeled_robot/models/aws_robomaker_residential_HouseWallB_01/model.sdf\n'}
[0.610578] (two_wheeled_robot) StdoutLine: {'line': b'-- Up-to-date: /home/greyflon/lab_2025/install/two_wheeled_robot/share/two_wheeled_robot/models/ElderMalePatient\n'}
[0.610657] (two_wheeled_robot) StdoutLine: {'line': b'-- Up-to-date: /home/greyflon/lab_2025/install/two_wheeled_robot/share/two_wheeled_robot/models/ElderMalePatient/model.config\n'}
[0.610727] (two_wheeled_robot) StdoutLine: {'line': b'-- Up-to-date: /home/greyflon/lab_2025/install/two_wheeled_robot/share/two_wheeled_robot/models/ElderMalePatient/meshes\n'}
[0.610796] (two_wheeled_robot) StdoutLine: {'line': b'-- Up-to-date: /home/greyflon/lab_2025/install/two_wheeled_robot/share/two_wheeled_robot/models/ElderMalePatient/meshes/Carts_Wheels_Diffuse.png\n'}
[0.610872] (two_wheeled_robot) StdoutLine: {'line': b'-- Up-to-date: /home/greyflon/lab_2025/install/two_wheeled_robot/share/two_wheeled_robot/models/ElderMalePatient/meshes/ElderMalePatient.obj\n'}
[0.610970] (two_wheeled_robot) StdoutLine: {'line': b'-- Up-to-date: /home/greyflon/lab_2025/install/two_wheeled_robot/share/two_wheeled_robot/models/ElderMalePatient/meshes/ElderMale_color1.jpg\n'}
[0.611064] (two_wheeled_robot) StdoutLine: {'line': b'-- Up-to-date: /home/greyflon/lab_2025/install/two_wheeled_robot/share/two_wheeled_robot/models/ElderMalePatient/meshes/ElderMalePatient.mtl\n'}
[0.611150] (two_wheeled_robot) StdoutLine: {'line': b'-- Up-to-date: /home/greyflon/lab_2025/install/two_wheeled_robot/share/two_wheeled_robot/models/ElderMalePatient/meshes/towel1.jpg\n'}
[0.611236] (two_wheeled_robot) StdoutLine: {'line': b'-- Up-to-date: /home/greyflon/lab_2025/install/two_wheeled_robot/share/two_wheeled_robot/models/ElderMalePatient/meshes/CGMVanguard_Diffuse.png\n'}
[0.611326] (two_wheeled_robot) StdoutLine: {'line': b'-- Up-to-date: /home/greyflon/lab_2025/install/two_wheeled_robot/share/two_wheeled_robot/models/ElderMalePatient/thumbnails\n'}
[0.611401] (two_wheeled_robot) StdoutLine: {'line': b'-- Up-to-date: /home/greyflon/lab_2025/install/two_wheeled_robot/share/two_wheeled_robot/models/ElderMalePatient/thumbnails/5.png\n'}
[0.611475] (two_wheeled_robot) StdoutLine: {'line': b'-- Up-to-date: /home/greyflon/lab_2025/install/two_wheeled_robot/share/two_wheeled_robot/models/ElderMalePatient/thumbnails/1.png\n'}
[0.611561] (two_wheeled_robot) StdoutLine: {'line': b'-- Up-to-date: /home/greyflon/lab_2025/install/two_wheeled_robot/share/two_wheeled_robot/models/ElderMalePatient/thumbnails/2.png\n'}
[0.611646] (two_wheeled_robot) StdoutLine: {'line': b'-- Up-to-date: /home/greyflon/lab_2025/install/two_wheeled_robot/share/two_wheeled_robot/models/ElderMalePatient/thumbnails/4.png\n'}
[0.611783] (two_wheeled_robot) StdoutLine: {'line': b'-- Up-to-date: /home/greyflon/lab_2025/install/two_wheeled_robot/share/two_wheeled_robot/models/ElderMalePatient/thumbnails/3.png\n'}
[0.611857] (two_wheeled_robot) StdoutLine: {'line': b'-- Up-to-date: /home/greyflon/lab_2025/install/two_wheeled_robot/share/two_wheeled_robot/models/ElderMalePatient/model.sdf\n'}
[0.611929] (two_wheeled_robot) StdoutLine: {'line': b'-- Up-to-date: /home/greyflon/lab_2025/install/two_wheeled_robot/share/two_wheeled_robot/models/StorageRack\n'}
[0.612001] (two_wheeled_robot) StdoutLine: {'line': b'-- Up-to-date: /home/greyflon/lab_2025/install/two_wheeled_robot/share/two_wheeled_robot/models/StorageRack/model.config\n'}
[0.612082] (two_wheeled_robot) StdoutLine: {'line': b'-- Up-to-date: /home/greyflon/lab_2025/install/two_wheeled_robot/share/two_wheeled_robot/models/StorageRack/meshes\n'}
[0.612151] (two_wheeled_robot) StdoutLine: {'line': b'-- Up-to-date: /home/greyflon/lab_2025/install/two_wheeled_robot/share/two_wheeled_robot/models/StorageRack/meshes/StorageRack.obj\n'}
[0.612222] (two_wheeled_robot) StdoutLine: {'line': b'-- Up-to-date: /home/greyflon/lab_2025/install/two_wheeled_robot/share/two_wheeled_robot/models/StorageRack/meshes/StorageRack.mtl\n'}
[0.612293] (two_wheeled_robot) StdoutLine: {'line': b'-- Up-to-date: /home/greyflon/lab_2025/install/two_wheeled_robot/share/two_wheeled_robot/models/StorageRack/meshes/StorageRack.png\n'}
[0.612365] (two_wheeled_robot) StdoutLine: {'line': b'-- Up-to-date: /home/greyflon/lab_2025/install/two_wheeled_robot/share/two_wheeled_robot/models/StorageRack/thumbnails\n'}
[0.612435] (two_wheeled_robot) StdoutLine: {'line': b'-- Up-to-date: /home/greyflon/lab_2025/install/two_wheeled_robot/share/two_wheeled_robot/models/StorageRack/thumbnails/5.png\n'}
[0.612505] (two_wheeled_robot) StdoutLine: {'line': b'-- Up-to-date: /home/greyflon/lab_2025/install/two_wheeled_robot/share/two_wheeled_robot/models/StorageRack/thumbnails/1.png\n'}
[0.612632] (two_wheeled_robot) StdoutLine: {'line': b'-- Up-to-date: /home/greyflon/lab_2025/install/two_wheeled_robot/share/two_wheeled_robot/models/StorageRack/thumbnails/2.png\n'}
[0.612712] (two_wheeled_robot) StdoutLine: {'line': b'-- Up-to-date: /home/greyflon/lab_2025/install/two_wheeled_robot/share/two_wheeled_robot/models/StorageRack/thumbnails/4.png\n'}
[0.612783] (two_wheeled_robot) StdoutLine: {'line': b'-- Up-to-date: /home/greyflon/lab_2025/install/two_wheeled_robot/share/two_wheeled_robot/models/StorageRack/thumbnails/3.png\n'}
[0.612855] (two_wheeled_robot) StdoutLine: {'line': b'-- Up-to-date: /home/greyflon/lab_2025/install/two_wheeled_robot/share/two_wheeled_robot/models/StorageRack/model.sdf\n'}
[0.612925] (two_wheeled_robot) StdoutLine: {'line': b'-- Up-to-date: /home/greyflon/lab_2025/install/two_wheeled_robot/share/two_wheeled_robot/models/cubicle_island\n'}
[0.612994] (two_wheeled_robot) StdoutLine: {'line': b'-- Up-to-date: /home/greyflon/lab_2025/install/two_wheeled_robot/share/two_wheeled_robot/models/cubicle_island/model.config\n'}
[0.613063] (two_wheeled_robot) StdoutLine: {'line': b'-- Up-to-date: /home/greyflon/lab_2025/install/two_wheeled_robot/share/two_wheeled_robot/models/cubicle_island/meshes\n'}
[0.613132] (two_wheeled_robot) StdoutLine: {'line': b'-- Up-to-date: /home/greyflon/lab_2025/install/two_wheeled_robot/share/two_wheeled_robot/models/cubicle_island/meshes/cubicle_island.obj\n'}
[0.613204] (two_wheeled_robot) StdoutLine: {'line': b'-- Up-to-date: /home/greyflon/lab_2025/install/two_wheeled_robot/share/two_wheeled_robot/models/cubicle_island/meshes/cubicle_island.mtl\n'}
[0.613283] (two_wheeled_robot) StdoutLine: {'line': b'-- Up-to-date: /home/greyflon/lab_2025/install/two_wheeled_robot/share/two_wheeled_robot/models/cubicle_island/materials\n'}
[0.613356] (two_wheeled_robot) StdoutLine: {'line': b'-- Up-to-date: /home/greyflon/lab_2025/install/two_wheeled_robot/share/two_wheeled_robot/models/cubicle_island/materials/textures\n'}
[0.613429] (two_wheeled_robot) StdoutLine: {'line': b'-- Up-to-date: /home/greyflon/lab_2025/install/two_wheeled_robot/share/two_wheeled_robot/models/cubicle_island/materials/textures/cubicle_island.png\n'}
[0.613500] (two_wheeled_robot) StdoutLine: {'line': b'-- Up-to-date: /home/greyflon/lab_2025/install/two_wheeled_robot/share/two_wheeled_robot/models/cubicle_island/materials/textures/cubicle_1.png\n'}
[0.613591] (two_wheeled_robot) StdoutLine: {'line': b'-- Up-to-date: /home/greyflon/lab_2025/install/two_wheeled_robot/share/two_wheeled_robot/models/cubicle_island/model.sdf\n'}
[0.613670] (two_wheeled_robot) StdoutLine: {'line': b'-- Up-to-date: /home/greyflon/lab_2025/install/two_wheeled_robot/share/two_wheeled_robot/models/cubicle_wall\n'}
[0.613741] (two_wheeled_robot) StdoutLine: {'line': b'-- Up-to-date: /home/greyflon/lab_2025/install/two_wheeled_robot/share/two_wheeled_robot/models/cubicle_wall/model.config\n'}
[0.613818] (two_wheeled_robot) StdoutLine: {'line': b'-- Up-to-date: /home/greyflon/lab_2025/install/two_wheeled_robot/share/two_wheeled_robot/models/cubicle_wall/meshes\n'}
[0.613892] (two_wheeled_robot) StdoutLine: {'line': b'-- Up-to-date: /home/greyflon/lab_2025/install/two_wheeled_robot/share/two_wheeled_robot/models/cubicle_wall/meshes/cubicle_corner.obj\n'}
[0.613961] (two_wheeled_robot) StdoutLine: {'line': b'-- Up-to-date: /home/greyflon/lab_2025/install/two_wheeled_robot/share/two_wheeled_robot/models/cubicle_wall/meshes/cubicle_open.obj\n'}
[0.614032] (two_wheeled_robot) StdoutLine: {'line': b'-- Up-to-date: /home/greyflon/lab_2025/install/two_wheeled_robot/share/two_wheeled_robot/models/cubicle_wall/meshes/cubicle_wall.mtl\n'}
[0.614103] (two_wheeled_robot) StdoutLine: {'line': b'-- Up-to-date: /home/greyflon/lab_2025/install/two_wheeled_robot/share/two_wheeled_robot/models/cubicle_wall/meshes/cubicle_wall.obj\n'}
[0.614173] (two_wheeled_robot) StdoutLine: {'line': b'-- Up-to-date: /home/greyflon/lab_2025/install/two_wheeled_robot/share/two_wheeled_robot/models/cubicle_wall/meshes/cubicle_closed.obj\n'}
[0.614261] (two_wheeled_robot) StdoutLine: {'line': b'-- Up-to-date: /home/greyflon/lab_2025/install/two_wheeled_robot/share/two_wheeled_robot/models/cubicle_wall/materials\n'}
[0.614335] (two_wheeled_robot) StdoutLine: {'line': b'-- Up-to-date: /home/greyflon/lab_2025/install/two_wheeled_robot/share/two_wheeled_robot/models/cubicle_wall/materials/textures\n'}
[0.614404] (two_wheeled_robot) StdoutLine: {'line': b'-- Up-to-date: /home/greyflon/lab_2025/install/two_wheeled_robot/share/two_wheeled_robot/models/cubicle_wall/materials/textures/cubicle_wall.png\n'}
[0.614472] (two_wheeled_robot) StdoutLine: {'line': b'-- Up-to-date: /home/greyflon/lab_2025/install/two_wheeled_robot/share/two_wheeled_robot/models/cubicle_wall/model.sdf\n'}
[0.614542] (two_wheeled_robot) StdoutLine: {'line': b'-- Up-to-date: /home/greyflon/lab_2025/install/two_wheeled_robot/share/two_wheeled_robot/models/cubicle_corner\n'}
[0.614640] (two_wheeled_robot) StdoutLine: {'line': b'-- Up-to-date: /home/greyflon/lab_2025/install/two_wheeled_robot/share/two_wheeled_robot/models/cubicle_corner/model.config\n'}
[0.614713] (two_wheeled_robot) StdoutLine: {'line': b'-- Up-to-date: /home/greyflon/lab_2025/install/two_wheeled_robot/share/two_wheeled_robot/models/cubicle_corner/meshes\n'}
[0.614782] (two_wheeled_robot) StdoutLine: {'line': b'-- Up-to-date: /home/greyflon/lab_2025/install/two_wheeled_robot/share/two_wheeled_robot/models/cubicle_corner/meshes/cubicle_corner.obj\n'}
[0.614854] (two_wheeled_robot) StdoutLine: {'line': b'-- Up-to-date: /home/greyflon/lab_2025/install/two_wheeled_robot/share/two_wheeled_robot/models/cubicle_corner/meshes/cubicle_corner.mtl\n'}
[0.614925] (two_wheeled_robot) StdoutLine: {'line': b'-- Up-to-date: /home/greyflon/lab_2025/install/two_wheeled_robot/share/two_wheeled_robot/models/cubicle_corner/materials\n'}
[0.614995] (two_wheeled_robot) StdoutLine: {'line': b'-- Up-to-date: /home/greyflon/lab_2025/install/two_wheeled_robot/share/two_wheeled_robot/models/cubicle_corner/materials/textures\n'}
[0.615065] (two_wheeled_robot) StdoutLine: {'line': b'-- Up-to-date: /home/greyflon/lab_2025/install/two_wheeled_robot/share/two_wheeled_robot/models/cubicle_corner/materials/textures/cubicle_corner.png\n'}
[0.615138] (two_wheeled_robot) StdoutLine: {'line': b'-- Up-to-date: /home/greyflon/lab_2025/install/two_wheeled_robot/share/two_wheeled_robot/models/cubicle_corner/model.sdf\n'}
[0.615208] (two_wheeled_robot) StdoutLine: {'line': b'-- Up-to-date: /home/greyflon/lab_2025/install/two_wheeled_robot/share/two_wheeled_robot/models/aws_robomaker_hospital_elevator_01_door\n'}
[0.615279] (two_wheeled_robot) StdoutLine: {'line': b'-- Up-to-date: /home/greyflon/lab_2025/install/two_wheeled_robot/share/two_wheeled_robot/models/aws_robomaker_hospital_elevator_01_door/model.config\n'}
[0.615357] (two_wheeled_robot) StdoutLine: {'line': b'-- Up-to-date: /home/greyflon/lab_2025/install/two_wheeled_robot/share/two_wheeled_robot/models/aws_robomaker_hospital_elevator_01_door/meshes\n'}
[0.615434] (two_wheeled_robot) StdoutLine: {'line': b'-- Up-to-date: /home/greyflon/lab_2025/install/two_wheeled_robot/share/two_wheeled_robot/models/aws_robomaker_hospital_elevator_01_door/meshes/aws_robomaker_hospital_elevator_01_door_collision.dae\n'}
[0.615508] (two_wheeled_robot) StdoutLine: {'line': b'-- Up-to-date: /home/greyflon/lab_2025/install/two_wheeled_robot/share/two_wheeled_robot/models/aws_robomaker_hospital_elevator_01_door/meshes/aws_robomaker_hospital_elevator_01_visual_normal.png\n'}
[0.615633] (two_wheeled_robot) StdoutLine: {'line': b'-- Up-to-date: /home/greyflon/lab_2025/install/two_wheeled_robot/share/two_wheeled_robot/models/aws_robomaker_hospital_elevator_01_door/meshes/aws_robomaker_hospital_elevator_01_door_low.dae\n'}
[0.615730] (two_wheeled_robot) StdoutLine: {'line': b'-- Up-to-date: /home/greyflon/lab_2025/install/two_wheeled_robot/share/two_wheeled_robot/models/aws_robomaker_hospital_elevator_01_door/meshes/aws_robomaker_hospital_elevator_01_door_visual.dae\n'}
[0.615901] (two_wheeled_robot) StdoutLine: {'line': b'-- Up-to-date: /home/greyflon/lab_2025/install/two_wheeled_robot/share/two_wheeled_robot/models/aws_robomaker_hospital_elevator_01_door/meshes/aws_robomaker_hospital_elevator_01_low.png\n'}
[0.615974] (two_wheeled_robot) StdoutLine: {'line': b'-- Up-to-date: /home/greyflon/lab_2025/install/two_wheeled_robot/share/two_wheeled_robot/models/aws_robomaker_hospital_elevator_01_door/meshes/aws_robomaker_hospital_elevator_01_low_normal.png\n'}
[0.616044] (two_wheeled_robot) StdoutLine: {'line': b'-- Up-to-date: /home/greyflon/lab_2025/install/two_wheeled_robot/share/two_wheeled_robot/models/aws_robomaker_hospital_elevator_01_door/meshes/aws_robomaker_hospital_elevator_01_visual.png\n'}
[0.616115] (two_wheeled_robot) StdoutLine: {'line': b'-- Up-to-date: /home/greyflon/lab_2025/install/two_wheeled_robot/share/two_wheeled_robot/models/aws_robomaker_hospital_elevator_01_door/model.sdf\n'}
[0.616187] (two_wheeled_robot) StdoutLine: {'line': b'-- Up-to-date: /home/greyflon/lab_2025/install/two_wheeled_robot/share/two_wheeled_robot/models/IVStand\n'}
[0.616258] (two_wheeled_robot) StdoutLine: {'line': b'-- Up-to-date: /home/greyflon/lab_2025/install/two_wheeled_robot/share/two_wheeled_robot/models/IVStand/model.config\n'}
[0.616327] (two_wheeled_robot) StdoutLine: {'line': b'-- Up-to-date: /home/greyflon/lab_2025/install/two_wheeled_robot/share/two_wheeled_robot/models/IVStand/meshes\n'}
[0.616399] (two_wheeled_robot) StdoutLine: {'line': b'-- Up-to-date: /home/greyflon/lab_2025/install/two_wheeled_robot/share/two_wheeled_robot/models/IVStand/meshes/IVStand_Diffuse.png\n'}
[0.616497] (two_wheeled_robot) StdoutLine: {'line': b'-- Up-to-date: /home/greyflon/lab_2025/install/two_wheeled_robot/share/two_wheeled_robot/models/IVStand/meshes/Carts_Wheels_Diffuse.png\n'}
[0.616591] (two_wheeled_robot) StdoutLine: {'line': b'-- Up-to-date: /home/greyflon/lab_2025/install/two_wheeled_robot/share/two_wheeled_robot/models/IVStand/meshes/IVStand.obj\n'}
[0.616669] (two_wheeled_robot) StdoutLine: {'line': b'-- Up-to-date: /home/greyflon/lab_2025/install/two_wheeled_robot/share/two_wheeled_robot/models/IVStand/meshes/IVStand.mtl\n'}
[0.616740] (two_wheeled_robot) StdoutLine: {'line': b'-- Up-to-date: /home/greyflon/lab_2025/install/two_wheeled_robot/share/two_wheeled_robot/models/IVStand/thumbnails\n'}
[0.616811] (two_wheeled_robot) StdoutLine: {'line': b'-- Up-to-date: /home/greyflon/lab_2025/install/two_wheeled_robot/share/two_wheeled_robot/models/IVStand/thumbnails/5.png\n'}
[0.616881] (two_wheeled_robot) StdoutLine: {'line': b'-- Up-to-date: /home/greyflon/lab_2025/install/two_wheeled_robot/share/two_wheeled_robot/models/IVStand/thumbnails/1.png\n'}
[0.616954] (two_wheeled_robot) StdoutLine: {'line': b'-- Up-to-date: /home/greyflon/lab_2025/install/two_wheeled_robot/share/two_wheeled_robot/models/IVStand/thumbnails/2.png\n'}
[0.617031] (two_wheeled_robot) StdoutLine: {'line': b'-- Up-to-date: /home/greyflon/lab_2025/install/two_wheeled_robot/share/two_wheeled_robot/models/IVStand/thumbnails/4.png\n'}
[0.617104] (two_wheeled_robot) StdoutLine: {'line': b'-- Up-to-date: /home/greyflon/lab_2025/install/two_wheeled_robot/share/two_wheeled_robot/models/IVStand/thumbnails/3.png\n'}
[0.617175] (two_wheeled_robot) StdoutLine: {'line': b'-- Up-to-date: /home/greyflon/lab_2025/install/two_wheeled_robot/share/two_wheeled_robot/models/IVStand/model.sdf\n'}
[0.617245] (two_wheeled_robot) StdoutLine: {'line': b'-- Up-to-date: /home/greyflon/lab_2025/install/two_wheeled_robot/share/two_wheeled_robot/models/small_box\n'}
[0.617315] (two_wheeled_robot) StdoutLine: {'line': b'-- Up-to-date: /home/greyflon/lab_2025/install/two_wheeled_robot/share/two_wheeled_robot/models/small_box/model.config\n'}
[0.617388] (two_wheeled_robot) StdoutLine: {'line': b'-- Up-to-date: /home/greyflon/lab_2025/install/two_wheeled_robot/share/two_wheeled_robot/models/small_box/meshes\n'}
[0.617461] (two_wheeled_robot) StdoutLine: {'line': b'-- Up-to-date: /home/greyflon/lab_2025/install/two_wheeled_robot/share/two_wheeled_robot/models/small_box/meshes/small_box.dae\n'}
[0.617531] (two_wheeled_robot) StdoutLine: {'line': b'-- Up-to-date: /home/greyflon/lab_2025/install/two_wheeled_robot/share/two_wheeled_robot/models/small_box/materials\n'}
[0.617628] (two_wheeled_robot) StdoutLine: {'line': b'-- Up-to-date: /home/greyflon/lab_2025/install/two_wheeled_robot/share/two_wheeled_robot/models/small_box/materials/textures\n'}
[0.617709] (two_wheeled_robot) StdoutLine: {'line': b'-- Up-to-date: /home/greyflon/lab_2025/install/two_wheeled_robot/share/two_wheeled_robot/models/small_box/materials/textures/Kraft_Tile.jpg\n'}
[0.617783] (two_wheeled_robot) StdoutLine: {'line': b'-- Up-to-date: /home/greyflon/lab_2025/install/two_wheeled_robot/share/two_wheeled_robot/models/small_box/materials/textures/S-3878BX_Side1.jpg\n'}
[0.617854] (two_wheeled_robot) StdoutLine: {'line': b'-- Up-to-date: /home/greyflon/lab_2025/install/two_wheeled_robot/share/two_wheeled_robot/models/small_box/materials/textures/S-3878BX_Front.jpg\n'}
[0.617924] (two_wheeled_robot) StdoutLine: {'line': b'-- Up-to-date: /home/greyflon/lab_2025/install/two_wheeled_robot/share/two_wheeled_robot/models/small_box/materials/textures/S-3878BX_Side2.jpg\n'}
[0.617996] (two_wheeled_robot) StdoutLine: {'line': b'-- Up-to-date: /home/greyflon/lab_2025/install/two_wheeled_robot/share/two_wheeled_robot/models/small_box/materials/textures/S-3878BX_Back.jpg\n'}
[0.618067] (two_wheeled_robot) StdoutLine: {'line': b'-- Up-to-date: /home/greyflon/lab_2025/install/two_wheeled_robot/share/two_wheeled_robot/models/small_box/model.sdf\n'}
[0.618139] (two_wheeled_robot) StdoutLine: {'line': b'-- Up-to-date: /home/greyflon/lab_2025/install/two_wheeled_robot/share/two_wheeled_robot/models/gimbal_small_2d\n'}
[0.618209] (two_wheeled_robot) StdoutLine: {'line': b'-- Up-to-date: /home/greyflon/lab_2025/install/two_wheeled_robot/share/two_wheeled_robot/models/gimbal_small_2d/model.config\n'}
[0.618281] (two_wheeled_robot) StdoutLine: {'line': b'-- Up-to-date: /home/greyflon/lab_2025/install/two_wheeled_robot/share/two_wheeled_robot/models/gimbal_small_2d/meshes\n'}
[0.618351] (two_wheeled_robot) StdoutLine: {'line': b'-- Up-to-date: /home/greyflon/lab_2025/install/two_wheeled_robot/share/two_wheeled_robot/models/gimbal_small_2d/meshes/base_arm.dae\n'}
[0.618421] (two_wheeled_robot) StdoutLine: {'line': b'-- Up-to-date: /home/greyflon/lab_2025/install/two_wheeled_robot/share/two_wheeled_robot/models/gimbal_small_2d/meshes/tilt.dae\n'}
[0.618492] (two_wheeled_robot) StdoutLine: {'line': b'-- Up-to-date: /home/greyflon/lab_2025/install/two_wheeled_robot/share/two_wheeled_robot/models/gimbal_small_2d/meshes/base_main.dae\n'}
[0.618585] (two_wheeled_robot) StdoutLine: {'line': b'-- Up-to-date: /home/greyflon/lab_2025/install/two_wheeled_robot/share/two_wheeled_robot/models/gimbal_small_2d/model.sdf\n'}
[0.618662] (two_wheeled_robot) StdoutLine: {'line': b'-- Up-to-date: /home/greyflon/lab_2025/install/two_wheeled_robot/share/two_wheeled_robot/models/aws_robomaker_hospital_floor_02_floor\n'}
[0.618741] (two_wheeled_robot) StdoutLine: {'line': b'-- Up-to-date: /home/greyflon/lab_2025/install/two_wheeled_robot/share/two_wheeled_robot/models/aws_robomaker_hospital_floor_02_floor/model.config\n'}
[0.618812] (two_wheeled_robot) StdoutLine: {'line': b'-- Up-to-date: /home/greyflon/lab_2025/install/two_wheeled_robot/share/two_wheeled_robot/models/aws_robomaker_hospital_floor_02_floor/meshes\n'}
[0.618888] (two_wheeled_robot) StdoutLine: {'line': b'-- Up-to-date: /home/greyflon/lab_2025/install/two_wheeled_robot/share/two_wheeled_robot/models/aws_robomaker_hospital_floor_02_floor/meshes/aws_robomaker_hospital_floor_02_floor_collision.dae\n'}
[0.618975] (two_wheeled_robot) StdoutLine: {'line': b'-- Up-to-date: /home/greyflon/lab_2025/install/two_wheeled_robot/share/two_wheeled_robot/models/aws_robomaker_hospital_floor_02_floor/meshes/aws_robomaker_hospital_floor_02_floor_visual.dae\n'}
[0.619049] (two_wheeled_robot) StdoutLine: {'line': b'-- Up-to-date: /home/greyflon/lab_2025/install/two_wheeled_robot/share/two_wheeled_robot/models/aws_robomaker_hospital_floor_02_floor/meshes/aws_robomaker_hospital_floor_02_floor_normal.png\n'}
[0.619118] (two_wheeled_robot) StdoutLine: {'line': b'-- Up-to-date: /home/greyflon/lab_2025/install/two_wheeled_robot/share/two_wheeled_robot/models/aws_robomaker_hospital_floor_02_floor/meshes/aws_robomaker_hospital_floor_02_floor.png\n'}
[0.619189] (two_wheeled_robot) StdoutLine: {'line': b'-- Up-to-date: /home/greyflon/lab_2025/install/two_wheeled_robot/share/two_wheeled_robot/models/aws_robomaker_hospital_floor_02_floor/model.sdf\n'}
[0.619261] (two_wheeled_robot) StdoutLine: {'line': b'-- Up-to-date: /home/greyflon/lab_2025/install/two_wheeled_robot/share/two_wheeled_robot/models/robonaut\n'}
[0.619332] (two_wheeled_robot) StdoutLine: {'line': b'-- Up-to-date: /home/greyflon/lab_2025/install/two_wheeled_robot/share/two_wheeled_robot/models/robonaut/model-1_4.sdf\n'}
[0.619403] (two_wheeled_robot) StdoutLine: {'line': b'-- Up-to-date: /home/greyflon/lab_2025/install/two_wheeled_robot/share/two_wheeled_robot/models/robonaut/model.config\n'}
[0.619476] (two_wheeled_robot) StdoutLine: {'line': b'-- Up-to-date: /home/greyflon/lab_2025/install/two_wheeled_robot/share/two_wheeled_robot/models/robonaut/meshes\n'}
[0.619566] (two_wheeled_robot) StdoutLine: {'line': b'-- Up-to-date: /home/greyflon/lab_2025/install/two_wheeled_robot/share/two_wheeled_robot/models/robonaut/meshes/Backpack.dae\n'}
[0.619648] (two_wheeled_robot) StdoutLine: {'line': b'-- Up-to-date: /home/greyflon/lab_2025/install/two_wheeled_robot/share/two_wheeled_robot/models/robonaut/meshes/Head.dae\n'}
[0.619719] (two_wheeled_robot) StdoutLine: {'line': b'-- Up-to-date: /home/greyflon/lab_2025/install/two_wheeled_robot/share/two_wheeled_robot/models/robonaut/meshes/Neck_Lower.dae\n'}
[0.619796] (two_wheeled_robot) StdoutLine: {'line': b'-- Up-to-date: /home/greyflon/lab_2025/install/two_wheeled_robot/share/two_wheeled_robot/models/robonaut/meshes/Left_Palm.dae\n'}
[0.619867] (two_wheeled_robot) StdoutLine: {'line': b'-- Up-to-date: /home/greyflon/lab_2025/install/two_wheeled_robot/share/two_wheeled_robot/models/robonaut/meshes/Left_Shoulder_Lower.dae\n'}
[0.619940] (two_wheeled_robot) StdoutLine: {'line': b'-- Up-to-date: /home/greyflon/lab_2025/install/two_wheeled_robot/share/two_wheeled_robot/models/robonaut/meshes/Transforms.txt\n'}
[0.620010] (two_wheeled_robot) StdoutLine: {'line': b'-- Up-to-date: /home/greyflon/lab_2025/install/two_wheeled_robot/share/two_wheeled_robot/models/robonaut/meshes/Right_Elbow.dae\n'}
[0.620079] (two_wheeled_robot) StdoutLine: {'line': b'-- Up-to-date: /home/greyflon/lab_2025/install/two_wheeled_robot/share/two_wheeled_robot/models/robonaut/meshes/Finger_Proximal.dae\n'}
[0.620150] (two_wheeled_robot) StdoutLine: {'line': b'-- Up-to-date: /home/greyflon/lab_2025/install/two_wheeled_robot/share/two_wheeled_robot/models/robonaut/meshes/Right_Palm.dae\n'}
[0.620232] (two_wheeled_robot) StdoutLine: {'line': b'-- Up-to-date: /home/greyflon/lab_2025/install/two_wheeled_robot/share/two_wheeled_robot/models/robonaut/meshes/Stanchion_Baseplate.dae\n'}
[0.620303] (two_wheeled_robot) StdoutLine: {'line': b'-- Up-to-date: /home/greyflon/lab_2025/install/two_wheeled_robot/share/two_wheeled_robot/models/robonaut/meshes/Neck_Upper.dae\n'}
[0.620374] (two_wheeled_robot) StdoutLine: {'line': b'-- Up-to-date: /home/greyflon/lab_2025/install/two_wheeled_robot/share/two_wheeled_robot/models/robonaut/meshes/Stanchion.dae\n'}
[0.620445] (two_wheeled_robot) StdoutLine: {'line': b'-- Up-to-date: /home/greyflon/lab_2025/install/two_wheeled_robot/share/two_wheeled_robot/models/robonaut/meshes/Left_Shoulder_Upper.dae\n'}
[0.620516] (two_wheeled_robot) StdoutLine: {'line': b'-- Up-to-date: /home/greyflon/lab_2025/install/two_wheeled_robot/share/two_wheeled_robot/models/robonaut/meshes/Body.dae\n'}
[0.620669] (two_wheeled_robot) StdoutLine: {'line': b'-- Up-to-date: /home/greyflon/lab_2025/install/two_wheeled_robot/share/two_wheeled_robot/models/robonaut/meshes/Finger_Mid.dae\n'}
[0.620746] (two_wheeled_robot) StdoutLine: {'line': b'-- Up-to-date: /home/greyflon/lab_2025/install/two_wheeled_robot/share/two_wheeled_robot/models/robonaut/meshes/Thumb_Proximal.dae\n'}
[0.620816] (two_wheeled_robot) StdoutLine: {'line': b'-- Up-to-date: /home/greyflon/lab_2025/install/two_wheeled_robot/share/two_wheeled_robot/models/robonaut/meshes/Right_Shoulder_Lower.dae\n'}
[0.620889] (two_wheeled_robot) StdoutLine: {'line': b'-- Up-to-date: /home/greyflon/lab_2025/install/two_wheeled_robot/share/two_wheeled_robot/models/robonaut/meshes/Right_Forearm.dae\n'}
[0.620960] (two_wheeled_robot) StdoutLine: {'line': b'-- Up-to-date: /home/greyflon/lab_2025/install/two_wheeled_robot/share/two_wheeled_robot/models/robonaut/meshes/Left_Forearm.dae\n'}
[0.621032] (two_wheeled_robot) StdoutLine: {'line': b'-- Up-to-date: /home/greyflon/lab_2025/install/two_wheeled_robot/share/two_wheeled_robot/models/robonaut/meshes/Thumb_Dist.dae\n'}
[0.621102] (two_wheeled_robot) StdoutLine: {'line': b'-- Up-to-date: /home/greyflon/lab_2025/install/two_wheeled_robot/share/two_wheeled_robot/models/robonaut/meshes/Body_Cover.dae\n'}
[0.621172] (two_wheeled_robot) StdoutLine: {'line': b'-- Up-to-date: /home/greyflon/lab_2025/install/two_wheeled_robot/share/two_wheeled_robot/models/robonaut/meshes/Right_Upper_Arm.dae\n'}
[0.621308] (two_wheeled_robot) StdoutLine: {'line': b'-- Up-to-date: /home/greyflon/lab_2025/install/two_wheeled_robot/share/two_wheeled_robot/models/robonaut/meshes/Left_Thumb_Carp.dae\n'}
[0.621382] (two_wheeled_robot) StdoutLine: {'line': b'-- Up-to-date: /home/greyflon/lab_2025/install/two_wheeled_robot/share/two_wheeled_robot/models/robonaut/meshes/Left_Upper_Arm.dae\n'}
[0.621451] (two_wheeled_robot) StdoutLine: {'line': b'-- Up-to-date: /home/greyflon/lab_2025/install/two_wheeled_robot/share/two_wheeled_robot/models/robonaut/meshes/Right_Shoulder_Upper.dae\n'}
[0.621537] (two_wheeled_robot) StdoutLine: {'line': b'-- Up-to-date: /home/greyflon/lab_2025/install/two_wheeled_robot/share/two_wheeled_robot/models/robonaut/meshes/Left_Thumb_MtCar.dae\n'}
[0.621634] (two_wheeled_robot) StdoutLine: {'line': b'-- Up-to-date: /home/greyflon/lab_2025/install/two_wheeled_robot/share/two_wheeled_robot/models/robonaut/meshes/Left_Elbow.dae\n'}
[0.621704] (two_wheeled_robot) StdoutLine: {'line': b'-- Up-to-date: /home/greyflon/lab_2025/install/two_wheeled_robot/share/two_wheeled_robot/models/robonaut/meshes/Right_Thumb_MtCar.dae\n'}
[0.621774] (two_wheeled_robot) StdoutLine: {'line': b'-- Up-to-date: /home/greyflon/lab_2025/install/two_wheeled_robot/share/two_wheeled_robot/models/robonaut/meshes/Finger_Dist.dae\n'}
[0.621845] (two_wheeled_robot) StdoutLine: {'line': b'-- Up-to-date: /home/greyflon/lab_2025/install/two_wheeled_robot/share/two_wheeled_robot/models/robonaut/materials\n'}
[0.621915] (two_wheeled_robot) StdoutLine: {'line': b'-- Up-to-date: /home/greyflon/lab_2025/install/two_wheeled_robot/share/two_wheeled_robot/models/robonaut/materials/textures\n'}
[0.621993] (two_wheeled_robot) StdoutLine: {'line': b'-- Up-to-date: /home/greyflon/lab_2025/install/two_wheeled_robot/share/two_wheeled_robot/models/robonaut/materials/textures/R2_Stanchion_12_Col_256.png\n'}
[0.622069] (two_wheeled_robot) StdoutLine: {'line': b'-- Up-to-date: /home/greyflon/lab_2025/install/two_wheeled_robot/share/two_wheeled_robot/models/robonaut/materials/textures/gold_texture_old.png\n'}
[0.622143] (two_wheeled_robot) StdoutLine: {'line': b'-- Up-to-date: /home/greyflon/lab_2025/install/two_wheeled_robot/share/two_wheeled_robot/models/robonaut/materials/textures/gold.png\n'}
[0.622214] (two_wheeled_robot) StdoutLine: {'line': b'-- Up-to-date: /home/greyflon/lab_2025/install/two_wheeled_robot/share/two_wheeled_robot/models/robonaut/materials/textures/R2_backpack.png\n'}
[0.622285] (two_wheeled_robot) StdoutLine: {'line': b'-- Up-to-date: /home/greyflon/lab_2025/install/two_wheeled_robot/share/two_wheeled_robot/models/robonaut/materials/textures/R2_Stanchion_4_Col_256.png\n'}
[0.622356] (two_wheeled_robot) StdoutLine: {'line': b'-- Up-to-date: /home/greyflon/lab_2025/install/two_wheeled_robot/share/two_wheeled_robot/models/robonaut/materials/textures/R2_Body_Cover.png\n'}
[0.622426] (two_wheeled_robot) StdoutLine: {'line': b'-- Up-to-date: /home/greyflon/lab_2025/install/two_wheeled_robot/share/two_wheeled_robot/models/robonaut/materials/textures/StanchionDovetail.png\n'}
[0.622498] (two_wheeled_robot) StdoutLine: {'line': b'-- Up-to-date: /home/greyflon/lab_2025/install/two_wheeled_robot/share/two_wheeled_robot/models/robonaut/materials/textures/StanchionBaseplate.png\n'}
[0.622593] (two_wheeled_robot) StdoutLine: {'line': b'-- Up-to-date: /home/greyflon/lab_2025/install/two_wheeled_robot/share/two_wheeled_robot/models/robonaut/materials/textures/helmet_front.png\n'}
[0.622670] (two_wheeled_robot) StdoutLine: {'line': b'-- Up-to-date: /home/greyflon/lab_2025/install/two_wheeled_robot/share/two_wheeled_robot/models/robonaut/materials/textures/BrushedMetalGray.png\n'}
[0.622742] (two_wheeled_robot) StdoutLine: {'line': b'-- Up-to-date: /home/greyflon/lab_2025/install/two_wheeled_robot/share/two_wheeled_robot/models/robonaut/materials/textures/R2_Stanchion_Cover_2_Col_256.png\n'}
[0.622813] (two_wheeled_robot) StdoutLine: {'line': b'-- Up-to-date: /home/greyflon/lab_2025/install/two_wheeled_robot/share/two_wheeled_robot/models/robonaut/materials/textures/visor.png\n'}
[0.622886] (two_wheeled_robot) StdoutLine: {'line': b'-- Up-to-date: /home/greyflon/lab_2025/install/two_wheeled_robot/share/two_wheeled_robot/models/robonaut/materials/textures/R2_Stanchion_7_Col_256.png\n'}
[0.622957] (two_wheeled_robot) StdoutLine: {'line': b'-- Up-to-date: /home/greyflon/lab_2025/install/two_wheeled_robot/share/two_wheeled_robot/models/robonaut/materials/textures/R2_Stanchion_5_Col_256.png\n'}
[0.623028] (two_wheeled_robot) StdoutLine: {'line': b'-- Up-to-date: /home/greyflon/lab_2025/install/two_wheeled_robot/share/two_wheeled_robot/models/robonaut/materials/textures/R2_Leg.png\n'}
[0.623098] (two_wheeled_robot) StdoutLine: {'line': b'-- Up-to-date: /home/greyflon/lab_2025/install/two_wheeled_robot/share/two_wheeled_robot/models/robonaut/materials/textures/light_shield.png\n'}
[0.623167] (two_wheeled_robot) StdoutLine: {'line': b'-- Up-to-date: /home/greyflon/lab_2025/install/two_wheeled_robot/share/two_wheeled_robot/models/robonaut/materials/textures/R2_Stanchion_8_Col_256.png\n'}
[0.623239] (two_wheeled_robot) StdoutLine: {'line': b'-- Up-to-date: /home/greyflon/lab_2025/install/two_wheeled_robot/share/two_wheeled_robot/models/robonaut/materials/textures/gold_texture.png\n'}
[0.623312] (two_wheeled_robot) StdoutLine: {'line': b'-- Up-to-date: /home/greyflon/lab_2025/install/two_wheeled_robot/share/two_wheeled_robot/models/robonaut/materials/textures/R2_Stanchion_Cover_4_Col_256.png\n'}
[0.623384] (two_wheeled_robot) StdoutLine: {'line': b'-- Up-to-date: /home/greyflon/lab_2025/install/two_wheeled_robot/share/two_wheeled_robot/models/robonaut/materials/textures/R2_Stanchion_6_Col_256.png\n'}
[0.623503] (two_wheeled_robot) StdoutLine: {'line': b'-- Up-to-date: /home/greyflon/lab_2025/install/two_wheeled_robot/share/two_wheeled_robot/models/robonaut/materials/textures/R2_Stanchion_10_Col_256.png\n'}
[0.623637] (two_wheeled_robot) StdoutLine: {'line': b'-- Up-to-date: /home/greyflon/lab_2025/install/two_wheeled_robot/share/two_wheeled_robot/models/robonaut/materials/textures/notexture.png\n'}
[0.623781] (two_wheeled_robot) StdoutLine: {'line': b'-- Up-to-date: /home/greyflon/lab_2025/install/two_wheeled_robot/share/two_wheeled_robot/models/robonaut/materials/textures/R2_Stanchion_3_Col_256.png\n'}
[0.623855] (two_wheeled_robot) StdoutLine: {'line': b'-- Up-to-date: /home/greyflon/lab_2025/install/two_wheeled_robot/share/two_wheeled_robot/models/robonaut/materials/textures/R2_Arm.png\n'}
[0.623926] (two_wheeled_robot) StdoutLine: {'line': b'-- Up-to-date: /home/greyflon/lab_2025/install/two_wheeled_robot/share/two_wheeled_robot/models/robonaut/materials/textures/jaws.png\n'}
[0.623999] (two_wheeled_robot) StdoutLine: {'line': b'-- Up-to-date: /home/greyflon/lab_2025/install/two_wheeled_robot/share/two_wheeled_robot/models/robonaut/materials/textures/R2_Stanchion_9_Col_256.png\n'}
[0.624071] (two_wheeled_robot) StdoutLine: {'line': b'-- Up-to-date: /home/greyflon/lab_2025/install/two_wheeled_robot/share/two_wheeled_robot/models/robonaut/materials/textures/R2_Stanchion_Col_512_Proj.png\n'}
[0.624142] (two_wheeled_robot) StdoutLine: {'line': b'-- Up-to-date: /home/greyflon/lab_2025/install/two_wheeled_robot/share/two_wheeled_robot/models/robonaut/materials/textures/Left_PalmSnap00.png\n'}
[0.624221] (two_wheeled_robot) StdoutLine: {'line': b'-- Up-to-date: /home/greyflon/lab_2025/install/two_wheeled_robot/share/two_wheeled_robot/models/robonaut/materials/textures/R2_Stanchion_11_Col_256.png\n'}
[0.624292] (two_wheeled_robot) StdoutLine: {'line': b'-- Up-to-date: /home/greyflon/lab_2025/install/two_wheeled_robot/share/two_wheeled_robot/models/robonaut/materials/textures/R2_Stanchion_Cover_1_Col_256.png\n'}
[0.624362] (two_wheeled_robot) StdoutLine: {'line': b'-- Up-to-date: /home/greyflon/lab_2025/install/two_wheeled_robot/share/two_wheeled_robot/models/robonaut/materials/textures/helmet_back.png\n'}
[0.624433] (two_wheeled_robot) StdoutLine: {'line': b'-- Up-to-date: /home/greyflon/lab_2025/install/two_wheeled_robot/share/two_wheeled_robot/models/robonaut/materials/textures/R2_Stanchion_Cover_3_Col_256.png\n'}
[0.624503] (two_wheeled_robot) StdoutLine: {'line': b'-- Up-to-date: /home/greyflon/lab_2025/install/two_wheeled_robot/share/two_wheeled_robot/models/robonaut/materials/textures/StanchionKnob.png\n'}
[0.624637] (two_wheeled_robot) StdoutLine: {'line': b'-- Up-to-date: /home/greyflon/lab_2025/install/two_wheeled_robot/share/two_wheeled_robot/models/robonaut/materials/textures/R2_Stanchion_2_Col_256.png\n'}
[0.624716] (two_wheeled_robot) StdoutLine: {'line': b'-- Up-to-date: /home/greyflon/lab_2025/install/two_wheeled_robot/share/two_wheeled_robot/models/robonaut/model.sdf\n'}
[0.624806] (two_wheeled_robot) StdoutLine: {'line': b'-- Up-to-date: /home/greyflon/lab_2025/install/two_wheeled_robot/share/two_wheeled_robot/models/aws_robomaker_residential_RoomWindow_01\n'}
[0.624903] (two_wheeled_robot) StdoutLine: {'line': b'-- Up-to-date: /home/greyflon/lab_2025/install/two_wheeled_robot/share/two_wheeled_robot/models/aws_robomaker_residential_RoomWindow_01/model.config\n'}
[0.625008] (two_wheeled_robot) StdoutLine: {'line': b'-- Up-to-date: /home/greyflon/lab_2025/install/two_wheeled_robot/share/two_wheeled_robot/models/aws_robomaker_residential_RoomWindow_01/meshes\n'}
[0.625086] (two_wheeled_robot) StdoutLine: {'line': b'-- Up-to-date: /home/greyflon/lab_2025/install/two_wheeled_robot/share/two_wheeled_robot/models/aws_robomaker_residential_RoomWindow_01/meshes/aws_RoomWindow_01_visual.DAE\n'}
[0.625156] (two_wheeled_robot) StdoutLine: {'line': b'-- Up-to-date: /home/greyflon/lab_2025/install/two_wheeled_robot/share/two_wheeled_robot/models/aws_robomaker_residential_RoomWindow_01/meshes/aws_RoomWindow_01_collision.DAE\n'}
[0.625236] (two_wheeled_robot) StdoutLine: {'line': b'-- Up-to-date: /home/greyflon/lab_2025/install/two_wheeled_robot/share/two_wheeled_robot/models/aws_robomaker_residential_RoomWindow_01/materials\n'}
[0.625306] (two_wheeled_robot) StdoutLine: {'line': b'-- Up-to-date: /home/greyflon/lab_2025/install/two_wheeled_robot/share/two_wheeled_robot/models/aws_robomaker_residential_RoomWindow_01/materials/textures\n'}
[0.625378] (two_wheeled_robot) StdoutLine: {'line': b'-- Up-to-date: /home/greyflon/lab_2025/install/two_wheeled_robot/share/two_wheeled_robot/models/aws_robomaker_residential_RoomWindow_01/materials/textures/aws_RoomWindow_01.png\n'}
[0.625451] (two_wheeled_robot) StdoutLine: {'line': b'-- Up-to-date: /home/greyflon/lab_2025/install/two_wheeled_robot/share/two_wheeled_robot/models/aws_robomaker_residential_RoomWindow_01/model.sdf\n'}
[0.625523] (two_wheeled_robot) StdoutLine: {'line': b'-- Up-to-date: /home/greyflon/lab_2025/install/two_wheeled_robot/share/two_wheeled_robot/models/warehouse_pallet\n'}
[0.625620] (two_wheeled_robot) StdoutLine: {'line': b'-- Up-to-date: /home/greyflon/lab_2025/install/two_wheeled_robot/share/two_wheeled_robot/models/warehouse_pallet/model.config\n'}
[0.625697] (two_wheeled_robot) StdoutLine: {'line': b'-- Up-to-date: /home/greyflon/lab_2025/install/two_wheeled_robot/share/two_wheeled_robot/models/warehouse_pallet/model.sdf\n'}
[0.625768] (two_wheeled_robot) StdoutLine: {'line': b'-- Up-to-date: /home/greyflon/lab_2025/install/two_wheeled_robot/share/two_wheeled_robot/models/aws_robomaker_residential_SeasoningBox_01\n'}
[0.625850] (two_wheeled_robot) StdoutLine: {'line': b'-- Up-to-date: /home/greyflon/lab_2025/install/two_wheeled_robot/share/two_wheeled_robot/models/aws_robomaker_residential_SeasoningBox_01/model.config\n'}
[0.625918] (two_wheeled_robot) StdoutLine: {'line': b'-- Up-to-date: /home/greyflon/lab_2025/install/two_wheeled_robot/share/two_wheeled_robot/models/aws_robomaker_residential_SeasoningBox_01/meshes\n'}
[0.625982] (two_wheeled_robot) StdoutLine: {'line': b'-- Up-to-date: /home/greyflon/lab_2025/install/two_wheeled_robot/share/two_wheeled_robot/models/aws_robomaker_residential_SeasoningBox_01/meshes/aws_SeasoningBox_01_collision.DAE\n'}
[0.626048] (two_wheeled_robot) StdoutLine: {'line': b'-- Up-to-date: /home/greyflon/lab_2025/install/two_wheeled_robot/share/two_wheeled_robot/models/aws_robomaker_residential_SeasoningBox_01/meshes/aws_SeasoningBox_01_visual.DAE\n'}
[0.626113] (two_wheeled_robot) StdoutLine: {'line': b'-- Up-to-date: /home/greyflon/lab_2025/install/two_wheeled_robot/share/two_wheeled_robot/models/aws_robomaker_residential_SeasoningBox_01/materials\n'}
[0.626194] (two_wheeled_robot) StdoutLine: {'line': b'-- Up-to-date: /home/greyflon/lab_2025/install/two_wheeled_robot/share/two_wheeled_robot/models/aws_robomaker_residential_SeasoningBox_01/materials/textures\n'}
[0.626271] (two_wheeled_robot) StdoutLine: {'line': b'-- Up-to-date: /home/greyflon/lab_2025/install/two_wheeled_robot/share/two_wheeled_robot/models/aws_robomaker_residential_SeasoningBox_01/materials/textures/aws_SeasoningBox_01.png\n'}
[0.626342] (two_wheeled_robot) StdoutLine: {'line': b'-- Up-to-date: /home/greyflon/lab_2025/install/two_wheeled_robot/share/two_wheeled_robot/models/aws_robomaker_residential_SeasoningBox_01/model.sdf\n'}
[0.626413] (two_wheeled_robot) StdoutLine: {'line': b'-- Up-to-date: /home/greyflon/lab_2025/install/two_wheeled_robot/share/two_wheeled_robot/models/aws_robomaker_residential_DeskPortraitA_01\n'}
[0.626486] (two_wheeled_robot) StdoutLine: {'line': b'-- Up-to-date: /home/greyflon/lab_2025/install/two_wheeled_robot/share/two_wheeled_robot/models/aws_robomaker_residential_DeskPortraitA_01/model.config\n'}
[0.626576] (two_wheeled_robot) StdoutLine: {'line': b'-- Up-to-date: /home/greyflon/lab_2025/install/two_wheeled_robot/share/two_wheeled_robot/models/aws_robomaker_residential_DeskPortraitA_01/meshes\n'}
[0.626657] (two_wheeled_robot) StdoutLine: {'line': b'-- Up-to-date: /home/greyflon/lab_2025/install/two_wheeled_robot/share/two_wheeled_robot/models/aws_robomaker_residential_DeskPortraitA_01/meshes/aws_DeskPortraitA_01_visual.DAE\n'}
[0.626739] (two_wheeled_robot) StdoutLine: {'line': b'-- Up-to-date: /home/greyflon/lab_2025/install/two_wheeled_robot/share/two_wheeled_robot/models/aws_robomaker_residential_DeskPortraitA_01/meshes/aws_DeskPortraitA_01_collision.DAE\n'}
[0.626811] (two_wheeled_robot) StdoutLine: {'line': b'-- Up-to-date: /home/greyflon/lab_2025/install/two_wheeled_robot/share/two_wheeled_robot/models/aws_robomaker_residential_DeskPortraitA_01/materials\n'}
[0.626885] (two_wheeled_robot) StdoutLine: {'line': b'-- Up-to-date: /home/greyflon/lab_2025/install/two_wheeled_robot/share/two_wheeled_robot/models/aws_robomaker_residential_DeskPortraitA_01/materials/textures\n'}
[0.626959] (two_wheeled_robot) StdoutLine: {'line': b'-- Up-to-date: /home/greyflon/lab_2025/install/two_wheeled_robot/share/two_wheeled_robot/models/aws_robomaker_residential_DeskPortraitA_01/materials/textures/aws_DeskPortraitA_01.png\n'}
[0.627031] (two_wheeled_robot) StdoutLine: {'line': b'-- Up-to-date: /home/greyflon/lab_2025/install/two_wheeled_robot/share/two_wheeled_robot/models/aws_robomaker_residential_DeskPortraitA_01/materials/textures/DeskPortraitA_01.jpg\n'}
[0.627103] (two_wheeled_robot) StdoutLine: {'line': b'-- Up-to-date: /home/greyflon/lab_2025/install/two_wheeled_robot/share/two_wheeled_robot/models/aws_robomaker_residential_DeskPortraitA_01/materials/textures/aws_DeskPortraitA_02.png\n'}
[0.627174] (two_wheeled_robot) StdoutLine: {'line': b'-- Up-to-date: /home/greyflon/lab_2025/install/two_wheeled_robot/share/two_wheeled_robot/models/aws_robomaker_residential_DeskPortraitA_01/model.sdf\n'}
[0.627245] (two_wheeled_robot) StdoutLine: {'line': b'-- Up-to-date: /home/greyflon/lab_2025/install/two_wheeled_robot/share/two_wheeled_robot/models/house_2\n'}
[0.627317] (two_wheeled_robot) StdoutLine: {'line': b'-- Up-to-date: /home/greyflon/lab_2025/install/two_wheeled_robot/share/two_wheeled_robot/models/house_2/model-1_4.sdf\n'}
[0.627387] (two_wheeled_robot) StdoutLine: {'line': b'-- Up-to-date: /home/greyflon/lab_2025/install/two_wheeled_robot/share/two_wheeled_robot/models/house_2/model.config\n'}
[0.627457] (two_wheeled_robot) StdoutLine: {'line': b'-- Up-to-date: /home/greyflon/lab_2025/install/two_wheeled_robot/share/two_wheeled_robot/models/house_2/meshes\n'}
[0.627527] (two_wheeled_robot) StdoutLine: {'line': b'-- Up-to-date: /home/greyflon/lab_2025/install/two_wheeled_robot/share/two_wheeled_robot/models/house_2/meshes/house_2.dae\n'}
[0.627625] (two_wheeled_robot) StdoutLine: {'line': b'-- Up-to-date: /home/greyflon/lab_2025/install/two_wheeled_robot/share/two_wheeled_robot/models/house_2/materials\n'}
[0.627701] (two_wheeled_robot) StdoutLine: {'line': b'-- Up-to-date: /home/greyflon/lab_2025/install/two_wheeled_robot/share/two_wheeled_robot/models/house_2/materials/scripts\n'}
[0.627776] (two_wheeled_robot) StdoutLine: {'line': b'-- Up-to-date: /home/greyflon/lab_2025/install/two_wheeled_robot/share/two_wheeled_robot/models/house_2/materials/scripts/house_2.material\n'}
[0.627846] (two_wheeled_robot) StdoutLine: {'line': b'-- Up-to-date: /home/greyflon/lab_2025/install/two_wheeled_robot/share/two_wheeled_robot/models/house_2/materials/textures\n'}
[0.628092] (two_wheeled_robot) StdoutLine: {'line': b'-- Up-to-date: /home/greyflon/lab_2025/install/two_wheeled_robot/share/two_wheeled_robot/models/house_2/materials/textures/House_2_Diffuse.png\n'}
[0.628200] (two_wheeled_robot) StdoutLine: {'line': b'-- Up-to-date: /home/greyflon/lab_2025/install/two_wheeled_robot/share/two_wheeled_robot/models/house_2/model.sdf\n'}
[0.628288] (two_wheeled_robot) StdoutLine: {'line': b'-- Up-to-date: /home/greyflon/lab_2025/install/two_wheeled_robot/share/two_wheeled_robot/models/house_2/model-1_3.sdf\n'}
[0.628359] (two_wheeled_robot) StdoutLine: {'line': b'-- Up-to-date: /home/greyflon/lab_2025/install/two_wheeled_robot/share/two_wheeled_robot/models/InstrumentCart1\n'}
[0.628430] (two_wheeled_robot) StdoutLine: {'line': b'-- Up-to-date: /home/greyflon/lab_2025/install/two_wheeled_robot/share/two_wheeled_robot/models/InstrumentCart1/model.config\n'}
[0.628512] (two_wheeled_robot) StdoutLine: {'line': b'-- Up-to-date: /home/greyflon/lab_2025/install/two_wheeled_robot/share/two_wheeled_robot/models/InstrumentCart1/meshes\n'}
[0.628753] (two_wheeled_robot) StdoutLine: {'line': b'-- Up-to-date: /home/greyflon/lab_2025/install/two_wheeled_robot/share/two_wheeled_robot/models/InstrumentCart1/meshes/InstrumentCart1.mtl\n'}
[0.628834] (two_wheeled_robot) StdoutLine: {'line': b'-- Up-to-date: /home/greyflon/lab_2025/install/two_wheeled_robot/share/two_wheeled_robot/models/InstrumentCart1/meshes/texture.png\n'}
[0.628907] (two_wheeled_robot) StdoutLine: {'line': b'-- Up-to-date: /home/greyflon/lab_2025/install/two_wheeled_robot/share/two_wheeled_robot/models/InstrumentCart1/meshes/InstrumentCart1.obj\n'}
[0.628977] (two_wheeled_robot) StdoutLine: {'line': b'-- Up-to-date: /home/greyflon/lab_2025/install/two_wheeled_robot/share/two_wheeled_robot/models/InstrumentCart1/thumbnails\n'}
[0.629050] (two_wheeled_robot) StdoutLine: {'line': b'-- Up-to-date: /home/greyflon/lab_2025/install/two_wheeled_robot/share/two_wheeled_robot/models/InstrumentCart1/thumbnails/5.png\n'}
[0.629123] (two_wheeled_robot) StdoutLine: {'line': b'-- Up-to-date: /home/greyflon/lab_2025/install/two_wheeled_robot/share/two_wheeled_robot/models/InstrumentCart1/thumbnails/1.png\n'}
[0.629194] (two_wheeled_robot) StdoutLine: {'line': b'-- Up-to-date: /home/greyflon/lab_2025/install/two_wheeled_robot/share/two_wheeled_robot/models/InstrumentCart1/thumbnails/2.png\n'}
[0.629273] (two_wheeled_robot) StdoutLine: {'line': b'-- Up-to-date: /home/greyflon/lab_2025/install/two_wheeled_robot/share/two_wheeled_robot/models/InstrumentCart1/thumbnails/4.png\n'}
[0.629368] (two_wheeled_robot) StdoutLine: {'line': b'-- Up-to-date: /home/greyflon/lab_2025/install/two_wheeled_robot/share/two_wheeled_robot/models/InstrumentCart1/thumbnails/3.png\n'}
[0.629462] (two_wheeled_robot) StdoutLine: {'line': b'-- Up-to-date: /home/greyflon/lab_2025/install/two_wheeled_robot/share/two_wheeled_robot/models/InstrumentCart1/model.sdf\n'}
[0.629534] (two_wheeled_robot) StdoutLine: {'line': b'-- Up-to-date: /home/greyflon/lab_2025/install/two_wheeled_robot/share/two_wheeled_robot/models/aws_robomaker_residential_PortraitC_01\n'}
[0.629637] (two_wheeled_robot) StdoutLine: {'line': b'-- Up-to-date: /home/greyflon/lab_2025/install/two_wheeled_robot/share/two_wheeled_robot/models/aws_robomaker_residential_PortraitC_01/model.config\n'}
[0.629713] (two_wheeled_robot) StdoutLine: {'line': b'-- Up-to-date: /home/greyflon/lab_2025/install/two_wheeled_robot/share/two_wheeled_robot/models/aws_robomaker_residential_PortraitC_01/meshes\n'}
[0.629782] (two_wheeled_robot) StdoutLine: {'line': b'-- Up-to-date: /home/greyflon/lab_2025/install/two_wheeled_robot/share/two_wheeled_robot/models/aws_robomaker_residential_PortraitC_01/meshes/aws_PortraitC_01_collision.DAE\n'}
[0.629854] (two_wheeled_robot) StdoutLine: {'line': b'-- Up-to-date: /home/greyflon/lab_2025/install/two_wheeled_robot/share/two_wheeled_robot/models/aws_robomaker_residential_PortraitC_01/meshes/aws_PortraitC_01_visual.DAE\n'}
[0.629928] (two_wheeled_robot) StdoutLine: {'line': b'-- Up-to-date: /home/greyflon/lab_2025/install/two_wheeled_robot/share/two_wheeled_robot/models/aws_robomaker_residential_PortraitC_01/materials\n'}
[0.630001] (two_wheeled_robot) StdoutLine: {'line': b'-- Up-to-date: /home/greyflon/lab_2025/install/two_wheeled_robot/share/two_wheeled_robot/models/aws_robomaker_residential_PortraitC_01/materials/textures\n'}
[0.630074] (two_wheeled_robot) StdoutLine: {'line': b'-- Up-to-date: /home/greyflon/lab_2025/install/two_wheeled_robot/share/two_wheeled_robot/models/aws_robomaker_residential_PortraitC_01/materials/textures/aws_PortraitC_02.png\n'}
[0.630145] (two_wheeled_robot) StdoutLine: {'line': b'-- Up-to-date: /home/greyflon/lab_2025/install/two_wheeled_robot/share/two_wheeled_robot/models/aws_robomaker_residential_PortraitC_01/materials/textures/aws_PortraitC_01.png\n'}
[0.630226] (two_wheeled_robot) StdoutLine: {'line': b'-- Up-to-date: /home/greyflon/lab_2025/install/two_wheeled_robot/share/two_wheeled_robot/models/aws_robomaker_residential_PortraitC_01/materials/textures/PortraitC_01.jpg\n'}
[0.630297] (two_wheeled_robot) StdoutLine: {'line': b'-- Up-to-date: /home/greyflon/lab_2025/install/two_wheeled_robot/share/two_wheeled_robot/models/aws_robomaker_residential_PortraitC_01/model.sdf\n'}
[0.630370] (two_wheeled_robot) StdoutLine: {'line': b'-- Up-to-date: /home/greyflon/lab_2025/install/two_wheeled_robot/share/two_wheeled_robot/models/aws_robomaker_residential_PortraitE_02\n'}
[0.630441] (two_wheeled_robot) StdoutLine: {'line': b'-- Up-to-date: /home/greyflon/lab_2025/install/two_wheeled_robot/share/two_wheeled_robot/models/aws_robomaker_residential_PortraitE_02/model.config\n'}
[0.630593] (two_wheeled_robot) StdoutLine: {'line': b'-- Up-to-date: /home/greyflon/lab_2025/install/two_wheeled_robot/share/two_wheeled_robot/models/aws_robomaker_residential_PortraitE_02/meshes\n'}
[0.630679] (two_wheeled_robot) StdoutLine: {'line': b'-- Up-to-date: /home/greyflon/lab_2025/install/two_wheeled_robot/share/two_wheeled_robot/models/aws_robomaker_residential_PortraitE_02/meshes/aws_PortraitE_01_visual.DAE\n'}
[0.630752] (two_wheeled_robot) StdoutLine: {'line': b'-- Up-to-date: /home/greyflon/lab_2025/install/two_wheeled_robot/share/two_wheeled_robot/models/aws_robomaker_residential_PortraitE_02/meshes/aws_PortraitE_01_collision.DAE\n'}
[0.630829] (two_wheeled_robot) StdoutLine: {'line': b'-- Up-to-date: /home/greyflon/lab_2025/install/two_wheeled_robot/share/two_wheeled_robot/models/aws_robomaker_residential_PortraitE_02/materials\n'}
[0.630901] (two_wheeled_robot) StdoutLine: {'line': b'-- Up-to-date: /home/greyflon/lab_2025/install/two_wheeled_robot/share/two_wheeled_robot/models/aws_robomaker_residential_PortraitE_02/materials/textures\n'}
[0.630975] (two_wheeled_robot) StdoutLine: {'line': b'-- Up-to-date: /home/greyflon/lab_2025/install/two_wheeled_robot/share/two_wheeled_robot/models/aws_robomaker_residential_PortraitE_02/materials/textures/aws_PortraitE_01.png\n'}
[0.631046] (two_wheeled_robot) StdoutLine: {'line': b'-- Up-to-date: /home/greyflon/lab_2025/install/two_wheeled_robot/share/two_wheeled_robot/models/aws_robomaker_residential_PortraitE_02/materials/textures/aws_PortraitE_02.png\n'}
[0.631118] (two_wheeled_robot) StdoutLine: {'line': b'-- Up-to-date: /home/greyflon/lab_2025/install/two_wheeled_robot/share/two_wheeled_robot/models/aws_robomaker_residential_PortraitE_02/materials/textures/PortraitE_02.jpg\n'}
[0.631188] (two_wheeled_robot) StdoutLine: {'line': b'-- Up-to-date: /home/greyflon/lab_2025/install/two_wheeled_robot/share/two_wheeled_robot/models/aws_robomaker_residential_PortraitE_02/model.sdf\n'}
[0.631261] (two_wheeled_robot) StdoutLine: {'line': b'-- Up-to-date: /home/greyflon/lab_2025/install/two_wheeled_robot/share/two_wheeled_robot/models/aws_robomaker_residential_ChairA_01\n'}
[0.631331] (two_wheeled_robot) StdoutLine: {'line': b'-- Up-to-date: /home/greyflon/lab_2025/install/two_wheeled_robot/share/two_wheeled_robot/models/aws_robomaker_residential_ChairA_01/model.config\n'}
[0.631401] (two_wheeled_robot) StdoutLine: {'line': b'-- Up-to-date: /home/greyflon/lab_2025/install/two_wheeled_robot/share/two_wheeled_robot/models/aws_robomaker_residential_ChairA_01/meshes\n'}
[0.631473] (two_wheeled_robot) StdoutLine: {'line': b'-- Up-to-date: /home/greyflon/lab_2025/install/two_wheeled_robot/share/two_wheeled_robot/models/aws_robomaker_residential_ChairA_01/meshes/aws_ChairA_01_visual.DAE\n'}
[0.631576] (two_wheeled_robot) StdoutLine: {'line': b'-- Up-to-date: /home/greyflon/lab_2025/install/two_wheeled_robot/share/two_wheeled_robot/models/aws_robomaker_residential_ChairA_01/meshes/aws_ChairA_01_collision.DAE\n'}
[0.631720] (two_wheeled_robot) StdoutLine: {'line': b'-- Up-to-date: /home/greyflon/lab_2025/install/two_wheeled_robot/share/two_wheeled_robot/models/aws_robomaker_residential_ChairA_01/materials\n'}
[0.631803] (two_wheeled_robot) StdoutLine: {'line': b'-- Up-to-date: /home/greyflon/lab_2025/install/two_wheeled_robot/share/two_wheeled_robot/models/aws_robomaker_residential_ChairA_01/materials/textures\n'}
[0.631886] (two_wheeled_robot) StdoutLine: {'line': b'-- Up-to-date: /home/greyflon/lab_2025/install/two_wheeled_robot/share/two_wheeled_robot/models/aws_robomaker_residential_ChairA_01/materials/textures/aws_ChairA_01.png\n'}
[0.631959] (two_wheeled_robot) StdoutLine: {'line': b'-- Up-to-date: /home/greyflon/lab_2025/install/two_wheeled_robot/share/two_wheeled_robot/models/aws_robomaker_residential_ChairA_01/model.sdf\n'}
[0.632032] (two_wheeled_robot) StdoutLine: {'line': b'-- Up-to-date: /home/greyflon/lab_2025/install/two_wheeled_robot/share/two_wheeled_robot/models/aws_robomaker_residential_KitchenCabinet_01\n'}
[0.632105] (two_wheeled_robot) StdoutLine: {'line': b'-- Up-to-date: /home/greyflon/lab_2025/install/two_wheeled_robot/share/two_wheeled_robot/models/aws_robomaker_residential_KitchenCabinet_01/model.config\n'}
[0.632177] (two_wheeled_robot) StdoutLine: {'line': b'-- Up-to-date: /home/greyflon/lab_2025/install/two_wheeled_robot/share/two_wheeled_robot/models/aws_robomaker_residential_KitchenCabinet_01/meshes\n'}
[0.632249] (two_wheeled_robot) StdoutLine: {'line': b'-- Up-to-date: /home/greyflon/lab_2025/install/two_wheeled_robot/share/two_wheeled_robot/models/aws_robomaker_residential_KitchenCabinet_01/meshes/aws_KitchenCabinet_01_collision.DAE\n'}
[0.632321] (two_wheeled_robot) StdoutLine: {'line': b'-- Up-to-date: /home/greyflon/lab_2025/install/two_wheeled_robot/share/two_wheeled_robot/models/aws_robomaker_residential_KitchenCabinet_01/meshes/aws_KitchenCabinet_01_visual.DAE\n'}
[0.632395] (two_wheeled_robot) StdoutLine: {'line': b'-- Up-to-date: /home/greyflon/lab_2025/install/two_wheeled_robot/share/two_wheeled_robot/models/aws_robomaker_residential_KitchenCabinet_01/materials\n'}
[0.632465] (two_wheeled_robot) StdoutLine: {'line': b'-- Up-to-date: /home/greyflon/lab_2025/install/two_wheeled_robot/share/two_wheeled_robot/models/aws_robomaker_residential_KitchenCabinet_01/materials/textures\n'}
[0.632536] (two_wheeled_robot) StdoutLine: {'line': b'-- Up-to-date: /home/greyflon/lab_2025/install/two_wheeled_robot/share/two_wheeled_robot/models/aws_robomaker_residential_KitchenCabinet_01/materials/textures/aws_KitchenCabinet_01.png\n'}
[0.632648] (two_wheeled_robot) StdoutLine: {'line': b'-- Up-to-date: /home/greyflon/lab_2025/install/two_wheeled_robot/share/two_wheeled_robot/models/aws_robomaker_residential_KitchenCabinet_01/model.sdf\n'}
[0.632726] (two_wheeled_robot) StdoutLine: {'line': b'-- Up-to-date: /home/greyflon/lab_2025/install/two_wheeled_robot/share/two_wheeled_robot/models/aws_robomaker_residential_FitnessEquipment_01\n'}
[0.632801] (two_wheeled_robot) StdoutLine: {'line': b'-- Up-to-date: /home/greyflon/lab_2025/install/two_wheeled_robot/share/two_wheeled_robot/models/aws_robomaker_residential_FitnessEquipment_01/model.config\n'}
[0.632873] (two_wheeled_robot) StdoutLine: {'line': b'-- Up-to-date: /home/greyflon/lab_2025/install/two_wheeled_robot/share/two_wheeled_robot/models/aws_robomaker_residential_FitnessEquipment_01/meshes\n'}
[0.632944] (two_wheeled_robot) StdoutLine: {'line': b'-- Up-to-date: /home/greyflon/lab_2025/install/two_wheeled_robot/share/two_wheeled_robot/models/aws_robomaker_residential_FitnessEquipment_01/meshes/aws_FitnessEquipment_01_collision.DAE\n'}
[0.633015] (two_wheeled_robot) StdoutLine: {'line': b'-- Up-to-date: /home/greyflon/lab_2025/install/two_wheeled_robot/share/two_wheeled_robot/models/aws_robomaker_residential_FitnessEquipment_01/meshes/aws_FitnessEquipment_01_visual.DAE\n'}
[0.633085] (two_wheeled_robot) StdoutLine: {'line': b'-- Up-to-date: /home/greyflon/lab_2025/install/two_wheeled_robot/share/two_wheeled_robot/models/aws_robomaker_residential_FitnessEquipment_01/materials\n'}
[0.633157] (two_wheeled_robot) StdoutLine: {'line': b'-- Up-to-date: /home/greyflon/lab_2025/install/two_wheeled_robot/share/two_wheeled_robot/models/aws_robomaker_residential_FitnessEquipment_01/materials/textures\n'}
[0.633237] (two_wheeled_robot) StdoutLine: {'line': b'-- Up-to-date: /home/greyflon/lab_2025/install/two_wheeled_robot/share/two_wheeled_robot/models/aws_robomaker_residential_FitnessEquipment_01/materials/textures/aws_FitnessEquipment_01.png\n'}
[0.633309] (two_wheeled_robot) StdoutLine: {'line': b'-- Up-to-date: /home/greyflon/lab_2025/install/two_wheeled_robot/share/two_wheeled_robot/models/aws_robomaker_residential_FitnessEquipment_01/model.sdf\n'}
[0.633380] (two_wheeled_robot) StdoutLine: {'line': b'-- Up-to-date: /home/greyflon/lab_2025/install/two_wheeled_robot/share/two_wheeled_robot/models/aws_robomaker_residential_Handle_01\n'}
[0.633449] (two_wheeled_robot) StdoutLine: {'line': b'-- Up-to-date: /home/greyflon/lab_2025/install/two_wheeled_robot/share/two_wheeled_robot/models/aws_robomaker_residential_Handle_01/model.config\n'}
[0.633521] (two_wheeled_robot) StdoutLine: {'line': b'-- Up-to-date: /home/greyflon/lab_2025/install/two_wheeled_robot/share/two_wheeled_robot/models/aws_robomaker_residential_Handle_01/meshes\n'}
[0.633619] (two_wheeled_robot) StdoutLine: {'line': b'-- Up-to-date: /home/greyflon/lab_2025/install/two_wheeled_robot/share/two_wheeled_robot/models/aws_robomaker_residential_Handle_01/meshes/aws_Handle_01_collision.DAE\n'}
[0.633692] (two_wheeled_robot) StdoutLine: {'line': b'-- Up-to-date: /home/greyflon/lab_2025/install/two_wheeled_robot/share/two_wheeled_robot/models/aws_robomaker_residential_Handle_01/meshes/aws_Handle_01_visual.DAE\n'}
[0.633766] (two_wheeled_robot) StdoutLine: {'line': b'-- Up-to-date: /home/greyflon/lab_2025/install/two_wheeled_robot/share/two_wheeled_robot/models/aws_robomaker_residential_Handle_01/materials\n'}
[0.633837] (two_wheeled_robot) StdoutLine: {'line': b'-- Up-to-date: /home/greyflon/lab_2025/install/two_wheeled_robot/share/two_wheeled_robot/models/aws_robomaker_residential_Handle_01/materials/textures\n'}
[0.633910] (two_wheeled_robot) StdoutLine: {'line': b'-- Up-to-date: /home/greyflon/lab_2025/install/two_wheeled_robot/share/two_wheeled_robot/models/aws_robomaker_residential_Handle_01/materials/textures/aws_Handle_01.png\n'}
[0.633980] (two_wheeled_robot) StdoutLine: {'line': b'-- Up-to-date: /home/greyflon/lab_2025/install/two_wheeled_robot/share/two_wheeled_robot/models/aws_robomaker_residential_Handle_01/model.sdf\n'}
[0.634052] (two_wheeled_robot) StdoutLine: {'line': b'-- Up-to-date: /home/greyflon/lab_2025/install/two_wheeled_robot/share/two_wheeled_robot/models/conference_table_large\n'}
[0.634122] (two_wheeled_robot) StdoutLine: {'line': b'-- Up-to-date: /home/greyflon/lab_2025/install/two_wheeled_robot/share/two_wheeled_robot/models/conference_table_large/model.config\n'}
[0.634192] (two_wheeled_robot) StdoutLine: {'line': b'-- Up-to-date: /home/greyflon/lab_2025/install/two_wheeled_robot/share/two_wheeled_robot/models/conference_table_large/meshes\n'}
[0.634261] (two_wheeled_robot) StdoutLine: {'line': b'-- Up-to-date: /home/greyflon/lab_2025/install/two_wheeled_robot/share/two_wheeled_robot/models/conference_table_large/meshes/conference_table_large.mtl\n'}
[0.634330] (two_wheeled_robot) StdoutLine: {'line': b'-- Up-to-date: /home/greyflon/lab_2025/install/two_wheeled_robot/share/two_wheeled_robot/models/conference_table_large/meshes/conference_table_large.obj\n'}
[0.634399] (two_wheeled_robot) StdoutLine: {'line': b'-- Up-to-date: /home/greyflon/lab_2025/install/two_wheeled_robot/share/two_wheeled_robot/models/conference_table_large/model.sdf\n'}
[0.634471] (two_wheeled_robot) StdoutLine: {'line': b'-- Up-to-date: /home/greyflon/lab_2025/install/two_wheeled_robot/share/two_wheeled_robot/models/office_lamp\n'}
[0.634541] (two_wheeled_robot) StdoutLine: {'line': b'-- Up-to-date: /home/greyflon/lab_2025/install/two_wheeled_robot/share/two_wheeled_robot/models/office_lamp/model.config\n'}
[0.634652] (two_wheeled_robot) StdoutLine: {'line': b'-- Up-to-date: /home/greyflon/lab_2025/install/two_wheeled_robot/share/two_wheeled_robot/models/office_lamp/meshes\n'}
[0.634810] (two_wheeled_robot) StdoutLine: {'line': b'-- Up-to-date: /home/greyflon/lab_2025/install/two_wheeled_robot/share/two_wheeled_robot/models/office_lamp/meshes/office_lamp.dae\n'}
[0.634893] (two_wheeled_robot) StdoutLine: {'line': b'-- Up-to-date: /home/greyflon/lab_2025/install/two_wheeled_robot/share/two_wheeled_robot/models/office_lamp/materials\n'}
[0.634964] (two_wheeled_robot) StdoutLine: {'line': b'-- Up-to-date: /home/greyflon/lab_2025/install/two_wheeled_robot/share/two_wheeled_robot/models/office_lamp/materials/textures\n'}
[0.635032] (two_wheeled_robot) StdoutLine: {'line': b'-- Up-to-date: /home/greyflon/lab_2025/install/two_wheeled_robot/share/two_wheeled_robot/models/office_lamp/materials/textures/office_lamp_diffuse.png\n'}
[0.635104] (two_wheeled_robot) StdoutLine: {'line': b'-- Up-to-date: /home/greyflon/lab_2025/install/two_wheeled_robot/share/two_wheeled_robot/models/office_lamp/materials/textures/office_lamp_illumination.png\n'}
[0.635175] (two_wheeled_robot) StdoutLine: {'line': b'-- Up-to-date: /home/greyflon/lab_2025/install/two_wheeled_robot/share/two_wheeled_robot/models/office_lamp/materials/textures/office_lamp_specular.png\n'}
[0.635246] (two_wheeled_robot) StdoutLine: {'line': b'-- Up-to-date: /home/greyflon/lab_2025/install/two_wheeled_robot/share/two_wheeled_robot/models/office_lamp/model.sdf\n'}
[0.635315] (two_wheeled_robot) StdoutLine: {'line': b'-- Up-to-date: /home/greyflon/lab_2025/install/two_wheeled_robot/share/two_wheeled_robot/models/KitchenSink\n'}
[0.635387] (two_wheeled_robot) StdoutLine: {'line': b'-- Up-to-date: /home/greyflon/lab_2025/install/two_wheeled_robot/share/two_wheeled_robot/models/KitchenSink/model.config\n'}
[0.635458] (two_wheeled_robot) StdoutLine: {'line': b'-- Up-to-date: /home/greyflon/lab_2025/install/two_wheeled_robot/share/two_wheeled_robot/models/KitchenSink/meshes\n'}
[0.635530] (two_wheeled_robot) StdoutLine: {'line': b'-- Up-to-date: /home/greyflon/lab_2025/install/two_wheeled_robot/share/two_wheeled_robot/models/KitchenSink/meshes/kitchenSink.mtl\n'}
[0.635628] (two_wheeled_robot) StdoutLine: {'line': b'-- Up-to-date: /home/greyflon/lab_2025/install/two_wheeled_robot/share/two_wheeled_robot/models/KitchenSink/meshes/kitchenSink.obj\n'}
[0.635702] (two_wheeled_robot) StdoutLine: {'line': b'-- Up-to-date: /home/greyflon/lab_2025/install/two_wheeled_robot/share/two_wheeled_robot/models/KitchenSink/thumbnails\n'}
[0.635774] (two_wheeled_robot) StdoutLine: {'line': b'-- Up-to-date: /home/greyflon/lab_2025/install/two_wheeled_robot/share/two_wheeled_robot/models/KitchenSink/thumbnails/5.png\n'}
[0.635844] (two_wheeled_robot) StdoutLine: {'line': b'-- Up-to-date: /home/greyflon/lab_2025/install/two_wheeled_robot/share/two_wheeled_robot/models/KitchenSink/thumbnails/1.png\n'}
[0.635915] (two_wheeled_robot) StdoutLine: {'line': b'-- Up-to-date: /home/greyflon/lab_2025/install/two_wheeled_robot/share/two_wheeled_robot/models/KitchenSink/thumbnails/2.png\n'}
[0.635987] (two_wheeled_robot) StdoutLine: {'line': b'-- Up-to-date: /home/greyflon/lab_2025/install/two_wheeled_robot/share/two_wheeled_robot/models/KitchenSink/thumbnails/4.png\n'}
[0.636058] (two_wheeled_robot) StdoutLine: {'line': b'-- Up-to-date: /home/greyflon/lab_2025/install/two_wheeled_robot/share/two_wheeled_robot/models/KitchenSink/thumbnails/3.png\n'}
[0.636128] (two_wheeled_robot) StdoutLine: {'line': b'-- Up-to-date: /home/greyflon/lab_2025/install/two_wheeled_robot/share/two_wheeled_robot/models/KitchenSink/model.sdf\n'}
[0.636199] (two_wheeled_robot) StdoutLine: {'line': b'-- Up-to-date: /home/greyflon/lab_2025/install/two_wheeled_robot/share/two_wheeled_robot/models/prius_hybrid\n'}
[0.636270] (two_wheeled_robot) StdoutLine: {'line': b'-- Up-to-date: /home/greyflon/lab_2025/install/two_wheeled_robot/share/two_wheeled_robot/models/prius_hybrid/model.config\n'}
[0.636341] (two_wheeled_robot) StdoutLine: {'line': b'-- Up-to-date: /home/greyflon/lab_2025/install/two_wheeled_robot/share/two_wheeled_robot/models/prius_hybrid/meshes\n'}
[0.636413] (two_wheeled_robot) StdoutLine: {'line': b'-- Up-to-date: /home/greyflon/lab_2025/install/two_wheeled_robot/share/two_wheeled_robot/models/prius_hybrid/meshes/Hybrid.mtl\n'}
[0.636489] (two_wheeled_robot) StdoutLine: {'line': b'-- Up-to-date: /home/greyflon/lab_2025/install/two_wheeled_robot/share/two_wheeled_robot/models/prius_hybrid/meshes/Hybrid.obj\n'}
[0.636582] (two_wheeled_robot) StdoutLine: {'line': b'-- Up-to-date: /home/greyflon/lab_2025/install/two_wheeled_robot/share/two_wheeled_robot/models/prius_hybrid/materials\n'}
[0.636664] (two_wheeled_robot) StdoutLine: {'line': b'-- Up-to-date: /home/greyflon/lab_2025/install/two_wheeled_robot/share/two_wheeled_robot/models/prius_hybrid/materials/textures\n'}
[0.636735] (two_wheeled_robot) StdoutLine: {'line': b'-- Up-to-date: /home/greyflon/lab_2025/install/two_wheeled_robot/share/two_wheeled_robot/models/prius_hybrid/materials/textures/Hybrid_Interior.png\n'}
[0.636806] (two_wheeled_robot) StdoutLine: {'line': b'-- Up-to-date: /home/greyflon/lab_2025/install/two_wheeled_robot/share/two_wheeled_robot/models/prius_hybrid/materials/textures/Wheels3.png\n'}
[0.636876] (two_wheeled_robot) StdoutLine: {'line': b'-- Up-to-date: /home/greyflon/lab_2025/install/two_wheeled_robot/share/two_wheeled_robot/models/prius_hybrid/materials/textures/Hybrid.png\n'}
[0.636953] (two_wheeled_robot) StdoutLine: {'line': b'-- Up-to-date: /home/greyflon/lab_2025/install/two_wheeled_robot/share/two_wheeled_robot/models/prius_hybrid/model.sdf\n'}
[0.637024] (two_wheeled_robot) StdoutLine: {'line': b'-- Up-to-date: /home/greyflon/lab_2025/install/two_wheeled_robot/share/two_wheeled_robot/models/construction_barrel\n'}
[0.637095] (two_wheeled_robot) StdoutLine: {'line': b'-- Up-to-date: /home/greyflon/lab_2025/install/two_wheeled_robot/share/two_wheeled_robot/models/construction_barrel/model-1_4.sdf\n'}
[0.637193] (two_wheeled_robot) StdoutLine: {'line': b'-- Up-to-date: /home/greyflon/lab_2025/install/two_wheeled_robot/share/two_wheeled_robot/models/construction_barrel/model.config\n'}
[0.637267] (two_wheeled_robot) StdoutLine: {'line': b'-- Up-to-date: /home/greyflon/lab_2025/install/two_wheeled_robot/share/two_wheeled_robot/models/construction_barrel/meshes\n'}
[0.637337] (two_wheeled_robot) StdoutLine: {'line': b'-- Up-to-date: /home/greyflon/lab_2025/install/two_wheeled_robot/share/two_wheeled_robot/models/construction_barrel/meshes/construction_barrel.dae\n'}
[0.637408] (two_wheeled_robot) StdoutLine: {'line': b'-- Up-to-date: /home/greyflon/lab_2025/install/two_wheeled_robot/share/two_wheeled_robot/models/construction_barrel/materials\n'}
[0.637478] (two_wheeled_robot) StdoutLine: {'line': b'-- Up-to-date: /home/greyflon/lab_2025/install/two_wheeled_robot/share/two_wheeled_robot/models/construction_barrel/materials/textures\n'}
[0.637607] (two_wheeled_robot) StdoutLine: {'line': b'-- Up-to-date: /home/greyflon/lab_2025/install/two_wheeled_robot/share/two_wheeled_robot/models/construction_barrel/materials/textures/Construction_Barrel_Spec.png\n'}
[0.637692] (two_wheeled_robot) StdoutLine: {'line': b'-- Up-to-date: /home/greyflon/lab_2025/install/two_wheeled_robot/share/two_wheeled_robot/models/construction_barrel/materials/textures/Construction_Barrel_Diffuse.png\n'}
[0.637763] (two_wheeled_robot) StdoutLine: {'line': b'-- Up-to-date: /home/greyflon/lab_2025/install/two_wheeled_robot/share/two_wheeled_robot/models/construction_barrel/model.sdf\n'}
[0.637834] (two_wheeled_robot) StdoutLine: {'line': b'-- Up-to-date: /home/greyflon/lab_2025/install/two_wheeled_robot/share/two_wheeled_robot/models/construction_barrel/model-1_3.sdf\n'}
[0.637906] (two_wheeled_robot) StdoutLine: {'line': b'-- Up-to-date: /home/greyflon/lab_2025/install/two_wheeled_robot/share/two_wheeled_robot/models/BMWCart\n'}
[0.637975] (two_wheeled_robot) StdoutLine: {'line': b'-- Up-to-date: /home/greyflon/lab_2025/install/two_wheeled_robot/share/two_wheeled_robot/models/BMWCart/model.config\n'}
[0.638045] (two_wheeled_robot) StdoutLine: {'line': b'-- Up-to-date: /home/greyflon/lab_2025/install/two_wheeled_robot/share/two_wheeled_robot/models/BMWCart/meshes\n'}
[0.638115] (two_wheeled_robot) StdoutLine: {'line': b'-- Up-to-date: /home/greyflon/lab_2025/install/two_wheeled_robot/share/two_wheeled_robot/models/BMWCart/meshes/Cart_BMW_Col.mtl\n'}
[0.638222] (two_wheeled_robot) StdoutLine: {'line': b'-- Up-to-date: /home/greyflon/lab_2025/install/two_wheeled_robot/share/two_wheeled_robot/models/BMWCart/meshes/Cart_BMW.mtl\n'}
[0.638307] (two_wheeled_robot) StdoutLine: {'line': b'-- Up-to-date: /home/greyflon/lab_2025/install/two_wheeled_robot/share/two_wheeled_robot/models/BMWCart/meshes/Carts_Wheels_Diffuse.png\n'}
[0.638377] (two_wheeled_robot) StdoutLine: {'line': b'-- Up-to-date: /home/greyflon/lab_2025/install/two_wheeled_robot/share/two_wheeled_robot/models/BMWCart/meshes/Cart_BMW_Col.obj\n'}
[0.638448] (two_wheeled_robot) StdoutLine: {'line': b'-- Up-to-date: /home/greyflon/lab_2025/install/two_wheeled_robot/share/two_wheeled_robot/models/BMWCart/meshes/Cart_BMW_SpecGloss.png\n'}
[0.638519] (two_wheeled_robot) StdoutLine: {'line': b'-- Up-to-date: /home/greyflon/lab_2025/install/two_wheeled_robot/share/two_wheeled_robot/models/BMWCart/meshes/Cart_BMW_Diffuse.png\n'}
[0.638665] (two_wheeled_robot) StdoutLine: {'line': b'-- Up-to-date: /home/greyflon/lab_2025/install/two_wheeled_robot/share/two_wheeled_robot/models/BMWCart/meshes/Cart_BMW.obj\n'}
[0.638743] (two_wheeled_robot) StdoutLine: {'line': b'-- Up-to-date: /home/greyflon/lab_2025/install/two_wheeled_robot/share/two_wheeled_robot/models/BMWCart/meshes/Cart_BMW_Normal.png\n'}
[0.638813] (two_wheeled_robot) StdoutLine: {'line': b'-- Up-to-date: /home/greyflon/lab_2025/install/two_wheeled_robot/share/two_wheeled_robot/models/BMWCart/thumbnails\n'}
[0.638884] (two_wheeled_robot) StdoutLine: {'line': b'-- Up-to-date: /home/greyflon/lab_2025/install/two_wheeled_robot/share/two_wheeled_robot/models/BMWCart/thumbnails/5.png\n'}
[0.638956] (two_wheeled_robot) StdoutLine: {'line': b'-- Up-to-date: /home/greyflon/lab_2025/install/two_wheeled_robot/share/two_wheeled_robot/models/BMWCart/thumbnails/1.png\n'}
[0.639027] (two_wheeled_robot) StdoutLine: {'line': b'-- Up-to-date: /home/greyflon/lab_2025/install/two_wheeled_robot/share/two_wheeled_robot/models/BMWCart/thumbnails/2.png\n'}
[0.639098] (two_wheeled_robot) StdoutLine: {'line': b'-- Up-to-date: /home/greyflon/lab_2025/install/two_wheeled_robot/share/two_wheeled_robot/models/BMWCart/thumbnails/4.png\n'}
[0.639169] (two_wheeled_robot) StdoutLine: {'line': b'-- Up-to-date: /home/greyflon/lab_2025/install/two_wheeled_robot/share/two_wheeled_robot/models/BMWCart/thumbnails/3.png\n'}
[0.639239] (two_wheeled_robot) StdoutLine: {'line': b'-- Up-to-date: /home/greyflon/lab_2025/install/two_wheeled_robot/share/two_wheeled_robot/models/BMWCart/model.sdf\n'}
[0.639317] (two_wheeled_robot) StdoutLine: {'line': b'-- Up-to-date: /home/greyflon/lab_2025/install/two_wheeled_robot/share/two_wheeled_robot/models/PatientFSit\n'}
[0.639398] (two_wheeled_robot) StdoutLine: {'line': b'-- Up-to-date: /home/greyflon/lab_2025/install/two_wheeled_robot/share/two_wheeled_robot/models/PatientFSit/model.config\n'}
[0.639472] (two_wheeled_robot) StdoutLine: {'line': b'-- Up-to-date: /home/greyflon/lab_2025/install/two_wheeled_robot/share/two_wheeled_robot/models/PatientFSit/meshes\n'}
[0.639563] (two_wheeled_robot) StdoutLine: {'line': b'-- Up-to-date: /home/greyflon/lab_2025/install/two_wheeled_robot/share/two_wheeled_robot/models/PatientFSit/meshes/PatientFPurple.png\n'}
[0.639646] (two_wheeled_robot) StdoutLine: {'line': b'-- Up-to-date: /home/greyflon/lab_2025/install/two_wheeled_robot/share/two_wheeled_robot/models/PatientFSit/meshes/PatientFSit_Col.mtl\n'}
[0.639719] (two_wheeled_robot) StdoutLine: {'line': b'-- Up-to-date: /home/greyflon/lab_2025/install/two_wheeled_robot/share/two_wheeled_robot/models/PatientFSit/meshes/PatientFSit_Col.obj\n'}
[0.639832] (two_wheeled_robot) StdoutLine: {'line': b'-- Up-to-date: /home/greyflon/lab_2025/install/two_wheeled_robot/share/two_wheeled_robot/models/PatientFSit/meshes/PatientFSit.mtl\n'}
[0.639909] (two_wheeled_robot) StdoutLine: {'line': b'-- Up-to-date: /home/greyflon/lab_2025/install/two_wheeled_robot/share/two_wheeled_robot/models/PatientFSit/meshes/PatientFSit.obj\n'}
[0.639989] (two_wheeled_robot) StdoutLine: {'line': b'-- Up-to-date: /home/greyflon/lab_2025/install/two_wheeled_robot/share/two_wheeled_robot/models/PatientFSit/thumbnails\n'}
[0.640060] (two_wheeled_robot) StdoutLine: {'line': b'-- Up-to-date: /home/greyflon/lab_2025/install/two_wheeled_robot/share/two_wheeled_robot/models/PatientFSit/thumbnails/5.png\n'}
[0.640133] (two_wheeled_robot) StdoutLine: {'line': b'-- Up-to-date: /home/greyflon/lab_2025/install/two_wheeled_robot/share/two_wheeled_robot/models/PatientFSit/thumbnails/1.png\n'}
[0.640205] (two_wheeled_robot) StdoutLine: {'line': b'-- Up-to-date: /home/greyflon/lab_2025/install/two_wheeled_robot/share/two_wheeled_robot/models/PatientFSit/thumbnails/2.png\n'}
[0.640276] (two_wheeled_robot) StdoutLine: {'line': b'-- Up-to-date: /home/greyflon/lab_2025/install/two_wheeled_robot/share/two_wheeled_robot/models/PatientFSit/thumbnails/4.png\n'}
[0.640352] (two_wheeled_robot) StdoutLine: {'line': b'-- Up-to-date: /home/greyflon/lab_2025/install/two_wheeled_robot/share/two_wheeled_robot/models/PatientFSit/thumbnails/3.png\n'}
[0.640424] (two_wheeled_robot) StdoutLine: {'line': b'-- Up-to-date: /home/greyflon/lab_2025/install/two_wheeled_robot/share/two_wheeled_robot/models/PatientFSit/model.sdf\n'}
[0.640493] (two_wheeled_robot) StdoutLine: {'line': b'-- Up-to-date: /home/greyflon/lab_2025/install/two_wheeled_robot/share/two_wheeled_robot/models/VisitorKidSit\n'}
[0.640586] (two_wheeled_robot) StdoutLine: {'line': b'-- Up-to-date: /home/greyflon/lab_2025/install/two_wheeled_robot/share/two_wheeled_robot/models/VisitorKidSit/model.config\n'}
[0.640666] (two_wheeled_robot) StdoutLine: {'line': b'-- Up-to-date: /home/greyflon/lab_2025/install/two_wheeled_robot/share/two_wheeled_robot/models/VisitorKidSit/meshes\n'}
[0.640737] (two_wheeled_robot) StdoutLine: {'line': b'-- Up-to-date: /home/greyflon/lab_2025/install/two_wheeled_robot/share/two_wheeled_robot/models/VisitorKidSit/meshes/VisitorKidSit.mtl\n'}
[0.640807] (two_wheeled_robot) StdoutLine: {'line': b'-- Up-to-date: /home/greyflon/lab_2025/install/two_wheeled_robot/share/two_wheeled_robot/models/VisitorKidSit/meshes/VisitorKidSit_Col.obj\n'}
[0.640877] (two_wheeled_robot) StdoutLine: {'line': b'-- Up-to-date: /home/greyflon/lab_2025/install/two_wheeled_robot/share/two_wheeled_robot/models/VisitorKidSit/meshes/VisitorKidSit_Col.mtl\n'}
[0.640949] (two_wheeled_robot) StdoutLine: {'line': b'-- Up-to-date: /home/greyflon/lab_2025/install/two_wheeled_robot/share/two_wheeled_robot/models/VisitorKidSit/meshes/VisitorKidSit.obj\n'}
[0.641020] (two_wheeled_robot) StdoutLine: {'line': b'-- Up-to-date: /home/greyflon/lab_2025/install/two_wheeled_robot/share/two_wheeled_robot/models/VisitorKidSit/meshes/VisitorKidGreen.png\n'}
[0.641090] (two_wheeled_robot) StdoutLine: {'line': b'-- Up-to-date: /home/greyflon/lab_2025/install/two_wheeled_robot/share/two_wheeled_robot/models/VisitorKidSit/meshes/Book.png\n'}
[0.641162] (two_wheeled_robot) StdoutLine: {'line': b'-- Up-to-date: /home/greyflon/lab_2025/install/two_wheeled_robot/share/two_wheeled_robot/models/VisitorKidSit/thumbnails\n'}
[0.641231] (two_wheeled_robot) StdoutLine: {'line': b'-- Up-to-date: /home/greyflon/lab_2025/install/two_wheeled_robot/share/two_wheeled_robot/models/VisitorKidSit/thumbnails/5.png\n'}
[0.641312] (two_wheeled_robot) StdoutLine: {'line': b'-- Up-to-date: /home/greyflon/lab_2025/install/two_wheeled_robot/share/two_wheeled_robot/models/VisitorKidSit/thumbnails/1.png\n'}
[0.641405] (two_wheeled_robot) StdoutLine: {'line': b'-- Up-to-date: /home/greyflon/lab_2025/install/two_wheeled_robot/share/two_wheeled_robot/models/VisitorKidSit/thumbnails/2.png\n'}
[0.641505] (two_wheeled_robot) StdoutLine: {'line': b'-- Up-to-date: /home/greyflon/lab_2025/install/two_wheeled_robot/share/two_wheeled_robot/models/VisitorKidSit/thumbnails/4.png\n'}
[0.641626] (two_wheeled_robot) StdoutLine: {'line': b'-- Up-to-date: /home/greyflon/lab_2025/install/two_wheeled_robot/share/two_wheeled_robot/models/VisitorKidSit/thumbnails/3.png\n'}
[0.641737] (two_wheeled_robot) StdoutLine: {'line': b'-- Up-to-date: /home/greyflon/lab_2025/install/two_wheeled_robot/share/two_wheeled_robot/models/VisitorKidSit/model.sdf\n'}
[0.641865] (two_wheeled_robot) StdoutLine: {'line': b'-- Up-to-date: /home/greyflon/lab_2025/install/two_wheeled_robot/share/two_wheeled_robot/models/aws_robomaker_residential_KitchenTable_01\n'}
[0.641966] (two_wheeled_robot) StdoutLine: {'line': b'-- Up-to-date: /home/greyflon/lab_2025/install/two_wheeled_robot/share/two_wheeled_robot/models/aws_robomaker_residential_KitchenTable_01/model.config\n'}
[0.642083] (two_wheeled_robot) StdoutLine: {'line': b'-- Up-to-date: /home/greyflon/lab_2025/install/two_wheeled_robot/share/two_wheeled_robot/models/aws_robomaker_residential_KitchenTable_01/meshes\n'}
[0.642166] (two_wheeled_robot) StdoutLine: {'line': b'-- Up-to-date: /home/greyflon/lab_2025/install/two_wheeled_robot/share/two_wheeled_robot/models/aws_robomaker_residential_KitchenTable_01/meshes/aws_KitchenTable_01_collision.DAE\n'}
[0.642289] (two_wheeled_robot) StdoutLine: {'line': b'-- Up-to-date: /home/greyflon/lab_2025/install/two_wheeled_robot/share/two_wheeled_robot/models/aws_robomaker_residential_KitchenTable_01/meshes/aws_KitchenTable_01_visual.DAE\n'}
[0.642365] (two_wheeled_robot) StdoutLine: {'line': b'-- Up-to-date: /home/greyflon/lab_2025/install/two_wheeled_robot/share/two_wheeled_robot/models/aws_robomaker_residential_KitchenTable_01/materials\n'}
[0.642500] (two_wheeled_robot) StdoutLine: {'line': b'-- Up-to-date: /home/greyflon/lab_2025/install/two_wheeled_robot/share/two_wheeled_robot/models/aws_robomaker_residential_KitchenTable_01/materials/textures\n'}
[0.642592] (two_wheeled_robot) StdoutLine: {'line': b'-- Up-to-date: /home/greyflon/lab_2025/install/two_wheeled_robot/share/two_wheeled_robot/models/aws_robomaker_residential_KitchenTable_01/materials/textures/aws_KitchenTable_01.png\n'}
[0.642671] (two_wheeled_robot) StdoutLine: {'line': b'-- Up-to-date: /home/greyflon/lab_2025/install/two_wheeled_robot/share/two_wheeled_robot/models/aws_robomaker_residential_KitchenTable_01/model.sdf\n'}
[0.642744] (two_wheeled_robot) StdoutLine: {'line': b'-- Up-to-date: /home/greyflon/lab_2025/install/two_wheeled_robot/share/two_wheeled_robot/models/thrift_shop\n'}
[0.642815] (two_wheeled_robot) StdoutLine: {'line': b'-- Up-to-date: /home/greyflon/lab_2025/install/two_wheeled_robot/share/two_wheeled_robot/models/thrift_shop/model.config\n'}
[0.642885] (two_wheeled_robot) StdoutLine: {'line': b'-- Up-to-date: /home/greyflon/lab_2025/install/two_wheeled_robot/share/two_wheeled_robot/models/thrift_shop/meshes\n'}
[0.642956] (two_wheeled_robot) StdoutLine: {'line': b'-- Up-to-date: /home/greyflon/lab_2025/install/two_wheeled_robot/share/two_wheeled_robot/models/thrift_shop/meshes/thrift_shop.dae\n'}
[0.643025] (two_wheeled_robot) StdoutLine: {'line': b'-- Up-to-date: /home/greyflon/lab_2025/install/two_wheeled_robot/share/two_wheeled_robot/models/thrift_shop/materials\n'}
[0.643095] (two_wheeled_robot) StdoutLine: {'line': b'-- Up-to-date: /home/greyflon/lab_2025/install/two_wheeled_robot/share/two_wheeled_robot/models/thrift_shop/materials/textures\n'}
[0.643165] (two_wheeled_robot) StdoutLine: {'line': b'-- Up-to-date: /home/greyflon/lab_2025/install/two_wheeled_robot/share/two_wheeled_robot/models/thrift_shop/materials/textures/thrift_shop_diffuse.jpg\n'}
[0.643235] (two_wheeled_robot) StdoutLine: {'line': b'-- Up-to-date: /home/greyflon/lab_2025/install/two_wheeled_robot/share/two_wheeled_robot/models/thrift_shop/materials/textures/thrift_shop_spec.jpg\n'}
[0.643307] (two_wheeled_robot) StdoutLine: {'line': b'-- Up-to-date: /home/greyflon/lab_2025/install/two_wheeled_robot/share/two_wheeled_robot/models/thrift_shop/model.sdf\n'}
[0.643378] (two_wheeled_robot) StdoutLine: {'line': b'-- Up-to-date: /home/greyflon/lab_2025/install/two_wheeled_robot/share/two_wheeled_robot/models/ParkingTrolleyMax\n'}
[0.643448] (two_wheeled_robot) StdoutLine: {'line': b'-- Up-to-date: /home/greyflon/lab_2025/install/two_wheeled_robot/share/two_wheeled_robot/models/ParkingTrolleyMax/model.config\n'}
[0.643525] (two_wheeled_robot) StdoutLine: {'line': b'-- Up-to-date: /home/greyflon/lab_2025/install/two_wheeled_robot/share/two_wheeled_robot/models/ParkingTrolleyMax/meshes\n'}
[0.643622] (two_wheeled_robot) StdoutLine: {'line': b'-- Up-to-date: /home/greyflon/lab_2025/install/two_wheeled_robot/share/two_wheeled_robot/models/ParkingTrolleyMax/meshes/ParkingTrolleyMax.obj\n'}
[0.643695] (two_wheeled_robot) StdoutLine: {'line': b'-- Up-to-date: /home/greyflon/lab_2025/install/two_wheeled_robot/share/two_wheeled_robot/models/ParkingTrolleyMax/meshes/ParkingTrolleyMax_Diffuse.png\n'}
[0.643767] (two_wheeled_robot) StdoutLine: {'line': b'-- Up-to-date: /home/greyflon/lab_2025/install/two_wheeled_robot/share/two_wheeled_robot/models/ParkingTrolleyMax/meshes/ParkingTrolleyMax.mtl\n'}
[0.643838] (two_wheeled_robot) StdoutLine: {'line': b'-- Up-to-date: /home/greyflon/lab_2025/install/two_wheeled_robot/share/two_wheeled_robot/models/ParkingTrolleyMax/thumbnails\n'}
[0.643908] (two_wheeled_robot) StdoutLine: {'line': b'-- Up-to-date: /home/greyflon/lab_2025/install/two_wheeled_robot/share/two_wheeled_robot/models/ParkingTrolleyMax/thumbnails/5.png\n'}
[0.643980] (two_wheeled_robot) StdoutLine: {'line': b'-- Up-to-date: /home/greyflon/lab_2025/install/two_wheeled_robot/share/two_wheeled_robot/models/ParkingTrolleyMax/thumbnails/1.png\n'}
[0.644052] (two_wheeled_robot) StdoutLine: {'line': b'-- Up-to-date: /home/greyflon/lab_2025/install/two_wheeled_robot/share/two_wheeled_robot/models/ParkingTrolleyMax/thumbnails/2.png\n'}
[0.644132] (two_wheeled_robot) StdoutLine: {'line': b'-- Up-to-date: /home/greyflon/lab_2025/install/two_wheeled_robot/share/two_wheeled_robot/models/ParkingTrolleyMax/thumbnails/4.png\n'}
[0.644205] (two_wheeled_robot) StdoutLine: {'line': b'-- Up-to-date: /home/greyflon/lab_2025/install/two_wheeled_robot/share/two_wheeled_robot/models/ParkingTrolleyMax/thumbnails/3.png\n'}
[0.644276] (two_wheeled_robot) StdoutLine: {'line': b'-- Up-to-date: /home/greyflon/lab_2025/install/two_wheeled_robot/share/two_wheeled_robot/models/ParkingTrolleyMax/model.sdf\n'}
[0.644348] (two_wheeled_robot) StdoutLine: {'line': b'-- Up-to-date: /home/greyflon/lab_2025/install/two_wheeled_robot/share/two_wheeled_robot/models/InstrumentCart2\n'}
[0.644417] (two_wheeled_robot) StdoutLine: {'line': b'-- Up-to-date: /home/greyflon/lab_2025/install/two_wheeled_robot/share/two_wheeled_robot/models/InstrumentCart2/model.config\n'}
[0.644488] (two_wheeled_robot) StdoutLine: {'line': b'-- Up-to-date: /home/greyflon/lab_2025/install/two_wheeled_robot/share/two_wheeled_robot/models/InstrumentCart2/meshes\n'}
[0.644578] (two_wheeled_robot) StdoutLine: {'line': b'-- Up-to-date: /home/greyflon/lab_2025/install/two_wheeled_robot/share/two_wheeled_robot/models/InstrumentCart2/meshes/InstrumentCart2.obj\n'}
[0.644660] (two_wheeled_robot) StdoutLine: {'line': b'-- Up-to-date: /home/greyflon/lab_2025/install/two_wheeled_robot/share/two_wheeled_robot/models/InstrumentCart2/meshes/texture.png\n'}
[0.644732] (two_wheeled_robot) StdoutLine: {'line': b'-- Up-to-date: /home/greyflon/lab_2025/install/two_wheeled_robot/share/two_wheeled_robot/models/InstrumentCart2/meshes/InstrumentCart2.mtl\n'}
[0.644815] (two_wheeled_robot) StdoutLine: {'line': b'-- Up-to-date: /home/greyflon/lab_2025/install/two_wheeled_robot/share/two_wheeled_robot/models/InstrumentCart2/thumbnails\n'}
[0.644887] (two_wheeled_robot) StdoutLine: {'line': b'-- Up-to-date: /home/greyflon/lab_2025/install/two_wheeled_robot/share/two_wheeled_robot/models/InstrumentCart2/thumbnails/5.png\n'}
[0.644959] (two_wheeled_robot) StdoutLine: {'line': b'-- Up-to-date: /home/greyflon/lab_2025/install/two_wheeled_robot/share/two_wheeled_robot/models/InstrumentCart2/thumbnails/1.png\n'}
[0.645030] (two_wheeled_robot) StdoutLine: {'line': b'-- Up-to-date: /home/greyflon/lab_2025/install/two_wheeled_robot/share/two_wheeled_robot/models/InstrumentCart2/thumbnails/2.png\n'}
[0.645100] (two_wheeled_robot) StdoutLine: {'line': b'-- Up-to-date: /home/greyflon/lab_2025/install/two_wheeled_robot/share/two_wheeled_robot/models/InstrumentCart2/thumbnails/4.png\n'}
[0.645178] (two_wheeled_robot) StdoutLine: {'line': b'-- Up-to-date: /home/greyflon/lab_2025/install/two_wheeled_robot/share/two_wheeled_robot/models/InstrumentCart2/thumbnails/3.png\n'}
[0.645249] (two_wheeled_robot) StdoutLine: {'line': b'-- Up-to-date: /home/greyflon/lab_2025/install/two_wheeled_robot/share/two_wheeled_robot/models/InstrumentCart2/model.sdf\n'}
[0.645320] (two_wheeled_robot) StdoutLine: {'line': b'-- Up-to-date: /home/greyflon/lab_2025/install/two_wheeled_robot/share/two_wheeled_robot/models/Box\n'}
[0.645390] (two_wheeled_robot) StdoutLine: {'line': b'-- Up-to-date: /home/greyflon/lab_2025/install/two_wheeled_robot/share/two_wheeled_robot/models/Box/model.config\n'}
[0.645461] (two_wheeled_robot) StdoutLine: {'line': b'-- Up-to-date: /home/greyflon/lab_2025/install/two_wheeled_robot/share/two_wheeled_robot/models/Box/model.sdf\n'}
[0.645530] (two_wheeled_robot) StdoutLine: {'line': b'-- Up-to-date: /home/greyflon/lab_2025/install/two_wheeled_robot/share/two_wheeled_robot/models/aws_robomaker_residential_Carpet_01\n'}
[0.645626] (two_wheeled_robot) StdoutLine: {'line': b'-- Up-to-date: /home/greyflon/lab_2025/install/two_wheeled_robot/share/two_wheeled_robot/models/aws_robomaker_residential_Carpet_01/model.config\n'}
[0.645699] (two_wheeled_robot) StdoutLine: {'line': b'-- Up-to-date: /home/greyflon/lab_2025/install/two_wheeled_robot/share/two_wheeled_robot/models/aws_robomaker_residential_Carpet_01/meshes\n'}
[0.645770] (two_wheeled_robot) StdoutLine: {'line': b'-- Up-to-date: /home/greyflon/lab_2025/install/two_wheeled_robot/share/two_wheeled_robot/models/aws_robomaker_residential_Carpet_01/meshes/aws_Carpet_01_visual.DAE\n'}
[0.645841] (two_wheeled_robot) StdoutLine: {'line': b'-- Up-to-date: /home/greyflon/lab_2025/install/two_wheeled_robot/share/two_wheeled_robot/models/aws_robomaker_residential_Carpet_01/meshes/aws_Carpet_01_collision.DAE\n'}
[0.645911] (two_wheeled_robot) StdoutLine: {'line': b'-- Up-to-date: /home/greyflon/lab_2025/install/two_wheeled_robot/share/two_wheeled_robot/models/aws_robomaker_residential_Carpet_01/materials\n'}
[0.645981] (two_wheeled_robot) StdoutLine: {'line': b'-- Up-to-date: /home/greyflon/lab_2025/install/two_wheeled_robot/share/two_wheeled_robot/models/aws_robomaker_residential_Carpet_01/materials/textures\n'}
[0.646052] (two_wheeled_robot) StdoutLine: {'line': b'-- Up-to-date: /home/greyflon/lab_2025/install/two_wheeled_robot/share/two_wheeled_robot/models/aws_robomaker_residential_Carpet_01/materials/textures/aws_Carpet_01.png\n'}
[0.646137] (two_wheeled_robot) StdoutLine: {'line': b'-- Up-to-date: /home/greyflon/lab_2025/install/two_wheeled_robot/share/two_wheeled_robot/models/aws_robomaker_residential_Carpet_01/model.sdf\n'}
[0.646228] (two_wheeled_robot) StdoutLine: {'line': b'-- Up-to-date: /home/greyflon/lab_2025/install/two_wheeled_robot/share/two_wheeled_robot/models/ambulance\n'}
[0.646319] (two_wheeled_robot) StdoutLine: {'line': b'-- Up-to-date: /home/greyflon/lab_2025/install/two_wheeled_robot/share/two_wheeled_robot/models/ambulance/model.config\n'}
[0.646413] (two_wheeled_robot) StdoutLine: {'line': b'-- Up-to-date: /home/greyflon/lab_2025/install/two_wheeled_robot/share/two_wheeled_robot/models/ambulance/meshes\n'}
[0.646511] (two_wheeled_robot) StdoutLine: {'line': b'-- Up-to-date: /home/greyflon/lab_2025/install/two_wheeled_robot/share/two_wheeled_robot/models/ambulance/meshes/ambulance.obj\n'}
[0.646749] (two_wheeled_robot) StdoutLine: {'line': b'-- Up-to-date: /home/greyflon/lab_2025/install/two_wheeled_robot/share/two_wheeled_robot/models/ambulance/meshes/ambulance.mtl\n'}
[0.646827] (two_wheeled_robot) StdoutLine: {'line': b'-- Up-to-date: /home/greyflon/lab_2025/install/two_wheeled_robot/share/two_wheeled_robot/models/ambulance/materials\n'}
[0.646899] (two_wheeled_robot) StdoutLine: {'line': b'-- Up-to-date: /home/greyflon/lab_2025/install/two_wheeled_robot/share/two_wheeled_robot/models/ambulance/materials/textures\n'}
[0.646963] (two_wheeled_robot) StdoutLine: {'line': b'-- Up-to-date: /home/greyflon/lab_2025/install/two_wheeled_robot/share/two_wheeled_robot/models/ambulance/materials/textures/ambulance.png\n'}
[0.647094] (two_wheeled_robot) StdoutLine: {'line': b'-- Up-to-date: /home/greyflon/lab_2025/install/two_wheeled_robot/share/two_wheeled_robot/models/ambulance/model.sdf\n'}
[0.647173] (two_wheeled_robot) StdoutLine: {'line': b'-- Up-to-date: /home/greyflon/lab_2025/install/two_wheeled_robot/share/two_wheeled_robot/models/small_plant\n'}
[0.647249] (two_wheeled_robot) StdoutLine: {'line': b'-- Up-to-date: /home/greyflon/lab_2025/install/two_wheeled_robot/share/two_wheeled_robot/models/small_plant/mesh\n'}
[0.647315] (two_wheeled_robot) StdoutLine: {'line': b'-- Up-to-date: /home/greyflon/lab_2025/install/two_wheeled_robot/share/two_wheeled_robot/models/small_plant/mesh/small_plant.stl\n'}
[0.647402] (two_wheeled_robot) StdoutLine: {'line': b'-- Up-to-date: /home/greyflon/lab_2025/install/two_wheeled_robot/share/two_wheeled_robot/models/small_plant/model.config\n'}
[0.647467] (two_wheeled_robot) StdoutLine: {'line': b'-- Up-to-date: /home/greyflon/lab_2025/install/two_wheeled_robot/share/two_wheeled_robot/models/small_plant/model.sdf\n'}
[0.647603] (two_wheeled_robot) StdoutLine: {'line': b'-- Up-to-date: /home/greyflon/lab_2025/install/two_wheeled_robot/share/two_wheeled_robot/models/coke_can\n'}
[0.647679] (two_wheeled_robot) StdoutLine: {'line': b'-- Up-to-date: /home/greyflon/lab_2025/install/two_wheeled_robot/share/two_wheeled_robot/models/coke_can/model-1_2.sdf\n'}
[0.647743] (two_wheeled_robot) StdoutLine: {'line': b'-- Up-to-date: /home/greyflon/lab_2025/install/two_wheeled_robot/share/two_wheeled_robot/models/coke_can/model-1_4.sdf\n'}
[0.647807] (two_wheeled_robot) StdoutLine: {'line': b'-- Up-to-date: /home/greyflon/lab_2025/install/two_wheeled_robot/share/two_wheeled_robot/models/coke_can/model.config\n'}
[0.647871] (two_wheeled_robot) StdoutLine: {'line': b'-- Up-to-date: /home/greyflon/lab_2025/install/two_wheeled_robot/share/two_wheeled_robot/models/coke_can/meshes\n'}
[0.647934] (two_wheeled_robot) StdoutLine: {'line': b'-- Up-to-date: /home/greyflon/lab_2025/install/two_wheeled_robot/share/two_wheeled_robot/models/coke_can/meshes/coke_can.dae\n'}
[0.647998] (two_wheeled_robot) StdoutLine: {'line': b'-- Up-to-date: /home/greyflon/lab_2025/install/two_wheeled_robot/share/two_wheeled_robot/models/coke_can/materials\n'}
[0.648061] (two_wheeled_robot) StdoutLine: {'line': b'-- Up-to-date: /home/greyflon/lab_2025/install/two_wheeled_robot/share/two_wheeled_robot/models/coke_can/materials/textures\n'}
[0.648124] (two_wheeled_robot) StdoutLine: {'line': b'-- Up-to-date: /home/greyflon/lab_2025/install/two_wheeled_robot/share/two_wheeled_robot/models/coke_can/materials/textures/coke_can.png\n'}
[0.648187] (two_wheeled_robot) StdoutLine: {'line': b'-- Up-to-date: /home/greyflon/lab_2025/install/two_wheeled_robot/share/two_wheeled_robot/models/coke_can/model.sdf\n'}
[0.648251] (two_wheeled_robot) StdoutLine: {'line': b'-- Up-to-date: /home/greyflon/lab_2025/install/two_wheeled_robot/share/two_wheeled_robot/models/coke_can/model-1_3.sdf\n'}
[0.648333] (two_wheeled_robot) StdoutLine: {'line': b'-- Up-to-date: /home/greyflon/lab_2025/install/two_wheeled_robot/share/two_wheeled_robot/models/shelves_high\n'}
[0.648400] (two_wheeled_robot) StdoutLine: {'line': b'-- Up-to-date: /home/greyflon/lab_2025/install/two_wheeled_robot/share/two_wheeled_robot/models/shelves_high/model.config\n'}
[0.648463] (two_wheeled_robot) StdoutLine: {'line': b'-- Up-to-date: /home/greyflon/lab_2025/install/two_wheeled_robot/share/two_wheeled_robot/models/shelves_high/meshes\n'}
[0.648584] (two_wheeled_robot) StdoutLine: {'line': b'-- Up-to-date: /home/greyflon/lab_2025/install/two_wheeled_robot/share/two_wheeled_robot/models/shelves_high/meshes/shelves_high.dae\n'}
[0.648660] (two_wheeled_robot) StdoutLine: {'line': b'-- Up-to-date: /home/greyflon/lab_2025/install/two_wheeled_robot/share/two_wheeled_robot/models/shelves_high/meshes/shelves_high_collision.dae\n'}
[0.648725] (two_wheeled_robot) StdoutLine: {'line': b'-- Up-to-date: /home/greyflon/lab_2025/install/two_wheeled_robot/share/two_wheeled_robot/models/shelves_high/materials\n'}
[0.648800] (two_wheeled_robot) StdoutLine: {'line': b'-- Up-to-date: /home/greyflon/lab_2025/install/two_wheeled_robot/share/two_wheeled_robot/models/shelves_high/materials/scripts\n'}
[0.648961] (two_wheeled_robot) StdoutLine: {'line': b'-- Up-to-date: /home/greyflon/lab_2025/install/two_wheeled_robot/share/two_wheeled_robot/models/shelves_high/materials/scripts/shelves_2.material\n'}
[0.649026] (two_wheeled_robot) StdoutLine: {'line': b'-- Up-to-date: /home/greyflon/lab_2025/install/two_wheeled_robot/share/two_wheeled_robot/models/shelves_high/materials/textures\n'}
[0.649095] (two_wheeled_robot) StdoutLine: {'line': b'-- Up-to-date: /home/greyflon/lab_2025/install/two_wheeled_robot/share/two_wheeled_robot/models/shelves_high/materials/textures/Metal_Seamed_1.jpg\n'}
[0.649175] (two_wheeled_robot) StdoutLine: {'line': b'-- Up-to-date: /home/greyflon/lab_2025/install/two_wheeled_robot/share/two_wheeled_robot/models/shelves_high/materials/textures/__Metal_Seamed_1.jpg\n'}
[0.649281] (two_wheeled_robot) StdoutLine: {'line': b'-- Up-to-date: /home/greyflon/lab_2025/install/two_wheeled_robot/share/two_wheeled_robot/models/shelves_high/materials/textures/__Metal_Seamed_1_0.jpg\n'}
[0.649350] (two_wheeled_robot) StdoutLine: {'line': b'-- Up-to-date: /home/greyflon/lab_2025/install/two_wheeled_robot/share/two_wheeled_robot/models/shelves_high/materials/textures/Metal_Seamed.jpg\n'}
[0.649415] (two_wheeled_robot) StdoutLine: {'line': b'-- Up-to-date: /home/greyflon/lab_2025/install/two_wheeled_robot/share/two_wheeled_robot/models/shelves_high/materials/textures/Metal_Aluminum_Anodized.jpg\n'}
[0.649478] (two_wheeled_robot) StdoutLine: {'line': b'-- Up-to-date: /home/greyflon/lab_2025/install/two_wheeled_robot/share/two_wheeled_robot/models/shelves_high/model.sdf\n'}
[0.649542] (two_wheeled_robot) StdoutLine: {'line': b'-- Up-to-date: /home/greyflon/lab_2025/install/two_wheeled_robot/share/two_wheeled_robot/models/BoxesLargeOnPallet_2\n'}
[0.649627] (two_wheeled_robot) StdoutLine: {'line': b'-- Up-to-date: /home/greyflon/lab_2025/install/two_wheeled_robot/share/two_wheeled_robot/models/BoxesLargeOnPallet_2/model.config\n'}
[0.649692] (two_wheeled_robot) StdoutLine: {'line': b'-- Up-to-date: /home/greyflon/lab_2025/install/two_wheeled_robot/share/two_wheeled_robot/models/BoxesLargeOnPallet_2/model.sdf\n'}
[0.649756] (two_wheeled_robot) StdoutLine: {'line': b'-- Up-to-date: /home/greyflon/lab_2025/install/two_wheeled_robot/share/two_wheeled_robot/models/irobot_hand\n'}
[0.649820] (two_wheeled_robot) StdoutLine: {'line': b'-- Up-to-date: /home/greyflon/lab_2025/install/two_wheeled_robot/share/two_wheeled_robot/models/irobot_hand/model-1_4.sdf\n'}
[0.649925] (two_wheeled_robot) StdoutLine: {'line': b'-- Up-to-date: /home/greyflon/lab_2025/install/two_wheeled_robot/share/two_wheeled_robot/models/irobot_hand/model.config\n'}
[0.650003] (two_wheeled_robot) StdoutLine: {'line': b'-- Up-to-date: /home/greyflon/lab_2025/install/two_wheeled_robot/share/two_wheeled_robot/models/irobot_hand/meshes\n'}
[0.650073] (two_wheeled_robot) StdoutLine: {'line': b'-- Up-to-date: /home/greyflon/lab_2025/install/two_wheeled_robot/share/two_wheeled_robot/models/irobot_hand/meshes/palm.stl\n'}
[0.650182] (two_wheeled_robot) StdoutLine: {'line': b'-- Up-to-date: /home/greyflon/lab_2025/install/two_wheeled_robot/share/two_wheeled_robot/models/irobot_hand/meshes/finger_base.stl\n'}
[0.650250] (two_wheeled_robot) StdoutLine: {'line': b'-- Up-to-date: /home/greyflon/lab_2025/install/two_wheeled_robot/share/two_wheeled_robot/models/irobot_hand/meshes/finger_distal.stl\n'}
[0.650316] (two_wheeled_robot) StdoutLine: {'line': b'-- Up-to-date: /home/greyflon/lab_2025/install/two_wheeled_robot/share/two_wheeled_robot/models/irobot_hand/meshes/finger_proximal.stl\n'}
[0.650379] (two_wheeled_robot) StdoutLine: {'line': b'-- Up-to-date: /home/greyflon/lab_2025/install/two_wheeled_robot/share/two_wheeled_robot/models/irobot_hand/model.sdf\n'}
[0.650464] (two_wheeled_robot) StdoutLine: {'line': b'-- Up-to-date: /home/greyflon/lab_2025/install/two_wheeled_robot/share/two_wheeled_robot/models/irobot_hand/model-1_3.sdf\n'}
[0.650531] (two_wheeled_robot) StdoutLine: {'line': b'-- Up-to-date: /home/greyflon/lab_2025/install/two_wheeled_robot/share/two_wheeled_robot/models/XRayMachine\n'}
[0.650641] (two_wheeled_robot) StdoutLine: {'line': b'-- Up-to-date: /home/greyflon/lab_2025/install/two_wheeled_robot/share/two_wheeled_robot/models/XRayMachine/model.config\n'}
[0.650750] (two_wheeled_robot) StdoutLine: {'line': b'-- Up-to-date: /home/greyflon/lab_2025/install/two_wheeled_robot/share/two_wheeled_robot/models/XRayMachine/meshes\n'}
[0.650817] (two_wheeled_robot) StdoutLine: {'line': b'-- Up-to-date: /home/greyflon/lab_2025/install/two_wheeled_robot/share/two_wheeled_robot/models/XRayMachine/meshes/XRayMachine.obj\n'}
[0.650881] (two_wheeled_robot) StdoutLine: {'line': b'-- Up-to-date: /home/greyflon/lab_2025/install/two_wheeled_robot/share/two_wheeled_robot/models/XRayMachine/meshes/XRayMachine.mtl\n'}
[0.650949] (two_wheeled_robot) StdoutLine: {'line': b'-- Up-to-date: /home/greyflon/lab_2025/install/two_wheeled_robot/share/two_wheeled_robot/models/XRayMachine/meshes/XRayMachine.png\n'}
[0.651027] (two_wheeled_robot) StdoutLine: {'line': b'-- Up-to-date: /home/greyflon/lab_2025/install/two_wheeled_robot/share/two_wheeled_robot/models/XRayMachine/meshes/XRayMachine_Col.mtl\n'}
[0.651092] (two_wheeled_robot) StdoutLine: {'line': b'-- Up-to-date: /home/greyflon/lab_2025/install/two_wheeled_robot/share/two_wheeled_robot/models/XRayMachine/meshes/XRayMachine_Col.obj\n'}
[0.651156] (two_wheeled_robot) StdoutLine: {'line': b'-- Up-to-date: /home/greyflon/lab_2025/install/two_wheeled_robot/share/two_wheeled_robot/models/XRayMachine/thumbnails\n'}
[0.651226] (two_wheeled_robot) StdoutLine: {'line': b'-- Up-to-date: /home/greyflon/lab_2025/install/two_wheeled_robot/share/two_wheeled_robot/models/XRayMachine/thumbnails/5.png\n'}
[0.651290] (two_wheeled_robot) StdoutLine: {'line': b'-- Up-to-date: /home/greyflon/lab_2025/install/two_wheeled_robot/share/two_wheeled_robot/models/XRayMachine/thumbnails/1.png\n'}
[0.651353] (two_wheeled_robot) StdoutLine: {'line': b'-- Up-to-date: /home/greyflon/lab_2025/install/two_wheeled_robot/share/two_wheeled_robot/models/XRayMachine/thumbnails/2.png\n'}
[0.651418] (two_wheeled_robot) StdoutLine: {'line': b'-- Up-to-date: /home/greyflon/lab_2025/install/two_wheeled_robot/share/two_wheeled_robot/models/XRayMachine/thumbnails/4.png\n'}
[0.651481] (two_wheeled_robot) StdoutLine: {'line': b'-- Up-to-date: /home/greyflon/lab_2025/install/two_wheeled_robot/share/two_wheeled_robot/models/XRayMachine/thumbnails/3.png\n'}
[0.651556] (two_wheeled_robot) StdoutLine: {'line': b'-- Up-to-date: /home/greyflon/lab_2025/install/two_wheeled_robot/share/two_wheeled_robot/models/XRayMachine/model.sdf\n'}
[0.651631] (two_wheeled_robot) StdoutLine: {'line': b'-- Up-to-date: /home/greyflon/lab_2025/install/two_wheeled_robot/share/two_wheeled_robot/models/FemaleVisitor\n'}
[0.651696] (two_wheeled_robot) StdoutLine: {'line': b'-- Up-to-date: /home/greyflon/lab_2025/install/two_wheeled_robot/share/two_wheeled_robot/models/FemaleVisitor/model.config\n'}
[0.651759] (two_wheeled_robot) StdoutLine: {'line': b'-- Up-to-date: /home/greyflon/lab_2025/install/two_wheeled_robot/share/two_wheeled_robot/models/FemaleVisitor/meshes\n'}
[0.651823] (two_wheeled_robot) StdoutLine: {'line': b'-- Up-to-date: /home/greyflon/lab_2025/install/two_wheeled_robot/share/two_wheeled_robot/models/FemaleVisitor/meshes/FemaleVisitor.png\n'}
[0.651886] (two_wheeled_robot) StdoutLine: {'line': b'-- Up-to-date: /home/greyflon/lab_2025/install/two_wheeled_robot/share/two_wheeled_robot/models/FemaleVisitor/meshes/FemaleVisitor.mtl\n'}
[0.651949] (two_wheeled_robot) StdoutLine: {'line': b'-- Up-to-date: /home/greyflon/lab_2025/install/two_wheeled_robot/share/two_wheeled_robot/models/FemaleVisitor/meshes/FemaleVisitor_Col.obj\n'}
[0.652013] (two_wheeled_robot) StdoutLine: {'line': b'-- Up-to-date: /home/greyflon/lab_2025/install/two_wheeled_robot/share/two_wheeled_robot/models/FemaleVisitor/meshes/FemaleVisitor_Col.mtl\n'}
[0.652128] (two_wheeled_robot) StdoutLine: {'line': b'-- Up-to-date: /home/greyflon/lab_2025/install/two_wheeled_robot/share/two_wheeled_robot/models/FemaleVisitor/meshes/FemaleVisitor.obj\n'}
[0.652209] (two_wheeled_robot) StdoutLine: {'line': b'-- Up-to-date: /home/greyflon/lab_2025/install/two_wheeled_robot/share/two_wheeled_robot/models/FemaleVisitor/meshes/Handbag.png\n'}
[0.652324] (two_wheeled_robot) StdoutLine: {'line': b'-- Up-to-date: /home/greyflon/lab_2025/install/two_wheeled_robot/share/two_wheeled_robot/models/FemaleVisitor/thumbnails\n'}
[0.652428] (two_wheeled_robot) StdoutLine: {'line': b'-- Up-to-date: /home/greyflon/lab_2025/install/two_wheeled_robot/share/two_wheeled_robot/models/FemaleVisitor/thumbnails/5.png\n'}
[0.652496] (two_wheeled_robot) StdoutLine: {'line': b'-- Up-to-date: /home/greyflon/lab_2025/install/two_wheeled_robot/share/two_wheeled_robot/models/FemaleVisitor/thumbnails/1.png\n'}
[0.652594] (two_wheeled_robot) StdoutLine: {'line': b'-- Up-to-date: /home/greyflon/lab_2025/install/two_wheeled_robot/share/two_wheeled_robot/models/FemaleVisitor/thumbnails/2.png\n'}
[0.652668] (two_wheeled_robot) StdoutLine: {'line': b'-- Up-to-date: /home/greyflon/lab_2025/install/two_wheeled_robot/share/two_wheeled_robot/models/FemaleVisitor/thumbnails/4.png\n'}
[0.652733] (two_wheeled_robot) StdoutLine: {'line': b'-- Up-to-date: /home/greyflon/lab_2025/install/two_wheeled_robot/share/two_wheeled_robot/models/FemaleVisitor/thumbnails/3.png\n'}
[0.652796] (two_wheeled_robot) StdoutLine: {'line': b'-- Up-to-date: /home/greyflon/lab_2025/install/two_wheeled_robot/share/two_wheeled_robot/models/FemaleVisitor/model.sdf\n'}
[0.652860] (two_wheeled_robot) StdoutLine: {'line': b'-- Up-to-date: /home/greyflon/lab_2025/install/two_wheeled_robot/share/two_wheeled_robot/models/aws_robomaker_warehouse_WallB_01\n'}
[0.652924] (two_wheeled_robot) StdoutLine: {'line': b'-- Up-to-date: /home/greyflon/lab_2025/install/two_wheeled_robot/share/two_wheeled_robot/models/aws_robomaker_warehouse_WallB_01/model.config\n'}
[0.653001] (two_wheeled_robot) StdoutLine: {'line': b'-- Up-to-date: /home/greyflon/lab_2025/install/two_wheeled_robot/share/two_wheeled_robot/models/aws_robomaker_warehouse_WallB_01/meshes\n'}
[0.653069] (two_wheeled_robot) StdoutLine: {'line': b'-- Up-to-date: /home/greyflon/lab_2025/install/two_wheeled_robot/share/two_wheeled_robot/models/aws_robomaker_warehouse_WallB_01/meshes/aws_robomaker_warehouse_WallB_01_collision.DAE\n'}
[0.653133] (two_wheeled_robot) StdoutLine: {'line': b'-- Up-to-date: /home/greyflon/lab_2025/install/two_wheeled_robot/share/two_wheeled_robot/models/aws_robomaker_warehouse_WallB_01/meshes/aws_robomaker_warehouse_WallB_01_visual.DAE\n'}
[0.653197] (two_wheeled_robot) StdoutLine: {'line': b'-- Up-to-date: /home/greyflon/lab_2025/install/two_wheeled_robot/share/two_wheeled_robot/models/aws_robomaker_warehouse_WallB_01/materials\n'}
[0.653260] (two_wheeled_robot) StdoutLine: {'line': b'-- Up-to-date: /home/greyflon/lab_2025/install/two_wheeled_robot/share/two_wheeled_robot/models/aws_robomaker_warehouse_WallB_01/materials/textures\n'}
[0.653328] (two_wheeled_robot) StdoutLine: {'line': b'-- Up-to-date: /home/greyflon/lab_2025/install/two_wheeled_robot/share/two_wheeled_robot/models/aws_robomaker_warehouse_WallB_01/materials/textures/aws_robomaker_warehouse_WallB_01.png\n'}
[0.653439] (two_wheeled_robot) StdoutLine: {'line': b'-- Up-to-date: /home/greyflon/lab_2025/install/two_wheeled_robot/share/two_wheeled_robot/models/aws_robomaker_warehouse_WallB_01/model.sdf\n'}
[0.653519] (two_wheeled_robot) StdoutLine: {'line': b'-- Up-to-date: /home/greyflon/lab_2025/install/two_wheeled_robot/share/two_wheeled_robot/models/desk\n'}
[0.653604] (two_wheeled_robot) StdoutLine: {'line': b'-- Up-to-date: /home/greyflon/lab_2025/install/two_wheeled_robot/share/two_wheeled_robot/models/desk/model.config\n'}
[0.653729] (two_wheeled_robot) StdoutLine: {'line': b'-- Up-to-date: /home/greyflon/lab_2025/install/two_wheeled_robot/share/two_wheeled_robot/models/desk/meshes\n'}
[0.653803] (two_wheeled_robot) StdoutLine: {'line': b'-- Up-to-date: /home/greyflon/lab_2025/install/two_wheeled_robot/share/two_wheeled_robot/models/desk/meshes/desk.obj\n'}
[0.653867] (two_wheeled_robot) StdoutLine: {'line': b'-- Up-to-date: /home/greyflon/lab_2025/install/two_wheeled_robot/share/two_wheeled_robot/models/desk/meshes/desk.mtl\n'}
[0.653931] (two_wheeled_robot) StdoutLine: {'line': b'-- Up-to-date: /home/greyflon/lab_2025/install/two_wheeled_robot/share/two_wheeled_robot/models/desk/materials\n'}
[0.653995] (two_wheeled_robot) StdoutLine: {'line': b'-- Up-to-date: /home/greyflon/lab_2025/install/two_wheeled_robot/share/two_wheeled_robot/models/desk/materials/textures\n'}
[0.654072] (two_wheeled_robot) StdoutLine: {'line': b'-- Up-to-date: /home/greyflon/lab_2025/install/two_wheeled_robot/share/two_wheeled_robot/models/desk/materials/textures/desk.png\n'}
[0.654139] (two_wheeled_robot) StdoutLine: {'line': b'-- Up-to-date: /home/greyflon/lab_2025/install/two_wheeled_robot/share/two_wheeled_robot/models/desk/model.sdf\n'}
[0.654202] (two_wheeled_robot) StdoutLine: {'line': b'-- Up-to-date: /home/greyflon/lab_2025/install/two_wheeled_robot/share/two_wheeled_robot/models/submarine_buoyant\n'}
[0.654268] (two_wheeled_robot) StdoutLine: {'line': b'-- Up-to-date: /home/greyflon/lab_2025/install/two_wheeled_robot/share/two_wheeled_robot/models/submarine_buoyant/model.config\n'}
[0.654332] (two_wheeled_robot) StdoutLine: {'line': b'-- Up-to-date: /home/greyflon/lab_2025/install/two_wheeled_robot/share/two_wheeled_robot/models/submarine_buoyant/model.sdf\n'}
[0.654396] (two_wheeled_robot) StdoutLine: {'line': b'-- Up-to-date: /home/greyflon/lab_2025/install/two_wheeled_robot/share/two_wheeled_robot/models/submarine_buoyant/model.sdf.erb\n'}
[0.654459] (two_wheeled_robot) StdoutLine: {'line': b'-- Up-to-date: /home/greyflon/lab_2025/install/two_wheeled_robot/share/two_wheeled_robot/models/aws_robomaker_residential_DeskPortraitD_02\n'}
[0.654523] (two_wheeled_robot) StdoutLine: {'line': b'-- Up-to-date: /home/greyflon/lab_2025/install/two_wheeled_robot/share/two_wheeled_robot/models/aws_robomaker_residential_DeskPortraitD_02/model.config\n'}
[0.654608] (two_wheeled_robot) StdoutLine: {'line': b'-- Up-to-date: /home/greyflon/lab_2025/install/two_wheeled_robot/share/two_wheeled_robot/models/aws_robomaker_residential_DeskPortraitD_02/meshes\n'}
[0.654692] (two_wheeled_robot) StdoutLine: {'line': b'-- Up-to-date: /home/greyflon/lab_2025/install/two_wheeled_robot/share/two_wheeled_robot/models/aws_robomaker_residential_DeskPortraitD_02/meshes/aws_DeskPortraitD_01_visual.DAE\n'}
[0.654855] (two_wheeled_robot) StdoutLine: {'line': b'-- Up-to-date: /home/greyflon/lab_2025/install/two_wheeled_robot/share/two_wheeled_robot/models/aws_robomaker_residential_DeskPortraitD_02/meshes/aws_DeskPortraitD_01_collision.DAE\n'}
[0.654944] (two_wheeled_robot) StdoutLine: {'line': b'-- Up-to-date: /home/greyflon/lab_2025/install/two_wheeled_robot/share/two_wheeled_robot/models/aws_robomaker_residential_DeskPortraitD_02/materials\n'}
[0.655009] (two_wheeled_robot) StdoutLine: {'line': b'-- Up-to-date: /home/greyflon/lab_2025/install/two_wheeled_robot/share/two_wheeled_robot/models/aws_robomaker_residential_DeskPortraitD_02/materials/textures\n'}
[0.655073] (two_wheeled_robot) StdoutLine: {'line': b'-- Up-to-date: /home/greyflon/lab_2025/install/two_wheeled_robot/share/two_wheeled_robot/models/aws_robomaker_residential_DeskPortraitD_02/materials/textures/aws_DeskPortraitD_02.png\n'}
[0.655135] (two_wheeled_robot) StdoutLine: {'line': b'-- Up-to-date: /home/greyflon/lab_2025/install/two_wheeled_robot/share/two_wheeled_robot/models/aws_robomaker_residential_DeskPortraitD_02/materials/textures/aws_DeskPortraitD_01.png\n'}
[0.655198] (two_wheeled_robot) StdoutLine: {'line': b'-- Up-to-date: /home/greyflon/lab_2025/install/two_wheeled_robot/share/two_wheeled_robot/models/aws_robomaker_residential_DeskPortraitD_02/materials/textures/DeskPortraitD_02.jpg\n'}
[0.655286] (two_wheeled_robot) StdoutLine: {'line': b'-- Up-to-date: /home/greyflon/lab_2025/install/two_wheeled_robot/share/two_wheeled_robot/models/aws_robomaker_residential_DeskPortraitD_02/model.sdf\n'}
[0.655353] (two_wheeled_robot) StdoutLine: {'line': b'-- Up-to-date: /home/greyflon/lab_2025/install/two_wheeled_robot/share/two_wheeled_robot/models/VendingMachine\n'}
[0.655494] (two_wheeled_robot) StdoutLine: {'line': b'-- Up-to-date: /home/greyflon/lab_2025/install/two_wheeled_robot/share/two_wheeled_robot/models/VendingMachine/model.config\n'}
[0.655587] (two_wheeled_robot) StdoutLine: {'line': b'-- Up-to-date: /home/greyflon/lab_2025/install/two_wheeled_robot/share/two_wheeled_robot/models/VendingMachine/meshes\n'}
[0.655660] (two_wheeled_robot) StdoutLine: {'line': b'-- Up-to-date: /home/greyflon/lab_2025/install/two_wheeled_robot/share/two_wheeled_robot/models/VendingMachine/meshes/VendingMachine.mtl\n'}
[0.655725] (two_wheeled_robot) StdoutLine: {'line': b'-- Up-to-date: /home/greyflon/lab_2025/install/two_wheeled_robot/share/two_wheeled_robot/models/VendingMachine/meshes/VendingMachine_Diffuse.png\n'}
[0.655805] (two_wheeled_robot) StdoutLine: {'line': b'-- Up-to-date: /home/greyflon/lab_2025/install/two_wheeled_robot/share/two_wheeled_robot/models/VendingMachine/meshes/VendingMachine.obj\n'}
[0.655872] (two_wheeled_robot) StdoutLine: {'line': b'-- Up-to-date: /home/greyflon/lab_2025/install/two_wheeled_robot/share/two_wheeled_robot/models/VendingMachine/thumbnails\n'}
[0.655935] (two_wheeled_robot) StdoutLine: {'line': b'-- Up-to-date: /home/greyflon/lab_2025/install/two_wheeled_robot/share/two_wheeled_robot/models/VendingMachine/thumbnails/5.png\n'}
[0.655999] (two_wheeled_robot) StdoutLine: {'line': b'-- Up-to-date: /home/greyflon/lab_2025/install/two_wheeled_robot/share/two_wheeled_robot/models/VendingMachine/thumbnails/1.png\n'}
[0.656062] (two_wheeled_robot) StdoutLine: {'line': b'-- Up-to-date: /home/greyflon/lab_2025/install/two_wheeled_robot/share/two_wheeled_robot/models/VendingMachine/thumbnails/2.png\n'}
[0.656127] (two_wheeled_robot) StdoutLine: {'line': b'-- Up-to-date: /home/greyflon/lab_2025/install/two_wheeled_robot/share/two_wheeled_robot/models/VendingMachine/thumbnails/4.png\n'}
[0.656191] (two_wheeled_robot) StdoutLine: {'line': b'-- Up-to-date: /home/greyflon/lab_2025/install/two_wheeled_robot/share/two_wheeled_robot/models/VendingMachine/thumbnails/3.png\n'}
[0.656255] (two_wheeled_robot) StdoutLine: {'line': b'-- Up-to-date: /home/greyflon/lab_2025/install/two_wheeled_robot/share/two_wheeled_robot/models/VendingMachine/model.sdf\n'}
[0.656319] (two_wheeled_robot) StdoutLine: {'line': b'-- Up-to-date: /home/greyflon/lab_2025/install/two_wheeled_robot/share/two_wheeled_robot/models/marker_infini_logo\n'}
[0.656463] (two_wheeled_robot) StdoutLine: {'line': b'-- Up-to-date: /home/greyflon/lab_2025/install/two_wheeled_robot/share/two_wheeled_robot/models/marker_infini_logo/model.config~.xml\n'}
[0.656529] (two_wheeled_robot) StdoutLine: {'line': b'-- Up-to-date: /home/greyflon/lab_2025/install/two_wheeled_robot/share/two_wheeled_robot/models/marker_infini_logo/model.sdf~\n'}
[0.656623] (two_wheeled_robot) StdoutLine: {'line': b'-- Up-to-date: /home/greyflon/lab_2025/install/two_wheeled_robot/share/two_wheeled_robot/models/marker_infini_logo/model-1_4.sdf\n'}
[0.656702] (two_wheeled_robot) StdoutLine: {'line': b'-- Up-to-date: /home/greyflon/lab_2025/install/two_wheeled_robot/share/two_wheeled_robot/models/marker_infini_logo/model.config\n'}
[0.656769] (two_wheeled_robot) StdoutLine: {'line': b'-- Up-to-date: /home/greyflon/lab_2025/install/two_wheeled_robot/share/two_wheeled_robot/models/marker_infini_logo/meshes\n'}
[0.656832] (two_wheeled_robot) StdoutLine: {'line': b'-- Up-to-date: /home/greyflon/lab_2025/install/two_wheeled_robot/share/two_wheeled_robot/models/marker_infini_logo/meshes/Marker0.dae\n'}
[0.656896] (two_wheeled_robot) StdoutLine: {'line': b'-- Up-to-date: /home/greyflon/lab_2025/install/two_wheeled_robot/share/two_wheeled_robot/models/marker_infini_logo/materials\n'}
[0.657025] (two_wheeled_robot) StdoutLine: {'line': b'-- Up-to-date: /home/greyflon/lab_2025/install/two_wheeled_robot/share/two_wheeled_robot/models/marker_infini_logo/materials/textures\n'}
[0.657104] (two_wheeled_robot) StdoutLine: {'line': b'-- Up-to-date: /home/greyflon/lab_2025/install/two_wheeled_robot/share/two_wheeled_robot/models/marker_infini_logo/materials/textures/Marker0_tmp.png\n'}
[0.657169] (two_wheeled_robot) StdoutLine: {'line': b'-- Up-to-date: /home/greyflon/lab_2025/install/two_wheeled_robot/share/two_wheeled_robot/models/marker_infini_logo/materials/textures/BKP_Marker0.png\n'}
[0.657234] (two_wheeled_robot) StdoutLine: {'line': b'-- Up-to-date: /home/greyflon/lab_2025/install/two_wheeled_robot/share/two_wheeled_robot/models/marker_infini_logo/materials/textures/Marker0.png\n'}
[0.657299] (two_wheeled_robot) StdoutLine: {'line': b'-- Up-to-date: /home/greyflon/lab_2025/install/two_wheeled_robot/share/two_wheeled_robot/models/marker_infini_logo/model.sdf\n'}
[0.657363] (two_wheeled_robot) StdoutLine: {'line': b'-- Up-to-date: /home/greyflon/lab_2025/install/two_wheeled_robot/share/two_wheeled_robot/models/marker_infini_logo/model-1_5.sdf~\n'}
[0.657427] (two_wheeled_robot) StdoutLine: {'line': b'-- Up-to-date: /home/greyflon/lab_2025/install/two_wheeled_robot/share/two_wheeled_robot/models/marker_infini_logo/model-1_5.sdf\n'}
[0.657490] (two_wheeled_robot) StdoutLine: {'line': b'-- Up-to-date: /home/greyflon/lab_2025/install/two_wheeled_robot/share/two_wheeled_robot/models/marker_infini_logo/model-1_4.sdf~\n'}
[0.657571] (two_wheeled_robot) StdoutLine: {'line': b'-- Up-to-date: /home/greyflon/lab_2025/install/two_wheeled_robot/share/two_wheeled_robot/models/aws_robomaker_residential_PortraitE_01\n'}
[0.657645] (two_wheeled_robot) StdoutLine: {'line': b'-- Up-to-date: /home/greyflon/lab_2025/install/two_wheeled_robot/share/two_wheeled_robot/models/aws_robomaker_residential_PortraitE_01/model.config\n'}
[0.657717] (two_wheeled_robot) StdoutLine: {'line': b'-- Up-to-date: /home/greyflon/lab_2025/install/two_wheeled_robot/share/two_wheeled_robot/models/aws_robomaker_residential_PortraitE_01/meshes\n'}
[0.657783] (two_wheeled_robot) StdoutLine: {'line': b'-- Up-to-date: /home/greyflon/lab_2025/install/two_wheeled_robot/share/two_wheeled_robot/models/aws_robomaker_residential_PortraitE_01/meshes/aws_PortraitE_01_visual.DAE\n'}
[0.657849] (two_wheeled_robot) StdoutLine: {'line': b'-- Up-to-date: /home/greyflon/lab_2025/install/two_wheeled_robot/share/two_wheeled_robot/models/aws_robomaker_residential_PortraitE_01/meshes/aws_PortraitE_01_collision.DAE\n'}
[0.657912] (two_wheeled_robot) StdoutLine: {'line': b'-- Up-to-date: /home/greyflon/lab_2025/install/two_wheeled_robot/share/two_wheeled_robot/models/aws_robomaker_residential_PortraitE_01/materials\n'}
[0.657991] (two_wheeled_robot) StdoutLine: {'line': b'-- Up-to-date: /home/greyflon/lab_2025/install/two_wheeled_robot/share/two_wheeled_robot/models/aws_robomaker_residential_PortraitE_01/materials/textures\n'}
[0.658057] (two_wheeled_robot) StdoutLine: {'line': b'-- Up-to-date: /home/greyflon/lab_2025/install/two_wheeled_robot/share/two_wheeled_robot/models/aws_robomaker_residential_PortraitE_01/materials/textures/aws_PortraitE_01.png\n'}
[0.658122] (two_wheeled_robot) StdoutLine: {'line': b'-- Up-to-date: /home/greyflon/lab_2025/install/two_wheeled_robot/share/two_wheeled_robot/models/aws_robomaker_residential_PortraitE_01/materials/textures/aws_PortraitE_02.png\n'}
[0.658185] (two_wheeled_robot) StdoutLine: {'line': b'-- Up-to-date: /home/greyflon/lab_2025/install/two_wheeled_robot/share/two_wheeled_robot/models/aws_robomaker_residential_PortraitE_01/materials/textures/PortraitE_01.jpg\n'}
[0.658297] (two_wheeled_robot) StdoutLine: {'line': b'-- Up-to-date: /home/greyflon/lab_2025/install/two_wheeled_robot/share/two_wheeled_robot/models/aws_robomaker_residential_PortraitE_01/model.sdf\n'}
[0.658376] (two_wheeled_robot) StdoutLine: {'line': b'-- Up-to-date: /home/greyflon/lab_2025/install/two_wheeled_robot/share/two_wheeled_robot/models/aws_robomaker_residential_DeskPortraitC_02\n'}
[0.658462] (two_wheeled_robot) StdoutLine: {'line': b'-- Up-to-date: /home/greyflon/lab_2025/install/two_wheeled_robot/share/two_wheeled_robot/models/aws_robomaker_residential_DeskPortraitC_02/model.config\n'}
[0.658527] (two_wheeled_robot) StdoutLine: {'line': b'-- Up-to-date: /home/greyflon/lab_2025/install/two_wheeled_robot/share/two_wheeled_robot/models/aws_robomaker_residential_DeskPortraitC_02/meshes\n'}
[0.658681] (two_wheeled_robot) StdoutLine: {'line': b'-- Up-to-date: /home/greyflon/lab_2025/install/two_wheeled_robot/share/two_wheeled_robot/models/aws_robomaker_residential_DeskPortraitC_02/meshes/aws_DeskPortraitC_01_collision.DAE\n'}
[0.658781] (two_wheeled_robot) StdoutLine: {'line': b'-- Up-to-date: /home/greyflon/lab_2025/install/two_wheeled_robot/share/two_wheeled_robot/models/aws_robomaker_residential_DeskPortraitC_02/meshes/aws_DeskPortraitC_01_visual.DAE\n'}
[0.658890] (two_wheeled_robot) StdoutLine: {'line': b'-- Up-to-date: /home/greyflon/lab_2025/install/two_wheeled_robot/share/two_wheeled_robot/models/aws_robomaker_residential_DeskPortraitC_02/materials\n'}
[0.658958] (two_wheeled_robot) StdoutLine: {'line': b'-- Up-to-date: /home/greyflon/lab_2025/install/two_wheeled_robot/share/two_wheeled_robot/models/aws_robomaker_residential_DeskPortraitC_02/materials/textures\n'}
[0.659034] (two_wheeled_robot) StdoutLine: {'line': b'-- Up-to-date: /home/greyflon/lab_2025/install/two_wheeled_robot/share/two_wheeled_robot/models/aws_robomaker_residential_DeskPortraitC_02/materials/textures/aws_DeskPortraitC_01.png\n'}
[0.659123] (two_wheeled_robot) StdoutLine: {'line': b'-- Up-to-date: /home/greyflon/lab_2025/install/two_wheeled_robot/share/two_wheeled_robot/models/aws_robomaker_residential_DeskPortraitC_02/materials/textures/aws_DeskPortraitC_02.png\n'}
[0.659189] (two_wheeled_robot) StdoutLine: {'line': b'-- Up-to-date: /home/greyflon/lab_2025/install/two_wheeled_robot/share/two_wheeled_robot/models/aws_robomaker_residential_DeskPortraitC_02/materials/textures/DeskPortraitC_02.jpg\n'}
[0.659282] (two_wheeled_robot) StdoutLine: {'line': b'-- Up-to-date: /home/greyflon/lab_2025/install/two_wheeled_robot/share/two_wheeled_robot/models/aws_robomaker_residential_DeskPortraitC_02/model.sdf\n'}
[0.659350] (two_wheeled_robot) StdoutLine: {'line': b'-- Up-to-date: /home/greyflon/lab_2025/install/two_wheeled_robot/share/two_wheeled_robot/models/BloodPressureMonitor\n'}
[0.659413] (two_wheeled_robot) StdoutLine: {'line': b'-- Up-to-date: /home/greyflon/lab_2025/install/two_wheeled_robot/share/two_wheeled_robot/models/BloodPressureMonitor/model.config\n'}
[0.659476] (two_wheeled_robot) StdoutLine: {'line': b'-- Up-to-date: /home/greyflon/lab_2025/install/two_wheeled_robot/share/two_wheeled_robot/models/BloodPressureMonitor/meshes\n'}
[0.659540] (two_wheeled_robot) StdoutLine: {'line': b'-- Up-to-date: /home/greyflon/lab_2025/install/two_wheeled_robot/share/two_wheeled_robot/models/BloodPressureMonitor/meshes/BloodPressureMonitor.png\n'}
[0.659631] (two_wheeled_robot) StdoutLine: {'line': b'-- Up-to-date: /home/greyflon/lab_2025/install/two_wheeled_robot/share/two_wheeled_robot/models/BloodPressureMonitor/meshes/BloodPressureMonitor_Col.obj\n'}
[0.659704] (two_wheeled_robot) StdoutLine: {'line': b'-- Up-to-date: /home/greyflon/lab_2025/install/two_wheeled_robot/share/two_wheeled_robot/models/BloodPressureMonitor/meshes/BloodPressureMonitor_Col.mtl\n'}
[0.659769] (two_wheeled_robot) StdoutLine: {'line': b'-- Up-to-date: /home/greyflon/lab_2025/install/two_wheeled_robot/share/two_wheeled_robot/models/BloodPressureMonitor/meshes/BloodPressureMonitor.mtl\n'}
[0.659900] (two_wheeled_robot) StdoutLine: {'line': b'-- Up-to-date: /home/greyflon/lab_2025/install/two_wheeled_robot/share/two_wheeled_robot/models/BloodPressureMonitor/meshes/BloodPressureMonitor.obj\n'}
[0.659969] (two_wheeled_robot) StdoutLine: {'line': b'-- Up-to-date: /home/greyflon/lab_2025/install/two_wheeled_robot/share/two_wheeled_robot/models/BloodPressureMonitor/thumbnails\n'}
[0.660034] (two_wheeled_robot) StdoutLine: {'line': b'-- Up-to-date: /home/greyflon/lab_2025/install/two_wheeled_robot/share/two_wheeled_robot/models/BloodPressureMonitor/thumbnails/5.png\n'}
[0.660118] (two_wheeled_robot) StdoutLine: {'line': b'-- Up-to-date: /home/greyflon/lab_2025/install/two_wheeled_robot/share/two_wheeled_robot/models/BloodPressureMonitor/thumbnails/1.png\n'}
[0.660183] (two_wheeled_robot) StdoutLine: {'line': b'-- Up-to-date: /home/greyflon/lab_2025/install/two_wheeled_robot/share/two_wheeled_robot/models/BloodPressureMonitor/thumbnails/2.png\n'}
[0.660249] (two_wheeled_robot) StdoutLine: {'line': b'-- Up-to-date: /home/greyflon/lab_2025/install/two_wheeled_robot/share/two_wheeled_robot/models/BloodPressureMonitor/thumbnails/4.png\n'}
[0.660313] (two_wheeled_robot) StdoutLine: {'line': b'-- Up-to-date: /home/greyflon/lab_2025/install/two_wheeled_robot/share/two_wheeled_robot/models/BloodPressureMonitor/thumbnails/3.png\n'}
[0.660377] (two_wheeled_robot) StdoutLine: {'line': b'-- Up-to-date: /home/greyflon/lab_2025/install/two_wheeled_robot/share/two_wheeled_robot/models/BloodPressureMonitor/model.sdf\n'}
[0.660491] (two_wheeled_robot) StdoutLine: {'line': b'-- Up-to-date: /home/greyflon/lab_2025/install/two_wheeled_robot/share/two_wheeled_robot/models/shelves_high2\n'}
[0.660572] (two_wheeled_robot) StdoutLine: {'line': b'-- Up-to-date: /home/greyflon/lab_2025/install/two_wheeled_robot/share/two_wheeled_robot/models/shelves_high2/model.config\n'}
[0.660646] (two_wheeled_robot) StdoutLine: {'line': b'-- Up-to-date: /home/greyflon/lab_2025/install/two_wheeled_robot/share/two_wheeled_robot/models/shelves_high2/meshes\n'}
[0.660716] (two_wheeled_robot) StdoutLine: {'line': b'-- Up-to-date: /home/greyflon/lab_2025/install/two_wheeled_robot/share/two_wheeled_robot/models/shelves_high2/meshes/shelves_high2.dae\n'}
[0.660782] (two_wheeled_robot) StdoutLine: {'line': b'-- Up-to-date: /home/greyflon/lab_2025/install/two_wheeled_robot/share/two_wheeled_robot/models/shelves_high2/meshes/shelves_high2_collision.dae\n'}
[0.660845] (two_wheeled_robot) StdoutLine: {'line': b'-- Up-to-date: /home/greyflon/lab_2025/install/two_wheeled_robot/share/two_wheeled_robot/models/shelves_high2/materials\n'}
[0.660908] (two_wheeled_robot) StdoutLine: {'line': b'-- Up-to-date: /home/greyflon/lab_2025/install/two_wheeled_robot/share/two_wheeled_robot/models/shelves_high2/materials/textures\n'}
[0.660985] (two_wheeled_robot) StdoutLine: {'line': b'-- Up-to-date: /home/greyflon/lab_2025/install/two_wheeled_robot/share/two_wheeled_robot/models/shelves_high2/materials/textures/__CorrogateShiny_.jpg\n'}
[0.661054] (two_wheeled_robot) StdoutLine: {'line': b'-- Up-to-date: /home/greyflon/lab_2025/install/two_wheeled_robot/share/two_wheeled_robot/models/shelves_high2/model.sdf\n'}
[0.661164] (two_wheeled_robot) StdoutLine: {'line': b'-- Up-to-date: /home/greyflon/lab_2025/install/two_wheeled_robot/share/two_wheeled_robot/models/MaleVisitorSit\n'}
[0.661244] (two_wheeled_robot) StdoutLine: {'line': b'-- Up-to-date: /home/greyflon/lab_2025/install/two_wheeled_robot/share/two_wheeled_robot/models/MaleVisitorSit/model.config\n'}
[0.661311] (two_wheeled_robot) StdoutLine: {'line': b'-- Up-to-date: /home/greyflon/lab_2025/install/two_wheeled_robot/share/two_wheeled_robot/models/MaleVisitorSit/meshes\n'}
[0.661398] (two_wheeled_robot) StdoutLine: {'line': b'-- Up-to-date: /home/greyflon/lab_2025/install/two_wheeled_robot/share/two_wheeled_robot/models/MaleVisitorSit/meshes/Phone.png\n'}
[0.661463] (two_wheeled_robot) StdoutLine: {'line': b'-- Up-to-date: /home/greyflon/lab_2025/install/two_wheeled_robot/share/two_wheeled_robot/models/MaleVisitorSit/meshes/MaleVisitorSit_Col.mtl\n'}
[0.661540] (two_wheeled_robot) StdoutLine: {'line': b'-- Up-to-date: /home/greyflon/lab_2025/install/two_wheeled_robot/share/two_wheeled_robot/models/MaleVisitorSit/meshes/MaleVisitorSit.obj\n'}
[0.661627] (two_wheeled_robot) StdoutLine: {'line': b'-- Up-to-date: /home/greyflon/lab_2025/install/two_wheeled_robot/share/two_wheeled_robot/models/MaleVisitorSit/meshes/MaleVisitorSit_Col.obj\n'}
[0.661692] (two_wheeled_robot) StdoutLine: {'line': b'-- Up-to-date: /home/greyflon/lab_2025/install/two_wheeled_robot/share/two_wheeled_robot/models/MaleVisitorSit/meshes/MaleVisitorSit.mtl\n'}
[0.661807] (two_wheeled_robot) StdoutLine: {'line': b'-- Up-to-date: /home/greyflon/lab_2025/install/two_wheeled_robot/share/two_wheeled_robot/models/MaleVisitorSit/meshes/MaleVisitorSit.png\n'}
[0.661880] (two_wheeled_robot) StdoutLine: {'line': b'-- Up-to-date: /home/greyflon/lab_2025/install/two_wheeled_robot/share/two_wheeled_robot/models/MaleVisitorSit/thumbnails\n'}
[0.661944] (two_wheeled_robot) StdoutLine: {'line': b'-- Up-to-date: /home/greyflon/lab_2025/install/two_wheeled_robot/share/two_wheeled_robot/models/MaleVisitorSit/thumbnails/5.png\n'}
[0.662008] (two_wheeled_robot) StdoutLine: {'line': b'-- Up-to-date: /home/greyflon/lab_2025/install/two_wheeled_robot/share/two_wheeled_robot/models/MaleVisitorSit/thumbnails/1.png\n'}
[0.662070] (two_wheeled_robot) StdoutLine: {'line': b'-- Up-to-date: /home/greyflon/lab_2025/install/two_wheeled_robot/share/two_wheeled_robot/models/MaleVisitorSit/thumbnails/2.png\n'}
[0.662133] (two_wheeled_robot) StdoutLine: {'line': b'-- Up-to-date: /home/greyflon/lab_2025/install/two_wheeled_robot/share/two_wheeled_robot/models/MaleVisitorSit/thumbnails/4.png\n'}
[0.662195] (two_wheeled_robot) StdoutLine: {'line': b'-- Up-to-date: /home/greyflon/lab_2025/install/two_wheeled_robot/share/two_wheeled_robot/models/MaleVisitorSit/thumbnails/3.png\n'}
[0.662258] (two_wheeled_robot) StdoutLine: {'line': b'-- Up-to-date: /home/greyflon/lab_2025/install/two_wheeled_robot/share/two_wheeled_robot/models/MaleVisitorSit/model.sdf\n'}
[0.662321] (two_wheeled_robot) StdoutLine: {'line': b'-- Up-to-date: /home/greyflon/lab_2025/install/two_wheeled_robot/share/two_wheeled_robot/models/bowl\n'}
[0.662383] (two_wheeled_robot) StdoutLine: {'line': b'-- Up-to-date: /home/greyflon/lab_2025/install/two_wheeled_robot/share/two_wheeled_robot/models/bowl/model-1_2.sdf\n'}
[0.662446] (two_wheeled_robot) StdoutLine: {'line': b'-- Up-to-date: /home/greyflon/lab_2025/install/two_wheeled_robot/share/two_wheeled_robot/models/bowl/model-1_4.sdf\n'}
[0.662525] (two_wheeled_robot) StdoutLine: {'line': b'-- Up-to-date: /home/greyflon/lab_2025/install/two_wheeled_robot/share/two_wheeled_robot/models/bowl/model.config\n'}
[0.662625] (two_wheeled_robot) StdoutLine: {'line': b'-- Up-to-date: /home/greyflon/lab_2025/install/two_wheeled_robot/share/two_wheeled_robot/models/bowl/meshes\n'}
[0.662692] (two_wheeled_robot) StdoutLine: {'line': b'-- Up-to-date: /home/greyflon/lab_2025/install/two_wheeled_robot/share/two_wheeled_robot/models/bowl/meshes/bowl.dae\n'}
[0.662757] (two_wheeled_robot) StdoutLine: {'line': b'-- Up-to-date: /home/greyflon/lab_2025/install/two_wheeled_robot/share/two_wheeled_robot/models/bowl/model.sdf\n'}
[0.662820] (two_wheeled_robot) StdoutLine: {'line': b'-- Up-to-date: /home/greyflon/lab_2025/install/two_wheeled_robot/share/two_wheeled_robot/models/bowl/model-1_3.sdf\n'}
[0.662884] (two_wheeled_robot) StdoutLine: {'line': b'-- Up-to-date: /home/greyflon/lab_2025/install/two_wheeled_robot/share/two_wheeled_robot/models/green_target\n'}
[0.662946] (two_wheeled_robot) StdoutLine: {'line': b'-- Up-to-date: /home/greyflon/lab_2025/install/two_wheeled_robot/share/two_wheeled_robot/models/green_target/model.config\n'}
[0.663010] (two_wheeled_robot) StdoutLine: {'line': b'-- Up-to-date: /home/greyflon/lab_2025/install/two_wheeled_robot/share/two_wheeled_robot/models/green_target/meshes\n'}
[0.663132] (two_wheeled_robot) StdoutLine: {'line': b'-- Up-to-date: /home/greyflon/lab_2025/install/two_wheeled_robot/share/two_wheeled_robot/models/green_target/meshes/green_target.dae\n'}
[0.663211] (two_wheeled_robot) StdoutLine: {'line': b'-- Up-to-date: /home/greyflon/lab_2025/install/two_wheeled_robot/share/two_wheeled_robot/models/green_target/model.sdf\n'}
[0.663279] (two_wheeled_robot) StdoutLine: {'line': b'-- Up-to-date: /home/greyflon/lab_2025/install/two_wheeled_robot/share/two_wheeled_robot/models/door\n'}
[0.663357] (two_wheeled_robot) StdoutLine: {'line': b'-- Up-to-date: /home/greyflon/lab_2025/install/two_wheeled_robot/share/two_wheeled_robot/models/door/model.config\n'}
[0.663430] (two_wheeled_robot) StdoutLine: {'line': b'-- Up-to-date: /home/greyflon/lab_2025/install/two_wheeled_robot/share/two_wheeled_robot/models/door/meshes\n'}
[0.663534] (two_wheeled_robot) StdoutLine: {'line': b'-- Up-to-date: /home/greyflon/lab_2025/install/two_wheeled_robot/share/two_wheeled_robot/models/door/meshes/door_frame.obj\n'}
[0.663641] (two_wheeled_robot) StdoutLine: {'line': b'-- Up-to-date: /home/greyflon/lab_2025/install/two_wheeled_robot/share/two_wheeled_robot/models/door/meshes/door.obj\n'}
[0.663723] (two_wheeled_robot) StdoutLine: {'line': b'-- Up-to-date: /home/greyflon/lab_2025/install/two_wheeled_robot/share/two_wheeled_robot/models/door/meshes/door.mtl\n'}
[0.663791] (two_wheeled_robot) StdoutLine: {'line': b'-- Up-to-date: /home/greyflon/lab_2025/install/two_wheeled_robot/share/two_wheeled_robot/models/door/meshes/door_door.obj\n'}
[0.663854] (two_wheeled_robot) StdoutLine: {'line': b'-- Up-to-date: /home/greyflon/lab_2025/install/two_wheeled_robot/share/two_wheeled_robot/models/door/materials\n'}
[0.663935] (two_wheeled_robot) StdoutLine: {'line': b'-- Up-to-date: /home/greyflon/lab_2025/install/two_wheeled_robot/share/two_wheeled_robot/models/door/materials/textures\n'}
[0.664000] (two_wheeled_robot) StdoutLine: {'line': b'-- Up-to-date: /home/greyflon/lab_2025/install/two_wheeled_robot/share/two_wheeled_robot/models/door/materials/textures/refrigerator.png\n'}
[0.664064] (two_wheeled_robot) StdoutLine: {'line': b'-- Up-to-date: /home/greyflon/lab_2025/install/two_wheeled_robot/share/two_wheeled_robot/models/door/materials/textures/ceiling.png\n'}
[0.664127] (two_wheeled_robot) StdoutLine: {'line': b'-- Up-to-date: /home/greyflon/lab_2025/install/two_wheeled_robot/share/two_wheeled_robot/models/door/materials/textures/door.png\n'}
[0.664237] (two_wheeled_robot) StdoutLine: {'line': b'-- Up-to-date: /home/greyflon/lab_2025/install/two_wheeled_robot/share/two_wheeled_robot/models/door/model.sdf\n'}
[0.664306] (two_wheeled_robot) StdoutLine: {'line': b'-- Up-to-date: /home/greyflon/lab_2025/install/two_wheeled_robot/share/two_wheeled_robot/models/TrolleyBed\n'}
[0.664371] (two_wheeled_robot) StdoutLine: {'line': b'-- Up-to-date: /home/greyflon/lab_2025/install/two_wheeled_robot/share/two_wheeled_robot/models/TrolleyBed/model.config\n'}
[0.664460] (two_wheeled_robot) StdoutLine: {'line': b'-- Up-to-date: /home/greyflon/lab_2025/install/two_wheeled_robot/share/two_wheeled_robot/models/TrolleyBed/meshes\n'}
[0.664525] (two_wheeled_robot) StdoutLine: {'line': b'-- Up-to-date: /home/greyflon/lab_2025/install/two_wheeled_robot/share/two_wheeled_robot/models/TrolleyBed/meshes/TrolleyBed.obj\n'}
[0.664647] (two_wheeled_robot) StdoutLine: {'line': b'-- Up-to-date: /home/greyflon/lab_2025/install/two_wheeled_robot/share/two_wheeled_robot/models/TrolleyBed/meshes/TrolleyBed.mtl\n'}
[0.664715] (two_wheeled_robot) StdoutLine: {'line': b'-- Up-to-date: /home/greyflon/lab_2025/install/two_wheeled_robot/share/two_wheeled_robot/models/TrolleyBed/meshes/TrolleyBed_Diffuse.png\n'}
[0.664779] (two_wheeled_robot) StdoutLine: {'line': b'-- Up-to-date: /home/greyflon/lab_2025/install/two_wheeled_robot/share/two_wheeled_robot/models/TrolleyBed/thumbnails\n'}
[0.664843] (two_wheeled_robot) StdoutLine: {'line': b'-- Up-to-date: /home/greyflon/lab_2025/install/two_wheeled_robot/share/two_wheeled_robot/models/TrolleyBed/thumbnails/5.png\n'}
[0.664946] (two_wheeled_robot) StdoutLine: {'line': b'-- Up-to-date: /home/greyflon/lab_2025/install/two_wheeled_robot/share/two_wheeled_robot/models/TrolleyBed/thumbnails/1.png\n'}
[0.665028] (two_wheeled_robot) StdoutLine: {'line': b'-- Up-to-date: /home/greyflon/lab_2025/install/two_wheeled_robot/share/two_wheeled_robot/models/TrolleyBed/thumbnails/2.png\n'}
[0.665094] (two_wheeled_robot) StdoutLine: {'line': b'-- Up-to-date: /home/greyflon/lab_2025/install/two_wheeled_robot/share/two_wheeled_robot/models/TrolleyBed/thumbnails/4.png\n'}
[0.665213] (two_wheeled_robot) StdoutLine: {'line': b'-- Up-to-date: /home/greyflon/lab_2025/install/two_wheeled_robot/share/two_wheeled_robot/models/TrolleyBed/thumbnails/3.png\n'}
[0.665282] (two_wheeled_robot) StdoutLine: {'line': b'-- Up-to-date: /home/greyflon/lab_2025/install/two_wheeled_robot/share/two_wheeled_robot/models/TrolleyBed/model.sdf\n'}
[0.665346] (two_wheeled_robot) StdoutLine: {'line': b'-- Up-to-date: /home/greyflon/lab_2025/install/two_wheeled_robot/share/two_wheeled_robot/models/aws_robomaker_residential_PortraitD_02\n'}
[0.665411] (two_wheeled_robot) StdoutLine: {'line': b'-- Up-to-date: /home/greyflon/lab_2025/install/two_wheeled_robot/share/two_wheeled_robot/models/aws_robomaker_residential_PortraitD_02/model.config\n'}
[0.665489] (two_wheeled_robot) StdoutLine: {'line': b'-- Up-to-date: /home/greyflon/lab_2025/install/two_wheeled_robot/share/two_wheeled_robot/models/aws_robomaker_residential_PortraitD_02/meshes\n'}
[0.665569] (two_wheeled_robot) StdoutLine: {'line': b'-- Up-to-date: /home/greyflon/lab_2025/install/two_wheeled_robot/share/two_wheeled_robot/models/aws_robomaker_residential_PortraitD_02/meshes/aws_PortraitD_01_collision.DAE\n'}
[0.665645] (two_wheeled_robot) StdoutLine: {'line': b'-- Up-to-date: /home/greyflon/lab_2025/install/two_wheeled_robot/share/two_wheeled_robot/models/aws_robomaker_residential_PortraitD_02/meshes/aws_PortraitD_01_visual.DAE\n'}
[0.665783] (two_wheeled_robot) StdoutLine: {'line': b'-- Up-to-date: /home/greyflon/lab_2025/install/two_wheeled_robot/share/two_wheeled_robot/models/aws_robomaker_residential_PortraitD_02/materials\n'}
[0.665865] (two_wheeled_robot) StdoutLine: {'line': b'-- Up-to-date: /home/greyflon/lab_2025/install/two_wheeled_robot/share/two_wheeled_robot/models/aws_robomaker_residential_PortraitD_02/materials/textures\n'}
[0.665932] (two_wheeled_robot) StdoutLine: {'line': b'-- Up-to-date: /home/greyflon/lab_2025/install/two_wheeled_robot/share/two_wheeled_robot/models/aws_robomaker_residential_PortraitD_02/materials/textures/aws_PortraitD_02.png\n'}
[0.665998] (two_wheeled_robot) StdoutLine: {'line': b'-- Up-to-date: /home/greyflon/lab_2025/install/two_wheeled_robot/share/two_wheeled_robot/models/aws_robomaker_residential_PortraitD_02/materials/textures/PortraitD_02.jpg\n'}
[0.666061] (two_wheeled_robot) StdoutLine: {'line': b'-- Up-to-date: /home/greyflon/lab_2025/install/two_wheeled_robot/share/two_wheeled_robot/models/aws_robomaker_residential_PortraitD_02/materials/textures/aws_PortraitD_01.png\n'}
[0.666196] (two_wheeled_robot) StdoutLine: {'line': b'-- Up-to-date: /home/greyflon/lab_2025/install/two_wheeled_robot/share/two_wheeled_robot/models/aws_robomaker_residential_PortraitD_02/model.sdf\n'}
[0.666266] (two_wheeled_robot) StdoutLine: {'line': b'-- Up-to-date: /home/greyflon/lab_2025/install/two_wheeled_robot/share/two_wheeled_robot/models/aws_robomaker_residential_BalconyTable_01\n'}
[0.666340] (two_wheeled_robot) StdoutLine: {'line': b'-- Up-to-date: /home/greyflon/lab_2025/install/two_wheeled_robot/share/two_wheeled_robot/models/aws_robomaker_residential_BalconyTable_01/model.config\n'}
[0.666406] (two_wheeled_robot) StdoutLine: {'line': b'-- Up-to-date: /home/greyflon/lab_2025/install/two_wheeled_robot/share/two_wheeled_robot/models/aws_robomaker_residential_BalconyTable_01/meshes\n'}
[0.666476] (two_wheeled_robot) StdoutLine: {'line': b'-- Up-to-date: /home/greyflon/lab_2025/install/two_wheeled_robot/share/two_wheeled_robot/models/aws_robomaker_residential_BalconyTable_01/meshes/aws_BalconyTable_01_collision.DAE\n'}
[0.666541] (two_wheeled_robot) StdoutLine: {'line': b'-- Up-to-date: /home/greyflon/lab_2025/install/two_wheeled_robot/share/two_wheeled_robot/models/aws_robomaker_residential_BalconyTable_01/meshes/aws_BalconyTable_01_visual.DAE\n'}
[0.666628] (two_wheeled_robot) StdoutLine: {'line': b'-- Up-to-date: /home/greyflon/lab_2025/install/two_wheeled_robot/share/two_wheeled_robot/models/aws_robomaker_residential_BalconyTable_01/materials\n'}
[0.666707] (two_wheeled_robot) StdoutLine: {'line': b'-- Up-to-date: /home/greyflon/lab_2025/install/two_wheeled_robot/share/two_wheeled_robot/models/aws_robomaker_residential_BalconyTable_01/materials/textures\n'}
[0.666780] (two_wheeled_robot) StdoutLine: {'line': b'-- Up-to-date: /home/greyflon/lab_2025/install/two_wheeled_robot/share/two_wheeled_robot/models/aws_robomaker_residential_BalconyTable_01/materials/textures/aws_BalconyTable_01.png\n'}
[0.666913] (two_wheeled_robot) StdoutLine: {'line': b'-- Up-to-date: /home/greyflon/lab_2025/install/two_wheeled_robot/share/two_wheeled_robot/models/aws_robomaker_residential_BalconyTable_01/model.sdf\n'}
[0.666979] (two_wheeled_robot) StdoutLine: {'line': b'-- Up-to-date: /home/greyflon/lab_2025/install/two_wheeled_robot/share/two_wheeled_robot/models/aws_robomaker_residential_PortraitD_01\n'}
[0.667055] (two_wheeled_robot) StdoutLine: {'line': b'-- Up-to-date: /home/greyflon/lab_2025/install/two_wheeled_robot/share/two_wheeled_robot/models/aws_robomaker_residential_PortraitD_01/model.config\n'}
[0.667120] (two_wheeled_robot) StdoutLine: {'line': b'-- Up-to-date: /home/greyflon/lab_2025/install/two_wheeled_robot/share/two_wheeled_robot/models/aws_robomaker_residential_PortraitD_01/meshes\n'}
[0.667195] (two_wheeled_robot) StdoutLine: {'line': b'-- Up-to-date: /home/greyflon/lab_2025/install/two_wheeled_robot/share/two_wheeled_robot/models/aws_robomaker_residential_PortraitD_01/meshes/aws_PortraitD_01_collision.DAE\n'}
[0.667262] (two_wheeled_robot) StdoutLine: {'line': b'-- Up-to-date: /home/greyflon/lab_2025/install/two_wheeled_robot/share/two_wheeled_robot/models/aws_robomaker_residential_PortraitD_01/meshes/aws_PortraitD_01_visual.DAE\n'}
[0.667324] (two_wheeled_robot) StdoutLine: {'line': b'-- Up-to-date: /home/greyflon/lab_2025/install/two_wheeled_robot/share/two_wheeled_robot/models/aws_robomaker_residential_PortraitD_01/materials\n'}
[0.667387] (two_wheeled_robot) StdoutLine: {'line': b'-- Up-to-date: /home/greyflon/lab_2025/install/two_wheeled_robot/share/two_wheeled_robot/models/aws_robomaker_residential_PortraitD_01/materials/textures\n'}
[0.667450] (two_wheeled_robot) StdoutLine: {'line': b'-- Up-to-date: /home/greyflon/lab_2025/install/two_wheeled_robot/share/two_wheeled_robot/models/aws_robomaker_residential_PortraitD_01/materials/textures/aws_PortraitD_02.png\n'}
[0.667598] (two_wheeled_robot) StdoutLine: {'line': b'-- Up-to-date: /home/greyflon/lab_2025/install/two_wheeled_robot/share/two_wheeled_robot/models/aws_robomaker_residential_PortraitD_01/materials/textures/PortraitD_01.jpg\n'}
[0.667675] (two_wheeled_robot) StdoutLine: {'line': b'-- Up-to-date: /home/greyflon/lab_2025/install/two_wheeled_robot/share/two_wheeled_robot/models/aws_robomaker_residential_PortraitD_01/materials/textures/aws_PortraitD_01.png\n'}
[0.667740] (two_wheeled_robot) StdoutLine: {'line': b'-- Up-to-date: /home/greyflon/lab_2025/install/two_wheeled_robot/share/two_wheeled_robot/models/aws_robomaker_residential_PortraitD_01/model.sdf\n'}
[0.667817] (two_wheeled_robot) StdoutLine: {'line': b'-- Up-to-date: /home/greyflon/lab_2025/install/two_wheeled_robot/share/two_wheeled_robot/models/aws_robomaker_residential_DeskPortraitD_03\n'}
[0.667884] (two_wheeled_robot) StdoutLine: {'line': b'-- Up-to-date: /home/greyflon/lab_2025/install/two_wheeled_robot/share/two_wheeled_robot/models/aws_robomaker_residential_DeskPortraitD_03/model.config\n'}
[0.667948] (two_wheeled_robot) StdoutLine: {'line': b'-- Up-to-date: /home/greyflon/lab_2025/install/two_wheeled_robot/share/two_wheeled_robot/models/aws_robomaker_residential_DeskPortraitD_03/meshes\n'}
[0.668089] (two_wheeled_robot) StdoutLine: {'line': b'-- Up-to-date: /home/greyflon/lab_2025/install/two_wheeled_robot/share/two_wheeled_robot/models/aws_robomaker_residential_DeskPortraitD_03/meshes/aws_DeskPortraitD_01_visual.DAE\n'}
[0.668169] (two_wheeled_robot) StdoutLine: {'line': b'-- Up-to-date: /home/greyflon/lab_2025/install/two_wheeled_robot/share/two_wheeled_robot/models/aws_robomaker_residential_DeskPortraitD_03/meshes/aws_DeskPortraitD_01_collision.DAE\n'}
[0.668234] (two_wheeled_robot) StdoutLine: {'line': b'-- Up-to-date: /home/greyflon/lab_2025/install/two_wheeled_robot/share/two_wheeled_robot/models/aws_robomaker_residential_DeskPortraitD_03/materials\n'}
[0.668307] (two_wheeled_robot) StdoutLine: {'line': b'-- Up-to-date: /home/greyflon/lab_2025/install/two_wheeled_robot/share/two_wheeled_robot/models/aws_robomaker_residential_DeskPortraitD_03/materials/textures\n'}
[0.668399] (two_wheeled_robot) StdoutLine: {'line': b'-- Up-to-date: /home/greyflon/lab_2025/install/two_wheeled_robot/share/two_wheeled_robot/models/aws_robomaker_residential_DeskPortraitD_03/materials/textures/aws_DeskPortraitD_02.png\n'}
[0.668470] (two_wheeled_robot) StdoutLine: {'line': b'-- Up-to-date: /home/greyflon/lab_2025/install/two_wheeled_robot/share/two_wheeled_robot/models/aws_robomaker_residential_DeskPortraitD_03/materials/textures/aws_DeskPortraitD_01.png\n'}
[0.668534] (two_wheeled_robot) StdoutLine: {'line': b'-- Up-to-date: /home/greyflon/lab_2025/install/two_wheeled_robot/share/two_wheeled_robot/models/aws_robomaker_residential_DeskPortraitD_03/materials/textures/DeskPortraitD_03.jpg\n'}
[0.668621] (two_wheeled_robot) StdoutLine: {'line': b'-- Up-to-date: /home/greyflon/lab_2025/install/two_wheeled_robot/share/two_wheeled_robot/models/aws_robomaker_residential_DeskPortraitD_03/model.sdf\n'}
[0.668688] (two_wheeled_robot) StdoutLine: {'line': b'-- Up-to-date: /home/greyflon/lab_2025/install/two_wheeled_robot/share/two_wheeled_robot/models/whiteboard\n'}
[0.668751] (two_wheeled_robot) StdoutLine: {'line': b'-- Up-to-date: /home/greyflon/lab_2025/install/two_wheeled_robot/share/two_wheeled_robot/models/whiteboard/model.config\n'}
[0.668860] (two_wheeled_robot) StdoutLine: {'line': b'-- Up-to-date: /home/greyflon/lab_2025/install/two_wheeled_robot/share/two_wheeled_robot/models/whiteboard/meshes\n'}
[0.668929] (two_wheeled_robot) StdoutLine: {'line': b'-- Up-to-date: /home/greyflon/lab_2025/install/two_wheeled_robot/share/two_wheeled_robot/models/whiteboard/meshes/whiteboard.mtl\n'}
[0.668995] (two_wheeled_robot) StdoutLine: {'line': b'-- Up-to-date: /home/greyflon/lab_2025/install/two_wheeled_robot/share/two_wheeled_robot/models/whiteboard/meshes/whiteboard.obj\n'}
[0.669059] (two_wheeled_robot) StdoutLine: {'line': b'-- Up-to-date: /home/greyflon/lab_2025/install/two_wheeled_robot/share/two_wheeled_robot/models/whiteboard/materials\n'}
[0.669123] (two_wheeled_robot) StdoutLine: {'line': b'-- Up-to-date: /home/greyflon/lab_2025/install/two_wheeled_robot/share/two_wheeled_robot/models/whiteboard/materials/textures\n'}
[0.669192] (two_wheeled_robot) StdoutLine: {'line': b'-- Up-to-date: /home/greyflon/lab_2025/install/two_wheeled_robot/share/two_wheeled_robot/models/whiteboard/materials/textures/whiteboard.png\n'}
[0.669269] (two_wheeled_robot) StdoutLine: {'line': b'-- Up-to-date: /home/greyflon/lab_2025/install/two_wheeled_robot/share/two_wheeled_robot/models/whiteboard/model.sdf\n'}
[0.669334] (two_wheeled_robot) StdoutLine: {'line': b'-- Up-to-date: /home/greyflon/lab_2025/install/two_wheeled_robot/share/two_wheeled_robot/models/mud_box\n'}
[0.669438] (two_wheeled_robot) StdoutLine: {'line': b'-- Up-to-date: /home/greyflon/lab_2025/install/two_wheeled_robot/share/two_wheeled_robot/models/mud_box/model-1_4.sdf\n'}
[0.669507] (two_wheeled_robot) StdoutLine: {'line': b'-- Up-to-date: /home/greyflon/lab_2025/install/two_wheeled_robot/share/two_wheeled_robot/models/mud_box/model.config\n'}
[0.669587] (two_wheeled_robot) StdoutLine: {'line': b'-- Up-to-date: /home/greyflon/lab_2025/install/two_wheeled_robot/share/two_wheeled_robot/models/mud_box/materials\n'}
[0.669656] (two_wheeled_robot) StdoutLine: {'line': b'-- Up-to-date: /home/greyflon/lab_2025/install/two_wheeled_robot/share/two_wheeled_robot/models/mud_box/materials/scripts\n'}
[0.669734] (two_wheeled_robot) StdoutLine: {'line': b'-- Up-to-date: /home/greyflon/lab_2025/install/two_wheeled_robot/share/two_wheeled_robot/models/mud_box/materials/scripts/mud.material\n'}
[0.669799] (two_wheeled_robot) StdoutLine: {'line': b'-- Up-to-date: /home/greyflon/lab_2025/install/two_wheeled_robot/share/two_wheeled_robot/models/mud_box/materials/textures\n'}
[0.669953] (two_wheeled_robot) StdoutLine: {'line': b'-- Up-to-date: /home/greyflon/lab_2025/install/two_wheeled_robot/share/two_wheeled_robot/models/mud_box/materials/textures/mud_soft_leaves.png\n'}
[0.670033] (two_wheeled_robot) StdoutLine: {'line': b'-- Up-to-date: /home/greyflon/lab_2025/install/two_wheeled_robot/share/two_wheeled_robot/models/mud_box/model.sdf\n'}
[0.670098] (two_wheeled_robot) StdoutLine: {'line': b'-- Up-to-date: /home/greyflon/lab_2025/install/two_wheeled_robot/share/two_wheeled_robot/models/desk_chair\n'}
[0.670162] (two_wheeled_robot) StdoutLine: {'line': b'-- Up-to-date: /home/greyflon/lab_2025/install/two_wheeled_robot/share/two_wheeled_robot/models/desk_chair/model.config\n'}
[0.670225] (two_wheeled_robot) StdoutLine: {'line': b'-- Up-to-date: /home/greyflon/lab_2025/install/two_wheeled_robot/share/two_wheeled_robot/models/desk_chair/meshes\n'}
[0.670288] (two_wheeled_robot) StdoutLine: {'line': b'-- Up-to-date: /home/greyflon/lab_2025/install/two_wheeled_robot/share/two_wheeled_robot/models/desk_chair/meshes/desk_chair.mtl\n'}
[0.670352] (two_wheeled_robot) StdoutLine: {'line': b'-- Up-to-date: /home/greyflon/lab_2025/install/two_wheeled_robot/share/two_wheeled_robot/models/desk_chair/meshes/desk_chair.obj\n'}
[0.670417] (two_wheeled_robot) StdoutLine: {'line': b'-- Up-to-date: /home/greyflon/lab_2025/install/two_wheeled_robot/share/two_wheeled_robot/models/desk_chair/materials\n'}
[0.670480] (two_wheeled_robot) StdoutLine: {'line': b'-- Up-to-date: /home/greyflon/lab_2025/install/two_wheeled_robot/share/two_wheeled_robot/models/desk_chair/materials/textures\n'}
[0.670557] (two_wheeled_robot) StdoutLine: {'line': b'-- Up-to-date: /home/greyflon/lab_2025/install/two_wheeled_robot/share/two_wheeled_robot/models/desk_chair/materials/textures/desk_chair.png\n'}
[0.670635] (two_wheeled_robot) StdoutLine: {'line': b'-- Up-to-date: /home/greyflon/lab_2025/install/two_wheeled_robot/share/two_wheeled_robot/models/desk_chair/model.sdf\n'}
[0.670699] (two_wheeled_robot) StdoutLine: {'line': b'-- Up-to-date: /home/greyflon/lab_2025/install/two_wheeled_robot/share/two_wheeled_robot/models/aws_robomaker_retail_Computer_01\n'}
[0.670790] (two_wheeled_robot) StdoutLine: {'line': b'-- Up-to-date: /home/greyflon/lab_2025/install/two_wheeled_robot/share/two_wheeled_robot/models/aws_robomaker_retail_Computer_01/model.config\n'}
[0.670855] (two_wheeled_robot) StdoutLine: {'line': b'-- Up-to-date: /home/greyflon/lab_2025/install/two_wheeled_robot/share/two_wheeled_robot/models/aws_robomaker_retail_Computer_01/meshes\n'}
[0.670971] (two_wheeled_robot) StdoutLine: {'line': b'-- Up-to-date: /home/greyflon/lab_2025/install/two_wheeled_robot/share/two_wheeled_robot/models/aws_robomaker_retail_Computer_01/meshes/aws_Computer_01_collision.DAE\n'}
[0.671041] (two_wheeled_robot) StdoutLine: {'line': b'-- Up-to-date: /home/greyflon/lab_2025/install/two_wheeled_robot/share/two_wheeled_robot/models/aws_robomaker_retail_Computer_01/meshes/aws_Computer_01_visual.DAE\n'}
[0.671105] (two_wheeled_robot) StdoutLine: {'line': b'-- Up-to-date: /home/greyflon/lab_2025/install/two_wheeled_robot/share/two_wheeled_robot/models/aws_robomaker_retail_Computer_01/materials\n'}
[0.671173] (two_wheeled_robot) StdoutLine: {'line': b'-- Up-to-date: /home/greyflon/lab_2025/install/two_wheeled_robot/share/two_wheeled_robot/models/aws_robomaker_retail_Computer_01/materials/textures\n'}
[0.671252] (two_wheeled_robot) StdoutLine: {'line': b'-- Up-to-date: /home/greyflon/lab_2025/install/two_wheeled_robot/share/two_wheeled_robot/models/aws_robomaker_retail_Computer_01/materials/textures/aws_Computer_01.png\n'}
[0.671320] (two_wheeled_robot) StdoutLine: {'line': b'-- Up-to-date: /home/greyflon/lab_2025/install/two_wheeled_robot/share/two_wheeled_robot/models/aws_robomaker_retail_Computer_01/model.sdf\n'}
[0.671424] (two_wheeled_robot) StdoutLine: {'line': b'-- Up-to-date: /home/greyflon/lab_2025/install/two_wheeled_robot/share/two_wheeled_robot/models/dumpster\n'}
[0.671510] (two_wheeled_robot) StdoutLine: {'line': b'-- Up-to-date: /home/greyflon/lab_2025/install/two_wheeled_robot/share/two_wheeled_robot/models/dumpster/model-1_4.sdf\n'}
[0.671599] (two_wheeled_robot) StdoutLine: {'line': b'-- Up-to-date: /home/greyflon/lab_2025/install/two_wheeled_robot/share/two_wheeled_robot/models/dumpster/model.config\n'}
[0.671667] (two_wheeled_robot) StdoutLine: {'line': b'-- Up-to-date: /home/greyflon/lab_2025/install/two_wheeled_robot/share/two_wheeled_robot/models/dumpster/meshes\n'}
[0.671732] (two_wheeled_robot) StdoutLine: {'line': b'-- Up-to-date: /home/greyflon/lab_2025/install/two_wheeled_robot/share/two_wheeled_robot/models/dumpster/meshes/dumpster.dae\n'}
[0.671796] (two_wheeled_robot) StdoutLine: {'line': b'-- Up-to-date: /home/greyflon/lab_2025/install/two_wheeled_robot/share/two_wheeled_robot/models/dumpster/materials\n'}
[0.671858] (two_wheeled_robot) StdoutLine: {'line': b'-- Up-to-date: /home/greyflon/lab_2025/install/two_wheeled_robot/share/two_wheeled_robot/models/dumpster/materials/scripts\n'}
[0.671923] (two_wheeled_robot) StdoutLine: {'line': b'-- Up-to-date: /home/greyflon/lab_2025/install/two_wheeled_robot/share/two_wheeled_robot/models/dumpster/materials/scripts/dumpster.material\n'}
[0.672001] (two_wheeled_robot) StdoutLine: {'line': b'-- Up-to-date: /home/greyflon/lab_2025/install/two_wheeled_robot/share/two_wheeled_robot/models/dumpster/materials/textures\n'}
[0.672067] (two_wheeled_robot) StdoutLine: {'line': b'-- Up-to-date: /home/greyflon/lab_2025/install/two_wheeled_robot/share/two_wheeled_robot/models/dumpster/materials/textures/Dumpster_Diffuse.png\n'}
[0.672130] (two_wheeled_robot) StdoutLine: {'line': b'-- Up-to-date: /home/greyflon/lab_2025/install/two_wheeled_robot/share/two_wheeled_robot/models/dumpster/materials/textures/Dumpster_Spec.png\n'}
[0.672196] (two_wheeled_robot) StdoutLine: {'line': b'-- Up-to-date: /home/greyflon/lab_2025/install/two_wheeled_robot/share/two_wheeled_robot/models/dumpster/model.sdf\n'}
[0.672260] (two_wheeled_robot) StdoutLine: {'line': b'-- Up-to-date: /home/greyflon/lab_2025/install/two_wheeled_robot/share/two_wheeled_robot/models/dumpster/model-1_3.sdf\n'}
[0.672323] (two_wheeled_robot) StdoutLine: {'line': b'-- Up-to-date: /home/greyflon/lab_2025/install/two_wheeled_robot/share/two_wheeled_robot/models/marker_infini2\n'}
[0.672401] (two_wheeled_robot) StdoutLine: {'line': b'-- Up-to-date: /home/greyflon/lab_2025/install/two_wheeled_robot/share/two_wheeled_robot/models/marker_infini2/model.config~.xml\n'}
[0.672467] (two_wheeled_robot) StdoutLine: {'line': b'-- Up-to-date: /home/greyflon/lab_2025/install/two_wheeled_robot/share/two_wheeled_robot/models/marker_infini2/model.sdf~\n'}
[0.672531] (two_wheeled_robot) StdoutLine: {'line': b'-- Up-to-date: /home/greyflon/lab_2025/install/two_wheeled_robot/share/two_wheeled_robot/models/marker_infini2/model-1_4.sdf\n'}
[0.672614] (two_wheeled_robot) StdoutLine: {'line': b'-- Up-to-date: /home/greyflon/lab_2025/install/two_wheeled_robot/share/two_wheeled_robot/models/marker_infini2/model.config\n'}
[0.672726] (two_wheeled_robot) StdoutLine: {'line': b'-- Up-to-date: /home/greyflon/lab_2025/install/two_wheeled_robot/share/two_wheeled_robot/models/marker_infini2/meshes\n'}
[0.672793] (two_wheeled_robot) StdoutLine: {'line': b'-- Up-to-date: /home/greyflon/lab_2025/install/two_wheeled_robot/share/two_wheeled_robot/models/marker_infini2/meshes/Marker0.dae\n'}
[0.672864] (two_wheeled_robot) StdoutLine: {'line': b'-- Up-to-date: /home/greyflon/lab_2025/install/two_wheeled_robot/share/two_wheeled_robot/models/marker_infini2/materials\n'}
[0.672930] (two_wheeled_robot) StdoutLine: {'line': b'-- Up-to-date: /home/greyflon/lab_2025/install/two_wheeled_robot/share/two_wheeled_robot/models/marker_infini2/materials/textures\n'}
[0.672993] (two_wheeled_robot) StdoutLine: {'line': b'-- Up-to-date: /home/greyflon/lab_2025/install/two_wheeled_robot/share/two_wheeled_robot/models/marker_infini2/materials/textures/BKP_Marker0.png\n'}
[0.673099] (two_wheeled_robot) StdoutLine: {'line': b'-- Up-to-date: /home/greyflon/lab_2025/install/two_wheeled_robot/share/two_wheeled_robot/models/marker_infini2/materials/textures/Marker0.png\n'}
[0.673170] (two_wheeled_robot) StdoutLine: {'line': b'-- Up-to-date: /home/greyflon/lab_2025/install/two_wheeled_robot/share/two_wheeled_robot/models/marker_infini2/model.sdf\n'}
[0.673276] (two_wheeled_robot) StdoutLine: {'line': b'-- Up-to-date: /home/greyflon/lab_2025/install/two_wheeled_robot/share/two_wheeled_robot/models/marker_infini2/model-1_5.sdf~\n'}
[0.673346] (two_wheeled_robot) StdoutLine: {'line': b'-- Up-to-date: /home/greyflon/lab_2025/install/two_wheeled_robot/share/two_wheeled_robot/models/marker_infini2/model-1_5.sdf\n'}
[0.673409] (two_wheeled_robot) StdoutLine: {'line': b'-- Up-to-date: /home/greyflon/lab_2025/install/two_wheeled_robot/share/two_wheeled_robot/models/marker_infini2/model-1_4.sdf~\n'}
[0.673473] (two_wheeled_robot) StdoutLine: {'line': b'-- Up-to-date: /home/greyflon/lab_2025/install/two_wheeled_robot/share/two_wheeled_robot/models/aws_robomaker_residential_SecurityCamera_01\n'}
[0.673536] (two_wheeled_robot) StdoutLine: {'line': b'-- Up-to-date: /home/greyflon/lab_2025/install/two_wheeled_robot/share/two_wheeled_robot/models/aws_robomaker_residential_SecurityCamera_01/model.config\n'}
[0.673647] (two_wheeled_robot) StdoutLine: {'line': b'-- Up-to-date: /home/greyflon/lab_2025/install/two_wheeled_robot/share/two_wheeled_robot/models/aws_robomaker_residential_SecurityCamera_01/meshes\n'}
[0.673761] (two_wheeled_robot) StdoutLine: {'line': b'-- Up-to-date: /home/greyflon/lab_2025/install/two_wheeled_robot/share/two_wheeled_robot/models/aws_robomaker_residential_SecurityCamera_01/meshes/aws_SecurityCamera_01_collision.DAE\n'}
[0.673829] (two_wheeled_robot) StdoutLine: {'line': b'-- Up-to-date: /home/greyflon/lab_2025/install/two_wheeled_robot/share/two_wheeled_robot/models/aws_robomaker_residential_SecurityCamera_01/meshes/aws_SecurityCamera_01_visual.DAE\n'}
[0.673893] (two_wheeled_robot) StdoutLine: {'line': b'-- Up-to-date: /home/greyflon/lab_2025/install/two_wheeled_robot/share/two_wheeled_robot/models/aws_robomaker_residential_SecurityCamera_01/materials\n'}
[0.673957] (two_wheeled_robot) StdoutLine: {'line': b'-- Up-to-date: /home/greyflon/lab_2025/install/two_wheeled_robot/share/two_wheeled_robot/models/aws_robomaker_residential_SecurityCamera_01/materials/textures\n'}
[0.674025] (two_wheeled_robot) StdoutLine: {'line': b'-- Up-to-date: /home/greyflon/lab_2025/install/two_wheeled_robot/share/two_wheeled_robot/models/aws_robomaker_residential_SecurityCamera_01/materials/textures/aws_SecurityCamera_01.png\n'}
[0.674143] (two_wheeled_robot) StdoutLine: {'line': b'-- Up-to-date: /home/greyflon/lab_2025/install/two_wheeled_robot/share/two_wheeled_robot/models/aws_robomaker_residential_SecurityCamera_01/model.sdf\n'}
[0.674216] (two_wheeled_robot) StdoutLine: {'line': b'-- Up-to-date: /home/greyflon/lab_2025/install/two_wheeled_robot/share/two_wheeled_robot/models/marker01\n'}
[0.674280] (two_wheeled_robot) StdoutLine: {'line': b'-- Up-to-date: /home/greyflon/lab_2025/install/two_wheeled_robot/share/two_wheeled_robot/models/marker01/model.config~.xml\n'}
[0.674412] (two_wheeled_robot) StdoutLine: {'line': b'-- Up-to-date: /home/greyflon/lab_2025/install/two_wheeled_robot/share/two_wheeled_robot/models/marker01/model.sdf~\n'}
[0.674482] (two_wheeled_robot) StdoutLine: {'line': b'-- Up-to-date: /home/greyflon/lab_2025/install/two_wheeled_robot/share/two_wheeled_robot/models/marker01/model-1_4.sdf\n'}
[0.674560] (two_wheeled_robot) StdoutLine: {'line': b'-- Up-to-date: /home/greyflon/lab_2025/install/two_wheeled_robot/share/two_wheeled_robot/models/marker01/model.config\n'}
[0.674634] (two_wheeled_robot) StdoutLine: {'line': b'-- Up-to-date: /home/greyflon/lab_2025/install/two_wheeled_robot/share/two_wheeled_robot/models/marker01/meshes\n'}
[0.674710] (two_wheeled_robot) StdoutLine: {'line': b'-- Up-to-date: /home/greyflon/lab_2025/install/two_wheeled_robot/share/two_wheeled_robot/models/marker01/meshes/Marker0.dae\n'}
[0.674777] (two_wheeled_robot) StdoutLine: {'line': b'-- Up-to-date: /home/greyflon/lab_2025/install/two_wheeled_robot/share/two_wheeled_robot/models/marker01/materials\n'}
[0.674848] (two_wheeled_robot) StdoutLine: {'line': b'-- Up-to-date: /home/greyflon/lab_2025/install/two_wheeled_robot/share/two_wheeled_robot/models/marker01/materials/textures\n'}
[0.674994] (two_wheeled_robot) StdoutLine: {'line': b'-- Up-to-date: /home/greyflon/lab_2025/install/two_wheeled_robot/share/two_wheeled_robot/models/marker01/materials/textures/Marker0.png\n'}
[0.675063] (two_wheeled_robot) StdoutLine: {'line': b'-- Up-to-date: /home/greyflon/lab_2025/install/two_wheeled_robot/share/two_wheeled_robot/models/marker01/model.sdf\n'}
[0.675132] (two_wheeled_robot) StdoutLine: {'line': b'-- Up-to-date: /home/greyflon/lab_2025/install/two_wheeled_robot/share/two_wheeled_robot/models/marker01/model-1_5.sdf~\n'}
[0.675196] (two_wheeled_robot) StdoutLine: {'line': b'-- Up-to-date: /home/greyflon/lab_2025/install/two_wheeled_robot/share/two_wheeled_robot/models/marker01/model-1_5.sdf\n'}
[0.675260] (two_wheeled_robot) StdoutLine: {'line': b'-- Up-to-date: /home/greyflon/lab_2025/install/two_wheeled_robot/share/two_wheeled_robot/models/marker01/model-1_4.sdf~\n'}
[0.675328] (two_wheeled_robot) StdoutLine: {'line': b'-- Up-to-date: /home/greyflon/lab_2025/install/two_wheeled_robot/share/two_wheeled_robot/models/aws_robomaker_residential_ChairD_01\n'}
[0.675405] (two_wheeled_robot) StdoutLine: {'line': b'-- Up-to-date: /home/greyflon/lab_2025/install/two_wheeled_robot/share/two_wheeled_robot/models/aws_robomaker_residential_ChairD_01/model.config\n'}
[0.675488] (two_wheeled_robot) StdoutLine: {'line': b'-- Up-to-date: /home/greyflon/lab_2025/install/two_wheeled_robot/share/two_wheeled_robot/models/aws_robomaker_residential_ChairD_01/meshes\n'}
[0.675565] (two_wheeled_robot) StdoutLine: {'line': b'-- Up-to-date: /home/greyflon/lab_2025/install/two_wheeled_robot/share/two_wheeled_robot/models/aws_robomaker_residential_ChairD_01/meshes/aws_ChairD_01_collision.DAE\n'}
[0.675638] (two_wheeled_robot) StdoutLine: {'line': b'-- Up-to-date: /home/greyflon/lab_2025/install/two_wheeled_robot/share/two_wheeled_robot/models/aws_robomaker_residential_ChairD_01/meshes/aws_ChairD_01_visual.DAE\n'}
[0.675745] (two_wheeled_robot) StdoutLine: {'line': b'-- Up-to-date: /home/greyflon/lab_2025/install/two_wheeled_robot/share/two_wheeled_robot/models/aws_robomaker_residential_ChairD_01/materials\n'}
[0.675813] (two_wheeled_robot) StdoutLine: {'line': b'-- Up-to-date: /home/greyflon/lab_2025/install/two_wheeled_robot/share/two_wheeled_robot/models/aws_robomaker_residential_ChairD_01/materials/textures\n'}
[0.675876] (two_wheeled_robot) StdoutLine: {'line': b'-- Up-to-date: /home/greyflon/lab_2025/install/two_wheeled_robot/share/two_wheeled_robot/models/aws_robomaker_residential_ChairD_01/materials/textures/aws_ChairD_01.png\n'}
[0.675941] (two_wheeled_robot) StdoutLine: {'line': b'-- Up-to-date: /home/greyflon/lab_2025/install/two_wheeled_robot/share/two_wheeled_robot/models/aws_robomaker_residential_ChairD_01/model.sdf\n'}
[0.676005] (two_wheeled_robot) StdoutLine: {'line': b'-- Up-to-date: /home/greyflon/lab_2025/install/two_wheeled_robot/share/two_wheeled_robot/models/osrf_first_office\n'}
[0.676069] (two_wheeled_robot) StdoutLine: {'line': b'-- Up-to-date: /home/greyflon/lab_2025/install/two_wheeled_robot/share/two_wheeled_robot/models/osrf_first_office/model.config\n'}
[0.676133] (two_wheeled_robot) StdoutLine: {'line': b'-- Up-to-date: /home/greyflon/lab_2025/install/two_wheeled_robot/share/two_wheeled_robot/models/osrf_first_office/meshes\n'}
[0.676197] (two_wheeled_robot) StdoutLine: {'line': b'-- Up-to-date: /home/greyflon/lab_2025/install/two_wheeled_robot/share/two_wheeled_robot/models/osrf_first_office/meshes/osrf_first_office.dae\n'}
[0.676261] (two_wheeled_robot) StdoutLine: {'line': b'-- Up-to-date: /home/greyflon/lab_2025/install/two_wheeled_robot/share/two_wheeled_robot/models/osrf_first_office/materials\n'}
[0.676324] (two_wheeled_robot) StdoutLine: {'line': b'-- Up-to-date: /home/greyflon/lab_2025/install/two_wheeled_robot/share/two_wheeled_robot/models/osrf_first_office/materials/textures\n'}
[0.676394] (two_wheeled_robot) StdoutLine: {'line': b'-- Up-to-date: /home/greyflon/lab_2025/install/two_wheeled_robot/share/two_wheeled_robot/models/osrf_first_office/materials/textures/osrf_first_office_spec.jpg\n'}
[0.676459] (two_wheeled_robot) StdoutLine: {'line': b'-- Up-to-date: /home/greyflon/lab_2025/install/two_wheeled_robot/share/two_wheeled_robot/models/osrf_first_office/materials/textures/osrf_first_office_diffuse.jpg\n'}
[0.676522] (two_wheeled_robot) StdoutLine: {'line': b'-- Up-to-date: /home/greyflon/lab_2025/install/two_wheeled_robot/share/two_wheeled_robot/models/osrf_first_office/model.sdf\n'}
[0.676611] (two_wheeled_robot) StdoutLine: {'line': b'-- Up-to-date: /home/greyflon/lab_2025/install/two_wheeled_robot/share/two_wheeled_robot/models/water_tower\n'}
[0.676678] (two_wheeled_robot) StdoutLine: {'line': b'-- Up-to-date: /home/greyflon/lab_2025/install/two_wheeled_robot/share/two_wheeled_robot/models/water_tower/model.config\n'}
[0.676741] (two_wheeled_robot) StdoutLine: {'line': b'-- Up-to-date: /home/greyflon/lab_2025/install/two_wheeled_robot/share/two_wheeled_robot/models/water_tower/meshes\n'}
[0.676810] (two_wheeled_robot) StdoutLine: {'line': b'-- Up-to-date: /home/greyflon/lab_2025/install/two_wheeled_robot/share/two_wheeled_robot/models/water_tower/meshes/water_tower.dae\n'}
[0.676875] (two_wheeled_robot) StdoutLine: {'line': b'-- Up-to-date: /home/greyflon/lab_2025/install/two_wheeled_robot/share/two_wheeled_robot/models/water_tower/materials\n'}
[0.676939] (two_wheeled_robot) StdoutLine: {'line': b'-- Up-to-date: /home/greyflon/lab_2025/install/two_wheeled_robot/share/two_wheeled_robot/models/water_tower/materials/textures\n'}
[0.677002] (two_wheeled_robot) StdoutLine: {'line': b'-- Up-to-date: /home/greyflon/lab_2025/install/two_wheeled_robot/share/two_wheeled_robot/models/water_tower/materials/textures/water_tower_spec.jpg\n'}
[0.677066] (two_wheeled_robot) StdoutLine: {'line': b'-- Up-to-date: /home/greyflon/lab_2025/install/two_wheeled_robot/share/two_wheeled_robot/models/water_tower/materials/textures/water_tower_diffuse.jpg\n'}
[0.677135] (two_wheeled_robot) StdoutLine: {'line': b'-- Up-to-date: /home/greyflon/lab_2025/install/two_wheeled_robot/share/two_wheeled_robot/models/water_tower/model.sdf\n'}
[0.677199] (two_wheeled_robot) StdoutLine: {'line': b'-- Up-to-date: /home/greyflon/lab_2025/install/two_wheeled_robot/share/two_wheeled_robot/models/aws_robomaker_retail_BookshelfB_01\n'}
[0.677336] (two_wheeled_robot) StdoutLine: {'line': b'-- Up-to-date: /home/greyflon/lab_2025/install/two_wheeled_robot/share/two_wheeled_robot/models/aws_robomaker_retail_BookshelfB_01/model.config\n'}
[0.677417] (two_wheeled_robot) StdoutLine: {'line': b'-- Up-to-date: /home/greyflon/lab_2025/install/two_wheeled_robot/share/two_wheeled_robot/models/aws_robomaker_retail_BookshelfB_01/meshes\n'}
[0.677484] (two_wheeled_robot) StdoutLine: {'line': b'-- Up-to-date: /home/greyflon/lab_2025/install/two_wheeled_robot/share/two_wheeled_robot/models/aws_robomaker_retail_BookshelfB_01/meshes/aws_BookshelfB_01_visual.DAE\n'}
[0.677563] (two_wheeled_robot) StdoutLine: {'line': b'-- Up-to-date: /home/greyflon/lab_2025/install/two_wheeled_robot/share/two_wheeled_robot/models/aws_robomaker_retail_BookshelfB_01/meshes/aws_BookshelfB_01_collision.DAE\n'}
[0.677661] (two_wheeled_robot) StdoutLine: {'line': b'-- Up-to-date: /home/greyflon/lab_2025/install/two_wheeled_robot/share/two_wheeled_robot/models/aws_robomaker_retail_BookshelfB_01/materials\n'}
[0.677727] (two_wheeled_robot) StdoutLine: {'line': b'-- Up-to-date: /home/greyflon/lab_2025/install/two_wheeled_robot/share/two_wheeled_robot/models/aws_robomaker_retail_BookshelfB_01/materials/textures\n'}
[0.677816] (two_wheeled_robot) StdoutLine: {'line': b'-- Up-to-date: /home/greyflon/lab_2025/install/two_wheeled_robot/share/two_wheeled_robot/models/aws_robomaker_retail_BookshelfB_01/materials/textures/aws_BookshelfB_02.png\n'}
[0.677883] (two_wheeled_robot) StdoutLine: {'line': b'-- Up-to-date: /home/greyflon/lab_2025/install/two_wheeled_robot/share/two_wheeled_robot/models/aws_robomaker_retail_BookshelfB_01/materials/textures/aws_BookshelfB_01.png\n'}
[0.677955] (two_wheeled_robot) StdoutLine: {'line': b'-- Up-to-date: /home/greyflon/lab_2025/install/two_wheeled_robot/share/two_wheeled_robot/models/aws_robomaker_retail_BookshelfB_01/model.sdf\n'}
[0.678019] (two_wheeled_robot) StdoutLine: {'line': b'-- Up-to-date: /home/greyflon/lab_2025/install/two_wheeled_robot/share/two_wheeled_robot/models/warehouse_walls\n'}
[0.678083] (two_wheeled_robot) StdoutLine: {'line': b'-- Up-to-date: /home/greyflon/lab_2025/install/two_wheeled_robot/share/two_wheeled_robot/models/warehouse_walls/model.config\n'}
[0.678147] (two_wheeled_robot) StdoutLine: {'line': b'-- Up-to-date: /home/greyflon/lab_2025/install/two_wheeled_robot/share/two_wheeled_robot/models/warehouse_walls/materials\n'}
[0.678211] (two_wheeled_robot) StdoutLine: {'line': b'-- Up-to-date: /home/greyflon/lab_2025/install/two_wheeled_robot/share/two_wheeled_robot/models/warehouse_walls/materials/scripts\n'}
[0.678276] (two_wheeled_robot) StdoutLine: {'line': b'-- Up-to-date: /home/greyflon/lab_2025/install/two_wheeled_robot/share/two_wheeled_robot/models/warehouse_walls/materials/scripts/grey_wall.material\n'}
[0.678339] (two_wheeled_robot) StdoutLine: {'line': b'-- Up-to-date: /home/greyflon/lab_2025/install/two_wheeled_robot/share/two_wheeled_robot/models/warehouse_walls/materials/textures\n'}
[0.678403] (two_wheeled_robot) StdoutLine: {'line': b'-- Up-to-date: /home/greyflon/lab_2025/install/two_wheeled_robot/share/two_wheeled_robot/models/warehouse_walls/materials/textures/grey_wall.png\n'}
[0.678466] (two_wheeled_robot) StdoutLine: {'line': b'-- Up-to-date: /home/greyflon/lab_2025/install/two_wheeled_robot/share/two_wheeled_robot/models/warehouse_walls/model.sdf\n'}
[0.678610] (two_wheeled_robot) StdoutLine: {'line': b'-- Up-to-date: /home/greyflon/lab_2025/install/two_wheeled_robot/share/two_wheeled_robot/models/PotatoChipChair\n'}
[0.678680] (two_wheeled_robot) StdoutLine: {'line': b'-- Up-to-date: /home/greyflon/lab_2025/install/two_wheeled_robot/share/two_wheeled_robot/models/PotatoChipChair/model.config\n'}
[0.678745] (two_wheeled_robot) StdoutLine: {'line': b'-- Up-to-date: /home/greyflon/lab_2025/install/two_wheeled_robot/share/two_wheeled_robot/models/PotatoChipChair/meshes\n'}
[0.678810] (two_wheeled_robot) StdoutLine: {'line': b'-- Up-to-date: /home/greyflon/lab_2025/install/two_wheeled_robot/share/two_wheeled_robot/models/PotatoChipChair/meshes/PotatoChipChair.mtl\n'}
[0.678874] (two_wheeled_robot) StdoutLine: {'line': b'-- Up-to-date: /home/greyflon/lab_2025/install/two_wheeled_robot/share/two_wheeled_robot/models/PotatoChipChair/meshes/PotatoChipChairDiffuse.png\n'}
[0.678937] (two_wheeled_robot) StdoutLine: {'line': b'-- Up-to-date: /home/greyflon/lab_2025/install/two_wheeled_robot/share/two_wheeled_robot/models/PotatoChipChair/meshes/PotatoChipChair.obj\n'}
[0.679001] (two_wheeled_robot) StdoutLine: {'line': b'-- Up-to-date: /home/greyflon/lab_2025/install/two_wheeled_robot/share/two_wheeled_robot/models/PotatoChipChair/meshes/PotatoChipChair_Col.obj\n'}
[0.679065] (two_wheeled_robot) StdoutLine: {'line': b'-- Up-to-date: /home/greyflon/lab_2025/install/two_wheeled_robot/share/two_wheeled_robot/models/PotatoChipChair/meshes/PotatoChipChair_Col.mtl\n'}
[0.679141] (two_wheeled_robot) StdoutLine: {'line': b'-- Up-to-date: /home/greyflon/lab_2025/install/two_wheeled_robot/share/two_wheeled_robot/models/PotatoChipChair/thumbnails\n'}
[0.679212] (two_wheeled_robot) StdoutLine: {'line': b'-- Up-to-date: /home/greyflon/lab_2025/install/two_wheeled_robot/share/two_wheeled_robot/models/PotatoChipChair/thumbnails/5.png\n'}
[0.679276] (two_wheeled_robot) StdoutLine: {'line': b'-- Up-to-date: /home/greyflon/lab_2025/install/two_wheeled_robot/share/two_wheeled_robot/models/PotatoChipChair/thumbnails/1.png\n'}
[0.679339] (two_wheeled_robot) StdoutLine: {'line': b'-- Up-to-date: /home/greyflon/lab_2025/install/two_wheeled_robot/share/two_wheeled_robot/models/PotatoChipChair/thumbnails/2.png\n'}
[0.679478] (two_wheeled_robot) StdoutLine: {'line': b'-- Up-to-date: /home/greyflon/lab_2025/install/two_wheeled_robot/share/two_wheeled_robot/models/PotatoChipChair/thumbnails/4.png\n'}
[0.679562] (two_wheeled_robot) StdoutLine: {'line': b'-- Up-to-date: /home/greyflon/lab_2025/install/two_wheeled_robot/share/two_wheeled_robot/models/PotatoChipChair/thumbnails/3.png\n'}
[0.679636] (two_wheeled_robot) StdoutLine: {'line': b'-- Up-to-date: /home/greyflon/lab_2025/install/two_wheeled_robot/share/two_wheeled_robot/models/PotatoChipChair/model.sdf\n'}
[0.679701] (two_wheeled_robot) StdoutLine: {'line': b'-- Up-to-date: /home/greyflon/lab_2025/install/two_wheeled_robot/share/two_wheeled_robot/models/big_box4\n'}
[0.679764] (two_wheeled_robot) StdoutLine: {'line': b'-- Up-to-date: /home/greyflon/lab_2025/install/two_wheeled_robot/share/two_wheeled_robot/models/big_box4/model.config\n'}
[0.679828] (two_wheeled_robot) StdoutLine: {'line': b'-- Up-to-date: /home/greyflon/lab_2025/install/two_wheeled_robot/share/two_wheeled_robot/models/big_box4/meshes\n'}
[0.679916] (two_wheeled_robot) StdoutLine: {'line': b'-- Up-to-date: /home/greyflon/lab_2025/install/two_wheeled_robot/share/two_wheeled_robot/models/big_box4/meshes/big_box.dae\n'}
[0.679981] (two_wheeled_robot) StdoutLine: {'line': b'-- Up-to-date: /home/greyflon/lab_2025/install/two_wheeled_robot/share/two_wheeled_robot/models/big_box4/materials\n'}
[0.680045] (two_wheeled_robot) StdoutLine: {'line': b'-- Up-to-date: /home/greyflon/lab_2025/install/two_wheeled_robot/share/two_wheeled_robot/models/big_box4/materials/textures\n'}
[0.680107] (two_wheeled_robot) StdoutLine: {'line': b'-- Up-to-date: /home/greyflon/lab_2025/install/two_wheeled_robot/share/two_wheeled_robot/models/big_box4/materials/textures/barcode.png\n'}
[0.680257] (two_wheeled_robot) StdoutLine: {'line': b'-- Up-to-date: /home/greyflon/lab_2025/install/two_wheeled_robot/share/two_wheeled_robot/models/big_box4/materials/textures/Kraft_Tile.jpg\n'}
[0.680326] (two_wheeled_robot) StdoutLine: {'line': b'-- Up-to-date: /home/greyflon/lab_2025/install/two_wheeled_robot/share/two_wheeled_robot/models/big_box4/materials/textures/side2.png\n'}
[0.680390] (two_wheeled_robot) StdoutLine: {'line': b'-- Up-to-date: /home/greyflon/lab_2025/install/two_wheeled_robot/share/two_wheeled_robot/models/big_box4/materials/textures/side1.pdn\n'}
[0.680454] (two_wheeled_robot) StdoutLine: {'line': b'-- Up-to-date: /home/greyflon/lab_2025/install/two_wheeled_robot/share/two_wheeled_robot/models/big_box4/materials/textures/front.png\n'}
[0.680517] (two_wheeled_robot) StdoutLine: {'line': b'-- Up-to-date: /home/greyflon/lab_2025/install/two_wheeled_robot/share/two_wheeled_robot/models/big_box4/materials/textures/front.pdn\n'}
[0.680600] (two_wheeled_robot) StdoutLine: {'line': b'-- Up-to-date: /home/greyflon/lab_2025/install/two_wheeled_robot/share/two_wheeled_robot/models/big_box4/materials/textures/side2.pdn\n'}
[0.680679] (two_wheeled_robot) StdoutLine: {'line': b'-- Up-to-date: /home/greyflon/lab_2025/install/two_wheeled_robot/share/two_wheeled_robot/models/big_box4/materials/textures/side1.png\n'}
[0.680744] (two_wheeled_robot) StdoutLine: {'line': b'-- Up-to-date: /home/greyflon/lab_2025/install/two_wheeled_robot/share/two_wheeled_robot/models/big_box4/model.sdf\n'}
[0.680807] (two_wheeled_robot) StdoutLine: {'line': b'-- Up-to-date: /home/greyflon/lab_2025/install/two_wheeled_robot/share/two_wheeled_robot/models/ElderLadyPatient\n'}
[0.680871] (two_wheeled_robot) StdoutLine: {'line': b'-- Up-to-date: /home/greyflon/lab_2025/install/two_wheeled_robot/share/two_wheeled_robot/models/ElderLadyPatient/model.config\n'}
[0.680934] (two_wheeled_robot) StdoutLine: {'line': b'-- Up-to-date: /home/greyflon/lab_2025/install/two_wheeled_robot/share/two_wheeled_robot/models/ElderLadyPatient/meshes\n'}
[0.681011] (two_wheeled_robot) StdoutLine: {'line': b'-- Up-to-date: /home/greyflon/lab_2025/install/two_wheeled_robot/share/two_wheeled_robot/models/ElderLadyPatient/meshes/ElderFPatient_color.jpg\n'}
[0.681084] (two_wheeled_robot) StdoutLine: {'line': b'-- Up-to-date: /home/greyflon/lab_2025/install/two_wheeled_robot/share/two_wheeled_robot/models/ElderLadyPatient/meshes/ElderFemale.obj\n'}
[0.681148] (two_wheeled_robot) StdoutLine: {'line': b'-- Up-to-date: /home/greyflon/lab_2025/install/two_wheeled_robot/share/two_wheeled_robot/models/ElderLadyPatient/meshes/Carts_Wheels_Diffuse.png\n'}
[0.681212] (two_wheeled_robot) StdoutLine: {'line': b'-- Up-to-date: /home/greyflon/lab_2025/install/two_wheeled_robot/share/two_wheeled_robot/models/ElderLadyPatient/meshes/ElderFemale.mtl\n'}
[0.681275] (two_wheeled_robot) StdoutLine: {'line': b'-- Up-to-date: /home/greyflon/lab_2025/install/two_wheeled_robot/share/two_wheeled_robot/models/ElderLadyPatient/meshes/CGMVanguard_Diffuse.png\n'}
[0.681345] (two_wheeled_robot) StdoutLine: {'line': b'-- Up-to-date: /home/greyflon/lab_2025/install/two_wheeled_robot/share/two_wheeled_robot/models/ElderLadyPatient/thumbnails\n'}
[0.681409] (two_wheeled_robot) StdoutLine: {'line': b'-- Up-to-date: /home/greyflon/lab_2025/install/two_wheeled_robot/share/two_wheeled_robot/models/ElderLadyPatient/thumbnails/5.png\n'}
[0.681472] (two_wheeled_robot) StdoutLine: {'line': b'-- Up-to-date: /home/greyflon/lab_2025/install/two_wheeled_robot/share/two_wheeled_robot/models/ElderLadyPatient/thumbnails/1.png\n'}
[0.681536] (two_wheeled_robot) StdoutLine: {'line': b'-- Up-to-date: /home/greyflon/lab_2025/install/two_wheeled_robot/share/two_wheeled_robot/models/ElderLadyPatient/thumbnails/2.png\n'}
[0.681634] (two_wheeled_robot) StdoutLine: {'line': b'-- Up-to-date: /home/greyflon/lab_2025/install/two_wheeled_robot/share/two_wheeled_robot/models/ElderLadyPatient/thumbnails/4.png\n'}
[0.681701] (two_wheeled_robot) StdoutLine: {'line': b'-- Up-to-date: /home/greyflon/lab_2025/install/two_wheeled_robot/share/two_wheeled_robot/models/ElderLadyPatient/thumbnails/3.png\n'}
[0.681765] (two_wheeled_robot) StdoutLine: {'line': b'-- Up-to-date: /home/greyflon/lab_2025/install/two_wheeled_robot/share/two_wheeled_robot/models/ElderLadyPatient/model.sdf\n'}
[0.681828] (two_wheeled_robot) StdoutLine: {'line': b'-- Up-to-date: /home/greyflon/lab_2025/install/two_wheeled_robot/share/two_wheeled_robot/models/aws_robomaker_residential_FoldingDoor_01\n'}
[0.681944] (two_wheeled_robot) StdoutLine: {'line': b'-- Up-to-date: /home/greyflon/lab_2025/install/two_wheeled_robot/share/two_wheeled_robot/models/aws_robomaker_residential_FoldingDoor_01/model.config\n'}
[0.682009] (two_wheeled_robot) StdoutLine: {'line': b'-- Up-to-date: /home/greyflon/lab_2025/install/two_wheeled_robot/share/two_wheeled_robot/models/aws_robomaker_residential_FoldingDoor_01/meshes\n'}
[0.682074] (two_wheeled_robot) StdoutLine: {'line': b'-- Up-to-date: /home/greyflon/lab_2025/install/two_wheeled_robot/share/two_wheeled_robot/models/aws_robomaker_residential_FoldingDoor_01/meshes/aws_FoldingDoor_01_collision.DAE\n'}
[0.682180] (two_wheeled_robot) StdoutLine: {'line': b'-- Up-to-date: /home/greyflon/lab_2025/install/two_wheeled_robot/share/two_wheeled_robot/models/aws_robomaker_residential_FoldingDoor_01/meshes/aws_FoldingDoor_01_visual.DAE\n'}
[0.682246] (two_wheeled_robot) StdoutLine: {'line': b'-- Up-to-date: /home/greyflon/lab_2025/install/two_wheeled_robot/share/two_wheeled_robot/models/aws_robomaker_residential_FoldingDoor_01/materials\n'}
[0.682310] (two_wheeled_robot) StdoutLine: {'line': b'-- Up-to-date: /home/greyflon/lab_2025/install/two_wheeled_robot/share/two_wheeled_robot/models/aws_robomaker_residential_FoldingDoor_01/materials/textures\n'}
[0.682415] (two_wheeled_robot) StdoutLine: {'line': b'-- Up-to-date: /home/greyflon/lab_2025/install/two_wheeled_robot/share/two_wheeled_robot/models/aws_robomaker_residential_FoldingDoor_01/materials/textures/aws_FoldingDoor_01.png\n'}
[0.682482] (two_wheeled_robot) StdoutLine: {'line': b'-- Up-to-date: /home/greyflon/lab_2025/install/two_wheeled_robot/share/two_wheeled_robot/models/aws_robomaker_residential_FoldingDoor_01/model.sdf\n'}
[0.682559] (two_wheeled_robot) StdoutLine: {'line': b'-- Up-to-date: /home/greyflon/lab_2025/install/two_wheeled_robot/share/two_wheeled_robot/models/wastebasket\n'}
[0.682702] (two_wheeled_robot) StdoutLine: {'line': b'-- Up-to-date: /home/greyflon/lab_2025/install/two_wheeled_robot/share/two_wheeled_robot/models/wastebasket/model.config\n'}
[0.682770] (two_wheeled_robot) StdoutLine: {'line': b'-- Up-to-date: /home/greyflon/lab_2025/install/two_wheeled_robot/share/two_wheeled_robot/models/wastebasket/meshes\n'}
[0.682835] (two_wheeled_robot) StdoutLine: {'line': b'-- Up-to-date: /home/greyflon/lab_2025/install/two_wheeled_robot/share/two_wheeled_robot/models/wastebasket/meshes/wastebasket.dae\n'}
[0.682898] (two_wheeled_robot) StdoutLine: {'line': b'-- Up-to-date: /home/greyflon/lab_2025/install/two_wheeled_robot/share/two_wheeled_robot/models/wastebasket/materials\n'}
[0.682961] (two_wheeled_robot) StdoutLine: {'line': b'-- Up-to-date: /home/greyflon/lab_2025/install/two_wheeled_robot/share/two_wheeled_robot/models/wastebasket/materials/textures\n'}
[0.683023] (two_wheeled_robot) StdoutLine: {'line': b'-- Up-to-date: /home/greyflon/lab_2025/install/two_wheeled_robot/share/two_wheeled_robot/models/wastebasket/materials/textures/wastebasket_diffuse.png\n'}
[0.683116] (two_wheeled_robot) StdoutLine: {'line': b'-- Up-to-date: /home/greyflon/lab_2025/install/two_wheeled_robot/share/two_wheeled_robot/models/wastebasket/model.sdf\n'}
[0.683223] (two_wheeled_robot) StdoutLine: {'line': b'-- Up-to-date: /home/greyflon/lab_2025/install/two_wheeled_robot/share/two_wheeled_robot/models/school\n'}
[0.683292] (two_wheeled_robot) StdoutLine: {'line': b'-- Up-to-date: /home/greyflon/lab_2025/install/two_wheeled_robot/share/two_wheeled_robot/models/school/model.config\n'}
[0.683357] (two_wheeled_robot) StdoutLine: {'line': b'-- Up-to-date: /home/greyflon/lab_2025/install/two_wheeled_robot/share/two_wheeled_robot/models/school/meshes\n'}
[0.683435] (two_wheeled_robot) StdoutLine: {'line': b'-- Up-to-date: /home/greyflon/lab_2025/install/two_wheeled_robot/share/two_wheeled_robot/models/school/meshes/school.dae\n'}
[0.683499] (two_wheeled_robot) StdoutLine: {'line': b'-- Up-to-date: /home/greyflon/lab_2025/install/two_wheeled_robot/share/two_wheeled_robot/models/school/materials\n'}
[0.683586] (two_wheeled_robot) StdoutLine: {'line': b'-- Up-to-date: /home/greyflon/lab_2025/install/two_wheeled_robot/share/two_wheeled_robot/models/school/materials/textures\n'}
[0.683657] (two_wheeled_robot) StdoutLine: {'line': b'-- Up-to-date: /home/greyflon/lab_2025/install/two_wheeled_robot/share/two_wheeled_robot/models/school/materials/textures/school_spec.jpg\n'}
[0.683722] (two_wheeled_robot) StdoutLine: {'line': b'-- Up-to-date: /home/greyflon/lab_2025/install/two_wheeled_robot/share/two_wheeled_robot/models/school/materials/textures/school_diffuse.jpg\n'}
[0.683785] (two_wheeled_robot) StdoutLine: {'line': b'-- Up-to-date: /home/greyflon/lab_2025/install/two_wheeled_robot/share/two_wheeled_robot/models/school/model.sdf\n'}
[0.683855] (two_wheeled_robot) StdoutLine: {'line': b'-- Up-to-date: /home/greyflon/lab_2025/install/two_wheeled_robot/share/two_wheeled_robot/models/speed_limit_sign\n'}
[0.683926] (two_wheeled_robot) StdoutLine: {'line': b'-- Up-to-date: /home/greyflon/lab_2025/install/two_wheeled_robot/share/two_wheeled_robot/models/speed_limit_sign/model-1_4.sdf\n'}
[0.684049] (two_wheeled_robot) StdoutLine: {'line': b'-- Up-to-date: /home/greyflon/lab_2025/install/two_wheeled_robot/share/two_wheeled_robot/models/speed_limit_sign/model.config\n'}
[0.684136] (two_wheeled_robot) StdoutLine: {'line': b'-- Up-to-date: /home/greyflon/lab_2025/install/two_wheeled_robot/share/two_wheeled_robot/models/speed_limit_sign/meshes\n'}
[0.684290] (two_wheeled_robot) StdoutLine: {'line': b'-- Up-to-date: /home/greyflon/lab_2025/install/two_wheeled_robot/share/two_wheeled_robot/models/speed_limit_sign/meshes/speed_limit_sign.dae\n'}
[0.684357] (two_wheeled_robot) StdoutLine: {'line': b'-- Up-to-date: /home/greyflon/lab_2025/install/two_wheeled_robot/share/two_wheeled_robot/models/speed_limit_sign/materials\n'}
[0.684421] (two_wheeled_robot) StdoutLine: {'line': b'-- Up-to-date: /home/greyflon/lab_2025/install/two_wheeled_robot/share/two_wheeled_robot/models/speed_limit_sign/materials/textures\n'}
[0.684520] (two_wheeled_robot) StdoutLine: {'line': b'-- Up-to-date: /home/greyflon/lab_2025/install/two_wheeled_robot/share/two_wheeled_robot/models/speed_limit_sign/materials/textures/StopSign_Spec.png\n'}
[0.684630] (two_wheeled_robot) StdoutLine: {'line': b'-- Up-to-date: /home/greyflon/lab_2025/install/two_wheeled_robot/share/two_wheeled_robot/models/speed_limit_sign/materials/textures/Speed_110.png\n'}
[0.684767] (two_wheeled_robot) StdoutLine: {'line': b'-- Up-to-date: /home/greyflon/lab_2025/install/two_wheeled_robot/share/two_wheeled_robot/models/speed_limit_sign/materials/textures/Speed_80.png\n'}
[0.684833] (two_wheeled_robot) StdoutLine: {'line': b'-- Up-to-date: /home/greyflon/lab_2025/install/two_wheeled_robot/share/two_wheeled_robot/models/speed_limit_sign/materials/textures/Speed_100.png\n'}
[0.684897] (two_wheeled_robot) StdoutLine: {'line': b'-- Up-to-date: /home/greyflon/lab_2025/install/two_wheeled_robot/share/two_wheeled_robot/models/speed_limit_sign/materials/textures/Speed_50.png\n'}
[0.684961] (two_wheeled_robot) StdoutLine: {'line': b'-- Up-to-date: /home/greyflon/lab_2025/install/two_wheeled_robot/share/two_wheeled_robot/models/speed_limit_sign/materials/textures/Speed_Spec.png\n'}
[0.685025] (two_wheeled_robot) StdoutLine: {'line': b'-- Up-to-date: /home/greyflon/lab_2025/install/two_wheeled_robot/share/two_wheeled_robot/models/speed_limit_sign/materials/textures/Speed_130.png\n'}
[0.685103] (two_wheeled_robot) StdoutLine: {'line': b'-- Up-to-date: /home/greyflon/lab_2025/install/two_wheeled_robot/share/two_wheeled_robot/models/speed_limit_sign/materials/textures/Speed_90.png\n'}
[0.685189] (two_wheeled_robot) StdoutLine: {'line': b'-- Up-to-date: /home/greyflon/lab_2025/install/two_wheeled_robot/share/two_wheeled_robot/models/speed_limit_sign/materials/textures/Speed_60.png\n'}
[0.685255] (two_wheeled_robot) StdoutLine: {'line': b'-- Up-to-date: /home/greyflon/lab_2025/install/two_wheeled_robot/share/two_wheeled_robot/models/speed_limit_sign/materials/textures/Speed_40.png\n'}
[0.685318] (two_wheeled_robot) StdoutLine: {'line': b'-- Up-to-date: /home/greyflon/lab_2025/install/two_wheeled_robot/share/two_wheeled_robot/models/speed_limit_sign/materials/textures/Speed_70.png\n'}
[0.685381] (two_wheeled_robot) StdoutLine: {'line': b'-- Up-to-date: /home/greyflon/lab_2025/install/two_wheeled_robot/share/two_wheeled_robot/models/speed_limit_sign/materials/textures/Speed_30.png\n'}
[0.685444] (two_wheeled_robot) StdoutLine: {'line': b'-- Up-to-date: /home/greyflon/lab_2025/install/two_wheeled_robot/share/two_wheeled_robot/models/speed_limit_sign/materials/textures/Speed_16.png\n'}
[0.685507] (two_wheeled_robot) StdoutLine: {'line': b'-- Up-to-date: /home/greyflon/lab_2025/install/two_wheeled_robot/share/two_wheeled_robot/models/speed_limit_sign/materials/textures/Speed_120.png\n'}
[0.685592] (two_wheeled_robot) StdoutLine: {'line': b'-- Up-to-date: /home/greyflon/lab_2025/install/two_wheeled_robot/share/two_wheeled_robot/models/speed_limit_sign/materials/textures/StopSign_Diffuse.png\n'}
[0.685662] (two_wheeled_robot) StdoutLine: {'line': b'-- Up-to-date: /home/greyflon/lab_2025/install/two_wheeled_robot/share/two_wheeled_robot/models/speed_limit_sign/model.sdf\n'}
[0.685725] (two_wheeled_robot) StdoutLine: {'line': b'-- Up-to-date: /home/greyflon/lab_2025/install/two_wheeled_robot/share/two_wheeled_robot/models/speed_limit_sign/model-1_3.sdf\n'}
[0.685795] (two_wheeled_robot) StdoutLine: {'line': b'-- Up-to-date: /home/greyflon/lab_2025/install/two_wheeled_robot/share/two_wheeled_robot/models/aws_robomaker_hospital_floor_02_walls\n'}
[0.685860] (two_wheeled_robot) StdoutLine: {'line': b'-- Up-to-date: /home/greyflon/lab_2025/install/two_wheeled_robot/share/two_wheeled_robot/models/aws_robomaker_hospital_floor_02_walls/model.config\n'}
[0.685976] (two_wheeled_robot) StdoutLine: {'line': b'-- Up-to-date: /home/greyflon/lab_2025/install/two_wheeled_robot/share/two_wheeled_robot/models/aws_robomaker_hospital_floor_02_walls/meshes\n'}
[0.686061] (two_wheeled_robot) StdoutLine: {'line': b'-- Up-to-date: /home/greyflon/lab_2025/install/two_wheeled_robot/share/two_wheeled_robot/models/aws_robomaker_hospital_floor_02_walls/meshes/aws_robomaker_hospital_floor_02_stairs.png\n'}
[0.686129] (two_wheeled_robot) StdoutLine: {'line': b'-- Up-to-date: /home/greyflon/lab_2025/install/two_wheeled_robot/share/two_wheeled_robot/models/aws_robomaker_hospital_floor_02_walls/meshes/aws_robomaker_hospital_floor_02_doorsign.png\n'}
[0.686207] (two_wheeled_robot) StdoutLine: {'line': b'-- Up-to-date: /home/greyflon/lab_2025/install/two_wheeled_robot/share/two_wheeled_robot/models/aws_robomaker_hospital_floor_02_walls/meshes/aws_robomaker_hospital_floor_02_walls_visual.dae\n'}
[0.686273] (two_wheeled_robot) StdoutLine: {'line': b'-- Up-to-date: /home/greyflon/lab_2025/install/two_wheeled_robot/share/two_wheeled_robot/models/aws_robomaker_hospital_floor_02_walls/meshes/aws_robomaker_hospital_floor_02_windows.png\n'}
[0.686341] (two_wheeled_robot) StdoutLine: {'line': b'-- Up-to-date: /home/greyflon/lab_2025/install/two_wheeled_robot/share/two_wheeled_robot/models/aws_robomaker_hospital_floor_02_walls/meshes/aws_robomaker_hospital_floor_02_walls.png\n'}
[0.686492] (two_wheeled_robot) StdoutLine: {'line': b'-- Up-to-date: /home/greyflon/lab_2025/install/two_wheeled_robot/share/two_wheeled_robot/models/aws_robomaker_hospital_floor_02_walls/meshes/aws_robomaker_hospital_floor_02_walls_collision.dae\n'}
[0.686596] (two_wheeled_robot) StdoutLine: {'line': b'-- Up-to-date: /home/greyflon/lab_2025/install/two_wheeled_robot/share/two_wheeled_robot/models/aws_robomaker_hospital_floor_02_walls/meshes/aws_robomaker_hospital_floor_02_doorframes_small.png\n'}
[0.686671] (two_wheeled_robot) StdoutLine: {'line': b'-- Up-to-date: /home/greyflon/lab_2025/install/two_wheeled_robot/share/two_wheeled_robot/models/aws_robomaker_hospital_floor_02_walls/meshes/aws_robomaker_hospital_floor_02_handrail.png\n'}
[0.686825] (two_wheeled_robot) StdoutLine: {'line': b'-- Up-to-date: /home/greyflon/lab_2025/install/two_wheeled_robot/share/two_wheeled_robot/models/aws_robomaker_hospital_floor_02_walls/meshes/aws_robomaker_hospital_floor_02_doorframes_big.png\n'}
[0.686895] (two_wheeled_robot) StdoutLine: {'line': b'-- Up-to-date: /home/greyflon/lab_2025/install/two_wheeled_robot/share/two_wheeled_robot/models/aws_robomaker_hospital_floor_02_walls/meshes/aws_robomaker_hospital_floor_02_bumprail.png\n'}
[0.686959] (two_wheeled_robot) StdoutLine: {'line': b'-- Up-to-date: /home/greyflon/lab_2025/install/two_wheeled_robot/share/two_wheeled_robot/models/aws_robomaker_hospital_floor_02_walls/model.sdf\n'}
[0.687035] (two_wheeled_robot) StdoutLine: {'line': b'-- Up-to-date: /home/greyflon/lab_2025/install/two_wheeled_robot/share/two_wheeled_robot/models/office_chair\n'}
[0.687163] (two_wheeled_robot) StdoutLine: {'line': b'-- Up-to-date: /home/greyflon/lab_2025/install/two_wheeled_robot/share/two_wheeled_robot/models/office_chair/model.config\n'}
[0.687231] (two_wheeled_robot) StdoutLine: {'line': b'-- Up-to-date: /home/greyflon/lab_2025/install/two_wheeled_robot/share/two_wheeled_robot/models/office_chair/meshes\n'}
[0.687295] (two_wheeled_robot) StdoutLine: {'line': b'-- Up-to-date: /home/greyflon/lab_2025/install/two_wheeled_robot/share/two_wheeled_robot/models/office_chair/meshes/office_chair.dae\n'}
[0.687359] (two_wheeled_robot) StdoutLine: {'line': b'-- Up-to-date: /home/greyflon/lab_2025/install/two_wheeled_robot/share/two_wheeled_robot/models/office_chair/materials\n'}
[0.687422] (two_wheeled_robot) StdoutLine: {'line': b'-- Up-to-date: /home/greyflon/lab_2025/install/two_wheeled_robot/share/two_wheeled_robot/models/office_chair/materials/textures\n'}
[0.687506] (two_wheeled_robot) StdoutLine: {'line': b'-- Up-to-date: /home/greyflon/lab_2025/install/two_wheeled_robot/share/two_wheeled_robot/models/office_chair/materials/textures/office_chair_diffuse.png\n'}
[0.687588] (two_wheeled_robot) StdoutLine: {'line': b'-- Up-to-date: /home/greyflon/lab_2025/install/two_wheeled_robot/share/two_wheeled_robot/models/office_chair/materials/textures/office_chair_specular.png\n'}
[0.687664] (two_wheeled_robot) StdoutLine: {'line': b'-- Up-to-date: /home/greyflon/lab_2025/install/two_wheeled_robot/share/two_wheeled_robot/models/office_chair/model.sdf\n'}
[0.687729] (two_wheeled_robot) StdoutLine: {'line': b'-- Up-to-date: /home/greyflon/lab_2025/install/two_wheeled_robot/share/two_wheeled_robot/params\n'}
[0.687814] (two_wheeled_robot) StdoutLine: {'line': b'-- Up-to-date: /home/greyflon/lab_2025/install/two_wheeled_robot/share/two_wheeled_robot/params/warehouse_world\n'}
[0.687887] (two_wheeled_robot) StdoutLine: {'line': b'-- Up-to-date: /home/greyflon/lab_2025/install/two_wheeled_robot/share/two_wheeled_robot/params/warehouse_world/basic_params.yaml\n'}
[0.687953] (two_wheeled_robot) StdoutLine: {'line': b'-- Up-to-date: /home/greyflon/lab_2025/install/two_wheeled_robot/share/two_wheeled_robot/params/neighborhood_world\n'}
[0.688066] (two_wheeled_robot) StdoutLine: {'line': b'-- Up-to-date: /home/greyflon/lab_2025/install/two_wheeled_robot/share/two_wheeled_robot/params/neighborhood_world/nav2_params.yaml\n'}
[0.688142] (two_wheeled_robot) StdoutLine: {'line': b'-- Up-to-date: /home/greyflon/lab_2025/install/two_wheeled_robot/share/two_wheeled_robot/params/neighborhood_world/nav2_params_urdf.yaml\n'}
[0.688223] (two_wheeled_robot) StdoutLine: {'line': b'-- Up-to-date: /home/greyflon/lab_2025/install/two_wheeled_robot/share/two_wheeled_robot/rviz\n'}
[0.688301] (two_wheeled_robot) StdoutLine: {'line': b'-- Up-to-date: /home/greyflon/lab_2025/install/two_wheeled_robot/share/two_wheeled_robot/rviz/rviz_basic_settings.rviz\n'}
[0.688367] (two_wheeled_robot) StdoutLine: {'line': b'-- Up-to-date: /home/greyflon/lab_2025/install/two_wheeled_robot/share/two_wheeled_robot/rviz/urdf_gazebo_config.rviz\n'}
[0.688431] (two_wheeled_robot) StdoutLine: {'line': b'-- Up-to-date: /home/greyflon/lab_2025/install/two_wheeled_robot/share/two_wheeled_robot/rviz/neighborhood_world\n'}
[0.688504] (two_wheeled_robot) StdoutLine: {'line': b'-- Up-to-date: /home/greyflon/lab_2025/install/two_wheeled_robot/share/two_wheeled_robot/rviz/neighborhood_world/urdf_config.rviz\n'}
[0.688583] (two_wheeled_robot) StdoutLine: {'line': b'-- Up-to-date: /home/greyflon/lab_2025/install/two_wheeled_robot/share/two_wheeled_robot/rviz/neighborhood_world/nav2_config_urdf.rviz\n'}
[0.688656] (two_wheeled_robot) StdoutLine: {'line': b'-- Up-to-date: /home/greyflon/lab_2025/install/two_wheeled_robot/share/two_wheeled_robot/rviz/neighborhood_world/nav2_config.rviz\n'}
[0.688771] (two_wheeled_robot) StdoutLine: {'line': b'-- Up-to-date: /home/greyflon/lab_2025/install/two_wheeled_robot/share/two_wheeled_robot/scripts\n'}
[0.688839] (two_wheeled_robot) StdoutLine: {'line': b'-- Up-to-date: /home/greyflon/lab_2025/install/two_wheeled_robot/share/two_wheeled_robot/scripts/lift_controller.py\n'}
[0.688902] (two_wheeled_robot) StdoutLine: {'line': b'-- Up-to-date: /home/greyflon/lab_2025/install/two_wheeled_robot/share/two_wheeled_robot/urdf\n'}
[0.688979] (two_wheeled_robot) StdoutLine: {'line': b'-- Up-to-date: /home/greyflon/lab_2025/install/two_wheeled_robot/share/two_wheeled_robot/urdf/two_wheeled_robot_with_gazebo_plugins.urdf\n'}
[0.689044] (two_wheeled_robot) StdoutLine: {'line': b'-- Up-to-date: /home/greyflon/lab_2025/install/two_wheeled_robot/share/two_wheeled_robot/urdf/two_wheeled_robot_with_lift.urdf\n'}
[0.689129] (two_wheeled_robot) StdoutLine: {'line': b'-- Up-to-date: /home/greyflon/lab_2025/install/two_wheeled_robot/share/two_wheeled_robot/urdf/sam_bot_description.urdf\n'}
[0.689196] (two_wheeled_robot) StdoutLine: {'line': b'-- Up-to-date: /home/greyflon/lab_2025/install/two_wheeled_robot/share/two_wheeled_robot/urdf/two_wheeled_robot_nav2.urdf\n'}
[0.689259] (two_wheeled_robot) StdoutLine: {'line': b'-- Up-to-date: /home/greyflon/lab_2025/install/two_wheeled_robot/share/two_wheeled_robot/urdf/two_wheeled_robot.urdf\n'}
[0.689335] (two_wheeled_robot) StdoutLine: {'line': b'-- Up-to-date: /home/greyflon/lab_2025/install/two_wheeled_robot/share/two_wheeled_robot/worlds\n'}
[0.689455] (two_wheeled_robot) StdoutLine: {'line': b'-- Up-to-date: /home/greyflon/lab_2025/install/two_wheeled_robot/share/two_wheeled_robot/worlds/cafe.world\n'}
[0.689524] (two_wheeled_robot) StdoutLine: {'line': b'-- Up-to-date: /home/greyflon/lab_2025/install/two_wheeled_robot/share/two_wheeled_robot/worlds/lawn.world\n'}
[0.689626] (two_wheeled_robot) StdoutLine: {'line': b'-- Up-to-date: /home/greyflon/lab_2025/install/two_wheeled_robot/share/two_wheeled_robot/worlds/factory.world\n'}
[0.689694] (two_wheeled_robot) StdoutLine: {'line': b'-- Up-to-date: /home/greyflon/lab_2025/install/two_wheeled_robot/share/two_wheeled_robot/worlds/house.world\n'}
[0.689758] (two_wheeled_robot) StdoutLine: {'line': b'-- Up-to-date: /home/greyflon/lab_2025/install/two_wheeled_robot/share/two_wheeled_robot/worlds/farm.world\n'}
[0.689826] (two_wheeled_robot) StdoutLine: {'line': b'-- Up-to-date: /home/greyflon/lab_2025/install/two_wheeled_robot/share/two_wheeled_robot/worlds/basic.world\n'}
[0.689904] (two_wheeled_robot) StdoutLine: {'line': b'-- Up-to-date: /home/greyflon/lab_2025/install/two_wheeled_robot/share/two_wheeled_robot/worlds/hospital_2_floors.world\n'}
[0.689971] (two_wheeled_robot) StdoutLine: {'line': b'-- Up-to-date: /home/greyflon/lab_2025/install/two_wheeled_robot/share/two_wheeled_robot/worlds/hospital_3_floors.world\n'}
[0.690035] (two_wheeled_robot) StdoutLine: {'line': b'-- Up-to-date: /home/greyflon/lab_2025/install/two_wheeled_robot/share/two_wheeled_robot/worlds/inventory.world\n'}
[0.690099] (two_wheeled_robot) StdoutLine: {'line': b'-- Up-to-date: /home/greyflon/lab_2025/install/two_wheeled_robot/share/two_wheeled_robot/worlds/office.world\n'}
[0.690163] (two_wheeled_robot) StdoutLine: {'line': b'-- Up-to-date: /home/greyflon/lab_2025/install/two_wheeled_robot/share/two_wheeled_robot/worlds/car.world\n'}
[0.690228] (two_wheeled_robot) StdoutLine: {'line': b'-- Up-to-date: /home/greyflon/lab_2025/install/two_wheeled_robot/share/two_wheeled_robot/worlds/warehouse.world\n'}
[0.690302] (two_wheeled_robot) StdoutLine: {'line': b'-- Up-to-date: /home/greyflon/lab_2025/install/two_wheeled_robot/share/two_wheeled_robot/worlds/neighborhood.world\n'}
[0.690373] (two_wheeled_robot) StdoutLine: {'line': b'-- Up-to-date: /home/greyflon/lab_2025/install/two_wheeled_robot/share/two_wheeled_robot/worlds/distribution_center.world\n'}
[0.690437] (two_wheeled_robot) StdoutLine: {'line': b'-- Up-to-date: /home/greyflon/lab_2025/install/two_wheeled_robot/share/two_wheeled_robot/worlds/hospital.world\n'}
[0.690568] (two_wheeled_robot) StdoutLine: {'line': b'-- Up-to-date: /home/greyflon/lab_2025/install/two_wheeled_robot/share/ament_index/resource_index/package_run_dependencies/two_wheeled_robot\n'}
[0.690643] (two_wheeled_robot) StdoutLine: {'line': b'-- Up-to-date: /home/greyflon/lab_2025/install/two_wheeled_robot/share/ament_index/resource_index/parent_prefix_path/two_wheeled_robot\n'}
[0.690709] (two_wheeled_robot) StdoutLine: {'line': b'-- Up-to-date: /home/greyflon/lab_2025/install/two_wheeled_robot/share/two_wheeled_robot/environment/ament_prefix_path.sh\n'}
[0.690772] (two_wheeled_robot) StdoutLine: {'line': b'-- Up-to-date: /home/greyflon/lab_2025/install/two_wheeled_robot/share/two_wheeled_robot/environment/ament_prefix_path.dsv\n'}
[0.690837] (two_wheeled_robot) StdoutLine: {'line': b'-- Up-to-date: /home/greyflon/lab_2025/install/two_wheeled_robot/share/two_wheeled_robot/environment/path.sh\n'}
[0.690905] (two_wheeled_robot) StdoutLine: {'line': b'-- Up-to-date: /home/greyflon/lab_2025/install/two_wheeled_robot/share/two_wheeled_robot/environment/path.dsv\n'}
[0.690970] (two_wheeled_robot) StdoutLine: {'line': b'-- Up-to-date: /home/greyflon/lab_2025/install/two_wheeled_robot/share/two_wheeled_robot/local_setup.bash\n'}
[0.691095] (two_wheeled_robot) StdoutLine: {'line': b'-- Up-to-date: /home/greyflon/lab_2025/install/two_wheeled_robot/share/two_wheeled_robot/local_setup.sh\n'}
[0.691164] (two_wheeled_robot) StdoutLine: {'line': b'-- Up-to-date: /home/greyflon/lab_2025/install/two_wheeled_robot/share/two_wheeled_robot/local_setup.zsh\n'}
[0.691241] (two_wheeled_robot) StdoutLine: {'line': b'-- Up-to-date: /home/greyflon/lab_2025/install/two_wheeled_robot/share/two_wheeled_robot/local_setup.dsv\n'}
[0.691320] (two_wheeled_robot) StdoutLine: {'line': b'-- Installing: /home/greyflon/lab_2025/install/two_wheeled_robot/share/two_wheeled_robot/package.dsv\n'}
[0.691386] (two_wheeled_robot) StdoutLine: {'line': b'-- Up-to-date: /home/greyflon/lab_2025/install/two_wheeled_robot/share/ament_index/resource_index/packages/two_wheeled_robot\n'}
[0.691450] (two_wheeled_robot) StdoutLine: {'line': b'-- Up-to-date: /home/greyflon/lab_2025/install/two_wheeled_robot/share/two_wheeled_robot/cmake/two_wheeled_robotConfig.cmake\n'}
[0.691515] (two_wheeled_robot) StdoutLine: {'line': b'-- Up-to-date: /home/greyflon/lab_2025/install/two_wheeled_robot/share/two_wheeled_robot/cmake/two_wheeled_robotConfig-version.cmake\n'}
[0.691598] (two_wheeled_robot) StdoutLine: {'line': b'-- Up-to-date: /home/greyflon/lab_2025/install/two_wheeled_robot/share/two_wheeled_robot/package.xml\n'}
[0.691669] (two_wheeled_robot) CommandEnded: {'returncode': 0}
[0.700753] (-) TimerEvent: {}
[0.750418] (two_wheeled_robot) JobEnded: {'identifier': 'two_wheeled_robot', 'rc': 0}
[0.752627] (cv_basics) Command: {'cmd': ['/usr/bin/python3', '-W', 'ignore:setup.py install is deprecated', '-W', 'ignore:easy_install command is deprecated', 'setup.py', 'egg_info', '--egg-base', '../../build/cv_basics', 'build', '--build-base', '/home/greyflon/lab_2025/build/cv_basics/build', 'install', '--record', '/home/greyflon/lab_2025/build/cv_basics/install.log', '--single-version-externally-managed', 'install_data'], 'cwd': '/home/greyflon/lab_2025/src/cv_basics', 'env': {'LESSOPEN': '| /usr/bin/lesspipe %s', 'USER': 'greyflon', 'XDG_SESSION_TYPE': 'wayland', 'SHLVL': '1', 'LD_LIBRARY_PATH': '/usr/lib/x86_64-linux-gnu/gazebo-11/plugins:/opt/ros/humble/opt/rviz_ogre_vendor/lib:/opt/ros/humble/lib/x86_64-linux-gnu:/opt/ros/humble/lib', 'HOME': '/home/greyflon', 'OLDPWD': '/home/greyflon', 'DESKTOP_SESSION': 'ubuntu', 'ROS_PYTHON_VERSION': '3', 'GNOME_SHELL_SESSION_MODE': 'ubuntu', 'GTK_MODULES': 'gail:atk-bridge', 'SYSTEMD_EXEC_PID': '1656', 'DBUS_SESSION_BUS_ADDRESS': 'unix:path=/run/user/1000/bus', 'COLORTERM': 'truecolor', 'IM_CONFIG_PHASE': '1', 'WAYLAND_DISPLAY': 'wayland-0', 'COLCON_PREFIX_PATH': '/home/greyflon/lab_2025/install', 'ROS_DISTRO': 'humble', 'LOGNAME': 'greyflon', '_': '/usr/bin/colcon', 'ROS_VERSION': '2', 'XDG_SESSION_CLASS': 'user', 'USERNAME': 'greyflon', 'TERM': 'xterm-256color', 'GNOME_DESKTOP_SESSION_ID': 'this-is-deprecated', 'ROS_LOCALHOST_ONLY': '0', 'PATH': '/opt/ros/humble/bin:/home/greyflon/.local/bin:/usr/local/sbin:/usr/local/bin:/usr/sbin:/usr/bin:/sbin:/bin:/usr/games:/usr/local/games:/snap/bin:/snap/bin', 'SESSION_MANAGER': 'local/greyflon-desktop:@/tmp/.ICE-unix/1622,unix/greyflon-desktop:/tmp/.ICE-unix/1622', 'XDG_MENU_PREFIX': 'gnome-', 'GNOME_TERMINAL_SCREEN': '/org/gnome/Terminal/screen/71dccc93_38e2_41ea_a312_bc6025dda2ae', 'GNOME_SETUP_DISPLAY': ':1', 'XDG_RUNTIME_DIR': '/run/user/1000', 'DISPLAY': ':0', 'LANG': 'en_US.UTF-8', 'XDG_CURRENT_DESKTOP': 'ubuntu:GNOME', 'XMODIFIERS': '@im=ibus', 'XDG_SESSION_DESKTOP': 'ubuntu', 'XAUTHORITY': '/run/user/1000/.mutter-Xwaylandauth.VANA72', 'LS_COLORS': 'rs=0:di=01;34:ln=01;36:mh=00:pi=40;33:so=01;35:do=01;35:bd=40;33;01:cd=40;33;01:or=40;31;01:mi=00:su=37;41:sg=30;43:ca=30;41:tw=30;42:ow=34;42:st=37;44:ex=01;32:*.tar=01;31:*.tgz=01;31:*.arc=01;31:*.arj=01;31:*.taz=01;31:*.lha=01;31:*.lz4=01;31:*.lzh=01;31:*.lzma=01;31:*.tlz=01;31:*.txz=01;31:*.tzo=01;31:*.t7z=01;31:*.zip=01;31:*.z=01;31:*.dz=01;31:*.gz=01;31:*.lrz=01;31:*.lz=01;31:*.lzo=01;31:*.xz=01;31:*.zst=01;31:*.tzst=01;31:*.bz2=01;31:*.bz=01;31:*.tbz=01;31:*.tbz2=01;31:*.tz=01;31:*.deb=01;31:*.rpm=01;31:*.jar=01;31:*.war=01;31:*.ear=01;31:*.sar=01;31:*.rar=01;31:*.alz=01;31:*.ace=01;31:*.zoo=01;31:*.cpio=01;31:*.7z=01;31:*.rz=01;31:*.cab=01;31:*.wim=01;31:*.swm=01;31:*.dwm=01;31:*.esd=01;31:*.jpg=01;35:*.jpeg=01;35:*.mjpg=01;35:*.mjpeg=01;35:*.gif=01;35:*.bmp=01;35:*.pbm=01;35:*.pgm=01;35:*.ppm=01;35:*.tga=01;35:*.xbm=01;35:*.xpm=01;35:*.tif=01;35:*.tiff=01;35:*.png=01;35:*.svg=01;35:*.svgz=01;35:*.mng=01;35:*.pcx=01;35:*.mov=01;35:*.mpg=01;35:*.mpeg=01;35:*.m2v=01;35:*.mkv=01;35:*.webm=01;35:*.webp=01;35:*.ogm=01;35:*.mp4=01;35:*.m4v=01;35:*.mp4v=01;35:*.vob=01;35:*.qt=01;35:*.nuv=01;35:*.wmv=01;35:*.asf=01;35:*.rm=01;35:*.rmvb=01;35:*.flc=01;35:*.avi=01;35:*.fli=01;35:*.flv=01;35:*.gl=01;35:*.dl=01;35:*.xcf=01;35:*.xwd=01;35:*.yuv=01;35:*.cgm=01;35:*.emf=01;35:*.ogv=01;35:*.ogx=01;35:*.aac=00;36:*.au=00;36:*.flac=00;36:*.m4a=00;36:*.mid=00;36:*.midi=00;36:*.mka=00;36:*.mp3=00;36:*.mpc=00;36:*.ogg=00;36:*.ra=00;36:*.wav=00;36:*.oga=00;36:*.opus=00;36:*.spx=00;36:*.xspf=00;36:', 'GNOME_TERMINAL_SERVICE': ':1.114', 'SSH_AGENT_LAUNCHER': 'gnome-keyring', 'SSH_AUTH_SOCK': '/run/user/1000/keyring/ssh', 'AMENT_PREFIX_PATH': '/home/greyflon/lab_2025/install/two_wheeled_robot:/home/greyflon/lab_2025/install/cv_basics:/opt/ros/humble', 'SHELL': '/bin/bash', 'QT_ACCESSIBILITY': '1', 'GDMSESSION': 'ubuntu', 'LESSCLOSE': '/usr/bin/lesspipe %s %s', 'QT_IM_MODULE': 'ibus', 'PWD': '/home/greyflon/lab_2025/build/cv_basics', 'LC_ALL': 'en_US.UTF-8', 'XDG_CONFIG_DIRS': '/etc/xdg/xdg-ubuntu:/etc/xdg', 'XDG_DATA_DIRS': '/usr/share/ubuntu:/usr/local/share/:/usr/share/:/var/lib/snapd/desktop', 'PYTHONPATH': '/home/greyflon/lab_2025/build/cv_basics/prefix_override:/usr/lib/python3/dist-packages/colcon_core/task/python/colcon_distutils_commands:/home/greyflon/lab_2025/install/cv_basics/lib/python3.10/site-packages:/home/greyflon/lab_2025/install/cv_basics/lib/python3.10/site-packages:/opt/ros/humble/lib/python3.10/site-packages:/opt/ros/humble/local/lib/python3.10/dist-packages', 'COLCON': '1', 'VTE_VERSION': '6800', 'CMAKE_PREFIX_PATH': '/home/greyflon/lab_2025/install/two_wheeled_robot'}, 'shell': False}
[0.800894] (-) TimerEvent: {}
[0.901265] (-) TimerEvent: {}
[0.999945] (cv_basics) StdoutLine: {'line': b'running egg_info\n'}
[1.000457] (cv_basics) StdoutLine: {'line': b'writing ../../build/cv_basics/cv_basics.egg-info/PKG-INFO\n'}
[1.000742] (cv_basics) StdoutLine: {'line': b'writing dependency_links to ../../build/cv_basics/cv_basics.egg-info/dependency_links.txt\n'}
[1.001008] (cv_basics) StdoutLine: {'line': b'writing entry points to ../../build/cv_basics/cv_basics.egg-info/entry_points.txt\n'}
[1.001219] (cv_basics) StdoutLine: {'line': b'writing requirements to ../../build/cv_basics/cv_basics.egg-info/requires.txt\n'}
[1.001354] (-) TimerEvent: {}
[1.001518] (cv_basics) StdoutLine: {'line': b'writing top-level names to ../../build/cv_basics/cv_basics.egg-info/top_level.txt\n'}
[1.003492] (cv_basics) StdoutLine: {'line': b"reading manifest file '../../build/cv_basics/cv_basics.egg-info/SOURCES.txt'\n"}
[1.004223] (cv_basics) StdoutLine: {'line': b"writing manifest file '../../build/cv_basics/cv_basics.egg-info/SOURCES.txt'\n"}
[1.004461] (cv_basics) StdoutLine: {'line': b'running build\n'}
[1.004638] (cv_basics) StdoutLine: {'line': b'running build_py\n'}
[1.004857] (cv_basics) StdoutLine: {'line': b'running install\n'}
[1.005089] (cv_basics) StdoutLine: {'line': b'running install_lib\n'}
[1.006138] (cv_basics) StdoutLine: {'line': b'running install_data\n'}
[1.006411] (cv_basics) StdoutLine: {'line': b'running install_egg_info\n'}
[1.008027] (cv_basics) StdoutLine: {'line': b"removing '/home/greyflon/lab_2025/install/cv_basics/lib/python3.10/site-packages/cv_basics-0.0.0-py3.10.egg-info' (and everything under it)\n"}
[1.008354] (cv_basics) StdoutLine: {'line': b'Copying ../../build/cv_basics/cv_basics.egg-info to /home/greyflon/lab_2025/install/cv_basics/lib/python3.10/site-packages/cv_basics-0.0.0-py3.10.egg-info\n'}
[1.009301] (cv_basics) StdoutLine: {'line': b'running install_scripts\n'}
[1.027809] (cv_basics) StdoutLine: {'line': b'Installing inference_yolo_node script to /home/greyflon/lab_2025/install/cv_basics/lib/cv_basics\n'}
[1.028193] (cv_basics) StdoutLine: {'line': b'Installing module_ROS script to /home/greyflon/lab_2025/install/cv_basics/lib/cv_basics\n'}
[1.028375] (cv_basics) StdoutLine: {'line': b'Installing service script to /home/greyflon/lab_2025/install/cv_basics/lib/cv_basics\n'}
[1.028620] (cv_basics) StdoutLine: {'line': b"writing list of installed files to '/home/greyflon/lab_2025/build/cv_basics/install.log'\n"}
[1.054262] (cv_basics) CommandEnded: {'returncode': 0}
[1.069374] (cv_basics) JobEnded: {'identifier': 'cv_basics', 'rc': 0}
[1.070560] (-) EventReactorShutdown: {}
