[0.000000] (-) TimerEvent: {}
[0.000286] (cv_basics) JobQueued: {'identifier': 'cv_basics', 'dependencies': OrderedDict()}
[0.000515] (two_wheeled_robot) JobQueued: {'identifier': 'two_wheeled_robot', 'dependencies': OrderedDict()}
[0.000542] (cv_basics) JobStarted: {'identifier': 'cv_basics'}
[0.060938] (two_wheeled_robot) JobStarted: {'identifier': 'two_wheeled_robot'}
[0.099753] (-) TimerEvent: {}
[0.200005] (-) TimerEvent: {}
[0.300256] (-) TimerEvent: {}
[0.400552] (-) TimerEvent: {}
[0.500969] (-) TimerEvent: {}
[0.554796] (two_wheeled_robot) JobProgress: {'identifier': 'two_wheeled_robot', 'progress': 'cmake'}
[0.601068] (-) TimerEvent: {}
[0.701346] (-) TimerEvent: {}
[0.801670] (-) TimerEvent: {}
[0.810846] (two_wheeled_robot) JobProgress: {'identifier': 'two_wheeled_robot', 'progress': 'build'}
[0.813394] (two_wheeled_robot) Command: {'cmd': ['/usr/bin/cmake', '--build', '/home/greyflon/lab_2025/build/two_wheeled_robot', '--', '-j12', '-l12'], 'cwd': '/home/greyflon/lab_2025/build/two_wheeled_robot', 'env': OrderedDict([('LESSOPEN', '| /usr/bin/lesspipe %s'), ('USER', 'greyflon'), ('XDG_SESSION_TYPE', 'wayland'), ('SHLVL', '1'), ('LD_LIBRARY_PATH', '/usr/lib/x86_64-linux-gnu/gazebo-11/plugins:/opt/ros/humble/opt/rviz_ogre_vendor/lib:/opt/ros/humble/lib/x86_64-linux-gnu:/opt/ros/humble/lib'), ('HOME', '/home/greyflon'), ('OLDPWD', '/home/greyflon'), ('DESKTOP_SESSION', 'ubuntu'), ('ROS_PYTHON_VERSION', '3'), ('GNOME_SHELL_SESSION_MODE', 'ubuntu'), ('GTK_MODULES', 'gail:atk-bridge'), ('SYSTEMD_EXEC_PID', '1582'), ('DBUS_SESSION_BUS_ADDRESS', 'unix:path=/run/user/1000/bus'), ('COLORTERM', 'truecolor'), ('IM_CONFIG_PHASE', '1'), ('WAYLAND_DISPLAY', 'wayland-0'), ('COLCON_PREFIX_PATH', '/home/greyflon/lab_2025/install'), ('ROS_DISTRO', 'humble'), ('LOGNAME', 'greyflon'), ('_', '/usr/bin/colcon'), ('ROS_VERSION', '2'), ('XDG_SESSION_CLASS', 'user'), ('USERNAME', 'greyflon'), ('TERM', 'xterm-256color'), ('GNOME_DESKTOP_SESSION_ID', 'this-is-deprecated'), ('ROS_LOCALHOST_ONLY', '0'), ('PATH', '/opt/ros/humble/bin:/home/greyflon/.local/bin:/usr/local/sbin:/usr/local/bin:/usr/sbin:/usr/bin:/sbin:/bin:/usr/games:/usr/local/games:/snap/bin:/snap/bin'), ('SESSION_MANAGER', 'local/greyflon-desktop:@/tmp/.ICE-unix/1559,unix/greyflon-desktop:/tmp/.ICE-unix/1559'), ('XDG_MENU_PREFIX', 'gnome-'), ('GNOME_TERMINAL_SCREEN', '/org/gnome/Terminal/screen/8ba91f51_be59_418d_992a_1824daeba29e'), ('GNOME_SETUP_DISPLAY', ':1'), ('XDG_RUNTIME_DIR', '/run/user/1000'), ('DISPLAY', ':0'), ('LANG', 'en_US.UTF-8'), ('XDG_CURRENT_DESKTOP', 'ubuntu:GNOME'), ('XMODIFIERS', '@im=ibus'), ('XDG_SESSION_DESKTOP', 'ubuntu'), ('XAUTHORITY', '/run/user/1000/.mutter-Xwaylandauth.FQQJ72'), ('LS_COLORS', 'rs=0:di=01;34:ln=01;36:mh=00:pi=40;33:so=01;35:do=01;35:bd=40;33;01:cd=40;33;01:or=40;31;01:mi=00:su=37;41:sg=30;43:ca=30;41:tw=30;42:ow=34;42:st=37;44:ex=01;32:*.tar=01;31:*.tgz=01;31:*.arc=01;31:*.arj=01;31:*.taz=01;31:*.lha=01;31:*.lz4=01;31:*.lzh=01;31:*.lzma=01;31:*.tlz=01;31:*.txz=01;31:*.tzo=01;31:*.t7z=01;31:*.zip=01;31:*.z=01;31:*.dz=01;31:*.gz=01;31:*.lrz=01;31:*.lz=01;31:*.lzo=01;31:*.xz=01;31:*.zst=01;31:*.tzst=01;31:*.bz2=01;31:*.bz=01;31:*.tbz=01;31:*.tbz2=01;31:*.tz=01;31:*.deb=01;31:*.rpm=01;31:*.jar=01;31:*.war=01;31:*.ear=01;31:*.sar=01;31:*.rar=01;31:*.alz=01;31:*.ace=01;31:*.zoo=01;31:*.cpio=01;31:*.7z=01;31:*.rz=01;31:*.cab=01;31:*.wim=01;31:*.swm=01;31:*.dwm=01;31:*.esd=01;31:*.jpg=01;35:*.jpeg=01;35:*.mjpg=01;35:*.mjpeg=01;35:*.gif=01;35:*.bmp=01;35:*.pbm=01;35:*.pgm=01;35:*.ppm=01;35:*.tga=01;35:*.xbm=01;35:*.xpm=01;35:*.tif=01;35:*.tiff=01;35:*.png=01;35:*.svg=01;35:*.svgz=01;35:*.mng=01;35:*.pcx=01;35:*.mov=01;35:*.mpg=01;35:*.mpeg=01;35:*.m2v=01;35:*.mkv=01;35:*.webm=01;35:*.webp=01;35:*.ogm=01;35:*.mp4=01;35:*.m4v=01;35:*.mp4v=01;35:*.vob=01;35:*.qt=01;35:*.nuv=01;35:*.wmv=01;35:*.asf=01;35:*.rm=01;35:*.rmvb=01;35:*.flc=01;35:*.avi=01;35:*.fli=01;35:*.flv=01;35:*.gl=01;35:*.dl=01;35:*.xcf=01;35:*.xwd=01;35:*.yuv=01;35:*.cgm=01;35:*.emf=01;35:*.ogv=01;35:*.ogx=01;35:*.aac=00;36:*.au=00;36:*.flac=00;36:*.m4a=00;36:*.mid=00;36:*.midi=00;36:*.mka=00;36:*.mp3=00;36:*.mpc=00;36:*.ogg=00;36:*.ra=00;36:*.wav=00;36:*.oga=00;36:*.opus=00;36:*.spx=00;36:*.xspf=00;36:'), ('GNOME_TERMINAL_SERVICE', ':1.123'), ('SSH_AGENT_LAUNCHER', 'gnome-keyring'), ('SSH_AUTH_SOCK', '/run/user/1000/keyring/ssh'), ('AMENT_PREFIX_PATH', '/home/greyflon/lab_2025/install/two_wheeled_robot:/home/greyflon/lab_2025/install/cv_basics:/opt/ros/humble'), ('SHELL', '/bin/bash'), ('QT_ACCESSIBILITY', '1'), ('GDMSESSION', 'ubuntu'), ('LESSCLOSE', '/usr/bin/lesspipe %s %s'), ('QT_IM_MODULE', 'ibus'), ('PWD', '/home/greyflon/lab_2025/build/two_wheeled_robot'), ('LC_ALL', 'en_US.UTF-8'), ('XDG_CONFIG_DIRS', '/etc/xdg/xdg-ubuntu:/etc/xdg'), ('XDG_DATA_DIRS', '/usr/share/ubuntu:/usr/local/share/:/usr/share/:/var/lib/snapd/desktop'), ('PYTHONPATH', '/home/greyflon/lab_2025/install/cv_basics/lib/python3.10/site-packages:/opt/ros/humble/lib/python3.10/site-packages:/opt/ros/humble/local/lib/python3.10/dist-packages'), ('COLCON', '1'), ('VTE_VERSION', '6800'), ('CMAKE_PREFIX_PATH', '/home/greyflon/lab_2025/install/two_wheeled_robot:/home/greyflon/lab_2025/install/cv_basics:/opt/ros/humble')]), 'shell': False}
[0.901818] (-) TimerEvent: {}
[1.002225] (-) TimerEvent: {}
[1.102636] (-) TimerEvent: {}
[1.203016] (-) TimerEvent: {}
[1.303364] (-) TimerEvent: {}
[1.396521] (two_wheeled_robot) CommandEnded: {'returncode': 0}
[1.399165] (two_wheeled_robot) JobProgress: {'identifier': 'two_wheeled_robot', 'progress': 'install'}
[1.403448] (-) TimerEvent: {}
[1.410945] (two_wheeled_robot) Command: {'cmd': ['/usr/bin/cmake', '--install', '/home/greyflon/lab_2025/build/two_wheeled_robot'], 'cwd': '/home/greyflon/lab_2025/build/two_wheeled_robot', 'env': OrderedDict([('LESSOPEN', '| /usr/bin/lesspipe %s'), ('USER', 'greyflon'), ('XDG_SESSION_TYPE', 'wayland'), ('SHLVL', '1'), ('LD_LIBRARY_PATH', '/usr/lib/x86_64-linux-gnu/gazebo-11/plugins:/opt/ros/humble/opt/rviz_ogre_vendor/lib:/opt/ros/humble/lib/x86_64-linux-gnu:/opt/ros/humble/lib'), ('HOME', '/home/greyflon'), ('OLDPWD', '/home/greyflon'), ('DESKTOP_SESSION', 'ubuntu'), ('ROS_PYTHON_VERSION', '3'), ('GNOME_SHELL_SESSION_MODE', 'ubuntu'), ('GTK_MODULES', 'gail:atk-bridge'), ('SYSTEMD_EXEC_PID', '1582'), ('DBUS_SESSION_BUS_ADDRESS', 'unix:path=/run/user/1000/bus'), ('COLORTERM', 'truecolor'), ('IM_CONFIG_PHASE', '1'), ('WAYLAND_DISPLAY', 'wayland-0'), ('COLCON_PREFIX_PATH', '/home/greyflon/lab_2025/install'), ('ROS_DISTRO', 'humble'), ('LOGNAME', 'greyflon'), ('_', '/usr/bin/colcon'), ('ROS_VERSION', '2'), ('XDG_SESSION_CLASS', 'user'), ('USERNAME', 'greyflon'), ('TERM', 'xterm-256color'), ('GNOME_DESKTOP_SESSION_ID', 'this-is-deprecated'), ('ROS_LOCALHOST_ONLY', '0'), ('PATH', '/opt/ros/humble/bin:/home/greyflon/.local/bin:/usr/local/sbin:/usr/local/bin:/usr/sbin:/usr/bin:/sbin:/bin:/usr/games:/usr/local/games:/snap/bin:/snap/bin'), ('SESSION_MANAGER', 'local/greyflon-desktop:@/tmp/.ICE-unix/1559,unix/greyflon-desktop:/tmp/.ICE-unix/1559'), ('XDG_MENU_PREFIX', 'gnome-'), ('GNOME_TERMINAL_SCREEN', '/org/gnome/Terminal/screen/8ba91f51_be59_418d_992a_1824daeba29e'), ('GNOME_SETUP_DISPLAY', ':1'), ('XDG_RUNTIME_DIR', '/run/user/1000'), ('DISPLAY', ':0'), ('LANG', 'en_US.UTF-8'), ('XDG_CURRENT_DESKTOP', 'ubuntu:GNOME'), ('XMODIFIERS', '@im=ibus'), ('XDG_SESSION_DESKTOP', 'ubuntu'), ('XAUTHORITY', '/run/user/1000/.mutter-Xwaylandauth.FQQJ72'), ('LS_COLORS', 'rs=0:di=01;34:ln=01;36:mh=00:pi=40;33:so=01;35:do=01;35:bd=40;33;01:cd=40;33;01:or=40;31;01:mi=00:su=37;41:sg=30;43:ca=30;41:tw=30;42:ow=34;42:st=37;44:ex=01;32:*.tar=01;31:*.tgz=01;31:*.arc=01;31:*.arj=01;31:*.taz=01;31:*.lha=01;31:*.lz4=01;31:*.lzh=01;31:*.lzma=01;31:*.tlz=01;31:*.txz=01;31:*.tzo=01;31:*.t7z=01;31:*.zip=01;31:*.z=01;31:*.dz=01;31:*.gz=01;31:*.lrz=01;31:*.lz=01;31:*.lzo=01;31:*.xz=01;31:*.zst=01;31:*.tzst=01;31:*.bz2=01;31:*.bz=01;31:*.tbz=01;31:*.tbz2=01;31:*.tz=01;31:*.deb=01;31:*.rpm=01;31:*.jar=01;31:*.war=01;31:*.ear=01;31:*.sar=01;31:*.rar=01;31:*.alz=01;31:*.ace=01;31:*.zoo=01;31:*.cpio=01;31:*.7z=01;31:*.rz=01;31:*.cab=01;31:*.wim=01;31:*.swm=01;31:*.dwm=01;31:*.esd=01;31:*.jpg=01;35:*.jpeg=01;35:*.mjpg=01;35:*.mjpeg=01;35:*.gif=01;35:*.bmp=01;35:*.pbm=01;35:*.pgm=01;35:*.ppm=01;35:*.tga=01;35:*.xbm=01;35:*.xpm=01;35:*.tif=01;35:*.tiff=01;35:*.png=01;35:*.svg=01;35:*.svgz=01;35:*.mng=01;35:*.pcx=01;35:*.mov=01;35:*.mpg=01;35:*.mpeg=01;35:*.m2v=01;35:*.mkv=01;35:*.webm=01;35:*.webp=01;35:*.ogm=01;35:*.mp4=01;35:*.m4v=01;35:*.mp4v=01;35:*.vob=01;35:*.qt=01;35:*.nuv=01;35:*.wmv=01;35:*.asf=01;35:*.rm=01;35:*.rmvb=01;35:*.flc=01;35:*.avi=01;35:*.fli=01;35:*.flv=01;35:*.gl=01;35:*.dl=01;35:*.xcf=01;35:*.xwd=01;35:*.yuv=01;35:*.cgm=01;35:*.emf=01;35:*.ogv=01;35:*.ogx=01;35:*.aac=00;36:*.au=00;36:*.flac=00;36:*.m4a=00;36:*.mid=00;36:*.midi=00;36:*.mka=00;36:*.mp3=00;36:*.mpc=00;36:*.ogg=00;36:*.ra=00;36:*.wav=00;36:*.oga=00;36:*.opus=00;36:*.spx=00;36:*.xspf=00;36:'), ('GNOME_TERMINAL_SERVICE', ':1.123'), ('SSH_AGENT_LAUNCHER', 'gnome-keyring'), ('SSH_AUTH_SOCK', '/run/user/1000/keyring/ssh'), ('AMENT_PREFIX_PATH', '/home/greyflon/lab_2025/install/two_wheeled_robot:/home/greyflon/lab_2025/install/cv_basics:/opt/ros/humble'), ('SHELL', '/bin/bash'), ('QT_ACCESSIBILITY', '1'), ('GDMSESSION', 'ubuntu'), ('LESSCLOSE', '/usr/bin/lesspipe %s %s'), ('QT_IM_MODULE', 'ibus'), ('PWD', '/home/greyflon/lab_2025/build/two_wheeled_robot'), ('LC_ALL', 'en_US.UTF-8'), ('XDG_CONFIG_DIRS', '/etc/xdg/xdg-ubuntu:/etc/xdg'), ('XDG_DATA_DIRS', '/usr/share/ubuntu:/usr/local/share/:/usr/share/:/var/lib/snapd/desktop'), ('PYTHONPATH', '/home/greyflon/lab_2025/install/cv_basics/lib/python3.10/site-packages:/opt/ros/humble/lib/python3.10/site-packages:/opt/ros/humble/local/lib/python3.10/dist-packages'), ('COLCON', '1'), ('VTE_VERSION', '6800'), ('CMAKE_PREFIX_PATH', '/home/greyflon/lab_2025/install/two_wheeled_robot:/home/greyflon/lab_2025/install/cv_basics:/opt/ros/humble')]), 'shell': False}
[1.429412] (two_wheeled_robot) StdoutLine: {'line': b'-- Install configuration: ""\n'}
[1.429917] (two_wheeled_robot) StdoutLine: {'line': b'-- Up-to-date: /home/greyflon/lab_2025/install/two_wheeled_robot/share/two_wheeled_robot/config\n'}
[1.430198] (two_wheeled_robot) StdoutLine: {'line': b'-- Up-to-date: /home/greyflon/lab_2025/install/two_wheeled_robot/share/two_wheeled_robot/config/ekf.yaml\n'}
[1.430423] (two_wheeled_robot) StdoutLine: {'line': b'-- Up-to-date: /home/greyflon/lab_2025/install/two_wheeled_robot/share/two_wheeled_robot/config/ekf_urdf.yaml\n'}
[1.430674] (two_wheeled_robot) StdoutLine: {'line': b'-- Up-to-date: /home/greyflon/lab_2025/install/two_wheeled_robot/share/two_wheeled_robot/launch\n'}
[1.430850] (two_wheeled_robot) StdoutLine: {'line': b'-- Installing: /home/greyflon/lab_2025/install/two_wheeled_robot/share/two_wheeled_robot/launch/launch_urdf_into_gazebo.launch.py\n'}
[1.474573] (two_wheeled_robot) StdoutLine: {'line': b'-- Up-to-date: /home/greyflon/lab_2025/install/two_wheeled_robot/share/two_wheeled_robot/launch/warehouse_world\n'}
[1.475045] (two_wheeled_robot) StdoutLine: {'line': b'-- Up-to-date: /home/greyflon/lab_2025/install/two_wheeled_robot/share/two_wheeled_robot/launch/warehouse_world/todo_warehouse.py\n'}
[1.475249] (two_wheeled_robot) StdoutLine: {'line': b'-- Up-to-date: /home/greyflon/lab_2025/install/two_wheeled_robot/share/two_wheeled_robot/launch/neighborhood_world\n'}
[1.475430] (two_wheeled_robot) StdoutLine: {'line': b'-- Up-to-date: /home/greyflon/lab_2025/install/two_wheeled_robot/share/two_wheeled_robot/launch/neighborhood_world/neighborhood_world_v3.launch.py\n'}
[1.475574] (two_wheeled_robot) StdoutLine: {'line': b'-- Up-to-date: /home/greyflon/lab_2025/install/two_wheeled_robot/share/two_wheeled_robot/launch/neighborhood_world/neighborhood_world_v2.launch.py\n'}
[1.475710] (two_wheeled_robot) StdoutLine: {'line': b'-- Up-to-date: /home/greyflon/lab_2025/install/two_wheeled_robot/share/two_wheeled_robot/launch/neighborhood_world/neighborhood_world_v1.launch.py\n'}
[1.475844] (two_wheeled_robot) StdoutLine: {'line': b'-- Up-to-date: /home/greyflon/lab_2025/install/two_wheeled_robot/share/two_wheeled_robot/launch/load_world_into_gazebo.launch.py\n'}
[1.475979] (two_wheeled_robot) StdoutLine: {'line': b'-- Up-to-date: /home/greyflon/lab_2025/install/two_wheeled_robot/share/two_wheeled_robot/launch/launch_sim_cv.launch.py\n'}
[1.476134] (two_wheeled_robot) StdoutLine: {'line': b'-- Installing: /home/greyflon/lab_2025/install/two_wheeled_robot/share/two_wheeled_robot/launch/two_wheeled_robot_rviz.launch.py\n'}
[1.476270] (two_wheeled_robot) StdoutLine: {'line': b'-- Up-to-date: /home/greyflon/lab_2025/install/two_wheeled_robot/share/two_wheeled_robot/maps\n'}
[1.476441] (two_wheeled_robot) StdoutLine: {'line': b'-- Up-to-date: /home/greyflon/lab_2025/install/two_wheeled_robot/share/two_wheeled_robot/maps/warehouse_world\n'}
[1.484155] (two_wheeled_robot) StdoutLine: {'line': b'-- Up-to-date: /home/greyflon/lab_2025/install/two_wheeled_robot/share/two_wheeled_robot/maps/warehouse_world/002\n'}
[1.484453] (two_wheeled_robot) StdoutLine: {'line': b'-- Up-to-date: /home/greyflon/lab_2025/install/two_wheeled_robot/share/two_wheeled_robot/maps/warehouse_world/002/map.yaml\n'}
[1.484631] (two_wheeled_robot) StdoutLine: {'line': b'-- Up-to-date: /home/greyflon/lab_2025/install/two_wheeled_robot/share/two_wheeled_robot/maps/warehouse_world/002/map.pgm\n'}
[1.484782] (two_wheeled_robot) StdoutLine: {'line': b'-- Up-to-date: /home/greyflon/lab_2025/install/two_wheeled_robot/share/two_wheeled_robot/maps/warehouse_world/005\n'}
[1.484992] (two_wheeled_robot) StdoutLine: {'line': b'-- Up-to-date: /home/greyflon/lab_2025/install/two_wheeled_robot/share/two_wheeled_robot/maps/warehouse_world/005/map_rotated.pgm\n'}
[1.485337] (two_wheeled_robot) StdoutLine: {'line': b'-- Up-to-date: /home/greyflon/lab_2025/install/two_wheeled_robot/share/two_wheeled_robot/maps/warehouse_world/005/map_rotated.png\n'}
[1.485518] (two_wheeled_robot) StdoutLine: {'line': b'-- Up-to-date: /home/greyflon/lab_2025/install/two_wheeled_robot/share/two_wheeled_robot/maps/warehouse_world/005/map.yaml\n'}
[1.485668] (two_wheeled_robot) StdoutLine: {'line': b'-- Up-to-date: /home/greyflon/lab_2025/install/two_wheeled_robot/share/two_wheeled_robot/maps/warehouse_world/005/map.pgm\n'}
[1.485815] (two_wheeled_robot) StdoutLine: {'line': b'-- Up-to-date: /home/greyflon/lab_2025/install/two_wheeled_robot/share/two_wheeled_robot/maps/warehouse_world/keepout2.yaml\n'}
[1.485962] (two_wheeled_robot) StdoutLine: {'line': b'-- Up-to-date: /home/greyflon/lab_2025/install/two_wheeled_robot/share/two_wheeled_robot/maps/warehouse_world/lanes.yaml\n'}
[1.486164] (two_wheeled_robot) StdoutLine: {'line': b'-- Up-to-date: /home/greyflon/lab_2025/install/two_wheeled_robot/share/two_wheeled_robot/maps/warehouse_world/keepout_rotated2.pgm\n'}
[1.486338] (two_wheeled_robot) StdoutLine: {'line': b'-- Up-to-date: /home/greyflon/lab_2025/install/two_wheeled_robot/share/two_wheeled_robot/maps/warehouse_world/lanes_rotated.pgm\n'}
[1.486502] (two_wheeled_robot) StdoutLine: {'line': b'-- Up-to-date: /home/greyflon/lab_2025/install/two_wheeled_robot/share/two_wheeled_robot/maps/neighborhood_world\n'}
[1.486651] (two_wheeled_robot) StdoutLine: {'line': b'-- Up-to-date: /home/greyflon/lab_2025/install/two_wheeled_robot/share/two_wheeled_robot/maps/neighborhood_world/neighborhood_world.yaml\n'}
[1.486799] (two_wheeled_robot) StdoutLine: {'line': b'-- Up-to-date: /home/greyflon/lab_2025/install/two_wheeled_robot/share/two_wheeled_robot/maps/neighborhood_world/neighborhood_world.pgm\n'}
[1.486948] (two_wheeled_robot) StdoutLine: {'line': b'-- Up-to-date: /home/greyflon/lab_2025/install/two_wheeled_robot/share/two_wheeled_robot/media\n'}
[1.487095] (two_wheeled_robot) StdoutLine: {'line': b'-- Up-to-date: /home/greyflon/lab_2025/install/two_wheeled_robot/share/two_wheeled_robot/media/materials\n'}
[1.487243] (two_wheeled_robot) StdoutLine: {'line': b'-- Up-to-date: /home/greyflon/lab_2025/install/two_wheeled_robot/share/two_wheeled_robot/media/materials/scripts\n'}
[1.487823] (two_wheeled_robot) StdoutLine: {'line': b'-- Up-to-date: /home/greyflon/lab_2025/install/two_wheeled_robot/share/two_wheeled_robot/media/materials/scripts/servicesim.material\n'}
[1.487975] (two_wheeled_robot) StdoutLine: {'line': b'-- Up-to-date: /home/greyflon/lab_2025/install/two_wheeled_robot/share/two_wheeled_robot/media/materials/textures\n'}
[1.488165] (two_wheeled_robot) StdoutLine: {'line': b'-- Up-to-date: /home/greyflon/lab_2025/install/two_wheeled_robot/share/two_wheeled_robot/media/materials/textures/hallway.png\n'}
[1.488310] (two_wheeled_robot) StdoutLine: {'line': b'-- Up-to-date: /home/greyflon/lab_2025/install/two_wheeled_robot/share/two_wheeled_robot/media/materials/textures/cubicle_wall.png\n'}
[1.488465] (two_wheeled_robot) StdoutLine: {'line': b'-- Up-to-date: /home/greyflon/lab_2025/install/two_wheeled_robot/share/two_wheeled_robot/media/materials/textures/wall_window_and_elevator.png\n'}
[1.488601] (two_wheeled_robot) StdoutLine: {'line': b'-- Up-to-date: /home/greyflon/lab_2025/install/two_wheeled_robot/share/two_wheeled_robot/media/materials/textures/door_wall.png\n'}
[1.488734] (two_wheeled_robot) StdoutLine: {'line': b'-- Up-to-date: /home/greyflon/lab_2025/install/two_wheeled_robot/share/two_wheeled_robot/media/materials/textures/floors.png\n'}
[1.488867] (two_wheeled_robot) StdoutLine: {'line': b'-- Up-to-date: /home/greyflon/lab_2025/install/two_wheeled_robot/share/two_wheeled_robot/media/materials/textures/plain.png\n'}
[1.489002] (two_wheeled_robot) StdoutLine: {'line': b'-- Up-to-date: /home/greyflon/lab_2025/install/two_wheeled_robot/share/two_wheeled_robot/media/materials/textures/wall_plain_and_door.png\n'}
[1.489137] (two_wheeled_robot) StdoutLine: {'line': b'-- Up-to-date: /home/greyflon/lab_2025/install/two_wheeled_robot/share/two_wheeled_robot/media/materials/textures/ceiling.png\n'}
[1.489271] (two_wheeled_robot) StdoutLine: {'line': b'-- Up-to-date: /home/greyflon/lab_2025/install/two_wheeled_robot/share/two_wheeled_robot/media/materials/textures/wall_color.png\n'}
[1.489445] (two_wheeled_robot) StdoutLine: {'line': b'-- Up-to-date: /home/greyflon/lab_2025/install/two_wheeled_robot/share/two_wheeled_robot/media/materials/textures/window.png\n'}
[1.489581] (two_wheeled_robot) StdoutLine: {'line': b'-- Up-to-date: /home/greyflon/lab_2025/install/two_wheeled_robot/share/two_wheeled_robot/media/materials/textures/sink.png\n'}
[1.489714] (two_wheeled_robot) StdoutLine: {'line': b'-- Up-to-date: /home/greyflon/lab_2025/install/two_wheeled_robot/share/two_wheeled_robot/media/materials/textures/elevator.png\n'}
[1.489848] (two_wheeled_robot) StdoutLine: {'line': b'-- Up-to-date: /home/greyflon/lab_2025/install/two_wheeled_robot/share/two_wheeled_robot/media/materials/textures/bathroom.png\n'}
[1.489983] (two_wheeled_robot) StdoutLine: {'line': b'-- Up-to-date: /home/greyflon/lab_2025/install/two_wheeled_robot/share/two_wheeled_robot/media/frames\n'}
[1.490117] (two_wheeled_robot) StdoutLine: {'line': b'-- Up-to-date: /home/greyflon/lab_2025/install/two_wheeled_robot/share/two_wheeled_robot/media/frames/frames.gv\n'}
[1.490251] (two_wheeled_robot) StdoutLine: {'line': b'-- Up-to-date: /home/greyflon/lab_2025/install/two_wheeled_robot/share/two_wheeled_robot/media/frames/frames.pdf\n'}
[1.490418] (two_wheeled_robot) StdoutLine: {'line': b'-- Up-to-date: /home/greyflon/lab_2025/install/two_wheeled_robot/share/two_wheeled_robot/media/gps\n'}
[1.490559] (two_wheeled_robot) StdoutLine: {'line': b'-- Up-to-date: /home/greyflon/lab_2025/install/two_wheeled_robot/share/two_wheeled_robot/media/gps/gps_service_call_set_origin_lat_lon\n'}
[1.490694] (two_wheeled_robot) StdoutLine: {'line': b'-- Up-to-date: /home/greyflon/lab_2025/install/two_wheeled_robot/share/two_wheeled_robot/media/node_graph\n'}
[1.490866] (two_wheeled_robot) StdoutLine: {'line': b'-- Up-to-date: /home/greyflon/lab_2025/install/two_wheeled_robot/share/two_wheeled_robot/media/node_graph/rviz_launch_rosgraph.png\n'}
[1.491077] (two_wheeled_robot) StdoutLine: {'line': b'-- Up-to-date: /home/greyflon/lab_2025/install/two_wheeled_robot/share/two_wheeled_robot/meshes\n'}
[1.491298] (two_wheeled_robot) StdoutLine: {'line': b'-- Up-to-date: /home/greyflon/lab_2025/install/two_wheeled_robot/share/two_wheeled_robot/meshes/elbow.stl\n'}
[1.491462] (two_wheeled_robot) StdoutLine: {'line': b'-- Up-to-date: /home/greyflon/lab_2025/install/two_wheeled_robot/share/two_wheeled_robot/meshes/cafe\n'}
[1.491610] (two_wheeled_robot) StdoutLine: {'line': b'-- Up-to-date: /home/greyflon/lab_2025/install/two_wheeled_robot/share/two_wheeled_robot/meshes/cafe/walk.dae\n'}
[1.491745] (two_wheeled_robot) StdoutLine: {'line': b'-- Up-to-date: /home/greyflon/lab_2025/install/two_wheeled_robot/share/two_wheeled_robot/meshes/bicep.stl\n'}
[1.491880] (two_wheeled_robot) StdoutLine: {'line': b'-- Up-to-date: /home/greyflon/lab_2025/install/two_wheeled_robot/share/two_wheeled_robot/meshes/robot_base.stl\n'}
[1.492015] (two_wheeled_robot) StdoutLine: {'line': b'-- Up-to-date: /home/greyflon/lab_2025/install/two_wheeled_robot/share/two_wheeled_robot/meshes/office\n'}
[1.492149] (two_wheeled_robot) StdoutLine: {'line': b'-- Up-to-date: /home/greyflon/lab_2025/install/two_wheeled_robot/share/two_wheeled_robot/meshes/office/hallway.obj\n'}
[1.492296] (two_wheeled_robot) StdoutLine: {'line': b'-- Up-to-date: /home/greyflon/lab_2025/install/two_wheeled_robot/share/two_wheeled_robot/meshes/office/tile.obj\n'}
[1.492455] (two_wheeled_robot) StdoutLine: {'line': b'-- Up-to-date: /home/greyflon/lab_2025/install/two_wheeled_robot/share/two_wheeled_robot/meshes/office/meeting_room_large.obj\n'}
[1.492592] (two_wheeled_robot) StdoutLine: {'line': b'-- Up-to-date: /home/greyflon/lab_2025/install/two_wheeled_robot/share/two_wheeled_robot/meshes/office/wall_window.obj\n'}
[1.492727] (two_wheeled_robot) StdoutLine: {'line': b'-- Up-to-date: /home/greyflon/lab_2025/install/two_wheeled_robot/share/two_wheeled_robot/meshes/office/sink.obj\n'}
[1.492861] (two_wheeled_robot) StdoutLine: {'line': b'-- Up-to-date: /home/greyflon/lab_2025/install/two_wheeled_robot/share/two_wheeled_robot/meshes/office/bathroom.obj\n'}
[1.493020] (two_wheeled_robot) StdoutLine: {'line': b'-- Up-to-date: /home/greyflon/lab_2025/install/two_wheeled_robot/share/two_wheeled_robot/meshes/office/office_large.obj\n'}
[1.493158] (two_wheeled_robot) StdoutLine: {'line': b'-- Up-to-date: /home/greyflon/lab_2025/install/two_wheeled_robot/share/two_wheeled_robot/meshes/office/wall_plain.obj\n'}
[1.493308] (two_wheeled_robot) StdoutLine: {'line': b'-- Up-to-date: /home/greyflon/lab_2025/install/two_wheeled_robot/share/two_wheeled_robot/meshes/office/meeting_room_small.obj\n'}
[1.493466] (two_wheeled_robot) StdoutLine: {'line': b'-- Up-to-date: /home/greyflon/lab_2025/install/two_wheeled_robot/share/two_wheeled_robot/meshes/office/cubicle_wall.mtl\n'}
[1.493602] (two_wheeled_robot) StdoutLine: {'line': b'-- Up-to-date: /home/greyflon/lab_2025/install/two_wheeled_robot/share/two_wheeled_robot/meshes/office/carpet.obj\n'}
[1.493739] (two_wheeled_robot) StdoutLine: {'line': b'-- Up-to-date: /home/greyflon/lab_2025/install/two_wheeled_robot/share/two_wheeled_robot/meshes/office/cubicle_wall.obj\n'}
[1.493874] (two_wheeled_robot) StdoutLine: {'line': b'-- Up-to-date: /home/greyflon/lab_2025/install/two_wheeled_robot/share/two_wheeled_robot/meshes/office/office_small.obj\n'}
[1.494009] (two_wheeled_robot) StdoutLine: {'line': b'-- Up-to-date: /home/greyflon/lab_2025/install/two_wheeled_robot/share/two_wheeled_robot/meshes/office/office.mtl\n'}
[1.494143] (two_wheeled_robot) StdoutLine: {'line': b'-- Up-to-date: /home/greyflon/lab_2025/install/two_wheeled_robot/share/two_wheeled_robot/meshes/office/wall_elevator.obj\n'}
[1.494293] (two_wheeled_robot) StdoutLine: {'line': b'-- Up-to-date: /home/greyflon/lab_2025/install/two_wheeled_robot/share/two_wheeled_robot/meshes/office/ceiling.obj\n'}
[1.494449] (two_wheeled_robot) StdoutLine: {'line': b'-- Up-to-date: /home/greyflon/lab_2025/install/two_wheeled_robot/share/two_wheeled_robot/meshes/office/reception.obj\n'}
[1.494586] (two_wheeled_robot) StdoutLine: {'line': b'-- Up-to-date: /home/greyflon/lab_2025/install/two_wheeled_robot/share/two_wheeled_robot/meshes/office/wall_door.obj\n'}
[1.494721] (two_wheeled_robot) StdoutLine: {'line': b'-- Up-to-date: /home/greyflon/lab_2025/install/two_wheeled_robot/share/two_wheeled_robot/meshes/office/refreshment_area.obj\n'}
[1.494872] (two_wheeled_robot) StdoutLine: {'line': b'-- Up-to-date: /home/greyflon/lab_2025/install/two_wheeled_robot/share/two_wheeled_robot/meshes/wrist.stl\n'}
[1.495009] (two_wheeled_robot) StdoutLine: {'line': b'-- Up-to-date: /home/greyflon/lab_2025/install/two_wheeled_robot/share/two_wheeled_robot/meshes/wheel.stl\n'}
[1.495145] (two_wheeled_robot) StdoutLine: {'line': b'-- Up-to-date: /home/greyflon/lab_2025/install/two_wheeled_robot/share/two_wheeled_robot/meshes/arm_base.stl\n'}
[1.495303] (two_wheeled_robot) StdoutLine: {'line': b'-- Up-to-date: /home/greyflon/lab_2025/install/two_wheeled_robot/share/two_wheeled_robot/models\n'}
[1.495462] (two_wheeled_robot) StdoutLine: {'line': b'-- Up-to-date: /home/greyflon/lab_2025/install/two_wheeled_robot/share/two_wheeled_robot/models/aws_robomaker_hospital_ramp_01\n'}
[1.502640] (two_wheeled_robot) StdoutLine: {'line': b'-- Up-to-date: /home/greyflon/lab_2025/install/two_wheeled_robot/share/two_wheeled_robot/models/aws_robomaker_hospital_ramp_01/model.config\n'}
[1.502876] (two_wheeled_robot) StdoutLine: {'line': b'-- Up-to-date: /home/greyflon/lab_2025/install/two_wheeled_robot/share/two_wheeled_robot/models/aws_robomaker_hospital_ramp_01/meshes\n'}
[1.503030] (two_wheeled_robot) StdoutLine: {'line': b'-- Up-to-date: /home/greyflon/lab_2025/install/two_wheeled_robot/share/two_wheeled_robot/models/aws_robomaker_hospital_ramp_01/meshes/aws_robomaker_hospital_ramp_01.png\n'}
[1.503263] (two_wheeled_robot) StdoutLine: {'line': b'-- Up-to-date: /home/greyflon/lab_2025/install/two_wheeled_robot/share/two_wheeled_robot/models/aws_robomaker_hospital_ramp_01/meshes/aws_robomaker_hospital_ramp_01_collision.dae\n'}
[1.503443] (two_wheeled_robot) StdoutLine: {'line': b'-- Up-to-date: /home/greyflon/lab_2025/install/two_wheeled_robot/share/two_wheeled_robot/models/aws_robomaker_hospital_ramp_01/meshes/aws_robomaker_hospital_ramp_01_normal.png\n'}
[1.503582] (-) TimerEvent: {}
[1.503767] (two_wheeled_robot) StdoutLine: {'line': b'-- Up-to-date: /home/greyflon/lab_2025/install/two_wheeled_robot/share/two_wheeled_robot/models/aws_robomaker_hospital_ramp_01/meshes/aws_robomaker_hospital_ramp_01_visual.dae\n'}
[1.503919] (two_wheeled_robot) StdoutLine: {'line': b'-- Up-to-date: /home/greyflon/lab_2025/install/two_wheeled_robot/share/two_wheeled_robot/models/aws_robomaker_hospital_ramp_01/model.sdf\n'}
[1.504059] (two_wheeled_robot) StdoutLine: {'line': b'-- Up-to-date: /home/greyflon/lab_2025/install/two_wheeled_robot/share/two_wheeled_robot/models/toilet\n'}
[1.509034] (two_wheeled_robot) StdoutLine: {'line': b'-- Up-to-date: /home/greyflon/lab_2025/install/two_wheeled_robot/share/two_wheeled_robot/models/toilet/model.config\n'}
[1.509261] (two_wheeled_robot) StdoutLine: {'line': b'-- Up-to-date: /home/greyflon/lab_2025/install/two_wheeled_robot/share/two_wheeled_robot/models/toilet/meshes\n'}
[1.509432] (two_wheeled_robot) StdoutLine: {'line': b'-- Up-to-date: /home/greyflon/lab_2025/install/two_wheeled_robot/share/two_wheeled_robot/models/toilet/meshes/toilet.mtl\n'}
[1.509688] (two_wheeled_robot) StdoutLine: {'line': b'-- Up-to-date: /home/greyflon/lab_2025/install/two_wheeled_robot/share/two_wheeled_robot/models/toilet/meshes/toilet.dae\n'}
[1.509851] (two_wheeled_robot) StdoutLine: {'line': b'-- Up-to-date: /home/greyflon/lab_2025/install/two_wheeled_robot/share/two_wheeled_robot/models/toilet/meshes/toilet.obj\n'}
[1.510000] (two_wheeled_robot) StdoutLine: {'line': b'-- Up-to-date: /home/greyflon/lab_2025/install/two_wheeled_robot/share/two_wheeled_robot/models/toilet/materials\n'}
[1.510150] (two_wheeled_robot) StdoutLine: {'line': b'-- Up-to-date: /home/greyflon/lab_2025/install/two_wheeled_robot/share/two_wheeled_robot/models/toilet/materials/textures\n'}
[1.510497] (two_wheeled_robot) StdoutLine: {'line': b'-- Up-to-date: /home/greyflon/lab_2025/install/two_wheeled_robot/share/two_wheeled_robot/models/toilet/materials/textures/toilet_diffuse_specular.png\n'}
[1.510670] (two_wheeled_robot) StdoutLine: {'line': b'-- Up-to-date: /home/greyflon/lab_2025/install/two_wheeled_robot/share/two_wheeled_robot/models/toilet/thumbnails\n'}
[1.510881] (two_wheeled_robot) StdoutLine: {'line': b'-- Up-to-date: /home/greyflon/lab_2025/install/two_wheeled_robot/share/two_wheeled_robot/models/toilet/thumbnails/5.png\n'}
[1.511017] (two_wheeled_robot) StdoutLine: {'line': b'-- Up-to-date: /home/greyflon/lab_2025/install/two_wheeled_robot/share/two_wheeled_robot/models/toilet/thumbnails/1.png\n'}
[1.511153] (two_wheeled_robot) StdoutLine: {'line': b'-- Up-to-date: /home/greyflon/lab_2025/install/two_wheeled_robot/share/two_wheeled_robot/models/toilet/thumbnails/2.png\n'}
[1.511296] (two_wheeled_robot) StdoutLine: {'line': b'-- Up-to-date: /home/greyflon/lab_2025/install/two_wheeled_robot/share/two_wheeled_robot/models/toilet/thumbnails/4.png\n'}
[1.511452] (two_wheeled_robot) StdoutLine: {'line': b'-- Up-to-date: /home/greyflon/lab_2025/install/two_wheeled_robot/share/two_wheeled_robot/models/toilet/thumbnails/3.png\n'}
[1.511587] (two_wheeled_robot) StdoutLine: {'line': b'-- Up-to-date: /home/greyflon/lab_2025/install/two_wheeled_robot/share/two_wheeled_robot/models/toilet/model.sdf\n'}
[1.511720] (two_wheeled_robot) StdoutLine: {'line': b'-- Up-to-date: /home/greyflon/lab_2025/install/two_wheeled_robot/share/two_wheeled_robot/models/aws_robomaker_residential_RoomCeiling_01\n'}
[1.519462] (two_wheeled_robot) StdoutLine: {'line': b'-- Up-to-date: /home/greyflon/lab_2025/install/two_wheeled_robot/share/two_wheeled_robot/models/aws_robomaker_residential_RoomCeiling_01/model.config\n'}
[1.519700] (two_wheeled_robot) StdoutLine: {'line': b'-- Up-to-date: /home/greyflon/lab_2025/install/two_wheeled_robot/share/two_wheeled_robot/models/aws_robomaker_residential_RoomCeiling_01/meshes\n'}
[1.519952] (two_wheeled_robot) StdoutLine: {'line': b'-- Up-to-date: /home/greyflon/lab_2025/install/two_wheeled_robot/share/two_wheeled_robot/models/aws_robomaker_residential_RoomCeiling_01/meshes/aws_RoomCeiling_01_collision.DAE\n'}
[1.520101] (two_wheeled_robot) StdoutLine: {'line': b'-- Up-to-date: /home/greyflon/lab_2025/install/two_wheeled_robot/share/two_wheeled_robot/models/aws_robomaker_residential_RoomCeiling_01/meshes/aws_RoomCeiling_01_visual.DAE\n'}
[1.520252] (two_wheeled_robot) StdoutLine: {'line': b'-- Up-to-date: /home/greyflon/lab_2025/install/two_wheeled_robot/share/two_wheeled_robot/models/aws_robomaker_residential_RoomCeiling_01/materials\n'}
[1.520536] (two_wheeled_robot) StdoutLine: {'line': b'-- Up-to-date: /home/greyflon/lab_2025/install/two_wheeled_robot/share/two_wheeled_robot/models/aws_robomaker_residential_RoomCeiling_01/materials/textures\n'}
[1.520707] (two_wheeled_robot) StdoutLine: {'line': b'-- Up-to-date: /home/greyflon/lab_2025/install/two_wheeled_robot/share/two_wheeled_robot/models/aws_robomaker_residential_RoomCeiling_01/materials/textures/aws_RoomCeiling_01.png\n'}
[1.520910] (two_wheeled_robot) StdoutLine: {'line': b'-- Up-to-date: /home/greyflon/lab_2025/install/two_wheeled_robot/share/two_wheeled_robot/models/aws_robomaker_residential_RoomCeiling_01/model.sdf\n'}
[1.521057] (two_wheeled_robot) StdoutLine: {'line': b'-- Up-to-date: /home/greyflon/lab_2025/install/two_wheeled_robot/share/two_wheeled_robot/models/BedsideTable\n'}
[1.538526] (two_wheeled_robot) StdoutLine: {'line': b'-- Up-to-date: /home/greyflon/lab_2025/install/two_wheeled_robot/share/two_wheeled_robot/models/BedsideTable/model.config\n'}
[1.538864] (two_wheeled_robot) StdoutLine: {'line': b'-- Up-to-date: /home/greyflon/lab_2025/install/two_wheeled_robot/share/two_wheeled_robot/models/BedsideTable/meshes\n'}
[1.554995] (two_wheeled_robot) StdoutLine: {'line': b'-- Up-to-date: /home/greyflon/lab_2025/install/two_wheeled_robot/share/two_wheeled_robot/models/BedsideTable/meshes/BedsideTable_Normal.png\n'}
[1.555374] (two_wheeled_robot) StdoutLine: {'line': b'-- Up-to-date: /home/greyflon/lab_2025/install/two_wheeled_robot/share/two_wheeled_robot/models/BedsideTable/meshes/BedsideTable_SpecGloss.png\n'}
[1.555658] (two_wheeled_robot) StdoutLine: {'line': b'-- Up-to-date: /home/greyflon/lab_2025/install/two_wheeled_robot/share/two_wheeled_robot/models/BedsideTable/meshes/BedsideTable_Col.obj\n'}
[1.555861] (two_wheeled_robot) StdoutLine: {'line': b'-- Up-to-date: /home/greyflon/lab_2025/install/two_wheeled_robot/share/two_wheeled_robot/models/BedsideTable/meshes/BedsideTable_Diffuse.png\n'}
[1.556015] (two_wheeled_robot) StdoutLine: {'line': b'-- Up-to-date: /home/greyflon/lab_2025/install/two_wheeled_robot/share/two_wheeled_robot/models/BedsideTable/meshes/BedsideTable.png\n'}
[1.556169] (two_wheeled_robot) StdoutLine: {'line': b'-- Up-to-date: /home/greyflon/lab_2025/install/two_wheeled_robot/share/two_wheeled_robot/models/BedsideTable/meshes/BedsideTable.mtl\n'}
[1.556442] (two_wheeled_robot) StdoutLine: {'line': b'-- Up-to-date: /home/greyflon/lab_2025/install/two_wheeled_robot/share/two_wheeled_robot/models/BedsideTable/meshes/BedsideTable.obj\n'}
[1.556608] (two_wheeled_robot) StdoutLine: {'line': b'-- Up-to-date: /home/greyflon/lab_2025/install/two_wheeled_robot/share/two_wheeled_robot/models/BedsideTable/meshes/BedsideTable_Col.mtl\n'}
[1.556749] (two_wheeled_robot) StdoutLine: {'line': b'-- Up-to-date: /home/greyflon/lab_2025/install/two_wheeled_robot/share/two_wheeled_robot/models/BedsideTable/thumbnails\n'}
[1.556889] (two_wheeled_robot) StdoutLine: {'line': b'-- Up-to-date: /home/greyflon/lab_2025/install/two_wheeled_robot/share/two_wheeled_robot/models/BedsideTable/thumbnails/5.png\n'}
[1.557053] (two_wheeled_robot) StdoutLine: {'line': b'-- Up-to-date: /home/greyflon/lab_2025/install/two_wheeled_robot/share/two_wheeled_robot/models/BedsideTable/thumbnails/1.png\n'}
[1.557191] (two_wheeled_robot) StdoutLine: {'line': b'-- Up-to-date: /home/greyflon/lab_2025/install/two_wheeled_robot/share/two_wheeled_robot/models/BedsideTable/thumbnails/2.png\n'}
[1.557354] (two_wheeled_robot) StdoutLine: {'line': b'-- Up-to-date: /home/greyflon/lab_2025/install/two_wheeled_robot/share/two_wheeled_robot/models/BedsideTable/thumbnails/4.png\n'}
[1.557508] (two_wheeled_robot) StdoutLine: {'line': b'-- Up-to-date: /home/greyflon/lab_2025/install/two_wheeled_robot/share/two_wheeled_robot/models/BedsideTable/thumbnails/3.png\n'}
[1.557646] (two_wheeled_robot) StdoutLine: {'line': b'-- Up-to-date: /home/greyflon/lab_2025/install/two_wheeled_robot/share/two_wheeled_robot/models/BedsideTable/model.sdf\n'}
[1.557782] (two_wheeled_robot) StdoutLine: {'line': b'-- Up-to-date: /home/greyflon/lab_2025/install/two_wheeled_robot/share/two_wheeled_robot/models/StorageRackCovered\n'}
[1.559128] (two_wheeled_robot) StdoutLine: {'line': b'-- Up-to-date: /home/greyflon/lab_2025/install/two_wheeled_robot/share/two_wheeled_robot/models/StorageRackCovered/model.config\n'}
[1.559347] (two_wheeled_robot) StdoutLine: {'line': b'-- Up-to-date: /home/greyflon/lab_2025/install/two_wheeled_robot/share/two_wheeled_robot/models/StorageRackCovered/meshes\n'}
[1.559850] (two_wheeled_robot) StdoutLine: {'line': b'-- Up-to-date: /home/greyflon/lab_2025/install/two_wheeled_robot/share/two_wheeled_robot/models/StorageRackCovered/meshes/StorageRackCovered.obj\n'}
[1.560107] (two_wheeled_robot) StdoutLine: {'line': b'-- Up-to-date: /home/greyflon/lab_2025/install/two_wheeled_robot/share/two_wheeled_robot/models/StorageRackCovered/meshes/StorageRackCovered.png\n'}
[1.560261] (two_wheeled_robot) StdoutLine: {'line': b'-- Up-to-date: /home/greyflon/lab_2025/install/two_wheeled_robot/share/two_wheeled_robot/models/StorageRackCovered/meshes/StorageRackCovered.mtl\n'}
[1.560519] (two_wheeled_robot) StdoutLine: {'line': b'-- Up-to-date: /home/greyflon/lab_2025/install/two_wheeled_robot/share/two_wheeled_robot/models/StorageRackCovered/thumbnails\n'}
[1.560683] (two_wheeled_robot) StdoutLine: {'line': b'-- Up-to-date: /home/greyflon/lab_2025/install/two_wheeled_robot/share/two_wheeled_robot/models/StorageRackCovered/thumbnails/5.png\n'}
[1.560836] (two_wheeled_robot) StdoutLine: {'line': b'-- Up-to-date: /home/greyflon/lab_2025/install/two_wheeled_robot/share/two_wheeled_robot/models/StorageRackCovered/thumbnails/1.png\n'}
[1.561092] (two_wheeled_robot) StdoutLine: {'line': b'-- Up-to-date: /home/greyflon/lab_2025/install/two_wheeled_robot/share/two_wheeled_robot/models/StorageRackCovered/thumbnails/2.png\n'}
[1.561273] (two_wheeled_robot) StdoutLine: {'line': b'-- Up-to-date: /home/greyflon/lab_2025/install/two_wheeled_robot/share/two_wheeled_robot/models/StorageRackCovered/thumbnails/4.png\n'}
[1.561449] (two_wheeled_robot) StdoutLine: {'line': b'-- Up-to-date: /home/greyflon/lab_2025/install/two_wheeled_robot/share/two_wheeled_robot/models/StorageRackCovered/thumbnails/3.png\n'}
[1.561588] (two_wheeled_robot) StdoutLine: {'line': b'-- Up-to-date: /home/greyflon/lab_2025/install/two_wheeled_robot/share/two_wheeled_robot/models/StorageRackCovered/model.sdf\n'}
[1.561726] (two_wheeled_robot) StdoutLine: {'line': b'-- Up-to-date: /home/greyflon/lab_2025/install/two_wheeled_robot/share/two_wheeled_robot/models/fast_food\n'}
[1.572976] (two_wheeled_robot) StdoutLine: {'line': b'-- Up-to-date: /home/greyflon/lab_2025/install/two_wheeled_robot/share/two_wheeled_robot/models/fast_food/model-1_4.sdf\n'}
[1.573233] (two_wheeled_robot) StdoutLine: {'line': b'-- Up-to-date: /home/greyflon/lab_2025/install/two_wheeled_robot/share/two_wheeled_robot/models/fast_food/model.config\n'}
[1.573422] (two_wheeled_robot) StdoutLine: {'line': b'-- Up-to-date: /home/greyflon/lab_2025/install/two_wheeled_robot/share/two_wheeled_robot/models/fast_food/meshes\n'}
[1.573665] (two_wheeled_robot) StdoutLine: {'line': b'-- Up-to-date: /home/greyflon/lab_2025/install/two_wheeled_robot/share/two_wheeled_robot/models/fast_food/meshes/fast_food.dae\n'}
[1.573824] (two_wheeled_robot) StdoutLine: {'line': b'-- Up-to-date: /home/greyflon/lab_2025/install/two_wheeled_robot/share/two_wheeled_robot/models/fast_food/materials\n'}
[1.573973] (two_wheeled_robot) StdoutLine: {'line': b'-- Up-to-date: /home/greyflon/lab_2025/install/two_wheeled_robot/share/two_wheeled_robot/models/fast_food/materials/scripts\n'}
[1.574239] (two_wheeled_robot) StdoutLine: {'line': b'-- Up-to-date: /home/greyflon/lab_2025/install/two_wheeled_robot/share/two_wheeled_robot/models/fast_food/materials/scripts/fast_food.material\n'}
[1.574509] (two_wheeled_robot) StdoutLine: {'line': b'-- Up-to-date: /home/greyflon/lab_2025/install/two_wheeled_robot/share/two_wheeled_robot/models/fast_food/materials/textures\n'}
[1.574654] (two_wheeled_robot) StdoutLine: {'line': b'-- Up-to-date: /home/greyflon/lab_2025/install/two_wheeled_robot/share/two_wheeled_robot/models/fast_food/materials/textures/FastFood_Normal.png\n'}
[1.574791] (two_wheeled_robot) StdoutLine: {'line': b'-- Up-to-date: /home/greyflon/lab_2025/install/two_wheeled_robot/share/two_wheeled_robot/models/fast_food/materials/textures/FastFood_Spec.png\n'}
[1.574926] (two_wheeled_robot) StdoutLine: {'line': b'-- Up-to-date: /home/greyflon/lab_2025/install/two_wheeled_robot/share/two_wheeled_robot/models/fast_food/materials/textures/FastFood_Diffuse.png\n'}
[1.575061] (two_wheeled_robot) StdoutLine: {'line': b'-- Up-to-date: /home/greyflon/lab_2025/install/two_wheeled_robot/share/two_wheeled_robot/models/fast_food/model.sdf\n'}
[1.575197] (two_wheeled_robot) StdoutLine: {'line': b'-- Up-to-date: /home/greyflon/lab_2025/install/two_wheeled_robot/share/two_wheeled_robot/models/fast_food/model-1_3.sdf\n'}
[1.575399] (two_wheeled_robot) StdoutLine: {'line': b'-- Up-to-date: /home/greyflon/lab_2025/install/two_wheeled_robot/share/two_wheeled_robot/models/blue_tray\n'}
[1.576123] (two_wheeled_robot) StdoutLine: {'line': b'-- Up-to-date: /home/greyflon/lab_2025/install/two_wheeled_robot/share/two_wheeled_robot/models/blue_tray/model.config\n'}
[1.576271] (two_wheeled_robot) StdoutLine: {'line': b'-- Up-to-date: /home/greyflon/lab_2025/install/two_wheeled_robot/share/two_wheeled_robot/models/blue_tray/meshes\n'}
[1.576541] (two_wheeled_robot) StdoutLine: {'line': b'-- Up-to-date: /home/greyflon/lab_2025/install/two_wheeled_robot/share/two_wheeled_robot/models/blue_tray/meshes/blue_tray.dae\n'}
[1.576692] (two_wheeled_robot) StdoutLine: {'line': b'-- Up-to-date: /home/greyflon/lab_2025/install/two_wheeled_robot/share/two_wheeled_robot/models/blue_tray/model.sdf\n'}
[1.576844] (two_wheeled_robot) StdoutLine: {'line': b'-- Up-to-date: /home/greyflon/lab_2025/install/two_wheeled_robot/share/two_wheeled_robot/models/office_couch\n'}
[1.585964] (two_wheeled_robot) StdoutLine: {'line': b'-- Up-to-date: /home/greyflon/lab_2025/install/two_wheeled_robot/share/two_wheeled_robot/models/office_couch/model.config\n'}
[1.586153] (two_wheeled_robot) StdoutLine: {'line': b'-- Up-to-date: /home/greyflon/lab_2025/install/two_wheeled_robot/share/two_wheeled_robot/models/office_couch/meshes\n'}
[1.586411] (two_wheeled_robot) StdoutLine: {'line': b'-- Up-to-date: /home/greyflon/lab_2025/install/two_wheeled_robot/share/two_wheeled_robot/models/office_couch/meshes/office_couch.dae\n'}
[1.586582] (two_wheeled_robot) StdoutLine: {'line': b'-- Up-to-date: /home/greyflon/lab_2025/install/two_wheeled_robot/share/two_wheeled_robot/models/office_couch/materials\n'}
[1.586731] (two_wheeled_robot) StdoutLine: {'line': b'-- Up-to-date: /home/greyflon/lab_2025/install/two_wheeled_robot/share/two_wheeled_robot/models/office_couch/materials/textures\n'}
[1.587031] (two_wheeled_robot) StdoutLine: {'line': b'-- Up-to-date: /home/greyflon/lab_2025/install/two_wheeled_robot/share/two_wheeled_robot/models/office_couch/materials/textures/office_couch_specular.png\n'}
[1.587183] (two_wheeled_robot) StdoutLine: {'line': b'-- Up-to-date: /home/greyflon/lab_2025/install/two_wheeled_robot/share/two_wheeled_robot/models/office_couch/materials/textures/office_couch_diffuse.png\n'}
[1.587364] (two_wheeled_robot) StdoutLine: {'line': b'-- Up-to-date: /home/greyflon/lab_2025/install/two_wheeled_robot/share/two_wheeled_robot/models/office_couch/model.sdf\n'}
[1.587520] (two_wheeled_robot) StdoutLine: {'line': b'-- Up-to-date: /home/greyflon/lab_2025/install/two_wheeled_robot/share/two_wheeled_robot/models/simple_gripper\n'}
[1.590627] (two_wheeled_robot) StdoutLine: {'line': b'-- Up-to-date: /home/greyflon/lab_2025/install/two_wheeled_robot/share/two_wheeled_robot/models/simple_gripper/model-1_2.sdf\n'}
[1.590925] (two_wheeled_robot) StdoutLine: {'line': b'-- Up-to-date: /home/greyflon/lab_2025/install/two_wheeled_robot/share/two_wheeled_robot/models/simple_gripper/model-1_4.sdf\n'}
[1.591082] (two_wheeled_robot) StdoutLine: {'line': b'-- Up-to-date: /home/greyflon/lab_2025/install/two_wheeled_robot/share/two_wheeled_robot/models/simple_gripper/model.config\n'}
[1.591229] (two_wheeled_robot) StdoutLine: {'line': b'-- Up-to-date: /home/greyflon/lab_2025/install/two_wheeled_robot/share/two_wheeled_robot/models/simple_gripper/model.sdf\n'}
[1.591476] (two_wheeled_robot) StdoutLine: {'line': b'-- Up-to-date: /home/greyflon/lab_2025/install/two_wheeled_robot/share/two_wheeled_robot/models/simple_gripper/model-1_3.sdf\n'}
[1.591620] (two_wheeled_robot) StdoutLine: {'line': b'-- Up-to-date: /home/greyflon/lab_2025/install/two_wheeled_robot/share/two_wheeled_robot/models/MaleVisitorOnPhone\n'}
[1.591766] (two_wheeled_robot) StdoutLine: {'line': b'-- Up-to-date: /home/greyflon/lab_2025/install/two_wheeled_robot/share/two_wheeled_robot/models/MaleVisitorOnPhone/model.config\n'}
[1.591914] (two_wheeled_robot) StdoutLine: {'line': b'-- Up-to-date: /home/greyflon/lab_2025/install/two_wheeled_robot/share/two_wheeled_robot/models/MaleVisitorOnPhone/meshes\n'}
[1.592173] (two_wheeled_robot) StdoutLine: {'line': b'-- Up-to-date: /home/greyflon/lab_2025/install/two_wheeled_robot/share/two_wheeled_robot/models/MaleVisitorOnPhone/meshes/Phone.png\n'}
[1.592396] (two_wheeled_robot) StdoutLine: {'line': b'-- Up-to-date: /home/greyflon/lab_2025/install/two_wheeled_robot/share/two_wheeled_robot/models/MaleVisitorOnPhone/meshes/MaleVisitorStatic_Col.obj\n'}
[1.592555] (two_wheeled_robot) StdoutLine: {'line': b'-- Up-to-date: /home/greyflon/lab_2025/install/two_wheeled_robot/share/two_wheeled_robot/models/MaleVisitorOnPhone/meshes/MaleVisitorStatic.obj\n'}
[1.592704] (two_wheeled_robot) StdoutLine: {'line': b'-- Up-to-date: /home/greyflon/lab_2025/install/two_wheeled_robot/share/two_wheeled_robot/models/MaleVisitorOnPhone/meshes/MaleVisitor.png\n'}
[1.592932] (two_wheeled_robot) StdoutLine: {'line': b'-- Up-to-date: /home/greyflon/lab_2025/install/two_wheeled_robot/share/two_wheeled_robot/models/MaleVisitorOnPhone/meshes/MaleVisitorStatic_Col.mtl\n'}
[1.593083] (two_wheeled_robot) StdoutLine: {'line': b'-- Up-to-date: /home/greyflon/lab_2025/install/two_wheeled_robot/share/two_wheeled_robot/models/MaleVisitorOnPhone/meshes/MaleVisitorStatic.mtl\n'}
[1.593232] (two_wheeled_robot) StdoutLine: {'line': b'-- Up-to-date: /home/greyflon/lab_2025/install/two_wheeled_robot/share/two_wheeled_robot/models/MaleVisitorOnPhone/thumbnails\n'}
[1.593492] (two_wheeled_robot) StdoutLine: {'line': b'-- Up-to-date: /home/greyflon/lab_2025/install/two_wheeled_robot/share/two_wheeled_robot/models/MaleVisitorOnPhone/thumbnails/5.png\n'}
[1.593649] (two_wheeled_robot) StdoutLine: {'line': b'-- Up-to-date: /home/greyflon/lab_2025/install/two_wheeled_robot/share/two_wheeled_robot/models/MaleVisitorOnPhone/thumbnails/1.png\n'}
[1.593896] (two_wheeled_robot) StdoutLine: {'line': b'-- Up-to-date: /home/greyflon/lab_2025/install/two_wheeled_robot/share/two_wheeled_robot/models/MaleVisitorOnPhone/thumbnails/2.png\n'}
[1.594051] (two_wheeled_robot) StdoutLine: {'line': b'-- Up-to-date: /home/greyflon/lab_2025/install/two_wheeled_robot/share/two_wheeled_robot/models/MaleVisitorOnPhone/thumbnails/4.png\n'}
[1.594199] (two_wheeled_robot) StdoutLine: {'line': b'-- Up-to-date: /home/greyflon/lab_2025/install/two_wheeled_robot/share/two_wheeled_robot/models/MaleVisitorOnPhone/thumbnails/3.png\n'}
[1.594469] (two_wheeled_robot) StdoutLine: {'line': b'-- Up-to-date: /home/greyflon/lab_2025/install/two_wheeled_robot/share/two_wheeled_robot/models/MaleVisitorOnPhone/model.sdf\n'}
[1.594633] (two_wheeled_robot) StdoutLine: {'line': b'-- Up-to-date: /home/greyflon/lab_2025/install/two_wheeled_robot/share/two_wheeled_robot/models/MalePatientBed\n'}
[1.594797] (two_wheeled_robot) StdoutLine: {'line': b'-- Up-to-date: /home/greyflon/lab_2025/install/two_wheeled_robot/share/two_wheeled_robot/models/MalePatientBed/model.config\n'}
[1.594968] (two_wheeled_robot) StdoutLine: {'line': b'-- Up-to-date: /home/greyflon/lab_2025/install/two_wheeled_robot/share/two_wheeled_robot/models/MalePatientBed/meshes\n'}
[1.595118] (two_wheeled_robot) StdoutLine: {'line': b'-- Up-to-date: /home/greyflon/lab_2025/install/two_wheeled_robot/share/two_wheeled_robot/models/MalePatientBed/meshes/Carts_Wheels_Diffuse.png\n'}
[1.595267] (two_wheeled_robot) StdoutLine: {'line': b'-- Up-to-date: /home/greyflon/lab_2025/install/two_wheeled_robot/share/two_wheeled_robot/models/MalePatientBed/meshes/MalePatientBed.obj\n'}
[1.595470] (two_wheeled_robot) StdoutLine: {'line': b'-- Up-to-date: /home/greyflon/lab_2025/install/two_wheeled_robot/share/two_wheeled_robot/models/MalePatientBed/meshes/PatientM.png\n'}
[1.595622] (two_wheeled_robot) StdoutLine: {'line': b'-- Up-to-date: /home/greyflon/lab_2025/install/two_wheeled_robot/share/two_wheeled_robot/models/MalePatientBed/meshes/towel1.jpg\n'}
[1.595896] (two_wheeled_robot) StdoutLine: {'line': b'-- Up-to-date: /home/greyflon/lab_2025/install/two_wheeled_robot/share/two_wheeled_robot/models/MalePatientBed/meshes/texture.png\n'}
[1.596055] (two_wheeled_robot) StdoutLine: {'line': b'-- Up-to-date: /home/greyflon/lab_2025/install/two_wheeled_robot/share/two_wheeled_robot/models/MalePatientBed/meshes/CGMVanguard_Diffuse.png\n'}
[1.596203] (two_wheeled_robot) StdoutLine: {'line': b'-- Up-to-date: /home/greyflon/lab_2025/install/two_wheeled_robot/share/two_wheeled_robot/models/MalePatientBed/meshes/MalePatientBed.mtl\n'}
[1.596445] (two_wheeled_robot) StdoutLine: {'line': b'-- Up-to-date: /home/greyflon/lab_2025/install/two_wheeled_robot/share/two_wheeled_robot/models/MalePatientBed/thumbnails\n'}
[1.596594] (two_wheeled_robot) StdoutLine: {'line': b'-- Up-to-date: /home/greyflon/lab_2025/install/two_wheeled_robot/share/two_wheeled_robot/models/MalePatientBed/thumbnails/5.png\n'}
[1.596729] (two_wheeled_robot) StdoutLine: {'line': b'-- Up-to-date: /home/greyflon/lab_2025/install/two_wheeled_robot/share/two_wheeled_robot/models/MalePatientBed/thumbnails/1.png\n'}
[1.596879] (two_wheeled_robot) StdoutLine: {'line': b'-- Up-to-date: /home/greyflon/lab_2025/install/two_wheeled_robot/share/two_wheeled_robot/models/MalePatientBed/thumbnails/2.png\n'}
[1.597014] (two_wheeled_robot) StdoutLine: {'line': b'-- Up-to-date: /home/greyflon/lab_2025/install/two_wheeled_robot/share/two_wheeled_robot/models/MalePatientBed/thumbnails/4.png\n'}
[1.597148] (two_wheeled_robot) StdoutLine: {'line': b'-- Up-to-date: /home/greyflon/lab_2025/install/two_wheeled_robot/share/two_wheeled_robot/models/MalePatientBed/thumbnails/3.png\n'}
[1.597297] (two_wheeled_robot) StdoutLine: {'line': b'-- Up-to-date: /home/greyflon/lab_2025/install/two_wheeled_robot/share/two_wheeled_robot/models/MalePatientBed/model.sdf\n'}
[1.597454] (two_wheeled_robot) StdoutLine: {'line': b'-- Up-to-date: /home/greyflon/lab_2025/install/two_wheeled_robot/share/two_wheeled_robot/models/yellow_tray\n'}
[1.597588] (two_wheeled_robot) StdoutLine: {'line': b'-- Up-to-date: /home/greyflon/lab_2025/install/two_wheeled_robot/share/two_wheeled_robot/models/yellow_tray/model.config\n'}
[1.597721] (two_wheeled_robot) StdoutLine: {'line': b'-- Up-to-date: /home/greyflon/lab_2025/install/two_wheeled_robot/share/two_wheeled_robot/models/yellow_tray/meshes\n'}
[1.597856] (two_wheeled_robot) StdoutLine: {'line': b'-- Up-to-date: /home/greyflon/lab_2025/install/two_wheeled_robot/share/two_wheeled_robot/models/yellow_tray/meshes/yellow_tray.dae\n'}
[1.597989] (two_wheeled_robot) StdoutLine: {'line': b'-- Up-to-date: /home/greyflon/lab_2025/install/two_wheeled_robot/share/two_wheeled_robot/models/yellow_tray/model.sdf\n'}
[1.598122] (two_wheeled_robot) StdoutLine: {'line': b'-- Up-to-date: /home/greyflon/lab_2025/install/two_wheeled_robot/share/two_wheeled_robot/models/aws_robomaker_residential_Pillow_01\n'}
[1.603669] (-) TimerEvent: {}
[1.608786] (two_wheeled_robot) StdoutLine: {'line': b'-- Up-to-date: /home/greyflon/lab_2025/install/two_wheeled_robot/share/two_wheeled_robot/models/aws_robomaker_residential_Pillow_01/model.config\n'}
[1.609074] (two_wheeled_robot) StdoutLine: {'line': b'-- Up-to-date: /home/greyflon/lab_2025/install/two_wheeled_robot/share/two_wheeled_robot/models/aws_robomaker_residential_Pillow_01/meshes\n'}
[1.609339] (two_wheeled_robot) StdoutLine: {'line': b'-- Up-to-date: /home/greyflon/lab_2025/install/two_wheeled_robot/share/two_wheeled_robot/models/aws_robomaker_residential_Pillow_01/meshes/aws_Pillow_01_collision.DAE\n'}
[1.609522] (two_wheeled_robot) StdoutLine: {'line': b'-- Up-to-date: /home/greyflon/lab_2025/install/two_wheeled_robot/share/two_wheeled_robot/models/aws_robomaker_residential_Pillow_01/meshes/aws_Pillow_01_visual.DAE\n'}
[1.609756] (two_wheeled_robot) StdoutLine: {'line': b'-- Up-to-date: /home/greyflon/lab_2025/install/two_wheeled_robot/share/two_wheeled_robot/models/aws_robomaker_residential_Pillow_01/materials\n'}
[1.609907] (two_wheeled_robot) StdoutLine: {'line': b'-- Up-to-date: /home/greyflon/lab_2025/install/two_wheeled_robot/share/two_wheeled_robot/models/aws_robomaker_residential_Pillow_01/materials/textures\n'}
[1.610055] (two_wheeled_robot) StdoutLine: {'line': b'-- Up-to-date: /home/greyflon/lab_2025/install/two_wheeled_robot/share/two_wheeled_robot/models/aws_robomaker_residential_Pillow_01/materials/textures/aws_Pillow_01.png\n'}
[1.610299] (two_wheeled_robot) StdoutLine: {'line': b'-- Up-to-date: /home/greyflon/lab_2025/install/two_wheeled_robot/share/two_wheeled_robot/models/aws_robomaker_residential_Pillow_01/model.sdf\n'}
[1.610471] (two_wheeled_robot) StdoutLine: {'line': b'-- Up-to-date: /home/greyflon/lab_2025/install/two_wheeled_robot/share/two_wheeled_robot/models/willowgarage\n'}
[1.610733] (two_wheeled_robot) StdoutLine: {'line': b'-- Up-to-date: /home/greyflon/lab_2025/install/two_wheeled_robot/share/two_wheeled_robot/models/willowgarage/model-1_2.sdf\n'}
[1.611032] (two_wheeled_robot) StdoutLine: {'line': b'-- Up-to-date: /home/greyflon/lab_2025/install/two_wheeled_robot/share/two_wheeled_robot/models/willowgarage/model-1_4.sdf\n'}
[1.611198] (two_wheeled_robot) StdoutLine: {'line': b'-- Up-to-date: /home/greyflon/lab_2025/install/two_wheeled_robot/share/two_wheeled_robot/models/willowgarage/model.config\n'}
[1.611364] (two_wheeled_robot) StdoutLine: {'line': b'-- Up-to-date: /home/greyflon/lab_2025/install/two_wheeled_robot/share/two_wheeled_robot/models/willowgarage/meshes\n'}
[1.611609] (two_wheeled_robot) StdoutLine: {'line': b'-- Up-to-date: /home/greyflon/lab_2025/install/two_wheeled_robot/share/two_wheeled_robot/models/willowgarage/meshes/willowgarage_collision.dae\n'}
[1.611756] (two_wheeled_robot) StdoutLine: {'line': b'-- Up-to-date: /home/greyflon/lab_2025/install/two_wheeled_robot/share/two_wheeled_robot/models/willowgarage/meshes/willowgarage_visual.dae\n'}
[1.611895] (two_wheeled_robot) StdoutLine: {'line': b'-- Up-to-date: /home/greyflon/lab_2025/install/two_wheeled_robot/share/two_wheeled_robot/models/willowgarage/materials\n'}
[1.612102] (two_wheeled_robot) StdoutLine: {'line': b'-- Up-to-date: /home/greyflon/lab_2025/install/two_wheeled_robot/share/two_wheeled_robot/models/willowgarage/materials/textures\n'}
[1.612344] (two_wheeled_robot) StdoutLine: {'line': b'-- Up-to-date: /home/greyflon/lab_2025/install/two_wheeled_robot/share/two_wheeled_robot/models/willowgarage/materials/textures/__Wood_Bamboo_Medium_1.png\n'}
[1.612576] (two_wheeled_robot) StdoutLine: {'line': b'-- Up-to-date: /home/greyflon/lab_2025/install/two_wheeled_robot/share/two_wheeled_robot/models/willowgarage/materials/textures/__auto_12.png\n'}
[1.612729] (two_wheeled_robot) StdoutLine: {'line': b'-- Up-to-date: /home/greyflon/lab_2025/install/two_wheeled_robot/share/two_wheeled_robot/models/willowgarage/materials/textures/Wood_Bamboo_Medium_.png\n'}
[1.612878] (two_wheeled_robot) StdoutLine: {'line': b'-- Up-to-date: /home/greyflon/lab_2025/install/two_wheeled_robot/share/two_wheeled_robot/models/willowgarage/materials/textures/Carpet_Berber_Pattern_Gray_.png\n'}
[1.613129] (two_wheeled_robot) StdoutLine: {'line': b'-- Up-to-date: /home/greyflon/lab_2025/install/two_wheeled_robot/share/two_wheeled_robot/models/willowgarage/materials/textures/Wood_Cherry_Original_.png\n'}
[1.613291] (two_wheeled_robot) StdoutLine: {'line': b'-- Up-to-date: /home/greyflon/lab_2025/install/two_wheeled_robot/share/two_wheeled_robot/models/willowgarage/materials/textures/__auto_2.png\n'}
[1.613463] (two_wheeled_robot) StdoutLine: {'line': b'-- Up-to-date: /home/greyflon/lab_2025/install/two_wheeled_robot/share/two_wheeled_robot/models/willowgarage/materials/textures/Stone_Brushed_Khaki_.png\n'}
[1.613613] (two_wheeled_robot) StdoutLine: {'line': b'-- Up-to-date: /home/greyflon/lab_2025/install/two_wheeled_robot/share/two_wheeled_robot/models/willowgarage/model.sdf\n'}
[1.613761] (two_wheeled_robot) StdoutLine: {'line': b'-- Up-to-date: /home/greyflon/lab_2025/install/two_wheeled_robot/share/two_wheeled_robot/models/willowgarage/model-1_3.sdf\n'}
[1.613908] (two_wheeled_robot) StdoutLine: {'line': b'-- Up-to-date: /home/greyflon/lab_2025/install/two_wheeled_robot/share/two_wheeled_robot/models/Shower\n'}
[1.614136] (two_wheeled_robot) StdoutLine: {'line': b'-- Up-to-date: /home/greyflon/lab_2025/install/two_wheeled_robot/share/two_wheeled_robot/models/Shower/model.config\n'}
[1.614455] (two_wheeled_robot) StdoutLine: {'line': b'-- Up-to-date: /home/greyflon/lab_2025/install/two_wheeled_robot/share/two_wheeled_robot/models/Shower/meshes\n'}
[1.614637] (two_wheeled_robot) StdoutLine: {'line': b'-- Up-to-date: /home/greyflon/lab_2025/install/two_wheeled_robot/share/two_wheeled_robot/models/Shower/meshes/ShowerDiffuse.png\n'}
[1.614786] (two_wheeled_robot) StdoutLine: {'line': b'-- Up-to-date: /home/greyflon/lab_2025/install/two_wheeled_robot/share/two_wheeled_robot/models/Shower/meshes/Shower.mtl\n'}
[1.614934] (two_wheeled_robot) StdoutLine: {'line': b'-- Up-to-date: /home/greyflon/lab_2025/install/two_wheeled_robot/share/two_wheeled_robot/models/Shower/meshes/Shower.obj\n'}
[1.615234] (two_wheeled_robot) StdoutLine: {'line': b'-- Up-to-date: /home/greyflon/lab_2025/install/two_wheeled_robot/share/two_wheeled_robot/models/Shower/thumbnails\n'}
[1.615401] (two_wheeled_robot) StdoutLine: {'line': b'-- Up-to-date: /home/greyflon/lab_2025/install/two_wheeled_robot/share/two_wheeled_robot/models/Shower/thumbnails/5.png\n'}
[1.615543] (two_wheeled_robot) StdoutLine: {'line': b'-- Up-to-date: /home/greyflon/lab_2025/install/two_wheeled_robot/share/two_wheeled_robot/models/Shower/thumbnails/1.png\n'}
[1.615707] (two_wheeled_robot) StdoutLine: {'line': b'-- Up-to-date: /home/greyflon/lab_2025/install/two_wheeled_robot/share/two_wheeled_robot/models/Shower/thumbnails/2.png\n'}
[1.615940] (two_wheeled_robot) StdoutLine: {'line': b'-- Up-to-date: /home/greyflon/lab_2025/install/two_wheeled_robot/share/two_wheeled_robot/models/Shower/thumbnails/4.png\n'}
[1.616075] (two_wheeled_robot) StdoutLine: {'line': b'-- Up-to-date: /home/greyflon/lab_2025/install/two_wheeled_robot/share/two_wheeled_robot/models/Shower/thumbnails/3.png\n'}
[1.616214] (two_wheeled_robot) StdoutLine: {'line': b'-- Up-to-date: /home/greyflon/lab_2025/install/two_wheeled_robot/share/two_wheeled_robot/models/Shower/model.sdf\n'}
[1.616398] (two_wheeled_robot) StdoutLine: {'line': b'-- Up-to-date: /home/greyflon/lab_2025/install/two_wheeled_robot/share/two_wheeled_robot/models/aws_robomaker_residential_Trash_01\n'}
[1.616554] (two_wheeled_robot) StdoutLine: {'line': b'-- Up-to-date: /home/greyflon/lab_2025/install/two_wheeled_robot/share/two_wheeled_robot/models/aws_robomaker_residential_Trash_01/model.config\n'}
[1.616701] (two_wheeled_robot) StdoutLine: {'line': b'-- Up-to-date: /home/greyflon/lab_2025/install/two_wheeled_robot/share/two_wheeled_robot/models/aws_robomaker_residential_Trash_01/meshes\n'}
[1.616927] (two_wheeled_robot) StdoutLine: {'line': b'-- Up-to-date: /home/greyflon/lab_2025/install/two_wheeled_robot/share/two_wheeled_robot/models/aws_robomaker_residential_Trash_01/meshes/aws_Trash_01_visual.DAE\n'}
[1.617148] (two_wheeled_robot) StdoutLine: {'line': b'-- Up-to-date: /home/greyflon/lab_2025/install/two_wheeled_robot/share/two_wheeled_robot/models/aws_robomaker_residential_Trash_01/meshes/aws_Trash_01_collision.DAE\n'}
[1.617307] (two_wheeled_robot) StdoutLine: {'line': b'-- Up-to-date: /home/greyflon/lab_2025/install/two_wheeled_robot/share/two_wheeled_robot/models/aws_robomaker_residential_Trash_01/materials\n'}
[1.617567] (two_wheeled_robot) StdoutLine: {'line': b'-- Up-to-date: /home/greyflon/lab_2025/install/two_wheeled_robot/share/two_wheeled_robot/models/aws_robomaker_residential_Trash_01/materials/textures\n'}
[1.617774] (two_wheeled_robot) StdoutLine: {'line': b'-- Up-to-date: /home/greyflon/lab_2025/install/two_wheeled_robot/share/two_wheeled_robot/models/aws_robomaker_residential_Trash_01/materials/textures/aws_Trash_01.png\n'}
[1.618008] (two_wheeled_robot) StdoutLine: {'line': b'-- Up-to-date: /home/greyflon/lab_2025/install/two_wheeled_robot/share/two_wheeled_robot/models/aws_robomaker_residential_Trash_01/model.sdf\n'}
[1.618156] (two_wheeled_robot) StdoutLine: {'line': b'-- Up-to-date: /home/greyflon/lab_2025/install/two_wheeled_robot/share/two_wheeled_robot/models/asphalt_plane\n'}
[1.643152] (two_wheeled_robot) StdoutLine: {'line': b'-- Up-to-date: /home/greyflon/lab_2025/install/two_wheeled_robot/share/two_wheeled_robot/models/asphalt_plane/model-1_4.sdf\n'}
[1.643500] (two_wheeled_robot) StdoutLine: {'line': b'-- Up-to-date: /home/greyflon/lab_2025/install/two_wheeled_robot/share/two_wheeled_robot/models/asphalt_plane/model.config\n'}
[1.643666] (two_wheeled_robot) StdoutLine: {'line': b'-- Up-to-date: /home/greyflon/lab_2025/install/two_wheeled_robot/share/two_wheeled_robot/models/asphalt_plane/materials\n'}
[1.643915] (two_wheeled_robot) StdoutLine: {'line': b'-- Up-to-date: /home/greyflon/lab_2025/install/two_wheeled_robot/share/two_wheeled_robot/models/asphalt_plane/materials/scripts\n'}
[1.644119] (two_wheeled_robot) StdoutLine: {'line': b'-- Up-to-date: /home/greyflon/lab_2025/install/two_wheeled_robot/share/two_wheeled_robot/models/asphalt_plane/materials/scripts/asphalt.material\n'}
[1.644349] (two_wheeled_robot) StdoutLine: {'line': b'-- Up-to-date: /home/greyflon/lab_2025/install/two_wheeled_robot/share/two_wheeled_robot/models/asphalt_plane/materials/textures\n'}
[1.644506] (two_wheeled_robot) StdoutLine: {'line': b'-- Up-to-date: /home/greyflon/lab_2025/install/two_wheeled_robot/share/two_wheeled_robot/models/asphalt_plane/materials/textures/tarmac.png\n'}
[1.644661] (two_wheeled_robot) StdoutLine: {'line': b'-- Up-to-date: /home/greyflon/lab_2025/install/two_wheeled_robot/share/two_wheeled_robot/models/asphalt_plane/model.sdf\n'}
[1.644830] (two_wheeled_robot) StdoutLine: {'line': b'-- Up-to-date: /home/greyflon/lab_2025/install/two_wheeled_robot/share/two_wheeled_robot/models/StorageRackCoverOpen\n'}
[1.645103] (two_wheeled_robot) StdoutLine: {'line': b'-- Up-to-date: /home/greyflon/lab_2025/install/two_wheeled_robot/share/two_wheeled_robot/models/StorageRackCoverOpen/model.config\n'}
[1.645314] (two_wheeled_robot) StdoutLine: {'line': b'-- Up-to-date: /home/greyflon/lab_2025/install/two_wheeled_robot/share/two_wheeled_robot/models/StorageRackCoverOpen/meshes\n'}
[1.645586] (two_wheeled_robot) StdoutLine: {'line': b'-- Up-to-date: /home/greyflon/lab_2025/install/two_wheeled_robot/share/two_wheeled_robot/models/StorageRackCoverOpen/meshes/StorageRackCoverOpen.obj\n'}
[1.645757] (two_wheeled_robot) StdoutLine: {'line': b'-- Up-to-date: /home/greyflon/lab_2025/install/two_wheeled_robot/share/two_wheeled_robot/models/StorageRackCoverOpen/meshes/StorageRackCoverOpen.png\n'}
[1.645943] (two_wheeled_robot) StdoutLine: {'line': b'-- Up-to-date: /home/greyflon/lab_2025/install/two_wheeled_robot/share/two_wheeled_robot/models/StorageRackCoverOpen/meshes/StorageRackCoverOpen.mtl\n'}
[1.646125] (two_wheeled_robot) StdoutLine: {'line': b'-- Up-to-date: /home/greyflon/lab_2025/install/two_wheeled_robot/share/two_wheeled_robot/models/StorageRackCoverOpen/thumbnails\n'}
[1.646441] (two_wheeled_robot) StdoutLine: {'line': b'-- Up-to-date: /home/greyflon/lab_2025/install/two_wheeled_robot/share/two_wheeled_robot/models/StorageRackCoverOpen/thumbnails/5.png\n'}
[1.646649] (two_wheeled_robot) StdoutLine: {'line': b'-- Up-to-date: /home/greyflon/lab_2025/install/two_wheeled_robot/share/two_wheeled_robot/models/StorageRackCoverOpen/thumbnails/1.png\n'}
[1.646846] (two_wheeled_robot) StdoutLine: {'line': b'-- Up-to-date: /home/greyflon/lab_2025/install/two_wheeled_robot/share/two_wheeled_robot/models/StorageRackCoverOpen/thumbnails/2.png\n'}
[1.647013] (two_wheeled_robot) StdoutLine: {'line': b'-- Up-to-date: /home/greyflon/lab_2025/install/two_wheeled_robot/share/two_wheeled_robot/models/StorageRackCoverOpen/thumbnails/4.png\n'}
[1.647177] (two_wheeled_robot) StdoutLine: {'line': b'-- Up-to-date: /home/greyflon/lab_2025/install/two_wheeled_robot/share/two_wheeled_robot/models/StorageRackCoverOpen/thumbnails/3.png\n'}
[1.647374] (two_wheeled_robot) StdoutLine: {'line': b'-- Up-to-date: /home/greyflon/lab_2025/install/two_wheeled_robot/share/two_wheeled_robot/models/StorageRackCoverOpen/model.sdf\n'}
[1.647559] (two_wheeled_robot) StdoutLine: {'line': b'-- Up-to-date: /home/greyflon/lab_2025/install/two_wheeled_robot/share/two_wheeled_robot/models/bin_4_dropping_task\n'}
[1.659271] (two_wheeled_robot) StdoutLine: {'line': b'-- Up-to-date: /home/greyflon/lab_2025/install/two_wheeled_robot/share/two_wheeled_robot/models/bin_4_dropping_task/model.config\n'}
[1.659543] (two_wheeled_robot) StdoutLine: {'line': b'-- Up-to-date: /home/greyflon/lab_2025/install/two_wheeled_robot/share/two_wheeled_robot/models/bin_4_dropping_task/meshes\n'}
[1.659825] (two_wheeled_robot) StdoutLine: {'line': b'-- Up-to-date: /home/greyflon/lab_2025/install/two_wheeled_robot/share/two_wheeled_robot/models/bin_4_dropping_task/meshes/bin_4_dropping_task.dae\n'}
[1.660002] (two_wheeled_robot) StdoutLine: {'line': b'-- Up-to-date: /home/greyflon/lab_2025/install/two_wheeled_robot/share/two_wheeled_robot/models/bin_4_dropping_task/model.sdf\n'}
[1.660164] (two_wheeled_robot) StdoutLine: {'line': b'-- Up-to-date: /home/greyflon/lab_2025/install/two_wheeled_robot/share/two_wheeled_robot/models/SurgicalTrolleyMed\n'}
[1.660430] (two_wheeled_robot) StdoutLine: {'line': b'-- Up-to-date: /home/greyflon/lab_2025/install/two_wheeled_robot/share/two_wheeled_robot/models/SurgicalTrolleyMed/model.config\n'}
[1.660591] (two_wheeled_robot) StdoutLine: {'line': b'-- Up-to-date: /home/greyflon/lab_2025/install/two_wheeled_robot/share/two_wheeled_robot/models/SurgicalTrolleyMed/meshes\n'}
[1.660845] (two_wheeled_robot) StdoutLine: {'line': b'-- Up-to-date: /home/greyflon/lab_2025/install/two_wheeled_robot/share/two_wheeled_robot/models/SurgicalTrolleyMed/meshes/SurgicalTrolleyMed_Col.obj\n'}
[1.661044] (two_wheeled_robot) StdoutLine: {'line': b'-- Up-to-date: /home/greyflon/lab_2025/install/two_wheeled_robot/share/two_wheeled_robot/models/SurgicalTrolleyMed/meshes/SurgicalTrolleyMed.obj\n'}
[1.661229] (two_wheeled_robot) StdoutLine: {'line': b'-- Up-to-date: /home/greyflon/lab_2025/install/two_wheeled_robot/share/two_wheeled_robot/models/SurgicalTrolleyMed/meshes/SurgicalTrolleyMed_Diffuse.png\n'}
[1.661591] (two_wheeled_robot) StdoutLine: {'line': b'-- Up-to-date: /home/greyflon/lab_2025/install/two_wheeled_robot/share/two_wheeled_robot/models/SurgicalTrolleyMed/meshes/SurgicalTrolleyMed_Col.mtl\n'}
[1.661821] (two_wheeled_robot) StdoutLine: {'line': b'-- Up-to-date: /home/greyflon/lab_2025/install/two_wheeled_robot/share/two_wheeled_robot/models/SurgicalTrolleyMed/meshes/SurgicalTrolleyMed.mtl\n'}
[1.662007] (two_wheeled_robot) StdoutLine: {'line': b'-- Up-to-date: /home/greyflon/lab_2025/install/two_wheeled_robot/share/two_wheeled_robot/models/SurgicalTrolleyMed/thumbnails\n'}
[1.662189] (two_wheeled_robot) StdoutLine: {'line': b'-- Up-to-date: /home/greyflon/lab_2025/install/two_wheeled_robot/share/two_wheeled_robot/models/SurgicalTrolleyMed/thumbnails/5.png\n'}
[1.662459] (two_wheeled_robot) StdoutLine: {'line': b'-- Up-to-date: /home/greyflon/lab_2025/install/two_wheeled_robot/share/two_wheeled_robot/models/SurgicalTrolleyMed/thumbnails/1.png\n'}
[1.662646] (two_wheeled_robot) StdoutLine: {'line': b'-- Up-to-date: /home/greyflon/lab_2025/install/two_wheeled_robot/share/two_wheeled_robot/models/SurgicalTrolleyMed/thumbnails/2.png\n'}
[1.662815] (two_wheeled_robot) StdoutLine: {'line': b'-- Up-to-date: /home/greyflon/lab_2025/install/two_wheeled_robot/share/two_wheeled_robot/models/SurgicalTrolleyMed/thumbnails/4.png\n'}
[1.662981] (two_wheeled_robot) StdoutLine: {'line': b'-- Up-to-date: /home/greyflon/lab_2025/install/two_wheeled_robot/share/two_wheeled_robot/models/SurgicalTrolleyMed/thumbnails/3.png\n'}
[1.663147] (two_wheeled_robot) StdoutLine: {'line': b'-- Up-to-date: /home/greyflon/lab_2025/install/two_wheeled_robot/share/two_wheeled_robot/models/SurgicalTrolleyMed/model.sdf\n'}
[1.663334] (two_wheeled_robot) StdoutLine: {'line': b'-- Up-to-date: /home/greyflon/lab_2025/install/two_wheeled_robot/share/two_wheeled_robot/models/pine_tree\n'}
[1.670674] (two_wheeled_robot) StdoutLine: {'line': b'-- Up-to-date: /home/greyflon/lab_2025/install/two_wheeled_robot/share/two_wheeled_robot/models/pine_tree/model.config\n'}
[1.670976] (two_wheeled_robot) StdoutLine: {'line': b'-- Up-to-date: /home/greyflon/lab_2025/install/two_wheeled_robot/share/two_wheeled_robot/models/pine_tree/meshes\n'}
[1.671167] (two_wheeled_robot) StdoutLine: {'line': b'-- Up-to-date: /home/greyflon/lab_2025/install/two_wheeled_robot/share/two_wheeled_robot/models/pine_tree/meshes/pine_tree.dae\n'}
[1.671424] (two_wheeled_robot) StdoutLine: {'line': b'-- Up-to-date: /home/greyflon/lab_2025/install/two_wheeled_robot/share/two_wheeled_robot/models/pine_tree/materials\n'}
[1.671662] (two_wheeled_robot) StdoutLine: {'line': b'-- Up-to-date: /home/greyflon/lab_2025/install/two_wheeled_robot/share/two_wheeled_robot/models/pine_tree/materials/scripts\n'}
[1.671942] (two_wheeled_robot) StdoutLine: {'line': b'-- Up-to-date: /home/greyflon/lab_2025/install/two_wheeled_robot/share/two_wheeled_robot/models/pine_tree/materials/scripts/pine_tree.material\n'}
[1.672206] (two_wheeled_robot) StdoutLine: {'line': b'-- Up-to-date: /home/greyflon/lab_2025/install/two_wheeled_robot/share/two_wheeled_robot/models/pine_tree/materials/textures\n'}
[1.672473] (two_wheeled_robot) StdoutLine: {'line': b'-- Up-to-date: /home/greyflon/lab_2025/install/two_wheeled_robot/share/two_wheeled_robot/models/pine_tree/materials/textures/branch_2_diffuse.png\n'}
[1.672651] (two_wheeled_robot) StdoutLine: {'line': b'-- Up-to-date: /home/greyflon/lab_2025/install/two_wheeled_robot/share/two_wheeled_robot/models/pine_tree/materials/textures/bark_diffuse.png\n'}
[1.672832] (two_wheeled_robot) StdoutLine: {'line': b'-- Up-to-date: /home/greyflon/lab_2025/install/two_wheeled_robot/share/two_wheeled_robot/models/pine_tree/model.sdf\n'}
[1.672972] (two_wheeled_robot) StdoutLine: {'line': b'-- Up-to-date: /home/greyflon/lab_2025/install/two_wheeled_robot/share/two_wheeled_robot/models/elegant_female2\n'}
[1.673105] (two_wheeled_robot) StdoutLine: {'line': b'-- Up-to-date: /home/greyflon/lab_2025/install/two_wheeled_robot/share/two_wheeled_robot/models/elegant_female2/model.config\n'}
[1.673239] (two_wheeled_robot) StdoutLine: {'line': b'-- Up-to-date: /home/greyflon/lab_2025/install/two_wheeled_robot/share/two_wheeled_robot/models/elegant_female2/meshes\n'}
[1.673455] (two_wheeled_robot) StdoutLine: {'line': b'-- Up-to-date: /home/greyflon/lab_2025/install/two_wheeled_robot/share/two_wheeled_robot/models/elegant_female2/meshes/elegant_female2.png\n'}
[1.673684] (two_wheeled_robot) StdoutLine: {'line': b'-- Up-to-date: /home/greyflon/lab_2025/install/two_wheeled_robot/share/two_wheeled_robot/models/elegant_female2/meshes/elegant_female2.dae\n'}
[1.673870] (two_wheeled_robot) StdoutLine: {'line': b'-- Up-to-date: /home/greyflon/lab_2025/install/two_wheeled_robot/share/two_wheeled_robot/models/elegant_female2/materials\n'}
[1.674012] (two_wheeled_robot) StdoutLine: {'line': b'-- Up-to-date: /home/greyflon/lab_2025/install/two_wheeled_robot/share/two_wheeled_robot/models/elegant_female2/materials/textures\n'}
[1.674203] (two_wheeled_robot) StdoutLine: {'line': b'-- Up-to-date: /home/greyflon/lab_2025/install/two_wheeled_robot/share/two_wheeled_robot/models/elegant_female2/materials/textures/eyelashes01.png\n'}
[1.674429] (two_wheeled_robot) StdoutLine: {'line': b'-- Up-to-date: /home/greyflon/lab_2025/install/two_wheeled_robot/share/two_wheeled_robot/models/elegant_female2/materials/textures/braid01_diffuse.png\n'}
[1.674692] (two_wheeled_robot) StdoutLine: {'line': b'-- Up-to-date: /home/greyflon/lab_2025/install/two_wheeled_robot/share/two_wheeled_robot/models/elegant_female2/materials/textures/female_elegantsuit01_normal.png\n'}
[1.674883] (two_wheeled_robot) StdoutLine: {'line': b'-- Up-to-date: /home/greyflon/lab_2025/install/two_wheeled_robot/share/two_wheeled_robot/models/elegant_female2/materials/textures/shoes03_diffuse.png\n'}
[1.675040] (two_wheeled_robot) StdoutLine: {'line': b'-- Up-to-date: /home/greyflon/lab_2025/install/two_wheeled_robot/share/two_wheeled_robot/models/elegant_female2/materials/textures/female_elegantsuit01_diffuse.png\n'}
[1.675190] (two_wheeled_robot) StdoutLine: {'line': b'-- Up-to-date: /home/greyflon/lab_2025/install/two_wheeled_robot/share/two_wheeled_robot/models/elegant_female2/materials/textures/brown_eye.png\n'}
[1.675459] (two_wheeled_robot) StdoutLine: {'line': b'-- Up-to-date: /home/greyflon/lab_2025/install/two_wheeled_robot/share/two_wheeled_robot/models/elegant_female2/materials/textures/eyebrow003.png\n'}
[1.675611] (two_wheeled_robot) StdoutLine: {'line': b'-- Up-to-date: /home/greyflon/lab_2025/install/two_wheeled_robot/share/two_wheeled_robot/models/elegant_female2/materials/textures/young_darkskinned_female_diffuse.png\n'}
[1.675762] (two_wheeled_robot) StdoutLine: {'line': b'-- Up-to-date: /home/greyflon/lab_2025/install/two_wheeled_robot/share/two_wheeled_robot/models/elegant_female2/model.sdf\n'}
[1.675910] (two_wheeled_robot) StdoutLine: {'line': b'-- Up-to-date: /home/greyflon/lab_2025/install/two_wheeled_robot/share/two_wheeled_robot/models/casual_male\n'}
[1.676125] (two_wheeled_robot) StdoutLine: {'line': b'-- Up-to-date: /home/greyflon/lab_2025/install/two_wheeled_robot/share/two_wheeled_robot/models/casual_male/model.config\n'}
[1.676262] (two_wheeled_robot) StdoutLine: {'line': b'-- Up-to-date: /home/greyflon/lab_2025/install/two_wheeled_robot/share/two_wheeled_robot/models/casual_male/meshes\n'}
[1.676443] (two_wheeled_robot) StdoutLine: {'line': b'-- Up-to-date: /home/greyflon/lab_2025/install/two_wheeled_robot/share/two_wheeled_robot/models/casual_male/meshes/casual_male.dae\n'}
[1.676598] (two_wheeled_robot) StdoutLine: {'line': b'-- Up-to-date: /home/greyflon/lab_2025/install/two_wheeled_robot/share/two_wheeled_robot/models/casual_male/materials\n'}
[1.676747] (two_wheeled_robot) StdoutLine: {'line': b'-- Up-to-date: /home/greyflon/lab_2025/install/two_wheeled_robot/share/two_wheeled_robot/models/casual_male/materials/textures\n'}
[1.676953] (two_wheeled_robot) StdoutLine: {'line': b'-- Up-to-date: /home/greyflon/lab_2025/install/two_wheeled_robot/share/two_wheeled_robot/models/casual_male/materials/textures/shoes01_normal.png\n'}
[1.677211] (two_wheeled_robot) StdoutLine: {'line': b'-- Up-to-date: /home/greyflon/lab_2025/install/two_wheeled_robot/share/two_wheeled_robot/models/casual_male/materials/textures/middleage_lightskinned_male_diffuse.png\n'}
[1.677461] (two_wheeled_robot) StdoutLine: {'line': b'-- Up-to-date: /home/greyflon/lab_2025/install/two_wheeled_robot/share/two_wheeled_robot/models/casual_male/materials/textures/eyebrow005.png\n'}
[1.677606] (two_wheeled_robot) StdoutLine: {'line': b'-- Up-to-date: /home/greyflon/lab_2025/install/two_wheeled_robot/share/two_wheeled_robot/models/casual_male/materials/textures/male_casualsuit01_diffuse.png\n'}
[1.677823] (two_wheeled_robot) StdoutLine: {'line': b'-- Up-to-date: /home/greyflon/lab_2025/install/two_wheeled_robot/share/two_wheeled_robot/models/casual_male/materials/textures/male_casualsuit01_normal.png\n'}
[1.678025] (two_wheeled_robot) StdoutLine: {'line': b'-- Up-to-date: /home/greyflon/lab_2025/install/two_wheeled_robot/share/two_wheeled_robot/models/casual_male/materials/textures/brown_eye.png\n'}
[1.678181] (two_wheeled_robot) StdoutLine: {'line': b'-- Up-to-date: /home/greyflon/lab_2025/install/two_wheeled_robot/share/two_wheeled_robot/models/casual_male/materials/textures/shoes01_diffuse.png\n'}
[1.678413] (two_wheeled_robot) StdoutLine: {'line': b'-- Up-to-date: /home/greyflon/lab_2025/install/two_wheeled_robot/share/two_wheeled_robot/models/casual_male/model.sdf\n'}
[1.678583] (two_wheeled_robot) StdoutLine: {'line': b'-- Up-to-date: /home/greyflon/lab_2025/install/two_wheeled_robot/share/two_wheeled_robot/models/aws_robomaker_residential_Curtain_01\n'}
[1.678732] (two_wheeled_robot) StdoutLine: {'line': b'-- Up-to-date: /home/greyflon/lab_2025/install/two_wheeled_robot/share/two_wheeled_robot/models/aws_robomaker_residential_Curtain_01/model.config\n'}
[1.678878] (two_wheeled_robot) StdoutLine: {'line': b'-- Up-to-date: /home/greyflon/lab_2025/install/two_wheeled_robot/share/two_wheeled_robot/models/aws_robomaker_residential_Curtain_01/meshes\n'}
[1.679025] (two_wheeled_robot) StdoutLine: {'line': b'-- Up-to-date: /home/greyflon/lab_2025/install/two_wheeled_robot/share/two_wheeled_robot/models/aws_robomaker_residential_Curtain_01/meshes/aws_Curtain_01_visual.DAE\n'}
[1.679171] (two_wheeled_robot) StdoutLine: {'line': b'-- Up-to-date: /home/greyflon/lab_2025/install/two_wheeled_robot/share/two_wheeled_robot/models/aws_robomaker_residential_Curtain_01/meshes/aws_Curtain_01_collision.DAE\n'}
[1.679429] (two_wheeled_robot) StdoutLine: {'line': b'-- Up-to-date: /home/greyflon/lab_2025/install/two_wheeled_robot/share/two_wheeled_robot/models/aws_robomaker_residential_Curtain_01/materials\n'}
[1.679589] (two_wheeled_robot) StdoutLine: {'line': b'-- Up-to-date: /home/greyflon/lab_2025/install/two_wheeled_robot/share/two_wheeled_robot/models/aws_robomaker_residential_Curtain_01/materials/textures\n'}
[1.679726] (two_wheeled_robot) StdoutLine: {'line': b'-- Up-to-date: /home/greyflon/lab_2025/install/two_wheeled_robot/share/two_wheeled_robot/models/aws_robomaker_residential_Curtain_01/materials/textures/aws_Curtain_01.png\n'}
[1.679883] (two_wheeled_robot) StdoutLine: {'line': b'-- Up-to-date: /home/greyflon/lab_2025/install/two_wheeled_robot/share/two_wheeled_robot/models/aws_robomaker_residential_Curtain_01/model.sdf\n'}
[1.680017] (two_wheeled_robot) StdoutLine: {'line': b'-- Up-to-date: /home/greyflon/lab_2025/install/two_wheeled_robot/share/two_wheeled_robot/models/red_target\n'}
[1.680165] (two_wheeled_robot) StdoutLine: {'line': b'-- Up-to-date: /home/greyflon/lab_2025/install/two_wheeled_robot/share/two_wheeled_robot/models/red_target/model.config\n'}
[1.680339] (two_wheeled_robot) StdoutLine: {'line': b'-- Up-to-date: /home/greyflon/lab_2025/install/two_wheeled_robot/share/two_wheeled_robot/models/red_target/meshes\n'}
[1.680504] (two_wheeled_robot) StdoutLine: {'line': b'-- Up-to-date: /home/greyflon/lab_2025/install/two_wheeled_robot/share/two_wheeled_robot/models/red_target/meshes/red_target.dae\n'}
[1.680653] (two_wheeled_robot) StdoutLine: {'line': b'-- Up-to-date: /home/greyflon/lab_2025/install/two_wheeled_robot/share/two_wheeled_robot/models/red_target/model.sdf\n'}
[1.680801] (two_wheeled_robot) StdoutLine: {'line': b'-- Up-to-date: /home/greyflon/lab_2025/install/two_wheeled_robot/share/two_wheeled_robot/models/pr2\n'}
[1.681043] (two_wheeled_robot) StdoutLine: {'line': b'-- Up-to-date: /home/greyflon/lab_2025/install/two_wheeled_robot/share/two_wheeled_robot/models/pr2/model-1_2.sdf\n'}
[1.681190] (two_wheeled_robot) StdoutLine: {'line': b'-- Up-to-date: /home/greyflon/lab_2025/install/two_wheeled_robot/share/two_wheeled_robot/models/pr2/model-1_4.sdf\n'}
[1.681367] (two_wheeled_robot) StdoutLine: {'line': b'-- Up-to-date: /home/greyflon/lab_2025/install/two_wheeled_robot/share/two_wheeled_robot/models/pr2/model.config\n'}
[1.681526] (two_wheeled_robot) StdoutLine: {'line': b'-- Up-to-date: /home/greyflon/lab_2025/install/two_wheeled_robot/share/two_wheeled_robot/models/pr2/meshes\n'}
[1.681734] (two_wheeled_robot) StdoutLine: {'line': b'-- Up-to-date: /home/greyflon/lab_2025/install/two_wheeled_robot/share/two_wheeled_robot/models/pr2/meshes/base_v0\n'}
[1.682014] (two_wheeled_robot) StdoutLine: {'line': b'-- Up-to-date: /home/greyflon/lab_2025/install/two_wheeled_robot/share/two_wheeled_robot/models/pr2/meshes/base_v0/wheel.dae\n'}
[1.682169] (two_wheeled_robot) StdoutLine: {'line': b'-- Up-to-date: /home/greyflon/lab_2025/install/two_wheeled_robot/share/two_wheeled_robot/models/pr2/meshes/base_v0/caster.stl\n'}
[1.682418] (two_wheeled_robot) StdoutLine: {'line': b'-- Up-to-date: /home/greyflon/lab_2025/install/two_wheeled_robot/share/two_wheeled_robot/models/pr2/meshes/base_v0/base.dae\n'}
[1.682617] (two_wheeled_robot) StdoutLine: {'line': b'-- Up-to-date: /home/greyflon/lab_2025/install/two_wheeled_robot/share/two_wheeled_robot/models/pr2/meshes/base_v0/caster_L.stl\n'}
[1.682769] (two_wheeled_robot) StdoutLine: {'line': b'-- Up-to-date: /home/greyflon/lab_2025/install/two_wheeled_robot/share/two_wheeled_robot/models/pr2/meshes/base_v0/wheel_h.dae\n'}
[1.682949] (two_wheeled_robot) StdoutLine: {'line': b'-- Up-to-date: /home/greyflon/lab_2025/install/two_wheeled_robot/share/two_wheeled_robot/models/pr2/meshes/base_v0/base_L.stl\n'}
[1.683100] (two_wheeled_robot) StdoutLine: {'line': b'-- Up-to-date: /home/greyflon/lab_2025/install/two_wheeled_robot/share/two_wheeled_robot/models/pr2/meshes/base_v0/pr2_wheel.stl\n'}
[1.683396] (two_wheeled_robot) StdoutLine: {'line': b'-- Up-to-date: /home/greyflon/lab_2025/install/two_wheeled_robot/share/two_wheeled_robot/models/pr2/meshes/base_v0/wheel.stl\n'}
[1.683647] (two_wheeled_robot) StdoutLine: {'line': b'-- Up-to-date: /home/greyflon/lab_2025/install/two_wheeled_robot/share/two_wheeled_robot/models/pr2/meshes/base_v0/base.stl\n'}
[1.683798] (two_wheeled_robot) StdoutLine: {'line': b'-- Up-to-date: /home/greyflon/lab_2025/install/two_wheeled_robot/share/two_wheeled_robot/models/pr2/meshes/sensors\n'}
[1.683946] (two_wheeled_robot) StdoutLine: {'line': b'-- Up-to-date: /home/greyflon/lab_2025/install/two_wheeled_robot/share/two_wheeled_robot/models/pr2/meshes/sensors/kinect_prosilica_v0\n'}
[1.684232] (two_wheeled_robot) StdoutLine: {'line': b'-- Up-to-date: /home/greyflon/lab_2025/install/two_wheeled_robot/share/two_wheeled_robot/models/pr2/meshes/sensors/kinect_prosilica_v0/68-04546_Kinect_Sensor--coarse.STL\n'}
[1.684413] (two_wheeled_robot) StdoutLine: {'line': b'-- Up-to-date: /home/greyflon/lab_2025/install/two_wheeled_robot/share/two_wheeled_robot/models/pr2/meshes/sensors/kinect_prosilica_v0/Prosilica_w_Lens--coarse.STL\n'}
[1.684568] (two_wheeled_robot) StdoutLine: {'line': b'-- Up-to-date: /home/greyflon/lab_2025/install/two_wheeled_robot/share/two_wheeled_robot/models/pr2/meshes/sensors/kinect_prosilica_v0/115x100_swept_back--coarse.STL\n'}
[1.684716] (two_wheeled_robot) StdoutLine: {'line': b'-- Up-to-date: /home/greyflon/lab_2025/install/two_wheeled_robot/share/two_wheeled_robot/models/pr2/meshes/tilting_laser_v0\n'}
[1.684862] (two_wheeled_robot) StdoutLine: {'line': b'-- Up-to-date: /home/greyflon/lab_2025/install/two_wheeled_robot/share/two_wheeled_robot/models/pr2/meshes/tilting_laser_v0/tilting_hokuyo.stl\n'}
[1.685008] (two_wheeled_robot) StdoutLine: {'line': b'-- Up-to-date: /home/greyflon/lab_2025/install/two_wheeled_robot/share/two_wheeled_robot/models/pr2/meshes/tilting_laser_v0/tilting_hokuyo_L.stl\n'}
[1.685154] (two_wheeled_robot) StdoutLine: {'line': b'-- Up-to-date: /home/greyflon/lab_2025/install/two_wheeled_robot/share/two_wheeled_robot/models/pr2/meshes/tilting_laser_v0/hok_tilt.stl\n'}
[1.685314] (two_wheeled_robot) StdoutLine: {'line': b'-- Up-to-date: /home/greyflon/lab_2025/install/two_wheeled_robot/share/two_wheeled_robot/models/pr2/meshes/tilting_laser_v0/tilting_hokuyo.dae\n'}
[1.685731] (two_wheeled_robot) StdoutLine: {'line': b'-- Up-to-date: /home/greyflon/lab_2025/install/two_wheeled_robot/share/two_wheeled_robot/models/pr2/meshes/torso_v0\n'}
[1.685884] (two_wheeled_robot) StdoutLine: {'line': b'-- Up-to-date: /home/greyflon/lab_2025/install/two_wheeled_robot/share/two_wheeled_robot/models/pr2/meshes/torso_v0/torso_lift.dae\n'}
[1.686030] (two_wheeled_robot) StdoutLine: {'line': b'-- Up-to-date: /home/greyflon/lab_2025/install/two_wheeled_robot/share/two_wheeled_robot/models/pr2/meshes/torso_v0/torso.stl\n'}
[1.686176] (two_wheeled_robot) StdoutLine: {'line': b'-- Up-to-date: /home/greyflon/lab_2025/install/two_wheeled_robot/share/two_wheeled_robot/models/pr2/meshes/torso_v0/torso_lift.stl\n'}
[1.686384] (two_wheeled_robot) StdoutLine: {'line': b'-- Up-to-date: /home/greyflon/lab_2025/install/two_wheeled_robot/share/two_wheeled_robot/models/pr2/meshes/torso_v0/torso_lift_L.stl\n'}
[1.686758] (two_wheeled_robot) StdoutLine: {'line': b'-- Up-to-date: /home/greyflon/lab_2025/install/two_wheeled_robot/share/two_wheeled_robot/models/pr2/meshes/shoulder_v0\n'}
[1.686909] (two_wheeled_robot) StdoutLine: {'line': b'-- Up-to-date: /home/greyflon/lab_2025/install/two_wheeled_robot/share/two_wheeled_robot/models/pr2/meshes/shoulder_v0/upper_arm_roll_L.stl\n'}
[1.687055] (two_wheeled_robot) StdoutLine: {'line': b'-- Up-to-date: /home/greyflon/lab_2025/install/two_wheeled_robot/share/two_wheeled_robot/models/pr2/meshes/shoulder_v0/shoulder_yaw.stl\n'}
[1.687200] (two_wheeled_robot) StdoutLine: {'line': b'-- Up-to-date: /home/greyflon/lab_2025/install/two_wheeled_robot/share/two_wheeled_robot/models/pr2/meshes/shoulder_v0/shoulder_lift.stl\n'}
[1.687423] (two_wheeled_robot) StdoutLine: {'line': b'-- Up-to-date: /home/greyflon/lab_2025/install/two_wheeled_robot/share/two_wheeled_robot/models/pr2/meshes/shoulder_v0/upper_arm_roll.stl\n'}
[1.687585] (two_wheeled_robot) StdoutLine: {'line': b'-- Up-to-date: /home/greyflon/lab_2025/install/two_wheeled_robot/share/two_wheeled_robot/models/pr2/meshes/shoulder_v0/shoulder_pan.stl\n'}
[1.687733] (two_wheeled_robot) StdoutLine: {'line': b'-- Up-to-date: /home/greyflon/lab_2025/install/two_wheeled_robot/share/two_wheeled_robot/models/pr2/meshes/shoulder_v0/upper_arm_roll.dae\n'}
[1.688004] (two_wheeled_robot) StdoutLine: {'line': b'-- Up-to-date: /home/greyflon/lab_2025/install/two_wheeled_robot/share/two_wheeled_robot/models/pr2/meshes/shoulder_v0/shoulder_pan.dae\n'}
[1.688152] (two_wheeled_robot) StdoutLine: {'line': b'-- Up-to-date: /home/greyflon/lab_2025/install/two_wheeled_robot/share/two_wheeled_robot/models/pr2/meshes/shoulder_v0/shoulder_lift.dae\n'}
[1.688315] (two_wheeled_robot) StdoutLine: {'line': b'-- Up-to-date: /home/greyflon/lab_2025/install/two_wheeled_robot/share/two_wheeled_robot/models/pr2/meshes/head_v0\n'}
[1.688572] (two_wheeled_robot) StdoutLine: {'line': b'-- Up-to-date: /home/greyflon/lab_2025/install/two_wheeled_robot/share/two_wheeled_robot/models/pr2/meshes/head_v0/head_pan.stl\n'}
[1.688721] (two_wheeled_robot) StdoutLine: {'line': b'-- Up-to-date: /home/greyflon/lab_2025/install/two_wheeled_robot/share/two_wheeled_robot/models/pr2/meshes/head_v0/head_tilt.stl\n'}
[1.688855] (two_wheeled_robot) StdoutLine: {'line': b'-- Up-to-date: /home/greyflon/lab_2025/install/two_wheeled_robot/share/two_wheeled_robot/models/pr2/meshes/head_v0/head_tilt_L.stl\n'}
[1.688987] (two_wheeled_robot) StdoutLine: {'line': b'-- Up-to-date: /home/greyflon/lab_2025/install/two_wheeled_robot/share/two_wheeled_robot/models/pr2/meshes/head_v0/head_pan_L.stl\n'}
[1.689142] (two_wheeled_robot) StdoutLine: {'line': b'-- Up-to-date: /home/greyflon/lab_2025/install/two_wheeled_robot/share/two_wheeled_robot/models/pr2/meshes/head_v0/head_pan.dae\n'}
[1.689276] (two_wheeled_robot) StdoutLine: {'line': b'-- Up-to-date: /home/greyflon/lab_2025/install/two_wheeled_robot/share/two_wheeled_robot/models/pr2/meshes/head_v0/head_tilt.dae\n'}
[1.689447] (two_wheeled_robot) StdoutLine: {'line': b'-- Up-to-date: /home/greyflon/lab_2025/install/two_wheeled_robot/share/two_wheeled_robot/models/pr2/meshes/forearm_v0\n'}
[1.689582] (two_wheeled_robot) StdoutLine: {'line': b'-- Up-to-date: /home/greyflon/lab_2025/install/two_wheeled_robot/share/two_wheeled_robot/models/pr2/meshes/forearm_v0/wrist_roll.stl\n'}
[1.689716] (two_wheeled_robot) StdoutLine: {'line': b'-- Up-to-date: /home/greyflon/lab_2025/install/two_wheeled_robot/share/two_wheeled_robot/models/pr2/meshes/forearm_v0/forearm.stl\n'}
[1.689848] (two_wheeled_robot) StdoutLine: {'line': b'-- Up-to-date: /home/greyflon/lab_2025/install/two_wheeled_robot/share/two_wheeled_robot/models/pr2/meshes/forearm_v0/wrist_flex.stl\n'}
[1.689980] (two_wheeled_robot) StdoutLine: {'line': b'-- Up-to-date: /home/greyflon/lab_2025/install/two_wheeled_robot/share/two_wheeled_robot/models/pr2/meshes/forearm_v0/forearm.dae\n'}
[1.690111] (two_wheeled_robot) StdoutLine: {'line': b'-- Up-to-date: /home/greyflon/lab_2025/install/two_wheeled_robot/share/two_wheeled_robot/models/pr2/meshes/forearm_v0/wrist_flex.dae\n'}
[1.690243] (two_wheeled_robot) StdoutLine: {'line': b'-- Up-to-date: /home/greyflon/lab_2025/install/two_wheeled_robot/share/two_wheeled_robot/models/pr2/meshes/forearm_v0/wrist_roll_L.stl\n'}
[1.690408] (two_wheeled_robot) StdoutLine: {'line': b'-- Up-to-date: /home/greyflon/lab_2025/install/two_wheeled_robot/share/two_wheeled_robot/models/pr2/meshes/upper_arm_v0\n'}
[1.690546] (two_wheeled_robot) StdoutLine: {'line': b'-- Up-to-date: /home/greyflon/lab_2025/install/two_wheeled_robot/share/two_wheeled_robot/models/pr2/meshes/upper_arm_v0/elbow_flex.dae\n'}
[1.690677] (two_wheeled_robot) StdoutLine: {'line': b'-- Up-to-date: /home/greyflon/lab_2025/install/two_wheeled_robot/share/two_wheeled_robot/models/pr2/meshes/upper_arm_v0/upper_arm.dae\n'}
[1.690834] (two_wheeled_robot) StdoutLine: {'line': b'-- Up-to-date: /home/greyflon/lab_2025/install/two_wheeled_robot/share/two_wheeled_robot/models/pr2/meshes/upper_arm_v0/upper_arm.stl\n'}
[1.690983] (two_wheeled_robot) StdoutLine: {'line': b'-- Up-to-date: /home/greyflon/lab_2025/install/two_wheeled_robot/share/two_wheeled_robot/models/pr2/meshes/upper_arm_v0/elbow_flex.stl\n'}
[1.691116] (two_wheeled_robot) StdoutLine: {'line': b'-- Up-to-date: /home/greyflon/lab_2025/install/two_wheeled_robot/share/two_wheeled_robot/models/pr2/meshes/upper_arm_v0/forearm_roll_L.stl\n'}
[1.691265] (two_wheeled_robot) StdoutLine: {'line': b'-- Up-to-date: /home/greyflon/lab_2025/install/two_wheeled_robot/share/two_wheeled_robot/models/pr2/meshes/upper_arm_v0/forearm_roll.stl\n'}
[1.691430] (two_wheeled_robot) StdoutLine: {'line': b'-- Up-to-date: /home/greyflon/lab_2025/install/two_wheeled_robot/share/two_wheeled_robot/models/pr2/meshes/gripper_v0\n'}
[1.691569] (two_wheeled_robot) StdoutLine: {'line': b'-- Up-to-date: /home/greyflon/lab_2025/install/two_wheeled_robot/share/two_wheeled_robot/models/pr2/meshes/gripper_v0/palm_H_UV_100430.dae\n'}
[1.691701] (two_wheeled_robot) StdoutLine: {'line': b'-- Up-to-date: /home/greyflon/lab_2025/install/two_wheeled_robot/share/two_wheeled_robot/models/pr2/meshes/gripper_v0/upper_finger_l.stl\n'}
[1.691832] (two_wheeled_robot) StdoutLine: {'line': b'-- Up-to-date: /home/greyflon/lab_2025/install/two_wheeled_robot/share/two_wheeled_robot/models/pr2/meshes/gripper_v0/finger_tip_pad2_r.stl\n'}
[1.691963] (two_wheeled_robot) StdoutLine: {'line': b'-- Up-to-date: /home/greyflon/lab_2025/install/two_wheeled_robot/share/two_wheeled_robot/models/pr2/meshes/gripper_v0/l_finger_tip.dae\n'}
[1.692095] (two_wheeled_robot) StdoutLine: {'line': b'-- Up-to-date: /home/greyflon/lab_2025/install/two_wheeled_robot/share/two_wheeled_robot/models/pr2/meshes/gripper_v0/float_H_UV_100430.dae\n'}
[1.692227] (two_wheeled_robot) StdoutLine: {'line': b'-- Up-to-date: /home/greyflon/lab_2025/install/two_wheeled_robot/share/two_wheeled_robot/models/pr2/meshes/gripper_v0/l_finger.dae\n'}
[1.692389] (two_wheeled_robot) StdoutLine: {'line': b'-- Up-to-date: /home/greyflon/lab_2025/install/two_wheeled_robot/share/two_wheeled_robot/models/pr2/meshes/gripper_v0/gripper_palm.stl\n'}
[1.692527] (two_wheeled_robot) StdoutLine: {'line': b'-- Up-to-date: /home/greyflon/lab_2025/install/two_wheeled_robot/share/two_wheeled_robot/models/pr2/meshes/gripper_v0/finger_H_UV_100430.dae\n'}
[1.692659] (two_wheeled_robot) StdoutLine: {'line': b'-- Up-to-date: /home/greyflon/lab_2025/install/two_wheeled_robot/share/two_wheeled_robot/models/pr2/meshes/gripper_v0/upper_finger_r.stl\n'}
[1.692804] (two_wheeled_robot) StdoutLine: {'line': b'-- Up-to-date: /home/greyflon/lab_2025/install/two_wheeled_robot/share/two_wheeled_robot/models/pr2/meshes/gripper_v0/finger_tip_l.stl\n'}
[1.692939] (two_wheeled_robot) StdoutLine: {'line': b'-- Up-to-date: /home/greyflon/lab_2025/install/two_wheeled_robot/share/two_wheeled_robot/models/pr2/meshes/gripper_v0/gripper_palm.dae\n'}
[1.693072] (two_wheeled_robot) StdoutLine: {'line': b'-- Up-to-date: /home/greyflon/lab_2025/install/two_wheeled_robot/share/two_wheeled_robot/models/pr2/meshes/gripper_v0/finger_tip_r.stl\n'}
[1.693204] (two_wheeled_robot) StdoutLine: {'line': b'-- Up-to-date: /home/greyflon/lab_2025/install/two_wheeled_robot/share/two_wheeled_robot/models/pr2/meshes/gripper_v0/l_floating.stl\n'}
[1.693363] (two_wheeled_robot) StdoutLine: {'line': b'-- Up-to-date: /home/greyflon/lab_2025/install/two_wheeled_robot/share/two_wheeled_robot/models/pr2/meshes/gripper_v0/l_finger.stl\n'}
[1.693530] (two_wheeled_robot) StdoutLine: {'line': b'-- Up-to-date: /home/greyflon/lab_2025/install/two_wheeled_robot/share/two_wheeled_robot/models/pr2/meshes/gripper_v0/l_finger_tip.stl\n'}
[1.693665] (two_wheeled_robot) StdoutLine: {'line': b'-- Up-to-date: /home/greyflon/lab_2025/install/two_wheeled_robot/share/two_wheeled_robot/models/pr2/meshes/gripper_v0/l_float.dae\n'}
[1.693797] (two_wheeled_robot) StdoutLine: {'line': b'-- Up-to-date: /home/greyflon/lab_2025/install/two_wheeled_robot/share/two_wheeled_robot/models/pr2/meshes/gripper_v0/finger_tip_H_UV_100430.dae\n'}
[1.693930] (two_wheeled_robot) StdoutLine: {'line': b'-- Up-to-date: /home/greyflon/lab_2025/install/two_wheeled_robot/share/two_wheeled_robot/models/pr2/meshes/gripper_v0/finger_tip_pad2_l.stl\n'}
[1.694061] (two_wheeled_robot) StdoutLine: {'line': b'-- Up-to-date: /home/greyflon/lab_2025/install/two_wheeled_robot/share/two_wheeled_robot/models/pr2/materials\n'}
[1.694208] (two_wheeled_robot) StdoutLine: {'line': b'-- Up-to-date: /home/greyflon/lab_2025/install/two_wheeled_robot/share/two_wheeled_robot/models/pr2/materials/textures\n'}
[1.694368] (two_wheeled_robot) StdoutLine: {'line': b'-- Up-to-date: /home/greyflon/lab_2025/install/two_wheeled_robot/share/two_wheeled_robot/models/pr2/materials/textures/fingertip_H_Color_100430.png\n'}
[1.694512] (two_wheeled_robot) StdoutLine: {'line': b'-- Up-to-date: /home/greyflon/lab_2025/install/two_wheeled_robot/share/two_wheeled_robot/models/pr2/materials/textures/l_float_color.png\n'}
[1.694645] (two_wheeled_robot) StdoutLine: {'line': b'-- Up-to-date: /home/greyflon/lab_2025/install/two_wheeled_robot/share/two_wheeled_robot/models/pr2/materials/textures/gripper_palm_color.png\n'}
[1.694777] (two_wheeled_robot) StdoutLine: {'line': b'-- Up-to-date: /home/greyflon/lab_2025/install/two_wheeled_robot/share/two_wheeled_robot/models/pr2/materials/textures/upper_arm_color.png\n'}
[1.694908] (two_wheeled_robot) StdoutLine: {'line': b'-- Up-to-date: /home/greyflon/lab_2025/install/two_wheeled_robot/share/two_wheeled_robot/models/pr2/materials/textures/wheel_normals.png\n'}
[1.695040] (two_wheeled_robot) StdoutLine: {'line': b'-- Up-to-date: /home/greyflon/lab_2025/install/two_wheeled_robot/share/two_wheeled_robot/models/pr2/materials/textures/upper_arm_roll_normals.png\n'}
[1.695172] (two_wheeled_robot) StdoutLine: {'line': b'-- Up-to-date: /home/greyflon/lab_2025/install/two_wheeled_robot/share/two_wheeled_robot/models/pr2/materials/textures/head_tilt_green.png\n'}
[1.695326] (two_wheeled_robot) StdoutLine: {'line': b'-- Up-to-date: /home/greyflon/lab_2025/install/two_wheeled_robot/share/two_wheeled_robot/models/pr2/materials/textures/float_H_Color_100430.png\n'}
[1.695479] (two_wheeled_robot) StdoutLine: {'line': b'-- Up-to-date: /home/greyflon/lab_2025/install/two_wheeled_robot/share/two_wheeled_robot/models/pr2/materials/textures/l_finger_tip_normals.png\n'}
[1.695613] (two_wheeled_robot) StdoutLine: {'line': b'-- Up-to-date: /home/greyflon/lab_2025/install/two_wheeled_robot/share/two_wheeled_robot/models/pr2/materials/textures/wrist_color.png\n'}
[1.695746] (two_wheeled_robot) StdoutLine: {'line': b'-- Up-to-date: /home/greyflon/lab_2025/install/two_wheeled_robot/share/two_wheeled_robot/models/pr2/materials/textures/head_tilt_normals.png\n'}
[1.695877] (two_wheeled_robot) StdoutLine: {'line': b'-- Up-to-date: /home/greyflon/lab_2025/install/two_wheeled_robot/share/two_wheeled_robot/models/pr2/materials/textures/gripper_palm_normals.png\n'}
[1.696009] (two_wheeled_robot) StdoutLine: {'line': b'-- Up-to-date: /home/greyflon/lab_2025/install/two_wheeled_robot/share/two_wheeled_robot/models/pr2/materials/textures/torso_lift_normals.png\n'}
[1.696141] (two_wheeled_robot) StdoutLine: {'line': b'-- Up-to-date: /home/greyflon/lab_2025/install/two_wheeled_robot/share/two_wheeled_robot/models/pr2/materials/textures/head_tilt_color_red.png\n'}
[1.696273] (two_wheeled_robot) StdoutLine: {'line': b'-- Up-to-date: /home/greyflon/lab_2025/install/two_wheeled_robot/share/two_wheeled_robot/models/pr2/materials/textures/forearm_normals.png\n'}
[1.696443] (two_wheeled_robot) StdoutLine: {'line': b'-- Up-to-date: /home/greyflon/lab_2025/install/two_wheeled_robot/share/two_wheeled_robot/models/pr2/materials/textures/finger_H_Color_100430.png\n'}
[1.696578] (two_wheeled_robot) StdoutLine: {'line': b'-- Up-to-date: /home/greyflon/lab_2025/install/two_wheeled_robot/share/two_wheeled_robot/models/pr2/materials/textures/shoulder_pan_normals.png\n'}
[1.696724] (two_wheeled_robot) StdoutLine: {'line': b'-- Up-to-date: /home/greyflon/lab_2025/install/two_wheeled_robot/share/two_wheeled_robot/models/pr2/materials/textures/upper_arm_normals.png\n'}
[1.696859] (two_wheeled_robot) StdoutLine: {'line': b'-- Up-to-date: /home/greyflon/lab_2025/install/two_wheeled_robot/share/two_wheeled_robot/models/pr2/materials/textures/tilting_hokuyo_normals.png\n'}
[1.696992] (two_wheeled_robot) StdoutLine: {'line': b'-- Up-to-date: /home/greyflon/lab_2025/install/two_wheeled_robot/share/two_wheeled_robot/models/pr2/materials/textures/shoulder_pan_color.png\n'}
[1.697150] (two_wheeled_robot) StdoutLine: {'line': b'-- Up-to-date: /home/greyflon/lab_2025/install/two_wheeled_robot/share/two_wheeled_robot/models/pr2/materials/textures/l_float_normals.png\n'}
[1.697294] (two_wheeled_robot) StdoutLine: {'line': b'-- Up-to-date: /home/greyflon/lab_2025/install/two_wheeled_robot/share/two_wheeled_robot/models/pr2/materials/textures/wrist_normals.png\n'}
[1.697450] (two_wheeled_robot) StdoutLine: {'line': b'-- Up-to-date: /home/greyflon/lab_2025/install/two_wheeled_robot/share/two_wheeled_robot/models/pr2/materials/textures/wheel_color.png\n'}
[1.697606] (two_wheeled_robot) StdoutLine: {'line': b'-- Up-to-date: /home/greyflon/lab_2025/install/two_wheeled_robot/share/two_wheeled_robot/models/pr2/materials/textures/wheel_h_color.png\n'}
[1.697739] (two_wheeled_robot) StdoutLine: {'line': b'-- Up-to-date: /home/greyflon/lab_2025/install/two_wheeled_robot/share/two_wheeled_robot/models/pr2/materials/textures/elbow_flex_normals.png\n'}
[1.697869] (two_wheeled_robot) StdoutLine: {'line': b'-- Up-to-date: /home/greyflon/lab_2025/install/two_wheeled_robot/share/two_wheeled_robot/models/pr2/materials/textures/head_pan_color.png\n'}
[1.698001] (two_wheeled_robot) StdoutLine: {'line': b'-- Up-to-date: /home/greyflon/lab_2025/install/two_wheeled_robot/share/two_wheeled_robot/models/pr2/materials/textures/base_color.png\n'}
[1.698132] (two_wheeled_robot) StdoutLine: {'line': b'-- Up-to-date: /home/greyflon/lab_2025/install/two_wheeled_robot/share/two_wheeled_robot/models/pr2/materials/textures/l_finger_color.png\n'}
[1.698261] (two_wheeled_robot) StdoutLine: {'line': b'-- Up-to-date: /home/greyflon/lab_2025/install/two_wheeled_robot/share/two_wheeled_robot/models/pr2/materials/textures/tilting_hokuyo_color.png\n'}
[1.698424] (two_wheeled_robot) StdoutLine: {'line': b'-- Up-to-date: /home/greyflon/lab_2025/install/two_wheeled_robot/share/two_wheeled_robot/models/pr2/materials/textures/torso_lift_color.png\n'}
[1.698562] (two_wheeled_robot) StdoutLine: {'line': b'-- Up-to-date: /home/greyflon/lab_2025/install/two_wheeled_robot/share/two_wheeled_robot/models/pr2/materials/textures/palm_H_Color_100430.png\n'}
[1.698694] (two_wheeled_robot) StdoutLine: {'line': b'-- Up-to-date: /home/greyflon/lab_2025/install/two_wheeled_robot/share/two_wheeled_robot/models/pr2/materials/textures/head_tilt_color.png\n'}
[1.698852] (two_wheeled_robot) StdoutLine: {'line': b'-- Up-to-date: /home/greyflon/lab_2025/install/two_wheeled_robot/share/two_wheeled_robot/models/pr2/materials/textures/shoulder_lift_color.png\n'}
[1.698996] (two_wheeled_robot) StdoutLine: {'line': b'-- Up-to-date: /home/greyflon/lab_2025/install/two_wheeled_robot/share/two_wheeled_robot/models/pr2/materials/textures/base_normals.png\n'}
[1.699129] (two_wheeled_robot) StdoutLine: {'line': b'-- Up-to-date: /home/greyflon/lab_2025/install/two_wheeled_robot/share/two_wheeled_robot/models/pr2/materials/textures/forearm.png\n'}
[1.699261] (two_wheeled_robot) StdoutLine: {'line': b'-- Up-to-date: /home/greyflon/lab_2025/install/two_wheeled_robot/share/two_wheeled_robot/models/pr2/materials/textures/l_finger_tip_color.png\n'}
[1.699424] (two_wheeled_robot) StdoutLine: {'line': b'-- Up-to-date: /home/greyflon/lab_2025/install/two_wheeled_robot/share/two_wheeled_robot/models/pr2/materials/textures/upper_arm.png\n'}
[1.699562] (two_wheeled_robot) StdoutLine: {'line': b'-- Up-to-date: /home/greyflon/lab_2025/install/two_wheeled_robot/share/two_wheeled_robot/models/pr2/materials/textures/forearm_color.png\n'}
[1.699694] (two_wheeled_robot) StdoutLine: {'line': b'-- Up-to-date: /home/greyflon/lab_2025/install/two_wheeled_robot/share/two_wheeled_robot/models/pr2/materials/textures/head_tilt_color_yellow.png\n'}
[1.699825] (two_wheeled_robot) StdoutLine: {'line': b'-- Up-to-date: /home/greyflon/lab_2025/install/two_wheeled_robot/share/two_wheeled_robot/models/pr2/materials/textures/elbow_flex_color.png\n'}
[1.699956] (two_wheeled_robot) StdoutLine: {'line': b'-- Up-to-date: /home/greyflon/lab_2025/install/two_wheeled_robot/share/two_wheeled_robot/models/pr2/materials/textures/l_finger_normals.png\n'}
[1.700104] (two_wheeled_robot) StdoutLine: {'line': b'-- Up-to-date: /home/greyflon/lab_2025/install/two_wheeled_robot/share/two_wheeled_robot/models/pr2/materials/textures/head_pan_normals.png\n'}
[1.700237] (two_wheeled_robot) StdoutLine: {'line': b'-- Up-to-date: /home/greyflon/lab_2025/install/two_wheeled_robot/share/two_wheeled_robot/models/pr2/materials/textures/shoulder_lift_normals.png\n'}
[1.700399] (two_wheeled_robot) StdoutLine: {'line': b'-- Up-to-date: /home/greyflon/lab_2025/install/two_wheeled_robot/share/two_wheeled_robot/models/pr2/materials/textures/upper_arm_roll_color.png\n'}
[1.700552] (two_wheeled_robot) StdoutLine: {'line': b'-- Up-to-date: /home/greyflon/lab_2025/install/two_wheeled_robot/share/two_wheeled_robot/models/pr2/model.sdf\n'}
[1.700687] (two_wheeled_robot) StdoutLine: {'line': b'-- Up-to-date: /home/greyflon/lab_2025/install/two_wheeled_robot/share/two_wheeled_robot/models/pr2/model-1_3.sdf\n'}
[1.700819] (two_wheeled_robot) StdoutLine: {'line': b'-- Up-to-date: /home/greyflon/lab_2025/install/two_wheeled_robot/share/two_wheeled_robot/models/aws_robomaker_residential_Dumbbell_01\n'}
[1.703752] (-) TimerEvent: {}
[1.723519] (two_wheeled_robot) StdoutLine: {'line': b'-- Up-to-date: /home/greyflon/lab_2025/install/two_wheeled_robot/share/two_wheeled_robot/models/aws_robomaker_residential_Dumbbell_01/model.config\n'}
[1.723720] (two_wheeled_robot) StdoutLine: {'line': b'-- Up-to-date: /home/greyflon/lab_2025/install/two_wheeled_robot/share/two_wheeled_robot/models/aws_robomaker_residential_Dumbbell_01/meshes\n'}
[1.724098] (two_wheeled_robot) StdoutLine: {'line': b'-- Up-to-date: /home/greyflon/lab_2025/install/two_wheeled_robot/share/two_wheeled_robot/models/aws_robomaker_residential_Dumbbell_01/meshes/aws_Dumbbell_01_visual.DAE\n'}
[1.724364] (two_wheeled_robot) StdoutLine: {'line': b'-- Up-to-date: /home/greyflon/lab_2025/install/two_wheeled_robot/share/two_wheeled_robot/models/aws_robomaker_residential_Dumbbell_01/meshes/aws_Dumbbell_01_collision.DAE\n'}
[1.724582] (two_wheeled_robot) StdoutLine: {'line': b'-- Up-to-date: /home/greyflon/lab_2025/install/two_wheeled_robot/share/two_wheeled_robot/models/aws_robomaker_residential_Dumbbell_01/materials\n'}
[1.724731] (two_wheeled_robot) StdoutLine: {'line': b'-- Up-to-date: /home/greyflon/lab_2025/install/two_wheeled_robot/share/two_wheeled_robot/models/aws_robomaker_residential_Dumbbell_01/materials/textures\n'}
[1.724974] (two_wheeled_robot) StdoutLine: {'line': b'-- Up-to-date: /home/greyflon/lab_2025/install/two_wheeled_robot/share/two_wheeled_robot/models/aws_robomaker_residential_Dumbbell_01/materials/textures/aws_Dumbbell_01.png\n'}
[1.725113] (two_wheeled_robot) StdoutLine: {'line': b'-- Up-to-date: /home/greyflon/lab_2025/install/two_wheeled_robot/share/two_wheeled_robot/models/aws_robomaker_residential_Dumbbell_01/model.sdf\n'}
[1.725247] (two_wheeled_robot) StdoutLine: {'line': b'-- Up-to-date: /home/greyflon/lab_2025/install/two_wheeled_robot/share/two_wheeled_robot/models/aws_robomaker_warehouse_ShelfD_01\n'}
[1.725415] (two_wheeled_robot) StdoutLine: {'line': b'-- Up-to-date: /home/greyflon/lab_2025/install/two_wheeled_robot/share/two_wheeled_robot/models/aws_robomaker_warehouse_ShelfD_01/model.config\n'}
[1.725555] (two_wheeled_robot) StdoutLine: {'line': b'-- Up-to-date: /home/greyflon/lab_2025/install/two_wheeled_robot/share/two_wheeled_robot/models/aws_robomaker_warehouse_ShelfD_01/meshes\n'}
[1.740982] (two_wheeled_robot) StdoutLine: {'line': b'-- Up-to-date: /home/greyflon/lab_2025/install/two_wheeled_robot/share/two_wheeled_robot/models/aws_robomaker_warehouse_ShelfD_01/meshes/aws_robomaker_warehouse_ShelfD_01_collision.DAE\n'}
[1.741292] (two_wheeled_robot) StdoutLine: {'line': b'-- Up-to-date: /home/greyflon/lab_2025/install/two_wheeled_robot/share/two_wheeled_robot/models/aws_robomaker_warehouse_ShelfD_01/meshes/aws_robomaker_warehouse_ShelfD_01_visual.DAE\n'}
[1.741500] (two_wheeled_robot) StdoutLine: {'line': b'-- Up-to-date: /home/greyflon/lab_2025/install/two_wheeled_robot/share/two_wheeled_robot/models/aws_robomaker_warehouse_ShelfD_01/materials\n'}
[1.741663] (two_wheeled_robot) StdoutLine: {'line': b'-- Up-to-date: /home/greyflon/lab_2025/install/two_wheeled_robot/share/two_wheeled_robot/models/aws_robomaker_warehouse_ShelfD_01/materials/textures\n'}
[1.741922] (two_wheeled_robot) StdoutLine: {'line': b'-- Up-to-date: /home/greyflon/lab_2025/install/two_wheeled_robot/share/two_wheeled_robot/models/aws_robomaker_warehouse_ShelfD_01/materials/textures/aws_robomaker_warehouse_ShelfD_03.png\n'}
[1.742081] (two_wheeled_robot) StdoutLine: {'line': b'-- Up-to-date: /home/greyflon/lab_2025/install/two_wheeled_robot/share/two_wheeled_robot/models/aws_robomaker_warehouse_ShelfD_01/materials/textures/aws_robomaker_warehouse_ShelfD_02.png\n'}
[1.742227] (two_wheeled_robot) StdoutLine: {'line': b'-- Up-to-date: /home/greyflon/lab_2025/install/two_wheeled_robot/share/two_wheeled_robot/models/aws_robomaker_warehouse_ShelfD_01/materials/textures/aws_robomaker_warehouse_ShelfD_01.png\n'}
[1.742449] (two_wheeled_robot) StdoutLine: {'line': b'-- Up-to-date: /home/greyflon/lab_2025/install/two_wheeled_robot/share/two_wheeled_robot/models/aws_robomaker_warehouse_ShelfD_01/materials/textures/aws_robomaker_warehouse_ShelfD_04.png\n'}
[1.742592] (two_wheeled_robot) StdoutLine: {'line': b'-- Up-to-date: /home/greyflon/lab_2025/install/two_wheeled_robot/share/two_wheeled_robot/models/aws_robomaker_warehouse_ShelfD_01/model.sdf\n'}
[1.742725] (two_wheeled_robot) StdoutLine: {'line': b'-- Up-to-date: /home/greyflon/lab_2025/install/two_wheeled_robot/share/two_wheeled_robot/models/workcell_bin\n'}
[1.760659] (two_wheeled_robot) StdoutLine: {'line': b'-- Up-to-date: /home/greyflon/lab_2025/install/two_wheeled_robot/share/two_wheeled_robot/models/workcell_bin/model.config\n'}
[1.760910] (two_wheeled_robot) StdoutLine: {'line': b'-- Up-to-date: /home/greyflon/lab_2025/install/two_wheeled_robot/share/two_wheeled_robot/models/workcell_bin/meshes\n'}
[1.761142] (two_wheeled_robot) StdoutLine: {'line': b'-- Up-to-date: /home/greyflon/lab_2025/install/two_wheeled_robot/share/two_wheeled_robot/models/workcell_bin/meshes/bin.dae\n'}
[1.761409] (two_wheeled_robot) StdoutLine: {'line': b'-- Up-to-date: /home/greyflon/lab_2025/install/two_wheeled_robot/share/two_wheeled_robot/models/workcell_bin/materials\n'}
[1.761690] (two_wheeled_robot) StdoutLine: {'line': b'-- Up-to-date: /home/greyflon/lab_2025/install/two_wheeled_robot/share/two_wheeled_robot/models/workcell_bin/materials/textures\n'}
[1.761857] (two_wheeled_robot) StdoutLine: {'line': b'-- Up-to-date: /home/greyflon/lab_2025/install/two_wheeled_robot/share/two_wheeled_robot/models/workcell_bin/materials/textures/bin.png\n'}
[1.762020] (two_wheeled_robot) StdoutLine: {'line': b'-- Up-to-date: /home/greyflon/lab_2025/install/two_wheeled_robot/share/two_wheeled_robot/models/workcell_bin/model.sdf\n'}
[1.762188] (two_wheeled_robot) StdoutLine: {'line': b'-- Up-to-date: /home/greyflon/lab_2025/install/two_wheeled_robot/share/two_wheeled_robot/models/aws_robomaker_residential_DeskPortraitD_04\n'}
[1.762450] (two_wheeled_robot) StdoutLine: {'line': b'-- Up-to-date: /home/greyflon/lab_2025/install/two_wheeled_robot/share/two_wheeled_robot/models/aws_robomaker_residential_DeskPortraitD_04/model.config\n'}
[1.762691] (two_wheeled_robot) StdoutLine: {'line': b'-- Up-to-date: /home/greyflon/lab_2025/install/two_wheeled_robot/share/two_wheeled_robot/models/aws_robomaker_residential_DeskPortraitD_04/meshes\n'}
[1.762912] (two_wheeled_robot) StdoutLine: {'line': b'-- Up-to-date: /home/greyflon/lab_2025/install/two_wheeled_robot/share/two_wheeled_robot/models/aws_robomaker_residential_DeskPortraitD_04/meshes/aws_DeskPortraitD_01_visual.DAE\n'}
[1.763187] (two_wheeled_robot) StdoutLine: {'line': b'-- Up-to-date: /home/greyflon/lab_2025/install/two_wheeled_robot/share/two_wheeled_robot/models/aws_robomaker_residential_DeskPortraitD_04/meshes/aws_DeskPortraitD_01_collision.DAE\n'}
[1.763404] (two_wheeled_robot) StdoutLine: {'line': b'-- Up-to-date: /home/greyflon/lab_2025/install/two_wheeled_robot/share/two_wheeled_robot/models/aws_robomaker_residential_DeskPortraitD_04/materials\n'}
[1.763621] (two_wheeled_robot) StdoutLine: {'line': b'-- Up-to-date: /home/greyflon/lab_2025/install/two_wheeled_robot/share/two_wheeled_robot/models/aws_robomaker_residential_DeskPortraitD_04/materials/textures\n'}
[1.763774] (two_wheeled_robot) StdoutLine: {'line': b'-- Up-to-date: /home/greyflon/lab_2025/install/two_wheeled_robot/share/two_wheeled_robot/models/aws_robomaker_residential_DeskPortraitD_04/materials/textures/aws_DeskPortraitD_02.png\n'}
[1.764023] (two_wheeled_robot) StdoutLine: {'line': b'-- Up-to-date: /home/greyflon/lab_2025/install/two_wheeled_robot/share/two_wheeled_robot/models/aws_robomaker_residential_DeskPortraitD_04/materials/textures/aws_DeskPortraitD_01.png\n'}
[1.764182] (two_wheeled_robot) StdoutLine: {'line': b'-- Up-to-date: /home/greyflon/lab_2025/install/two_wheeled_robot/share/two_wheeled_robot/models/aws_robomaker_residential_DeskPortraitD_04/materials/textures/DeskPortraitD_04.jpg\n'}
[1.764426] (two_wheeled_robot) StdoutLine: {'line': b'-- Up-to-date: /home/greyflon/lab_2025/install/two_wheeled_robot/share/two_wheeled_robot/models/aws_robomaker_residential_DeskPortraitD_04/model.sdf\n'}
[1.764590] (two_wheeled_robot) StdoutLine: {'line': b'-- Up-to-date: /home/greyflon/lab_2025/install/two_wheeled_robot/share/two_wheeled_robot/models/kitchen_dining\n'}
[1.764743] (two_wheeled_robot) StdoutLine: {'line': b'-- Up-to-date: /home/greyflon/lab_2025/install/two_wheeled_robot/share/two_wheeled_robot/models/kitchen_dining/model-1_4.sdf\n'}
[1.764891] (two_wheeled_robot) StdoutLine: {'line': b'-- Up-to-date: /home/greyflon/lab_2025/install/two_wheeled_robot/share/two_wheeled_robot/models/kitchen_dining/model.config\n'}
[1.765055] (two_wheeled_robot) StdoutLine: {'line': b'-- Up-to-date: /home/greyflon/lab_2025/install/two_wheeled_robot/share/two_wheeled_robot/models/kitchen_dining/meshes\n'}
[1.765339] (two_wheeled_robot) StdoutLine: {'line': b'-- Up-to-date: /home/greyflon/lab_2025/install/two_wheeled_robot/share/two_wheeled_robot/models/kitchen_dining/meshes/kitchen_dining.dae\n'}
[1.765598] (two_wheeled_robot) StdoutLine: {'line': b'-- Up-to-date: /home/greyflon/lab_2025/install/two_wheeled_robot/share/two_wheeled_robot/models/kitchen_dining/materials\n'}
[1.765782] (two_wheeled_robot) StdoutLine: {'line': b'-- Up-to-date: /home/greyflon/lab_2025/install/two_wheeled_robot/share/two_wheeled_robot/models/kitchen_dining/materials/textures\n'}
[1.765961] (two_wheeled_robot) StdoutLine: {'line': b'-- Up-to-date: /home/greyflon/lab_2025/install/two_wheeled_robot/share/two_wheeled_robot/models/kitchen_dining/materials/textures/__auto_40.png\n'}
[1.766141] (two_wheeled_robot) StdoutLine: {'line': b'-- Up-to-date: /home/greyflon/lab_2025/install/two_wheeled_robot/share/two_wheeled_robot/models/kitchen_dining/materials/textures/__auto_57.png\n'}
[1.766452] (two_wheeled_robot) StdoutLine: {'line': b'-- Up-to-date: /home/greyflon/lab_2025/install/two_wheeled_robot/share/two_wheeled_robot/models/kitchen_dining/materials/textures/__auto_28.png\n'}
[1.766738] (two_wheeled_robot) StdoutLine: {'line': b'-- Up-to-date: /home/greyflon/lab_2025/install/two_wheeled_robot/share/two_wheeled_robot/models/kitchen_dining/materials/textures/__auto_46.png\n'}
[1.766993] (two_wheeled_robot) StdoutLine: {'line': b'-- Up-to-date: /home/greyflon/lab_2025/install/two_wheeled_robot/share/two_wheeled_robot/models/kitchen_dining/materials/textures/__auto_52.png\n'}
[1.767178] (two_wheeled_robot) StdoutLine: {'line': b'-- Up-to-date: /home/greyflon/lab_2025/install/two_wheeled_robot/share/two_wheeled_robot/models/kitchen_dining/materials/textures/__auto_19.png\n'}
[1.767500] (two_wheeled_robot) StdoutLine: {'line': b'-- Up-to-date: /home/greyflon/lab_2025/install/two_wheeled_robot/share/two_wheeled_robot/models/kitchen_dining/materials/textures/__auto_7.png\n'}
[1.767765] (two_wheeled_robot) StdoutLine: {'line': b'-- Up-to-date: /home/greyflon/lab_2025/install/two_wheeled_robot/share/two_wheeled_robot/models/kitchen_dining/materials/textures/__auto_21.png\n'}
[1.768008] (two_wheeled_robot) StdoutLine: {'line': b'-- Up-to-date: /home/greyflon/lab_2025/install/two_wheeled_robot/share/two_wheeled_robot/models/kitchen_dining/materials/textures/__auto_45.png\n'}
[1.768188] (two_wheeled_robot) StdoutLine: {'line': b'-- Up-to-date: /home/greyflon/lab_2025/install/two_wheeled_robot/share/two_wheeled_robot/models/kitchen_dining/materials/textures/__auto_64.png\n'}
[1.768500] (two_wheeled_robot) StdoutLine: {'line': b'-- Up-to-date: /home/greyflon/lab_2025/install/two_wheeled_robot/share/two_wheeled_robot/models/kitchen_dining/materials/textures/__auto_16.png\n'}
[1.768772] (two_wheeled_robot) StdoutLine: {'line': b'-- Up-to-date: /home/greyflon/lab_2025/install/two_wheeled_robot/share/two_wheeled_robot/models/kitchen_dining/materials/textures/__auto_17.png\n'}
[1.768954] (two_wheeled_robot) StdoutLine: {'line': b'-- Up-to-date: /home/greyflon/lab_2025/install/two_wheeled_robot/share/two_wheeled_robot/models/kitchen_dining/materials/textures/__auto_53.png\n'}
[1.769122] (two_wheeled_robot) StdoutLine: {'line': b'-- Up-to-date: /home/greyflon/lab_2025/install/two_wheeled_robot/share/two_wheeled_robot/models/kitchen_dining/materials/textures/__auto_38.png\n'}
[1.769304] (two_wheeled_robot) StdoutLine: {'line': b'-- Up-to-date: /home/greyflon/lab_2025/install/two_wheeled_robot/share/two_wheeled_robot/models/kitchen_dining/materials/textures/__auto_56.png\n'}
[1.769605] (two_wheeled_robot) StdoutLine: {'line': b'-- Up-to-date: /home/greyflon/lab_2025/install/two_wheeled_robot/share/two_wheeled_robot/models/kitchen_dining/materials/textures/__auto_20.png\n'}
[1.769754] (two_wheeled_robot) StdoutLine: {'line': b'-- Up-to-date: /home/greyflon/lab_2025/install/two_wheeled_robot/share/two_wheeled_robot/models/kitchen_dining/materials/textures/__auto_44.png\n'}
[1.769903] (two_wheeled_robot) StdoutLine: {'line': b'-- Up-to-date: /home/greyflon/lab_2025/install/two_wheeled_robot/share/two_wheeled_robot/models/kitchen_dining/materials/textures/__auto_9.png\n'}
[1.770054] (two_wheeled_robot) StdoutLine: {'line': b'-- Up-to-date: /home/greyflon/lab_2025/install/two_wheeled_robot/share/two_wheeled_robot/models/kitchen_dining/materials/textures/__auto_47.png\n'}
[1.770204] (two_wheeled_robot) StdoutLine: {'line': b'-- Up-to-date: /home/greyflon/lab_2025/install/two_wheeled_robot/share/two_wheeled_robot/models/kitchen_dining/materials/textures/__auto_39.png\n'}
[1.770475] (two_wheeled_robot) StdoutLine: {'line': b'-- Up-to-date: /home/greyflon/lab_2025/install/two_wheeled_robot/share/two_wheeled_robot/models/kitchen_dining/materials/textures/__auto_29.png\n'}
[1.770635] (two_wheeled_robot) StdoutLine: {'line': b'-- Up-to-date: /home/greyflon/lab_2025/install/two_wheeled_robot/share/two_wheeled_robot/models/kitchen_dining/materials/textures/__auto_25.png\n'}
[1.770787] (two_wheeled_robot) StdoutLine: {'line': b'-- Up-to-date: /home/greyflon/lab_2025/install/two_wheeled_robot/share/two_wheeled_robot/models/kitchen_dining/materials/textures/__auto_61.png\n'}
[1.770937] (two_wheeled_robot) StdoutLine: {'line': b'-- Up-to-date: /home/greyflon/lab_2025/install/two_wheeled_robot/share/two_wheeled_robot/models/kitchen_dining/materials/textures/__auto_69.png\n'}
[1.771088] (two_wheeled_robot) StdoutLine: {'line': b'-- Up-to-date: /home/greyflon/lab_2025/install/two_wheeled_robot/share/two_wheeled_robot/models/kitchen_dining/materials/textures/__auto_1.png\n'}
[1.771238] (two_wheeled_robot) StdoutLine: {'line': b'-- Up-to-date: /home/greyflon/lab_2025/install/two_wheeled_robot/share/two_wheeled_robot/models/kitchen_dining/materials/textures/__auto_43.png\n'}
[1.771543] (two_wheeled_robot) StdoutLine: {'line': b'-- Up-to-date: /home/greyflon/lab_2025/install/two_wheeled_robot/share/two_wheeled_robot/models/kitchen_dining/materials/textures/__auto_49.png\n'}
[1.771745] (two_wheeled_robot) StdoutLine: {'line': b'-- Up-to-date: /home/greyflon/lab_2025/install/two_wheeled_robot/share/two_wheeled_robot/models/kitchen_dining/materials/textures/__auto_51.png\n'}
[1.771941] (two_wheeled_robot) StdoutLine: {'line': b'-- Up-to-date: /home/greyflon/lab_2025/install/two_wheeled_robot/share/two_wheeled_robot/models/kitchen_dining/materials/textures/__auto_42.png\n'}
[1.772140] (two_wheeled_robot) StdoutLine: {'line': b'-- Up-to-date: /home/greyflon/lab_2025/install/two_wheeled_robot/share/two_wheeled_robot/models/kitchen_dining/materials/textures/__auto_50.png\n'}
[1.772311] (two_wheeled_robot) StdoutLine: {'line': b'-- Up-to-date: /home/greyflon/lab_2025/install/two_wheeled_robot/share/two_wheeled_robot/models/kitchen_dining/materials/textures/__auto_18.png\n'}
[1.772572] (two_wheeled_robot) StdoutLine: {'line': b'-- Up-to-date: /home/greyflon/lab_2025/install/two_wheeled_robot/share/two_wheeled_robot/models/kitchen_dining/materials/textures/__auto_60.png\n'}
[1.772714] (two_wheeled_robot) StdoutLine: {'line': b'-- Up-to-date: /home/greyflon/lab_2025/install/two_wheeled_robot/share/two_wheeled_robot/models/kitchen_dining/materials/textures/__auto_30.png\n'}
[1.772850] (two_wheeled_robot) StdoutLine: {'line': b'-- Up-to-date: /home/greyflon/lab_2025/install/two_wheeled_robot/share/two_wheeled_robot/models/kitchen_dining/materials/textures/__auto_41.png\n'}
[1.772987] (two_wheeled_robot) StdoutLine: {'line': b'-- Up-to-date: /home/greyflon/lab_2025/install/two_wheeled_robot/share/two_wheeled_robot/models/kitchen_dining/materials/textures/__auto_66.png\n'}
[1.773151] (two_wheeled_robot) StdoutLine: {'line': b'-- Up-to-date: /home/greyflon/lab_2025/install/two_wheeled_robot/share/two_wheeled_robot/models/kitchen_dining/materials/textures/__auto_13.png\n'}
[1.773337] (two_wheeled_robot) StdoutLine: {'line': b'-- Up-to-date: /home/greyflon/lab_2025/install/two_wheeled_robot/share/two_wheeled_robot/models/kitchen_dining/materials/textures/__auto_14.png\n'}
[1.773537] (two_wheeled_robot) StdoutLine: {'line': b'-- Up-to-date: /home/greyflon/lab_2025/install/two_wheeled_robot/share/two_wheeled_robot/models/kitchen_dining/materials/textures/__auto_59.png\n'}
[1.773718] (two_wheeled_robot) StdoutLine: {'line': b'-- Up-to-date: /home/greyflon/lab_2025/install/two_wheeled_robot/share/two_wheeled_robot/models/kitchen_dining/materials/textures/__auto_2.png\n'}
[1.773896] (two_wheeled_robot) StdoutLine: {'line': b'-- Up-to-date: /home/greyflon/lab_2025/install/two_wheeled_robot/share/two_wheeled_robot/models/kitchen_dining/materials/textures/__auto_8.png\n'}
[1.774072] (two_wheeled_robot) StdoutLine: {'line': b'-- Up-to-date: /home/greyflon/lab_2025/install/two_wheeled_robot/share/two_wheeled_robot/models/kitchen_dining/materials/textures/__auto_24.png\n'}
[1.774250] (two_wheeled_robot) StdoutLine: {'line': b'-- Up-to-date: /home/greyflon/lab_2025/install/two_wheeled_robot/share/two_wheeled_robot/models/kitchen_dining/materials/textures/__auto_22.png\n'}
[1.774567] (two_wheeled_robot) StdoutLine: {'line': b'-- Up-to-date: /home/greyflon/lab_2025/install/two_wheeled_robot/share/two_wheeled_robot/models/kitchen_dining/model.sdf\n'}
[1.774754] (two_wheeled_robot) StdoutLine: {'line': b'-- Up-to-date: /home/greyflon/lab_2025/install/two_wheeled_robot/share/two_wheeled_robot/models/kitchen_dining/model-1_3.sdf\n'}
[1.774999] (two_wheeled_robot) StdoutLine: {'line': b'-- Up-to-date: /home/greyflon/lab_2025/install/two_wheeled_robot/share/two_wheeled_robot/models/aws_robomaker_warehouse_ClutteringC_01\n'}
[1.775183] (two_wheeled_robot) StdoutLine: {'line': b'-- Up-to-date: /home/greyflon/lab_2025/install/two_wheeled_robot/share/two_wheeled_robot/models/aws_robomaker_warehouse_ClutteringC_01/model.config\n'}
[1.775481] (two_wheeled_robot) StdoutLine: {'line': b'-- Up-to-date: /home/greyflon/lab_2025/install/two_wheeled_robot/share/two_wheeled_robot/models/aws_robomaker_warehouse_ClutteringC_01/meshes\n'}
[1.775669] (two_wheeled_robot) StdoutLine: {'line': b'-- Up-to-date: /home/greyflon/lab_2025/install/two_wheeled_robot/share/two_wheeled_robot/models/aws_robomaker_warehouse_ClutteringC_01/meshes/aws_robomaker_warehouse_ClutteringC_01_collision.DAE\n'}
[1.775853] (two_wheeled_robot) StdoutLine: {'line': b'-- Up-to-date: /home/greyflon/lab_2025/install/two_wheeled_robot/share/two_wheeled_robot/models/aws_robomaker_warehouse_ClutteringC_01/meshes/aws_robomaker_warehouse_ClutteringC_01_visual.DAE\n'}
[1.776015] (two_wheeled_robot) StdoutLine: {'line': b'-- Up-to-date: /home/greyflon/lab_2025/install/two_wheeled_robot/share/two_wheeled_robot/models/aws_robomaker_warehouse_ClutteringC_01/materials\n'}
[1.776167] (two_wheeled_robot) StdoutLine: {'line': b'-- Up-to-date: /home/greyflon/lab_2025/install/two_wheeled_robot/share/two_wheeled_robot/models/aws_robomaker_warehouse_ClutteringC_01/materials/textures\n'}
[1.776341] (two_wheeled_robot) StdoutLine: {'line': b'-- Up-to-date: /home/greyflon/lab_2025/install/two_wheeled_robot/share/two_wheeled_robot/models/aws_robomaker_warehouse_ClutteringC_01/materials/textures/aws_robomaker_warehouse_ClutteringC_01.png\n'}
[1.776493] (two_wheeled_robot) StdoutLine: {'line': b'-- Up-to-date: /home/greyflon/lab_2025/install/two_wheeled_robot/share/two_wheeled_robot/models/aws_robomaker_warehouse_ClutteringC_01/materials/textures/aws_robomaker_warehouse_ClutteringC_02.png\n'}
[1.776630] (two_wheeled_robot) StdoutLine: {'line': b'-- Up-to-date: /home/greyflon/lab_2025/install/two_wheeled_robot/share/two_wheeled_robot/models/aws_robomaker_warehouse_ClutteringC_01/model.sdf\n'}
[1.776766] (two_wheeled_robot) StdoutLine: {'line': b'-- Up-to-date: /home/greyflon/lab_2025/install/two_wheeled_robot/share/two_wheeled_robot/models/AnesthesiaMachine\n'}
[1.776902] (two_wheeled_robot) StdoutLine: {'line': b'-- Up-to-date: /home/greyflon/lab_2025/install/two_wheeled_robot/share/two_wheeled_robot/models/AnesthesiaMachine/model.config\n'}
[1.777038] (two_wheeled_robot) StdoutLine: {'line': b'-- Up-to-date: /home/greyflon/lab_2025/install/two_wheeled_robot/share/two_wheeled_robot/models/AnesthesiaMachine/meshes\n'}
[1.777188] (two_wheeled_robot) StdoutLine: {'line': b'-- Up-to-date: /home/greyflon/lab_2025/install/two_wheeled_robot/share/two_wheeled_robot/models/AnesthesiaMachine/meshes/AnesthesiaMachine.png\n'}
[1.777349] (two_wheeled_robot) StdoutLine: {'line': b'-- Up-to-date: /home/greyflon/lab_2025/install/two_wheeled_robot/share/two_wheeled_robot/models/AnesthesiaMachine/meshes/AnesthesiaMachine_Col.mtl\n'}
[1.777501] (two_wheeled_robot) StdoutLine: {'line': b'-- Up-to-date: /home/greyflon/lab_2025/install/two_wheeled_robot/share/two_wheeled_robot/models/AnesthesiaMachine/meshes/AnesthesiaMachine.obj\n'}
[1.777637] (two_wheeled_robot) StdoutLine: {'line': b'-- Up-to-date: /home/greyflon/lab_2025/install/two_wheeled_robot/share/two_wheeled_robot/models/AnesthesiaMachine/meshes/AnesthesiaMachine.mtl\n'}
[1.777772] (two_wheeled_robot) StdoutLine: {'line': b'-- Up-to-date: /home/greyflon/lab_2025/install/two_wheeled_robot/share/two_wheeled_robot/models/AnesthesiaMachine/meshes/AnesthesiaMachine_Col.obj\n'}
[1.777907] (two_wheeled_robot) StdoutLine: {'line': b'-- Up-to-date: /home/greyflon/lab_2025/install/two_wheeled_robot/share/two_wheeled_robot/models/AnesthesiaMachine/thumbnails\n'}
[1.778041] (two_wheeled_robot) StdoutLine: {'line': b'-- Up-to-date: /home/greyflon/lab_2025/install/two_wheeled_robot/share/two_wheeled_robot/models/AnesthesiaMachine/thumbnails/5.png\n'}
[1.778177] (two_wheeled_robot) StdoutLine: {'line': b'-- Up-to-date: /home/greyflon/lab_2025/install/two_wheeled_robot/share/two_wheeled_robot/models/AnesthesiaMachine/thumbnails/1.png\n'}
[1.778332] (two_wheeled_robot) StdoutLine: {'line': b'-- Up-to-date: /home/greyflon/lab_2025/install/two_wheeled_robot/share/two_wheeled_robot/models/AnesthesiaMachine/thumbnails/2.png\n'}
[1.778484] (two_wheeled_robot) StdoutLine: {'line': b'-- Up-to-date: /home/greyflon/lab_2025/install/two_wheeled_robot/share/two_wheeled_robot/models/AnesthesiaMachine/thumbnails/4.png\n'}
[1.778619] (two_wheeled_robot) StdoutLine: {'line': b'-- Up-to-date: /home/greyflon/lab_2025/install/two_wheeled_robot/share/two_wheeled_robot/models/AnesthesiaMachine/thumbnails/3.png\n'}
[1.778754] (two_wheeled_robot) StdoutLine: {'line': b'-- Up-to-date: /home/greyflon/lab_2025/install/two_wheeled_robot/share/two_wheeled_robot/models/AnesthesiaMachine/model.sdf\n'}
[1.778906] (two_wheeled_robot) StdoutLine: {'line': b'-- Up-to-date: /home/greyflon/lab_2025/install/two_wheeled_robot/share/two_wheeled_robot/models/box_target_red\n'}
[1.779042] (two_wheeled_robot) StdoutLine: {'line': b'-- Up-to-date: /home/greyflon/lab_2025/install/two_wheeled_robot/share/two_wheeled_robot/models/box_target_red/model.config\n'}
[1.779177] (two_wheeled_robot) StdoutLine: {'line': b'-- Up-to-date: /home/greyflon/lab_2025/install/two_wheeled_robot/share/two_wheeled_robot/models/box_target_red/meshes\n'}
[1.779333] (two_wheeled_robot) StdoutLine: {'line': b'-- Up-to-date: /home/greyflon/lab_2025/install/two_wheeled_robot/share/two_wheeled_robot/models/box_target_red/meshes/mesh.dae\n'}
[1.779512] (two_wheeled_robot) StdoutLine: {'line': b'-- Up-to-date: /home/greyflon/lab_2025/install/two_wheeled_robot/share/two_wheeled_robot/models/box_target_red/materials\n'}
[1.779649] (two_wheeled_robot) StdoutLine: {'line': b'-- Up-to-date: /home/greyflon/lab_2025/install/two_wheeled_robot/share/two_wheeled_robot/models/box_target_red/materials/textures\n'}
[1.779784] (two_wheeled_robot) StdoutLine: {'line': b'-- Up-to-date: /home/greyflon/lab_2025/install/two_wheeled_robot/share/two_wheeled_robot/models/box_target_red/materials/textures/end_pad.png\n'}
[1.779925] (two_wheeled_robot) StdoutLine: {'line': b'-- Up-to-date: /home/greyflon/lab_2025/install/two_wheeled_robot/share/two_wheeled_robot/models/box_target_red/model.sdf\n'}
[1.780062] (two_wheeled_robot) StdoutLine: {'line': b'-- Up-to-date: /home/greyflon/lab_2025/install/two_wheeled_robot/share/two_wheeled_robot/models/big_box2\n'}
[1.800565] (two_wheeled_robot) StdoutLine: {'line': b'-- Up-to-date: /home/greyflon/lab_2025/install/two_wheeled_robot/share/two_wheeled_robot/models/big_box2/model.config\n'}
[1.800861] (two_wheeled_robot) StdoutLine: {'line': b'-- Up-to-date: /home/greyflon/lab_2025/install/two_wheeled_robot/share/two_wheeled_robot/models/big_box2/meshes\n'}
[1.801131] (two_wheeled_robot) StdoutLine: {'line': b'-- Up-to-date: /home/greyflon/lab_2025/install/two_wheeled_robot/share/two_wheeled_robot/models/big_box2/meshes/big_box.dae\n'}
[1.801315] (two_wheeled_robot) StdoutLine: {'line': b'-- Up-to-date: /home/greyflon/lab_2025/install/two_wheeled_robot/share/two_wheeled_robot/models/big_box2/materials\n'}
[1.801541] (two_wheeled_robot) StdoutLine: {'line': b'-- Up-to-date: /home/greyflon/lab_2025/install/two_wheeled_robot/share/two_wheeled_robot/models/big_box2/materials/textures\n'}
[1.801778] (two_wheeled_robot) StdoutLine: {'line': b'-- Up-to-date: /home/greyflon/lab_2025/install/two_wheeled_robot/share/two_wheeled_robot/models/big_box2/materials/textures/barcode.png\n'}
[1.801963] (two_wheeled_robot) StdoutLine: {'line': b'-- Up-to-date: /home/greyflon/lab_2025/install/two_wheeled_robot/share/two_wheeled_robot/models/big_box2/materials/textures/Kraft_Tile.jpg\n'}
[1.802110] (two_wheeled_robot) StdoutLine: {'line': b'-- Up-to-date: /home/greyflon/lab_2025/install/two_wheeled_robot/share/two_wheeled_robot/models/big_box2/materials/textures/side2.png\n'}
[1.802255] (two_wheeled_robot) StdoutLine: {'line': b'-- Up-to-date: /home/greyflon/lab_2025/install/two_wheeled_robot/share/two_wheeled_robot/models/big_box2/materials/textures/side1.pdn\n'}
[1.802532] (two_wheeled_robot) StdoutLine: {'line': b'-- Up-to-date: /home/greyflon/lab_2025/install/two_wheeled_robot/share/two_wheeled_robot/models/big_box2/materials/textures/front.png\n'}
[1.802692] (two_wheeled_robot) StdoutLine: {'line': b'-- Up-to-date: /home/greyflon/lab_2025/install/two_wheeled_robot/share/two_wheeled_robot/models/big_box2/materials/textures/front.pdn\n'}
[1.802838] (two_wheeled_robot) StdoutLine: {'line': b'-- Up-to-date: /home/greyflon/lab_2025/install/two_wheeled_robot/share/two_wheeled_robot/models/big_box2/materials/textures/side2.pdn\n'}
[1.802984] (two_wheeled_robot) StdoutLine: {'line': b'-- Up-to-date: /home/greyflon/lab_2025/install/two_wheeled_robot/share/two_wheeled_robot/models/big_box2/materials/textures/side1.png\n'}
[1.803209] (two_wheeled_robot) StdoutLine: {'line': b'-- Up-to-date: /home/greyflon/lab_2025/install/two_wheeled_robot/share/two_wheeled_robot/models/big_box2/model.sdf\n'}
[1.803375] (two_wheeled_robot) StdoutLine: {'line': b'-- Up-to-date: /home/greyflon/lab_2025/install/two_wheeled_robot/share/two_wheeled_robot/models/aws_robomaker_residential_Tableware_01\n'}
[1.803535] (two_wheeled_robot) StdoutLine: {'line': b'-- Up-to-date: /home/greyflon/lab_2025/install/two_wheeled_robot/share/two_wheeled_robot/models/aws_robomaker_residential_Tableware_01/model.config\n'}
[1.803682] (two_wheeled_robot) StdoutLine: {'line': b'-- Up-to-date: /home/greyflon/lab_2025/install/two_wheeled_robot/share/two_wheeled_robot/models/aws_robomaker_residential_Tableware_01/meshes\n'}
[1.803821] (-) TimerEvent: {}
[1.804079] (two_wheeled_robot) StdoutLine: {'line': b'-- Up-to-date: /home/greyflon/lab_2025/install/two_wheeled_robot/share/two_wheeled_robot/models/aws_robomaker_residential_Tableware_01/meshes/aws_Tableware_01_visual.DAE\n'}
[1.804235] (two_wheeled_robot) StdoutLine: {'line': b'-- Up-to-date: /home/greyflon/lab_2025/install/two_wheeled_robot/share/two_wheeled_robot/models/aws_robomaker_residential_Tableware_01/meshes/aws_Tableware_01_collision.DAE\n'}
[1.804466] (two_wheeled_robot) StdoutLine: {'line': b'-- Up-to-date: /home/greyflon/lab_2025/install/two_wheeled_robot/share/two_wheeled_robot/models/aws_robomaker_residential_Tableware_01/materials\n'}
[1.804611] (two_wheeled_robot) StdoutLine: {'line': b'-- Up-to-date: /home/greyflon/lab_2025/install/two_wheeled_robot/share/two_wheeled_robot/models/aws_robomaker_residential_Tableware_01/materials/textures\n'}
[1.804755] (two_wheeled_robot) StdoutLine: {'line': b'-- Up-to-date: /home/greyflon/lab_2025/install/two_wheeled_robot/share/two_wheeled_robot/models/aws_robomaker_residential_Tableware_01/materials/textures/aws_Tableware_01.png\n'}
[1.804902] (two_wheeled_robot) StdoutLine: {'line': b'-- Up-to-date: /home/greyflon/lab_2025/install/two_wheeled_robot/share/two_wheeled_robot/models/aws_robomaker_residential_Tableware_01/model.sdf\n'}
[1.805049] (two_wheeled_robot) StdoutLine: {'line': b'-- Up-to-date: /home/greyflon/lab_2025/install/two_wheeled_robot/share/two_wheeled_robot/models/aws_robomaker_residential_DeskPortraitD_01\n'}
[1.805195] (two_wheeled_robot) StdoutLine: {'line': b'-- Up-to-date: /home/greyflon/lab_2025/install/two_wheeled_robot/share/two_wheeled_robot/models/aws_robomaker_residential_DeskPortraitD_01/model.config\n'}
[1.805483] (two_wheeled_robot) StdoutLine: {'line': b'-- Up-to-date: /home/greyflon/lab_2025/install/two_wheeled_robot/share/two_wheeled_robot/models/aws_robomaker_residential_DeskPortraitD_01/meshes\n'}
[1.805647] (two_wheeled_robot) StdoutLine: {'line': b'-- Up-to-date: /home/greyflon/lab_2025/install/two_wheeled_robot/share/two_wheeled_robot/models/aws_robomaker_residential_DeskPortraitD_01/meshes/aws_DeskPortraitD_01_visual.DAE\n'}
[1.805796] (two_wheeled_robot) StdoutLine: {'line': b'-- Up-to-date: /home/greyflon/lab_2025/install/two_wheeled_robot/share/two_wheeled_robot/models/aws_robomaker_residential_DeskPortraitD_01/meshes/aws_DeskPortraitD_01_collision.DAE\n'}
[1.805943] (two_wheeled_robot) StdoutLine: {'line': b'-- Up-to-date: /home/greyflon/lab_2025/install/two_wheeled_robot/share/two_wheeled_robot/models/aws_robomaker_residential_DeskPortraitD_01/materials\n'}
[1.806124] (two_wheeled_robot) StdoutLine: {'line': b'-- Up-to-date: /home/greyflon/lab_2025/install/two_wheeled_robot/share/two_wheeled_robot/models/aws_robomaker_residential_DeskPortraitD_01/materials/textures\n'}
[1.806273] (two_wheeled_robot) StdoutLine: {'line': b'-- Up-to-date: /home/greyflon/lab_2025/install/two_wheeled_robot/share/two_wheeled_robot/models/aws_robomaker_residential_DeskPortraitD_01/materials/textures/aws_DeskPortraitD_02.png\n'}
[1.806553] (two_wheeled_robot) StdoutLine: {'line': b'-- Up-to-date: /home/greyflon/lab_2025/install/two_wheeled_robot/share/two_wheeled_robot/models/aws_robomaker_residential_DeskPortraitD_01/materials/textures/aws_DeskPortraitD_01.png\n'}
[1.806846] (two_wheeled_robot) StdoutLine: {'line': b'-- Up-to-date: /home/greyflon/lab_2025/install/two_wheeled_robot/share/two_wheeled_robot/models/aws_robomaker_residential_DeskPortraitD_01/materials/textures/DeskPortraitD_01.jpg\n'}
[1.806994] (two_wheeled_robot) StdoutLine: {'line': b'-- Up-to-date: /home/greyflon/lab_2025/install/two_wheeled_robot/share/two_wheeled_robot/models/aws_robomaker_residential_DeskPortraitD_01/model.sdf\n'}
[1.807211] (two_wheeled_robot) StdoutLine: {'line': b'-- Up-to-date: /home/greyflon/lab_2025/install/two_wheeled_robot/share/two_wheeled_robot/models/BedTable\n'}
[1.807409] (two_wheeled_robot) StdoutLine: {'line': b'-- Up-to-date: /home/greyflon/lab_2025/install/two_wheeled_robot/share/two_wheeled_robot/models/BedTable/model.config\n'}
[1.807570] (two_wheeled_robot) StdoutLine: {'line': b'-- Up-to-date: /home/greyflon/lab_2025/install/two_wheeled_robot/share/two_wheeled_robot/models/BedTable/meshes\n'}
[1.807738] (two_wheeled_robot) StdoutLine: {'line': b'-- Up-to-date: /home/greyflon/lab_2025/install/two_wheeled_robot/share/two_wheeled_robot/models/BedTable/meshes/BedTable.obj\n'}
[1.807904] (two_wheeled_robot) StdoutLine: {'line': b'-- Up-to-date: /home/greyflon/lab_2025/install/two_wheeled_robot/share/two_wheeled_robot/models/BedTable/meshes/BedTable.mtl\n'}
[1.808068] (two_wheeled_robot) StdoutLine: {'line': b'-- Up-to-date: /home/greyflon/lab_2025/install/two_wheeled_robot/share/two_wheeled_robot/models/BedTable/meshes/BedTable_Diffuse.png\n'}
[1.808236] (two_wheeled_robot) StdoutLine: {'line': b'-- Up-to-date: /home/greyflon/lab_2025/install/two_wheeled_robot/share/two_wheeled_robot/models/BedTable/meshes/BedTable_SpecGloss.png\n'}
[1.808553] (two_wheeled_robot) StdoutLine: {'line': b'-- Up-to-date: /home/greyflon/lab_2025/install/two_wheeled_robot/share/two_wheeled_robot/models/BedTable/meshes/BedTable_Col.obj\n'}
[1.808726] (two_wheeled_robot) StdoutLine: {'line': b'-- Up-to-date: /home/greyflon/lab_2025/install/two_wheeled_robot/share/two_wheeled_robot/models/BedTable/meshes/BedTable.png\n'}
[1.808892] (two_wheeled_robot) StdoutLine: {'line': b'-- Up-to-date: /home/greyflon/lab_2025/install/two_wheeled_robot/share/two_wheeled_robot/models/BedTable/meshes/BedTable_Col.mtl\n'}
[1.809061] (two_wheeled_robot) StdoutLine: {'line': b'-- Up-to-date: /home/greyflon/lab_2025/install/two_wheeled_robot/share/two_wheeled_robot/models/BedTable/meshes/BedTable_Normal.png\n'}
[1.809237] (two_wheeled_robot) StdoutLine: {'line': b'-- Up-to-date: /home/greyflon/lab_2025/install/two_wheeled_robot/share/two_wheeled_robot/models/BedTable/thumbnails\n'}
[1.809632] (two_wheeled_robot) StdoutLine: {'line': b'-- Up-to-date: /home/greyflon/lab_2025/install/two_wheeled_robot/share/two_wheeled_robot/models/BedTable/thumbnails/5.png\n'}
[1.809822] (two_wheeled_robot) StdoutLine: {'line': b'-- Up-to-date: /home/greyflon/lab_2025/install/two_wheeled_robot/share/two_wheeled_robot/models/BedTable/thumbnails/1.png\n'}
[1.809997] (two_wheeled_robot) StdoutLine: {'line': b'-- Up-to-date: /home/greyflon/lab_2025/install/two_wheeled_robot/share/two_wheeled_robot/models/BedTable/thumbnails/2.png\n'}
[1.810174] (two_wheeled_robot) StdoutLine: {'line': b'-- Up-to-date: /home/greyflon/lab_2025/install/two_wheeled_robot/share/two_wheeled_robot/models/BedTable/thumbnails/4.png\n'}
[1.810479] (two_wheeled_robot) StdoutLine: {'line': b'-- Up-to-date: /home/greyflon/lab_2025/install/two_wheeled_robot/share/two_wheeled_robot/models/BedTable/thumbnails/3.png\n'}
[1.810670] (two_wheeled_robot) StdoutLine: {'line': b'-- Up-to-date: /home/greyflon/lab_2025/install/two_wheeled_robot/share/two_wheeled_robot/models/BedTable/model.sdf\n'}
[1.810879] (two_wheeled_robot) StdoutLine: {'line': b'-- Up-to-date: /home/greyflon/lab_2025/install/two_wheeled_robot/share/two_wheeled_robot/models/big_box3\n'}
[1.811074] (two_wheeled_robot) StdoutLine: {'line': b'-- Up-to-date: /home/greyflon/lab_2025/install/two_wheeled_robot/share/two_wheeled_robot/models/big_box3/model.config\n'}
[1.811433] (two_wheeled_robot) StdoutLine: {'line': b'-- Up-to-date: /home/greyflon/lab_2025/install/two_wheeled_robot/share/two_wheeled_robot/models/big_box3/meshes\n'}
[1.811738] (two_wheeled_robot) StdoutLine: {'line': b'-- Up-to-date: /home/greyflon/lab_2025/install/two_wheeled_robot/share/two_wheeled_robot/models/big_box3/meshes/big_box.dae\n'}
[1.811921] (two_wheeled_robot) StdoutLine: {'line': b'-- Up-to-date: /home/greyflon/lab_2025/install/two_wheeled_robot/share/two_wheeled_robot/models/big_box3/materials\n'}
[1.812093] (two_wheeled_robot) StdoutLine: {'line': b'-- Up-to-date: /home/greyflon/lab_2025/install/two_wheeled_robot/share/two_wheeled_robot/models/big_box3/materials/textures\n'}
[1.812258] (two_wheeled_robot) StdoutLine: {'line': b'-- Up-to-date: /home/greyflon/lab_2025/install/two_wheeled_robot/share/two_wheeled_robot/models/big_box3/materials/textures/barcode.png\n'}
[1.812600] (two_wheeled_robot) StdoutLine: {'line': b'-- Up-to-date: /home/greyflon/lab_2025/install/two_wheeled_robot/share/two_wheeled_robot/models/big_box3/materials/textures/Kraft_Tile.jpg\n'}
[1.812802] (two_wheeled_robot) StdoutLine: {'line': b'-- Up-to-date: /home/greyflon/lab_2025/install/two_wheeled_robot/share/two_wheeled_robot/models/big_box3/materials/textures/side2.png\n'}
[1.812968] (two_wheeled_robot) StdoutLine: {'line': b'-- Up-to-date: /home/greyflon/lab_2025/install/two_wheeled_robot/share/two_wheeled_robot/models/big_box3/materials/textures/side1.pdn\n'}
[1.813140] (two_wheeled_robot) StdoutLine: {'line': b'-- Up-to-date: /home/greyflon/lab_2025/install/two_wheeled_robot/share/two_wheeled_robot/models/big_box3/materials/textures/front.png\n'}
[1.813430] (two_wheeled_robot) StdoutLine: {'line': b'-- Up-to-date: /home/greyflon/lab_2025/install/two_wheeled_robot/share/two_wheeled_robot/models/big_box3/materials/textures/front.pdn\n'}
[1.813691] (two_wheeled_robot) StdoutLine: {'line': b'-- Up-to-date: /home/greyflon/lab_2025/install/two_wheeled_robot/share/two_wheeled_robot/models/big_box3/materials/textures/side2.pdn\n'}
[1.813917] (two_wheeled_robot) StdoutLine: {'line': b'-- Up-to-date: /home/greyflon/lab_2025/install/two_wheeled_robot/share/two_wheeled_robot/models/big_box3/materials/textures/side1.png\n'}
[1.814088] (two_wheeled_robot) StdoutLine: {'line': b'-- Up-to-date: /home/greyflon/lab_2025/install/two_wheeled_robot/share/two_wheeled_robot/models/big_box3/model.sdf\n'}
[1.814266] (two_wheeled_robot) StdoutLine: {'line': b'-- Up-to-date: /home/greyflon/lab_2025/install/two_wheeled_robot/share/two_wheeled_robot/models/aws_robomaker_residential_FoldingDoor_02\n'}
[1.814659] (two_wheeled_robot) StdoutLine: {'line': b'-- Up-to-date: /home/greyflon/lab_2025/install/two_wheeled_robot/share/two_wheeled_robot/models/aws_robomaker_residential_FoldingDoor_02/model.config\n'}
[1.814825] (two_wheeled_robot) StdoutLine: {'line': b'-- Up-to-date: /home/greyflon/lab_2025/install/two_wheeled_robot/share/two_wheeled_robot/models/aws_robomaker_residential_FoldingDoor_02/meshes\n'}
[1.814986] (two_wheeled_robot) StdoutLine: {'line': b'-- Up-to-date: /home/greyflon/lab_2025/install/two_wheeled_robot/share/two_wheeled_robot/models/aws_robomaker_residential_FoldingDoor_02/meshes/aws_FoldingDoor_02_collision.DAE\n'}
[1.815150] (two_wheeled_robot) StdoutLine: {'line': b'-- Up-to-date: /home/greyflon/lab_2025/install/two_wheeled_robot/share/two_wheeled_robot/models/aws_robomaker_residential_FoldingDoor_02/meshes/aws_FoldingDoor_02_visual.DAE\n'}
[1.815406] (two_wheeled_robot) StdoutLine: {'line': b'-- Up-to-date: /home/greyflon/lab_2025/install/two_wheeled_robot/share/two_wheeled_robot/models/aws_robomaker_residential_FoldingDoor_02/materials\n'}
[1.815694] (two_wheeled_robot) StdoutLine: {'line': b'-- Up-to-date: /home/greyflon/lab_2025/install/two_wheeled_robot/share/two_wheeled_robot/models/aws_robomaker_residential_FoldingDoor_02/materials/textures\n'}
[1.815870] (two_wheeled_robot) StdoutLine: {'line': b'-- Up-to-date: /home/greyflon/lab_2025/install/two_wheeled_robot/share/two_wheeled_robot/models/aws_robomaker_residential_FoldingDoor_02/materials/textures/aws_FoldingDoor_02.png\n'}
[1.816096] (two_wheeled_robot) StdoutLine: {'line': b'-- Up-to-date: /home/greyflon/lab_2025/install/two_wheeled_robot/share/two_wheeled_robot/models/aws_robomaker_residential_FoldingDoor_02/model.sdf\n'}
[1.816275] (two_wheeled_robot) StdoutLine: {'line': b'-- Up-to-date: /home/greyflon/lab_2025/install/two_wheeled_robot/share/two_wheeled_robot/models/playground\n'}
[1.816565] (two_wheeled_robot) StdoutLine: {'line': b'-- Up-to-date: /home/greyflon/lab_2025/install/two_wheeled_robot/share/two_wheeled_robot/models/playground/model.config\n'}
[1.816746] (two_wheeled_robot) StdoutLine: {'line': b'-- Up-to-date: /home/greyflon/lab_2025/install/two_wheeled_robot/share/two_wheeled_robot/models/playground/meshes\n'}
[1.816923] (two_wheeled_robot) StdoutLine: {'line': b'-- Up-to-date: /home/greyflon/lab_2025/install/two_wheeled_robot/share/two_wheeled_robot/models/playground/meshes/playground.dae\n'}
[1.817094] (two_wheeled_robot) StdoutLine: {'line': b'-- Up-to-date: /home/greyflon/lab_2025/install/two_wheeled_robot/share/two_wheeled_robot/models/playground/materials\n'}
[1.817239] (two_wheeled_robot) StdoutLine: {'line': b'-- Up-to-date: /home/greyflon/lab_2025/install/two_wheeled_robot/share/two_wheeled_robot/models/playground/materials/textures\n'}
[1.817465] (two_wheeled_robot) StdoutLine: {'line': b'-- Up-to-date: /home/greyflon/lab_2025/install/two_wheeled_robot/share/two_wheeled_robot/models/playground/materials/textures/playground_spec.jpg\n'}
[1.817619] (two_wheeled_robot) StdoutLine: {'line': b'-- Up-to-date: /home/greyflon/lab_2025/install/two_wheeled_robot/share/two_wheeled_robot/models/playground/materials/textures/playground_diffuse.jpg\n'}
[1.817764] (two_wheeled_robot) StdoutLine: {'line': b'-- Up-to-date: /home/greyflon/lab_2025/install/two_wheeled_robot/share/two_wheeled_robot/models/playground/model.sdf\n'}
[1.818040] (two_wheeled_robot) StdoutLine: {'line': b'-- Up-to-date: /home/greyflon/lab_2025/install/two_wheeled_robot/share/two_wheeled_robot/models/aws_robomaker_warehouse_ClutteringD_01\n'}
[1.818190] (two_wheeled_robot) StdoutLine: {'line': b'-- Up-to-date: /home/greyflon/lab_2025/install/two_wheeled_robot/share/two_wheeled_robot/models/aws_robomaker_warehouse_ClutteringD_01/model.config\n'}
[1.818432] (two_wheeled_robot) StdoutLine: {'line': b'-- Up-to-date: /home/greyflon/lab_2025/install/two_wheeled_robot/share/two_wheeled_robot/models/aws_robomaker_warehouse_ClutteringD_01/meshes\n'}
[1.818579] (two_wheeled_robot) StdoutLine: {'line': b'-- Up-to-date: /home/greyflon/lab_2025/install/two_wheeled_robot/share/two_wheeled_robot/models/aws_robomaker_warehouse_ClutteringD_01/meshes/aws_robomaker_warehouse_ClutteringD_01_visual.DAE\n'}
[1.818712] (two_wheeled_robot) StdoutLine: {'line': b'-- Up-to-date: /home/greyflon/lab_2025/install/two_wheeled_robot/share/two_wheeled_robot/models/aws_robomaker_warehouse_ClutteringD_01/meshes/aws_robomaker_warehouse_ClutteringD_01_collision.DAE\n'}
[1.818874] (two_wheeled_robot) StdoutLine: {'line': b'-- Up-to-date: /home/greyflon/lab_2025/install/two_wheeled_robot/share/two_wheeled_robot/models/aws_robomaker_warehouse_ClutteringD_01/materials\n'}
[1.819014] (two_wheeled_robot) StdoutLine: {'line': b'-- Up-to-date: /home/greyflon/lab_2025/install/two_wheeled_robot/share/two_wheeled_robot/models/aws_robomaker_warehouse_ClutteringD_01/materials/textures\n'}
[1.819159] (two_wheeled_robot) StdoutLine: {'line': b'-- Up-to-date: /home/greyflon/lab_2025/install/two_wheeled_robot/share/two_wheeled_robot/models/aws_robomaker_warehouse_ClutteringD_01/materials/textures/aws_robomaker_warehouse_ClutteringD_02.png\n'}
[1.819309] (two_wheeled_robot) StdoutLine: {'line': b'-- Up-to-date: /home/greyflon/lab_2025/install/two_wheeled_robot/share/two_wheeled_robot/models/aws_robomaker_warehouse_ClutteringD_01/materials/textures/aws_robomaker_warehouse_ClutteringD_01.png\n'}
[1.819513] (two_wheeled_robot) StdoutLine: {'line': b'-- Up-to-date: /home/greyflon/lab_2025/install/two_wheeled_robot/share/two_wheeled_robot/models/aws_robomaker_warehouse_ClutteringD_01/model.sdf\n'}
[1.819714] (two_wheeled_robot) StdoutLine: {'line': b'-- Up-to-date: /home/greyflon/lab_2025/install/two_wheeled_robot/share/two_wheeled_robot/models/MetalCabinet\n'}
[1.819861] (two_wheeled_robot) StdoutLine: {'line': b'-- Up-to-date: /home/greyflon/lab_2025/install/two_wheeled_robot/share/two_wheeled_robot/models/MetalCabinet/model.config\n'}
[1.820004] (two_wheeled_robot) StdoutLine: {'line': b'-- Up-to-date: /home/greyflon/lab_2025/install/two_wheeled_robot/share/two_wheeled_robot/models/MetalCabinet/meshes\n'}
[1.820147] (two_wheeled_robot) StdoutLine: {'line': b'-- Up-to-date: /home/greyflon/lab_2025/install/two_wheeled_robot/share/two_wheeled_robot/models/MetalCabinet/meshes/MetalCabinet.png\n'}
[1.820308] (two_wheeled_robot) StdoutLine: {'line': b'-- Up-to-date: /home/greyflon/lab_2025/install/two_wheeled_robot/share/two_wheeled_robot/models/MetalCabinet/meshes/MetalCabinet.mtl\n'}
[1.820632] (two_wheeled_robot) StdoutLine: {'line': b'-- Up-to-date: /home/greyflon/lab_2025/install/two_wheeled_robot/share/two_wheeled_robot/models/MetalCabinet/meshes/MetalCabinet.obj\n'}
[1.820769] (two_wheeled_robot) StdoutLine: {'line': b'-- Up-to-date: /home/greyflon/lab_2025/install/two_wheeled_robot/share/two_wheeled_robot/models/MetalCabinet/thumbnails\n'}
[1.820900] (two_wheeled_robot) StdoutLine: {'line': b'-- Up-to-date: /home/greyflon/lab_2025/install/two_wheeled_robot/share/two_wheeled_robot/models/MetalCabinet/thumbnails/5.png\n'}
[1.821032] (two_wheeled_robot) StdoutLine: {'line': b'-- Up-to-date: /home/greyflon/lab_2025/install/two_wheeled_robot/share/two_wheeled_robot/models/MetalCabinet/thumbnails/1.png\n'}
[1.821165] (two_wheeled_robot) StdoutLine: {'line': b'-- Up-to-date: /home/greyflon/lab_2025/install/two_wheeled_robot/share/two_wheeled_robot/models/MetalCabinet/thumbnails/2.png\n'}
[1.821317] (two_wheeled_robot) StdoutLine: {'line': b'-- Up-to-date: /home/greyflon/lab_2025/install/two_wheeled_robot/share/two_wheeled_robot/models/MetalCabinet/thumbnails/4.png\n'}
[1.821471] (two_wheeled_robot) StdoutLine: {'line': b'-- Up-to-date: /home/greyflon/lab_2025/install/two_wheeled_robot/share/two_wheeled_robot/models/MetalCabinet/thumbnails/3.png\n'}
[1.821603] (two_wheeled_robot) StdoutLine: {'line': b'-- Up-to-date: /home/greyflon/lab_2025/install/two_wheeled_robot/share/two_wheeled_robot/models/MetalCabinet/model.sdf\n'}
[1.821734] (two_wheeled_robot) StdoutLine: {'line': b'-- Up-to-date: /home/greyflon/lab_2025/install/two_wheeled_robot/share/two_wheeled_robot/models/CGMClassic\n'}
[1.821865] (two_wheeled_robot) StdoutLine: {'line': b'-- Up-to-date: /home/greyflon/lab_2025/install/two_wheeled_robot/share/two_wheeled_robot/models/CGMClassic/model.config\n'}
[1.821995] (two_wheeled_robot) StdoutLine: {'line': b'-- Up-to-date: /home/greyflon/lab_2025/install/two_wheeled_robot/share/two_wheeled_robot/models/CGMClassic/meshes\n'}
[1.822126] (two_wheeled_robot) StdoutLine: {'line': b'-- Up-to-date: /home/greyflon/lab_2025/install/two_wheeled_robot/share/two_wheeled_robot/models/CGMClassic/meshes/Carts_Wheels_Diffuse.png\n'}
[1.822257] (two_wheeled_robot) StdoutLine: {'line': b'-- Up-to-date: /home/greyflon/lab_2025/install/two_wheeled_robot/share/two_wheeled_robot/models/CGMClassic/meshes/CGMClassic.mtl\n'}
[1.822422] (two_wheeled_robot) StdoutLine: {'line': b'-- Up-to-date: /home/greyflon/lab_2025/install/two_wheeled_robot/share/two_wheeled_robot/models/CGMClassic/meshes/CGMClassic_Diffuse.png\n'}
[1.822561] (two_wheeled_robot) StdoutLine: {'line': b'-- Up-to-date: /home/greyflon/lab_2025/install/two_wheeled_robot/share/two_wheeled_robot/models/CGMClassic/meshes/Wheels_Normal_Normal_Bump.tga\n'}
[1.822718] (two_wheeled_robot) StdoutLine: {'line': b'-- Up-to-date: /home/greyflon/lab_2025/install/two_wheeled_robot/share/two_wheeled_robot/models/CGMClassic/meshes/CGMClassic.obj\n'}
[1.822851] (two_wheeled_robot) StdoutLine: {'line': b'-- Up-to-date: /home/greyflon/lab_2025/install/two_wheeled_robot/share/two_wheeled_robot/models/CGMClassic/thumbnails\n'}
[1.822995] (two_wheeled_robot) StdoutLine: {'line': b'-- Up-to-date: /home/greyflon/lab_2025/install/two_wheeled_robot/share/two_wheeled_robot/models/CGMClassic/thumbnails/5.png\n'}
[1.823127] (two_wheeled_robot) StdoutLine: {'line': b'-- Up-to-date: /home/greyflon/lab_2025/install/two_wheeled_robot/share/two_wheeled_robot/models/CGMClassic/thumbnails/1.png\n'}
[1.823257] (two_wheeled_robot) StdoutLine: {'line': b'-- Up-to-date: /home/greyflon/lab_2025/install/two_wheeled_robot/share/two_wheeled_robot/models/CGMClassic/thumbnails/2.png\n'}
[1.823420] (two_wheeled_robot) StdoutLine: {'line': b'-- Up-to-date: /home/greyflon/lab_2025/install/two_wheeled_robot/share/two_wheeled_robot/models/CGMClassic/thumbnails/4.png\n'}
[1.823571] (two_wheeled_robot) StdoutLine: {'line': b'-- Up-to-date: /home/greyflon/lab_2025/install/two_wheeled_robot/share/two_wheeled_robot/models/CGMClassic/thumbnails/3.png\n'}
[1.823706] (two_wheeled_robot) StdoutLine: {'line': b'-- Up-to-date: /home/greyflon/lab_2025/install/two_wheeled_robot/share/two_wheeled_robot/models/CGMClassic/model.sdf\n'}
[1.823838] (two_wheeled_robot) StdoutLine: {'line': b'-- Up-to-date: /home/greyflon/lab_2025/install/two_wheeled_robot/share/two_wheeled_robot/models/aws_robomaker_hospital_curtain_half_open_01\n'}
[1.823969] (two_wheeled_robot) StdoutLine: {'line': b'-- Up-to-date: /home/greyflon/lab_2025/install/two_wheeled_robot/share/two_wheeled_robot/models/aws_robomaker_hospital_curtain_half_open_01/model.config\n'}
[1.824101] (two_wheeled_robot) StdoutLine: {'line': b'-- Up-to-date: /home/greyflon/lab_2025/install/two_wheeled_robot/share/two_wheeled_robot/models/aws_robomaker_hospital_curtain_half_open_01/meshes\n'}
[1.824232] (two_wheeled_robot) StdoutLine: {'line': b'-- Up-to-date: /home/greyflon/lab_2025/install/two_wheeled_robot/share/two_wheeled_robot/models/aws_robomaker_hospital_curtain_half_open_01/meshes/aws_robomaker_hospital_curtainrail_01_visual.png\n'}
[1.824395] (two_wheeled_robot) StdoutLine: {'line': b'-- Up-to-date: /home/greyflon/lab_2025/install/two_wheeled_robot/share/two_wheeled_robot/models/aws_robomaker_hospital_curtain_half_open_01/meshes/aws_robomaker_hospital_curtain_half_open_01_visual.png\n'}
[1.824536] (two_wheeled_robot) StdoutLine: {'line': b'-- Up-to-date: /home/greyflon/lab_2025/install/two_wheeled_robot/share/two_wheeled_robot/models/aws_robomaker_hospital_curtain_half_open_01/meshes/aws_robomaker_hospital_curtain_half_open_01_low.png\n'}
[1.824668] (two_wheeled_robot) StdoutLine: {'line': b'-- Up-to-date: /home/greyflon/lab_2025/install/two_wheeled_robot/share/two_wheeled_robot/models/aws_robomaker_hospital_curtain_half_open_01/meshes/aws_robomaker_hospital_curtainrail_01_visual_normal.png\n'}
[1.824802] (two_wheeled_robot) StdoutLine: {'line': b'-- Up-to-date: /home/greyflon/lab_2025/install/two_wheeled_robot/share/two_wheeled_robot/models/aws_robomaker_hospital_curtain_half_open_01/meshes/aws_robomaker_hospital_curtain_half_open_01_low_normal.png\n'}
[1.824936] (two_wheeled_robot) StdoutLine: {'line': b'-- Up-to-date: /home/greyflon/lab_2025/install/two_wheeled_robot/share/two_wheeled_robot/models/aws_robomaker_hospital_curtain_half_open_01/meshes/aws_robomaker_hospital_curtain_half_open_01_collision.dae\n'}
[1.825069] (two_wheeled_robot) StdoutLine: {'line': b'-- Up-to-date: /home/greyflon/lab_2025/install/two_wheeled_robot/share/two_wheeled_robot/models/aws_robomaker_hospital_curtain_half_open_01/meshes/aws_robomaker_hospital_curtain_half_open_01_visual_normal.png\n'}
[1.825200] (two_wheeled_robot) StdoutLine: {'line': b'-- Up-to-date: /home/greyflon/lab_2025/install/two_wheeled_robot/share/two_wheeled_robot/models/aws_robomaker_hospital_curtain_half_open_01/meshes/aws_robomaker_hospital_curtainrail_01_low.png\n'}
[1.825358] (two_wheeled_robot) StdoutLine: {'line': b'-- Up-to-date: /home/greyflon/lab_2025/install/two_wheeled_robot/share/two_wheeled_robot/models/aws_robomaker_hospital_curtain_half_open_01/meshes/aws_robomaker_hospital_curtainrail_01_low_normal.png\n'}
[1.825503] (two_wheeled_robot) StdoutLine: {'line': b'-- Up-to-date: /home/greyflon/lab_2025/install/two_wheeled_robot/share/two_wheeled_robot/models/aws_robomaker_hospital_curtain_half_open_01/meshes/aws_robomaker_hospital_curtain_half_open_01_visual.dae\n'}
[1.825651] (two_wheeled_robot) StdoutLine: {'line': b'-- Up-to-date: /home/greyflon/lab_2025/install/two_wheeled_robot/share/two_wheeled_robot/models/aws_robomaker_hospital_curtain_half_open_01/model.sdf\n'}
[1.825784] (two_wheeled_robot) StdoutLine: {'line': b'-- Up-to-date: /home/greyflon/lab_2025/install/two_wheeled_robot/share/two_wheeled_robot/models/aws_robomaker_warehouse_Bucket_01\n'}
[1.825915] (two_wheeled_robot) StdoutLine: {'line': b'-- Up-to-date: /home/greyflon/lab_2025/install/two_wheeled_robot/share/two_wheeled_robot/models/aws_robomaker_warehouse_Bucket_01/model.config\n'}
[1.826046] (two_wheeled_robot) StdoutLine: {'line': b'-- Up-to-date: /home/greyflon/lab_2025/install/two_wheeled_robot/share/two_wheeled_robot/models/aws_robomaker_warehouse_Bucket_01/meshes\n'}
[1.826178] (two_wheeled_robot) StdoutLine: {'line': b'-- Up-to-date: /home/greyflon/lab_2025/install/two_wheeled_robot/share/two_wheeled_robot/models/aws_robomaker_warehouse_Bucket_01/meshes/aws_robomaker_warehouse_Bucket_01_collision.DAE\n'}
[1.826362] (two_wheeled_robot) StdoutLine: {'line': b'-- Up-to-date: /home/greyflon/lab_2025/install/two_wheeled_robot/share/two_wheeled_robot/models/aws_robomaker_warehouse_Bucket_01/meshes/aws_robomaker_warehouse_Bucket_01_visual.DAE\n'}
[1.826512] (two_wheeled_robot) StdoutLine: {'line': b'-- Up-to-date: /home/greyflon/lab_2025/install/two_wheeled_robot/share/two_wheeled_robot/models/aws_robomaker_warehouse_Bucket_01/materials\n'}
[1.826645] (two_wheeled_robot) StdoutLine: {'line': b'-- Up-to-date: /home/greyflon/lab_2025/install/two_wheeled_robot/share/two_wheeled_robot/models/aws_robomaker_warehouse_Bucket_01/materials/textures\n'}
[1.826792] (two_wheeled_robot) StdoutLine: {'line': b'-- Up-to-date: /home/greyflon/lab_2025/install/two_wheeled_robot/share/two_wheeled_robot/models/aws_robomaker_warehouse_Bucket_01/materials/textures/aws_robomaker_warehouse_Bucket_01.png\n'}
[1.826960] (two_wheeled_robot) StdoutLine: {'line': b'-- Up-to-date: /home/greyflon/lab_2025/install/two_wheeled_robot/share/two_wheeled_robot/models/aws_robomaker_warehouse_Bucket_01/model.sdf\n'}
[1.827095] (two_wheeled_robot) StdoutLine: {'line': b'-- Up-to-date: /home/greyflon/lab_2025/install/two_wheeled_robot/share/two_wheeled_robot/models/aws_robomaker_warehouse_ShelfF_01\n'}
[1.827227] (two_wheeled_robot) StdoutLine: {'line': b'-- Up-to-date: /home/greyflon/lab_2025/install/two_wheeled_robot/share/two_wheeled_robot/models/aws_robomaker_warehouse_ShelfF_01/model.config\n'}
[1.827389] (two_wheeled_robot) StdoutLine: {'line': b'-- Up-to-date: /home/greyflon/lab_2025/install/two_wheeled_robot/share/two_wheeled_robot/models/aws_robomaker_warehouse_ShelfF_01/meshes\n'}
[1.827528] (two_wheeled_robot) StdoutLine: {'line': b'-- Up-to-date: /home/greyflon/lab_2025/install/two_wheeled_robot/share/two_wheeled_robot/models/aws_robomaker_warehouse_ShelfF_01/meshes/aws_robomaker_warehouse_ShelfF_01_collision.DAE\n'}
[1.827662] (two_wheeled_robot) StdoutLine: {'line': b'-- Up-to-date: /home/greyflon/lab_2025/install/two_wheeled_robot/share/two_wheeled_robot/models/aws_robomaker_warehouse_ShelfF_01/meshes/aws_robomaker_warehouse_ShelfF_01_visual.DAE\n'}
[1.827794] (two_wheeled_robot) StdoutLine: {'line': b'-- Up-to-date: /home/greyflon/lab_2025/install/two_wheeled_robot/share/two_wheeled_robot/models/aws_robomaker_warehouse_ShelfF_01/materials\n'}
[1.827927] (two_wheeled_robot) StdoutLine: {'line': b'-- Up-to-date: /home/greyflon/lab_2025/install/two_wheeled_robot/share/two_wheeled_robot/models/aws_robomaker_warehouse_ShelfF_01/materials/textures\n'}
[1.828063] (two_wheeled_robot) StdoutLine: {'line': b'-- Up-to-date: /home/greyflon/lab_2025/install/two_wheeled_robot/share/two_wheeled_robot/models/aws_robomaker_warehouse_ShelfF_01/materials/textures/aws_robomaker_warehouse_ShelfF_01.png\n'}
[1.828214] (two_wheeled_robot) StdoutLine: {'line': b'-- Up-to-date: /home/greyflon/lab_2025/install/two_wheeled_robot/share/two_wheeled_robot/models/aws_robomaker_warehouse_ShelfF_01/materials/textures/aws_robomaker_warehouse_ShelfF_03.png\n'}
[1.828420] (two_wheeled_robot) StdoutLine: {'line': b'-- Up-to-date: /home/greyflon/lab_2025/install/two_wheeled_robot/share/two_wheeled_robot/models/aws_robomaker_warehouse_ShelfF_01/materials/textures/aws_robomaker_warehouse_ShelfF_02.png\n'}
[1.828580] (two_wheeled_robot) StdoutLine: {'line': b'-- Up-to-date: /home/greyflon/lab_2025/install/two_wheeled_robot/share/two_wheeled_robot/models/aws_robomaker_warehouse_ShelfF_01/model.sdf\n'}
[1.828732] (two_wheeled_robot) StdoutLine: {'line': b'-- Up-to-date: /home/greyflon/lab_2025/install/two_wheeled_robot/share/two_wheeled_robot/models/aws_robomaker_residential_NightStand_01\n'}
[1.828883] (two_wheeled_robot) StdoutLine: {'line': b'-- Up-to-date: /home/greyflon/lab_2025/install/two_wheeled_robot/share/two_wheeled_robot/models/aws_robomaker_residential_NightStand_01/model.config\n'}
[1.829034] (two_wheeled_robot) StdoutLine: {'line': b'-- Up-to-date: /home/greyflon/lab_2025/install/two_wheeled_robot/share/two_wheeled_robot/models/aws_robomaker_residential_NightStand_01/meshes\n'}
[1.829186] (two_wheeled_robot) StdoutLine: {'line': b'-- Up-to-date: /home/greyflon/lab_2025/install/two_wheeled_robot/share/two_wheeled_robot/models/aws_robomaker_residential_NightStand_01/meshes/aws_NightStand_01_collision.DAE\n'}
[1.829363] (two_wheeled_robot) StdoutLine: {'line': b'-- Up-to-date: /home/greyflon/lab_2025/install/two_wheeled_robot/share/two_wheeled_robot/models/aws_robomaker_residential_NightStand_01/meshes/aws_NightStand_01_visual.DAE\n'}
[1.829535] (two_wheeled_robot) StdoutLine: {'line': b'-- Up-to-date: /home/greyflon/lab_2025/install/two_wheeled_robot/share/two_wheeled_robot/models/aws_robomaker_residential_NightStand_01/materials\n'}
[1.829689] (two_wheeled_robot) StdoutLine: {'line': b'-- Up-to-date: /home/greyflon/lab_2025/install/two_wheeled_robot/share/two_wheeled_robot/models/aws_robomaker_residential_NightStand_01/materials/textures\n'}
[1.829841] (two_wheeled_robot) StdoutLine: {'line': b'-- Up-to-date: /home/greyflon/lab_2025/install/two_wheeled_robot/share/two_wheeled_robot/models/aws_robomaker_residential_NightStand_01/materials/textures/aws_NightStand_01.png\n'}
[1.829994] (two_wheeled_robot) StdoutLine: {'line': b'-- Up-to-date: /home/greyflon/lab_2025/install/two_wheeled_robot/share/two_wheeled_robot/models/aws_robomaker_residential_NightStand_01/model.sdf\n'}
[1.830180] (two_wheeled_robot) StdoutLine: {'line': b'-- Up-to-date: /home/greyflon/lab_2025/install/two_wheeled_robot/share/two_wheeled_robot/models/aws_robomaker_residential_DeskPortraitB_01\n'}
[1.830378] (two_wheeled_robot) StdoutLine: {'line': b'-- Up-to-date: /home/greyflon/lab_2025/install/two_wheeled_robot/share/two_wheeled_robot/models/aws_robomaker_residential_DeskPortraitB_01/model.config\n'}
[1.830584] (two_wheeled_robot) StdoutLine: {'line': b'-- Up-to-date: /home/greyflon/lab_2025/install/two_wheeled_robot/share/two_wheeled_robot/models/aws_robomaker_residential_DeskPortraitB_01/meshes\n'}
[1.830773] (two_wheeled_robot) StdoutLine: {'line': b'-- Up-to-date: /home/greyflon/lab_2025/install/two_wheeled_robot/share/two_wheeled_robot/models/aws_robomaker_residential_DeskPortraitB_01/meshes/aws_DeskPortraitB_01_visual.DAE\n'}
[1.830938] (two_wheeled_robot) StdoutLine: {'line': b'-- Up-to-date: /home/greyflon/lab_2025/install/two_wheeled_robot/share/two_wheeled_robot/models/aws_robomaker_residential_DeskPortraitB_01/meshes/aws_DeskPortraitB_01_collision.DAE\n'}
[1.831101] (two_wheeled_robot) StdoutLine: {'line': b'-- Up-to-date: /home/greyflon/lab_2025/install/two_wheeled_robot/share/two_wheeled_robot/models/aws_robomaker_residential_DeskPortraitB_01/materials\n'}
[1.831265] (two_wheeled_robot) StdoutLine: {'line': b'-- Up-to-date: /home/greyflon/lab_2025/install/two_wheeled_robot/share/two_wheeled_robot/models/aws_robomaker_residential_DeskPortraitB_01/materials/textures\n'}
[1.831466] (two_wheeled_robot) StdoutLine: {'line': b'-- Up-to-date: /home/greyflon/lab_2025/install/two_wheeled_robot/share/two_wheeled_robot/models/aws_robomaker_residential_DeskPortraitB_01/materials/textures/aws_DeskPortraitB_02.png\n'}
[1.831657] (two_wheeled_robot) StdoutLine: {'line': b'-- Up-to-date: /home/greyflon/lab_2025/install/two_wheeled_robot/share/two_wheeled_robot/models/aws_robomaker_residential_DeskPortraitB_01/materials/textures/DeskPortraitB_01.jpg\n'}
[1.831823] (two_wheeled_robot) StdoutLine: {'line': b'-- Up-to-date: /home/greyflon/lab_2025/install/two_wheeled_robot/share/two_wheeled_robot/models/aws_robomaker_residential_DeskPortraitB_01/materials/textures/aws_DeskPortraitB_01.png\n'}
[1.831986] (two_wheeled_robot) StdoutLine: {'line': b'-- Up-to-date: /home/greyflon/lab_2025/install/two_wheeled_robot/share/two_wheeled_robot/models/aws_robomaker_residential_DeskPortraitB_01/model.sdf\n'}
[1.832150] (two_wheeled_robot) StdoutLine: {'line': b'-- Up-to-date: /home/greyflon/lab_2025/install/two_wheeled_robot/share/two_wheeled_robot/models/aws_robomaker_hospital_curtain_open_01\n'}
[1.832331] (two_wheeled_robot) StdoutLine: {'line': b'-- Up-to-date: /home/greyflon/lab_2025/install/two_wheeled_robot/share/two_wheeled_robot/models/aws_robomaker_hospital_curtain_open_01/model.config\n'}
[1.832520] (two_wheeled_robot) StdoutLine: {'line': b'-- Up-to-date: /home/greyflon/lab_2025/install/two_wheeled_robot/share/two_wheeled_robot/models/aws_robomaker_hospital_curtain_open_01/meshes\n'}
[1.832683] (two_wheeled_robot) StdoutLine: {'line': b'-- Up-to-date: /home/greyflon/lab_2025/install/two_wheeled_robot/share/two_wheeled_robot/models/aws_robomaker_hospital_curtain_open_01/meshes/aws_robomaker_hospital_curtainrail_01_visual.png\n'}
[1.832847] (two_wheeled_robot) StdoutLine: {'line': b'-- Up-to-date: /home/greyflon/lab_2025/install/two_wheeled_robot/share/two_wheeled_robot/models/aws_robomaker_hospital_curtain_open_01/meshes/aws_robomaker_hospital_curtain_open_01_low_normal.png\n'}
[1.833009] (two_wheeled_robot) StdoutLine: {'line': b'-- Up-to-date: /home/greyflon/lab_2025/install/two_wheeled_robot/share/two_wheeled_robot/models/aws_robomaker_hospital_curtain_open_01/meshes/aws_robomaker_hospital_curtainrail_01_visual_normal.png\n'}
[1.833166] (two_wheeled_robot) StdoutLine: {'line': b'-- Up-to-date: /home/greyflon/lab_2025/install/two_wheeled_robot/share/two_wheeled_robot/models/aws_robomaker_hospital_curtain_open_01/meshes/aws_robomaker_hospital_curtain_open_01_collision.dae\n'}
[1.833347] (two_wheeled_robot) StdoutLine: {'line': b'-- Up-to-date: /home/greyflon/lab_2025/install/two_wheeled_robot/share/two_wheeled_robot/models/aws_robomaker_hospital_curtain_open_01/meshes/aws_robomaker_hospital_curtain_open_01_low.png\n'}
[1.833520] (two_wheeled_robot) StdoutLine: {'line': b'-- Up-to-date: /home/greyflon/lab_2025/install/two_wheeled_robot/share/two_wheeled_robot/models/aws_robomaker_hospital_curtain_open_01/meshes/aws_robomaker_hospital_curtain_open_01_visual.png\n'}
[1.833673] (two_wheeled_robot) StdoutLine: {'line': b'-- Up-to-date: /home/greyflon/lab_2025/install/two_wheeled_robot/share/two_wheeled_robot/models/aws_robomaker_hospital_curtain_open_01/meshes/aws_robomaker_hospital_curtain_open_01_visual_normal.png\n'}
[1.833826] (two_wheeled_robot) StdoutLine: {'line': b'-- Up-to-date: /home/greyflon/lab_2025/install/two_wheeled_robot/share/two_wheeled_robot/models/aws_robomaker_hospital_curtain_open_01/meshes/aws_robomaker_hospital_curtainrail_01_low.png\n'}
[1.833979] (two_wheeled_robot) StdoutLine: {'line': b'-- Up-to-date: /home/greyflon/lab_2025/install/two_wheeled_robot/share/two_wheeled_robot/models/aws_robomaker_hospital_curtain_open_01/meshes/aws_robomaker_hospital_curtainrail_01_low_normal.png\n'}
[1.834134] (two_wheeled_robot) StdoutLine: {'line': b'-- Up-to-date: /home/greyflon/lab_2025/install/two_wheeled_robot/share/two_wheeled_robot/models/aws_robomaker_hospital_curtain_open_01/meshes/aws_robomaker_hospital_curtain_open_01_visual.dae\n'}
[1.834341] (two_wheeled_robot) StdoutLine: {'line': b'-- Up-to-date: /home/greyflon/lab_2025/install/two_wheeled_robot/share/two_wheeled_robot/models/aws_robomaker_hospital_curtain_open_01/model.sdf\n'}
[1.834594] (two_wheeled_robot) StdoutLine: {'line': b'-- Up-to-date: /home/greyflon/lab_2025/install/two_wheeled_robot/share/two_wheeled_robot/models/apartment\n'}
[1.834767] (two_wheeled_robot) StdoutLine: {'line': b'-- Up-to-date: /home/greyflon/lab_2025/install/two_wheeled_robot/share/two_wheeled_robot/models/apartment/model.config\n'}
[1.834984] (two_wheeled_robot) StdoutLine: {'line': b'-- Up-to-date: /home/greyflon/lab_2025/install/two_wheeled_robot/share/two_wheeled_robot/models/apartment/meshes\n'}
[1.835239] (two_wheeled_robot) StdoutLine: {'line': b'-- Up-to-date: /home/greyflon/lab_2025/install/two_wheeled_robot/share/two_wheeled_robot/models/apartment/meshes/apartment.dae\n'}
[1.835585] (two_wheeled_robot) StdoutLine: {'line': b'-- Up-to-date: /home/greyflon/lab_2025/install/two_wheeled_robot/share/two_wheeled_robot/models/apartment/materials\n'}
[1.835758] (two_wheeled_robot) StdoutLine: {'line': b'-- Up-to-date: /home/greyflon/lab_2025/install/two_wheeled_robot/share/two_wheeled_robot/models/apartment/materials/textures\n'}
[1.835928] (two_wheeled_robot) StdoutLine: {'line': b'-- Up-to-date: /home/greyflon/lab_2025/install/two_wheeled_robot/share/two_wheeled_robot/models/apartment/materials/textures/apartment_diffuse.jpg\n'}
[1.836100] (two_wheeled_robot) StdoutLine: {'line': b'-- Up-to-date: /home/greyflon/lab_2025/install/two_wheeled_robot/share/two_wheeled_robot/models/apartment/materials/textures/apartment_spec.jpg\n'}
[1.836250] (two_wheeled_robot) StdoutLine: {'line': b'-- Up-to-date: /home/greyflon/lab_2025/install/two_wheeled_robot/share/two_wheeled_robot/models/apartment/model.sdf\n'}
[1.836358] (two_wheeled_robot) StdoutLine: {'line': b'-- Up-to-date: /home/greyflon/lab_2025/install/two_wheeled_robot/share/two_wheeled_robot/models/table_marble\n'}
[1.836487] (two_wheeled_robot) StdoutLine: {'line': b'-- Up-to-date: /home/greyflon/lab_2025/install/two_wheeled_robot/share/two_wheeled_robot/models/table_marble/model-1_4.sdf\n'}
[1.836565] (two_wheeled_robot) StdoutLine: {'line': b'-- Up-to-date: /home/greyflon/lab_2025/install/two_wheeled_robot/share/two_wheeled_robot/models/table_marble/model.config\n'}
[1.836640] (two_wheeled_robot) StdoutLine: {'line': b'-- Up-to-date: /home/greyflon/lab_2025/install/two_wheeled_robot/share/two_wheeled_robot/models/table_marble/meshes\n'}
[1.836716] (two_wheeled_robot) StdoutLine: {'line': b'-- Up-to-date: /home/greyflon/lab_2025/install/two_wheeled_robot/share/two_wheeled_robot/models/table_marble/meshes/table_lightmap.dae\n'}
[1.836792] (two_wheeled_robot) StdoutLine: {'line': b'-- Up-to-date: /home/greyflon/lab_2025/install/two_wheeled_robot/share/two_wheeled_robot/models/table_marble/materials\n'}
[1.836913] (two_wheeled_robot) StdoutLine: {'line': b'-- Up-to-date: /home/greyflon/lab_2025/install/two_wheeled_robot/share/two_wheeled_robot/models/table_marble/materials/scripts\n'}
[1.837036] (two_wheeled_robot) StdoutLine: {'line': b'-- Up-to-date: /home/greyflon/lab_2025/install/two_wheeled_robot/share/two_wheeled_robot/models/table_marble/materials/scripts/table_lightmap.material\n'}
[1.837115] (two_wheeled_robot) StdoutLine: {'line': b'-- Up-to-date: /home/greyflon/lab_2025/install/two_wheeled_robot/share/two_wheeled_robot/models/table_marble/materials/textures\n'}
[1.837364] (two_wheeled_robot) StdoutLine: {'line': b'-- Up-to-date: /home/greyflon/lab_2025/install/two_wheeled_robot/share/two_wheeled_robot/models/table_marble/materials/textures/table_lightmap.png\n'}
[1.837472] (two_wheeled_robot) StdoutLine: {'line': b'-- Up-to-date: /home/greyflon/lab_2025/install/two_wheeled_robot/share/two_wheeled_robot/models/table_marble/materials/textures/marble.png\n'}
[1.837571] (two_wheeled_robot) StdoutLine: {'line': b'-- Up-to-date: /home/greyflon/lab_2025/install/two_wheeled_robot/share/two_wheeled_robot/models/table_marble/model.sdf\n'}
[1.837686] (two_wheeled_robot) StdoutLine: {'line': b'-- Up-to-date: /home/greyflon/lab_2025/install/two_wheeled_robot/share/two_wheeled_robot/models/cafe\n'}
[1.851818] (two_wheeled_robot) StdoutLine: {'line': b'-- Up-to-date: /home/greyflon/lab_2025/install/two_wheeled_robot/share/two_wheeled_robot/models/cafe/model.config\n'}
[1.851938] (two_wheeled_robot) StdoutLine: {'line': b'-- Up-to-date: /home/greyflon/lab_2025/install/two_wheeled_robot/share/two_wheeled_robot/models/cafe/meshes\n'}
[1.852120] (two_wheeled_robot) StdoutLine: {'line': b'-- Up-to-date: /home/greyflon/lab_2025/install/two_wheeled_robot/share/two_wheeled_robot/models/cafe/meshes/cafe.dae\n'}
[1.852221] (two_wheeled_robot) StdoutLine: {'line': b'-- Up-to-date: /home/greyflon/lab_2025/install/two_wheeled_robot/share/two_wheeled_robot/models/cafe/materials\n'}
[1.852419] (two_wheeled_robot) StdoutLine: {'line': b'-- Up-to-date: /home/greyflon/lab_2025/install/two_wheeled_robot/share/two_wheeled_robot/models/cafe/materials/textures\n'}
[1.852690] (two_wheeled_robot) StdoutLine: {'line': b'-- Up-to-date: /home/greyflon/lab_2025/install/two_wheeled_robot/share/two_wheeled_robot/models/cafe/materials/textures/__auto_28.jpg\n'}
[1.852792] (two_wheeled_robot) StdoutLine: {'line': b'-- Up-to-date: /home/greyflon/lab_2025/install/two_wheeled_robot/share/two_wheeled_robot/models/cafe/materials/textures/__auto_29.jpg\n'}
[1.852889] (two_wheeled_robot) StdoutLine: {'line': b'-- Up-to-date: /home/greyflon/lab_2025/install/two_wheeled_robot/share/two_wheeled_robot/models/cafe/materials/textures/__auto_21.jpg\n'}
[1.853005] (two_wheeled_robot) StdoutLine: {'line': b'-- Up-to-date: /home/greyflon/lab_2025/install/two_wheeled_robot/share/two_wheeled_robot/models/cafe/materials/textures/__auto_2.jpg\n'}
[1.853137] (two_wheeled_robot) StdoutLine: {'line': b'-- Up-to-date: /home/greyflon/lab_2025/install/two_wheeled_robot/share/two_wheeled_robot/models/cafe/materials/textures/__auto_24.jpg\n'}
[1.853265] (two_wheeled_robot) StdoutLine: {'line': b'-- Up-to-date: /home/greyflon/lab_2025/install/two_wheeled_robot/share/two_wheeled_robot/models/cafe/materials/textures/__auto_23.jpg\n'}
[1.853420] (two_wheeled_robot) StdoutLine: {'line': b'-- Up-to-date: /home/greyflon/lab_2025/install/two_wheeled_robot/share/two_wheeled_robot/models/cafe/materials/textures/__auto_30.jpg\n'}
[1.853565] (two_wheeled_robot) StdoutLine: {'line': b'-- Up-to-date: /home/greyflon/lab_2025/install/two_wheeled_robot/share/two_wheeled_robot/models/cafe/materials/textures/__auto_10.jpg\n'}
[1.853691] (two_wheeled_robot) StdoutLine: {'line': b'-- Up-to-date: /home/greyflon/lab_2025/install/two_wheeled_robot/share/two_wheeled_robot/models/cafe/materials/textures/__auto_26.jpg\n'}
[1.853818] (two_wheeled_robot) StdoutLine: {'line': b'-- Up-to-date: /home/greyflon/lab_2025/install/two_wheeled_robot/share/two_wheeled_robot/models/cafe/materials/textures/__auto_35.jpg\n'}
[1.853960] (two_wheeled_robot) StdoutLine: {'line': b'-- Up-to-date: /home/greyflon/lab_2025/install/two_wheeled_robot/share/two_wheeled_robot/models/cafe/materials/textures/__auto_31.jpg\n'}
[1.854043] (two_wheeled_robot) StdoutLine: {'line': b'-- Up-to-date: /home/greyflon/lab_2025/install/two_wheeled_robot/share/two_wheeled_robot/models/cafe/materials/textures/__auto_34.jpg\n'}
[1.854180] (two_wheeled_robot) StdoutLine: {'line': b'-- Up-to-date: /home/greyflon/lab_2025/install/two_wheeled_robot/share/two_wheeled_robot/models/cafe/materials/textures/__auto_25.jpg\n'}
[1.854329] (two_wheeled_robot) StdoutLine: {'line': b'-- Up-to-date: /home/greyflon/lab_2025/install/two_wheeled_robot/share/two_wheeled_robot/models/cafe/materials/textures/__auto_37.jpg\n'}
[1.854415] (two_wheeled_robot) StdoutLine: {'line': b'-- Up-to-date: /home/greyflon/lab_2025/install/two_wheeled_robot/share/two_wheeled_robot/models/cafe/materials/textures/__auto_22.jpg\n'}
[1.854491] (two_wheeled_robot) StdoutLine: {'line': b'-- Up-to-date: /home/greyflon/lab_2025/install/two_wheeled_robot/share/two_wheeled_robot/models/cafe/model.sdf\n'}
[1.854566] (two_wheeled_robot) StdoutLine: {'line': b'-- Up-to-date: /home/greyflon/lab_2025/install/two_wheeled_robot/share/two_wheeled_robot/models/Scrubs\n'}
[1.854690] (two_wheeled_robot) StdoutLine: {'line': b'-- Up-to-date: /home/greyflon/lab_2025/install/two_wheeled_robot/share/two_wheeled_robot/models/Scrubs/model.config\n'}
[1.854817] (two_wheeled_robot) StdoutLine: {'line': b'-- Up-to-date: /home/greyflon/lab_2025/install/two_wheeled_robot/share/two_wheeled_robot/models/Scrubs/meshes\n'}
[1.855076] (two_wheeled_robot) StdoutLine: {'line': b'-- Up-to-date: /home/greyflon/lab_2025/install/two_wheeled_robot/share/two_wheeled_robot/models/Scrubs/meshes/Scrubs_Col.mtl\n'}
[1.855194] (two_wheeled_robot) StdoutLine: {'line': b'-- Up-to-date: /home/greyflon/lab_2025/install/two_wheeled_robot/share/two_wheeled_robot/models/Scrubs/meshes/ScrubsFemaleDiffuse.png\n'}
[1.855342] (two_wheeled_robot) StdoutLine: {'line': b'-- Up-to-date: /home/greyflon/lab_2025/install/two_wheeled_robot/share/two_wheeled_robot/models/Scrubs/meshes/scrubs.mtl\n'}
[1.855496] (two_wheeled_robot) StdoutLine: {'line': b'-- Up-to-date: /home/greyflon/lab_2025/install/two_wheeled_robot/share/two_wheeled_robot/models/Scrubs/meshes/scrubs.obj\n'}
[1.855621] (two_wheeled_robot) StdoutLine: {'line': b'-- Up-to-date: /home/greyflon/lab_2025/install/two_wheeled_robot/share/two_wheeled_robot/models/Scrubs/meshes/Scrubs_Col.obj\n'}
[1.855700] (two_wheeled_robot) StdoutLine: {'line': b'-- Up-to-date: /home/greyflon/lab_2025/install/two_wheeled_robot/share/two_wheeled_robot/models/Scrubs/thumbnails\n'}
[1.856332] (two_wheeled_robot) StdoutLine: {'line': b'-- Up-to-date: /home/greyflon/lab_2025/install/two_wheeled_robot/share/two_wheeled_robot/models/Scrubs/thumbnails/5.png\n'}
[1.856486] (two_wheeled_robot) StdoutLine: {'line': b'-- Up-to-date: /home/greyflon/lab_2025/install/two_wheeled_robot/share/two_wheeled_robot/models/Scrubs/thumbnails/1.png\n'}
[1.856607] (two_wheeled_robot) StdoutLine: {'line': b'-- Up-to-date: /home/greyflon/lab_2025/install/two_wheeled_robot/share/two_wheeled_robot/models/Scrubs/thumbnails/2.png\n'}
[1.856746] (two_wheeled_robot) StdoutLine: {'line': b'-- Up-to-date: /home/greyflon/lab_2025/install/two_wheeled_robot/share/two_wheeled_robot/models/Scrubs/thumbnails/4.png\n'}
[1.856830] (two_wheeled_robot) StdoutLine: {'line': b'-- Up-to-date: /home/greyflon/lab_2025/install/two_wheeled_robot/share/two_wheeled_robot/models/Scrubs/thumbnails/3.png\n'}
[1.856971] (two_wheeled_robot) StdoutLine: {'line': b'-- Up-to-date: /home/greyflon/lab_2025/install/two_wheeled_robot/share/two_wheeled_robot/models/Scrubs/model.sdf\n'}
[1.857051] (two_wheeled_robot) StdoutLine: {'line': b'-- Up-to-date: /home/greyflon/lab_2025/install/two_wheeled_robot/share/two_wheeled_robot/models/conveyor\n'}
[1.857208] (two_wheeled_robot) StdoutLine: {'line': b'-- Up-to-date: /home/greyflon/lab_2025/install/two_wheeled_robot/share/two_wheeled_robot/models/conveyor/model.config\n'}
[1.857347] (two_wheeled_robot) StdoutLine: {'line': b'-- Up-to-date: /home/greyflon/lab_2025/install/two_wheeled_robot/share/two_wheeled_robot/models/conveyor/meshes\n'}
[1.857626] (two_wheeled_robot) StdoutLine: {'line': b'-- Up-to-date: /home/greyflon/lab_2025/install/two_wheeled_robot/share/two_wheeled_robot/models/conveyor/meshes/conveyor.dae\n'}
[1.857764] (two_wheeled_robot) StdoutLine: {'line': b'-- Up-to-date: /home/greyflon/lab_2025/install/two_wheeled_robot/share/two_wheeled_robot/models/conveyor/meshes/conveyor2.dae\n'}
[1.857891] (two_wheeled_robot) StdoutLine: {'line': b'-- Up-to-date: /home/greyflon/lab_2025/install/two_wheeled_robot/share/two_wheeled_robot/models/conveyor/meshes/conveyor.obj\n'}
[1.858033] (two_wheeled_robot) StdoutLine: {'line': b'-- Up-to-date: /home/greyflon/lab_2025/install/two_wheeled_robot/share/two_wheeled_robot/models/conveyor/model.sdf\n'}
[1.858126] (two_wheeled_robot) StdoutLine: {'line': b'-- Up-to-date: /home/greyflon/lab_2025/install/two_wheeled_robot/share/two_wheeled_robot/models/aws_robomaker_residential_AirconditionerA_01\n'}
[1.858333] (two_wheeled_robot) StdoutLine: {'line': b'-- Up-to-date: /home/greyflon/lab_2025/install/two_wheeled_robot/share/two_wheeled_robot/models/aws_robomaker_residential_AirconditionerA_01/model.config\n'}
[1.858501] (two_wheeled_robot) StdoutLine: {'line': b'-- Up-to-date: /home/greyflon/lab_2025/install/two_wheeled_robot/share/two_wheeled_robot/models/aws_robomaker_residential_AirconditionerA_01/meshes\n'}
[1.858735] (two_wheeled_robot) StdoutLine: {'line': b'-- Up-to-date: /home/greyflon/lab_2025/install/two_wheeled_robot/share/two_wheeled_robot/models/aws_robomaker_residential_AirconditionerA_01/meshes/aws_AirconditionerA_01_visual.DAE\n'}
[1.858890] (two_wheeled_robot) StdoutLine: {'line': b'-- Up-to-date: /home/greyflon/lab_2025/install/two_wheeled_robot/share/two_wheeled_robot/models/aws_robomaker_residential_AirconditionerA_01/meshes/aws_AirconditionerA_01_collision.DAE\n'}
[1.859018] (two_wheeled_robot) StdoutLine: {'line': b'-- Up-to-date: /home/greyflon/lab_2025/install/two_wheeled_robot/share/two_wheeled_robot/models/aws_robomaker_residential_AirconditionerA_01/materials\n'}
[1.859226] (two_wheeled_robot) StdoutLine: {'line': b'-- Up-to-date: /home/greyflon/lab_2025/install/two_wheeled_robot/share/two_wheeled_robot/models/aws_robomaker_residential_AirconditionerA_01/materials/textures\n'}
[1.859558] (two_wheeled_robot) StdoutLine: {'line': b'-- Up-to-date: /home/greyflon/lab_2025/install/two_wheeled_robot/share/two_wheeled_robot/models/aws_robomaker_residential_AirconditionerA_01/materials/textures/aws_AirconditionerA_01.png\n'}
[1.859726] (two_wheeled_robot) StdoutLine: {'line': b'-- Up-to-date: /home/greyflon/lab_2025/install/two_wheeled_robot/share/two_wheeled_robot/models/aws_robomaker_residential_AirconditionerA_01/model.sdf\n'}
[1.859813] (two_wheeled_robot) StdoutLine: {'line': b'-- Up-to-date: /home/greyflon/lab_2025/install/two_wheeled_robot/share/two_wheeled_robot/models/aws_robomaker_hospital_floor_01_floor\n'}
[1.860041] (two_wheeled_robot) StdoutLine: {'line': b'-- Up-to-date: /home/greyflon/lab_2025/install/two_wheeled_robot/share/two_wheeled_robot/models/aws_robomaker_hospital_floor_01_floor/model.config\n'}
[1.860166] (two_wheeled_robot) StdoutLine: {'line': b'-- Up-to-date: /home/greyflon/lab_2025/install/two_wheeled_robot/share/two_wheeled_robot/models/aws_robomaker_hospital_floor_01_floor/meshes\n'}
[1.860464] (two_wheeled_robot) StdoutLine: {'line': b'-- Up-to-date: /home/greyflon/lab_2025/install/two_wheeled_robot/share/two_wheeled_robot/models/aws_robomaker_hospital_floor_01_floor/meshes/aws_robomaker_hospital_floor_01_floor_collision.dae\n'}
[1.860602] (two_wheeled_robot) StdoutLine: {'line': b'-- Up-to-date: /home/greyflon/lab_2025/install/two_wheeled_robot/share/two_wheeled_robot/models/aws_robomaker_hospital_floor_01_floor/meshes/aws_robomaker_hospital_floor_01_floor_normal.png\n'}
[1.860724] (two_wheeled_robot) StdoutLine: {'line': b'-- Up-to-date: /home/greyflon/lab_2025/install/two_wheeled_robot/share/two_wheeled_robot/models/aws_robomaker_hospital_floor_01_floor/meshes/aws_robomaker_hospital_floor_01_floor.png\n'}
[1.860845] (two_wheeled_robot) StdoutLine: {'line': b'-- Up-to-date: /home/greyflon/lab_2025/install/two_wheeled_robot/share/two_wheeled_robot/models/aws_robomaker_hospital_floor_01_floor/meshes/aws_robomaker_hospital_floor_01_floor_visual.dae\n'}
[1.860982] (two_wheeled_robot) StdoutLine: {'line': b'-- Up-to-date: /home/greyflon/lab_2025/install/two_wheeled_robot/share/two_wheeled_robot/models/aws_robomaker_hospital_floor_01_floor/model.sdf\n'}
[1.861111] (two_wheeled_robot) StdoutLine: {'line': b'-- Up-to-date: /home/greyflon/lab_2025/install/two_wheeled_robot/share/two_wheeled_robot/models/post_office\n'}
[1.861288] (two_wheeled_robot) StdoutLine: {'line': b'-- Up-to-date: /home/greyflon/lab_2025/install/two_wheeled_robot/share/two_wheeled_robot/models/post_office/model.config\n'}
[1.861441] (two_wheeled_robot) StdoutLine: {'line': b'-- Up-to-date: /home/greyflon/lab_2025/install/two_wheeled_robot/share/two_wheeled_robot/models/post_office/meshes\n'}
[1.861704] (two_wheeled_robot) StdoutLine: {'line': b'-- Up-to-date: /home/greyflon/lab_2025/install/two_wheeled_robot/share/two_wheeled_robot/models/post_office/meshes/post_office.dae\n'}
[1.861839] (two_wheeled_robot) StdoutLine: {'line': b'-- Up-to-date: /home/greyflon/lab_2025/install/two_wheeled_robot/share/two_wheeled_robot/models/post_office/materials\n'}
[1.862078] (two_wheeled_robot) StdoutLine: {'line': b'-- Up-to-date: /home/greyflon/lab_2025/install/two_wheeled_robot/share/two_wheeled_robot/models/post_office/materials/textures\n'}
[1.862497] (two_wheeled_robot) StdoutLine: {'line': b'-- Up-to-date: /home/greyflon/lab_2025/install/two_wheeled_robot/share/two_wheeled_robot/models/post_office/materials/textures/post_office_diffuse.jpg\n'}
[1.862678] (two_wheeled_robot) StdoutLine: {'line': b'-- Up-to-date: /home/greyflon/lab_2025/install/two_wheeled_robot/share/two_wheeled_robot/models/post_office/materials/textures/post_office_spec.jpg\n'}
[1.862808] (two_wheeled_robot) StdoutLine: {'line': b'-- Up-to-date: /home/greyflon/lab_2025/install/two_wheeled_robot/share/two_wheeled_robot/models/post_office/model.sdf\n'}
[1.862887] (two_wheeled_robot) StdoutLine: {'line': b'-- Up-to-date: /home/greyflon/lab_2025/install/two_wheeled_robot/share/two_wheeled_robot/models/submarine\n'}
[1.863105] (two_wheeled_robot) StdoutLine: {'line': b'-- Up-to-date: /home/greyflon/lab_2025/install/two_wheeled_robot/share/two_wheeled_robot/models/submarine/model.config\n'}
[1.863270] (two_wheeled_robot) StdoutLine: {'line': b'-- Up-to-date: /home/greyflon/lab_2025/install/two_wheeled_robot/share/two_wheeled_robot/models/submarine/model.sdf\n'}
[1.863378] (two_wheeled_robot) StdoutLine: {'line': b'-- Up-to-date: /home/greyflon/lab_2025/install/two_wheeled_robot/share/two_wheeled_robot/models/tv_stand\n'}
[1.863621] (two_wheeled_robot) StdoutLine: {'line': b'-- Up-to-date: /home/greyflon/lab_2025/install/two_wheeled_robot/share/two_wheeled_robot/models/tv_stand/model.config\n'}
[1.863762] (two_wheeled_robot) StdoutLine: {'line': b'-- Up-to-date: /home/greyflon/lab_2025/install/two_wheeled_robot/share/two_wheeled_robot/models/tv_stand/meshes\n'}
[1.864074] (two_wheeled_robot) StdoutLine: {'line': b'-- Up-to-date: /home/greyflon/lab_2025/install/two_wheeled_robot/share/two_wheeled_robot/models/tv_stand/meshes/tv_stand.dae\n'}
[1.864199] (two_wheeled_robot) StdoutLine: {'line': b'-- Up-to-date: /home/greyflon/lab_2025/install/two_wheeled_robot/share/two_wheeled_robot/models/tv_stand/materials\n'}
[1.864467] (two_wheeled_robot) StdoutLine: {'line': b'-- Up-to-date: /home/greyflon/lab_2025/install/two_wheeled_robot/share/two_wheeled_robot/models/tv_stand/materials/textures\n'}
[1.864818] (two_wheeled_robot) StdoutLine: {'line': b'-- Up-to-date: /home/greyflon/lab_2025/install/two_wheeled_robot/share/two_wheeled_robot/models/tv_stand/materials/textures/stand_diffuse.png\n'}
[1.864962] (two_wheeled_robot) StdoutLine: {'line': b'-- Up-to-date: /home/greyflon/lab_2025/install/two_wheeled_robot/share/two_wheeled_robot/models/tv_stand/materials/textures/stand_specular.png\n'}
[1.865088] (two_wheeled_robot) StdoutLine: {'line': b'-- Up-to-date: /home/greyflon/lab_2025/install/two_wheeled_robot/share/two_wheeled_robot/models/tv_stand/materials/textures/tv_diffuse.png\n'}
[1.865215] (two_wheeled_robot) StdoutLine: {'line': b'-- Up-to-date: /home/greyflon/lab_2025/install/two_wheeled_robot/share/two_wheeled_robot/models/tv_stand/materials/textures/tv_specular.png\n'}
[1.865377] (two_wheeled_robot) StdoutLine: {'line': b'-- Up-to-date: /home/greyflon/lab_2025/install/two_wheeled_robot/share/two_wheeled_robot/models/tv_stand/model.sdf\n'}
[1.865465] (two_wheeled_robot) StdoutLine: {'line': b'-- Up-to-date: /home/greyflon/lab_2025/install/two_wheeled_robot/share/two_wheeled_robot/models/cafe_counter\n'}
[1.865644] (two_wheeled_robot) StdoutLine: {'line': b'-- Up-to-date: /home/greyflon/lab_2025/install/two_wheeled_robot/share/two_wheeled_robot/models/cafe_counter/model.config\n'}
[1.865770] (two_wheeled_robot) StdoutLine: {'line': b'-- Up-to-date: /home/greyflon/lab_2025/install/two_wheeled_robot/share/two_wheeled_robot/models/cafe_counter/meshes\n'}
[1.866071] (two_wheeled_robot) StdoutLine: {'line': b'-- Up-to-date: /home/greyflon/lab_2025/install/two_wheeled_robot/share/two_wheeled_robot/models/cafe_counter/meshes/counter_sink.obj\n'}
[1.866220] (two_wheeled_robot) StdoutLine: {'line': b'-- Up-to-date: /home/greyflon/lab_2025/install/two_wheeled_robot/share/two_wheeled_robot/models/cafe_counter/meshes/cafe_counter.obj\n'}
[1.866361] (two_wheeled_robot) StdoutLine: {'line': b'-- Up-to-date: /home/greyflon/lab_2025/install/two_wheeled_robot/share/two_wheeled_robot/models/cafe_counter/meshes/counter_no_sink.obj\n'}
[1.866517] (two_wheeled_robot) StdoutLine: {'line': b'-- Up-to-date: /home/greyflon/lab_2025/install/two_wheeled_robot/share/two_wheeled_robot/models/cafe_counter/meshes/cafe_counter.mtl\n'}
[1.866642] (two_wheeled_robot) StdoutLine: {'line': b'-- Up-to-date: /home/greyflon/lab_2025/install/two_wheeled_robot/share/two_wheeled_robot/models/cafe_counter/materials\n'}
[1.866940] (two_wheeled_robot) StdoutLine: {'line': b'-- Up-to-date: /home/greyflon/lab_2025/install/two_wheeled_robot/share/two_wheeled_robot/models/cafe_counter/materials/textures\n'}
[1.867530] (two_wheeled_robot) StdoutLine: {'line': b'-- Up-to-date: /home/greyflon/lab_2025/install/two_wheeled_robot/share/two_wheeled_robot/models/cafe_counter/materials/textures/cafe_counter.png\n'}
[1.867689] (two_wheeled_robot) StdoutLine: {'line': b'-- Up-to-date: /home/greyflon/lab_2025/install/two_wheeled_robot/share/two_wheeled_robot/models/cafe_counter/model.sdf\n'}
[1.867771] (two_wheeled_robot) StdoutLine: {'line': b'-- Up-to-date: /home/greyflon/lab_2025/install/two_wheeled_robot/share/two_wheeled_robot/models/aws_robomaker_residential_SofaC_01\n'}
[1.868238] (two_wheeled_robot) StdoutLine: {'line': b'-- Up-to-date: /home/greyflon/lab_2025/install/two_wheeled_robot/share/two_wheeled_robot/models/aws_robomaker_residential_SofaC_01/model.config\n'}
[1.868430] (two_wheeled_robot) StdoutLine: {'line': b'-- Up-to-date: /home/greyflon/lab_2025/install/two_wheeled_robot/share/two_wheeled_robot/models/aws_robomaker_residential_SofaC_01/meshes\n'}
[1.868757] (two_wheeled_robot) StdoutLine: {'line': b'-- Up-to-date: /home/greyflon/lab_2025/install/two_wheeled_robot/share/two_wheeled_robot/models/aws_robomaker_residential_SofaC_01/meshes/aws_SofaC_01_collision.DAE\n'}
[1.868902] (two_wheeled_robot) StdoutLine: {'line': b'-- Up-to-date: /home/greyflon/lab_2025/install/two_wheeled_robot/share/two_wheeled_robot/models/aws_robomaker_residential_SofaC_01/meshes/aws_SofaC_01_visual.DAE\n'}
[1.869036] (two_wheeled_robot) StdoutLine: {'line': b'-- Up-to-date: /home/greyflon/lab_2025/install/two_wheeled_robot/share/two_wheeled_robot/models/aws_robomaker_residential_SofaC_01/materials\n'}
[1.869317] (two_wheeled_robot) StdoutLine: {'line': b'-- Up-to-date: /home/greyflon/lab_2025/install/two_wheeled_robot/share/two_wheeled_robot/models/aws_robomaker_residential_SofaC_01/materials/textures\n'}
[1.869729] (two_wheeled_robot) StdoutLine: {'line': b'-- Up-to-date: /home/greyflon/lab_2025/install/two_wheeled_robot/share/two_wheeled_robot/models/aws_robomaker_residential_SofaC_01/materials/textures/aws_SofaC_01.png\n'}
[1.869868] (two_wheeled_robot) StdoutLine: {'line': b'-- Up-to-date: /home/greyflon/lab_2025/install/two_wheeled_robot/share/two_wheeled_robot/models/aws_robomaker_residential_SofaC_01/model.sdf\n'}
[1.870000] (two_wheeled_robot) StdoutLine: {'line': b'-- Up-to-date: /home/greyflon/lab_2025/install/two_wheeled_robot/share/two_wheeled_robot/models/aws_robomaker_warehouse_PalletJackB_01\n'}
[1.870267] (two_wheeled_robot) StdoutLine: {'line': b'-- Up-to-date: /home/greyflon/lab_2025/install/two_wheeled_robot/share/two_wheeled_robot/models/aws_robomaker_warehouse_PalletJackB_01/model.config\n'}
[1.870417] (two_wheeled_robot) StdoutLine: {'line': b'-- Up-to-date: /home/greyflon/lab_2025/install/two_wheeled_robot/share/two_wheeled_robot/models/aws_robomaker_warehouse_PalletJackB_01/meshes\n'}
[1.870699] (two_wheeled_robot) StdoutLine: {'line': b'-- Up-to-date: /home/greyflon/lab_2025/install/two_wheeled_robot/share/two_wheeled_robot/models/aws_robomaker_warehouse_PalletJackB_01/meshes/aws_robomaker_warehouse_PalletJackB_01_visual.DAE\n'}
[1.870835] (two_wheeled_robot) StdoutLine: {'line': b'-- Up-to-date: /home/greyflon/lab_2025/install/two_wheeled_robot/share/two_wheeled_robot/models/aws_robomaker_warehouse_PalletJackB_01/meshes/aws_robomaker_warehouse_PalletJackB_01_collision.DAE\n'}
[1.870964] (two_wheeled_robot) StdoutLine: {'line': b'-- Up-to-date: /home/greyflon/lab_2025/install/two_wheeled_robot/share/two_wheeled_robot/models/aws_robomaker_warehouse_PalletJackB_01/materials\n'}
[1.871431] (two_wheeled_robot) StdoutLine: {'line': b'-- Up-to-date: /home/greyflon/lab_2025/install/two_wheeled_robot/share/two_wheeled_robot/models/aws_robomaker_warehouse_PalletJackB_01/materials/textures\n'}
[1.871764] (two_wheeled_robot) StdoutLine: {'line': b'-- Up-to-date: /home/greyflon/lab_2025/install/two_wheeled_robot/share/two_wheeled_robot/models/aws_robomaker_warehouse_PalletJackB_01/materials/textures/aws_robomaker_warehouse_PalletJackB_02.png\n'}
[1.871889] (two_wheeled_robot) StdoutLine: {'line': b'-- Up-to-date: /home/greyflon/lab_2025/install/two_wheeled_robot/share/two_wheeled_robot/models/aws_robomaker_warehouse_PalletJackB_01/materials/textures/aws_robomaker_warehouse_PalletJackB_01.png\n'}
[1.872012] (two_wheeled_robot) StdoutLine: {'line': b'-- Up-to-date: /home/greyflon/lab_2025/install/two_wheeled_robot/share/two_wheeled_robot/models/aws_robomaker_warehouse_PalletJackB_01/model.sdf\n'}
[1.872141] (two_wheeled_robot) StdoutLine: {'line': b'-- Up-to-date: /home/greyflon/lab_2025/install/two_wheeled_robot/share/two_wheeled_robot/models/aws_robomaker_residential_Ball_01\n'}
[1.872345] (two_wheeled_robot) StdoutLine: {'line': b'-- Up-to-date: /home/greyflon/lab_2025/install/two_wheeled_robot/share/two_wheeled_robot/models/aws_robomaker_residential_Ball_01/model.config\n'}
[1.872507] (two_wheeled_robot) StdoutLine: {'line': b'-- Up-to-date: /home/greyflon/lab_2025/install/two_wheeled_robot/share/two_wheeled_robot/models/aws_robomaker_residential_Ball_01/meshes\n'}
[1.872784] (two_wheeled_robot) StdoutLine: {'line': b'-- Up-to-date: /home/greyflon/lab_2025/install/two_wheeled_robot/share/two_wheeled_robot/models/aws_robomaker_residential_Ball_01/meshes/aws_Ball_01_collision.DAE\n'}
[1.872930] (two_wheeled_robot) StdoutLine: {'line': b'-- Up-to-date: /home/greyflon/lab_2025/install/two_wheeled_robot/share/two_wheeled_robot/models/aws_robomaker_residential_Ball_01/meshes/aws_Ball_01_visual.DAE\n'}
[1.873067] (two_wheeled_robot) StdoutLine: {'line': b'-- Up-to-date: /home/greyflon/lab_2025/install/two_wheeled_robot/share/two_wheeled_robot/models/aws_robomaker_residential_Ball_01/materials\n'}
[1.873296] (two_wheeled_robot) StdoutLine: {'line': b'-- Up-to-date: /home/greyflon/lab_2025/install/two_wheeled_robot/share/two_wheeled_robot/models/aws_robomaker_residential_Ball_01/materials/textures\n'}
[1.873642] (two_wheeled_robot) StdoutLine: {'line': b'-- Up-to-date: /home/greyflon/lab_2025/install/two_wheeled_robot/share/two_wheeled_robot/models/aws_robomaker_residential_Ball_01/materials/textures/aws_Ball_01.png\n'}
[1.873770] (two_wheeled_robot) StdoutLine: {'line': b'-- Up-to-date: /home/greyflon/lab_2025/install/two_wheeled_robot/share/two_wheeled_robot/models/aws_robomaker_residential_Ball_01/model.sdf\n'}
[1.873901] (two_wheeled_robot) StdoutLine: {'line': b'-- Up-to-date: /home/greyflon/lab_2025/install/two_wheeled_robot/share/two_wheeled_robot/models/submarine_sinking\n'}
[1.874113] (two_wheeled_robot) StdoutLine: {'line': b'-- Up-to-date: /home/greyflon/lab_2025/install/two_wheeled_robot/share/two_wheeled_robot/models/submarine_sinking/model.config\n'}
[1.874255] (two_wheeled_robot) StdoutLine: {'line': b'-- Up-to-date: /home/greyflon/lab_2025/install/two_wheeled_robot/share/two_wheeled_robot/models/submarine_sinking/model.sdf\n'}
[1.874422] (two_wheeled_robot) StdoutLine: {'line': b'-- Up-to-date: /home/greyflon/lab_2025/install/two_wheeled_robot/share/two_wheeled_robot/models/submarine_sinking/model.sdf.erb\n'}
[1.874562] (two_wheeled_robot) StdoutLine: {'line': b'-- Up-to-date: /home/greyflon/lab_2025/install/two_wheeled_robot/share/two_wheeled_robot/models/aws_robomaker_residential_RoomWall_01\n'}
[1.875521] (two_wheeled_robot) StdoutLine: {'line': b'-- Up-to-date: /home/greyflon/lab_2025/install/two_wheeled_robot/share/two_wheeled_robot/models/aws_robomaker_residential_RoomWall_01/model.config\n'}
[1.875662] (two_wheeled_robot) StdoutLine: {'line': b'-- Up-to-date: /home/greyflon/lab_2025/install/two_wheeled_robot/share/two_wheeled_robot/models/aws_robomaker_residential_RoomWall_01/meshes\n'}
[1.875946] (two_wheeled_robot) StdoutLine: {'line': b'-- Up-to-date: /home/greyflon/lab_2025/install/two_wheeled_robot/share/two_wheeled_robot/models/aws_robomaker_residential_RoomWall_01/meshes/aws_RoomWall_01_collision.DAE\n'}
[1.876113] (two_wheeled_robot) StdoutLine: {'line': b'-- Up-to-date: /home/greyflon/lab_2025/install/two_wheeled_robot/share/two_wheeled_robot/models/aws_robomaker_residential_RoomWall_01/meshes/aws_RoomWall_01_visual.DAE\n'}
[1.876212] (two_wheeled_robot) StdoutLine: {'line': b'-- Up-to-date: /home/greyflon/lab_2025/install/two_wheeled_robot/share/two_wheeled_robot/models/aws_robomaker_residential_RoomWall_01/materials\n'}
[1.876453] (two_wheeled_robot) StdoutLine: {'line': b'-- Up-to-date: /home/greyflon/lab_2025/install/two_wheeled_robot/share/two_wheeled_robot/models/aws_robomaker_residential_RoomWall_01/materials/textures\n'}
[1.876777] (two_wheeled_robot) StdoutLine: {'line': b'-- Up-to-date: /home/greyflon/lab_2025/install/two_wheeled_robot/share/two_wheeled_robot/models/aws_robomaker_residential_RoomWall_01/materials/textures/aws_RoomWall_01.png\n'}
[1.876938] (two_wheeled_robot) StdoutLine: {'line': b'-- Up-to-date: /home/greyflon/lab_2025/install/two_wheeled_robot/share/two_wheeled_robot/models/aws_robomaker_residential_RoomWall_01/model.sdf\n'}
[1.877025] (two_wheeled_robot) StdoutLine: {'line': b'-- Up-to-date: /home/greyflon/lab_2025/install/two_wheeled_robot/share/two_wheeled_robot/models/casual_male2\n'}
[1.877271] (two_wheeled_robot) StdoutLine: {'line': b'-- Up-to-date: /home/greyflon/lab_2025/install/two_wheeled_robot/share/two_wheeled_robot/models/casual_male2/model.config\n'}
[1.877443] (two_wheeled_robot) StdoutLine: {'line': b'-- Up-to-date: /home/greyflon/lab_2025/install/two_wheeled_robot/share/two_wheeled_robot/models/casual_male2/meshes\n'}
[1.877695] (two_wheeled_robot) StdoutLine: {'line': b'-- Up-to-date: /home/greyflon/lab_2025/install/two_wheeled_robot/share/two_wheeled_robot/models/casual_male2/meshes/casual_male2.dae\n'}
[1.877819] (two_wheeled_robot) StdoutLine: {'line': b'-- Up-to-date: /home/greyflon/lab_2025/install/two_wheeled_robot/share/two_wheeled_robot/models/casual_male2/materials\n'}
[1.878097] (two_wheeled_robot) StdoutLine: {'line': b'-- Up-to-date: /home/greyflon/lab_2025/install/two_wheeled_robot/share/two_wheeled_robot/models/casual_male2/materials/textures\n'}
[1.878474] (two_wheeled_robot) StdoutLine: {'line': b'-- Up-to-date: /home/greyflon/lab_2025/install/two_wheeled_robot/share/two_wheeled_robot/models/casual_male2/materials/textures/young_darkskinned_male_diffuse.png\n'}
[1.878629] (two_wheeled_robot) StdoutLine: {'line': b'-- Up-to-date: /home/greyflon/lab_2025/install/two_wheeled_robot/share/two_wheeled_robot/models/casual_male2/materials/textures/male_casualsuit05_normal.png\n'}
[1.878757] (two_wheeled_robot) StdoutLine: {'line': b'-- Up-to-date: /home/greyflon/lab_2025/install/two_wheeled_robot/share/two_wheeled_robot/models/casual_male2/materials/textures/afro_diffuse.png\n'}
[1.878899] (two_wheeled_robot) StdoutLine: {'line': b'-- Up-to-date: /home/greyflon/lab_2025/install/two_wheeled_robot/share/two_wheeled_robot/models/casual_male2/materials/textures/eyebrow012.png\n'}
[1.879021] (two_wheeled_robot) StdoutLine: {'line': b'-- Up-to-date: /home/greyflon/lab_2025/install/two_wheeled_robot/share/two_wheeled_robot/models/casual_male2/materials/textures/brown_eye.png\n'}
[1.879158] (two_wheeled_robot) StdoutLine: {'line': b'-- Up-to-date: /home/greyflon/lab_2025/install/two_wheeled_robot/share/two_wheeled_robot/models/casual_male2/materials/textures/male_casualsuit05_diffuse.png\n'}
[1.879246] (two_wheeled_robot) StdoutLine: {'line': b'-- Up-to-date: /home/greyflon/lab_2025/install/two_wheeled_robot/share/two_wheeled_robot/models/casual_male2/model.sdf\n'}
[1.879353] (two_wheeled_robot) StdoutLine: {'line': b'-- Up-to-date: /home/greyflon/lab_2025/install/two_wheeled_robot/share/two_wheeled_robot/models/house_1\n'}
[1.879511] (two_wheeled_robot) StdoutLine: {'line': b'-- Up-to-date: /home/greyflon/lab_2025/install/two_wheeled_robot/share/two_wheeled_robot/models/house_1/model-1_4.sdf\n'}
[1.879652] (two_wheeled_robot) StdoutLine: {'line': b'-- Up-to-date: /home/greyflon/lab_2025/install/two_wheeled_robot/share/two_wheeled_robot/models/house_1/model.config\n'}
[1.879780] (two_wheeled_robot) StdoutLine: {'line': b'-- Up-to-date: /home/greyflon/lab_2025/install/two_wheeled_robot/share/two_wheeled_robot/models/house_1/meshes\n'}
[1.880048] (two_wheeled_robot) StdoutLine: {'line': b'-- Up-to-date: /home/greyflon/lab_2025/install/two_wheeled_robot/share/two_wheeled_robot/models/house_1/meshes/house_1.dae\n'}
[1.880190] (two_wheeled_robot) StdoutLine: {'line': b'-- Up-to-date: /home/greyflon/lab_2025/install/two_wheeled_robot/share/two_wheeled_robot/models/house_1/materials\n'}
[1.880458] (two_wheeled_robot) StdoutLine: {'line': b'-- Up-to-date: /home/greyflon/lab_2025/install/two_wheeled_robot/share/two_wheeled_robot/models/house_1/materials/scripts\n'}
[1.880854] (two_wheeled_robot) StdoutLine: {'line': b'-- Up-to-date: /home/greyflon/lab_2025/install/two_wheeled_robot/share/two_wheeled_robot/models/house_1/materials/scripts/house_1.material\n'}
[1.880983] (two_wheeled_robot) StdoutLine: {'line': b'-- Up-to-date: /home/greyflon/lab_2025/install/two_wheeled_robot/share/two_wheeled_robot/models/house_1/materials/textures\n'}
[1.881671] (two_wheeled_robot) StdoutLine: {'line': b'-- Up-to-date: /home/greyflon/lab_2025/install/two_wheeled_robot/share/two_wheeled_robot/models/house_1/materials/textures/House_1_Spec.png\n'}
[1.881827] (two_wheeled_robot) StdoutLine: {'line': b'-- Up-to-date: /home/greyflon/lab_2025/install/two_wheeled_robot/share/two_wheeled_robot/models/house_1/materials/textures/House_1_Normal.png\n'}
[1.882007] (two_wheeled_robot) StdoutLine: {'line': b'-- Up-to-date: /home/greyflon/lab_2025/install/two_wheeled_robot/share/two_wheeled_robot/models/house_1/materials/textures/House_1_Diffuse.png\n'}
[1.882099] (two_wheeled_robot) StdoutLine: {'line': b'-- Up-to-date: /home/greyflon/lab_2025/install/two_wheeled_robot/share/two_wheeled_robot/models/house_1/model.sdf\n'}
[1.882236] (two_wheeled_robot) StdoutLine: {'line': b'-- Up-to-date: /home/greyflon/lab_2025/install/two_wheeled_robot/share/two_wheeled_robot/models/house_1/model-1_3.sdf\n'}
[1.882408] (two_wheeled_robot) StdoutLine: {'line': b'-- Up-to-date: /home/greyflon/lab_2025/install/two_wheeled_robot/share/two_wheeled_robot/models/aws_robomaker_residential_KitchenUtensils_01\n'}
[1.882641] (two_wheeled_robot) StdoutLine: {'line': b'-- Up-to-date: /home/greyflon/lab_2025/install/two_wheeled_robot/share/two_wheeled_robot/models/aws_robomaker_residential_KitchenUtensils_01/model.config\n'}
[1.882783] (two_wheeled_robot) StdoutLine: {'line': b'-- Up-to-date: /home/greyflon/lab_2025/install/two_wheeled_robot/share/two_wheeled_robot/models/aws_robomaker_residential_KitchenUtensils_01/meshes\n'}
[1.883048] (two_wheeled_robot) StdoutLine: {'line': b'-- Up-to-date: /home/greyflon/lab_2025/install/two_wheeled_robot/share/two_wheeled_robot/models/aws_robomaker_residential_KitchenUtensils_01/meshes/aws_KitchenUtensils_01_visual.DAE\n'}
[1.883189] (two_wheeled_robot) StdoutLine: {'line': b'-- Up-to-date: /home/greyflon/lab_2025/install/two_wheeled_robot/share/two_wheeled_robot/models/aws_robomaker_residential_KitchenUtensils_01/meshes/aws_KitchenUtensils_01_collision.DAE\n'}
[1.883330] (two_wheeled_robot) StdoutLine: {'line': b'-- Up-to-date: /home/greyflon/lab_2025/install/two_wheeled_robot/share/two_wheeled_robot/models/aws_robomaker_residential_KitchenUtensils_01/materials\n'}
[1.883537] (two_wheeled_robot) StdoutLine: {'line': b'-- Up-to-date: /home/greyflon/lab_2025/install/two_wheeled_robot/share/two_wheeled_robot/models/aws_robomaker_residential_KitchenUtensils_01/materials/textures\n'}
[1.883879] (two_wheeled_robot) StdoutLine: {'line': b'-- Up-to-date: /home/greyflon/lab_2025/install/two_wheeled_robot/share/two_wheeled_robot/models/aws_robomaker_residential_KitchenUtensils_01/materials/textures/aws_KitchenUtensils_01.png\n'}
[1.884017] (two_wheeled_robot) StdoutLine: {'line': b'-- Up-to-date: /home/greyflon/lab_2025/install/two_wheeled_robot/share/two_wheeled_robot/models/aws_robomaker_residential_KitchenUtensils_01/model.sdf\n'}
[1.884146] (two_wheeled_robot) StdoutLine: {'line': b'-- Up-to-date: /home/greyflon/lab_2025/install/two_wheeled_robot/share/two_wheeled_robot/models/person_walking\n'}
[1.884384] (two_wheeled_robot) StdoutLine: {'line': b'-- Up-to-date: /home/greyflon/lab_2025/install/two_wheeled_robot/share/two_wheeled_robot/models/person_walking/model.config\n'}
[1.884545] (two_wheeled_robot) StdoutLine: {'line': b'-- Up-to-date: /home/greyflon/lab_2025/install/two_wheeled_robot/share/two_wheeled_robot/models/person_walking/meshes\n'}
[1.884843] (two_wheeled_robot) StdoutLine: {'line': b'-- Up-to-date: /home/greyflon/lab_2025/install/two_wheeled_robot/share/two_wheeled_robot/models/person_walking/meshes/walking.dae\n'}
[1.884969] (two_wheeled_robot) StdoutLine: {'line': b'-- Up-to-date: /home/greyflon/lab_2025/install/two_wheeled_robot/share/two_wheeled_robot/models/person_walking/materials\n'}
[1.885256] (two_wheeled_robot) StdoutLine: {'line': b'-- Up-to-date: /home/greyflon/lab_2025/install/two_wheeled_robot/share/two_wheeled_robot/models/person_walking/materials/textures\n'}
[1.885657] (two_wheeled_robot) StdoutLine: {'line': b'-- Up-to-date: /home/greyflon/lab_2025/install/two_wheeled_robot/share/two_wheeled_robot/models/person_walking/materials/textures/eyebrow001-unmodified.png\n'}
[1.885802] (two_wheeled_robot) StdoutLine: {'line': b'-- Up-to-date: /home/greyflon/lab_2025/install/two_wheeled_robot/share/two_wheeled_robot/models/person_walking/materials/textures/male02_diffuse_black-unmodified.png\n'}
[1.885933] (two_wheeled_robot) StdoutLine: {'line': b'-- Up-to-date: /home/greyflon/lab_2025/install/two_wheeled_robot/share/two_wheeled_robot/models/person_walking/materials/textures/green_eye.png\n'}
[1.886078] (two_wheeled_robot) StdoutLine: {'line': b'-- Up-to-date: /home/greyflon/lab_2025/install/two_wheeled_robot/share/two_wheeled_robot/models/person_walking/materials/textures/jeans_basic_diffuse.png\n'}
[1.886199] (two_wheeled_robot) StdoutLine: {'line': b'-- Up-to-date: /home/greyflon/lab_2025/install/two_wheeled_robot/share/two_wheeled_robot/models/person_walking/materials/textures/eyebrow001.png\n'}
[1.886339] (two_wheeled_robot) StdoutLine: {'line': b'-- Up-to-date: /home/greyflon/lab_2025/install/two_wheeled_robot/share/two_wheeled_robot/models/person_walking/materials/textures/tshirt02_normals.png\n'}
[1.886435] (two_wheeled_robot) StdoutLine: {'line': b'-- Up-to-date: /home/greyflon/lab_2025/install/two_wheeled_robot/share/two_wheeled_robot/models/person_walking/materials/textures/jeans01_normals.png\n'}
[1.886592] (two_wheeled_robot) StdoutLine: {'line': b'-- Up-to-date: /home/greyflon/lab_2025/install/two_wheeled_robot/share/two_wheeled_robot/models/person_walking/materials/textures/male02_diffuse_black.png\n'}
[1.886675] (two_wheeled_robot) StdoutLine: {'line': b'-- Up-to-date: /home/greyflon/lab_2025/install/two_wheeled_robot/share/two_wheeled_robot/models/person_walking/materials/textures/young_lightskinned_male_diffuse.png\n'}
[1.886812] (two_wheeled_robot) StdoutLine: {'line': b'-- Up-to-date: /home/greyflon/lab_2025/install/two_wheeled_robot/share/two_wheeled_robot/models/person_walking/materials/textures/teeth.png\n'}
[1.886914] (two_wheeled_robot) StdoutLine: {'line': b'-- Up-to-date: /home/greyflon/lab_2025/install/two_wheeled_robot/share/two_wheeled_robot/models/person_walking/materials/textures/tshirt02_texture.png\n'}
[1.887038] (two_wheeled_robot) StdoutLine: {'line': b'-- Up-to-date: /home/greyflon/lab_2025/install/two_wheeled_robot/share/two_wheeled_robot/models/person_walking/model.sdf\n'}
[1.887124] (two_wheeled_robot) StdoutLine: {'line': b'-- Up-to-date: /home/greyflon/lab_2025/install/two_wheeled_robot/share/two_wheeled_robot/models/aws_robomaker_residential_Chandelier_01\n'}
[1.887926] (two_wheeled_robot) StdoutLine: {'line': b'-- Up-to-date: /home/greyflon/lab_2025/install/two_wheeled_robot/share/two_wheeled_robot/models/aws_robomaker_residential_Chandelier_01/model.config\n'}
[1.888087] (two_wheeled_robot) StdoutLine: {'line': b'-- Up-to-date: /home/greyflon/lab_2025/install/two_wheeled_robot/share/two_wheeled_robot/models/aws_robomaker_residential_Chandelier_01/meshes\n'}
[1.888390] (two_wheeled_robot) StdoutLine: {'line': b'-- Up-to-date: /home/greyflon/lab_2025/install/two_wheeled_robot/share/two_wheeled_robot/models/aws_robomaker_residential_Chandelier_01/meshes/aws_Chandelier_01_collision.DAE\n'}
[1.888542] (two_wheeled_robot) StdoutLine: {'line': b'-- Up-to-date: /home/greyflon/lab_2025/install/two_wheeled_robot/share/two_wheeled_robot/models/aws_robomaker_residential_Chandelier_01/meshes/aws_Chandelier_01_visual.DAE\n'}
[1.888685] (two_wheeled_robot) StdoutLine: {'line': b'-- Up-to-date: /home/greyflon/lab_2025/install/two_wheeled_robot/share/two_wheeled_robot/models/aws_robomaker_residential_Chandelier_01/meshes/aws_Chandelier_01.DAE\n'}
[1.888760] (two_wheeled_robot) StdoutLine: {'line': b'-- Up-to-date: /home/greyflon/lab_2025/install/two_wheeled_robot/share/two_wheeled_robot/models/aws_robomaker_residential_Chandelier_01/materials\n'}
[1.888970] (two_wheeled_robot) StdoutLine: {'line': b'-- Up-to-date: /home/greyflon/lab_2025/install/two_wheeled_robot/share/two_wheeled_robot/models/aws_robomaker_residential_Chandelier_01/materials/textures\n'}
[1.889326] (two_wheeled_robot) StdoutLine: {'line': b'-- Up-to-date: /home/greyflon/lab_2025/install/two_wheeled_robot/share/two_wheeled_robot/models/aws_robomaker_residential_Chandelier_01/materials/textures/aws_Chandelier_01.png\n'}
[1.889497] (two_wheeled_robot) StdoutLine: {'line': b'-- Up-to-date: /home/greyflon/lab_2025/install/two_wheeled_robot/share/two_wheeled_robot/models/aws_robomaker_residential_Chandelier_01/model.sdf\n'}
[1.889584] (two_wheeled_robot) StdoutLine: {'line': b'-- Up-to-date: /home/greyflon/lab_2025/install/two_wheeled_robot/share/two_wheeled_robot/models/big_plant\n'}
[1.889800] (two_wheeled_robot) StdoutLine: {'line': b'-- Up-to-date: /home/greyflon/lab_2025/install/two_wheeled_robot/share/two_wheeled_robot/models/big_plant/mesh\n'}
[1.890141] (two_wheeled_robot) StdoutLine: {'line': b'-- Up-to-date: /home/greyflon/lab_2025/install/two_wheeled_robot/share/two_wheeled_robot/models/big_plant/mesh/big_plant.stl\n'}
[1.890269] (two_wheeled_robot) StdoutLine: {'line': b'-- Up-to-date: /home/greyflon/lab_2025/install/two_wheeled_robot/share/two_wheeled_robot/models/big_plant/model.config\n'}
[1.890447] (two_wheeled_robot) StdoutLine: {'line': b'-- Up-to-date: /home/greyflon/lab_2025/install/two_wheeled_robot/share/two_wheeled_robot/models/big_plant/model.sdf\n'}
[1.890537] (two_wheeled_robot) StdoutLine: {'line': b'-- Up-to-date: /home/greyflon/lab_2025/install/two_wheeled_robot/share/two_wheeled_robot/models/aws_robomaker_residential_LightC_01\n'}
[1.890726] (two_wheeled_robot) StdoutLine: {'line': b'-- Up-to-date: /home/greyflon/lab_2025/install/two_wheeled_robot/share/two_wheeled_robot/models/aws_robomaker_residential_LightC_01/model.config\n'}
[1.890877] (two_wheeled_robot) StdoutLine: {'line': b'-- Up-to-date: /home/greyflon/lab_2025/install/two_wheeled_robot/share/two_wheeled_robot/models/aws_robomaker_residential_LightC_01/meshes\n'}
[1.891163] (two_wheeled_robot) StdoutLine: {'line': b'-- Up-to-date: /home/greyflon/lab_2025/install/two_wheeled_robot/share/two_wheeled_robot/models/aws_robomaker_residential_LightC_01/meshes/aws_LightC_01_visual.DAE\n'}
[1.891333] (two_wheeled_robot) StdoutLine: {'line': b'-- Up-to-date: /home/greyflon/lab_2025/install/two_wheeled_robot/share/two_wheeled_robot/models/aws_robomaker_residential_LightC_01/meshes/aws_LightC_01_collision.DAE\n'}
[1.891439] (two_wheeled_robot) StdoutLine: {'line': b'-- Up-to-date: /home/greyflon/lab_2025/install/two_wheeled_robot/share/two_wheeled_robot/models/aws_robomaker_residential_LightC_01/materials\n'}
[1.892000] (two_wheeled_robot) StdoutLine: {'line': b'-- Up-to-date: /home/greyflon/lab_2025/install/two_wheeled_robot/share/two_wheeled_robot/models/aws_robomaker_residential_LightC_01/materials/textures\n'}
[1.892389] (two_wheeled_robot) StdoutLine: {'line': b'-- Up-to-date: /home/greyflon/lab_2025/install/two_wheeled_robot/share/two_wheeled_robot/models/aws_robomaker_residential_LightC_01/materials/textures/aws_LightC_01.png\n'}
[1.892561] (two_wheeled_robot) StdoutLine: {'line': b'-- Up-to-date: /home/greyflon/lab_2025/install/two_wheeled_robot/share/two_wheeled_robot/models/aws_robomaker_residential_LightC_01/model.sdf\n'}
[1.892646] (two_wheeled_robot) StdoutLine: {'line': b'-- Up-to-date: /home/greyflon/lab_2025/install/two_wheeled_robot/share/two_wheeled_robot/models/elegant_male\n'}
[1.892869] (two_wheeled_robot) StdoutLine: {'line': b'-- Up-to-date: /home/greyflon/lab_2025/install/two_wheeled_robot/share/two_wheeled_robot/models/elegant_male/model.config\n'}
[1.893012] (two_wheeled_robot) StdoutLine: {'line': b'-- Up-to-date: /home/greyflon/lab_2025/install/two_wheeled_robot/share/two_wheeled_robot/models/elegant_male/meshes\n'}
[1.893273] (two_wheeled_robot) StdoutLine: {'line': b'-- Up-to-date: /home/greyflon/lab_2025/install/two_wheeled_robot/share/two_wheeled_robot/models/elegant_male/meshes/elegant_male.dae\n'}
[1.893413] (two_wheeled_robot) StdoutLine: {'line': b'-- Up-to-date: /home/greyflon/lab_2025/install/two_wheeled_robot/share/two_wheeled_robot/models/elegant_male/meshes/elegant_male.png\n'}
[1.893537] (two_wheeled_robot) StdoutLine: {'line': b'-- Up-to-date: /home/greyflon/lab_2025/install/two_wheeled_robot/share/two_wheeled_robot/models/elegant_male/materials\n'}
[1.893756] (two_wheeled_robot) StdoutLine: {'line': b'-- Up-to-date: /home/greyflon/lab_2025/install/two_wheeled_robot/share/two_wheeled_robot/models/elegant_male/materials/textures\n'}
[1.894231] (two_wheeled_robot) StdoutLine: {'line': b'-- Up-to-date: /home/greyflon/lab_2025/install/two_wheeled_robot/share/two_wheeled_robot/models/elegant_male/materials/textures/shoes01_normal.png\n'}
[1.894381] (two_wheeled_robot) StdoutLine: {'line': b'-- Up-to-date: /home/greyflon/lab_2025/install/two_wheeled_robot/share/two_wheeled_robot/models/elegant_male/materials/textures/short01_diffuse.png\n'}
[1.894513] (two_wheeled_robot) StdoutLine: {'line': b'-- Up-to-date: /home/greyflon/lab_2025/install/two_wheeled_robot/share/two_wheeled_robot/models/elegant_male/materials/textures/eyebrow005.png\n'}
[1.894629] (two_wheeled_robot) StdoutLine: {'line': b'-- Up-to-date: /home/greyflon/lab_2025/install/two_wheeled_robot/share/two_wheeled_robot/models/elegant_male/materials/textures/male_elegantsuit01_diffuse.png\n'}
[1.894765] (two_wheeled_robot) StdoutLine: {'line': b'-- Up-to-date: /home/greyflon/lab_2025/install/two_wheeled_robot/share/two_wheeled_robot/models/elegant_male/materials/textures/young_lightskinned_male_diffuse3.png\n'}
[1.894847] (two_wheeled_robot) StdoutLine: {'line': b'-- Up-to-date: /home/greyflon/lab_2025/install/two_wheeled_robot/share/two_wheeled_robot/models/elegant_male/materials/textures/brown_eye.png\n'}
[1.895009] (two_wheeled_robot) StdoutLine: {'line': b'-- Up-to-date: /home/greyflon/lab_2025/install/two_wheeled_robot/share/two_wheeled_robot/models/elegant_male/materials/textures/shoes01_diffuse.png\n'}
[1.895090] (two_wheeled_robot) StdoutLine: {'line': b'-- Up-to-date: /home/greyflon/lab_2025/install/two_wheeled_robot/share/two_wheeled_robot/models/elegant_male/model.sdf\n'}
[1.895162] (two_wheeled_robot) StdoutLine: {'line': b'-- Up-to-date: /home/greyflon/lab_2025/install/two_wheeled_robot/share/two_wheeled_robot/models/aws_robomaker_hospital_floor_01_walls\n'}
[1.895365] (two_wheeled_robot) StdoutLine: {'line': b'-- Up-to-date: /home/greyflon/lab_2025/install/two_wheeled_robot/share/two_wheeled_robot/models/aws_robomaker_hospital_floor_01_walls/model.config\n'}
[1.895536] (two_wheeled_robot) StdoutLine: {'line': b'-- Up-to-date: /home/greyflon/lab_2025/install/two_wheeled_robot/share/two_wheeled_robot/models/aws_robomaker_hospital_floor_01_walls/meshes\n'}
[1.895794] (two_wheeled_robot) StdoutLine: {'line': b'-- Up-to-date: /home/greyflon/lab_2025/install/two_wheeled_robot/share/two_wheeled_robot/models/aws_robomaker_hospital_floor_01_walls/meshes/aws_robomaker_hospital_floor_01_walls.png\n'}
[1.895910] (two_wheeled_robot) StdoutLine: {'line': b'-- Up-to-date: /home/greyflon/lab_2025/install/two_wheeled_robot/share/two_wheeled_robot/models/aws_robomaker_hospital_floor_01_walls/meshes/aws_robomaker_hospital_floor_01_doorsign.png\n'}
[1.896043] (two_wheeled_robot) StdoutLine: {'line': b'-- Up-to-date: /home/greyflon/lab_2025/install/two_wheeled_robot/share/two_wheeled_robot/models/aws_robomaker_hospital_floor_01_walls/meshes/aws_robomaker_hospital_floor_01_stairs.png\n'}
[1.896165] (two_wheeled_robot) StdoutLine: {'line': b'-- Up-to-date: /home/greyflon/lab_2025/install/two_wheeled_robot/share/two_wheeled_robot/models/aws_robomaker_hospital_floor_01_walls/meshes/aws_robomaker_hospital_floor_01_windows.png\n'}
[1.896322] (two_wheeled_robot) StdoutLine: {'line': b'-- Up-to-date: /home/greyflon/lab_2025/install/two_wheeled_robot/share/two_wheeled_robot/models/aws_robomaker_hospital_floor_01_walls/meshes/aws_robomaker_hospital_floor_01_walls_collision.dae\n'}
[1.896418] (two_wheeled_robot) StdoutLine: {'line': b'-- Up-to-date: /home/greyflon/lab_2025/install/two_wheeled_robot/share/two_wheeled_robot/models/aws_robomaker_hospital_floor_01_walls/meshes/aws_robomaker_hospital_floor_01_bumprail.png\n'}
[1.896559] (two_wheeled_robot) StdoutLine: {'line': b'-- Up-to-date: /home/greyflon/lab_2025/install/two_wheeled_robot/share/two_wheeled_robot/models/aws_robomaker_hospital_floor_01_walls/meshes/aws_robomaker_hospital_floor_01_handrail.png\n'}
[1.896679] (two_wheeled_robot) StdoutLine: {'line': b'-- Up-to-date: /home/greyflon/lab_2025/install/two_wheeled_robot/share/two_wheeled_robot/models/aws_robomaker_hospital_floor_01_walls/meshes/aws_robomaker_hospital_floor_01_doorframes_small.png\n'}
[1.896827] (two_wheeled_robot) StdoutLine: {'line': b'-- Up-to-date: /home/greyflon/lab_2025/install/two_wheeled_robot/share/two_wheeled_robot/models/aws_robomaker_hospital_floor_01_walls/meshes/aws_robomaker_hospital_floor_01_doorframes_big.png\n'}
[1.896951] (two_wheeled_robot) StdoutLine: {'line': b'-- Up-to-date: /home/greyflon/lab_2025/install/two_wheeled_robot/share/two_wheeled_robot/models/aws_robomaker_hospital_floor_01_walls/meshes/aws_robomaker_hospital_floor_01_walls_visual.dae\n'}
[1.897026] (two_wheeled_robot) StdoutLine: {'line': b'-- Up-to-date: /home/greyflon/lab_2025/install/two_wheeled_robot/share/two_wheeled_robot/models/aws_robomaker_hospital_floor_01_walls/model.sdf\n'}
[1.897113] (two_wheeled_robot) StdoutLine: {'line': b'-- Up-to-date: /home/greyflon/lab_2025/install/two_wheeled_robot/share/two_wheeled_robot/models/aws_robomaker_residential_Bed_01\n'}
[1.897799] (two_wheeled_robot) StdoutLine: {'line': b'-- Up-to-date: /home/greyflon/lab_2025/install/two_wheeled_robot/share/two_wheeled_robot/models/aws_robomaker_residential_Bed_01/model.config\n'}
[1.897957] (two_wheeled_robot) StdoutLine: {'line': b'-- Up-to-date: /home/greyflon/lab_2025/install/two_wheeled_robot/share/two_wheeled_robot/models/aws_robomaker_residential_Bed_01/meshes\n'}
[1.898228] (two_wheeled_robot) StdoutLine: {'line': b'-- Up-to-date: /home/greyflon/lab_2025/install/two_wheeled_robot/share/two_wheeled_robot/models/aws_robomaker_residential_Bed_01/meshes/aws_Bed_01_visual.DAE\n'}
[1.898361] (two_wheeled_robot) StdoutLine: {'line': b'-- Up-to-date: /home/greyflon/lab_2025/install/two_wheeled_robot/share/two_wheeled_robot/models/aws_robomaker_residential_Bed_01/meshes/aws_Bed_01_collision.DAE\n'}
[1.898491] (two_wheeled_robot) StdoutLine: {'line': b'-- Up-to-date: /home/greyflon/lab_2025/install/two_wheeled_robot/share/two_wheeled_robot/models/aws_robomaker_residential_Bed_01/materials\n'}
[1.898738] (two_wheeled_robot) StdoutLine: {'line': b'-- Up-to-date: /home/greyflon/lab_2025/install/two_wheeled_robot/share/two_wheeled_robot/models/aws_robomaker_residential_Bed_01/materials/textures\n'}
[1.899081] (two_wheeled_robot) StdoutLine: {'line': b'-- Up-to-date: /home/greyflon/lab_2025/install/two_wheeled_robot/share/two_wheeled_robot/models/aws_robomaker_residential_Bed_01/materials/textures/aws_BedC_01.png\n'}
[1.899223] (two_wheeled_robot) StdoutLine: {'line': b'-- Up-to-date: /home/greyflon/lab_2025/install/two_wheeled_robot/share/two_wheeled_robot/models/aws_robomaker_residential_Bed_01/materials/textures/aws_BedB_01.png\n'}
[1.899361] (two_wheeled_robot) StdoutLine: {'line': b'-- Up-to-date: /home/greyflon/lab_2025/install/two_wheeled_robot/share/two_wheeled_robot/models/aws_robomaker_residential_Bed_01/materials/textures/aws_Bed_01.png\n'}
[1.899513] (two_wheeled_robot) StdoutLine: {'line': b'-- Up-to-date: /home/greyflon/lab_2025/install/two_wheeled_robot/share/two_wheeled_robot/models/aws_robomaker_residential_Bed_01/materials/textures/aws_BedA_01.png\n'}
[1.899656] (two_wheeled_robot) StdoutLine: {'line': b'-- Up-to-date: /home/greyflon/lab_2025/install/two_wheeled_robot/share/two_wheeled_robot/models/aws_robomaker_residential_Bed_01/model.sdf\n'}
[1.899733] (two_wheeled_robot) StdoutLine: {'line': b'-- Up-to-date: /home/greyflon/lab_2025/install/two_wheeled_robot/share/two_wheeled_robot/models/green_tray\n'}
[1.899862] (two_wheeled_robot) StdoutLine: {'line': b'-- Up-to-date: /home/greyflon/lab_2025/install/two_wheeled_robot/share/two_wheeled_robot/models/green_tray/model.config\n'}
[1.900001] (two_wheeled_robot) StdoutLine: {'line': b'-- Up-to-date: /home/greyflon/lab_2025/install/two_wheeled_robot/share/two_wheeled_robot/models/green_tray/meshes\n'}
[1.900265] (two_wheeled_robot) StdoutLine: {'line': b'-- Up-to-date: /home/greyflon/lab_2025/install/two_wheeled_robot/share/two_wheeled_robot/models/green_tray/meshes/green_tray.dae\n'}
[1.900403] (two_wheeled_robot) StdoutLine: {'line': b'-- Up-to-date: /home/greyflon/lab_2025/install/two_wheeled_robot/share/two_wheeled_robot/models/green_tray/model.sdf\n'}
[1.900533] (two_wheeled_robot) StdoutLine: {'line': b'-- Up-to-date: /home/greyflon/lab_2025/install/two_wheeled_robot/share/two_wheeled_robot/models/target_4x4\n'}
[1.900770] (two_wheeled_robot) StdoutLine: {'line': b'-- Up-to-date: /home/greyflon/lab_2025/install/two_wheeled_robot/share/two_wheeled_robot/models/target_4x4/model.config\n'}
[1.900897] (two_wheeled_robot) StdoutLine: {'line': b'-- Up-to-date: /home/greyflon/lab_2025/install/two_wheeled_robot/share/two_wheeled_robot/models/target_4x4/meshes\n'}
[1.901165] (two_wheeled_robot) StdoutLine: {'line': b'-- Up-to-date: /home/greyflon/lab_2025/install/two_wheeled_robot/share/two_wheeled_robot/models/target_4x4/meshes/target_4x4.dae\n'}
[1.901297] (two_wheeled_robot) StdoutLine: {'line': b'-- Up-to-date: /home/greyflon/lab_2025/install/two_wheeled_robot/share/two_wheeled_robot/models/target_4x4/model.sdf\n'}
[1.901453] (two_wheeled_robot) StdoutLine: {'line': b'-- Up-to-date: /home/greyflon/lab_2025/install/two_wheeled_robot/share/two_wheeled_robot/models/robotbase\n'}
[1.902080] (two_wheeled_robot) StdoutLine: {'line': b'-- Up-to-date: /home/greyflon/lab_2025/install/two_wheeled_robot/share/two_wheeled_robot/models/robotbase/model.config\n'}
[1.902197] (two_wheeled_robot) StdoutLine: {'line': b'-- Up-to-date: /home/greyflon/lab_2025/install/two_wheeled_robot/share/two_wheeled_robot/models/robotbase/model.sdf\n'}
[1.902325] (two_wheeled_robot) StdoutLine: {'line': b'-- Up-to-date: /home/greyflon/lab_2025/install/two_wheeled_robot/share/two_wheeled_robot/models/washer\n'}
[1.902570] (two_wheeled_robot) StdoutLine: {'line': b'-- Up-to-date: /home/greyflon/lab_2025/install/two_wheeled_robot/share/two_wheeled_robot/models/washer/model.config\n'}
[1.902690] (two_wheeled_robot) StdoutLine: {'line': b'-- Up-to-date: /home/greyflon/lab_2025/install/two_wheeled_robot/share/two_wheeled_robot/models/washer/meshes\n'}
[1.902974] (two_wheeled_robot) StdoutLine: {'line': b'-- Up-to-date: /home/greyflon/lab_2025/install/two_wheeled_robot/share/two_wheeled_robot/models/washer/meshes/washer.dae\n'}
[1.903111] (two_wheeled_robot) StdoutLine: {'line': b'-- Up-to-date: /home/greyflon/lab_2025/install/two_wheeled_robot/share/two_wheeled_robot/models/washer/model.sdf\n'}
[1.903255] (two_wheeled_robot) StdoutLine: {'line': b'-- Up-to-date: /home/greyflon/lab_2025/install/two_wheeled_robot/share/two_wheeled_robot/models/washer/model.rsdf\n'}
[1.903352] (two_wheeled_robot) StdoutLine: {'line': b'-- Up-to-date: /home/greyflon/lab_2025/install/two_wheeled_robot/share/two_wheeled_robot/models/aws_robomaker_hospital_curtain_closed_01\n'}
[1.903548] (two_wheeled_robot) StdoutLine: {'line': b'-- Up-to-date: /home/greyflon/lab_2025/install/two_wheeled_robot/share/two_wheeled_robot/models/aws_robomaker_hospital_curtain_closed_01/model.config\n'}
[1.903675] (two_wheeled_robot) StdoutLine: {'line': b'-- Up-to-date: /home/greyflon/lab_2025/install/two_wheeled_robot/share/two_wheeled_robot/models/aws_robomaker_hospital_curtain_closed_01/meshes\n'}
[1.903890] (-) TimerEvent: {}
[1.904587] (two_wheeled_robot) StdoutLine: {'line': b'-- Up-to-date: /home/greyflon/lab_2025/install/two_wheeled_robot/share/two_wheeled_robot/models/aws_robomaker_hospital_curtain_closed_01/meshes/aws_robomaker_hospital_curtainrail_01_visual.png\n'}
[1.904727] (two_wheeled_robot) StdoutLine: {'line': b'-- Up-to-date: /home/greyflon/lab_2025/install/two_wheeled_robot/share/two_wheeled_robot/models/aws_robomaker_hospital_curtain_closed_01/meshes/aws_robomaker_hospital_curtain_closed_01_low.png\n'}
[1.904850] (two_wheeled_robot) StdoutLine: {'line': b'-- Up-to-date: /home/greyflon/lab_2025/install/two_wheeled_robot/share/two_wheeled_robot/models/aws_robomaker_hospital_curtain_closed_01/meshes/aws_robomaker_hospital_curtainrail_01_visual_normal.png\n'}
[1.904976] (two_wheeled_robot) StdoutLine: {'line': b'-- Up-to-date: /home/greyflon/lab_2025/install/two_wheeled_robot/share/two_wheeled_robot/models/aws_robomaker_hospital_curtain_closed_01/meshes/aws_robomaker_hospital_curtain_closed_01_low_normal.png\n'}
[1.905118] (two_wheeled_robot) StdoutLine: {'line': b'-- Up-to-date: /home/greyflon/lab_2025/install/two_wheeled_robot/share/two_wheeled_robot/models/aws_robomaker_hospital_curtain_closed_01/meshes/aws_robomaker_hospital_curtain_closed_01_visual.dae\n'}
[1.905200] (two_wheeled_robot) StdoutLine: {'line': b'-- Up-to-date: /home/greyflon/lab_2025/install/two_wheeled_robot/share/two_wheeled_robot/models/aws_robomaker_hospital_curtain_closed_01/meshes/aws_robomaker_hospital_curtain_closed_01_collision.dae\n'}
[1.905367] (two_wheeled_robot) StdoutLine: {'line': b'-- Up-to-date: /home/greyflon/lab_2025/install/two_wheeled_robot/share/two_wheeled_robot/models/aws_robomaker_hospital_curtain_closed_01/meshes/aws_robomaker_hospital_curtain_closed_01_visual_normal.png\n'}
[1.905464] (two_wheeled_robot) StdoutLine: {'line': b'-- Up-to-date: /home/greyflon/lab_2025/install/two_wheeled_robot/share/two_wheeled_robot/models/aws_robomaker_hospital_curtain_closed_01/meshes/aws_robomaker_hospital_curtain_closed_01_visual.png\n'}
[1.905600] (two_wheeled_robot) StdoutLine: {'line': b'-- Up-to-date: /home/greyflon/lab_2025/install/two_wheeled_robot/share/two_wheeled_robot/models/aws_robomaker_hospital_curtain_closed_01/meshes/aws_robomaker_hospital_curtainrail_01_low.png\n'}
[1.905739] (two_wheeled_robot) StdoutLine: {'line': b'-- Up-to-date: /home/greyflon/lab_2025/install/two_wheeled_robot/share/two_wheeled_robot/models/aws_robomaker_hospital_curtain_closed_01/meshes/aws_robomaker_hospital_curtainrail_01_low_normal.png\n'}
[1.905816] (two_wheeled_robot) StdoutLine: {'line': b'-- Up-to-date: /home/greyflon/lab_2025/install/two_wheeled_robot/share/two_wheeled_robot/models/aws_robomaker_hospital_curtain_closed_01/model.sdf\n'}
[1.905890] (two_wheeled_robot) StdoutLine: {'line': b'-- Up-to-date: /home/greyflon/lab_2025/install/two_wheeled_robot/share/two_wheeled_robot/models/BPCart\n'}
[1.906034] (two_wheeled_robot) StdoutLine: {'line': b'-- Up-to-date: /home/greyflon/lab_2025/install/two_wheeled_robot/share/two_wheeled_robot/models/BPCart/model.config\n'}
[1.906153] (two_wheeled_robot) StdoutLine: {'line': b'-- Up-to-date: /home/greyflon/lab_2025/install/two_wheeled_robot/share/two_wheeled_robot/models/BPCart/meshes\n'}
[1.906473] (two_wheeled_robot) StdoutLine: {'line': b'-- Up-to-date: /home/greyflon/lab_2025/install/two_wheeled_robot/share/two_wheeled_robot/models/BPCart/meshes/Cart_BP_Diffuse.png\n'}
[1.906605] (two_wheeled_robot) StdoutLine: {'line': b'-- Up-to-date: /home/greyflon/lab_2025/install/two_wheeled_robot/share/two_wheeled_robot/models/BPCart/meshes/Carts_Wheels_Diffuse.png\n'}
[1.906724] (two_wheeled_robot) StdoutLine: {'line': b'-- Up-to-date: /home/greyflon/lab_2025/install/two_wheeled_robot/share/two_wheeled_robot/models/BPCart/meshes/Cart_BP_Col.obj\n'}
[1.906875] (two_wheeled_robot) StdoutLine: {'line': b'-- Up-to-date: /home/greyflon/lab_2025/install/two_wheeled_robot/share/two_wheeled_robot/models/BPCart/meshes/Cart_BP_Col.mtl\n'}
[1.906997] (two_wheeled_robot) StdoutLine: {'line': b'-- Up-to-date: /home/greyflon/lab_2025/install/two_wheeled_robot/share/two_wheeled_robot/models/BPCart/meshes/Cart_BP.obj\n'}
[1.907117] (two_wheeled_robot) StdoutLine: {'line': b'-- Up-to-date: /home/greyflon/lab_2025/install/two_wheeled_robot/share/two_wheeled_robot/models/BPCart/meshes/Cart_BP.mtl\n'}
[1.907255] (two_wheeled_robot) StdoutLine: {'line': b'-- Up-to-date: /home/greyflon/lab_2025/install/two_wheeled_robot/share/two_wheeled_robot/models/BPCart/meshes/BP_BP_LP_SpecularGloss.png\n'}
[1.907348] (two_wheeled_robot) StdoutLine: {'line': b'-- Up-to-date: /home/greyflon/lab_2025/install/two_wheeled_robot/share/two_wheeled_robot/models/BPCart/meshes/BP_BP_LP_Normal.png\n'}
[1.907425] (two_wheeled_robot) StdoutLine: {'line': b'-- Up-to-date: /home/greyflon/lab_2025/install/two_wheeled_robot/share/two_wheeled_robot/models/BPCart/thumbnails\n'}
[1.907566] (two_wheeled_robot) StdoutLine: {'line': b'-- Up-to-date: /home/greyflon/lab_2025/install/two_wheeled_robot/share/two_wheeled_robot/models/BPCart/thumbnails/5.png\n'}
[1.907702] (two_wheeled_robot) StdoutLine: {'line': b'-- Up-to-date: /home/greyflon/lab_2025/install/two_wheeled_robot/share/two_wheeled_robot/models/BPCart/thumbnails/1.png\n'}
[1.907822] (two_wheeled_robot) StdoutLine: {'line': b'-- Up-to-date: /home/greyflon/lab_2025/install/two_wheeled_robot/share/two_wheeled_robot/models/BPCart/thumbnails/2.png\n'}
[1.907944] (two_wheeled_robot) StdoutLine: {'line': b'-- Up-to-date: /home/greyflon/lab_2025/install/two_wheeled_robot/share/two_wheeled_robot/models/BPCart/thumbnails/4.png\n'}
[1.908083] (two_wheeled_robot) StdoutLine: {'line': b'-- Up-to-date: /home/greyflon/lab_2025/install/two_wheeled_robot/share/two_wheeled_robot/models/BPCart/thumbnails/3.png\n'}
[1.908207] (two_wheeled_robot) StdoutLine: {'line': b'-- Up-to-date: /home/greyflon/lab_2025/install/two_wheeled_robot/share/two_wheeled_robot/models/BPCart/model.sdf\n'}
[1.908290] (two_wheeled_robot) StdoutLine: {'line': b'-- Up-to-date: /home/greyflon/lab_2025/install/two_wheeled_robot/share/two_wheeled_robot/models/TrolleyBedPatient\n'}
[1.908449] (two_wheeled_robot) StdoutLine: {'line': b'-- Up-to-date: /home/greyflon/lab_2025/install/two_wheeled_robot/share/two_wheeled_robot/models/TrolleyBedPatient/model.config\n'}
[1.908586] (two_wheeled_robot) StdoutLine: {'line': b'-- Up-to-date: /home/greyflon/lab_2025/install/two_wheeled_robot/share/two_wheeled_robot/models/TrolleyBedPatient/meshes\n'}
[1.908828] (two_wheeled_robot) StdoutLine: {'line': b'-- Up-to-date: /home/greyflon/lab_2025/install/two_wheeled_robot/share/two_wheeled_robot/models/TrolleyBedPatient/meshes/PatientF.png\n'}
[1.908954] (two_wheeled_robot) StdoutLine: {'line': b'-- Up-to-date: /home/greyflon/lab_2025/install/two_wheeled_robot/share/two_wheeled_robot/models/TrolleyBedPatient/meshes/TrolleyBedPatient.mtl\n'}
[1.909094] (two_wheeled_robot) StdoutLine: {'line': b'-- Up-to-date: /home/greyflon/lab_2025/install/two_wheeled_robot/share/two_wheeled_robot/models/TrolleyBedPatient/meshes/TrolleyBedPatient.obj\n'}
[1.909245] (two_wheeled_robot) StdoutLine: {'line': b'-- Up-to-date: /home/greyflon/lab_2025/install/two_wheeled_robot/share/two_wheeled_robot/models/TrolleyBedPatient/meshes/TrolleyBed_Diffuse.png\n'}
[1.909346] (two_wheeled_robot) StdoutLine: {'line': b'-- Up-to-date: /home/greyflon/lab_2025/install/two_wheeled_robot/share/two_wheeled_robot/models/TrolleyBedPatient/thumbnails\n'}
[1.909542] (two_wheeled_robot) StdoutLine: {'line': b'-- Up-to-date: /home/greyflon/lab_2025/install/two_wheeled_robot/share/two_wheeled_robot/models/TrolleyBedPatient/thumbnails/5.png\n'}
[1.909687] (two_wheeled_robot) StdoutLine: {'line': b'-- Up-to-date: /home/greyflon/lab_2025/install/two_wheeled_robot/share/two_wheeled_robot/models/TrolleyBedPatient/thumbnails/1.png\n'}
[1.909814] (two_wheeled_robot) StdoutLine: {'line': b'-- Up-to-date: /home/greyflon/lab_2025/install/two_wheeled_robot/share/two_wheeled_robot/models/TrolleyBedPatient/thumbnails/2.png\n'}
[1.909957] (two_wheeled_robot) StdoutLine: {'line': b'-- Up-to-date: /home/greyflon/lab_2025/install/two_wheeled_robot/share/two_wheeled_robot/models/TrolleyBedPatient/thumbnails/4.png\n'}
[1.910077] (two_wheeled_robot) StdoutLine: {'line': b'-- Up-to-date: /home/greyflon/lab_2025/install/two_wheeled_robot/share/two_wheeled_robot/models/TrolleyBedPatient/thumbnails/3.png\n'}
[1.910206] (two_wheeled_robot) StdoutLine: {'line': b'-- Up-to-date: /home/greyflon/lab_2025/install/two_wheeled_robot/share/two_wheeled_robot/models/TrolleyBedPatient/model.sdf\n'}
[1.910295] (two_wheeled_robot) StdoutLine: {'line': b'-- Up-to-date: /home/greyflon/lab_2025/install/two_wheeled_robot/share/two_wheeled_robot/models/aws_robomaker_residential_PortraitA_01\n'}
[1.910461] (two_wheeled_robot) StdoutLine: {'line': b'-- Up-to-date: /home/greyflon/lab_2025/install/two_wheeled_robot/share/two_wheeled_robot/models/aws_robomaker_residential_PortraitA_01/model.config\n'}
[1.910590] (two_wheeled_robot) StdoutLine: {'line': b'-- Up-to-date: /home/greyflon/lab_2025/install/two_wheeled_robot/share/two_wheeled_robot/models/aws_robomaker_residential_PortraitA_01/meshes\n'}
[1.910982] (two_wheeled_robot) StdoutLine: {'line': b'-- Up-to-date: /home/greyflon/lab_2025/install/two_wheeled_robot/share/two_wheeled_robot/models/aws_robomaker_residential_PortraitA_01/meshes/aws_PortraitA_01_visual.DAE\n'}
[1.911103] (two_wheeled_robot) StdoutLine: {'line': b'-- Up-to-date: /home/greyflon/lab_2025/install/two_wheeled_robot/share/two_wheeled_robot/models/aws_robomaker_residential_PortraitA_01/meshes/aws_PortraitA_01_collision.DAE\n'}
[1.911233] (two_wheeled_robot) StdoutLine: {'line': b'-- Up-to-date: /home/greyflon/lab_2025/install/two_wheeled_robot/share/two_wheeled_robot/models/aws_robomaker_residential_PortraitA_01/materials\n'}
[1.911613] (two_wheeled_robot) StdoutLine: {'line': b'-- Up-to-date: /home/greyflon/lab_2025/install/two_wheeled_robot/share/two_wheeled_robot/models/aws_robomaker_residential_PortraitA_01/materials/textures\n'}
[1.912035] (two_wheeled_robot) StdoutLine: {'line': b'-- Up-to-date: /home/greyflon/lab_2025/install/two_wheeled_robot/share/two_wheeled_robot/models/aws_robomaker_residential_PortraitA_01/materials/textures/aws_PortraitA_01.png\n'}
[1.912177] (two_wheeled_robot) StdoutLine: {'line': b'-- Up-to-date: /home/greyflon/lab_2025/install/two_wheeled_robot/share/two_wheeled_robot/models/aws_robomaker_residential_PortraitA_01/materials/textures/aws_PortraitA_02.png\n'}
[1.912322] (two_wheeled_robot) StdoutLine: {'line': b'-- Up-to-date: /home/greyflon/lab_2025/install/two_wheeled_robot/share/two_wheeled_robot/models/aws_robomaker_residential_PortraitA_01/materials/textures/PortraitA_01.jpg\n'}
[1.912499] (two_wheeled_robot) StdoutLine: {'line': b'-- Up-to-date: /home/greyflon/lab_2025/install/two_wheeled_robot/share/two_wheeled_robot/models/aws_robomaker_residential_PortraitA_01/model.sdf\n'}
[1.912604] (two_wheeled_robot) StdoutLine: {'line': b'-- Up-to-date: /home/greyflon/lab_2025/install/two_wheeled_robot/share/two_wheeled_robot/models/aws_robomaker_residential_Vase_01\n'}
[1.912775] (two_wheeled_robot) StdoutLine: {'line': b'-- Up-to-date: /home/greyflon/lab_2025/install/two_wheeled_robot/share/two_wheeled_robot/models/aws_robomaker_residential_Vase_01/model.config\n'}
[1.912903] (two_wheeled_robot) StdoutLine: {'line': b'-- Up-to-date: /home/greyflon/lab_2025/install/two_wheeled_robot/share/two_wheeled_robot/models/aws_robomaker_residential_Vase_01/meshes\n'}
[1.913397] (two_wheeled_robot) StdoutLine: {'line': b'-- Up-to-date: /home/greyflon/lab_2025/install/two_wheeled_robot/share/two_wheeled_robot/models/aws_robomaker_residential_Vase_01/meshes/aws_Vase_01_collision.DAE\n'}
[1.913532] (two_wheeled_robot) StdoutLine: {'line': b'-- Up-to-date: /home/greyflon/lab_2025/install/two_wheeled_robot/share/two_wheeled_robot/models/aws_robomaker_residential_Vase_01/meshes/aws_Vase_01_visual.DAE\n'}
[1.913660] (two_wheeled_robot) StdoutLine: {'line': b'-- Up-to-date: /home/greyflon/lab_2025/install/two_wheeled_robot/share/two_wheeled_robot/models/aws_robomaker_residential_Vase_01/materials\n'}
[1.913870] (two_wheeled_robot) StdoutLine: {'line': b'-- Up-to-date: /home/greyflon/lab_2025/install/two_wheeled_robot/share/two_wheeled_robot/models/aws_robomaker_residential_Vase_01/materials/textures\n'}
[1.914370] (two_wheeled_robot) StdoutLine: {'line': b'-- Up-to-date: /home/greyflon/lab_2025/install/two_wheeled_robot/share/two_wheeled_robot/models/aws_robomaker_residential_Vase_01/materials/textures/aws_Vase_01.png\n'}
[1.914513] (two_wheeled_robot) StdoutLine: {'line': b'-- Up-to-date: /home/greyflon/lab_2025/install/two_wheeled_robot/share/two_wheeled_robot/models/aws_robomaker_residential_Vase_01/model.sdf\n'}
[1.914643] (two_wheeled_robot) StdoutLine: {'line': b'-- Up-to-date: /home/greyflon/lab_2025/install/two_wheeled_robot/share/two_wheeled_robot/models/aws_robomaker_residential_TVCabinet_01\n'}
[1.914925] (two_wheeled_robot) StdoutLine: {'line': b'-- Up-to-date: /home/greyflon/lab_2025/install/two_wheeled_robot/share/two_wheeled_robot/models/aws_robomaker_residential_TVCabinet_01/model.config\n'}
[1.915058] (two_wheeled_robot) StdoutLine: {'line': b'-- Up-to-date: /home/greyflon/lab_2025/install/two_wheeled_robot/share/two_wheeled_robot/models/aws_robomaker_residential_TVCabinet_01/meshes\n'}
[1.915398] (two_wheeled_robot) StdoutLine: {'line': b'-- Up-to-date: /home/greyflon/lab_2025/install/two_wheeled_robot/share/two_wheeled_robot/models/aws_robomaker_residential_TVCabinet_01/meshes/aws_TVCabinet_01_visual.DAE\n'}
[1.915539] (two_wheeled_robot) StdoutLine: {'line': b'-- Up-to-date: /home/greyflon/lab_2025/install/two_wheeled_robot/share/two_wheeled_robot/models/aws_robomaker_residential_TVCabinet_01/meshes/aws_TVCabinet_01_collision.DAE\n'}
[1.915663] (two_wheeled_robot) StdoutLine: {'line': b'-- Up-to-date: /home/greyflon/lab_2025/install/two_wheeled_robot/share/two_wheeled_robot/models/aws_robomaker_residential_TVCabinet_01/materials\n'}
[1.915915] (two_wheeled_robot) StdoutLine: {'line': b'-- Up-to-date: /home/greyflon/lab_2025/install/two_wheeled_robot/share/two_wheeled_robot/models/aws_robomaker_residential_TVCabinet_01/materials/textures\n'}
[1.916332] (two_wheeled_robot) StdoutLine: {'line': b'-- Up-to-date: /home/greyflon/lab_2025/install/two_wheeled_robot/share/two_wheeled_robot/models/aws_robomaker_residential_TVCabinet_01/materials/textures/aws_TVCabinet_01.png\n'}
[1.916480] (two_wheeled_robot) StdoutLine: {'line': b'-- Up-to-date: /home/greyflon/lab_2025/install/two_wheeled_robot/share/two_wheeled_robot/models/aws_robomaker_residential_TVCabinet_01/model.sdf\n'}
[1.916560] (two_wheeled_robot) StdoutLine: {'line': b'-- Up-to-date: /home/greyflon/lab_2025/install/two_wheeled_robot/share/two_wheeled_robot/models/europallet\n'}
[1.916720] (two_wheeled_robot) StdoutLine: {'line': b'-- Up-to-date: /home/greyflon/lab_2025/install/two_wheeled_robot/share/two_wheeled_robot/models/europallet/model.config\n'}
[1.916802] (two_wheeled_robot) StdoutLine: {'line': b'-- Up-to-date: /home/greyflon/lab_2025/install/two_wheeled_robot/share/two_wheeled_robot/models/europallet/meshes\n'}
[1.916952] (two_wheeled_robot) StdoutLine: {'line': b'-- Up-to-date: /home/greyflon/lab_2025/install/two_wheeled_robot/share/two_wheeled_robot/models/europallet/meshes/europallet.dae\n'}
[1.917072] (two_wheeled_robot) StdoutLine: {'line': b'-- Up-to-date: /home/greyflon/lab_2025/install/two_wheeled_robot/share/two_wheeled_robot/models/europallet/materials\n'}
[1.917184] (two_wheeled_robot) StdoutLine: {'line': b'-- Up-to-date: /home/greyflon/lab_2025/install/two_wheeled_robot/share/two_wheeled_robot/models/europallet/materials/textures\n'}
[1.917443] (two_wheeled_robot) StdoutLine: {'line': b'-- Up-to-date: /home/greyflon/lab_2025/install/two_wheeled_robot/share/two_wheeled_robot/models/europallet/materials/textures/Wood_Grain_Dark.jpg\n'}
[1.917577] (two_wheeled_robot) StdoutLine: {'line': b'-- Up-to-date: /home/greyflon/lab_2025/install/two_wheeled_robot/share/two_wheeled_robot/models/europallet/model.sdf\n'}
[1.917651] (two_wheeled_robot) StdoutLine: {'line': b'-- Up-to-date: /home/greyflon/lab_2025/install/two_wheeled_robot/share/two_wheeled_robot/models/PatientWheelChair\n'}
[1.917770] (two_wheeled_robot) StdoutLine: {'line': b'-- Up-to-date: /home/greyflon/lab_2025/install/two_wheeled_robot/share/two_wheeled_robot/models/PatientWheelChair/model.config\n'}
[1.917843] (two_wheeled_robot) StdoutLine: {'line': b'-- Up-to-date: /home/greyflon/lab_2025/install/two_wheeled_robot/share/two_wheeled_robot/models/PatientWheelChair/meshes\n'}
[1.917975] (two_wheeled_robot) StdoutLine: {'line': b'-- Up-to-date: /home/greyflon/lab_2025/install/two_wheeled_robot/share/two_wheeled_robot/models/PatientWheelChair/meshes/PatientWheelChair_Diffuse.png\n'}
[1.918114] (two_wheeled_robot) StdoutLine: {'line': b'-- Up-to-date: /home/greyflon/lab_2025/install/two_wheeled_robot/share/two_wheeled_robot/models/PatientWheelChair/meshes/PatientWheelChair_Col.mtl\n'}
[1.918273] (two_wheeled_robot) StdoutLine: {'line': b'-- Up-to-date: /home/greyflon/lab_2025/install/two_wheeled_robot/share/two_wheeled_robot/models/PatientWheelChair/meshes/PatientWheelChair_Col.obj\n'}
[1.918378] (two_wheeled_robot) StdoutLine: {'line': b'-- Up-to-date: /home/greyflon/lab_2025/install/two_wheeled_robot/share/two_wheeled_robot/models/PatientWheelChair/meshes/PatientWheelChair.mtl\n'}
[1.918532] (two_wheeled_robot) StdoutLine: {'line': b'-- Up-to-date: /home/greyflon/lab_2025/install/two_wheeled_robot/share/two_wheeled_robot/models/PatientWheelChair/meshes/PatientWheelChair.obj\n'}
[1.918669] (two_wheeled_robot) StdoutLine: {'line': b'-- Up-to-date: /home/greyflon/lab_2025/install/two_wheeled_robot/share/two_wheeled_robot/models/PatientWheelChair/thumbnails\n'}
[1.918745] (two_wheeled_robot) StdoutLine: {'line': b'-- Up-to-date: /home/greyflon/lab_2025/install/two_wheeled_robot/share/two_wheeled_robot/models/PatientWheelChair/thumbnails/5.png\n'}
[1.918818] (two_wheeled_robot) StdoutLine: {'line': b'-- Up-to-date: /home/greyflon/lab_2025/install/two_wheeled_robot/share/two_wheeled_robot/models/PatientWheelChair/thumbnails/1.png\n'}
[1.918891] (two_wheeled_robot) StdoutLine: {'line': b'-- Up-to-date: /home/greyflon/lab_2025/install/two_wheeled_robot/share/two_wheeled_robot/models/PatientWheelChair/thumbnails/2.png\n'}
[1.918963] (two_wheeled_robot) StdoutLine: {'line': b'-- Up-to-date: /home/greyflon/lab_2025/install/two_wheeled_robot/share/two_wheeled_robot/models/PatientWheelChair/thumbnails/4.png\n'}
[1.919035] (two_wheeled_robot) StdoutLine: {'line': b'-- Up-to-date: /home/greyflon/lab_2025/install/two_wheeled_robot/share/two_wheeled_robot/models/PatientWheelChair/thumbnails/3.png\n'}
[1.919106] (two_wheeled_robot) StdoutLine: {'line': b'-- Up-to-date: /home/greyflon/lab_2025/install/two_wheeled_robot/share/two_wheeled_robot/models/PatientWheelChair/model.sdf\n'}
[1.919233] (two_wheeled_robot) StdoutLine: {'line': b'-- Up-to-date: /home/greyflon/lab_2025/install/two_wheeled_robot/share/two_wheeled_robot/models/aws_robomaker_hospital_elevator_01_car\n'}
[1.919330] (two_wheeled_robot) StdoutLine: {'line': b'-- Up-to-date: /home/greyflon/lab_2025/install/two_wheeled_robot/share/two_wheeled_robot/models/aws_robomaker_hospital_elevator_01_car/model.config\n'}
[1.919470] (two_wheeled_robot) StdoutLine: {'line': b'-- Up-to-date: /home/greyflon/lab_2025/install/two_wheeled_robot/share/two_wheeled_robot/models/aws_robomaker_hospital_elevator_01_car/meshes\n'}
[1.919628] (two_wheeled_robot) StdoutLine: {'line': b'-- Up-to-date: /home/greyflon/lab_2025/install/two_wheeled_robot/share/two_wheeled_robot/models/aws_robomaker_hospital_elevator_01_car/meshes/aws_robomaker_hospital_elevator_01_car_collision.dae\n'}
[1.919759] (two_wheeled_robot) StdoutLine: {'line': b'-- Up-to-date: /home/greyflon/lab_2025/install/two_wheeled_robot/share/two_wheeled_robot/models/aws_robomaker_hospital_elevator_01_car/meshes/aws_robomaker_hospital_elevator_01_car_low.dae\n'}
[1.919878] (two_wheeled_robot) StdoutLine: {'line': b'-- Up-to-date: /home/greyflon/lab_2025/install/two_wheeled_robot/share/two_wheeled_robot/models/aws_robomaker_hospital_elevator_01_car/meshes/aws_robomaker_hospital_elevator_01_visual_normal.png\n'}
[1.919955] (two_wheeled_robot) StdoutLine: {'line': b'-- Up-to-date: /home/greyflon/lab_2025/install/two_wheeled_robot/share/two_wheeled_robot/models/aws_robomaker_hospital_elevator_01_car/meshes/aws_robomaker_hospital_elevator_01_low.png\n'}
[1.920028] (two_wheeled_robot) StdoutLine: {'line': b'-- Up-to-date: /home/greyflon/lab_2025/install/two_wheeled_robot/share/two_wheeled_robot/models/aws_robomaker_hospital_elevator_01_car/meshes/aws_robomaker_hospital_elevator_01_low_normal.png\n'}
[1.920177] (two_wheeled_robot) StdoutLine: {'line': b'-- Up-to-date: /home/greyflon/lab_2025/install/two_wheeled_robot/share/two_wheeled_robot/models/aws_robomaker_hospital_elevator_01_car/meshes/aws_robomaker_hospital_elevator_01_car_visual.dae\n'}
[1.920253] (two_wheeled_robot) StdoutLine: {'line': b'-- Up-to-date: /home/greyflon/lab_2025/install/two_wheeled_robot/share/two_wheeled_robot/models/aws_robomaker_hospital_elevator_01_car/meshes/aws_robomaker_hospital_elevator_01_visual.png\n'}
[1.920374] (two_wheeled_robot) StdoutLine: {'line': b'-- Up-to-date: /home/greyflon/lab_2025/install/two_wheeled_robot/share/two_wheeled_robot/models/aws_robomaker_hospital_elevator_01_car/model.sdf\n'}
[1.920452] (two_wheeled_robot) StdoutLine: {'line': b'-- Up-to-date: /home/greyflon/lab_2025/install/two_wheeled_robot/share/two_wheeled_robot/models/aws_robomaker_residential_AirconditionerB_01\n'}
[1.920529] (two_wheeled_robot) StdoutLine: {'line': b'-- Up-to-date: /home/greyflon/lab_2025/install/two_wheeled_robot/share/two_wheeled_robot/models/aws_robomaker_residential_AirconditionerB_01/model.config\n'}
[1.920664] (two_wheeled_robot) StdoutLine: {'line': b'-- Up-to-date: /home/greyflon/lab_2025/install/two_wheeled_robot/share/two_wheeled_robot/models/aws_robomaker_residential_AirconditionerB_01/meshes\n'}
[1.920747] (two_wheeled_robot) StdoutLine: {'line': b'-- Up-to-date: /home/greyflon/lab_2025/install/two_wheeled_robot/share/two_wheeled_robot/models/aws_robomaker_residential_AirconditionerB_01/meshes/aws_AirconditionerB_01_visual.DAE\n'}
[1.920894] (two_wheeled_robot) StdoutLine: {'line': b'-- Up-to-date: /home/greyflon/lab_2025/install/two_wheeled_robot/share/two_wheeled_robot/models/aws_robomaker_residential_AirconditionerB_01/meshes/aws_AirconditionerB_01_collision.DAE\n'}
[1.921036] (two_wheeled_robot) StdoutLine: {'line': b'-- Up-to-date: /home/greyflon/lab_2025/install/two_wheeled_robot/share/two_wheeled_robot/models/aws_robomaker_residential_AirconditionerB_01/materials\n'}
[1.921111] (two_wheeled_robot) StdoutLine: {'line': b'-- Up-to-date: /home/greyflon/lab_2025/install/two_wheeled_robot/share/two_wheeled_robot/models/aws_robomaker_residential_AirconditionerB_01/materials/textures\n'}
[1.921227] (two_wheeled_robot) StdoutLine: {'line': b'-- Up-to-date: /home/greyflon/lab_2025/install/two_wheeled_robot/share/two_wheeled_robot/models/aws_robomaker_residential_AirconditionerB_01/materials/textures/aws_AirconditionerB_01.png\n'}
[1.921328] (two_wheeled_robot) StdoutLine: {'line': b'-- Up-to-date: /home/greyflon/lab_2025/install/two_wheeled_robot/share/two_wheeled_robot/models/aws_robomaker_residential_AirconditionerB_01/model.sdf\n'}
[1.921416] (two_wheeled_robot) StdoutLine: {'line': b'-- Up-to-date: /home/greyflon/lab_2025/install/two_wheeled_robot/share/two_wheeled_robot/models/aws_robomaker_residential_SofaB_01\n'}
[1.921557] (two_wheeled_robot) StdoutLine: {'line': b'-- Up-to-date: /home/greyflon/lab_2025/install/two_wheeled_robot/share/two_wheeled_robot/models/aws_robomaker_residential_SofaB_01/model.config\n'}
[1.921683] (two_wheeled_robot) StdoutLine: {'line': b'-- Up-to-date: /home/greyflon/lab_2025/install/two_wheeled_robot/share/two_wheeled_robot/models/aws_robomaker_residential_SofaB_01/meshes\n'}
[1.921761] (two_wheeled_robot) StdoutLine: {'line': b'-- Up-to-date: /home/greyflon/lab_2025/install/two_wheeled_robot/share/two_wheeled_robot/models/aws_robomaker_residential_SofaB_01/meshes/aws_SofaB_01_collision.DAE\n'}
[1.921835] (two_wheeled_robot) StdoutLine: {'line': b'-- Up-to-date: /home/greyflon/lab_2025/install/two_wheeled_robot/share/two_wheeled_robot/models/aws_robomaker_residential_SofaB_01/meshes/aws_SofaB_01_visual.DAE\n'}
[1.921908] (two_wheeled_robot) StdoutLine: {'line': b'-- Up-to-date: /home/greyflon/lab_2025/install/two_wheeled_robot/share/two_wheeled_robot/models/aws_robomaker_residential_SofaB_01/materials\n'}
[1.921980] (two_wheeled_robot) StdoutLine: {'line': b'-- Up-to-date: /home/greyflon/lab_2025/install/two_wheeled_robot/share/two_wheeled_robot/models/aws_robomaker_residential_SofaB_01/materials/textures\n'}
[1.922052] (two_wheeled_robot) StdoutLine: {'line': b'-- Up-to-date: /home/greyflon/lab_2025/install/two_wheeled_robot/share/two_wheeled_robot/models/aws_robomaker_residential_SofaB_01/materials/textures/aws_SofaB_01.png\n'}
[1.922124] (two_wheeled_robot) StdoutLine: {'line': b'-- Up-to-date: /home/greyflon/lab_2025/install/two_wheeled_robot/share/two_wheeled_robot/models/aws_robomaker_residential_SofaB_01/model.sdf\n'}
[1.922196] (two_wheeled_robot) StdoutLine: {'line': b'-- Up-to-date: /home/greyflon/lab_2025/install/two_wheeled_robot/share/two_wheeled_robot/models/aws_robomaker_residential_Door_01\n'}
[1.922268] (two_wheeled_robot) StdoutLine: {'line': b'-- Up-to-date: /home/greyflon/lab_2025/install/two_wheeled_robot/share/two_wheeled_robot/models/aws_robomaker_residential_Door_01/model.config\n'}
[1.922361] (two_wheeled_robot) StdoutLine: {'line': b'-- Up-to-date: /home/greyflon/lab_2025/install/two_wheeled_robot/share/two_wheeled_robot/models/aws_robomaker_residential_Door_01/meshes\n'}
[1.922519] (two_wheeled_robot) StdoutLine: {'line': b'-- Up-to-date: /home/greyflon/lab_2025/install/two_wheeled_robot/share/two_wheeled_robot/models/aws_robomaker_residential_Door_01/meshes/aws_Door_01_visual.DAE\n'}
[1.922651] (two_wheeled_robot) StdoutLine: {'line': b'-- Up-to-date: /home/greyflon/lab_2025/install/two_wheeled_robot/share/two_wheeled_robot/models/aws_robomaker_residential_Door_01/meshes/aws_Door_01_collision.DAE\n'}
[1.922726] (two_wheeled_robot) StdoutLine: {'line': b'-- Up-to-date: /home/greyflon/lab_2025/install/two_wheeled_robot/share/two_wheeled_robot/models/aws_robomaker_residential_Door_01/materials\n'}
[1.922855] (two_wheeled_robot) StdoutLine: {'line': b'-- Up-to-date: /home/greyflon/lab_2025/install/two_wheeled_robot/share/two_wheeled_robot/models/aws_robomaker_residential_Door_01/materials/textures\n'}
[1.922982] (two_wheeled_robot) StdoutLine: {'line': b'-- Up-to-date: /home/greyflon/lab_2025/install/two_wheeled_robot/share/two_wheeled_robot/models/aws_robomaker_residential_Door_01/materials/textures/aws_Door_01.png\n'}
[1.923104] (two_wheeled_robot) StdoutLine: {'line': b'-- Up-to-date: /home/greyflon/lab_2025/install/two_wheeled_robot/share/two_wheeled_robot/models/aws_robomaker_residential_Door_01/model.sdf\n'}
[1.923179] (two_wheeled_robot) StdoutLine: {'line': b'-- Up-to-date: /home/greyflon/lab_2025/install/two_wheeled_robot/share/two_wheeled_robot/models/WhiteChipChair\n'}
[1.934080] (two_wheeled_robot) StdoutLine: {'line': b'-- Up-to-date: /home/greyflon/lab_2025/install/two_wheeled_robot/share/two_wheeled_robot/models/WhiteChipChair/model.config\n'}
[1.934209] (two_wheeled_robot) StdoutLine: {'line': b'-- Up-to-date: /home/greyflon/lab_2025/install/two_wheeled_robot/share/two_wheeled_robot/models/WhiteChipChair/meshes\n'}
[1.934375] (two_wheeled_robot) StdoutLine: {'line': b'-- Up-to-date: /home/greyflon/lab_2025/install/two_wheeled_robot/share/two_wheeled_robot/models/WhiteChipChair/meshes/WhiteChipChair_Col.mtl\n'}
[1.934563] (two_wheeled_robot) StdoutLine: {'line': b'-- Up-to-date: /home/greyflon/lab_2025/install/two_wheeled_robot/share/two_wheeled_robot/models/WhiteChipChair/meshes/WhiteChipChair.obj\n'}
[1.934653] (two_wheeled_robot) StdoutLine: {'line': b'-- Up-to-date: /home/greyflon/lab_2025/install/two_wheeled_robot/share/two_wheeled_robot/models/WhiteChipChair/meshes/WhiteChipChair_Col.obj\n'}
[1.934808] (two_wheeled_robot) StdoutLine: {'line': b'-- Up-to-date: /home/greyflon/lab_2025/install/two_wheeled_robot/share/two_wheeled_robot/models/WhiteChipChair/meshes/WhiteChipChair.mtl\n'}
[1.934883] (two_wheeled_robot) StdoutLine: {'line': b'-- Up-to-date: /home/greyflon/lab_2025/install/two_wheeled_robot/share/two_wheeled_robot/models/WhiteChipChair/meshes/WhiteChipChairDiffuse.png\n'}
[1.934956] (two_wheeled_robot) StdoutLine: {'line': b'-- Up-to-date: /home/greyflon/lab_2025/install/two_wheeled_robot/share/two_wheeled_robot/models/WhiteChipChair/thumbnails\n'}
[1.935029] (two_wheeled_robot) StdoutLine: {'line': b'-- Up-to-date: /home/greyflon/lab_2025/install/two_wheeled_robot/share/two_wheeled_robot/models/WhiteChipChair/thumbnails/5.png\n'}
[1.935102] (two_wheeled_robot) StdoutLine: {'line': b'-- Up-to-date: /home/greyflon/lab_2025/install/two_wheeled_robot/share/two_wheeled_robot/models/WhiteChipChair/thumbnails/1.png\n'}
[1.935174] (two_wheeled_robot) StdoutLine: {'line': b'-- Up-to-date: /home/greyflon/lab_2025/install/two_wheeled_robot/share/two_wheeled_robot/models/WhiteChipChair/thumbnails/2.png\n'}
[1.935247] (two_wheeled_robot) StdoutLine: {'line': b'-- Up-to-date: /home/greyflon/lab_2025/install/two_wheeled_robot/share/two_wheeled_robot/models/WhiteChipChair/thumbnails/4.png\n'}
[1.935336] (two_wheeled_robot) StdoutLine: {'line': b'-- Up-to-date: /home/greyflon/lab_2025/install/two_wheeled_robot/share/two_wheeled_robot/models/WhiteChipChair/thumbnails/3.png\n'}
[1.935414] (two_wheeled_robot) StdoutLine: {'line': b'-- Up-to-date: /home/greyflon/lab_2025/install/two_wheeled_robot/share/two_wheeled_robot/models/WhiteChipChair/model.sdf\n'}
[1.935498] (two_wheeled_robot) StdoutLine: {'line': b'-- Up-to-date: /home/greyflon/lab_2025/install/two_wheeled_robot/share/two_wheeled_robot/models/aws_robomaker_warehouse_GroundB_01\n'}
[1.948447] (two_wheeled_robot) StdoutLine: {'line': b'-- Up-to-date: /home/greyflon/lab_2025/install/two_wheeled_robot/share/two_wheeled_robot/models/aws_robomaker_warehouse_GroundB_01/model.config\n'}
[1.948621] (two_wheeled_robot) StdoutLine: {'line': b'-- Up-to-date: /home/greyflon/lab_2025/install/two_wheeled_robot/share/two_wheeled_robot/models/aws_robomaker_warehouse_GroundB_01/meshes\n'}
[1.948770] (two_wheeled_robot) StdoutLine: {'line': b'-- Up-to-date: /home/greyflon/lab_2025/install/two_wheeled_robot/share/two_wheeled_robot/models/aws_robomaker_warehouse_GroundB_01/meshes/aws_robomaker_warehouse_GroundB_01_visual.DAE\n'}
[1.948852] (two_wheeled_robot) StdoutLine: {'line': b'-- Up-to-date: /home/greyflon/lab_2025/install/two_wheeled_robot/share/two_wheeled_robot/models/aws_robomaker_warehouse_GroundB_01/meshes/aws_robomaker_warehouse_GroundB_01_collision.DAE\n'}
[1.948979] (two_wheeled_robot) StdoutLine: {'line': b'-- Up-to-date: /home/greyflon/lab_2025/install/two_wheeled_robot/share/two_wheeled_robot/models/aws_robomaker_warehouse_GroundB_01/materials\n'}
[1.949139] (two_wheeled_robot) StdoutLine: {'line': b'-- Up-to-date: /home/greyflon/lab_2025/install/two_wheeled_robot/share/two_wheeled_robot/models/aws_robomaker_warehouse_GroundB_01/materials/textures\n'}
[1.949227] (two_wheeled_robot) StdoutLine: {'line': b'-- Up-to-date: /home/greyflon/lab_2025/install/two_wheeled_robot/share/two_wheeled_robot/models/aws_robomaker_warehouse_GroundB_01/materials/textures/aws_robomaker_warehouse_GroundB_02.png\n'}
[1.949316] (two_wheeled_robot) StdoutLine: {'line': b'-- Up-to-date: /home/greyflon/lab_2025/install/two_wheeled_robot/share/two_wheeled_robot/models/aws_robomaker_warehouse_GroundB_01/materials/textures/aws_robomaker_warehouse_GroundB_01.png\n'}
[1.949453] (two_wheeled_robot) StdoutLine: {'line': b'-- Up-to-date: /home/greyflon/lab_2025/install/two_wheeled_robot/share/two_wheeled_robot/models/aws_robomaker_warehouse_GroundB_01/model.sdf\n'}
[1.949529] (two_wheeled_robot) StdoutLine: {'line': b'-- Up-to-date: /home/greyflon/lab_2025/install/two_wheeled_robot/share/two_wheeled_robot/models/SurgicalTrolley\n'}
[1.949602] (two_wheeled_robot) StdoutLine: {'line': b'-- Up-to-date: /home/greyflon/lab_2025/install/two_wheeled_robot/share/two_wheeled_robot/models/SurgicalTrolley/model.config\n'}
[1.949675] (two_wheeled_robot) StdoutLine: {'line': b'-- Up-to-date: /home/greyflon/lab_2025/install/two_wheeled_robot/share/two_wheeled_robot/models/SurgicalTrolley/meshes\n'}
[1.950126] (two_wheeled_robot) StdoutLine: {'line': b'-- Up-to-date: /home/greyflon/lab_2025/install/two_wheeled_robot/share/two_wheeled_robot/models/SurgicalTrolley/meshes/trolley.mtl\n'}
[1.950296] (two_wheeled_robot) StdoutLine: {'line': b'-- Up-to-date: /home/greyflon/lab_2025/install/two_wheeled_robot/share/two_wheeled_robot/models/SurgicalTrolley/meshes/texture.png\n'}
[1.950385] (two_wheeled_robot) StdoutLine: {'line': b'-- Up-to-date: /home/greyflon/lab_2025/install/two_wheeled_robot/share/two_wheeled_robot/models/SurgicalTrolley/meshes/trolley.obj\n'}
[1.950457] (two_wheeled_robot) StdoutLine: {'line': b'-- Up-to-date: /home/greyflon/lab_2025/install/two_wheeled_robot/share/two_wheeled_robot/models/SurgicalTrolley/thumbnails\n'}
[1.950807] (two_wheeled_robot) StdoutLine: {'line': b'-- Up-to-date: /home/greyflon/lab_2025/install/two_wheeled_robot/share/two_wheeled_robot/models/SurgicalTrolley/thumbnails/5.png\n'}
[1.950950] (two_wheeled_robot) StdoutLine: {'line': b'-- Up-to-date: /home/greyflon/lab_2025/install/two_wheeled_robot/share/two_wheeled_robot/models/SurgicalTrolley/thumbnails/1.png\n'}
[1.951052] (two_wheeled_robot) StdoutLine: {'line': b'-- Up-to-date: /home/greyflon/lab_2025/install/two_wheeled_robot/share/two_wheeled_robot/models/SurgicalTrolley/thumbnails/2.png\n'}
[1.951203] (two_wheeled_robot) StdoutLine: {'line': b'-- Up-to-date: /home/greyflon/lab_2025/install/two_wheeled_robot/share/two_wheeled_robot/models/SurgicalTrolley/thumbnails/4.png\n'}
[1.951288] (two_wheeled_robot) StdoutLine: {'line': b'-- Up-to-date: /home/greyflon/lab_2025/install/two_wheeled_robot/share/two_wheeled_robot/models/SurgicalTrolley/thumbnails/3.png\n'}
[1.951426] (two_wheeled_robot) StdoutLine: {'line': b'-- Up-to-date: /home/greyflon/lab_2025/install/two_wheeled_robot/share/two_wheeled_robot/models/SurgicalTrolley/model.sdf\n'}
[1.951501] (two_wheeled_robot) StdoutLine: {'line': b'-- Up-to-date: /home/greyflon/lab_2025/install/two_wheeled_robot/share/two_wheeled_robot/models/Drawer\n'}
[1.951578] (two_wheeled_robot) StdoutLine: {'line': b'-- Up-to-date: /home/greyflon/lab_2025/install/two_wheeled_robot/share/two_wheeled_robot/models/Drawer/model.config\n'}
[1.951758] (two_wheeled_robot) StdoutLine: {'line': b'-- Up-to-date: /home/greyflon/lab_2025/install/two_wheeled_robot/share/two_wheeled_robot/models/Drawer/meshes\n'}
[1.951837] (two_wheeled_robot) StdoutLine: {'line': b'-- Up-to-date: /home/greyflon/lab_2025/install/two_wheeled_robot/share/two_wheeled_robot/models/Drawer/meshes/Drawer.obj\n'}
[1.951910] (two_wheeled_robot) StdoutLine: {'line': b'-- Up-to-date: /home/greyflon/lab_2025/install/two_wheeled_robot/share/two_wheeled_robot/models/Drawer/meshes/Drawer.png\n'}
[1.951985] (two_wheeled_robot) StdoutLine: {'line': b'-- Up-to-date: /home/greyflon/lab_2025/install/two_wheeled_robot/share/two_wheeled_robot/models/Drawer/meshes/Drawer_Col.obj\n'}
[1.952178] (two_wheeled_robot) StdoutLine: {'line': b'-- Up-to-date: /home/greyflon/lab_2025/install/two_wheeled_robot/share/two_wheeled_robot/models/Drawer/meshes/Drawer.mtl\n'}
[1.952335] (two_wheeled_robot) StdoutLine: {'line': b'-- Up-to-date: /home/greyflon/lab_2025/install/two_wheeled_robot/share/two_wheeled_robot/models/Drawer/thumbnails\n'}
[1.952419] (two_wheeled_robot) StdoutLine: {'line': b'-- Up-to-date: /home/greyflon/lab_2025/install/two_wheeled_robot/share/two_wheeled_robot/models/Drawer/thumbnails/5.png\n'}
[1.952546] (two_wheeled_robot) StdoutLine: {'line': b'-- Up-to-date: /home/greyflon/lab_2025/install/two_wheeled_robot/share/two_wheeled_robot/models/Drawer/thumbnails/1.png\n'}
[1.952620] (two_wheeled_robot) StdoutLine: {'line': b'-- Up-to-date: /home/greyflon/lab_2025/install/two_wheeled_robot/share/two_wheeled_robot/models/Drawer/thumbnails/2.png\n'}
[1.952698] (two_wheeled_robot) StdoutLine: {'line': b'-- Up-to-date: /home/greyflon/lab_2025/install/two_wheeled_robot/share/two_wheeled_robot/models/Drawer/thumbnails/4.png\n'}
[1.952784] (two_wheeled_robot) StdoutLine: {'line': b'-- Up-to-date: /home/greyflon/lab_2025/install/two_wheeled_robot/share/two_wheeled_robot/models/Drawer/thumbnails/3.png\n'}
[1.952870] (two_wheeled_robot) StdoutLine: {'line': b'-- Up-to-date: /home/greyflon/lab_2025/install/two_wheeled_robot/share/two_wheeled_robot/models/Drawer/model.sdf\n'}
[1.952987] (two_wheeled_robot) StdoutLine: {'line': b'-- Up-to-date: /home/greyflon/lab_2025/install/two_wheeled_robot/share/two_wheeled_robot/models/aws_robomaker_residential_CookingBench_01\n'}
[1.953135] (two_wheeled_robot) StdoutLine: {'line': b'-- Up-to-date: /home/greyflon/lab_2025/install/two_wheeled_robot/share/two_wheeled_robot/models/aws_robomaker_residential_CookingBench_01/model.config\n'}
[1.953267] (two_wheeled_robot) StdoutLine: {'line': b'-- Up-to-date: /home/greyflon/lab_2025/install/two_wheeled_robot/share/two_wheeled_robot/models/aws_robomaker_residential_CookingBench_01/meshes\n'}
[1.953366] (two_wheeled_robot) StdoutLine: {'line': b'-- Up-to-date: /home/greyflon/lab_2025/install/two_wheeled_robot/share/two_wheeled_robot/models/aws_robomaker_residential_CookingBench_01/meshes/aws_CookingBench_01_visual.DAE\n'}
[1.953457] (two_wheeled_robot) StdoutLine: {'line': b'-- Up-to-date: /home/greyflon/lab_2025/install/two_wheeled_robot/share/two_wheeled_robot/models/aws_robomaker_residential_CookingBench_01/meshes/aws_CookingBench_01.DAE\n'}
[1.953587] (two_wheeled_robot) StdoutLine: {'line': b'-- Up-to-date: /home/greyflon/lab_2025/install/two_wheeled_robot/share/two_wheeled_robot/models/aws_robomaker_residential_CookingBench_01/meshes/aws_CookingBench_01_collision.DAE\n'}
[1.953676] (two_wheeled_robot) StdoutLine: {'line': b'-- Up-to-date: /home/greyflon/lab_2025/install/two_wheeled_robot/share/two_wheeled_robot/models/aws_robomaker_residential_CookingBench_01/materials\n'}
[1.953791] (two_wheeled_robot) StdoutLine: {'line': b'-- Up-to-date: /home/greyflon/lab_2025/install/two_wheeled_robot/share/two_wheeled_robot/models/aws_robomaker_residential_CookingBench_01/materials/textures\n'}
[1.953978] (two_wheeled_robot) StdoutLine: {'line': b'-- Up-to-date: /home/greyflon/lab_2025/install/two_wheeled_robot/share/two_wheeled_robot/models/aws_robomaker_residential_CookingBench_01/materials/textures/aws_CookingBench_01.png\n'}
[1.954114] (two_wheeled_robot) StdoutLine: {'line': b'-- Up-to-date: /home/greyflon/lab_2025/install/two_wheeled_robot/share/two_wheeled_robot/models/aws_robomaker_residential_CookingBench_01/model.sdf\n'}
[1.954190] (two_wheeled_robot) StdoutLine: {'line': b'-- Up-to-date: /home/greyflon/lab_2025/install/two_wheeled_robot/share/two_wheeled_robot/models/MopCart3\n'}
[1.954293] (two_wheeled_robot) StdoutLine: {'line': b'-- Up-to-date: /home/greyflon/lab_2025/install/two_wheeled_robot/share/two_wheeled_robot/models/MopCart3/model.config\n'}
[1.954426] (two_wheeled_robot) StdoutLine: {'line': b'-- Up-to-date: /home/greyflon/lab_2025/install/two_wheeled_robot/share/two_wheeled_robot/models/MopCart3/meshes\n'}
[1.954546] (two_wheeled_robot) StdoutLine: {'line': b'-- Up-to-date: /home/greyflon/lab_2025/install/two_wheeled_robot/share/two_wheeled_robot/models/MopCart3/meshes/Spray.png\n'}
[1.954706] (two_wheeled_robot) StdoutLine: {'line': b'-- Up-to-date: /home/greyflon/lab_2025/install/two_wheeled_robot/share/two_wheeled_robot/models/MopCart3/meshes/Parcel.png\n'}
[1.954853] (two_wheeled_robot) StdoutLine: {'line': b'-- Up-to-date: /home/greyflon/lab_2025/install/two_wheeled_robot/share/two_wheeled_robot/models/MopCart3/meshes/Mop.png\n'}
[1.954930] (two_wheeled_robot) StdoutLine: {'line': b'-- Up-to-date: /home/greyflon/lab_2025/install/two_wheeled_robot/share/two_wheeled_robot/models/MopCart3/meshes/MopCart3.obj\n'}
[1.955062] (two_wheeled_robot) StdoutLine: {'line': b'-- Up-to-date: /home/greyflon/lab_2025/install/two_wheeled_robot/share/two_wheeled_robot/models/MopCart3/meshes/Red.png\n'}
[1.955206] (two_wheeled_robot) StdoutLine: {'line': b'-- Up-to-date: /home/greyflon/lab_2025/install/two_wheeled_robot/share/two_wheeled_robot/models/MopCart3/meshes/Plastic.png\n'}
[1.955300] (two_wheeled_robot) StdoutLine: {'line': b'-- Up-to-date: /home/greyflon/lab_2025/install/two_wheeled_robot/share/two_wheeled_robot/models/MopCart3/meshes/Glove.png\n'}
[1.955448] (two_wheeled_robot) StdoutLine: {'line': b'-- Up-to-date: /home/greyflon/lab_2025/install/two_wheeled_robot/share/two_wheeled_robot/models/MopCart3/meshes/Cloth.png\n'}
[1.955535] (two_wheeled_robot) StdoutLine: {'line': b'-- Up-to-date: /home/greyflon/lab_2025/install/two_wheeled_robot/share/two_wheeled_robot/models/MopCart3/meshes/Duster.png\n'}
[1.955704] (two_wheeled_robot) StdoutLine: {'line': b'-- Up-to-date: /home/greyflon/lab_2025/install/two_wheeled_robot/share/two_wheeled_robot/models/MopCart3/meshes/Blue.png\n'}
[1.955818] (two_wheeled_robot) StdoutLine: {'line': b'-- Up-to-date: /home/greyflon/lab_2025/install/two_wheeled_robot/share/two_wheeled_robot/models/MopCart3/meshes/Sign.png\n'}
[1.955897] (two_wheeled_robot) StdoutLine: {'line': b'-- Up-to-date: /home/greyflon/lab_2025/install/two_wheeled_robot/share/two_wheeled_robot/models/MopCart3/meshes/Cart.png\n'}
[1.955984] (two_wheeled_robot) StdoutLine: {'line': b'-- Up-to-date: /home/greyflon/lab_2025/install/two_wheeled_robot/share/two_wheeled_robot/models/MopCart3/meshes/MopCart3.mtl\n'}
[1.956070] (two_wheeled_robot) StdoutLine: {'line': b'-- Up-to-date: /home/greyflon/lab_2025/install/two_wheeled_robot/share/two_wheeled_robot/models/MopCart3/thumbnails\n'}
[1.956198] (two_wheeled_robot) StdoutLine: {'line': b'-- Up-to-date: /home/greyflon/lab_2025/install/two_wheeled_robot/share/two_wheeled_robot/models/MopCart3/thumbnails/5.png\n'}
[1.956273] (two_wheeled_robot) StdoutLine: {'line': b'-- Up-to-date: /home/greyflon/lab_2025/install/two_wheeled_robot/share/two_wheeled_robot/models/MopCart3/thumbnails/1.png\n'}
[1.956378] (two_wheeled_robot) StdoutLine: {'line': b'-- Up-to-date: /home/greyflon/lab_2025/install/two_wheeled_robot/share/two_wheeled_robot/models/MopCart3/thumbnails/2.png\n'}
[1.956479] (two_wheeled_robot) StdoutLine: {'line': b'-- Up-to-date: /home/greyflon/lab_2025/install/two_wheeled_robot/share/two_wheeled_robot/models/MopCart3/thumbnails/4.png\n'}
[1.956570] (two_wheeled_robot) StdoutLine: {'line': b'-- Up-to-date: /home/greyflon/lab_2025/install/two_wheeled_robot/share/two_wheeled_robot/models/MopCart3/thumbnails/3.png\n'}
[1.956659] (two_wheeled_robot) StdoutLine: {'line': b'-- Up-to-date: /home/greyflon/lab_2025/install/two_wheeled_robot/share/two_wheeled_robot/models/MopCart3/model.sdf\n'}
[1.956827] (two_wheeled_robot) StdoutLine: {'line': b'-- Up-to-date: /home/greyflon/lab_2025/install/two_wheeled_robot/share/two_wheeled_robot/models/FemaleVisitorSit\n'}
[1.956911] (two_wheeled_robot) StdoutLine: {'line': b'-- Up-to-date: /home/greyflon/lab_2025/install/two_wheeled_robot/share/two_wheeled_robot/models/FemaleVisitorSit/model.config\n'}
[1.956988] (two_wheeled_robot) StdoutLine: {'line': b'-- Up-to-date: /home/greyflon/lab_2025/install/two_wheeled_robot/share/two_wheeled_robot/models/FemaleVisitorSit/meshes\n'}
[1.957130] (two_wheeled_robot) StdoutLine: {'line': b'-- Up-to-date: /home/greyflon/lab_2025/install/two_wheeled_robot/share/two_wheeled_robot/models/FemaleVisitorSit/meshes/FemaleVisitorSit_Col.obj\n'}
[1.957213] (two_wheeled_robot) StdoutLine: {'line': b'-- Up-to-date: /home/greyflon/lab_2025/install/two_wheeled_robot/share/two_wheeled_robot/models/FemaleVisitorSit/meshes/FemaleVisitorSit.mtl\n'}
[1.957338] (two_wheeled_robot) StdoutLine: {'line': b'-- Up-to-date: /home/greyflon/lab_2025/install/two_wheeled_robot/share/two_wheeled_robot/models/FemaleVisitorSit/meshes/FemaleVisitorSit.png\n'}
[1.957426] (two_wheeled_robot) StdoutLine: {'line': b'-- Up-to-date: /home/greyflon/lab_2025/install/two_wheeled_robot/share/two_wheeled_robot/models/FemaleVisitorSit/meshes/HandbagBlack.png\n'}
[1.957506] (two_wheeled_robot) StdoutLine: {'line': b'-- Up-to-date: /home/greyflon/lab_2025/install/two_wheeled_robot/share/two_wheeled_robot/models/FemaleVisitorSit/meshes/FemaleVisitorSit.obj\n'}
[1.957653] (two_wheeled_robot) StdoutLine: {'line': b'-- Up-to-date: /home/greyflon/lab_2025/install/two_wheeled_robot/share/two_wheeled_robot/models/FemaleVisitorSit/meshes/FemaleVisitorSit_Col.mtl\n'}
[1.957741] (two_wheeled_robot) StdoutLine: {'line': b'-- Up-to-date: /home/greyflon/lab_2025/install/two_wheeled_robot/share/two_wheeled_robot/models/FemaleVisitorSit/thumbnails\n'}
[1.957819] (two_wheeled_robot) StdoutLine: {'line': b'-- Up-to-date: /home/greyflon/lab_2025/install/two_wheeled_robot/share/two_wheeled_robot/models/FemaleVisitorSit/thumbnails/5.png\n'}
[1.957902] (two_wheeled_robot) StdoutLine: {'line': b'-- Up-to-date: /home/greyflon/lab_2025/install/two_wheeled_robot/share/two_wheeled_robot/models/FemaleVisitorSit/thumbnails/1.png\n'}
[1.958041] (two_wheeled_robot) StdoutLine: {'line': b'-- Up-to-date: /home/greyflon/lab_2025/install/two_wheeled_robot/share/two_wheeled_robot/models/FemaleVisitorSit/thumbnails/2.png\n'}
[1.958139] (two_wheeled_robot) StdoutLine: {'line': b'-- Up-to-date: /home/greyflon/lab_2025/install/two_wheeled_robot/share/two_wheeled_robot/models/FemaleVisitorSit/thumbnails/4.png\n'}
[1.958302] (two_wheeled_robot) StdoutLine: {'line': b'-- Up-to-date: /home/greyflon/lab_2025/install/two_wheeled_robot/share/two_wheeled_robot/models/FemaleVisitorSit/thumbnails/3.png\n'}
[1.958395] (two_wheeled_robot) StdoutLine: {'line': b'-- Up-to-date: /home/greyflon/lab_2025/install/two_wheeled_robot/share/two_wheeled_robot/models/FemaleVisitorSit/model.sdf\n'}
[1.958473] (two_wheeled_robot) StdoutLine: {'line': b'-- Up-to-date: /home/greyflon/lab_2025/install/two_wheeled_robot/share/two_wheeled_robot/models/iris_with_standoffs\n'}
[1.958552] (two_wheeled_robot) StdoutLine: {'line': b'-- Up-to-date: /home/greyflon/lab_2025/install/two_wheeled_robot/share/two_wheeled_robot/models/iris_with_standoffs/model.config\n'}
[1.958671] (two_wheeled_robot) StdoutLine: {'line': b'-- Up-to-date: /home/greyflon/lab_2025/install/two_wheeled_robot/share/two_wheeled_robot/models/iris_with_standoffs/meshes\n'}
[1.958750] (two_wheeled_robot) StdoutLine: {'line': b'-- Up-to-date: /home/greyflon/lab_2025/install/two_wheeled_robot/share/two_wheeled_robot/models/iris_with_standoffs/meshes/iris_prop_ccw.dae\n'}
[1.958828] (two_wheeled_robot) StdoutLine: {'line': b'-- Up-to-date: /home/greyflon/lab_2025/install/two_wheeled_robot/share/two_wheeled_robot/models/iris_with_standoffs/meshes/iris_prop_cw.dae\n'}
[1.958904] (two_wheeled_robot) StdoutLine: {'line': b'-- Up-to-date: /home/greyflon/lab_2025/install/two_wheeled_robot/share/two_wheeled_robot/models/iris_with_standoffs/meshes/iris.dae\n'}
[1.958988] (two_wheeled_robot) StdoutLine: {'line': b'-- Up-to-date: /home/greyflon/lab_2025/install/two_wheeled_robot/share/two_wheeled_robot/models/iris_with_standoffs/model.sdf\n'}
[1.959176] (two_wheeled_robot) StdoutLine: {'line': b'-- Up-to-date: /home/greyflon/lab_2025/install/two_wheeled_robot/share/two_wheeled_robot/models/aws_robomaker_residential_TV_02\n'}
[1.959336] (two_wheeled_robot) StdoutLine: {'line': b'-- Up-to-date: /home/greyflon/lab_2025/install/two_wheeled_robot/share/two_wheeled_robot/models/aws_robomaker_residential_TV_02/model.config\n'}
[1.959422] (two_wheeled_robot) StdoutLine: {'line': b'-- Up-to-date: /home/greyflon/lab_2025/install/two_wheeled_robot/share/two_wheeled_robot/models/aws_robomaker_residential_TV_02/meshes\n'}
[1.959495] (two_wheeled_robot) StdoutLine: {'line': b'-- Up-to-date: /home/greyflon/lab_2025/install/two_wheeled_robot/share/two_wheeled_robot/models/aws_robomaker_residential_TV_02/meshes/aws_TV_01_collision.DAE\n'}
[1.959623] (two_wheeled_robot) StdoutLine: {'line': b'-- Up-to-date: /home/greyflon/lab_2025/install/two_wheeled_robot/share/two_wheeled_robot/models/aws_robomaker_residential_TV_02/meshes/aws_TV_01_visual.DAE\n'}
[1.959698] (two_wheeled_robot) StdoutLine: {'line': b'-- Up-to-date: /home/greyflon/lab_2025/install/two_wheeled_robot/share/two_wheeled_robot/models/aws_robomaker_residential_TV_02/materials\n'}
[1.959771] (two_wheeled_robot) StdoutLine: {'line': b'-- Up-to-date: /home/greyflon/lab_2025/install/two_wheeled_robot/share/two_wheeled_robot/models/aws_robomaker_residential_TV_02/materials/textures\n'}
[1.959896] (two_wheeled_robot) StdoutLine: {'line': b'-- Up-to-date: /home/greyflon/lab_2025/install/two_wheeled_robot/share/two_wheeled_robot/models/aws_robomaker_residential_TV_02/materials/textures/aws_TV_01.png\n'}
[1.959972] (two_wheeled_robot) StdoutLine: {'line': b'-- Up-to-date: /home/greyflon/lab_2025/install/two_wheeled_robot/share/two_wheeled_robot/models/aws_robomaker_residential_TV_02/model.sdf\n'}
[1.960045] (two_wheeled_robot) StdoutLine: {'line': b'-- Up-to-date: /home/greyflon/lab_2025/install/two_wheeled_robot/share/two_wheeled_robot/models/elegant_female\n'}
[1.960158] (two_wheeled_robot) StdoutLine: {'line': b'-- Up-to-date: /home/greyflon/lab_2025/install/two_wheeled_robot/share/two_wheeled_robot/models/elegant_female/model.config\n'}
[1.960233] (two_wheeled_robot) StdoutLine: {'line': b'-- Up-to-date: /home/greyflon/lab_2025/install/two_wheeled_robot/share/two_wheeled_robot/models/elegant_female/meshes\n'}
[1.960320] (two_wheeled_robot) StdoutLine: {'line': b'-- Up-to-date: /home/greyflon/lab_2025/install/two_wheeled_robot/share/two_wheeled_robot/models/elegant_female/meshes/elegant_female.dae\n'}
[1.960402] (two_wheeled_robot) StdoutLine: {'line': b'-- Up-to-date: /home/greyflon/lab_2025/install/two_wheeled_robot/share/two_wheeled_robot/models/elegant_female/meshes/elegant_female.png\n'}
[1.960576] (two_wheeled_robot) StdoutLine: {'line': b'-- Up-to-date: /home/greyflon/lab_2025/install/two_wheeled_robot/share/two_wheeled_robot/models/elegant_female/materials\n'}
[1.960729] (two_wheeled_robot) StdoutLine: {'line': b'-- Up-to-date: /home/greyflon/lab_2025/install/two_wheeled_robot/share/two_wheeled_robot/models/elegant_female/materials/textures\n'}
[1.960879] (two_wheeled_robot) StdoutLine: {'line': b'-- Up-to-date: /home/greyflon/lab_2025/install/two_wheeled_robot/share/two_wheeled_robot/models/elegant_female/materials/textures/eyelashes01.png\n'}
[1.960997] (two_wheeled_robot) StdoutLine: {'line': b'-- Up-to-date: /home/greyflon/lab_2025/install/two_wheeled_robot/share/two_wheeled_robot/models/elegant_female/materials/textures/ponytail01_diffuse.png\n'}
[1.961072] (two_wheeled_robot) StdoutLine: {'line': b'-- Up-to-date: /home/greyflon/lab_2025/install/two_wheeled_robot/share/two_wheeled_robot/models/elegant_female/materials/textures/young_lightskinned_female_diffuse2.png\n'}
[1.961206] (two_wheeled_robot) StdoutLine: {'line': b'-- Up-to-date: /home/greyflon/lab_2025/install/two_wheeled_robot/share/two_wheeled_robot/models/elegant_female/materials/textures/male_elegantsuit01_diffuse.png\n'}
[1.961309] (two_wheeled_robot) StdoutLine: {'line': b'-- Up-to-date: /home/greyflon/lab_2025/install/two_wheeled_robot/share/two_wheeled_robot/models/elegant_female/materials/textures/eyebrow002.png\n'}
[1.961393] (two_wheeled_robot) StdoutLine: {'line': b'-- Up-to-date: /home/greyflon/lab_2025/install/two_wheeled_robot/share/two_wheeled_robot/models/elegant_female/materials/textures/shoes03_diffuse.png\n'}
[1.961529] (two_wheeled_robot) StdoutLine: {'line': b'-- Up-to-date: /home/greyflon/lab_2025/install/two_wheeled_robot/share/two_wheeled_robot/models/elegant_female/materials/textures/brown_eye.png\n'}
[1.961644] (two_wheeled_robot) StdoutLine: {'line': b'-- Up-to-date: /home/greyflon/lab_2025/install/two_wheeled_robot/share/two_wheeled_robot/models/elegant_female/model.sdf\n'}
[1.961719] (two_wheeled_robot) StdoutLine: {'line': b'-- Up-to-date: /home/greyflon/lab_2025/install/two_wheeled_robot/share/two_wheeled_robot/models/big_box\n'}
[1.961796] (two_wheeled_robot) StdoutLine: {'line': b'-- Up-to-date: /home/greyflon/lab_2025/install/two_wheeled_robot/share/two_wheeled_robot/models/big_box/model.config\n'}
[1.961909] (two_wheeled_robot) StdoutLine: {'line': b'-- Up-to-date: /home/greyflon/lab_2025/install/two_wheeled_robot/share/two_wheeled_robot/models/big_box/meshes\n'}
[1.961984] (two_wheeled_robot) StdoutLine: {'line': b'-- Up-to-date: /home/greyflon/lab_2025/install/two_wheeled_robot/share/two_wheeled_robot/models/big_box/meshes/big_box.dae\n'}
[1.962055] (two_wheeled_robot) StdoutLine: {'line': b'-- Up-to-date: /home/greyflon/lab_2025/install/two_wheeled_robot/share/two_wheeled_robot/models/big_box/materials\n'}
[1.962127] (two_wheeled_robot) StdoutLine: {'line': b'-- Up-to-date: /home/greyflon/lab_2025/install/two_wheeled_robot/share/two_wheeled_robot/models/big_box/materials/textures\n'}
[1.962198] (two_wheeled_robot) StdoutLine: {'line': b'-- Up-to-date: /home/greyflon/lab_2025/install/two_wheeled_robot/share/two_wheeled_robot/models/big_box/materials/textures/barcode.png\n'}
[1.962270] (two_wheeled_robot) StdoutLine: {'line': b'-- Up-to-date: /home/greyflon/lab_2025/install/two_wheeled_robot/share/two_wheeled_robot/models/big_box/materials/textures/Kraft_Tile.jpg\n'}
[1.962364] (two_wheeled_robot) StdoutLine: {'line': b'-- Up-to-date: /home/greyflon/lab_2025/install/two_wheeled_robot/share/two_wheeled_robot/models/big_box/materials/textures/side2.png\n'}
[1.962440] (two_wheeled_robot) StdoutLine: {'line': b'-- Up-to-date: /home/greyflon/lab_2025/install/two_wheeled_robot/share/two_wheeled_robot/models/big_box/materials/textures/side1.pdn\n'}
[1.962512] (two_wheeled_robot) StdoutLine: {'line': b'-- Up-to-date: /home/greyflon/lab_2025/install/two_wheeled_robot/share/two_wheeled_robot/models/big_box/materials/textures/front.png\n'}
[1.962584] (two_wheeled_robot) StdoutLine: {'line': b'-- Up-to-date: /home/greyflon/lab_2025/install/two_wheeled_robot/share/two_wheeled_robot/models/big_box/materials/textures/front.pdn\n'}
[1.962655] (two_wheeled_robot) StdoutLine: {'line': b'-- Up-to-date: /home/greyflon/lab_2025/install/two_wheeled_robot/share/two_wheeled_robot/models/big_box/materials/textures/side2.pdn\n'}
[1.962727] (two_wheeled_robot) StdoutLine: {'line': b'-- Up-to-date: /home/greyflon/lab_2025/install/two_wheeled_robot/share/two_wheeled_robot/models/big_box/materials/textures/side1.png\n'}
[1.962799] (two_wheeled_robot) StdoutLine: {'line': b'-- Up-to-date: /home/greyflon/lab_2025/install/two_wheeled_robot/share/two_wheeled_robot/models/big_box/model.sdf\n'}
[1.962894] (two_wheeled_robot) StdoutLine: {'line': b'-- Up-to-date: /home/greyflon/lab_2025/install/two_wheeled_robot/share/two_wheeled_robot/models/suv\n'}
[1.962968] (two_wheeled_robot) StdoutLine: {'line': b'-- Up-to-date: /home/greyflon/lab_2025/install/two_wheeled_robot/share/two_wheeled_robot/models/suv/model.config\n'}
[1.963041] (two_wheeled_robot) StdoutLine: {'line': b'-- Up-to-date: /home/greyflon/lab_2025/install/two_wheeled_robot/share/two_wheeled_robot/models/suv/meshes\n'}
[1.963113] (two_wheeled_robot) StdoutLine: {'line': b'-- Up-to-date: /home/greyflon/lab_2025/install/two_wheeled_robot/share/two_wheeled_robot/models/suv/meshes/suv.mtl\n'}
[1.963186] (two_wheeled_robot) StdoutLine: {'line': b'-- Up-to-date: /home/greyflon/lab_2025/install/two_wheeled_robot/share/two_wheeled_robot/models/suv/meshes/suv.obj\n'}
[1.963266] (two_wheeled_robot) StdoutLine: {'line': b'-- Up-to-date: /home/greyflon/lab_2025/install/two_wheeled_robot/share/two_wheeled_robot/models/suv/materials\n'}
[1.963365] (two_wheeled_robot) StdoutLine: {'line': b'-- Up-to-date: /home/greyflon/lab_2025/install/two_wheeled_robot/share/two_wheeled_robot/models/suv/materials/textures\n'}
[1.963852] (two_wheeled_robot) StdoutLine: {'line': b'-- Up-to-date: /home/greyflon/lab_2025/install/two_wheeled_robot/share/two_wheeled_robot/models/suv/materials/textures/wheels_01.png\n'}
[1.963983] (two_wheeled_robot) StdoutLine: {'line': b'-- Up-to-date: /home/greyflon/lab_2025/install/two_wheeled_robot/share/two_wheeled_robot/models/suv/materials/textures/suv.png\n'}
[1.964058] (two_wheeled_robot) StdoutLine: {'line': b'-- Up-to-date: /home/greyflon/lab_2025/install/two_wheeled_robot/share/two_wheeled_robot/models/suv/model.sdf\n'}
[1.964143] (two_wheeled_robot) StdoutLine: {'line': b'-- Up-to-date: /home/greyflon/lab_2025/install/two_wheeled_robot/share/two_wheeled_robot/models/sun\n'}
[1.964319] (two_wheeled_robot) StdoutLine: {'line': b'-- Up-to-date: /home/greyflon/lab_2025/install/two_wheeled_robot/share/two_wheeled_robot/models/sun/model-1_2.sdf\n'}
[1.964404] (two_wheeled_robot) StdoutLine: {'line': b'-- Up-to-date: /home/greyflon/lab_2025/install/two_wheeled_robot/share/two_wheeled_robot/models/sun/model-1_4.sdf\n'}
[1.964536] (two_wheeled_robot) StdoutLine: {'line': b'-- Up-to-date: /home/greyflon/lab_2025/install/two_wheeled_robot/share/two_wheeled_robot/models/sun/model.config\n'}
[1.964637] (two_wheeled_robot) StdoutLine: {'line': b'-- Up-to-date: /home/greyflon/lab_2025/install/two_wheeled_robot/share/two_wheeled_robot/models/sun/model.sdf\n'}
[1.964745] (two_wheeled_robot) StdoutLine: {'line': b'-- Up-to-date: /home/greyflon/lab_2025/install/two_wheeled_robot/share/two_wheeled_robot/models/sun/model-1_3.sdf\n'}
[1.964891] (two_wheeled_robot) StdoutLine: {'line': b'-- Up-to-date: /home/greyflon/lab_2025/install/two_wheeled_robot/share/two_wheeled_robot/models/marker10\n'}
[1.965027] (two_wheeled_robot) StdoutLine: {'line': b'-- Up-to-date: /home/greyflon/lab_2025/install/two_wheeled_robot/share/two_wheeled_robot/models/marker10/model.config~.xml\n'}
[1.965103] (two_wheeled_robot) StdoutLine: {'line': b'-- Up-to-date: /home/greyflon/lab_2025/install/two_wheeled_robot/share/two_wheeled_robot/models/marker10/model.sdf~\n'}
[1.965219] (two_wheeled_robot) StdoutLine: {'line': b'-- Up-to-date: /home/greyflon/lab_2025/install/two_wheeled_robot/share/two_wheeled_robot/models/marker10/model-1_4.sdf\n'}
[1.965302] (two_wheeled_robot) StdoutLine: {'line': b'-- Up-to-date: /home/greyflon/lab_2025/install/two_wheeled_robot/share/two_wheeled_robot/models/marker10/model.config\n'}
[1.965425] (two_wheeled_robot) StdoutLine: {'line': b'-- Up-to-date: /home/greyflon/lab_2025/install/two_wheeled_robot/share/two_wheeled_robot/models/marker10/meshes\n'}
[1.965609] (two_wheeled_robot) StdoutLine: {'line': b'-- Up-to-date: /home/greyflon/lab_2025/install/two_wheeled_robot/share/two_wheeled_robot/models/marker10/meshes/Marker0.dae\n'}
[1.965688] (two_wheeled_robot) StdoutLine: {'line': b'-- Up-to-date: /home/greyflon/lab_2025/install/two_wheeled_robot/share/two_wheeled_robot/models/marker10/materials\n'}
[1.965761] (two_wheeled_robot) StdoutLine: {'line': b'-- Up-to-date: /home/greyflon/lab_2025/install/two_wheeled_robot/share/two_wheeled_robot/models/marker10/materials/textures\n'}
[1.965885] (two_wheeled_robot) StdoutLine: {'line': b'-- Up-to-date: /home/greyflon/lab_2025/install/two_wheeled_robot/share/two_wheeled_robot/models/marker10/materials/textures/Marker0.png\n'}
[1.965959] (two_wheeled_robot) StdoutLine: {'line': b'-- Up-to-date: /home/greyflon/lab_2025/install/two_wheeled_robot/share/two_wheeled_robot/models/marker10/model.sdf\n'}
[1.966031] (two_wheeled_robot) StdoutLine: {'line': b'-- Up-to-date: /home/greyflon/lab_2025/install/two_wheeled_robot/share/two_wheeled_robot/models/marker10/model-1_5.sdf~\n'}
[1.966177] (two_wheeled_robot) StdoutLine: {'line': b'-- Up-to-date: /home/greyflon/lab_2025/install/two_wheeled_robot/share/two_wheeled_robot/models/marker10/model-1_5.sdf\n'}
[1.966261] (two_wheeled_robot) StdoutLine: {'line': b'-- Up-to-date: /home/greyflon/lab_2025/install/two_wheeled_robot/share/two_wheeled_robot/models/marker10/model-1_4.sdf~\n'}
[1.966353] (two_wheeled_robot) StdoutLine: {'line': b'-- Up-to-date: /home/greyflon/lab_2025/install/two_wheeled_robot/share/two_wheeled_robot/models/target_table\n'}
[1.966501] (two_wheeled_robot) StdoutLine: {'line': b'-- Up-to-date: /home/greyflon/lab_2025/install/two_wheeled_robot/share/two_wheeled_robot/models/target_table/model.config\n'}
[1.966643] (two_wheeled_robot) StdoutLine: {'line': b'-- Up-to-date: /home/greyflon/lab_2025/install/two_wheeled_robot/share/two_wheeled_robot/models/target_table/meshes\n'}
[1.966718] (two_wheeled_robot) StdoutLine: {'line': b'-- Up-to-date: /home/greyflon/lab_2025/install/two_wheeled_robot/share/two_wheeled_robot/models/target_table/meshes/target_table.dae\n'}
[1.966791] (two_wheeled_robot) StdoutLine: {'line': b'-- Up-to-date: /home/greyflon/lab_2025/install/two_wheeled_robot/share/two_wheeled_robot/models/target_table/model.sdf\n'}
[1.966924] (two_wheeled_robot) StdoutLine: {'line': b'-- Up-to-date: /home/greyflon/lab_2025/install/two_wheeled_robot/share/two_wheeled_robot/models/cabinet\n'}
[1.967000] (two_wheeled_robot) StdoutLine: {'line': b'-- Up-to-date: /home/greyflon/lab_2025/install/two_wheeled_robot/share/two_wheeled_robot/models/cabinet/model-1_2.sdf\n'}
[1.967080] (two_wheeled_robot) StdoutLine: {'line': b'-- Up-to-date: /home/greyflon/lab_2025/install/two_wheeled_robot/share/two_wheeled_robot/models/cabinet/model-1_4.sdf\n'}
[1.967153] (two_wheeled_robot) StdoutLine: {'line': b'-- Up-to-date: /home/greyflon/lab_2025/install/two_wheeled_robot/share/two_wheeled_robot/models/cabinet/model.config\n'}
[1.967225] (two_wheeled_robot) StdoutLine: {'line': b'-- Up-to-date: /home/greyflon/lab_2025/install/two_wheeled_robot/share/two_wheeled_robot/models/cabinet/model.sdf\n'}
[1.967313] (two_wheeled_robot) StdoutLine: {'line': b'-- Up-to-date: /home/greyflon/lab_2025/install/two_wheeled_robot/share/two_wheeled_robot/models/cabinet/model-1_3.sdf\n'}
[1.967395] (two_wheeled_robot) StdoutLine: {'line': b'-- Up-to-date: /home/greyflon/lab_2025/install/two_wheeled_robot/share/two_wheeled_robot/models/bus\n'}
[1.967529] (two_wheeled_robot) StdoutLine: {'line': b'-- Up-to-date: /home/greyflon/lab_2025/install/two_wheeled_robot/share/two_wheeled_robot/models/bus/model.config\n'}
[1.967603] (two_wheeled_robot) StdoutLine: {'line': b'-- Up-to-date: /home/greyflon/lab_2025/install/two_wheeled_robot/share/two_wheeled_robot/models/bus/meshes\n'}
[1.967675] (two_wheeled_robot) StdoutLine: {'line': b'-- Up-to-date: /home/greyflon/lab_2025/install/two_wheeled_robot/share/two_wheeled_robot/models/bus/meshes/bus.mtl\n'}
[1.967746] (two_wheeled_robot) StdoutLine: {'line': b'-- Up-to-date: /home/greyflon/lab_2025/install/two_wheeled_robot/share/two_wheeled_robot/models/bus/meshes/bus.obj\n'}
[1.967818] (two_wheeled_robot) StdoutLine: {'line': b'-- Up-to-date: /home/greyflon/lab_2025/install/two_wheeled_robot/share/two_wheeled_robot/models/bus/materials\n'}
[1.968377] (two_wheeled_robot) StdoutLine: {'line': b'-- Up-to-date: /home/greyflon/lab_2025/install/two_wheeled_robot/share/two_wheeled_robot/models/bus/materials/textures\n'}
[1.968864] (two_wheeled_robot) StdoutLine: {'line': b'-- Up-to-date: /home/greyflon/lab_2025/install/two_wheeled_robot/share/two_wheeled_robot/models/bus/materials/textures/bus.png\n'}
[1.969016] (two_wheeled_robot) StdoutLine: {'line': b'-- Up-to-date: /home/greyflon/lab_2025/install/two_wheeled_robot/share/two_wheeled_robot/models/bus/model.sdf\n'}
[1.969096] (two_wheeled_robot) StdoutLine: {'line': b'-- Up-to-date: /home/greyflon/lab_2025/install/two_wheeled_robot/share/two_wheeled_robot/models/stop_sign\n'}
[1.969233] (two_wheeled_robot) StdoutLine: {'line': b'-- Up-to-date: /home/greyflon/lab_2025/install/two_wheeled_robot/share/two_wheeled_robot/models/stop_sign/model-1_4.sdf\n'}
[1.969331] (two_wheeled_robot) StdoutLine: {'line': b'-- Up-to-date: /home/greyflon/lab_2025/install/two_wheeled_robot/share/two_wheeled_robot/models/stop_sign/model.config\n'}
[1.969427] (two_wheeled_robot) StdoutLine: {'line': b'-- Up-to-date: /home/greyflon/lab_2025/install/two_wheeled_robot/share/two_wheeled_robot/models/stop_sign/meshes\n'}
[1.969608] (two_wheeled_robot) StdoutLine: {'line': b'-- Up-to-date: /home/greyflon/lab_2025/install/two_wheeled_robot/share/two_wheeled_robot/models/stop_sign/meshes/stop_sign.dae\n'}
[1.969694] (two_wheeled_robot) StdoutLine: {'line': b'-- Up-to-date: /home/greyflon/lab_2025/install/two_wheeled_robot/share/two_wheeled_robot/models/stop_sign/materials\n'}
[1.970005] (two_wheeled_robot) StdoutLine: {'line': b'-- Up-to-date: /home/greyflon/lab_2025/install/two_wheeled_robot/share/two_wheeled_robot/models/stop_sign/materials/scripts\n'}
[1.970365] (two_wheeled_robot) StdoutLine: {'line': b'-- Up-to-date: /home/greyflon/lab_2025/install/two_wheeled_robot/share/two_wheeled_robot/models/stop_sign/materials/scripts/stopsign.material\n'}
[1.970517] (two_wheeled_robot) StdoutLine: {'line': b'-- Up-to-date: /home/greyflon/lab_2025/install/two_wheeled_robot/share/two_wheeled_robot/models/stop_sign/materials/textures\n'}
[1.970658] (two_wheeled_robot) StdoutLine: {'line': b'-- Up-to-date: /home/greyflon/lab_2025/install/two_wheeled_robot/share/two_wheeled_robot/models/stop_sign/materials/textures/StopSign_Spec.png\n'}
[1.970837] (two_wheeled_robot) StdoutLine: {'line': b'-- Up-to-date: /home/greyflon/lab_2025/install/two_wheeled_robot/share/two_wheeled_robot/models/stop_sign/materials/textures/StopSign_Diffuse.png\n'}
[1.970930] (two_wheeled_robot) StdoutLine: {'line': b'-- Up-to-date: /home/greyflon/lab_2025/install/two_wheeled_robot/share/two_wheeled_robot/models/stop_sign/model.sdf\n'}
[1.971058] (two_wheeled_robot) StdoutLine: {'line': b'-- Up-to-date: /home/greyflon/lab_2025/install/two_wheeled_robot/share/two_wheeled_robot/models/stop_sign/my_mesh.world~\n'}
[1.971138] (two_wheeled_robot) StdoutLine: {'line': b'-- Up-to-date: /home/greyflon/lab_2025/install/two_wheeled_robot/share/two_wheeled_robot/models/stop_sign/model-1_3.sdf\n'}
[1.971215] (two_wheeled_robot) StdoutLine: {'line': b'-- Up-to-date: /home/greyflon/lab_2025/install/two_wheeled_robot/share/two_wheeled_robot/models/aws_robomaker_residential_DeskPortraitA_02\n'}
[1.971320] (two_wheeled_robot) StdoutLine: {'line': b'-- Up-to-date: /home/greyflon/lab_2025/install/two_wheeled_robot/share/two_wheeled_robot/models/aws_robomaker_residential_DeskPortraitA_02/model.config\n'}
[1.971417] (two_wheeled_robot) StdoutLine: {'line': b'-- Up-to-date: /home/greyflon/lab_2025/install/two_wheeled_robot/share/two_wheeled_robot/models/aws_robomaker_residential_DeskPortraitA_02/meshes\n'}
[1.971554] (two_wheeled_robot) StdoutLine: {'line': b'-- Up-to-date: /home/greyflon/lab_2025/install/two_wheeled_robot/share/two_wheeled_robot/models/aws_robomaker_residential_DeskPortraitA_02/meshes/aws_DeskPortraitA_01_visual.DAE\n'}
[1.971732] (two_wheeled_robot) StdoutLine: {'line': b'-- Up-to-date: /home/greyflon/lab_2025/install/two_wheeled_robot/share/two_wheeled_robot/models/aws_robomaker_residential_DeskPortraitA_02/meshes/aws_DeskPortraitA_01_collision.DAE\n'}
[1.971827] (two_wheeled_robot) StdoutLine: {'line': b'-- Up-to-date: /home/greyflon/lab_2025/install/two_wheeled_robot/share/two_wheeled_robot/models/aws_robomaker_residential_DeskPortraitA_02/materials\n'}
[1.971913] (two_wheeled_robot) StdoutLine: {'line': b'-- Up-to-date: /home/greyflon/lab_2025/install/two_wheeled_robot/share/two_wheeled_robot/models/aws_robomaker_residential_DeskPortraitA_02/materials/textures\n'}
[1.971999] (two_wheeled_robot) StdoutLine: {'line': b'-- Up-to-date: /home/greyflon/lab_2025/install/two_wheeled_robot/share/two_wheeled_robot/models/aws_robomaker_residential_DeskPortraitA_02/materials/textures/aws_DeskPortraitA_01.png\n'}
[1.972204] (two_wheeled_robot) StdoutLine: {'line': b'-- Up-to-date: /home/greyflon/lab_2025/install/two_wheeled_robot/share/two_wheeled_robot/models/aws_robomaker_residential_DeskPortraitA_02/materials/textures/aws_DeskPortraitA_02.png\n'}
[1.972310] (two_wheeled_robot) StdoutLine: {'line': b'-- Up-to-date: /home/greyflon/lab_2025/install/two_wheeled_robot/share/two_wheeled_robot/models/aws_robomaker_residential_DeskPortraitA_02/materials/textures/DeskPortraitA_02.jpg\n'}
[1.972406] (two_wheeled_robot) StdoutLine: {'line': b'-- Up-to-date: /home/greyflon/lab_2025/install/two_wheeled_robot/share/two_wheeled_robot/models/aws_robomaker_residential_DeskPortraitA_02/model.sdf\n'}
[1.972493] (two_wheeled_robot) StdoutLine: {'line': b'-- Up-to-date: /home/greyflon/lab_2025/install/two_wheeled_robot/share/two_wheeled_robot/models/marker00\n'}
[1.972578] (two_wheeled_robot) StdoutLine: {'line': b'-- Up-to-date: /home/greyflon/lab_2025/install/two_wheeled_robot/share/two_wheeled_robot/models/marker00/model.config~.xml\n'}
[1.972664] (two_wheeled_robot) StdoutLine: {'line': b'-- Up-to-date: /home/greyflon/lab_2025/install/two_wheeled_robot/share/two_wheeled_robot/models/marker00/model.sdf~\n'}
[1.972749] (two_wheeled_robot) StdoutLine: {'line': b'-- Up-to-date: /home/greyflon/lab_2025/install/two_wheeled_robot/share/two_wheeled_robot/models/marker00/model-1_4.sdf\n'}
[1.972906] (two_wheeled_robot) StdoutLine: {'line': b'-- Up-to-date: /home/greyflon/lab_2025/install/two_wheeled_robot/share/two_wheeled_robot/models/marker00/model.config\n'}
[1.972991] (two_wheeled_robot) StdoutLine: {'line': b'-- Up-to-date: /home/greyflon/lab_2025/install/two_wheeled_robot/share/two_wheeled_robot/models/marker00/meshes\n'}
[1.973077] (two_wheeled_robot) StdoutLine: {'line': b'-- Up-to-date: /home/greyflon/lab_2025/install/two_wheeled_robot/share/two_wheeled_robot/models/marker00/meshes/Marker0.dae\n'}
[1.973162] (two_wheeled_robot) StdoutLine: {'line': b'-- Up-to-date: /home/greyflon/lab_2025/install/two_wheeled_robot/share/two_wheeled_robot/models/marker00/materials\n'}
[1.973252] (two_wheeled_robot) StdoutLine: {'line': b'-- Up-to-date: /home/greyflon/lab_2025/install/two_wheeled_robot/share/two_wheeled_robot/models/marker00/materials/textures\n'}
[1.973408] (two_wheeled_robot) StdoutLine: {'line': b'-- Up-to-date: /home/greyflon/lab_2025/install/two_wheeled_robot/share/two_wheeled_robot/models/marker00/materials/textures/Marker0.png\n'}
[1.973607] (two_wheeled_robot) StdoutLine: {'line': b'-- Up-to-date: /home/greyflon/lab_2025/install/two_wheeled_robot/share/two_wheeled_robot/models/marker00/model.sdf\n'}
[1.973701] (two_wheeled_robot) StdoutLine: {'line': b'-- Up-to-date: /home/greyflon/lab_2025/install/two_wheeled_robot/share/two_wheeled_robot/models/marker00/model-1_5.sdf~\n'}
[1.973791] (two_wheeled_robot) StdoutLine: {'line': b'-- Up-to-date: /home/greyflon/lab_2025/install/two_wheeled_robot/share/two_wheeled_robot/models/marker00/model-1_5.sdf\n'}
[1.973881] (two_wheeled_robot) StdoutLine: {'line': b'-- Up-to-date: /home/greyflon/lab_2025/install/two_wheeled_robot/share/two_wheeled_robot/models/marker00/model-1_4.sdf~\n'}
[1.973966] (two_wheeled_robot) StdoutLine: {'line': b'-- Up-to-date: /home/greyflon/lab_2025/install/two_wheeled_robot/share/two_wheeled_robot/models/bathroom_sink\n'}
[1.974051] (two_wheeled_robot) StdoutLine: {'line': b'-- Up-to-date: /home/greyflon/lab_2025/install/two_wheeled_robot/share/two_wheeled_robot/models/bathroom_sink/model.config\n'}
[1.974136] (two_wheeled_robot) StdoutLine: {'line': b'-- Up-to-date: /home/greyflon/lab_2025/install/two_wheeled_robot/share/two_wheeled_robot/models/bathroom_sink/meshes\n'}
[1.974221] (two_wheeled_robot) StdoutLine: {'line': b'-- Up-to-date: /home/greyflon/lab_2025/install/two_wheeled_robot/share/two_wheeled_robot/models/bathroom_sink/meshes/bathroom_sink.dae\n'}
[1.974371] (two_wheeled_robot) StdoutLine: {'line': b'-- Up-to-date: /home/greyflon/lab_2025/install/two_wheeled_robot/share/two_wheeled_robot/models/bathroom_sink/materials\n'}
[1.974550] (two_wheeled_robot) StdoutLine: {'line': b'-- Up-to-date: /home/greyflon/lab_2025/install/two_wheeled_robot/share/two_wheeled_robot/models/bathroom_sink/materials/textures\n'}
[1.974636] (two_wheeled_robot) StdoutLine: {'line': b'-- Up-to-date: /home/greyflon/lab_2025/install/two_wheeled_robot/share/two_wheeled_robot/models/bathroom_sink/materials/textures/bathroom_sink_diffuse.png\n'}
[1.974771] (two_wheeled_robot) StdoutLine: {'line': b'-- Up-to-date: /home/greyflon/lab_2025/install/two_wheeled_robot/share/two_wheeled_robot/models/bathroom_sink/materials/textures/bathroom_sink_specular.png\n'}
[1.974860] (two_wheeled_robot) StdoutLine: {'line': b'-- Up-to-date: /home/greyflon/lab_2025/install/two_wheeled_robot/share/two_wheeled_robot/models/bathroom_sink/model.sdf\n'}
[1.974950] (two_wheeled_robot) StdoutLine: {'line': b'-- Up-to-date: /home/greyflon/lab_2025/install/two_wheeled_robot/share/two_wheeled_robot/models/grocery_store\n'}
[1.975040] (two_wheeled_robot) StdoutLine: {'line': b'-- Up-to-date: /home/greyflon/lab_2025/install/two_wheeled_robot/share/two_wheeled_robot/models/grocery_store/model.config\n'}
[1.975130] (two_wheeled_robot) StdoutLine: {'line': b'-- Up-to-date: /home/greyflon/lab_2025/install/two_wheeled_robot/share/two_wheeled_robot/models/grocery_store/meshes\n'}
[1.975291] (two_wheeled_robot) StdoutLine: {'line': b'-- Up-to-date: /home/greyflon/lab_2025/install/two_wheeled_robot/share/two_wheeled_robot/models/grocery_store/meshes/grocery_store.dae\n'}
[1.975385] (two_wheeled_robot) StdoutLine: {'line': b'-- Up-to-date: /home/greyflon/lab_2025/install/two_wheeled_robot/share/two_wheeled_robot/models/grocery_store/materials\n'}
[1.975505] (two_wheeled_robot) StdoutLine: {'line': b'-- Up-to-date: /home/greyflon/lab_2025/install/two_wheeled_robot/share/two_wheeled_robot/models/grocery_store/materials/textures\n'}
[1.975601] (two_wheeled_robot) StdoutLine: {'line': b'-- Up-to-date: /home/greyflon/lab_2025/install/two_wheeled_robot/share/two_wheeled_robot/models/grocery_store/materials/textures/grocery_store_diffuse.jpg\n'}
[1.975753] (two_wheeled_robot) StdoutLine: {'line': b'-- Up-to-date: /home/greyflon/lab_2025/install/two_wheeled_robot/share/two_wheeled_robot/models/grocery_store/materials/textures/grocery_store_spec.jpg\n'}
[1.975863] (two_wheeled_robot) StdoutLine: {'line': b'-- Up-to-date: /home/greyflon/lab_2025/install/two_wheeled_robot/share/two_wheeled_robot/models/grocery_store/model.sdf\n'}
[1.975951] (two_wheeled_robot) StdoutLine: {'line': b'-- Up-to-date: /home/greyflon/lab_2025/install/two_wheeled_robot/share/two_wheeled_robot/models/garden\n'}
[1.976037] (two_wheeled_robot) StdoutLine: {'line': b'-- Up-to-date: /home/greyflon/lab_2025/install/two_wheeled_robot/share/two_wheeled_robot/models/garden/model.config\n'}
[1.976127] (two_wheeled_robot) StdoutLine: {'line': b'-- Up-to-date: /home/greyflon/lab_2025/install/two_wheeled_robot/share/two_wheeled_robot/models/garden/materials\n'}
[1.976218] (two_wheeled_robot) StdoutLine: {'line': b'-- Up-to-date: /home/greyflon/lab_2025/install/two_wheeled_robot/share/two_wheeled_robot/models/garden/materials/scripts\n'}
[1.976375] (two_wheeled_robot) StdoutLine: {'line': b'-- Up-to-date: /home/greyflon/lab_2025/install/two_wheeled_robot/share/two_wheeled_robot/models/garden/materials/scripts/grass.material\n'}
[1.976567] (two_wheeled_robot) StdoutLine: {'line': b'-- Up-to-date: /home/greyflon/lab_2025/install/two_wheeled_robot/share/two_wheeled_robot/models/garden/materials/textures\n'}
[1.976646] (two_wheeled_robot) StdoutLine: {'line': b'-- Up-to-date: /home/greyflon/lab_2025/install/two_wheeled_robot/share/two_wheeled_robot/models/garden/materials/textures/grass_dry.jpg\n'}
[1.976723] (two_wheeled_robot) StdoutLine: {'line': b'-- Up-to-date: /home/greyflon/lab_2025/install/two_wheeled_robot/share/two_wheeled_robot/models/garden/model.sdf\n'}
[1.976831] (two_wheeled_robot) StdoutLine: {'line': b'-- Up-to-date: /home/greyflon/lab_2025/install/two_wheeled_robot/share/two_wheeled_robot/models/aws_robomaker_residential_TV_01\n'}
[1.976925] (two_wheeled_robot) StdoutLine: {'line': b'-- Up-to-date: /home/greyflon/lab_2025/install/two_wheeled_robot/share/two_wheeled_robot/models/aws_robomaker_residential_TV_01/model.config\n'}
[1.977016] (two_wheeled_robot) StdoutLine: {'line': b'-- Up-to-date: /home/greyflon/lab_2025/install/two_wheeled_robot/share/two_wheeled_robot/models/aws_robomaker_residential_TV_01/meshes\n'}
[1.977161] (two_wheeled_robot) StdoutLine: {'line': b'-- Up-to-date: /home/greyflon/lab_2025/install/two_wheeled_robot/share/two_wheeled_robot/models/aws_robomaker_residential_TV_01/meshes/aws_TV_01_collision.DAE\n'}
[1.977240] (two_wheeled_robot) StdoutLine: {'line': b'-- Up-to-date: /home/greyflon/lab_2025/install/two_wheeled_robot/share/two_wheeled_robot/models/aws_robomaker_residential_TV_01/meshes/aws_TV_01_visual.DAE\n'}
[1.977339] (two_wheeled_robot) StdoutLine: {'line': b'-- Up-to-date: /home/greyflon/lab_2025/install/two_wheeled_robot/share/two_wheeled_robot/models/aws_robomaker_residential_TV_01/materials\n'}
[1.977491] (two_wheeled_robot) StdoutLine: {'line': b'-- Up-to-date: /home/greyflon/lab_2025/install/two_wheeled_robot/share/two_wheeled_robot/models/aws_robomaker_residential_TV_01/materials/textures\n'}
[1.977574] (two_wheeled_robot) StdoutLine: {'line': b'-- Up-to-date: /home/greyflon/lab_2025/install/two_wheeled_robot/share/two_wheeled_robot/models/aws_robomaker_residential_TV_01/materials/textures/aws_TV_01.png\n'}
[1.977651] (two_wheeled_robot) StdoutLine: {'line': b'-- Up-to-date: /home/greyflon/lab_2025/install/two_wheeled_robot/share/two_wheeled_robot/models/aws_robomaker_residential_TV_01/model.sdf\n'}
[1.977728] (two_wheeled_robot) StdoutLine: {'line': b'-- Up-to-date: /home/greyflon/lab_2025/install/two_wheeled_robot/share/two_wheeled_robot/models/aws_robomaker_residential_Refrigerator_01\n'}
[1.978165] (two_wheeled_robot) StdoutLine: {'line': b'-- Up-to-date: /home/greyflon/lab_2025/install/two_wheeled_robot/share/two_wheeled_robot/models/aws_robomaker_residential_Refrigerator_01/model.config\n'}
[1.978295] (two_wheeled_robot) StdoutLine: {'line': b'-- Up-to-date: /home/greyflon/lab_2025/install/two_wheeled_robot/share/two_wheeled_robot/models/aws_robomaker_residential_Refrigerator_01/meshes\n'}
[1.978534] (two_wheeled_robot) StdoutLine: {'line': b'-- Up-to-date: /home/greyflon/lab_2025/install/two_wheeled_robot/share/two_wheeled_robot/models/aws_robomaker_residential_Refrigerator_01/meshes/aws_Refrigerator_01_collision.DAE\n'}
[1.978673] (two_wheeled_robot) StdoutLine: {'line': b'-- Up-to-date: /home/greyflon/lab_2025/install/two_wheeled_robot/share/two_wheeled_robot/models/aws_robomaker_residential_Refrigerator_01/meshes/aws_Refrigerator_01_visual.DAE\n'}
[1.978841] (two_wheeled_robot) StdoutLine: {'line': b'-- Up-to-date: /home/greyflon/lab_2025/install/two_wheeled_robot/share/two_wheeled_robot/models/aws_robomaker_residential_Refrigerator_01/meshes/aws_Refrigerator_01.DAE\n'}
[1.978935] (two_wheeled_robot) StdoutLine: {'line': b'-- Up-to-date: /home/greyflon/lab_2025/install/two_wheeled_robot/share/two_wheeled_robot/models/aws_robomaker_residential_Refrigerator_01/materials\n'}
[1.979021] (two_wheeled_robot) StdoutLine: {'line': b'-- Up-to-date: /home/greyflon/lab_2025/install/two_wheeled_robot/share/two_wheeled_robot/models/aws_robomaker_residential_Refrigerator_01/materials/textures\n'}
[1.979151] (two_wheeled_robot) StdoutLine: {'line': b'-- Up-to-date: /home/greyflon/lab_2025/install/two_wheeled_robot/share/two_wheeled_robot/models/aws_robomaker_residential_Refrigerator_01/materials/textures/aws_Refrigerator_01.png\n'}
[1.979331] (two_wheeled_robot) StdoutLine: {'line': b'-- Up-to-date: /home/greyflon/lab_2025/install/two_wheeled_robot/share/two_wheeled_robot/models/aws_robomaker_residential_Refrigerator_01/materials/textures/aws_Refrigerator_02.png\n'}
[1.979432] (two_wheeled_robot) StdoutLine: {'line': b'-- Up-to-date: /home/greyflon/lab_2025/install/two_wheeled_robot/share/two_wheeled_robot/models/aws_robomaker_residential_Refrigerator_01/model.sdf\n'}
[1.979560] (two_wheeled_robot) StdoutLine: {'line': b'-- Up-to-date: /home/greyflon/lab_2025/install/two_wheeled_robot/share/two_wheeled_robot/models/parking_garage\n'}
[1.979641] (two_wheeled_robot) StdoutLine: {'line': b'-- Up-to-date: /home/greyflon/lab_2025/install/two_wheeled_robot/share/two_wheeled_robot/models/parking_garage/model.config\n'}
[1.979761] (two_wheeled_robot) StdoutLine: {'line': b'-- Up-to-date: /home/greyflon/lab_2025/install/two_wheeled_robot/share/two_wheeled_robot/models/parking_garage/meshes\n'}
[1.979838] (two_wheeled_robot) StdoutLine: {'line': b'-- Up-to-date: /home/greyflon/lab_2025/install/two_wheeled_robot/share/two_wheeled_robot/models/parking_garage/meshes/parking_garage.dae\n'}
[1.979925] (two_wheeled_robot) StdoutLine: {'line': b'-- Up-to-date: /home/greyflon/lab_2025/install/two_wheeled_robot/share/two_wheeled_robot/models/parking_garage/materials\n'}
[1.980083] (two_wheeled_robot) StdoutLine: {'line': b'-- Up-to-date: /home/greyflon/lab_2025/install/two_wheeled_robot/share/two_wheeled_robot/models/parking_garage/materials/textures\n'}
[1.980170] (two_wheeled_robot) StdoutLine: {'line': b'-- Up-to-date: /home/greyflon/lab_2025/install/two_wheeled_robot/share/two_wheeled_robot/models/parking_garage/materials/textures/parking_garage_spec.jpg\n'}
[1.980310] (two_wheeled_robot) StdoutLine: {'line': b'-- Up-to-date: /home/greyflon/lab_2025/install/two_wheeled_robot/share/two_wheeled_robot/models/parking_garage/materials/textures/parking_garage_diffuse.jpg\n'}
[1.980415] (two_wheeled_robot) StdoutLine: {'line': b'-- Up-to-date: /home/greyflon/lab_2025/install/two_wheeled_robot/share/two_wheeled_robot/models/parking_garage/model.sdf\n'}
[1.980578] (two_wheeled_robot) StdoutLine: {'line': b'-- Up-to-date: /home/greyflon/lab_2025/install/two_wheeled_robot/share/two_wheeled_robot/models/aws_robomaker_residential_Board_01\n'}
[1.980701] (two_wheeled_robot) StdoutLine: {'line': b'-- Up-to-date: /home/greyflon/lab_2025/install/two_wheeled_robot/share/two_wheeled_robot/models/aws_robomaker_residential_Board_01/model.config\n'}
[1.980781] (two_wheeled_robot) StdoutLine: {'line': b'-- Up-to-date: /home/greyflon/lab_2025/install/two_wheeled_robot/share/two_wheeled_robot/models/aws_robomaker_residential_Board_01/meshes\n'}
[1.980934] (two_wheeled_robot) StdoutLine: {'line': b'-- Up-to-date: /home/greyflon/lab_2025/install/two_wheeled_robot/share/two_wheeled_robot/models/aws_robomaker_residential_Board_01/meshes/aws_Board_01_visual.DAE\n'}
[1.981014] (two_wheeled_robot) StdoutLine: {'line': b'-- Up-to-date: /home/greyflon/lab_2025/install/two_wheeled_robot/share/two_wheeled_robot/models/aws_robomaker_residential_Board_01/meshes/aws_Board_01_collision.DAE\n'}
[1.981091] (two_wheeled_robot) StdoutLine: {'line': b'-- Up-to-date: /home/greyflon/lab_2025/install/two_wheeled_robot/share/two_wheeled_robot/models/aws_robomaker_residential_Board_01/materials\n'}
[1.981226] (two_wheeled_robot) StdoutLine: {'line': b'-- Up-to-date: /home/greyflon/lab_2025/install/two_wheeled_robot/share/two_wheeled_robot/models/aws_robomaker_residential_Board_01/materials/textures\n'}
[1.981321] (two_wheeled_robot) StdoutLine: {'line': b'-- Up-to-date: /home/greyflon/lab_2025/install/two_wheeled_robot/share/two_wheeled_robot/models/aws_robomaker_residential_Board_01/materials/textures/aws_Board_01.png\n'}
[1.981471] (two_wheeled_robot) StdoutLine: {'line': b'-- Up-to-date: /home/greyflon/lab_2025/install/two_wheeled_robot/share/two_wheeled_robot/models/aws_robomaker_residential_Board_01/model.sdf\n'}
[1.981567] (two_wheeled_robot) StdoutLine: {'line': b'-- Up-to-date: /home/greyflon/lab_2025/install/two_wheeled_robot/share/two_wheeled_robot/models/aws_robomaker_hospital_floor_02_ceiling\n'}
[1.981658] (two_wheeled_robot) StdoutLine: {'line': b'-- Up-to-date: /home/greyflon/lab_2025/install/two_wheeled_robot/share/two_wheeled_robot/models/aws_robomaker_hospital_floor_02_ceiling/model.config\n'}
[1.981749] (two_wheeled_robot) StdoutLine: {'line': b'-- Up-to-date: /home/greyflon/lab_2025/install/two_wheeled_robot/share/two_wheeled_robot/models/aws_robomaker_hospital_floor_02_ceiling/meshes\n'}
[1.981871] (two_wheeled_robot) StdoutLine: {'line': b'-- Up-to-date: /home/greyflon/lab_2025/install/two_wheeled_robot/share/two_wheeled_robot/models/aws_robomaker_hospital_floor_02_ceiling/meshes/aws_robomaker_hospital_floor_02_ceiling_collision.dae\n'}
[1.982021] (two_wheeled_robot) StdoutLine: {'line': b'-- Up-to-date: /home/greyflon/lab_2025/install/two_wheeled_robot/share/two_wheeled_robot/models/aws_robomaker_hospital_floor_02_ceiling/meshes/aws_robomaker_hospital_floor_02_ceiling_visual.dae\n'}
[1.982109] (two_wheeled_robot) StdoutLine: {'line': b'-- Up-to-date: /home/greyflon/lab_2025/install/two_wheeled_robot/share/two_wheeled_robot/models/aws_robomaker_hospital_floor_02_ceiling/meshes/aws_robomaker_hospital_floor_02_ceiling.png\n'}
[1.982195] (two_wheeled_robot) StdoutLine: {'line': b'-- Up-to-date: /home/greyflon/lab_2025/install/two_wheeled_robot/share/two_wheeled_robot/models/aws_robomaker_hospital_floor_02_ceiling/meshes/aws_robomaker_hospital_floor_02_ceiling_normal.png\n'}
[1.982294] (two_wheeled_robot) StdoutLine: {'line': b'-- Up-to-date: /home/greyflon/lab_2025/install/two_wheeled_robot/share/two_wheeled_robot/models/aws_robomaker_hospital_floor_02_ceiling/materials\n'}
[1.982395] (two_wheeled_robot) StdoutLine: {'line': b'-- Up-to-date: /home/greyflon/lab_2025/install/two_wheeled_robot/share/two_wheeled_robot/models/aws_robomaker_hospital_floor_02_ceiling/materials/model.sdf\n'}
[1.982551] (two_wheeled_robot) StdoutLine: {'line': b'-- Up-to-date: /home/greyflon/lab_2025/install/two_wheeled_robot/share/two_wheeled_robot/models/aws_robomaker_hospital_floor_02_ceiling/model.sdf\n'}
[1.982675] (two_wheeled_robot) StdoutLine: {'line': b'-- Up-to-date: /home/greyflon/lab_2025/install/two_wheeled_robot/share/two_wheeled_robot/models/gas_station\n'}
[1.982753] (two_wheeled_robot) StdoutLine: {'line': b'-- Up-to-date: /home/greyflon/lab_2025/install/two_wheeled_robot/share/two_wheeled_robot/models/gas_station/model-1_4.sdf\n'}
[1.982835] (two_wheeled_robot) StdoutLine: {'line': b'-- Up-to-date: /home/greyflon/lab_2025/install/two_wheeled_robot/share/two_wheeled_robot/models/gas_station/model.config\n'}
[1.982921] (two_wheeled_robot) StdoutLine: {'line': b'-- Up-to-date: /home/greyflon/lab_2025/install/two_wheeled_robot/share/two_wheeled_robot/models/gas_station/meshes\n'}
[1.983011] (two_wheeled_robot) StdoutLine: {'line': b'-- Up-to-date: /home/greyflon/lab_2025/install/two_wheeled_robot/share/two_wheeled_robot/models/gas_station/meshes/gas_station.dae\n'}
[1.983216] (two_wheeled_robot) StdoutLine: {'line': b'-- Up-to-date: /home/greyflon/lab_2025/install/two_wheeled_robot/share/two_wheeled_robot/models/gas_station/materials\n'}
[1.983313] (two_wheeled_robot) StdoutLine: {'line': b'-- Up-to-date: /home/greyflon/lab_2025/install/two_wheeled_robot/share/two_wheeled_robot/models/gas_station/materials/scripts\n'}
[1.983399] (two_wheeled_robot) StdoutLine: {'line': b'-- Up-to-date: /home/greyflon/lab_2025/install/two_wheeled_robot/share/two_wheeled_robot/models/gas_station/materials/scripts/gas_station.material\n'}
[1.983476] (two_wheeled_robot) StdoutLine: {'line': b'-- Up-to-date: /home/greyflon/lab_2025/install/two_wheeled_robot/share/two_wheeled_robot/models/gas_station/materials/textures\n'}
[1.983553] (two_wheeled_robot) StdoutLine: {'line': b'-- Up-to-date: /home/greyflon/lab_2025/install/two_wheeled_robot/share/two_wheeled_robot/models/gas_station/materials/textures/GasStation_Diffuse.png\n'}
[1.983630] (two_wheeled_robot) StdoutLine: {'line': b'-- Up-to-date: /home/greyflon/lab_2025/install/two_wheeled_robot/share/two_wheeled_robot/models/gas_station/materials/textures/GasStation_Spec.png\n'}
[1.983708] (two_wheeled_robot) StdoutLine: {'line': b'-- Up-to-date: /home/greyflon/lab_2025/install/two_wheeled_robot/share/two_wheeled_robot/models/gas_station/materials/textures/GasStation_Normal.png\n'}
[1.983785] (two_wheeled_robot) StdoutLine: {'line': b'-- Up-to-date: /home/greyflon/lab_2025/install/two_wheeled_robot/share/two_wheeled_robot/models/gas_station/model.sdf\n'}
[1.983862] (two_wheeled_robot) StdoutLine: {'line': b'-- Up-to-date: /home/greyflon/lab_2025/install/two_wheeled_robot/share/two_wheeled_robot/models/gas_station/model-1_3.sdf\n'}
[1.983938] (two_wheeled_robot) StdoutLine: {'line': b'-- Up-to-date: /home/greyflon/lab_2025/install/two_wheeled_robot/share/two_wheeled_robot/models/ParkingTrolleyMin\n'}
[1.984023] (two_wheeled_robot) StdoutLine: {'line': b'-- Up-to-date: /home/greyflon/lab_2025/install/two_wheeled_robot/share/two_wheeled_robot/models/ParkingTrolleyMin/model.config\n'}
[1.984107] (two_wheeled_robot) StdoutLine: {'line': b'-- Up-to-date: /home/greyflon/lab_2025/install/two_wheeled_robot/share/two_wheeled_robot/models/ParkingTrolleyMin/meshes\n'}
[1.984222] (two_wheeled_robot) StdoutLine: {'line': b'-- Up-to-date: /home/greyflon/lab_2025/install/two_wheeled_robot/share/two_wheeled_robot/models/ParkingTrolleyMin/meshes/trolleymin.mtl\n'}
[1.984369] (two_wheeled_robot) StdoutLine: {'line': b'-- Up-to-date: /home/greyflon/lab_2025/install/two_wheeled_robot/share/two_wheeled_robot/models/ParkingTrolleyMin/meshes/bag.png\n'}
[1.984550] (two_wheeled_robot) StdoutLine: {'line': b'-- Up-to-date: /home/greyflon/lab_2025/install/two_wheeled_robot/share/two_wheeled_robot/models/ParkingTrolleyMin/meshes/texture.png\n'}
[1.984648] (two_wheeled_robot) StdoutLine: {'line': b'-- Up-to-date: /home/greyflon/lab_2025/install/two_wheeled_robot/share/two_wheeled_robot/models/ParkingTrolleyMin/meshes/potato.png\n'}
[1.984769] (two_wheeled_robot) StdoutLine: {'line': b'-- Up-to-date: /home/greyflon/lab_2025/install/two_wheeled_robot/share/two_wheeled_robot/models/ParkingTrolleyMin/meshes/trolleymin.obj\n'}
[1.984861] (two_wheeled_robot) StdoutLine: {'line': b'-- Up-to-date: /home/greyflon/lab_2025/install/two_wheeled_robot/share/two_wheeled_robot/models/ParkingTrolleyMin/thumbnails\n'}
[1.985027] (two_wheeled_robot) StdoutLine: {'line': b'-- Up-to-date: /home/greyflon/lab_2025/install/two_wheeled_robot/share/two_wheeled_robot/models/ParkingTrolleyMin/thumbnails/5.png\n'}
[1.985105] (two_wheeled_robot) StdoutLine: {'line': b'-- Up-to-date: /home/greyflon/lab_2025/install/two_wheeled_robot/share/two_wheeled_robot/models/ParkingTrolleyMin/thumbnails/1.png\n'}
[1.985189] (two_wheeled_robot) StdoutLine: {'line': b'-- Up-to-date: /home/greyflon/lab_2025/install/two_wheeled_robot/share/two_wheeled_robot/models/ParkingTrolleyMin/thumbnails/2.png\n'}
[1.985289] (two_wheeled_robot) StdoutLine: {'line': b'-- Up-to-date: /home/greyflon/lab_2025/install/two_wheeled_robot/share/two_wheeled_robot/models/ParkingTrolleyMin/thumbnails/4.png\n'}
[1.985392] (two_wheeled_robot) StdoutLine: {'line': b'-- Up-to-date: /home/greyflon/lab_2025/install/two_wheeled_robot/share/two_wheeled_robot/models/ParkingTrolleyMin/thumbnails/3.png\n'}
[1.985523] (two_wheeled_robot) StdoutLine: {'line': b'-- Up-to-date: /home/greyflon/lab_2025/install/two_wheeled_robot/share/two_wheeled_robot/models/ParkingTrolleyMin/model.sdf\n'}
[1.985676] (two_wheeled_robot) StdoutLine: {'line': b'-- Up-to-date: /home/greyflon/lab_2025/install/two_wheeled_robot/share/two_wheeled_robot/models/aws_robomaker_residential_FloorB_01\n'}
[1.985817] (two_wheeled_robot) StdoutLine: {'line': b'-- Up-to-date: /home/greyflon/lab_2025/install/two_wheeled_robot/share/two_wheeled_robot/models/aws_robomaker_residential_FloorB_01/model.config\n'}
[1.985929] (two_wheeled_robot) StdoutLine: {'line': b'-- Up-to-date: /home/greyflon/lab_2025/install/two_wheeled_robot/share/two_wheeled_robot/models/aws_robomaker_residential_FloorB_01/meshes\n'}
[1.986053] (two_wheeled_robot) StdoutLine: {'line': b'-- Up-to-date: /home/greyflon/lab_2025/install/two_wheeled_robot/share/two_wheeled_robot/models/aws_robomaker_residential_FloorB_01/meshes/aws_FloorB_01_collision.DAE\n'}
[1.986134] (two_wheeled_robot) StdoutLine: {'line': b'-- Up-to-date: /home/greyflon/lab_2025/install/two_wheeled_robot/share/two_wheeled_robot/models/aws_robomaker_residential_FloorB_01/meshes/aws_FloorB_01_visual.DAE\n'}
[1.986288] (two_wheeled_robot) StdoutLine: {'line': b'-- Up-to-date: /home/greyflon/lab_2025/install/two_wheeled_robot/share/two_wheeled_robot/models/aws_robomaker_residential_FloorB_01/materials\n'}
[1.986464] (two_wheeled_robot) StdoutLine: {'line': b'-- Up-to-date: /home/greyflon/lab_2025/install/two_wheeled_robot/share/two_wheeled_robot/models/aws_robomaker_residential_FloorB_01/materials/textures\n'}
[1.986550] (two_wheeled_robot) StdoutLine: {'line': b'-- Up-to-date: /home/greyflon/lab_2025/install/two_wheeled_robot/share/two_wheeled_robot/models/aws_robomaker_residential_FloorB_01/materials/textures/aws_FloorB_01.png\n'}
[1.986636] (two_wheeled_robot) StdoutLine: {'line': b'-- Up-to-date: /home/greyflon/lab_2025/install/two_wheeled_robot/share/two_wheeled_robot/models/aws_robomaker_residential_FloorB_01/model.sdf\n'}
[1.986726] (two_wheeled_robot) StdoutLine: {'line': b'-- Up-to-date: /home/greyflon/lab_2025/install/two_wheeled_robot/share/two_wheeled_robot/models/AdjTable\n'}
[1.986824] (two_wheeled_robot) StdoutLine: {'line': b'-- Up-to-date: /home/greyflon/lab_2025/install/two_wheeled_robot/share/two_wheeled_robot/models/AdjTable/model.config\n'}
[1.986923] (two_wheeled_robot) StdoutLine: {'line': b'-- Up-to-date: /home/greyflon/lab_2025/install/two_wheeled_robot/share/two_wheeled_robot/models/AdjTable/meshes\n'}
[1.987010] (two_wheeled_robot) StdoutLine: {'line': b'-- Up-to-date: /home/greyflon/lab_2025/install/two_wheeled_robot/share/two_wheeled_robot/models/AdjTable/meshes/AdjTable_Col.obj\n'}
[1.987100] (two_wheeled_robot) StdoutLine: {'line': b'-- Up-to-date: /home/greyflon/lab_2025/install/two_wheeled_robot/share/two_wheeled_robot/models/AdjTable/meshes/AdjTable_Col.mtl\n'}
[1.987189] (two_wheeled_robot) StdoutLine: {'line': b'-- Up-to-date: /home/greyflon/lab_2025/install/two_wheeled_robot/share/two_wheeled_robot/models/AdjTable/meshes/AdjTable.obj\n'}
[1.987288] (two_wheeled_robot) StdoutLine: {'line': b'-- Up-to-date: /home/greyflon/lab_2025/install/two_wheeled_robot/share/two_wheeled_robot/models/AdjTable/meshes/AdjTable_Diffuse.png\n'}
[1.987430] (two_wheeled_robot) StdoutLine: {'line': b'-- Up-to-date: /home/greyflon/lab_2025/install/two_wheeled_robot/share/two_wheeled_robot/models/AdjTable/meshes/AdjTable.mtl\n'}
[1.987522] (two_wheeled_robot) StdoutLine: {'line': b'-- Up-to-date: /home/greyflon/lab_2025/install/two_wheeled_robot/share/two_wheeled_robot/models/AdjTable/thumbnails\n'}
[1.987613] (two_wheeled_robot) StdoutLine: {'line': b'-- Up-to-date: /home/greyflon/lab_2025/install/two_wheeled_robot/share/two_wheeled_robot/models/AdjTable/thumbnails/5.png\n'}
[1.987841] (two_wheeled_robot) StdoutLine: {'line': b'-- Up-to-date: /home/greyflon/lab_2025/install/two_wheeled_robot/share/two_wheeled_robot/models/AdjTable/thumbnails/1.png\n'}
[1.987940] (two_wheeled_robot) StdoutLine: {'line': b'-- Up-to-date: /home/greyflon/lab_2025/install/two_wheeled_robot/share/two_wheeled_robot/models/AdjTable/thumbnails/2.png\n'}
[1.988031] (two_wheeled_robot) StdoutLine: {'line': b'-- Up-to-date: /home/greyflon/lab_2025/install/two_wheeled_robot/share/two_wheeled_robot/models/AdjTable/thumbnails/4.png\n'}
[1.988174] (two_wheeled_robot) StdoutLine: {'line': b'-- Up-to-date: /home/greyflon/lab_2025/install/two_wheeled_robot/share/two_wheeled_robot/models/AdjTable/thumbnails/3.png\n'}
[1.988253] (two_wheeled_robot) StdoutLine: {'line': b'-- Up-to-date: /home/greyflon/lab_2025/install/two_wheeled_robot/share/two_wheeled_robot/models/AdjTable/model.sdf\n'}
[1.988360] (two_wheeled_robot) StdoutLine: {'line': b'-- Up-to-date: /home/greyflon/lab_2025/install/two_wheeled_robot/share/two_wheeled_robot/models/aws_robomaker_warehouse_RoofB_01\n'}
[1.988455] (two_wheeled_robot) StdoutLine: {'line': b'-- Up-to-date: /home/greyflon/lab_2025/install/two_wheeled_robot/share/two_wheeled_robot/models/aws_robomaker_warehouse_RoofB_01/model.config\n'}
[1.988594] (two_wheeled_robot) StdoutLine: {'line': b'-- Up-to-date: /home/greyflon/lab_2025/install/two_wheeled_robot/share/two_wheeled_robot/models/aws_robomaker_warehouse_RoofB_01/meshes\n'}
[1.988673] (two_wheeled_robot) StdoutLine: {'line': b'-- Up-to-date: /home/greyflon/lab_2025/install/two_wheeled_robot/share/two_wheeled_robot/models/aws_robomaker_warehouse_RoofB_01/meshes/aws_robomaker_warehouse_RoofB_01_visual.DAE\n'}
[1.988805] (two_wheeled_robot) StdoutLine: {'line': b'-- Up-to-date: /home/greyflon/lab_2025/install/two_wheeled_robot/share/two_wheeled_robot/models/aws_robomaker_warehouse_RoofB_01/meshes/aws_robomaker_warehouse_RoofB_01_collision.DAE\n'}
[1.988947] (two_wheeled_robot) StdoutLine: {'line': b'-- Up-to-date: /home/greyflon/lab_2025/install/two_wheeled_robot/share/two_wheeled_robot/models/aws_robomaker_warehouse_RoofB_01/materials\n'}
[1.989088] (two_wheeled_robot) StdoutLine: {'line': b'-- Up-to-date: /home/greyflon/lab_2025/install/two_wheeled_robot/share/two_wheeled_robot/models/aws_robomaker_warehouse_RoofB_01/materials/textures\n'}
[1.989168] (two_wheeled_robot) StdoutLine: {'line': b'-- Up-to-date: /home/greyflon/lab_2025/install/two_wheeled_robot/share/two_wheeled_robot/models/aws_robomaker_warehouse_RoofB_01/materials/textures/aws_robomaker_warehouse_RoofB_01.png\n'}
[1.989246] (two_wheeled_robot) StdoutLine: {'line': b'-- Up-to-date: /home/greyflon/lab_2025/install/two_wheeled_robot/share/two_wheeled_robot/models/aws_robomaker_warehouse_RoofB_01/model.sdf\n'}
[1.989354] (two_wheeled_robot) StdoutLine: {'line': b'-- Up-to-date: /home/greyflon/lab_2025/install/two_wheeled_robot/share/two_wheeled_robot/models/house_3\n'}
[1.989523] (two_wheeled_robot) StdoutLine: {'line': b'-- Up-to-date: /home/greyflon/lab_2025/install/two_wheeled_robot/share/two_wheeled_robot/models/house_3/model-1_4.sdf\n'}
[1.989606] (two_wheeled_robot) StdoutLine: {'line': b'-- Up-to-date: /home/greyflon/lab_2025/install/two_wheeled_robot/share/two_wheeled_robot/models/house_3/model.config\n'}
[1.989683] (two_wheeled_robot) StdoutLine: {'line': b'-- Up-to-date: /home/greyflon/lab_2025/install/two_wheeled_robot/share/two_wheeled_robot/models/house_3/meshes\n'}
[1.989782] (two_wheeled_robot) StdoutLine: {'line': b'-- Up-to-date: /home/greyflon/lab_2025/install/two_wheeled_robot/share/two_wheeled_robot/models/house_3/meshes/house_3.dae\n'}
[1.989936] (two_wheeled_robot) StdoutLine: {'line': b'-- Up-to-date: /home/greyflon/lab_2025/install/two_wheeled_robot/share/two_wheeled_robot/models/house_3/materials\n'}
[1.990016] (two_wheeled_robot) StdoutLine: {'line': b'-- Up-to-date: /home/greyflon/lab_2025/install/two_wheeled_robot/share/two_wheeled_robot/models/house_3/materials/scripts\n'}
[1.990093] (two_wheeled_robot) StdoutLine: {'line': b'-- Up-to-date: /home/greyflon/lab_2025/install/two_wheeled_robot/share/two_wheeled_robot/models/house_3/materials/scripts/house_3.material\n'}
[1.990225] (two_wheeled_robot) StdoutLine: {'line': b'-- Up-to-date: /home/greyflon/lab_2025/install/two_wheeled_robot/share/two_wheeled_robot/models/house_3/materials/textures\n'}
[1.990320] (two_wheeled_robot) StdoutLine: {'line': b'-- Up-to-date: /home/greyflon/lab_2025/install/two_wheeled_robot/share/two_wheeled_robot/models/house_3/materials/textures/House_3_Diffuse.png\n'}
[1.990459] (two_wheeled_robot) StdoutLine: {'line': b'-- Up-to-date: /home/greyflon/lab_2025/install/two_wheeled_robot/share/two_wheeled_robot/models/house_3/model.sdf\n'}
[1.990586] (two_wheeled_robot) StdoutLine: {'line': b'-- Up-to-date: /home/greyflon/lab_2025/install/two_wheeled_robot/share/two_wheeled_robot/models/house_3/model-1_3.sdf\n'}
[1.990652] (two_wheeled_robot) StdoutLine: {'line': b'-- Up-to-date: /home/greyflon/lab_2025/install/two_wheeled_robot/share/two_wheeled_robot/models/fire_hydrant\n'}
[1.990711] (two_wheeled_robot) StdoutLine: {'line': b'-- Up-to-date: /home/greyflon/lab_2025/install/two_wheeled_robot/share/two_wheeled_robot/models/fire_hydrant/model-1_4.sdf\n'}
[1.990768] (two_wheeled_robot) StdoutLine: {'line': b'-- Up-to-date: /home/greyflon/lab_2025/install/two_wheeled_robot/share/two_wheeled_robot/models/fire_hydrant/model.config\n'}
[1.990825] (two_wheeled_robot) StdoutLine: {'line': b'-- Up-to-date: /home/greyflon/lab_2025/install/two_wheeled_robot/share/two_wheeled_robot/models/fire_hydrant/meshes\n'}
[1.990882] (two_wheeled_robot) StdoutLine: {'line': b'-- Up-to-date: /home/greyflon/lab_2025/install/two_wheeled_robot/share/two_wheeled_robot/models/fire_hydrant/meshes/fire_hydrant.dae\n'}
[1.990939] (two_wheeled_robot) StdoutLine: {'line': b'-- Up-to-date: /home/greyflon/lab_2025/install/two_wheeled_robot/share/two_wheeled_robot/models/fire_hydrant/materials\n'}
[1.991070] (two_wheeled_robot) StdoutLine: {'line': b'-- Up-to-date: /home/greyflon/lab_2025/install/two_wheeled_robot/share/two_wheeled_robot/models/fire_hydrant/materials/textures\n'}
[1.991130] (two_wheeled_robot) StdoutLine: {'line': b'-- Up-to-date: /home/greyflon/lab_2025/install/two_wheeled_robot/share/two_wheeled_robot/models/fire_hydrant/materials/textures/fire_hydrant_spec.png\n'}
[1.991188] (two_wheeled_robot) StdoutLine: {'line': b'-- Up-to-date: /home/greyflon/lab_2025/install/two_wheeled_robot/share/two_wheeled_robot/models/fire_hydrant/materials/textures/fire_hydrant_diffuse.png\n'}
[1.991245] (two_wheeled_robot) StdoutLine: {'line': b'-- Up-to-date: /home/greyflon/lab_2025/install/two_wheeled_robot/share/two_wheeled_robot/models/fire_hydrant/model.sdf\n'}
[1.991347] (two_wheeled_robot) StdoutLine: {'line': b'-- Up-to-date: /home/greyflon/lab_2025/install/two_wheeled_robot/share/two_wheeled_robot/models/OfficeChairBlack\n'}
[1.991462] (two_wheeled_robot) StdoutLine: {'line': b'-- Up-to-date: /home/greyflon/lab_2025/install/two_wheeled_robot/share/two_wheeled_robot/models/OfficeChairBlack/model.config\n'}
[1.991521] (two_wheeled_robot) StdoutLine: {'line': b'-- Up-to-date: /home/greyflon/lab_2025/install/two_wheeled_robot/share/two_wheeled_robot/models/OfficeChairBlack/meshes\n'}
[1.991625] (two_wheeled_robot) StdoutLine: {'line': b'-- Up-to-date: /home/greyflon/lab_2025/install/two_wheeled_robot/share/two_wheeled_robot/models/OfficeChairBlack/meshes/OfficeChairBlack_Col.obj\n'}
[1.991680] (two_wheeled_robot) StdoutLine: {'line': b'-- Up-to-date: /home/greyflon/lab_2025/install/two_wheeled_robot/share/two_wheeled_robot/models/OfficeChairBlack/meshes/OfficeChairBlack.png\n'}
[1.991779] (two_wheeled_robot) StdoutLine: {'line': b'-- Up-to-date: /home/greyflon/lab_2025/install/two_wheeled_robot/share/two_wheeled_robot/models/OfficeChairBlack/meshes/OfficeChairBlack_Col.mtl\n'}
[1.991833] (two_wheeled_robot) StdoutLine: {'line': b'-- Up-to-date: /home/greyflon/lab_2025/install/two_wheeled_robot/share/two_wheeled_robot/models/OfficeChairBlack/meshes/OfficeChairBlack.mtl\n'}
[1.991885] (two_wheeled_robot) StdoutLine: {'line': b'-- Up-to-date: /home/greyflon/lab_2025/install/two_wheeled_robot/share/two_wheeled_robot/models/OfficeChairBlack/meshes/OfficeChairBlack.obj\n'}
[1.991937] (two_wheeled_robot) StdoutLine: {'line': b'-- Up-to-date: /home/greyflon/lab_2025/install/two_wheeled_robot/share/two_wheeled_robot/models/OfficeChairBlack/thumbnails\n'}
[1.991992] (two_wheeled_robot) StdoutLine: {'line': b'-- Up-to-date: /home/greyflon/lab_2025/install/two_wheeled_robot/share/two_wheeled_robot/models/OfficeChairBlack/thumbnails/5.png\n'}
[1.992050] (two_wheeled_robot) StdoutLine: {'line': b'-- Up-to-date: /home/greyflon/lab_2025/install/two_wheeled_robot/share/two_wheeled_robot/models/OfficeChairBlack/thumbnails/meta\n'}
[1.992108] (two_wheeled_robot) StdoutLine: {'line': b'-- Up-to-date: /home/greyflon/lab_2025/install/two_wheeled_robot/share/two_wheeled_robot/models/OfficeChairBlack/thumbnails/meta/5.png\n'}
[1.992166] (two_wheeled_robot) StdoutLine: {'line': b'-- Up-to-date: /home/greyflon/lab_2025/install/two_wheeled_robot/share/two_wheeled_robot/models/OfficeChairBlack/thumbnails/meta/1.png\n'}
[1.992224] (two_wheeled_robot) StdoutLine: {'line': b'-- Up-to-date: /home/greyflon/lab_2025/install/two_wheeled_robot/share/two_wheeled_robot/models/OfficeChairBlack/thumbnails/meta/2.png\n'}
[1.992309] (two_wheeled_robot) StdoutLine: {'line': b'-- Up-to-date: /home/greyflon/lab_2025/install/two_wheeled_robot/share/two_wheeled_robot/models/OfficeChairBlack/thumbnails/meta/4.png\n'}
[1.992435] (two_wheeled_robot) StdoutLine: {'line': b'-- Up-to-date: /home/greyflon/lab_2025/install/two_wheeled_robot/share/two_wheeled_robot/models/OfficeChairBlack/thumbnails/meta/3.png\n'}
[1.992490] (two_wheeled_robot) StdoutLine: {'line': b'-- Up-to-date: /home/greyflon/lab_2025/install/two_wheeled_robot/share/two_wheeled_robot/models/OfficeChairBlack/thumbnails/1.png\n'}
[1.992549] (two_wheeled_robot) StdoutLine: {'line': b'-- Up-to-date: /home/greyflon/lab_2025/install/two_wheeled_robot/share/two_wheeled_robot/models/OfficeChairBlack/thumbnails/2.png\n'}
[1.992644] (two_wheeled_robot) StdoutLine: {'line': b'-- Up-to-date: /home/greyflon/lab_2025/install/two_wheeled_robot/share/two_wheeled_robot/models/OfficeChairBlack/thumbnails/4.png\n'}
[1.992706] (two_wheeled_robot) StdoutLine: {'line': b'-- Up-to-date: /home/greyflon/lab_2025/install/two_wheeled_robot/share/two_wheeled_robot/models/OfficeChairBlack/thumbnails/3.png\n'}
[1.992759] (two_wheeled_robot) StdoutLine: {'line': b'-- Up-to-date: /home/greyflon/lab_2025/install/two_wheeled_robot/share/two_wheeled_robot/models/OfficeChairBlack/model.sdf\n'}
[1.992812] (two_wheeled_robot) StdoutLine: {'line': b'-- Up-to-date: /home/greyflon/lab_2025/install/two_wheeled_robot/share/two_wheeled_robot/models/BoxesLargeOnPallet\n'}
[1.992864] (two_wheeled_robot) StdoutLine: {'line': b'-- Up-to-date: /home/greyflon/lab_2025/install/two_wheeled_robot/share/two_wheeled_robot/models/BoxesLargeOnPallet/model.config\n'}
[1.992924] (two_wheeled_robot) StdoutLine: {'line': b'-- Up-to-date: /home/greyflon/lab_2025/install/two_wheeled_robot/share/two_wheeled_robot/models/BoxesLargeOnPallet/materials\n'}
[1.993035] (two_wheeled_robot) StdoutLine: {'line': b'-- Up-to-date: /home/greyflon/lab_2025/install/two_wheeled_robot/share/two_wheeled_robot/models/BoxesLargeOnPallet/materials/scripts\n'}
[1.993089] (two_wheeled_robot) StdoutLine: {'line': b'-- Up-to-date: /home/greyflon/lab_2025/install/two_wheeled_robot/share/two_wheeled_robot/models/BoxesLargeOnPallet/materials/scripts/BoxesLargeOnPallet.material\n'}
[1.993142] (two_wheeled_robot) StdoutLine: {'line': b'-- Up-to-date: /home/greyflon/lab_2025/install/two_wheeled_robot/share/two_wheeled_robot/models/BoxesLargeOnPallet/model.sdf\n'}
[1.993197] (two_wheeled_robot) StdoutLine: {'line': b'-- Up-to-date: /home/greyflon/lab_2025/install/two_wheeled_robot/share/two_wheeled_robot/models/refrigerator\n'}
[1.993254] (two_wheeled_robot) StdoutLine: {'line': b'-- Up-to-date: /home/greyflon/lab_2025/install/two_wheeled_robot/share/two_wheeled_robot/models/refrigerator/model.config\n'}
[1.993360] (two_wheeled_robot) StdoutLine: {'line': b'-- Up-to-date: /home/greyflon/lab_2025/install/two_wheeled_robot/share/two_wheeled_robot/models/refrigerator/meshes\n'}
[1.993417] (two_wheeled_robot) StdoutLine: {'line': b'-- Up-to-date: /home/greyflon/lab_2025/install/two_wheeled_robot/share/two_wheeled_robot/models/refrigerator/meshes/refrigerator.mtl\n'}
[1.993474] (two_wheeled_robot) StdoutLine: {'line': b'-- Up-to-date: /home/greyflon/lab_2025/install/two_wheeled_robot/share/two_wheeled_robot/models/refrigerator/meshes/refrigerator.obj\n'}
[1.993531] (two_wheeled_robot) StdoutLine: {'line': b'-- Up-to-date: /home/greyflon/lab_2025/install/two_wheeled_robot/share/two_wheeled_robot/models/refrigerator/materials\n'}
[1.993642] (two_wheeled_robot) StdoutLine: {'line': b'-- Up-to-date: /home/greyflon/lab_2025/install/two_wheeled_robot/share/two_wheeled_robot/models/refrigerator/materials/textures\n'}
[1.993696] (two_wheeled_robot) StdoutLine: {'line': b'-- Up-to-date: /home/greyflon/lab_2025/install/two_wheeled_robot/share/two_wheeled_robot/models/refrigerator/materials/textures/refrigerator.png\n'}
[1.993781] (two_wheeled_robot) StdoutLine: {'line': b'-- Up-to-date: /home/greyflon/lab_2025/install/two_wheeled_robot/share/two_wheeled_robot/models/refrigerator/model.sdf\n'}
[1.993840] (two_wheeled_robot) StdoutLine: {'line': b'-- Up-to-date: /home/greyflon/lab_2025/install/two_wheeled_robot/share/two_wheeled_robot/models/cafe_table\n'}
[1.993897] (two_wheeled_robot) StdoutLine: {'line': b'-- Up-to-date: /home/greyflon/lab_2025/install/two_wheeled_robot/share/two_wheeled_robot/models/cafe_table/model-1_4.sdf\n'}
[1.993997] (two_wheeled_robot) StdoutLine: {'line': b'-- Up-to-date: /home/greyflon/lab_2025/install/two_wheeled_robot/share/two_wheeled_robot/models/cafe_table/model.config\n'}
[1.994109] (two_wheeled_robot) StdoutLine: {'line': b'-- Up-to-date: /home/greyflon/lab_2025/install/two_wheeled_robot/share/two_wheeled_robot/models/cafe_table/meshes\n'}
[1.994209] (two_wheeled_robot) StdoutLine: {'line': b'-- Up-to-date: /home/greyflon/lab_2025/install/two_wheeled_robot/share/two_wheeled_robot/models/cafe_table/meshes/cafe_table.dae\n'}
[1.994263] (two_wheeled_robot) StdoutLine: {'line': b'-- Up-to-date: /home/greyflon/lab_2025/install/two_wheeled_robot/share/two_wheeled_robot/models/cafe_table/materials\n'}
[1.994359] (two_wheeled_robot) StdoutLine: {'line': b'-- Up-to-date: /home/greyflon/lab_2025/install/two_wheeled_robot/share/two_wheeled_robot/models/cafe_table/materials/textures\n'}
[1.994630] (two_wheeled_robot) StdoutLine: {'line': b'-- Up-to-date: /home/greyflon/lab_2025/install/two_wheeled_robot/share/two_wheeled_robot/models/cafe_table/materials/textures/Maple.jpg\n'}
[1.994742] (two_wheeled_robot) StdoutLine: {'line': b'-- Up-to-date: /home/greyflon/lab_2025/install/two_wheeled_robot/share/two_wheeled_robot/models/cafe_table/materials/textures/Wood_Floor_Dark.jpg\n'}
[1.994868] (two_wheeled_robot) StdoutLine: {'line': b'-- Up-to-date: /home/greyflon/lab_2025/install/two_wheeled_robot/share/two_wheeled_robot/models/cafe_table/model.sdf\n'}
[1.994941] (two_wheeled_robot) StdoutLine: {'line': b'-- Up-to-date: /home/greyflon/lab_2025/install/two_wheeled_robot/share/two_wheeled_robot/models/aws_robomaker_residential_Quilt_01\n'}
[1.995034] (two_wheeled_robot) StdoutLine: {'line': b'-- Up-to-date: /home/greyflon/lab_2025/install/two_wheeled_robot/share/two_wheeled_robot/models/aws_robomaker_residential_Quilt_01/model.config\n'}
[1.995150] (two_wheeled_robot) StdoutLine: {'line': b'-- Up-to-date: /home/greyflon/lab_2025/install/two_wheeled_robot/share/two_wheeled_robot/models/aws_robomaker_residential_Quilt_01/meshes\n'}
[1.995327] (two_wheeled_robot) StdoutLine: {'line': b'-- Up-to-date: /home/greyflon/lab_2025/install/two_wheeled_robot/share/two_wheeled_robot/models/aws_robomaker_residential_Quilt_01/meshes/aws_Quilt_01_visual.DAE\n'}
[1.995443] (two_wheeled_robot) StdoutLine: {'line': b'-- Up-to-date: /home/greyflon/lab_2025/install/two_wheeled_robot/share/two_wheeled_robot/models/aws_robomaker_residential_Quilt_01/meshes/aws_Quilt_01_collision.DAE\n'}
[1.995497] (two_wheeled_robot) StdoutLine: {'line': b'-- Up-to-date: /home/greyflon/lab_2025/install/two_wheeled_robot/share/two_wheeled_robot/models/aws_robomaker_residential_Quilt_01/materials\n'}
[1.995594] (two_wheeled_robot) StdoutLine: {'line': b'-- Up-to-date: /home/greyflon/lab_2025/install/two_wheeled_robot/share/two_wheeled_robot/models/aws_robomaker_residential_Quilt_01/materials/textures\n'}
[1.995875] (two_wheeled_robot) StdoutLine: {'line': b'-- Up-to-date: /home/greyflon/lab_2025/install/two_wheeled_robot/share/two_wheeled_robot/models/aws_robomaker_residential_Quilt_01/materials/textures/aws_Quilt_01.png\n'}
[1.995980] (two_wheeled_robot) StdoutLine: {'line': b'-- Up-to-date: /home/greyflon/lab_2025/install/two_wheeled_robot/share/two_wheeled_robot/models/aws_robomaker_residential_Quilt_01/model.sdf\n'}
[1.996034] (two_wheeled_robot) StdoutLine: {'line': b'-- Up-to-date: /home/greyflon/lab_2025/install/two_wheeled_robot/share/two_wheeled_robot/models/aws_robomaker_hospital_elevator_01_portal\n'}
[1.996185] (two_wheeled_robot) StdoutLine: {'line': b'-- Up-to-date: /home/greyflon/lab_2025/install/two_wheeled_robot/share/two_wheeled_robot/models/aws_robomaker_hospital_elevator_01_portal/model.config\n'}
[1.996302] (two_wheeled_robot) StdoutLine: {'line': b'-- Up-to-date: /home/greyflon/lab_2025/install/two_wheeled_robot/share/two_wheeled_robot/models/aws_robomaker_hospital_elevator_01_portal/meshes\n'}
[1.996503] (two_wheeled_robot) StdoutLine: {'line': b'-- Up-to-date: /home/greyflon/lab_2025/install/two_wheeled_robot/share/two_wheeled_robot/models/aws_robomaker_hospital_elevator_01_portal/meshes/aws_robomaker_hospital_elevator_01_visual_normal.png\n'}
[1.996608] (two_wheeled_robot) StdoutLine: {'line': b'-- Up-to-date: /home/greyflon/lab_2025/install/two_wheeled_robot/share/two_wheeled_robot/models/aws_robomaker_hospital_elevator_01_portal/meshes/aws_robomaker_hospital_elevator_01_portal_visual.dae\n'}
[1.996718] (two_wheeled_robot) StdoutLine: {'line': b'-- Up-to-date: /home/greyflon/lab_2025/install/two_wheeled_robot/share/two_wheeled_robot/models/aws_robomaker_hospital_elevator_01_portal/meshes/aws_robomaker_hospital_elevator_01_portal_collision.dae\n'}
[1.996780] (two_wheeled_robot) StdoutLine: {'line': b'-- Up-to-date: /home/greyflon/lab_2025/install/two_wheeled_robot/share/two_wheeled_robot/models/aws_robomaker_hospital_elevator_01_portal/meshes/aws_robomaker_hospital_elevator_01_low.png\n'}
[1.996918] (two_wheeled_robot) StdoutLine: {'line': b'-- Up-to-date: /home/greyflon/lab_2025/install/two_wheeled_robot/share/two_wheeled_robot/models/aws_robomaker_hospital_elevator_01_portal/meshes/aws_robomaker_hospital_elevator_01_low_normal.png\n'}
[1.996974] (two_wheeled_robot) StdoutLine: {'line': b'-- Up-to-date: /home/greyflon/lab_2025/install/two_wheeled_robot/share/two_wheeled_robot/models/aws_robomaker_hospital_elevator_01_portal/meshes/aws_robomaker_hospital_elevator_01_portal_low.dae\n'}
[1.997033] (two_wheeled_robot) StdoutLine: {'line': b'-- Up-to-date: /home/greyflon/lab_2025/install/two_wheeled_robot/share/two_wheeled_robot/models/aws_robomaker_hospital_elevator_01_portal/meshes/aws_robomaker_hospital_elevator_01_visual.png\n'}
[1.997093] (two_wheeled_robot) StdoutLine: {'line': b'-- Up-to-date: /home/greyflon/lab_2025/install/two_wheeled_robot/share/two_wheeled_robot/models/aws_robomaker_hospital_elevator_01_portal/model.sdf\n'}
[1.997152] (two_wheeled_robot) StdoutLine: {'line': b'-- Up-to-date: /home/greyflon/lab_2025/install/two_wheeled_robot/share/two_wheeled_robot/models/aws_robomaker_residential_Sofa_01\n'}
[1.997263] (two_wheeled_robot) StdoutLine: {'line': b'-- Up-to-date: /home/greyflon/lab_2025/install/two_wheeled_robot/share/two_wheeled_robot/models/aws_robomaker_residential_Sofa_01/model.config\n'}
[1.997406] (two_wheeled_robot) StdoutLine: {'line': b'-- Up-to-date: /home/greyflon/lab_2025/install/two_wheeled_robot/share/two_wheeled_robot/models/aws_robomaker_residential_Sofa_01/meshes\n'}
[1.997469] (two_wheeled_robot) StdoutLine: {'line': b'-- Up-to-date: /home/greyflon/lab_2025/install/two_wheeled_robot/share/two_wheeled_robot/models/aws_robomaker_residential_Sofa_01/meshes/aws_Sofa_01.DAE\n'}
[1.997524] (two_wheeled_robot) StdoutLine: {'line': b'-- Up-to-date: /home/greyflon/lab_2025/install/two_wheeled_robot/share/two_wheeled_robot/models/aws_robomaker_residential_Sofa_01/meshes/aws_Sofa_01_visual.DAE\n'}
[1.997577] (two_wheeled_robot) StdoutLine: {'line': b'-- Up-to-date: /home/greyflon/lab_2025/install/two_wheeled_robot/share/two_wheeled_robot/models/aws_robomaker_residential_Sofa_01/meshes/aws_Sofa_01_collision.DAE\n'}
[1.997642] (two_wheeled_robot) StdoutLine: {'line': b'-- Up-to-date: /home/greyflon/lab_2025/install/two_wheeled_robot/share/two_wheeled_robot/models/aws_robomaker_residential_Sofa_01/materials\n'}
[1.997736] (two_wheeled_robot) StdoutLine: {'line': b'-- Up-to-date: /home/greyflon/lab_2025/install/two_wheeled_robot/share/two_wheeled_robot/models/aws_robomaker_residential_Sofa_01/materials/textures\n'}
[1.998006] (two_wheeled_robot) StdoutLine: {'line': b'-- Up-to-date: /home/greyflon/lab_2025/install/two_wheeled_robot/share/two_wheeled_robot/models/aws_robomaker_residential_Sofa_01/materials/textures/aws_Sofa_01.png\n'}
[1.998119] (two_wheeled_robot) StdoutLine: {'line': b'-- Up-to-date: /home/greyflon/lab_2025/install/two_wheeled_robot/share/two_wheeled_robot/models/aws_robomaker_residential_Sofa_01/model.sdf\n'}
[1.998233] (two_wheeled_robot) StdoutLine: {'line': b'-- Up-to-date: /home/greyflon/lab_2025/install/two_wheeled_robot/share/two_wheeled_robot/models/pioneer2dx\n'}
[1.998347] (two_wheeled_robot) StdoutLine: {'line': b'-- Up-to-date: /home/greyflon/lab_2025/install/two_wheeled_robot/share/two_wheeled_robot/models/pioneer2dx/model-1_2.sdf\n'}
[1.998478] (two_wheeled_robot) StdoutLine: {'line': b'-- Up-to-date: /home/greyflon/lab_2025/install/two_wheeled_robot/share/two_wheeled_robot/models/pioneer2dx/model-1_4.sdf\n'}
[1.998540] (two_wheeled_robot) StdoutLine: {'line': b'-- Up-to-date: /home/greyflon/lab_2025/install/two_wheeled_robot/share/two_wheeled_robot/models/pioneer2dx/model.config\n'}
[1.998594] (two_wheeled_robot) StdoutLine: {'line': b'-- Up-to-date: /home/greyflon/lab_2025/install/two_wheeled_robot/share/two_wheeled_robot/models/pioneer2dx/meshes\n'}
[1.998683] (two_wheeled_robot) StdoutLine: {'line': b'-- Up-to-date: /home/greyflon/lab_2025/install/two_wheeled_robot/share/two_wheeled_robot/models/pioneer2dx/meshes/wheel.dae\n'}
[1.998787] (two_wheeled_robot) StdoutLine: {'line': b'-- Up-to-date: /home/greyflon/lab_2025/install/two_wheeled_robot/share/two_wheeled_robot/models/pioneer2dx/meshes/chassis.dae\n'}
[1.998892] (two_wheeled_robot) StdoutLine: {'line': b'-- Up-to-date: /home/greyflon/lab_2025/install/two_wheeled_robot/share/two_wheeled_robot/models/pioneer2dx/materials\n'}
[1.998996] (two_wheeled_robot) StdoutLine: {'line': b'-- Up-to-date: /home/greyflon/lab_2025/install/two_wheeled_robot/share/two_wheeled_robot/models/pioneer2dx/materials/textures\n'}
[1.999106] (two_wheeled_robot) StdoutLine: {'line': b'-- Up-to-date: /home/greyflon/lab_2025/install/two_wheeled_robot/share/two_wheeled_robot/models/pioneer2dx/materials/textures/plate_2_logo.png\n'}
[1.999232] (two_wheeled_robot) StdoutLine: {'line': b'-- Up-to-date: /home/greyflon/lab_2025/install/two_wheeled_robot/share/two_wheeled_robot/models/pioneer2dx/materials/textures/68-04552-2000-RA_Turtlebot_M-F_Standoff_color.png\n'}
[1.999352] (two_wheeled_robot) StdoutLine: {'line': b'-- Up-to-date: /home/greyflon/lab_2025/install/two_wheeled_robot/share/two_wheeled_robot/models/pioneer2dx/materials/textures/plate_1_logo.png\n'}
[1.999458] (two_wheeled_robot) StdoutLine: {'line': b'-- Up-to-date: /home/greyflon/lab_2025/install/two_wheeled_robot/share/two_wheeled_robot/models/pioneer2dx/materials/textures/68-02421-8000-RA_Turtlebot_F-F_Standoff_color.png\n'}
[1.999519] (two_wheeled_robot) StdoutLine: {'line': b'-- Up-to-date: /home/greyflon/lab_2025/install/two_wheeled_robot/share/two_wheeled_robot/models/pioneer2dx/materials/textures/68-04552-1000-RA_Turtlebot_M-F_Standoff_color.png\n'}
[1.999579] (two_wheeled_robot) StdoutLine: {'line': b'-- Up-to-date: /home/greyflon/lab_2025/install/two_wheeled_robot/share/two_wheeled_robot/models/pioneer2dx/materials/textures/plate_0_logo.png\n'}
[1.999639] (two_wheeled_robot) StdoutLine: {'line': b'-- Up-to-date: /home/greyflon/lab_2025/install/two_wheeled_robot/share/two_wheeled_robot/models/pioneer2dx/materials/textures/create_body.png\n'}
[1.999784] (two_wheeled_robot) StdoutLine: {'line': b'-- Up-to-date: /home/greyflon/lab_2025/install/two_wheeled_robot/share/two_wheeled_robot/models/pioneer2dx/model.sdf\n'}
[1.999846] (two_wheeled_robot) StdoutLine: {'line': b'-- Up-to-date: /home/greyflon/lab_2025/install/two_wheeled_robot/share/two_wheeled_robot/models/pioneer2dx/model-1_3.sdf\n'}
[1.999906] (two_wheeled_robot) StdoutLine: {'line': b'-- Up-to-date: /home/greyflon/lab_2025/install/two_wheeled_robot/share/two_wheeled_robot/models/beer\n'}
[1.999966] (two_wheeled_robot) StdoutLine: {'line': b'-- Up-to-date: /home/greyflon/lab_2025/install/two_wheeled_robot/share/two_wheeled_robot/models/beer/model-1_4.sdf\n'}
[2.000026] (two_wheeled_robot) StdoutLine: {'line': b'-- Up-to-date: /home/greyflon/lab_2025/install/two_wheeled_robot/share/two_wheeled_robot/models/beer/model.config\n'}
[2.000085] (two_wheeled_robot) StdoutLine: {'line': b'-- Up-to-date: /home/greyflon/lab_2025/install/two_wheeled_robot/share/two_wheeled_robot/models/beer/materials\n'}
[2.000187] (two_wheeled_robot) StdoutLine: {'line': b'-- Up-to-date: /home/greyflon/lab_2025/install/two_wheeled_robot/share/two_wheeled_robot/models/beer/materials/scripts\n'}
[2.000312] (two_wheeled_robot) StdoutLine: {'line': b'-- Up-to-date: /home/greyflon/lab_2025/install/two_wheeled_robot/share/two_wheeled_robot/models/beer/materials/scripts/beer.material\n'}
[2.000395] (two_wheeled_robot) StdoutLine: {'line': b'-- Up-to-date: /home/greyflon/lab_2025/install/two_wheeled_robot/share/two_wheeled_robot/models/beer/materials/textures\n'}
[2.000499] (two_wheeled_robot) StdoutLine: {'line': b'-- Up-to-date: /home/greyflon/lab_2025/install/two_wheeled_robot/share/two_wheeled_robot/models/beer/materials/textures/beer.png\n'}
[2.000606] (two_wheeled_robot) StdoutLine: {'line': b'-- Up-to-date: /home/greyflon/lab_2025/install/two_wheeled_robot/share/two_wheeled_robot/models/beer/model.sdf\n'}
[2.000678] (two_wheeled_robot) StdoutLine: {'line': b'-- Up-to-date: /home/greyflon/lab_2025/install/two_wheeled_robot/share/two_wheeled_robot/models/office_cafe_table\n'}
[2.000782] (two_wheeled_robot) StdoutLine: {'line': b'-- Up-to-date: /home/greyflon/lab_2025/install/two_wheeled_robot/share/two_wheeled_robot/models/office_cafe_table/model.config\n'}
[2.000838] (two_wheeled_robot) StdoutLine: {'line': b'-- Up-to-date: /home/greyflon/lab_2025/install/two_wheeled_robot/share/two_wheeled_robot/models/office_cafe_table/meshes\n'}
[2.001034] (two_wheeled_robot) StdoutLine: {'line': b'-- Up-to-date: /home/greyflon/lab_2025/install/two_wheeled_robot/share/two_wheeled_robot/models/office_cafe_table/meshes/office_cafe_table.dae\n'}
[2.001140] (two_wheeled_robot) StdoutLine: {'line': b'-- Up-to-date: /home/greyflon/lab_2025/install/two_wheeled_robot/share/two_wheeled_robot/models/office_cafe_table/materials\n'}
[2.001364] (two_wheeled_robot) StdoutLine: {'line': b'-- Up-to-date: /home/greyflon/lab_2025/install/two_wheeled_robot/share/two_wheeled_robot/models/office_cafe_table/materials/textures\n'}
[2.001594] (two_wheeled_robot) StdoutLine: {'line': b'-- Up-to-date: /home/greyflon/lab_2025/install/two_wheeled_robot/share/two_wheeled_robot/models/office_cafe_table/materials/textures/Maple.jpg\n'}
[2.001707] (two_wheeled_robot) StdoutLine: {'line': b'-- Up-to-date: /home/greyflon/lab_2025/install/two_wheeled_robot/share/two_wheeled_robot/models/office_cafe_table/materials/textures/Wood_Floor_Dark.jpg\n'}
[2.001835] (two_wheeled_robot) StdoutLine: {'line': b'-- Up-to-date: /home/greyflon/lab_2025/install/two_wheeled_robot/share/two_wheeled_robot/models/office_cafe_table/model.sdf\n'}
[2.001895] (two_wheeled_robot) StdoutLine: {'line': b'-- Up-to-date: /home/greyflon/lab_2025/install/two_wheeled_robot/share/two_wheeled_robot/models/aws_robomaker_hospital_nursesstation_01\n'}
[2.002074] (two_wheeled_robot) StdoutLine: {'line': b'-- Up-to-date: /home/greyflon/lab_2025/install/two_wheeled_robot/share/two_wheeled_robot/models/aws_robomaker_hospital_nursesstation_01/model.config\n'}
[2.002186] (two_wheeled_robot) StdoutLine: {'line': b'-- Up-to-date: /home/greyflon/lab_2025/install/two_wheeled_robot/share/two_wheeled_robot/models/aws_robomaker_hospital_nursesstation_01/meshes\n'}
[2.002442] (two_wheeled_robot) StdoutLine: {'line': b'-- Up-to-date: /home/greyflon/lab_2025/install/two_wheeled_robot/share/two_wheeled_robot/models/aws_robomaker_hospital_nursesstation_01/meshes/aws_robomaker_hospital_nursesstation_01_low.dae\n'}
[2.002565] (two_wheeled_robot) StdoutLine: {'line': b'-- Up-to-date: /home/greyflon/lab_2025/install/two_wheeled_robot/share/two_wheeled_robot/models/aws_robomaker_hospital_nursesstation_01/meshes/aws_robomaker_hospital_nursesstation_01_low.png\n'}
[2.002726] (two_wheeled_robot) StdoutLine: {'line': b'-- Up-to-date: /home/greyflon/lab_2025/install/two_wheeled_robot/share/two_wheeled_robot/models/aws_robomaker_hospital_nursesstation_01/meshes/aws_robomaker_hospital_nursesstation_01_low_normal.png\n'}
[2.002784] (two_wheeled_robot) StdoutLine: {'line': b'-- Up-to-date: /home/greyflon/lab_2025/install/two_wheeled_robot/share/two_wheeled_robot/models/aws_robomaker_hospital_nursesstation_01/meshes/aws_robomaker_hospital_nursesstation_01_visual.png\n'}
[2.002852] (two_wheeled_robot) StdoutLine: {'line': b'-- Up-to-date: /home/greyflon/lab_2025/install/two_wheeled_robot/share/two_wheeled_robot/models/aws_robomaker_hospital_nursesstation_01/meshes/aws_robomaker_hospital_nursesstation_01_visual_normal.png\n'}
[2.002916] (two_wheeled_robot) StdoutLine: {'line': b'-- Up-to-date: /home/greyflon/lab_2025/install/two_wheeled_robot/share/two_wheeled_robot/models/aws_robomaker_hospital_nursesstation_01/meshes/aws_robomaker_hospital_nursesstation_01_visual.dae\n'}
[2.002976] (two_wheeled_robot) StdoutLine: {'line': b'-- Up-to-date: /home/greyflon/lab_2025/install/two_wheeled_robot/share/two_wheeled_robot/models/aws_robomaker_hospital_nursesstation_01/meshes/aws_robomaker_hospital_nursesstation_01_collision.dae\n'}
[2.003035] (two_wheeled_robot) StdoutLine: {'line': b'-- Up-to-date: /home/greyflon/lab_2025/install/two_wheeled_robot/share/two_wheeled_robot/models/aws_robomaker_hospital_nursesstation_01/model.sdf\n'}
[2.003092] (two_wheeled_robot) StdoutLine: {'line': b'-- Up-to-date: /home/greyflon/lab_2025/install/two_wheeled_robot/share/two_wheeled_robot/models/amazon_robot2\n'}
[2.003192] (two_wheeled_robot) StdoutLine: {'line': b'-- Up-to-date: /home/greyflon/lab_2025/install/two_wheeled_robot/share/two_wheeled_robot/models/amazon_robot2/model.config\n'}
[2.003335] (two_wheeled_robot) StdoutLine: {'line': b'-- Up-to-date: /home/greyflon/lab_2025/install/two_wheeled_robot/share/two_wheeled_robot/models/amazon_robot2/meshes\n'}
[2.003470] (two_wheeled_robot) StdoutLine: {'line': b'-- Up-to-date: /home/greyflon/lab_2025/install/two_wheeled_robot/share/two_wheeled_robot/models/amazon_robot2/meshes/lds.dae\n'}
[2.003525] (two_wheeled_robot) StdoutLine: {'line': b'-- Up-to-date: /home/greyflon/lab_2025/install/two_wheeled_robot/share/two_wheeled_robot/models/amazon_robot2/meshes/waffle_pi_base.dae\n'}
[2.003578] (two_wheeled_robot) StdoutLine: {'line': b'-- Up-to-date: /home/greyflon/lab_2025/install/two_wheeled_robot/share/two_wheeled_robot/models/amazon_robot2/meshes/left_tire.dae\n'}
[2.003640] (two_wheeled_robot) StdoutLine: {'line': b'-- Up-to-date: /home/greyflon/lab_2025/install/two_wheeled_robot/share/two_wheeled_robot/models/amazon_robot2/meshes/right_tire.dae\n'}
[2.003777] (two_wheeled_robot) StdoutLine: {'line': b'-- Up-to-date: /home/greyflon/lab_2025/install/two_wheeled_robot/share/two_wheeled_robot/models/amazon_robot2/model.sdf\n'}
[2.003841] (two_wheeled_robot) StdoutLine: {'line': b'-- Up-to-date: /home/greyflon/lab_2025/install/two_wheeled_robot/share/two_wheeled_robot/models/ground_plane\n'}
[2.003892] (-) TimerEvent: {}
[2.004016] (two_wheeled_robot) StdoutLine: {'line': b'-- Up-to-date: /home/greyflon/lab_2025/install/two_wheeled_robot/share/two_wheeled_robot/models/ground_plane/model-1_2.sdf\n'}
[2.004080] (two_wheeled_robot) StdoutLine: {'line': b'-- Up-to-date: /home/greyflon/lab_2025/install/two_wheeled_robot/share/two_wheeled_robot/models/ground_plane/model-1_4.sdf\n'}
[2.004135] (two_wheeled_robot) StdoutLine: {'line': b'-- Up-to-date: /home/greyflon/lab_2025/install/two_wheeled_robot/share/two_wheeled_robot/models/ground_plane/model.config\n'}
[2.004188] (two_wheeled_robot) StdoutLine: {'line': b'-- Up-to-date: /home/greyflon/lab_2025/install/two_wheeled_robot/share/two_wheeled_robot/models/ground_plane/model.sdf\n'}
[2.004241] (two_wheeled_robot) StdoutLine: {'line': b'-- Up-to-date: /home/greyflon/lab_2025/install/two_wheeled_robot/share/two_wheeled_robot/models/ground_plane/model-1_3.sdf\n'}
[2.004306] (two_wheeled_robot) StdoutLine: {'line': b'-- Up-to-date: /home/greyflon/lab_2025/install/two_wheeled_robot/share/two_wheeled_robot/models/microwave\n'}
[2.004401] (two_wheeled_robot) StdoutLine: {'line': b'-- Up-to-date: /home/greyflon/lab_2025/install/two_wheeled_robot/share/two_wheeled_robot/models/microwave/model.config\n'}
[2.004463] (two_wheeled_robot) StdoutLine: {'line': b'-- Up-to-date: /home/greyflon/lab_2025/install/two_wheeled_robot/share/two_wheeled_robot/models/microwave/meshes\n'}
[2.004521] (two_wheeled_robot) StdoutLine: {'line': b'-- Up-to-date: /home/greyflon/lab_2025/install/two_wheeled_robot/share/two_wheeled_robot/models/microwave/meshes/microwave.obj\n'}
[2.004631] (two_wheeled_robot) StdoutLine: {'line': b'-- Up-to-date: /home/greyflon/lab_2025/install/two_wheeled_robot/share/two_wheeled_robot/models/microwave/meshes/microwave.mtl\n'}
[2.004754] (two_wheeled_robot) StdoutLine: {'line': b'-- Up-to-date: /home/greyflon/lab_2025/install/two_wheeled_robot/share/two_wheeled_robot/models/microwave/materials\n'}
[2.004869] (two_wheeled_robot) StdoutLine: {'line': b'-- Up-to-date: /home/greyflon/lab_2025/install/two_wheeled_robot/share/two_wheeled_robot/models/microwave/materials/textures\n'}
[2.005016] (two_wheeled_robot) StdoutLine: {'line': b'-- Up-to-date: /home/greyflon/lab_2025/install/two_wheeled_robot/share/two_wheeled_robot/models/microwave/materials/textures/microwave.png\n'}
[2.005127] (two_wheeled_robot) StdoutLine: {'line': b'-- Up-to-date: /home/greyflon/lab_2025/install/two_wheeled_robot/share/two_wheeled_robot/models/microwave/model.sdf\n'}
[2.005238] (two_wheeled_robot) StdoutLine: {'line': b'-- Up-to-date: /home/greyflon/lab_2025/install/two_wheeled_robot/share/two_wheeled_robot/models/office_desk\n'}
[2.005355] (two_wheeled_robot) StdoutLine: {'line': b'-- Up-to-date: /home/greyflon/lab_2025/install/two_wheeled_robot/share/two_wheeled_robot/models/office_desk/model.config\n'}
[2.005419] (two_wheeled_robot) StdoutLine: {'line': b'-- Up-to-date: /home/greyflon/lab_2025/install/two_wheeled_robot/share/two_wheeled_robot/models/office_desk/meshes\n'}
[2.005583] (two_wheeled_robot) StdoutLine: {'line': b'-- Up-to-date: /home/greyflon/lab_2025/install/two_wheeled_robot/share/two_wheeled_robot/models/office_desk/meshes/office_desk.dae\n'}
[2.005693] (two_wheeled_robot) StdoutLine: {'line': b'-- Up-to-date: /home/greyflon/lab_2025/install/two_wheeled_robot/share/two_wheeled_robot/models/office_desk/materials\n'}
[2.005823] (two_wheeled_robot) StdoutLine: {'line': b'-- Up-to-date: /home/greyflon/lab_2025/install/two_wheeled_robot/share/two_wheeled_robot/models/office_desk/materials/textures\n'}
[2.006099] (two_wheeled_robot) StdoutLine: {'line': b'-- Up-to-date: /home/greyflon/lab_2025/install/two_wheeled_robot/share/two_wheeled_robot/models/office_desk/materials/textures/office_desk_diffuse.png\n'}
[2.006217] (two_wheeled_robot) StdoutLine: {'line': b'-- Up-to-date: /home/greyflon/lab_2025/install/two_wheeled_robot/share/two_wheeled_robot/models/office_desk/materials/textures/office_desk_specular.png\n'}
[2.006356] (two_wheeled_robot) StdoutLine: {'line': b'-- Up-to-date: /home/greyflon/lab_2025/install/two_wheeled_robot/share/two_wheeled_robot/models/office_desk/model.sdf\n'}
[2.006472] (two_wheeled_robot) StdoutLine: {'line': b'-- Up-to-date: /home/greyflon/lab_2025/install/two_wheeled_robot/share/two_wheeled_robot/models/BoxesLargeOnPallet_3\n'}
[2.006535] (two_wheeled_robot) StdoutLine: {'line': b'-- Up-to-date: /home/greyflon/lab_2025/install/two_wheeled_robot/share/two_wheeled_robot/models/BoxesLargeOnPallet_3/model.config\n'}
[2.006595] (two_wheeled_robot) StdoutLine: {'line': b'-- Up-to-date: /home/greyflon/lab_2025/install/two_wheeled_robot/share/two_wheeled_robot/models/BoxesLargeOnPallet_3/model.sdf\n'}
[2.006695] (two_wheeled_robot) StdoutLine: {'line': b'-- Up-to-date: /home/greyflon/lab_2025/install/two_wheeled_robot/share/two_wheeled_robot/models/cardboard_box\n'}
[2.006794] (two_wheeled_robot) StdoutLine: {'line': b'-- Up-to-date: /home/greyflon/lab_2025/install/two_wheeled_robot/share/two_wheeled_robot/models/cardboard_box/model.config\n'}
[2.006859] (two_wheeled_robot) StdoutLine: {'line': b'-- Up-to-date: /home/greyflon/lab_2025/install/two_wheeled_robot/share/two_wheeled_robot/models/cardboard_box/meshes\n'}
[2.006964] (two_wheeled_robot) StdoutLine: {'line': b'-- Up-to-date: /home/greyflon/lab_2025/install/two_wheeled_robot/share/two_wheeled_robot/models/cardboard_box/meshes/cardboard_box.dae\n'}
[2.007019] (two_wheeled_robot) StdoutLine: {'line': b'-- Up-to-date: /home/greyflon/lab_2025/install/two_wheeled_robot/share/two_wheeled_robot/models/cardboard_box/materials\n'}
[2.007171] (two_wheeled_robot) StdoutLine: {'line': b'-- Up-to-date: /home/greyflon/lab_2025/install/two_wheeled_robot/share/two_wheeled_robot/models/cardboard_box/materials/textures\n'}
[2.007407] (two_wheeled_robot) StdoutLine: {'line': b'-- Up-to-date: /home/greyflon/lab_2025/install/two_wheeled_robot/share/two_wheeled_robot/models/cardboard_box/materials/textures/cardboard_box.png\n'}
[2.007527] (two_wheeled_robot) StdoutLine: {'line': b'-- Up-to-date: /home/greyflon/lab_2025/install/two_wheeled_robot/share/two_wheeled_robot/models/cardboard_box/model.sdf\n'}
[2.007583] (two_wheeled_robot) StdoutLine: {'line': b'-- Up-to-date: /home/greyflon/lab_2025/install/two_wheeled_robot/share/two_wheeled_robot/models/aws_robomaker_residential_Rangehood_01\n'}
[2.007760] (two_wheeled_robot) StdoutLine: {'line': b'-- Up-to-date: /home/greyflon/lab_2025/install/two_wheeled_robot/share/two_wheeled_robot/models/aws_robomaker_residential_Rangehood_01/model.config\n'}
[2.007856] (two_wheeled_robot) StdoutLine: {'line': b'-- Up-to-date: /home/greyflon/lab_2025/install/two_wheeled_robot/share/two_wheeled_robot/models/aws_robomaker_residential_Rangehood_01/meshes\n'}
[2.008017] (two_wheeled_robot) StdoutLine: {'line': b'-- Up-to-date: /home/greyflon/lab_2025/install/two_wheeled_robot/share/two_wheeled_robot/models/aws_robomaker_residential_Rangehood_01/meshes/aws_Rangehood_01_collision.DAE\n'}
[2.008114] (two_wheeled_robot) StdoutLine: {'line': b'-- Up-to-date: /home/greyflon/lab_2025/install/two_wheeled_robot/share/two_wheeled_robot/models/aws_robomaker_residential_Rangehood_01/meshes/aws_Rangehood_01_visual.DAE\n'}
[2.008208] (two_wheeled_robot) StdoutLine: {'line': b'-- Up-to-date: /home/greyflon/lab_2025/install/two_wheeled_robot/share/two_wheeled_robot/models/aws_robomaker_residential_Rangehood_01/materials\n'}
[2.008373] (two_wheeled_robot) StdoutLine: {'line': b'-- Up-to-date: /home/greyflon/lab_2025/install/two_wheeled_robot/share/two_wheeled_robot/models/aws_robomaker_residential_Rangehood_01/materials/textures\n'}
[2.008552] (two_wheeled_robot) StdoutLine: {'line': b'-- Up-to-date: /home/greyflon/lab_2025/install/two_wheeled_robot/share/two_wheeled_robot/models/aws_robomaker_residential_Rangehood_01/materials/textures/aws_Rangehood_01.png\n'}
[2.008656] (two_wheeled_robot) StdoutLine: {'line': b'-- Up-to-date: /home/greyflon/lab_2025/install/two_wheeled_robot/share/two_wheeled_robot/models/aws_robomaker_residential_Rangehood_01/model.sdf\n'}
[2.008710] (two_wheeled_robot) StdoutLine: {'line': b'-- Up-to-date: /home/greyflon/lab_2025/install/two_wheeled_robot/share/two_wheeled_robot/models/shelves_high2_no_collision\n'}
[2.008835] (two_wheeled_robot) StdoutLine: {'line': b'-- Up-to-date: /home/greyflon/lab_2025/install/two_wheeled_robot/share/two_wheeled_robot/models/shelves_high2_no_collision/model.config\n'}
[2.008931] (two_wheeled_robot) StdoutLine: {'line': b'-- Up-to-date: /home/greyflon/lab_2025/install/two_wheeled_robot/share/two_wheeled_robot/models/shelves_high2_no_collision/meshes\n'}
[2.009051] (two_wheeled_robot) StdoutLine: {'line': b'-- Up-to-date: /home/greyflon/lab_2025/install/two_wheeled_robot/share/two_wheeled_robot/models/shelves_high2_no_collision/meshes/shelves_high2.dae\n'}
[2.009147] (two_wheeled_robot) StdoutLine: {'line': b'-- Up-to-date: /home/greyflon/lab_2025/install/two_wheeled_robot/share/two_wheeled_robot/models/shelves_high2_no_collision/materials\n'}
[2.009453] (two_wheeled_robot) StdoutLine: {'line': b'-- Up-to-date: /home/greyflon/lab_2025/install/two_wheeled_robot/share/two_wheeled_robot/models/shelves_high2_no_collision/materials/textures\n'}
[2.009787] (two_wheeled_robot) StdoutLine: {'line': b'-- Up-to-date: /home/greyflon/lab_2025/install/two_wheeled_robot/share/two_wheeled_robot/models/shelves_high2_no_collision/materials/textures/__CorrogateShiny_.jpg\n'}
[2.009890] (two_wheeled_robot) StdoutLine: {'line': b'-- Up-to-date: /home/greyflon/lab_2025/install/two_wheeled_robot/share/two_wheeled_robot/models/shelves_high2_no_collision/model.sdf\n'}
[2.009944] (two_wheeled_robot) StdoutLine: {'line': b'-- Up-to-date: /home/greyflon/lab_2025/install/two_wheeled_robot/share/two_wheeled_robot/models/jersey_barrier\n'}
[2.010159] (two_wheeled_robot) StdoutLine: {'line': b'-- Up-to-date: /home/greyflon/lab_2025/install/two_wheeled_robot/share/two_wheeled_robot/models/jersey_barrier/model-1_4.sdf\n'}
[2.010249] (two_wheeled_robot) StdoutLine: {'line': b'-- Up-to-date: /home/greyflon/lab_2025/install/two_wheeled_robot/share/two_wheeled_robot/models/jersey_barrier/model.config\n'}
[2.010364] (two_wheeled_robot) StdoutLine: {'line': b'-- Up-to-date: /home/greyflon/lab_2025/install/two_wheeled_robot/share/two_wheeled_robot/models/jersey_barrier/meshes\n'}
[2.010461] (two_wheeled_robot) StdoutLine: {'line': b'-- Up-to-date: /home/greyflon/lab_2025/install/two_wheeled_robot/share/two_wheeled_robot/models/jersey_barrier/meshes/jersey_barrier.dae\n'}
[2.010547] (two_wheeled_robot) StdoutLine: {'line': b'-- Up-to-date: /home/greyflon/lab_2025/install/two_wheeled_robot/share/two_wheeled_robot/models/jersey_barrier/materials\n'}
[2.010607] (two_wheeled_robot) StdoutLine: {'line': b'-- Up-to-date: /home/greyflon/lab_2025/install/two_wheeled_robot/share/two_wheeled_robot/models/jersey_barrier/materials/textures\n'}
[2.010666] (two_wheeled_robot) StdoutLine: {'line': b'-- Up-to-date: /home/greyflon/lab_2025/install/two_wheeled_robot/share/two_wheeled_robot/models/jersey_barrier/materials/textures/jersey_barrier_diffuse.png\n'}
[2.010768] (two_wheeled_robot) StdoutLine: {'line': b'-- Up-to-date: /home/greyflon/lab_2025/install/two_wheeled_robot/share/two_wheeled_robot/models/jersey_barrier/materials/textures/jersey_barrier.png\n'}
[2.010919] (two_wheeled_robot) StdoutLine: {'line': b'-- Up-to-date: /home/greyflon/lab_2025/install/two_wheeled_robot/share/two_wheeled_robot/models/jersey_barrier/materials/textures/jersey_barrier_spec.png\n'}
[2.010996] (two_wheeled_robot) StdoutLine: {'line': b'-- Up-to-date: /home/greyflon/lab_2025/install/two_wheeled_robot/share/two_wheeled_robot/models/jersey_barrier/model.sdf\n'}
[2.011054] (two_wheeled_robot) StdoutLine: {'line': b'-- Up-to-date: /home/greyflon/lab_2025/install/two_wheeled_robot/share/two_wheeled_robot/models/aws_robomaker_residential_Tablet_01\n'}
[2.011114] (two_wheeled_robot) StdoutLine: {'line': b'-- Up-to-date: /home/greyflon/lab_2025/install/two_wheeled_robot/share/two_wheeled_robot/models/aws_robomaker_residential_Tablet_01/model.config\n'}
[2.011172] (two_wheeled_robot) StdoutLine: {'line': b'-- Up-to-date: /home/greyflon/lab_2025/install/two_wheeled_robot/share/two_wheeled_robot/models/aws_robomaker_residential_Tablet_01/meshes\n'}
[2.011273] (two_wheeled_robot) StdoutLine: {'line': b'-- Up-to-date: /home/greyflon/lab_2025/install/two_wheeled_robot/share/two_wheeled_robot/models/aws_robomaker_residential_Tablet_01/meshes/aws_Tablet_01_visual.DAE\n'}
[2.011397] (two_wheeled_robot) StdoutLine: {'line': b'-- Up-to-date: /home/greyflon/lab_2025/install/two_wheeled_robot/share/two_wheeled_robot/models/aws_robomaker_residential_Tablet_01/meshes/aws_Tablet_01_collision.DAE\n'}
[2.011454] (two_wheeled_robot) StdoutLine: {'line': b'-- Up-to-date: /home/greyflon/lab_2025/install/two_wheeled_robot/share/two_wheeled_robot/models/aws_robomaker_residential_Tablet_01/materials\n'}
[2.011515] (two_wheeled_robot) StdoutLine: {'line': b'-- Up-to-date: /home/greyflon/lab_2025/install/two_wheeled_robot/share/two_wheeled_robot/models/aws_robomaker_residential_Tablet_01/materials/textures\n'}
[2.011616] (two_wheeled_robot) StdoutLine: {'line': b'-- Up-to-date: /home/greyflon/lab_2025/install/two_wheeled_robot/share/two_wheeled_robot/models/aws_robomaker_residential_Tablet_01/materials/textures/aws_Tablet_01_nologo.png\n'}
[2.011736] (two_wheeled_robot) StdoutLine: {'line': b'-- Up-to-date: /home/greyflon/lab_2025/install/two_wheeled_robot/share/two_wheeled_robot/models/aws_robomaker_residential_Tablet_01/model.sdf\n'}
[2.011791] (two_wheeled_robot) StdoutLine: {'line': b'-- Up-to-date: /home/greyflon/lab_2025/install/two_wheeled_robot/share/two_wheeled_robot/models/stop_light_post\n'}
[2.011843] (two_wheeled_robot) StdoutLine: {'line': b'-- Up-to-date: /home/greyflon/lab_2025/install/two_wheeled_robot/share/two_wheeled_robot/models/stop_light_post/model.config\n'}
[2.011898] (two_wheeled_robot) StdoutLine: {'line': b'-- Up-to-date: /home/greyflon/lab_2025/install/two_wheeled_robot/share/two_wheeled_robot/models/stop_light_post/meshes\n'}
[2.012005] (two_wheeled_robot) StdoutLine: {'line': b'-- Up-to-date: /home/greyflon/lab_2025/install/two_wheeled_robot/share/two_wheeled_robot/models/stop_light_post/meshes/stop_light_post.mtl\n'}
[2.012139] (two_wheeled_robot) StdoutLine: {'line': b'-- Up-to-date: /home/greyflon/lab_2025/install/two_wheeled_robot/share/two_wheeled_robot/models/stop_light_post/meshes/stop_light_extension.mtl\n'}
[2.012230] (two_wheeled_robot) StdoutLine: {'line': b'-- Up-to-date: /home/greyflon/lab_2025/install/two_wheeled_robot/share/two_wheeled_robot/models/stop_light_post/meshes/stop_light_extension.obj\n'}
[2.012291] (two_wheeled_robot) StdoutLine: {'line': b'-- Up-to-date: /home/greyflon/lab_2025/install/two_wheeled_robot/share/two_wheeled_robot/models/stop_light_post/meshes/stop_light_post.obj\n'}
[2.012412] (two_wheeled_robot) StdoutLine: {'line': b'-- Up-to-date: /home/greyflon/lab_2025/install/two_wheeled_robot/share/two_wheeled_robot/models/stop_light_post/materials\n'}
[2.012517] (two_wheeled_robot) StdoutLine: {'line': b'-- Up-to-date: /home/greyflon/lab_2025/install/two_wheeled_robot/share/two_wheeled_robot/models/stop_light_post/materials/textures\n'}
[2.012616] (two_wheeled_robot) StdoutLine: {'line': b'-- Up-to-date: /home/greyflon/lab_2025/install/two_wheeled_robot/share/two_wheeled_robot/models/stop_light_post/materials/textures/stop_light.png\n'}
[2.012747] (two_wheeled_robot) StdoutLine: {'line': b'-- Up-to-date: /home/greyflon/lab_2025/install/two_wheeled_robot/share/two_wheeled_robot/models/stop_light_post/model.sdf\n'}
[2.012833] (two_wheeled_robot) StdoutLine: {'line': b'-- Up-to-date: /home/greyflon/lab_2025/install/two_wheeled_robot/share/two_wheeled_robot/models/computer\n'}
[2.012956] (two_wheeled_robot) StdoutLine: {'line': b'-- Up-to-date: /home/greyflon/lab_2025/install/two_wheeled_robot/share/two_wheeled_robot/models/computer/model.config\n'}
[2.013013] (two_wheeled_robot) StdoutLine: {'line': b'-- Up-to-date: /home/greyflon/lab_2025/install/two_wheeled_robot/share/two_wheeled_robot/models/computer/meshes\n'}
[2.013065] (two_wheeled_robot) StdoutLine: {'line': b'-- Up-to-date: /home/greyflon/lab_2025/install/two_wheeled_robot/share/two_wheeled_robot/models/computer/meshes/computer_monitor.obj\n'}
[2.013122] (two_wheeled_robot) StdoutLine: {'line': b'-- Up-to-date: /home/greyflon/lab_2025/install/two_wheeled_robot/share/two_wheeled_robot/models/computer/meshes/computer_tower.obj\n'}
[2.013180] (two_wheeled_robot) StdoutLine: {'line': b'-- Up-to-date: /home/greyflon/lab_2025/install/two_wheeled_robot/share/two_wheeled_robot/models/computer/meshes/computer.obj\n'}
[2.013237] (two_wheeled_robot) StdoutLine: {'line': b'-- Up-to-date: /home/greyflon/lab_2025/install/two_wheeled_robot/share/two_wheeled_robot/models/computer/meshes/computer.mtl\n'}
[2.013308] (two_wheeled_robot) StdoutLine: {'line': b'-- Up-to-date: /home/greyflon/lab_2025/install/two_wheeled_robot/share/two_wheeled_robot/models/computer/materials\n'}
[2.013434] (two_wheeled_robot) StdoutLine: {'line': b'-- Up-to-date: /home/greyflon/lab_2025/install/two_wheeled_robot/share/two_wheeled_robot/models/computer/materials/textures\n'}
[2.013522] (two_wheeled_robot) StdoutLine: {'line': b'-- Up-to-date: /home/greyflon/lab_2025/install/two_wheeled_robot/share/two_wheeled_robot/models/computer/materials/textures/computer.png\n'}
[2.013594] (two_wheeled_robot) StdoutLine: {'line': b'-- Up-to-date: /home/greyflon/lab_2025/install/two_wheeled_robot/share/two_wheeled_robot/models/computer/model.sdf\n'}
[2.013688] (two_wheeled_robot) StdoutLine: {'line': b'-- Up-to-date: /home/greyflon/lab_2025/install/two_wheeled_robot/share/two_wheeled_robot/models/reception_desk\n'}
[2.013746] (two_wheeled_robot) StdoutLine: {'line': b'-- Up-to-date: /home/greyflon/lab_2025/install/two_wheeled_robot/share/two_wheeled_robot/models/reception_desk/model.config\n'}
[2.013804] (two_wheeled_robot) StdoutLine: {'line': b'-- Up-to-date: /home/greyflon/lab_2025/install/two_wheeled_robot/share/two_wheeled_robot/models/reception_desk/meshes\n'}
[2.013928] (two_wheeled_robot) StdoutLine: {'line': b'-- Up-to-date: /home/greyflon/lab_2025/install/two_wheeled_robot/share/two_wheeled_robot/models/reception_desk/meshes/reception_desk.obj\n'}
[2.013992] (two_wheeled_robot) StdoutLine: {'line': b'-- Up-to-date: /home/greyflon/lab_2025/install/two_wheeled_robot/share/two_wheeled_robot/models/reception_desk/meshes/reception_desk.mtl\n'}
[2.014118] (two_wheeled_robot) StdoutLine: {'line': b'-- Up-to-date: /home/greyflon/lab_2025/install/two_wheeled_robot/share/two_wheeled_robot/models/reception_desk/materials\n'}
[2.014172] (two_wheeled_robot) StdoutLine: {'line': b'-- Up-to-date: /home/greyflon/lab_2025/install/two_wheeled_robot/share/two_wheeled_robot/models/reception_desk/materials/textures\n'}
[2.014225] (two_wheeled_robot) StdoutLine: {'line': b'-- Up-to-date: /home/greyflon/lab_2025/install/two_wheeled_robot/share/two_wheeled_robot/models/reception_desk/materials/textures/reception_desk.png\n'}
[2.014334] (two_wheeled_robot) StdoutLine: {'line': b'-- Up-to-date: /home/greyflon/lab_2025/install/two_wheeled_robot/share/two_wheeled_robot/models/reception_desk/model.sdf\n'}
[2.014475] (two_wheeled_robot) StdoutLine: {'line': b'-- Up-to-date: /home/greyflon/lab_2025/install/two_wheeled_robot/share/two_wheeled_robot/models/cessna\n'}
[2.014588] (two_wheeled_robot) StdoutLine: {'line': b'-- Up-to-date: /home/greyflon/lab_2025/install/two_wheeled_robot/share/two_wheeled_robot/models/cessna/model.config\n'}
[2.014714] (two_wheeled_robot) StdoutLine: {'line': b'-- Up-to-date: /home/greyflon/lab_2025/install/two_wheeled_robot/share/two_wheeled_robot/models/cessna/meshes\n'}
[2.014768] (two_wheeled_robot) StdoutLine: {'line': b'-- Up-to-date: /home/greyflon/lab_2025/install/two_wheeled_robot/share/two_wheeled_robot/models/cessna/meshes/left_aileron.dae\n'}
[2.014820] (two_wheeled_robot) StdoutLine: {'line': b'-- Up-to-date: /home/greyflon/lab_2025/install/two_wheeled_robot/share/two_wheeled_robot/models/cessna/meshes/cessna_prop.dae\n'}
[2.014877] (two_wheeled_robot) StdoutLine: {'line': b'-- Up-to-date: /home/greyflon/lab_2025/install/two_wheeled_robot/share/two_wheeled_robot/models/cessna/meshes/right_flap.dae\n'}
[2.014984] (two_wheeled_robot) StdoutLine: {'line': b'-- Up-to-date: /home/greyflon/lab_2025/install/two_wheeled_robot/share/two_wheeled_robot/models/cessna/meshes/elevators.dae\n'}
[2.015038] (two_wheeled_robot) StdoutLine: {'line': b'-- Up-to-date: /home/greyflon/lab_2025/install/two_wheeled_robot/share/two_wheeled_robot/models/cessna/meshes/cessna_front_wheel.dae\n'}
[2.015094] (two_wheeled_robot) StdoutLine: {'line': b'-- Up-to-date: /home/greyflon/lab_2025/install/two_wheeled_robot/share/two_wheeled_robot/models/cessna/meshes/left_flap.dae\n'}
[2.015152] (two_wheeled_robot) StdoutLine: {'line': b'-- Up-to-date: /home/greyflon/lab_2025/install/two_wheeled_robot/share/two_wheeled_robot/models/cessna/meshes/rudder.dae\n'}
[2.015209] (two_wheeled_robot) StdoutLine: {'line': b'-- Up-to-date: /home/greyflon/lab_2025/install/two_wheeled_robot/share/two_wheeled_robot/models/cessna/meshes/body.dae\n'}
[2.015267] (two_wheeled_robot) StdoutLine: {'line': b'-- Up-to-date: /home/greyflon/lab_2025/install/two_wheeled_robot/share/two_wheeled_robot/models/cessna/meshes/cessna_rear_right_wheel.dae\n'}
[2.015415] (two_wheeled_robot) StdoutLine: {'line': b'-- Up-to-date: /home/greyflon/lab_2025/install/two_wheeled_robot/share/two_wheeled_robot/models/cessna/meshes/cessna_rear_left_wheel.dae\n'}
[2.015478] (two_wheeled_robot) StdoutLine: {'line': b'-- Up-to-date: /home/greyflon/lab_2025/install/two_wheeled_robot/share/two_wheeled_robot/models/cessna/meshes/right_aileron.dae\n'}
[2.015536] (two_wheeled_robot) StdoutLine: {'line': b'-- Up-to-date: /home/greyflon/lab_2025/install/two_wheeled_robot/share/two_wheeled_robot/models/cessna/model.sdf\n'}
[2.015593] (two_wheeled_robot) StdoutLine: {'line': b'-- Up-to-date: /home/greyflon/lab_2025/install/two_wheeled_robot/share/two_wheeled_robot/models/aws_robomaker_residential_Wardrobe_01\n'}
[2.015656] (two_wheeled_robot) StdoutLine: {'line': b'-- Up-to-date: /home/greyflon/lab_2025/install/two_wheeled_robot/share/two_wheeled_robot/models/aws_robomaker_residential_Wardrobe_01/model.config\n'}
[2.015714] (two_wheeled_robot) StdoutLine: {'line': b'-- Up-to-date: /home/greyflon/lab_2025/install/two_wheeled_robot/share/two_wheeled_robot/models/aws_robomaker_residential_Wardrobe_01/meshes\n'}
[2.015771] (two_wheeled_robot) StdoutLine: {'line': b'-- Up-to-date: /home/greyflon/lab_2025/install/two_wheeled_robot/share/two_wheeled_robot/models/aws_robomaker_residential_Wardrobe_01/meshes/aws_Wardrobe_01_collision.DAE\n'}
[2.015829] (two_wheeled_robot) StdoutLine: {'line': b'-- Up-to-date: /home/greyflon/lab_2025/install/two_wheeled_robot/share/two_wheeled_robot/models/aws_robomaker_residential_Wardrobe_01/meshes/aws_Wardrobe_01_visual.DAE\n'}
[2.015886] (two_wheeled_robot) StdoutLine: {'line': b'-- Up-to-date: /home/greyflon/lab_2025/install/two_wheeled_robot/share/two_wheeled_robot/models/aws_robomaker_residential_Wardrobe_01/materials\n'}
[2.015955] (two_wheeled_robot) StdoutLine: {'line': b'-- Up-to-date: /home/greyflon/lab_2025/install/two_wheeled_robot/share/two_wheeled_robot/models/aws_robomaker_residential_Wardrobe_01/materials/textures\n'}
[2.016057] (two_wheeled_robot) StdoutLine: {'line': b'-- Up-to-date: /home/greyflon/lab_2025/install/two_wheeled_robot/share/two_wheeled_robot/models/aws_robomaker_residential_Wardrobe_01/materials/textures/aws_Wardrobe_01.png\n'}
[2.016226] (two_wheeled_robot) StdoutLine: {'line': b'-- Up-to-date: /home/greyflon/lab_2025/install/two_wheeled_robot/share/two_wheeled_robot/models/aws_robomaker_residential_Wardrobe_01/model.sdf\n'}
[2.016327] (two_wheeled_robot) StdoutLine: {'line': b'-- Up-to-date: /home/greyflon/lab_2025/install/two_wheeled_robot/share/two_wheeled_robot/models/Chair\n'}
[2.016470] (two_wheeled_robot) StdoutLine: {'line': b'-- Up-to-date: /home/greyflon/lab_2025/install/two_wheeled_robot/share/two_wheeled_robot/models/Chair/model.config\n'}
[2.016533] (two_wheeled_robot) StdoutLine: {'line': b'-- Up-to-date: /home/greyflon/lab_2025/install/two_wheeled_robot/share/two_wheeled_robot/models/Chair/meshes\n'}
[2.016593] (two_wheeled_robot) StdoutLine: {'line': b'-- Up-to-date: /home/greyflon/lab_2025/install/two_wheeled_robot/share/two_wheeled_robot/models/Chair/meshes/Chair_SpecGloss.png\n'}
[2.016652] (two_wheeled_robot) StdoutLine: {'line': b'-- Up-to-date: /home/greyflon/lab_2025/install/two_wheeled_robot/share/two_wheeled_robot/models/Chair/meshes/Chair_Normal.png\n'}
[2.016711] (two_wheeled_robot) StdoutLine: {'line': b'-- Up-to-date: /home/greyflon/lab_2025/install/two_wheeled_robot/share/two_wheeled_robot/models/Chair/meshes/Chair.png\n'}
[2.016771] (two_wheeled_robot) StdoutLine: {'line': b'-- Up-to-date: /home/greyflon/lab_2025/install/two_wheeled_robot/share/two_wheeled_robot/models/Chair/meshes/Chair.mtl\n'}
[2.016830] (two_wheeled_robot) StdoutLine: {'line': b'-- Up-to-date: /home/greyflon/lab_2025/install/two_wheeled_robot/share/two_wheeled_robot/models/Chair/meshes/Chair.obj\n'}
[2.016889] (two_wheeled_robot) StdoutLine: {'line': b'-- Up-to-date: /home/greyflon/lab_2025/install/two_wheeled_robot/share/two_wheeled_robot/models/Chair/meshes/Chair_Diffuse.png\n'}
[2.016949] (two_wheeled_robot) StdoutLine: {'line': b'-- Up-to-date: /home/greyflon/lab_2025/install/two_wheeled_robot/share/two_wheeled_robot/models/Chair/thumbnails\n'}
[2.017008] (two_wheeled_robot) StdoutLine: {'line': b'-- Up-to-date: /home/greyflon/lab_2025/install/two_wheeled_robot/share/two_wheeled_robot/models/Chair/thumbnails/5.png\n'}
[2.017067] (two_wheeled_robot) StdoutLine: {'line': b'-- Up-to-date: /home/greyflon/lab_2025/install/two_wheeled_robot/share/two_wheeled_robot/models/Chair/thumbnails/1.png\n'}
[2.017126] (two_wheeled_robot) StdoutLine: {'line': b'-- Up-to-date: /home/greyflon/lab_2025/install/two_wheeled_robot/share/two_wheeled_robot/models/Chair/thumbnails/2.png\n'}
[2.017184] (two_wheeled_robot) StdoutLine: {'line': b'-- Up-to-date: /home/greyflon/lab_2025/install/two_wheeled_robot/share/two_wheeled_robot/models/Chair/thumbnails/4.png\n'}
[2.017251] (two_wheeled_robot) StdoutLine: {'line': b'-- Up-to-date: /home/greyflon/lab_2025/install/two_wheeled_robot/share/two_wheeled_robot/models/Chair/thumbnails/3.png\n'}
[2.017361] (two_wheeled_robot) StdoutLine: {'line': b'-- Up-to-date: /home/greyflon/lab_2025/install/two_wheeled_robot/share/two_wheeled_robot/models/Chair/model.sdf\n'}
[2.017501] (two_wheeled_robot) StdoutLine: {'line': b'-- Up-to-date: /home/greyflon/lab_2025/install/two_wheeled_robot/share/two_wheeled_robot/models/workcell\n'}
[2.017563] (two_wheeled_robot) StdoutLine: {'line': b'-- Up-to-date: /home/greyflon/lab_2025/install/two_wheeled_robot/share/two_wheeled_robot/models/workcell/model.config\n'}
[2.017628] (two_wheeled_robot) StdoutLine: {'line': b'-- Up-to-date: /home/greyflon/lab_2025/install/two_wheeled_robot/share/two_wheeled_robot/models/workcell/meshes\n'}
[2.017688] (two_wheeled_robot) StdoutLine: {'line': b'-- Up-to-date: /home/greyflon/lab_2025/install/two_wheeled_robot/share/two_wheeled_robot/models/workcell/meshes/mesh_backup.dae\n'}
[2.017747] (two_wheeled_robot) StdoutLine: {'line': b'-- Up-to-date: /home/greyflon/lab_2025/install/two_wheeled_robot/share/two_wheeled_robot/models/workcell/meshes/mesh.dae\n'}
[2.017806] (two_wheeled_robot) StdoutLine: {'line': b'-- Up-to-date: /home/greyflon/lab_2025/install/two_wheeled_robot/share/two_wheeled_robot/models/workcell/materials\n'}
[2.017864] (two_wheeled_robot) StdoutLine: {'line': b'-- Up-to-date: /home/greyflon/lab_2025/install/two_wheeled_robot/share/two_wheeled_robot/models/workcell/materials/textures\n'}
[2.017922] (two_wheeled_robot) StdoutLine: {'line': b'-- Up-to-date: /home/greyflon/lab_2025/install/two_wheeled_robot/share/two_wheeled_robot/models/workcell/materials/textures/Conveyor.png\n'}
[2.018050] (two_wheeled_robot) StdoutLine: {'line': b'-- Up-to-date: /home/greyflon/lab_2025/install/two_wheeled_robot/share/two_wheeled_robot/models/workcell/materials/textures/Wall_Corrugated.png\n'}
[2.018117] (two_wheeled_robot) StdoutLine: {'line': b'-- Up-to-date: /home/greyflon/lab_2025/install/two_wheeled_robot/share/two_wheeled_robot/models/workcell/materials/textures/Yellow.png\n'}
[2.018177] (two_wheeled_robot) StdoutLine: {'line': b'-- Up-to-date: /home/greyflon/lab_2025/install/two_wheeled_robot/share/two_wheeled_robot/models/workcell/materials/textures/CardboardBoxes.png\n'}
[2.018237] (two_wheeled_robot) StdoutLine: {'line': b'-- Up-to-date: /home/greyflon/lab_2025/install/two_wheeled_robot/share/two_wheeled_robot/models/workcell/materials/textures/ControlPanel.png\n'}
[2.018429] (two_wheeled_robot) StdoutLine: {'line': b'-- Up-to-date: /home/greyflon/lab_2025/install/two_wheeled_robot/share/two_wheeled_robot/models/workcell/materials/textures/PalletWrap.png\n'}
[2.018515] (two_wheeled_robot) StdoutLine: {'line': b'-- Up-to-date: /home/greyflon/lab_2025/install/two_wheeled_robot/share/two_wheeled_robot/models/workcell/materials/textures/Shelves.png\n'}
[2.018631] (two_wheeled_robot) StdoutLine: {'line': b'-- Up-to-date: /home/greyflon/lab_2025/install/two_wheeled_robot/share/two_wheeled_robot/models/workcell/materials/textures/Floor.png\n'}
[2.018699] (two_wheeled_robot) StdoutLine: {'line': b'-- Up-to-date: /home/greyflon/lab_2025/install/two_wheeled_robot/share/two_wheeled_robot/models/workcell/materials/textures/Wall_Concrete.png\n'}
[2.018801] (two_wheeled_robot) StdoutLine: {'line': b'-- Up-to-date: /home/greyflon/lab_2025/install/two_wheeled_robot/share/two_wheeled_robot/models/workcell/materials/textures/Door_Window.png\n'}
[2.018901] (two_wheeled_robot) StdoutLine: {'line': b'-- Up-to-date: /home/greyflon/lab_2025/install/two_wheeled_robot/share/two_wheeled_robot/models/workcell/materials/textures/Pallet.png\n'}
[2.018990] (two_wheeled_robot) StdoutLine: {'line': b'-- Up-to-date: /home/greyflon/lab_2025/install/two_wheeled_robot/share/two_wheeled_robot/models/workcell/materials/textures/Mesh.png\n'}
[2.019079] (two_wheeled_robot) StdoutLine: {'line': b'-- Up-to-date: /home/greyflon/lab_2025/install/two_wheeled_robot/share/two_wheeled_robot/models/workcell/materials/textures/Stairs.png\n'}
[2.019170] (two_wheeled_robot) StdoutLine: {'line': b'-- Up-to-date: /home/greyflon/lab_2025/install/two_wheeled_robot/share/two_wheeled_robot/models/workcell/materials/textures/RollupDoor.png\n'}
[2.019293] (two_wheeled_robot) StdoutLine: {'line': b'-- Up-to-date: /home/greyflon/lab_2025/install/two_wheeled_robot/share/two_wheeled_robot/models/workcell/materials/textures/Bin.png\n'}
[2.019429] (two_wheeled_robot) StdoutLine: {'line': b'-- Up-to-date: /home/greyflon/lab_2025/install/two_wheeled_robot/share/two_wheeled_robot/models/workcell/materials/textures/Plywood.png\n'}
[2.019490] (two_wheeled_robot) StdoutLine: {'line': b'-- Up-to-date: /home/greyflon/lab_2025/install/two_wheeled_robot/share/two_wheeled_robot/models/workcell/materials/textures/WorkCell_Render.png\n'}
[2.019603] (two_wheeled_robot) StdoutLine: {'line': b'-- Up-to-date: /home/greyflon/lab_2025/install/two_wheeled_robot/share/two_wheeled_robot/models/workcell/materials/textures/Pillar.png\n'}
[2.019658] (two_wheeled_robot) StdoutLine: {'line': b'-- Up-to-date: /home/greyflon/lab_2025/install/two_wheeled_robot/share/two_wheeled_robot/models/workcell/materials/textures/RubberMat.png\n'}
[2.019745] (two_wheeled_robot) StdoutLine: {'line': b'-- Up-to-date: /home/greyflon/lab_2025/install/two_wheeled_robot/share/two_wheeled_robot/models/workcell/model.sdf\n'}
[2.019805] (two_wheeled_robot) StdoutLine: {'line': b'-- Up-to-date: /home/greyflon/lab_2025/install/two_wheeled_robot/share/two_wheeled_robot/models/aws_robomaker_hospital_floor_01_ceiling\n'}
[2.019863] (two_wheeled_robot) StdoutLine: {'line': b'-- Up-to-date: /home/greyflon/lab_2025/install/two_wheeled_robot/share/two_wheeled_robot/models/aws_robomaker_hospital_floor_01_ceiling/model.config\n'}
[2.019957] (two_wheeled_robot) StdoutLine: {'line': b'-- Up-to-date: /home/greyflon/lab_2025/install/two_wheeled_robot/share/two_wheeled_robot/models/aws_robomaker_hospital_floor_01_ceiling/meshes\n'}
[2.020125] (two_wheeled_robot) StdoutLine: {'line': b'-- Up-to-date: /home/greyflon/lab_2025/install/two_wheeled_robot/share/two_wheeled_robot/models/aws_robomaker_hospital_floor_01_ceiling/meshes/aws_robomaker_hospital_floor_01_ceiling_visual.dae\n'}
[2.020185] (two_wheeled_robot) StdoutLine: {'line': b'-- Up-to-date: /home/greyflon/lab_2025/install/two_wheeled_robot/share/two_wheeled_robot/models/aws_robomaker_hospital_floor_01_ceiling/meshes/aws_robomaker_hospital_floor_01_ceiling_normal.png\n'}
[2.020303] (two_wheeled_robot) StdoutLine: {'line': b'-- Up-to-date: /home/greyflon/lab_2025/install/two_wheeled_robot/share/two_wheeled_robot/models/aws_robomaker_hospital_floor_01_ceiling/meshes/aws_robomaker_hospital_floor_01_ceiling_collision.dae\n'}
[2.020368] (two_wheeled_robot) StdoutLine: {'line': b'-- Up-to-date: /home/greyflon/lab_2025/install/two_wheeled_robot/share/two_wheeled_robot/models/aws_robomaker_hospital_floor_01_ceiling/meshes/aws_robomaker_hospital_floor_01_ceiling.png\n'}
[2.020425] (two_wheeled_robot) StdoutLine: {'line': b'-- Up-to-date: /home/greyflon/lab_2025/install/two_wheeled_robot/share/two_wheeled_robot/models/aws_robomaker_hospital_floor_01_ceiling/model.sdf\n'}
[2.020484] (two_wheeled_robot) StdoutLine: {'line': b'-- Up-to-date: /home/greyflon/lab_2025/install/two_wheeled_robot/share/two_wheeled_robot/models/aws_robomaker_warehouse_TrashCanC_01\n'}
[2.020611] (two_wheeled_robot) StdoutLine: {'line': b'-- Up-to-date: /home/greyflon/lab_2025/install/two_wheeled_robot/share/two_wheeled_robot/models/aws_robomaker_warehouse_TrashCanC_01/model.config\n'}
[2.020667] (two_wheeled_robot) StdoutLine: {'line': b'-- Up-to-date: /home/greyflon/lab_2025/install/two_wheeled_robot/share/two_wheeled_robot/models/aws_robomaker_warehouse_TrashCanC_01/meshes\n'}
[2.020726] (two_wheeled_robot) StdoutLine: {'line': b'-- Up-to-date: /home/greyflon/lab_2025/install/two_wheeled_robot/share/two_wheeled_robot/models/aws_robomaker_warehouse_TrashCanC_01/meshes/aws_robomaker_warehouse_TrashCanC_01_collision.DAE\n'}
[2.020838] (two_wheeled_robot) StdoutLine: {'line': b'-- Up-to-date: /home/greyflon/lab_2025/install/two_wheeled_robot/share/two_wheeled_robot/models/aws_robomaker_warehouse_TrashCanC_01/meshes/aws_robomaker_warehouse_TrashCanC_01_visual.DAE\n'}
[2.020938] (two_wheeled_robot) StdoutLine: {'line': b'-- Up-to-date: /home/greyflon/lab_2025/install/two_wheeled_robot/share/two_wheeled_robot/models/aws_robomaker_warehouse_TrashCanC_01/materials\n'}
[2.021051] (two_wheeled_robot) StdoutLine: {'line': b'-- Up-to-date: /home/greyflon/lab_2025/install/two_wheeled_robot/share/two_wheeled_robot/models/aws_robomaker_warehouse_TrashCanC_01/materials/textures\n'}
[2.021180] (two_wheeled_robot) StdoutLine: {'line': b'-- Up-to-date: /home/greyflon/lab_2025/install/two_wheeled_robot/share/two_wheeled_robot/models/aws_robomaker_warehouse_TrashCanC_01/materials/textures/aws_robomaker_warehouse_TrashCanC_01.png\n'}
[2.021284] (two_wheeled_robot) StdoutLine: {'line': b'-- Up-to-date: /home/greyflon/lab_2025/install/two_wheeled_robot/share/two_wheeled_robot/models/aws_robomaker_warehouse_TrashCanC_01/model.sdf\n'}
[2.021349] (two_wheeled_robot) StdoutLine: {'line': b'-- Up-to-date: /home/greyflon/lab_2025/install/two_wheeled_robot/share/two_wheeled_robot/models/camera\n'}
[2.021458] (two_wheeled_robot) StdoutLine: {'line': b'-- Up-to-date: /home/greyflon/lab_2025/install/two_wheeled_robot/share/two_wheeled_robot/models/camera/model-1_2.sdf\n'}
[2.021518] (two_wheeled_robot) StdoutLine: {'line': b'-- Up-to-date: /home/greyflon/lab_2025/install/two_wheeled_robot/share/two_wheeled_robot/models/camera/model-1_4.sdf\n'}
[2.021576] (two_wheeled_robot) StdoutLine: {'line': b'-- Up-to-date: /home/greyflon/lab_2025/install/two_wheeled_robot/share/two_wheeled_robot/models/camera/model.config\n'}
[2.021632] (two_wheeled_robot) StdoutLine: {'line': b'-- Up-to-date: /home/greyflon/lab_2025/install/two_wheeled_robot/share/two_wheeled_robot/models/camera/model.sdf\n'}
[2.021726] (two_wheeled_robot) StdoutLine: {'line': b'-- Up-to-date: /home/greyflon/lab_2025/install/two_wheeled_robot/share/two_wheeled_robot/models/camera/model-1_3.sdf\n'}
[2.021830] (two_wheeled_robot) StdoutLine: {'line': b'-- Up-to-date: /home/greyflon/lab_2025/install/two_wheeled_robot/share/two_wheeled_robot/models/simple_arm\n'}
[2.021936] (two_wheeled_robot) StdoutLine: {'line': b'-- Up-to-date: /home/greyflon/lab_2025/install/two_wheeled_robot/share/two_wheeled_robot/models/simple_arm/model-1_2.sdf\n'}
[2.021990] (two_wheeled_robot) StdoutLine: {'line': b'-- Up-to-date: /home/greyflon/lab_2025/install/two_wheeled_robot/share/two_wheeled_robot/models/simple_arm/model-1_4.sdf\n'}
[2.022045] (two_wheeled_robot) StdoutLine: {'line': b'-- Up-to-date: /home/greyflon/lab_2025/install/two_wheeled_robot/share/two_wheeled_robot/models/simple_arm/model.config\n'}
[2.022103] (two_wheeled_robot) StdoutLine: {'line': b'-- Up-to-date: /home/greyflon/lab_2025/install/two_wheeled_robot/share/two_wheeled_robot/models/simple_arm/model.sdf\n'}
[2.022214] (two_wheeled_robot) StdoutLine: {'line': b'-- Up-to-date: /home/greyflon/lab_2025/install/two_wheeled_robot/share/two_wheeled_robot/models/simple_arm/model-1_3.sdf\n'}
[2.022271] (two_wheeled_robot) StdoutLine: {'line': b'-- Up-to-date: /home/greyflon/lab_2025/install/two_wheeled_robot/share/two_wheeled_robot/models/stop_light\n'}
[2.022376] (two_wheeled_robot) StdoutLine: {'line': b'-- Up-to-date: /home/greyflon/lab_2025/install/two_wheeled_robot/share/two_wheeled_robot/models/stop_light/model.config\n'}
[2.022436] (two_wheeled_robot) StdoutLine: {'line': b'-- Up-to-date: /home/greyflon/lab_2025/install/two_wheeled_robot/share/two_wheeled_robot/models/stop_light/meshes\n'}
[2.022560] (two_wheeled_robot) StdoutLine: {'line': b'-- Up-to-date: /home/greyflon/lab_2025/install/two_wheeled_robot/share/two_wheeled_robot/models/stop_light/meshes/stop_light.mtl\n'}
[2.022659] (two_wheeled_robot) StdoutLine: {'line': b'-- Up-to-date: /home/greyflon/lab_2025/install/two_wheeled_robot/share/two_wheeled_robot/models/stop_light/meshes/stop_light.obj\n'}
[2.022720] (two_wheeled_robot) StdoutLine: {'line': b'-- Up-to-date: /home/greyflon/lab_2025/install/two_wheeled_robot/share/two_wheeled_robot/models/stop_light/materials\n'}
[2.022814] (two_wheeled_robot) StdoutLine: {'line': b'-- Up-to-date: /home/greyflon/lab_2025/install/two_wheeled_robot/share/two_wheeled_robot/models/stop_light/materials/scripts\n'}
[2.022870] (two_wheeled_robot) StdoutLine: {'line': b'-- Up-to-date: /home/greyflon/lab_2025/install/two_wheeled_robot/share/two_wheeled_robot/models/stop_light/materials/scripts/stop_light.material\n'}
[2.022923] (two_wheeled_robot) StdoutLine: {'line': b'-- Up-to-date: /home/greyflon/lab_2025/install/two_wheeled_robot/share/two_wheeled_robot/models/stop_light/materials/textures\n'}
[2.022978] (two_wheeled_robot) StdoutLine: {'line': b'-- Up-to-date: /home/greyflon/lab_2025/install/two_wheeled_robot/share/two_wheeled_robot/models/stop_light/materials/textures/stop_light.png\n'}
[2.023090] (two_wheeled_robot) StdoutLine: {'line': b'-- Up-to-date: /home/greyflon/lab_2025/install/two_wheeled_robot/share/two_wheeled_robot/models/stop_light/materials/textures/greyscale_light.png\n'}
[2.023144] (two_wheeled_robot) StdoutLine: {'line': b'-- Up-to-date: /home/greyflon/lab_2025/install/two_wheeled_robot/share/two_wheeled_robot/models/stop_light/model.sdf\n'}
[2.023197] (two_wheeled_robot) StdoutLine: {'line': b'-- Up-to-date: /home/greyflon/lab_2025/install/two_wheeled_robot/share/two_wheeled_robot/models/pallet_full\n'}
[2.023255] (two_wheeled_robot) StdoutLine: {'line': b'-- Up-to-date: /home/greyflon/lab_2025/install/two_wheeled_robot/share/two_wheeled_robot/models/pallet_full/model.config\n'}
[2.023335] (two_wheeled_robot) StdoutLine: {'line': b'-- Up-to-date: /home/greyflon/lab_2025/install/two_wheeled_robot/share/two_wheeled_robot/models/pallet_full/model.sdf\n'}
[2.023396] (two_wheeled_robot) StdoutLine: {'line': b'-- Up-to-date: /home/greyflon/lab_2025/install/two_wheeled_robot/share/two_wheeled_robot/models/radio_tower\n'}
[2.023454] (two_wheeled_robot) StdoutLine: {'line': b'-- Up-to-date: /home/greyflon/lab_2025/install/two_wheeled_robot/share/two_wheeled_robot/models/radio_tower/model.config\n'}
[2.023512] (two_wheeled_robot) StdoutLine: {'line': b'-- Up-to-date: /home/greyflon/lab_2025/install/two_wheeled_robot/share/two_wheeled_robot/models/radio_tower/meshes\n'}
[2.023616] (two_wheeled_robot) StdoutLine: {'line': b'-- Up-to-date: /home/greyflon/lab_2025/install/two_wheeled_robot/share/two_wheeled_robot/models/radio_tower/meshes/radio_tower.dae\n'}
[2.023678] (two_wheeled_robot) StdoutLine: {'line': b'-- Up-to-date: /home/greyflon/lab_2025/install/two_wheeled_robot/share/two_wheeled_robot/models/radio_tower/materials\n'}
[2.023736] (two_wheeled_robot) StdoutLine: {'line': b'-- Up-to-date: /home/greyflon/lab_2025/install/two_wheeled_robot/share/two_wheeled_robot/models/radio_tower/materials/textures\n'}
[2.023794] (two_wheeled_robot) StdoutLine: {'line': b'-- Up-to-date: /home/greyflon/lab_2025/install/two_wheeled_robot/share/two_wheeled_robot/models/radio_tower/materials/textures/radio_tower_spec.jpg\n'}
[2.023852] (two_wheeled_robot) StdoutLine: {'line': b'-- Up-to-date: /home/greyflon/lab_2025/install/two_wheeled_robot/share/two_wheeled_robot/models/radio_tower/materials/textures/radio_tower_diffuse.jpg\n'}
[2.023910] (two_wheeled_robot) StdoutLine: {'line': b'-- Up-to-date: /home/greyflon/lab_2025/install/two_wheeled_robot/share/two_wheeled_robot/models/radio_tower/model.sdf\n'}
[2.023968] (two_wheeled_robot) StdoutLine: {'line': b'-- Up-to-date: /home/greyflon/lab_2025/install/two_wheeled_robot/share/two_wheeled_robot/models/aws_robomaker_residential_DeskPortraitB_02\n'}
[2.024025] (two_wheeled_robot) StdoutLine: {'line': b'-- Up-to-date: /home/greyflon/lab_2025/install/two_wheeled_robot/share/two_wheeled_robot/models/aws_robomaker_residential_DeskPortraitB_02/model.config\n'}
[2.024082] (two_wheeled_robot) StdoutLine: {'line': b'-- Up-to-date: /home/greyflon/lab_2025/install/two_wheeled_robot/share/two_wheeled_robot/models/aws_robomaker_residential_DeskPortraitB_02/meshes\n'}
[2.024147] (two_wheeled_robot) StdoutLine: {'line': b'-- Up-to-date: /home/greyflon/lab_2025/install/two_wheeled_robot/share/two_wheeled_robot/models/aws_robomaker_residential_DeskPortraitB_02/meshes/aws_DeskPortraitB_01_visual.DAE\n'}
[2.024206] (two_wheeled_robot) StdoutLine: {'line': b'-- Up-to-date: /home/greyflon/lab_2025/install/two_wheeled_robot/share/two_wheeled_robot/models/aws_robomaker_residential_DeskPortraitB_02/meshes/aws_DeskPortraitB_01_collision.DAE\n'}
[2.024263] (two_wheeled_robot) StdoutLine: {'line': b'-- Up-to-date: /home/greyflon/lab_2025/install/two_wheeled_robot/share/two_wheeled_robot/models/aws_robomaker_residential_DeskPortraitB_02/materials\n'}
[2.024414] (two_wheeled_robot) StdoutLine: {'line': b'-- Up-to-date: /home/greyflon/lab_2025/install/two_wheeled_robot/share/two_wheeled_robot/models/aws_robomaker_residential_DeskPortraitB_02/materials/textures\n'}
[2.024477] (two_wheeled_robot) StdoutLine: {'line': b'-- Up-to-date: /home/greyflon/lab_2025/install/two_wheeled_robot/share/two_wheeled_robot/models/aws_robomaker_residential_DeskPortraitB_02/materials/textures/DeskPortraitB_02.jpg\n'}
[2.024535] (two_wheeled_robot) StdoutLine: {'line': b'-- Up-to-date: /home/greyflon/lab_2025/install/two_wheeled_robot/share/two_wheeled_robot/models/aws_robomaker_residential_DeskPortraitB_02/materials/textures/aws_DeskPortraitB_02.png\n'}
[2.024593] (two_wheeled_robot) StdoutLine: {'line': b'-- Up-to-date: /home/greyflon/lab_2025/install/two_wheeled_robot/share/two_wheeled_robot/models/aws_robomaker_residential_DeskPortraitB_02/materials/textures/aws_DeskPortraitB_01.png\n'}
[2.024651] (two_wheeled_robot) StdoutLine: {'line': b'-- Up-to-date: /home/greyflon/lab_2025/install/two_wheeled_robot/share/two_wheeled_robot/models/aws_robomaker_residential_DeskPortraitB_02/model.sdf\n'}
[2.024708] (two_wheeled_robot) StdoutLine: {'line': b'-- Up-to-date: /home/greyflon/lab_2025/install/two_wheeled_robot/share/two_wheeled_robot/models/aws_robomaker_residential_PortraitA_02\n'}
[2.024766] (two_wheeled_robot) StdoutLine: {'line': b'-- Up-to-date: /home/greyflon/lab_2025/install/two_wheeled_robot/share/two_wheeled_robot/models/aws_robomaker_residential_PortraitA_02/model.config\n'}
[2.024885] (two_wheeled_robot) StdoutLine: {'line': b'-- Up-to-date: /home/greyflon/lab_2025/install/two_wheeled_robot/share/two_wheeled_robot/models/aws_robomaker_residential_PortraitA_02/meshes\n'}
[2.024944] (two_wheeled_robot) StdoutLine: {'line': b'-- Up-to-date: /home/greyflon/lab_2025/install/two_wheeled_robot/share/two_wheeled_robot/models/aws_robomaker_residential_PortraitA_02/meshes/aws_PortraitA_01_visual.DAE\n'}
[2.025002] (two_wheeled_robot) StdoutLine: {'line': b'-- Up-to-date: /home/greyflon/lab_2025/install/two_wheeled_robot/share/two_wheeled_robot/models/aws_robomaker_residential_PortraitA_02/meshes/aws_PortraitA_01_collision.DAE\n'}
[2.025059] (two_wheeled_robot) StdoutLine: {'line': b'-- Up-to-date: /home/greyflon/lab_2025/install/two_wheeled_robot/share/two_wheeled_robot/models/aws_robomaker_residential_PortraitA_02/materials\n'}
[2.025116] (two_wheeled_robot) StdoutLine: {'line': b'-- Up-to-date: /home/greyflon/lab_2025/install/two_wheeled_robot/share/two_wheeled_robot/models/aws_robomaker_residential_PortraitA_02/materials/textures\n'}
[2.025173] (two_wheeled_robot) StdoutLine: {'line': b'-- Up-to-date: /home/greyflon/lab_2025/install/two_wheeled_robot/share/two_wheeled_robot/models/aws_robomaker_residential_PortraitA_02/materials/textures/aws_PortraitA_01.png\n'}
[2.025230] (two_wheeled_robot) StdoutLine: {'line': b'-- Up-to-date: /home/greyflon/lab_2025/install/two_wheeled_robot/share/two_wheeled_robot/models/aws_robomaker_residential_PortraitA_02/materials/textures/PortraitA_02.jpg\n'}
[2.025294] (two_wheeled_robot) StdoutLine: {'line': b'-- Up-to-date: /home/greyflon/lab_2025/install/two_wheeled_robot/share/two_wheeled_robot/models/aws_robomaker_residential_PortraitA_02/materials/textures/aws_PortraitA_02.png\n'}
[2.025455] (two_wheeled_robot) StdoutLine: {'line': b'-- Up-to-date: /home/greyflon/lab_2025/install/two_wheeled_robot/share/two_wheeled_robot/models/aws_robomaker_residential_PortraitA_02/model.sdf\n'}
[2.025525] (two_wheeled_robot) StdoutLine: {'line': b'-- Up-to-date: /home/greyflon/lab_2025/install/two_wheeled_robot/share/two_wheeled_robot/models/aws_robomaker_warehouse_DeskC_01\n'}
[2.025611] (two_wheeled_robot) StdoutLine: {'line': b'-- Up-to-date: /home/greyflon/lab_2025/install/two_wheeled_robot/share/two_wheeled_robot/models/aws_robomaker_warehouse_DeskC_01/model.config\n'}
[2.025703] (two_wheeled_robot) StdoutLine: {'line': b'-- Up-to-date: /home/greyflon/lab_2025/install/two_wheeled_robot/share/two_wheeled_robot/models/aws_robomaker_warehouse_DeskC_01/meshes\n'}
[2.025766] (two_wheeled_robot) StdoutLine: {'line': b'-- Up-to-date: /home/greyflon/lab_2025/install/two_wheeled_robot/share/two_wheeled_robot/models/aws_robomaker_warehouse_DeskC_01/meshes/aws_robomaker_warehouse_DeskC_01_collision.DAE\n'}
[2.025900] (two_wheeled_robot) StdoutLine: {'line': b'-- Up-to-date: /home/greyflon/lab_2025/install/two_wheeled_robot/share/two_wheeled_robot/models/aws_robomaker_warehouse_DeskC_01/meshes/aws_robomaker_warehouse_DeskC_01_visual.DAE\n'}
[2.026012] (two_wheeled_robot) StdoutLine: {'line': b'-- Up-to-date: /home/greyflon/lab_2025/install/two_wheeled_robot/share/two_wheeled_robot/models/aws_robomaker_warehouse_DeskC_01/materials\n'}
[2.026072] (two_wheeled_robot) StdoutLine: {'line': b'-- Up-to-date: /home/greyflon/lab_2025/install/two_wheeled_robot/share/two_wheeled_robot/models/aws_robomaker_warehouse_DeskC_01/materials/textures\n'}
[2.026131] (two_wheeled_robot) StdoutLine: {'line': b'-- Up-to-date: /home/greyflon/lab_2025/install/two_wheeled_robot/share/two_wheeled_robot/models/aws_robomaker_warehouse_DeskC_01/materials/textures/aws_robomaker_warehouse_DeskC_03.psd\n'}
[2.026190] (two_wheeled_robot) StdoutLine: {'line': b'-- Up-to-date: /home/greyflon/lab_2025/install/two_wheeled_robot/share/two_wheeled_robot/models/aws_robomaker_warehouse_DeskC_01/materials/textures/aws_robomaker_warehouse_DeskC_02.png\n'}
[2.026305] (two_wheeled_robot) StdoutLine: {'line': b'-- Up-to-date: /home/greyflon/lab_2025/install/two_wheeled_robot/share/two_wheeled_robot/models/aws_robomaker_warehouse_DeskC_01/materials/textures/aws_robomaker_warehouse_DeskC_03.png\n'}
[2.026444] (two_wheeled_robot) StdoutLine: {'line': b'-- Up-to-date: /home/greyflon/lab_2025/install/two_wheeled_robot/share/two_wheeled_robot/models/aws_robomaker_warehouse_DeskC_01/materials/textures/aws_robomaker_warehouse_DeskC_04.png\n'}
[2.026501] (two_wheeled_robot) StdoutLine: {'line': b'-- Up-to-date: /home/greyflon/lab_2025/install/two_wheeled_robot/share/two_wheeled_robot/models/aws_robomaker_warehouse_DeskC_01/materials/textures/aws_robomaker_warehouse_DeskC_01.png\n'}
[2.026554] (two_wheeled_robot) StdoutLine: {'line': b'-- Up-to-date: /home/greyflon/lab_2025/install/two_wheeled_robot/share/two_wheeled_robot/models/aws_robomaker_warehouse_DeskC_01/model.sdf\n'}
[2.026646] (two_wheeled_robot) StdoutLine: {'line': b'-- Up-to-date: /home/greyflon/lab_2025/install/two_wheeled_robot/share/two_wheeled_robot/models/stopW\n'}
[2.026707] (two_wheeled_robot) StdoutLine: {'line': b'-- Up-to-date: /home/greyflon/lab_2025/install/two_wheeled_robot/share/two_wheeled_robot/models/stopW/model.config\n'}
[2.026766] (two_wheeled_robot) StdoutLine: {'line': b'-- Up-to-date: /home/greyflon/lab_2025/install/two_wheeled_robot/share/two_wheeled_robot/models/stopW/meshes\n'}
[2.026825] (two_wheeled_robot) StdoutLine: {'line': b'-- Up-to-date: /home/greyflon/lab_2025/install/two_wheeled_robot/share/two_wheeled_robot/models/stopW/meshes/Asphalt_New.jpg\n'}
[2.026884] (two_wheeled_robot) StdoutLine: {'line': b'-- Up-to-date: /home/greyflon/lab_2025/install/two_wheeled_robot/share/two_wheeled_robot/models/stopW/meshes/Concrete_Pavers_Block_Multi.jpg\n'}
[2.027044] (two_wheeled_robot) StdoutLine: {'line': b'-- Up-to-date: /home/greyflon/lab_2025/install/two_wheeled_robot/share/two_wheeled_robot/models/stopW/meshes/stop.dae\n'}
[2.027135] (two_wheeled_robot) StdoutLine: {'line': b'-- Up-to-date: /home/greyflon/lab_2025/install/two_wheeled_robot/share/two_wheeled_robot/models/stopW/model.sdf\n'}
[2.027209] (two_wheeled_robot) StdoutLine: {'line': b'-- Up-to-date: /home/greyflon/lab_2025/install/two_wheeled_robot/share/two_wheeled_robot/models/aws_robomaker_residential_DeskPortraitC_01\n'}
[2.027287] (two_wheeled_robot) StdoutLine: {'line': b'-- Up-to-date: /home/greyflon/lab_2025/install/two_wheeled_robot/share/two_wheeled_robot/models/aws_robomaker_residential_DeskPortraitC_01/model.config\n'}
[2.027432] (two_wheeled_robot) StdoutLine: {'line': b'-- Up-to-date: /home/greyflon/lab_2025/install/two_wheeled_robot/share/two_wheeled_robot/models/aws_robomaker_residential_DeskPortraitC_01/meshes\n'}
[2.027495] (two_wheeled_robot) StdoutLine: {'line': b'-- Up-to-date: /home/greyflon/lab_2025/install/two_wheeled_robot/share/two_wheeled_robot/models/aws_robomaker_residential_DeskPortraitC_01/meshes/aws_DeskPortraitC_01_collision.DAE\n'}
[2.027598] (two_wheeled_robot) StdoutLine: {'line': b'-- Up-to-date: /home/greyflon/lab_2025/install/two_wheeled_robot/share/two_wheeled_robot/models/aws_robomaker_residential_DeskPortraitC_01/meshes/aws_DeskPortraitC_01_visual.DAE\n'}
[2.027718] (two_wheeled_robot) StdoutLine: {'line': b'-- Up-to-date: /home/greyflon/lab_2025/install/two_wheeled_robot/share/two_wheeled_robot/models/aws_robomaker_residential_DeskPortraitC_01/materials\n'}
[2.027798] (two_wheeled_robot) StdoutLine: {'line': b'-- Up-to-date: /home/greyflon/lab_2025/install/two_wheeled_robot/share/two_wheeled_robot/models/aws_robomaker_residential_DeskPortraitC_01/materials/textures\n'}
[2.027899] (two_wheeled_robot) StdoutLine: {'line': b'-- Up-to-date: /home/greyflon/lab_2025/install/two_wheeled_robot/share/two_wheeled_robot/models/aws_robomaker_residential_DeskPortraitC_01/materials/textures/aws_DeskPortraitC_01.png\n'}
[2.028060] (two_wheeled_robot) StdoutLine: {'line': b'-- Up-to-date: /home/greyflon/lab_2025/install/two_wheeled_robot/share/two_wheeled_robot/models/aws_robomaker_residential_DeskPortraitC_01/materials/textures/DeskPortraitC_01.jpg\n'}
[2.028129] (two_wheeled_robot) StdoutLine: {'line': b'-- Up-to-date: /home/greyflon/lab_2025/install/two_wheeled_robot/share/two_wheeled_robot/models/aws_robomaker_residential_DeskPortraitC_01/materials/textures/aws_DeskPortraitC_02.png\n'}
[2.028239] (two_wheeled_robot) StdoutLine: {'line': b'-- Up-to-date: /home/greyflon/lab_2025/install/two_wheeled_robot/share/two_wheeled_robot/models/aws_robomaker_residential_DeskPortraitC_01/model.sdf\n'}
[2.028373] (two_wheeled_robot) StdoutLine: {'line': b'-- Up-to-date: /home/greyflon/lab_2025/install/two_wheeled_robot/share/two_wheeled_robot/models/blue_target\n'}
[2.028478] (two_wheeled_robot) StdoutLine: {'line': b'-- Up-to-date: /home/greyflon/lab_2025/install/two_wheeled_robot/share/two_wheeled_robot/models/blue_target/model.config\n'}
[2.028604] (two_wheeled_robot) StdoutLine: {'line': b'-- Up-to-date: /home/greyflon/lab_2025/install/two_wheeled_robot/share/two_wheeled_robot/models/blue_target/meshes\n'}
[2.028664] (two_wheeled_robot) StdoutLine: {'line': b'-- Up-to-date: /home/greyflon/lab_2025/install/two_wheeled_robot/share/two_wheeled_robot/models/blue_target/meshes/blue_target.dae\n'}
[2.028733] (two_wheeled_robot) StdoutLine: {'line': b'-- Up-to-date: /home/greyflon/lab_2025/install/two_wheeled_robot/share/two_wheeled_robot/models/blue_target/model.sdf\n'}
[2.028846] (two_wheeled_robot) StdoutLine: {'line': b'-- Up-to-date: /home/greyflon/lab_2025/install/two_wheeled_robot/share/two_wheeled_robot/models/casual_female\n'}
[2.028907] (two_wheeled_robot) StdoutLine: {'line': b'-- Up-to-date: /home/greyflon/lab_2025/install/two_wheeled_robot/share/two_wheeled_robot/models/casual_female/model.config\n'}
[2.029018] (two_wheeled_robot) StdoutLine: {'line': b'-- Up-to-date: /home/greyflon/lab_2025/install/two_wheeled_robot/share/two_wheeled_robot/models/casual_female/meshes\n'}
[2.029117] (two_wheeled_robot) StdoutLine: {'line': b'-- Up-to-date: /home/greyflon/lab_2025/install/two_wheeled_robot/share/two_wheeled_robot/models/casual_female/meshes/casual_female.dae\n'}
[2.029235] (two_wheeled_robot) StdoutLine: {'line': b'-- Up-to-date: /home/greyflon/lab_2025/install/two_wheeled_robot/share/two_wheeled_robot/models/casual_female/materials\n'}
[2.029350] (two_wheeled_robot) StdoutLine: {'line': b'-- Up-to-date: /home/greyflon/lab_2025/install/two_wheeled_robot/share/two_wheeled_robot/models/casual_female/materials/textures\n'}
[2.029457] (two_wheeled_robot) StdoutLine: {'line': b'-- Up-to-date: /home/greyflon/lab_2025/install/two_wheeled_robot/share/two_wheeled_robot/models/casual_female/materials/textures/casual_female.png\n'}
[2.029545] (two_wheeled_robot) StdoutLine: {'line': b'-- Up-to-date: /home/greyflon/lab_2025/install/two_wheeled_robot/share/two_wheeled_robot/models/casual_female/materials/textures/eyelashes01.png\n'}
[2.029651] (two_wheeled_robot) StdoutLine: {'line': b'-- Up-to-date: /home/greyflon/lab_2025/install/two_wheeled_robot/share/two_wheeled_robot/models/casual_female/materials/textures/tongue01_diffuse.png\n'}
[2.029779] (two_wheeled_robot) StdoutLine: {'line': b'-- Up-to-date: /home/greyflon/lab_2025/install/two_wheeled_robot/share/two_wheeled_robot/models/casual_female/materials/textures/female_casualsuit01_diffuse.png\n'}
[2.029898] (two_wheeled_robot) StdoutLine: {'line': b'-- Up-to-date: /home/greyflon/lab_2025/install/two_wheeled_robot/share/two_wheeled_robot/models/casual_female/materials/textures/female_casualsuit02_diffuse.png\n'}
[2.029958] (two_wheeled_robot) StdoutLine: {'line': b'-- Up-to-date: /home/greyflon/lab_2025/install/two_wheeled_robot/share/two_wheeled_robot/models/casual_female/materials/textures/ponytail01_diffuse.png\n'}
[2.030017] (two_wheeled_robot) StdoutLine: {'line': b'-- Up-to-date: /home/greyflon/lab_2025/install/two_wheeled_robot/share/two_wheeled_robot/models/casual_female/materials/textures/young_lightskinned_female_diffuse.png\n'}
[2.030116] (two_wheeled_robot) StdoutLine: {'line': b'-- Up-to-date: /home/greyflon/lab_2025/install/two_wheeled_robot/share/two_wheeled_robot/models/casual_female/materials/textures/shoes05_diffuse.png\n'}
[2.030176] (two_wheeled_robot) StdoutLine: {'line': b'-- Up-to-date: /home/greyflon/lab_2025/install/two_wheeled_robot/share/two_wheeled_robot/models/casual_female/materials/textures/eyebrow002.png\n'}
[2.030298] (two_wheeled_robot) StdoutLine: {'line': b'-- Up-to-date: /home/greyflon/lab_2025/install/two_wheeled_robot/share/two_wheeled_robot/models/casual_female/materials/textures/female_casualsuit01_normal.png\n'}
[2.030436] (two_wheeled_robot) StdoutLine: {'line': b'-- Up-to-date: /home/greyflon/lab_2025/install/two_wheeled_robot/share/two_wheeled_robot/models/casual_female/materials/textures/brown_eye.png\n'}
[2.030500] (two_wheeled_robot) StdoutLine: {'line': b'-- Up-to-date: /home/greyflon/lab_2025/install/two_wheeled_robot/share/two_wheeled_robot/models/casual_female/materials/textures/female_casualsuit02_normal.png\n'}
[2.030623] (two_wheeled_robot) StdoutLine: {'line': b'-- Up-to-date: /home/greyflon/lab_2025/install/two_wheeled_robot/share/two_wheeled_robot/models/casual_female/model.sdf\n'}
[2.030754] (two_wheeled_robot) StdoutLine: {'line': b'-- Up-to-date: /home/greyflon/lab_2025/install/two_wheeled_robot/share/two_wheeled_robot/models/servicebot\n'}
[2.030870] (two_wheeled_robot) StdoutLine: {'line': b'-- Up-to-date: /home/greyflon/lab_2025/install/two_wheeled_robot/share/two_wheeled_robot/models/servicebot/model.config\n'}
[2.030974] (two_wheeled_robot) StdoutLine: {'line': b'-- Up-to-date: /home/greyflon/lab_2025/install/two_wheeled_robot/share/two_wheeled_robot/models/servicebot/meshes\n'}
[2.031037] (two_wheeled_robot) StdoutLine: {'line': b'-- Up-to-date: /home/greyflon/lab_2025/install/two_wheeled_robot/share/two_wheeled_robot/models/servicebot/meshes/servicebot.mtl\n'}
[2.031136] (two_wheeled_robot) StdoutLine: {'line': b'-- Up-to-date: /home/greyflon/lab_2025/install/two_wheeled_robot/share/two_wheeled_robot/models/servicebot/meshes/servicebot.obj\n'}
[2.031262] (two_wheeled_robot) StdoutLine: {'line': b'-- Up-to-date: /home/greyflon/lab_2025/install/two_wheeled_robot/share/two_wheeled_robot/models/servicebot/materials\n'}
[2.031349] (two_wheeled_robot) StdoutLine: {'line': b'-- Up-to-date: /home/greyflon/lab_2025/install/two_wheeled_robot/share/two_wheeled_robot/models/servicebot/materials/textures\n'}
[2.031479] (two_wheeled_robot) StdoutLine: {'line': b'-- Up-to-date: /home/greyflon/lab_2025/install/two_wheeled_robot/share/two_wheeled_robot/models/servicebot/materials/textures/servicebot.png\n'}
[2.031556] (two_wheeled_robot) StdoutLine: {'line': b'-- Up-to-date: /home/greyflon/lab_2025/install/two_wheeled_robot/share/two_wheeled_robot/models/servicebot/model.sdf\n'}
[2.031624] (two_wheeled_robot) StdoutLine: {'line': b'-- Up-to-date: /home/greyflon/lab_2025/install/two_wheeled_robot/share/two_wheeled_robot/models/dishwasher\n'}
[2.031691] (two_wheeled_robot) StdoutLine: {'line': b'-- Up-to-date: /home/greyflon/lab_2025/install/two_wheeled_robot/share/two_wheeled_robot/models/dishwasher/model.config\n'}
[2.031757] (two_wheeled_robot) StdoutLine: {'line': b'-- Up-to-date: /home/greyflon/lab_2025/install/two_wheeled_robot/share/two_wheeled_robot/models/dishwasher/meshes\n'}
[2.031824] (two_wheeled_robot) StdoutLine: {'line': b'-- Up-to-date: /home/greyflon/lab_2025/install/two_wheeled_robot/share/two_wheeled_robot/models/dishwasher/meshes/dishwasher.mtl\n'}
[2.031892] (two_wheeled_robot) StdoutLine: {'line': b'-- Up-to-date: /home/greyflon/lab_2025/install/two_wheeled_robot/share/two_wheeled_robot/models/dishwasher/meshes/dishwasher.obj\n'}
[2.031957] (two_wheeled_robot) StdoutLine: {'line': b'-- Up-to-date: /home/greyflon/lab_2025/install/two_wheeled_robot/share/two_wheeled_robot/models/dishwasher/materials\n'}
[2.032023] (two_wheeled_robot) StdoutLine: {'line': b'-- Up-to-date: /home/greyflon/lab_2025/install/two_wheeled_robot/share/two_wheeled_robot/models/dishwasher/materials/textures\n'}
[2.032089] (two_wheeled_robot) StdoutLine: {'line': b'-- Up-to-date: /home/greyflon/lab_2025/install/two_wheeled_robot/share/two_wheeled_robot/models/dishwasher/materials/textures/dishwasher.png\n'}
[2.032155] (two_wheeled_robot) StdoutLine: {'line': b'-- Up-to-date: /home/greyflon/lab_2025/install/two_wheeled_robot/share/two_wheeled_robot/models/dishwasher/model.sdf\n'}
[2.032221] (two_wheeled_robot) StdoutLine: {'line': b'-- Up-to-date: /home/greyflon/lab_2025/install/two_wheeled_robot/share/two_wheeled_robot/models/aws_robomaker_residential_PortraitB_02\n'}
[2.032394] (two_wheeled_robot) StdoutLine: {'line': b'-- Up-to-date: /home/greyflon/lab_2025/install/two_wheeled_robot/share/two_wheeled_robot/models/aws_robomaker_residential_PortraitB_02/model.config\n'}
[2.032520] (two_wheeled_robot) StdoutLine: {'line': b'-- Up-to-date: /home/greyflon/lab_2025/install/two_wheeled_robot/share/two_wheeled_robot/models/aws_robomaker_residential_PortraitB_02/meshes\n'}
[2.032631] (two_wheeled_robot) StdoutLine: {'line': b'-- Up-to-date: /home/greyflon/lab_2025/install/two_wheeled_robot/share/two_wheeled_robot/models/aws_robomaker_residential_PortraitB_02/meshes/aws_PortraitB_01_visual.DAE\n'}
[2.032735] (two_wheeled_robot) StdoutLine: {'line': b'-- Up-to-date: /home/greyflon/lab_2025/install/two_wheeled_robot/share/two_wheeled_robot/models/aws_robomaker_residential_PortraitB_02/meshes/aws_PortraitB_01_collision.DAE\n'}
[2.032906] (two_wheeled_robot) StdoutLine: {'line': b'-- Up-to-date: /home/greyflon/lab_2025/install/two_wheeled_robot/share/two_wheeled_robot/models/aws_robomaker_residential_PortraitB_02/materials\n'}
[2.033048] (two_wheeled_robot) StdoutLine: {'line': b'-- Up-to-date: /home/greyflon/lab_2025/install/two_wheeled_robot/share/two_wheeled_robot/models/aws_robomaker_residential_PortraitB_02/materials/textures\n'}
[2.033111] (two_wheeled_robot) StdoutLine: {'line': b'-- Up-to-date: /home/greyflon/lab_2025/install/two_wheeled_robot/share/two_wheeled_robot/models/aws_robomaker_residential_PortraitB_02/materials/textures/aws_PortraitB_01.png\n'}
[2.033235] (two_wheeled_robot) StdoutLine: {'line': b'-- Up-to-date: /home/greyflon/lab_2025/install/two_wheeled_robot/share/two_wheeled_robot/models/aws_robomaker_residential_PortraitB_02/materials/textures/aws_PortraitB_02.png\n'}
[2.033380] (two_wheeled_robot) StdoutLine: {'line': b'-- Up-to-date: /home/greyflon/lab_2025/install/two_wheeled_robot/share/two_wheeled_robot/models/aws_robomaker_residential_PortraitB_02/materials/textures/PortraitB_02.jpg\n'}
[2.033497] (two_wheeled_robot) StdoutLine: {'line': b'-- Up-to-date: /home/greyflon/lab_2025/install/two_wheeled_robot/share/two_wheeled_robot/models/aws_robomaker_residential_PortraitB_02/model.sdf\n'}
[2.033567] (two_wheeled_robot) StdoutLine: {'line': b'-- Up-to-date: /home/greyflon/lab_2025/install/two_wheeled_robot/share/two_wheeled_robot/models/bookshelf\n'}
[2.033670] (two_wheeled_robot) StdoutLine: {'line': b'-- Up-to-date: /home/greyflon/lab_2025/install/two_wheeled_robot/share/two_wheeled_robot/models/bookshelf/model-1_2.sdf\n'}
[2.033787] (two_wheeled_robot) StdoutLine: {'line': b'-- Up-to-date: /home/greyflon/lab_2025/install/two_wheeled_robot/share/two_wheeled_robot/models/bookshelf/model-1_4.sdf\n'}
[2.033848] (two_wheeled_robot) StdoutLine: {'line': b'-- Up-to-date: /home/greyflon/lab_2025/install/two_wheeled_robot/share/two_wheeled_robot/models/bookshelf/model.config\n'}
[2.033951] (two_wheeled_robot) StdoutLine: {'line': b'-- Up-to-date: /home/greyflon/lab_2025/install/two_wheeled_robot/share/two_wheeled_robot/models/bookshelf/model.sdf\n'}
[2.034011] (two_wheeled_robot) StdoutLine: {'line': b'-- Up-to-date: /home/greyflon/lab_2025/install/two_wheeled_robot/share/two_wheeled_robot/models/bookshelf/model-1_3.sdf\n'}
[2.034122] (two_wheeled_robot) StdoutLine: {'line': b'-- Up-to-date: /home/greyflon/lab_2025/install/two_wheeled_robot/share/two_wheeled_robot/models/lamp_post\n'}
[2.034244] (two_wheeled_robot) StdoutLine: {'line': b'-- Up-to-date: /home/greyflon/lab_2025/install/two_wheeled_robot/share/two_wheeled_robot/models/lamp_post/model-1_4.sdf\n'}
[2.034375] (two_wheeled_robot) StdoutLine: {'line': b'-- Up-to-date: /home/greyflon/lab_2025/install/two_wheeled_robot/share/two_wheeled_robot/models/lamp_post/model.config\n'}
[2.034495] (two_wheeled_robot) StdoutLine: {'line': b'-- Up-to-date: /home/greyflon/lab_2025/install/two_wheeled_robot/share/two_wheeled_robot/models/lamp_post/meshes\n'}
[2.034594] (two_wheeled_robot) StdoutLine: {'line': b'-- Up-to-date: /home/greyflon/lab_2025/install/two_wheeled_robot/share/two_wheeled_robot/models/lamp_post/meshes/lamp_post.dae\n'}
[2.034704] (two_wheeled_robot) StdoutLine: {'line': b'-- Up-to-date: /home/greyflon/lab_2025/install/two_wheeled_robot/share/two_wheeled_robot/models/lamp_post/materials\n'}
[2.034820] (two_wheeled_robot) StdoutLine: {'line': b'-- Up-to-date: /home/greyflon/lab_2025/install/two_wheeled_robot/share/two_wheeled_robot/models/lamp_post/materials/textures\n'}
[2.034926] (two_wheeled_robot) StdoutLine: {'line': b'-- Up-to-date: /home/greyflon/lab_2025/install/two_wheeled_robot/share/two_wheeled_robot/models/lamp_post/materials/textures/Lamp_Post_Spec.png\n'}
[2.035033] (two_wheeled_robot) StdoutLine: {'line': b'-- Up-to-date: /home/greyflon/lab_2025/install/two_wheeled_robot/share/two_wheeled_robot/models/lamp_post/materials/textures/Lamp_Post_Diffuse.png\n'}
[2.035163] (two_wheeled_robot) StdoutLine: {'line': b'-- Up-to-date: /home/greyflon/lab_2025/install/two_wheeled_robot/share/two_wheeled_robot/models/lamp_post/materials/textures/Lamp_Post_Emissive.png\n'}
[2.035308] (two_wheeled_robot) StdoutLine: {'line': b'-- Up-to-date: /home/greyflon/lab_2025/install/two_wheeled_robot/share/two_wheeled_robot/models/lamp_post/model.sdf\n'}
[2.035451] (two_wheeled_robot) StdoutLine: {'line': b'-- Up-to-date: /home/greyflon/lab_2025/install/two_wheeled_robot/share/two_wheeled_robot/models/lamp_post/model-1_3.sdf\n'}
[2.035513] (two_wheeled_robot) StdoutLine: {'line': b'-- Up-to-date: /home/greyflon/lab_2025/install/two_wheeled_robot/share/two_wheeled_robot/models/aws_robomaker_warehouse_ClutteringA_01\n'}
[2.035573] (two_wheeled_robot) StdoutLine: {'line': b'-- Up-to-date: /home/greyflon/lab_2025/install/two_wheeled_robot/share/two_wheeled_robot/models/aws_robomaker_warehouse_ClutteringA_01/model.config\n'}
[2.035679] (two_wheeled_robot) StdoutLine: {'line': b'-- Up-to-date: /home/greyflon/lab_2025/install/two_wheeled_robot/share/two_wheeled_robot/models/aws_robomaker_warehouse_ClutteringA_01/meshes\n'}
[2.035740] (two_wheeled_robot) StdoutLine: {'line': b'-- Up-to-date: /home/greyflon/lab_2025/install/two_wheeled_robot/share/two_wheeled_robot/models/aws_robomaker_warehouse_ClutteringA_01/meshes/aws_robomaker_warehouse_ClutteringA_01_visual.DAE\n'}
[2.035866] (two_wheeled_robot) StdoutLine: {'line': b'-- Up-to-date: /home/greyflon/lab_2025/install/two_wheeled_robot/share/two_wheeled_robot/models/aws_robomaker_warehouse_ClutteringA_01/meshes/aws_robomaker_warehouse_ClutteringA_01_collision.DAE\n'}
[2.035926] (two_wheeled_robot) StdoutLine: {'line': b'-- Up-to-date: /home/greyflon/lab_2025/install/two_wheeled_robot/share/two_wheeled_robot/models/aws_robomaker_warehouse_ClutteringA_01/materials\n'}
[2.035991] (two_wheeled_robot) StdoutLine: {'line': b'-- Up-to-date: /home/greyflon/lab_2025/install/two_wheeled_robot/share/two_wheeled_robot/models/aws_robomaker_warehouse_ClutteringA_01/materials/textures\n'}
[2.036106] (two_wheeled_robot) StdoutLine: {'line': b'-- Up-to-date: /home/greyflon/lab_2025/install/two_wheeled_robot/share/two_wheeled_robot/models/aws_robomaker_warehouse_ClutteringA_01/materials/textures/aws_robomaker_warehouse_ClutteringA_03.png\n'}
[2.036166] (two_wheeled_robot) StdoutLine: {'line': b'-- Up-to-date: /home/greyflon/lab_2025/install/two_wheeled_robot/share/two_wheeled_robot/models/aws_robomaker_warehouse_ClutteringA_01/materials/textures/aws_robomaker_warehouse_ClutteringA_02.png\n'}
[2.036263] (two_wheeled_robot) StdoutLine: {'line': b'-- Up-to-date: /home/greyflon/lab_2025/install/two_wheeled_robot/share/two_wheeled_robot/models/aws_robomaker_warehouse_ClutteringA_01/materials/textures/aws_robomaker_warehouse_ClutteringA_01.png\n'}
[2.036394] (two_wheeled_robot) StdoutLine: {'line': b'-- Up-to-date: /home/greyflon/lab_2025/install/two_wheeled_robot/share/two_wheeled_robot/models/aws_robomaker_warehouse_ClutteringA_01/model.sdf\n'}
[2.036504] (two_wheeled_robot) StdoutLine: {'line': b'-- Up-to-date: /home/greyflon/lab_2025/install/two_wheeled_robot/share/two_wheeled_robot/models/aws_robomaker_residential_PortraitB_03\n'}
[2.036566] (two_wheeled_robot) StdoutLine: {'line': b'-- Up-to-date: /home/greyflon/lab_2025/install/two_wheeled_robot/share/two_wheeled_robot/models/aws_robomaker_residential_PortraitB_03/model.config\n'}
[2.036642] (two_wheeled_robot) StdoutLine: {'line': b'-- Up-to-date: /home/greyflon/lab_2025/install/two_wheeled_robot/share/two_wheeled_robot/models/aws_robomaker_residential_PortraitB_03/meshes\n'}
[2.036764] (two_wheeled_robot) StdoutLine: {'line': b'-- Up-to-date: /home/greyflon/lab_2025/install/two_wheeled_robot/share/two_wheeled_robot/models/aws_robomaker_residential_PortraitB_03/meshes/aws_PortraitB_01_visual.DAE\n'}
[2.036828] (two_wheeled_robot) StdoutLine: {'line': b'-- Up-to-date: /home/greyflon/lab_2025/install/two_wheeled_robot/share/two_wheeled_robot/models/aws_robomaker_residential_PortraitB_03/meshes/aws_PortraitB_01_collision.DAE\n'}
[2.036940] (two_wheeled_robot) StdoutLine: {'line': b'-- Up-to-date: /home/greyflon/lab_2025/install/two_wheeled_robot/share/two_wheeled_robot/models/aws_robomaker_residential_PortraitB_03/materials\n'}
[2.037005] (two_wheeled_robot) StdoutLine: {'line': b'-- Up-to-date: /home/greyflon/lab_2025/install/two_wheeled_robot/share/two_wheeled_robot/models/aws_robomaker_residential_PortraitB_03/materials/textures\n'}
[2.037066] (two_wheeled_robot) StdoutLine: {'line': b'-- Up-to-date: /home/greyflon/lab_2025/install/two_wheeled_robot/share/two_wheeled_robot/models/aws_robomaker_residential_PortraitB_03/materials/textures/aws_PortraitB_01.png\n'}
[2.037190] (two_wheeled_robot) StdoutLine: {'line': b'-- Up-to-date: /home/greyflon/lab_2025/install/two_wheeled_robot/share/two_wheeled_robot/models/aws_robomaker_residential_PortraitB_03/materials/textures/PortraitB_03.jpg\n'}
[2.037260] (two_wheeled_robot) StdoutLine: {'line': b'-- Up-to-date: /home/greyflon/lab_2025/install/two_wheeled_robot/share/two_wheeled_robot/models/aws_robomaker_residential_PortraitB_03/materials/textures/aws_PortraitB_02.png\n'}
[2.037376] (two_wheeled_robot) StdoutLine: {'line': b'-- Up-to-date: /home/greyflon/lab_2025/install/two_wheeled_robot/share/two_wheeled_robot/models/aws_robomaker_residential_PortraitB_03/model.sdf\n'}
[2.037442] (two_wheeled_robot) StdoutLine: {'line': b'-- Up-to-date: /home/greyflon/lab_2025/install/two_wheeled_robot/share/two_wheeled_robot/models/aws_robomaker_residential_PortraitB_01\n'}
[2.037503] (two_wheeled_robot) StdoutLine: {'line': b'-- Up-to-date: /home/greyflon/lab_2025/install/two_wheeled_robot/share/two_wheeled_robot/models/aws_robomaker_residential_PortraitB_01/model.config\n'}
[2.037629] (two_wheeled_robot) StdoutLine: {'line': b'-- Up-to-date: /home/greyflon/lab_2025/install/two_wheeled_robot/share/two_wheeled_robot/models/aws_robomaker_residential_PortraitB_01/meshes\n'}
[2.037743] (two_wheeled_robot) StdoutLine: {'line': b'-- Up-to-date: /home/greyflon/lab_2025/install/two_wheeled_robot/share/two_wheeled_robot/models/aws_robomaker_residential_PortraitB_01/meshes/aws_PortraitB_01_visual.DAE\n'}
[2.037815] (two_wheeled_robot) StdoutLine: {'line': b'-- Up-to-date: /home/greyflon/lab_2025/install/two_wheeled_robot/share/two_wheeled_robot/models/aws_robomaker_residential_PortraitB_01/meshes/aws_PortraitB_01_collision.DAE\n'}
[2.037938] (two_wheeled_robot) StdoutLine: {'line': b'-- Up-to-date: /home/greyflon/lab_2025/install/two_wheeled_robot/share/two_wheeled_robot/models/aws_robomaker_residential_PortraitB_01/materials\n'}
[2.038039] (two_wheeled_robot) StdoutLine: {'line': b'-- Up-to-date: /home/greyflon/lab_2025/install/two_wheeled_robot/share/two_wheeled_robot/models/aws_robomaker_residential_PortraitB_01/materials/textures\n'}
[2.038162] (two_wheeled_robot) StdoutLine: {'line': b'-- Up-to-date: /home/greyflon/lab_2025/install/two_wheeled_robot/share/two_wheeled_robot/models/aws_robomaker_residential_PortraitB_01/materials/textures/aws_PortraitB_01.png\n'}
[2.038224] (two_wheeled_robot) StdoutLine: {'line': b'-- Up-to-date: /home/greyflon/lab_2025/install/two_wheeled_robot/share/two_wheeled_robot/models/aws_robomaker_residential_PortraitB_01/materials/textures/PortraitB_01.jpg\n'}
[2.038294] (two_wheeled_robot) StdoutLine: {'line': b'-- Up-to-date: /home/greyflon/lab_2025/install/two_wheeled_robot/share/two_wheeled_robot/models/aws_robomaker_residential_PortraitB_01/materials/textures/aws_PortraitB_02.png\n'}
[2.038425] (two_wheeled_robot) StdoutLine: {'line': b'-- Up-to-date: /home/greyflon/lab_2025/install/two_wheeled_robot/share/two_wheeled_robot/models/aws_robomaker_residential_PortraitB_01/model.sdf\n'}
[2.038488] (two_wheeled_robot) StdoutLine: {'line': b'-- Up-to-date: /home/greyflon/lab_2025/install/two_wheeled_robot/share/two_wheeled_robot/models/oak_tree\n'}
[2.038607] (two_wheeled_robot) StdoutLine: {'line': b'-- Up-to-date: /home/greyflon/lab_2025/install/two_wheeled_robot/share/two_wheeled_robot/models/oak_tree/model.config\n'}
[2.038669] (two_wheeled_robot) StdoutLine: {'line': b'-- Up-to-date: /home/greyflon/lab_2025/install/two_wheeled_robot/share/two_wheeled_robot/models/oak_tree/meshes\n'}
[2.038731] (two_wheeled_robot) StdoutLine: {'line': b'-- Up-to-date: /home/greyflon/lab_2025/install/two_wheeled_robot/share/two_wheeled_robot/models/oak_tree/meshes/oak_tree.dae\n'}
[2.038832] (two_wheeled_robot) StdoutLine: {'line': b'-- Up-to-date: /home/greyflon/lab_2025/install/two_wheeled_robot/share/two_wheeled_robot/models/oak_tree/materials\n'}
[2.038893] (two_wheeled_robot) StdoutLine: {'line': b'-- Up-to-date: /home/greyflon/lab_2025/install/two_wheeled_robot/share/two_wheeled_robot/models/oak_tree/materials/scripts\n'}
[2.039020] (two_wheeled_robot) StdoutLine: {'line': b'-- Up-to-date: /home/greyflon/lab_2025/install/two_wheeled_robot/share/two_wheeled_robot/models/oak_tree/materials/scripts/oak_tree.material\n'}
[2.039108] (two_wheeled_robot) StdoutLine: {'line': b'-- Up-to-date: /home/greyflon/lab_2025/install/two_wheeled_robot/share/two_wheeled_robot/models/oak_tree/materials/scripts/caster_vp.glsl\n'}
[2.039223] (two_wheeled_robot) StdoutLine: {'line': b'-- Up-to-date: /home/greyflon/lab_2025/install/two_wheeled_robot/share/two_wheeled_robot/models/oak_tree/materials/scripts/caster_fp.glsl\n'}
[2.039303] (two_wheeled_robot) StdoutLine: {'line': b'-- Up-to-date: /home/greyflon/lab_2025/install/two_wheeled_robot/share/two_wheeled_robot/models/oak_tree/materials/textures\n'}
[2.039377] (two_wheeled_robot) StdoutLine: {'line': b'-- Up-to-date: /home/greyflon/lab_2025/install/two_wheeled_robot/share/two_wheeled_robot/models/oak_tree/materials/textures/branch_diffuse.png\n'}
[2.039496] (two_wheeled_robot) StdoutLine: {'line': b'-- Up-to-date: /home/greyflon/lab_2025/install/two_wheeled_robot/share/two_wheeled_robot/models/oak_tree/materials/textures/bark_diffuse.png\n'}
[2.039559] (two_wheeled_robot) StdoutLine: {'line': b'-- Up-to-date: /home/greyflon/lab_2025/install/two_wheeled_robot/share/two_wheeled_robot/models/oak_tree/model.sdf\n'}
[2.039657] (two_wheeled_robot) StdoutLine: {'line': b'-- Up-to-date: /home/greyflon/lab_2025/install/two_wheeled_robot/share/two_wheeled_robot/models/aws_robomaker_residential_CoffeeTable_01\n'}
[2.039718] (two_wheeled_robot) StdoutLine: {'line': b'-- Up-to-date: /home/greyflon/lab_2025/install/two_wheeled_robot/share/two_wheeled_robot/models/aws_robomaker_residential_CoffeeTable_01/model.config\n'}
[2.039855] (two_wheeled_robot) StdoutLine: {'line': b'-- Up-to-date: /home/greyflon/lab_2025/install/two_wheeled_robot/share/two_wheeled_robot/models/aws_robomaker_residential_CoffeeTable_01/meshes\n'}
[2.039917] (two_wheeled_robot) StdoutLine: {'line': b'-- Up-to-date: /home/greyflon/lab_2025/install/two_wheeled_robot/share/two_wheeled_robot/models/aws_robomaker_residential_CoffeeTable_01/meshes/aws_CoffeeTable_01_visual.DAE\n'}
[2.039978] (two_wheeled_robot) StdoutLine: {'line': b'-- Up-to-date: /home/greyflon/lab_2025/install/two_wheeled_robot/share/two_wheeled_robot/models/aws_robomaker_residential_CoffeeTable_01/meshes/aws_CoffeeTable_01_collision.DAE\n'}
[2.040094] (two_wheeled_robot) StdoutLine: {'line': b'-- Up-to-date: /home/greyflon/lab_2025/install/two_wheeled_robot/share/two_wheeled_robot/models/aws_robomaker_residential_CoffeeTable_01/materials\n'}
[2.040158] (two_wheeled_robot) StdoutLine: {'line': b'-- Up-to-date: /home/greyflon/lab_2025/install/two_wheeled_robot/share/two_wheeled_robot/models/aws_robomaker_residential_CoffeeTable_01/materials/textures\n'}
[2.040258] (two_wheeled_robot) StdoutLine: {'line': b'-- Up-to-date: /home/greyflon/lab_2025/install/two_wheeled_robot/share/two_wheeled_robot/models/aws_robomaker_residential_CoffeeTable_01/materials/textures/aws_CoffeeTable_01.png\n'}
[2.040348] (two_wheeled_robot) StdoutLine: {'line': b'-- Up-to-date: /home/greyflon/lab_2025/install/two_wheeled_robot/share/two_wheeled_robot/models/aws_robomaker_residential_CoffeeTable_01/model.sdf\n'}
[2.040456] (two_wheeled_robot) StdoutLine: {'line': b'-- Up-to-date: /home/greyflon/lab_2025/install/two_wheeled_robot/share/two_wheeled_robot/models/hangout_chair\n'}
[2.040591] (two_wheeled_robot) StdoutLine: {'line': b'-- Up-to-date: /home/greyflon/lab_2025/install/two_wheeled_robot/share/two_wheeled_robot/models/hangout_chair/model.config\n'}
[2.040692] (two_wheeled_robot) StdoutLine: {'line': b'-- Up-to-date: /home/greyflon/lab_2025/install/two_wheeled_robot/share/two_wheeled_robot/models/hangout_chair/meshes\n'}
[2.040757] (two_wheeled_robot) StdoutLine: {'line': b'-- Up-to-date: /home/greyflon/lab_2025/install/two_wheeled_robot/share/two_wheeled_robot/models/hangout_chair/meshes/hangout_chair.obj\n'}
[2.040880] (two_wheeled_robot) StdoutLine: {'line': b'-- Up-to-date: /home/greyflon/lab_2025/install/two_wheeled_robot/share/two_wheeled_robot/models/hangout_chair/meshes/hangout_chair.mtl\n'}
[2.040943] (two_wheeled_robot) StdoutLine: {'line': b'-- Up-to-date: /home/greyflon/lab_2025/install/two_wheeled_robot/share/two_wheeled_robot/models/hangout_chair/materials\n'}
[2.041054] (two_wheeled_robot) StdoutLine: {'line': b'-- Up-to-date: /home/greyflon/lab_2025/install/two_wheeled_robot/share/two_wheeled_robot/models/hangout_chair/materials/textures\n'}
[2.041116] (two_wheeled_robot) StdoutLine: {'line': b'-- Up-to-date: /home/greyflon/lab_2025/install/two_wheeled_robot/share/two_wheeled_robot/models/hangout_chair/materials/textures/hangout_chair.png\n'}
[2.041251] (two_wheeled_robot) StdoutLine: {'line': b'-- Up-to-date: /home/greyflon/lab_2025/install/two_wheeled_robot/share/two_wheeled_robot/models/hangout_chair/model.sdf\n'}
[2.041383] (two_wheeled_robot) StdoutLine: {'line': b'-- Up-to-date: /home/greyflon/lab_2025/install/two_wheeled_robot/share/two_wheeled_robot/models/conference_table_small\n'}
[2.041451] (two_wheeled_robot) StdoutLine: {'line': b'-- Up-to-date: /home/greyflon/lab_2025/install/two_wheeled_robot/share/two_wheeled_robot/models/conference_table_small/model.config\n'}
[2.041569] (two_wheeled_robot) StdoutLine: {'line': b'-- Up-to-date: /home/greyflon/lab_2025/install/two_wheeled_robot/share/two_wheeled_robot/models/conference_table_small/meshes\n'}
[2.041671] (two_wheeled_robot) StdoutLine: {'line': b'-- Up-to-date: /home/greyflon/lab_2025/install/two_wheeled_robot/share/two_wheeled_robot/models/conference_table_small/meshes/conference_table_small.mtl\n'}
[2.041794] (two_wheeled_robot) StdoutLine: {'line': b'-- Up-to-date: /home/greyflon/lab_2025/install/two_wheeled_robot/share/two_wheeled_robot/models/conference_table_small/meshes/conference_table_small.obj\n'}
[2.041907] (two_wheeled_robot) StdoutLine: {'line': b'-- Up-to-date: /home/greyflon/lab_2025/install/two_wheeled_robot/share/two_wheeled_robot/models/conference_table_small/materials\n'}
[2.042039] (two_wheeled_robot) StdoutLine: {'line': b'-- Up-to-date: /home/greyflon/lab_2025/install/two_wheeled_robot/share/two_wheeled_robot/models/conference_table_small/materials/textures\n'}
[2.042139] (two_wheeled_robot) StdoutLine: {'line': b'-- Up-to-date: /home/greyflon/lab_2025/install/two_wheeled_robot/share/two_wheeled_robot/models/conference_table_small/materials/textures/conference_table.png\n'}
[2.042291] (two_wheeled_robot) StdoutLine: {'line': b'-- Up-to-date: /home/greyflon/lab_2025/install/two_wheeled_robot/share/two_wheeled_robot/models/conference_table_small/model.sdf\n'}
[2.042398] (two_wheeled_robot) StdoutLine: {'line': b'-- Up-to-date: /home/greyflon/lab_2025/install/two_wheeled_robot/share/two_wheeled_robot/models/mini_fridge\n'}
[2.042505] (two_wheeled_robot) StdoutLine: {'line': b'-- Up-to-date: /home/greyflon/lab_2025/install/two_wheeled_robot/share/two_wheeled_robot/models/mini_fridge/model.config\n'}
[2.042656] (two_wheeled_robot) StdoutLine: {'line': b'-- Up-to-date: /home/greyflon/lab_2025/install/two_wheeled_robot/share/two_wheeled_robot/models/mini_fridge/meshes\n'}
[2.042795] (two_wheeled_robot) StdoutLine: {'line': b'-- Up-to-date: /home/greyflon/lab_2025/install/two_wheeled_robot/share/two_wheeled_robot/models/mini_fridge/meshes/mini_fridge.obj\n'}
[2.042933] (two_wheeled_robot) StdoutLine: {'line': b'-- Up-to-date: /home/greyflon/lab_2025/install/two_wheeled_robot/share/two_wheeled_robot/models/mini_fridge/meshes/mini_fridge.mtl\n'}
[2.043068] (two_wheeled_robot) StdoutLine: {'line': b'-- Up-to-date: /home/greyflon/lab_2025/install/two_wheeled_robot/share/two_wheeled_robot/models/mini_fridge/materials\n'}
[2.043177] (two_wheeled_robot) StdoutLine: {'line': b'-- Up-to-date: /home/greyflon/lab_2025/install/two_wheeled_robot/share/two_wheeled_robot/models/mini_fridge/materials/textures\n'}
[2.043334] (two_wheeled_robot) StdoutLine: {'line': b'-- Up-to-date: /home/greyflon/lab_2025/install/two_wheeled_robot/share/two_wheeled_robot/models/mini_fridge/materials/textures/mini_fridge.png\n'}
[2.043422] (two_wheeled_robot) StdoutLine: {'line': b'-- Up-to-date: /home/greyflon/lab_2025/install/two_wheeled_robot/share/two_wheeled_robot/models/mini_fridge/model.sdf\n'}
[2.043552] (two_wheeled_robot) StdoutLine: {'line': b'-- Up-to-date: /home/greyflon/lab_2025/install/two_wheeled_robot/share/two_wheeled_robot/models/aws_robomaker_warehouse_Lamp_01\n'}
[2.043666] (two_wheeled_robot) StdoutLine: {'line': b'-- Up-to-date: /home/greyflon/lab_2025/install/two_wheeled_robot/share/two_wheeled_robot/models/aws_robomaker_warehouse_Lamp_01/model.config\n'}
[2.043728] (two_wheeled_robot) StdoutLine: {'line': b'-- Up-to-date: /home/greyflon/lab_2025/install/two_wheeled_robot/share/two_wheeled_robot/models/aws_robomaker_warehouse_Lamp_01/meshes\n'}
[2.043853] (two_wheeled_robot) StdoutLine: {'line': b'-- Up-to-date: /home/greyflon/lab_2025/install/two_wheeled_robot/share/two_wheeled_robot/models/aws_robomaker_warehouse_Lamp_01/meshes/aws_robomaker_warehouse_Lamp_01_visual.DAE\n'}
[2.043916] (two_wheeled_robot) StdoutLine: {'line': b'-- Up-to-date: /home/greyflon/lab_2025/install/two_wheeled_robot/share/two_wheeled_robot/models/aws_robomaker_warehouse_Lamp_01/meshes/aws_robomaker_warehouse_Lamp_01_collision.DAE\n'}
[2.043977] (two_wheeled_robot) StdoutLine: {'line': b'-- Up-to-date: /home/greyflon/lab_2025/install/two_wheeled_robot/share/two_wheeled_robot/models/aws_robomaker_warehouse_Lamp_01/materials\n'}
[2.044089] (two_wheeled_robot) StdoutLine: {'line': b'-- Up-to-date: /home/greyflon/lab_2025/install/two_wheeled_robot/share/two_wheeled_robot/models/aws_robomaker_warehouse_Lamp_01/materials/textures\n'}
[2.044151] (two_wheeled_robot) StdoutLine: {'line': b'-- Up-to-date: /home/greyflon/lab_2025/install/two_wheeled_robot/share/two_wheeled_robot/models/aws_robomaker_warehouse_Lamp_01/materials/textures/aws_robomaker_warehouse_Lamp_01.png\n'}
[2.044214] (two_wheeled_robot) StdoutLine: {'line': b'-- Up-to-date: /home/greyflon/lab_2025/install/two_wheeled_robot/share/two_wheeled_robot/models/aws_robomaker_warehouse_Lamp_01/model.sdf\n'}
[2.044352] (two_wheeled_robot) StdoutLine: {'line': b'-- Up-to-date: /home/greyflon/lab_2025/install/two_wheeled_robot/share/two_wheeled_robot/models/box_target_green\n'}
[2.044422] (two_wheeled_robot) StdoutLine: {'line': b'-- Up-to-date: /home/greyflon/lab_2025/install/two_wheeled_robot/share/two_wheeled_robot/models/box_target_green/model.config\n'}
[2.044521] (two_wheeled_robot) StdoutLine: {'line': b'-- Up-to-date: /home/greyflon/lab_2025/install/two_wheeled_robot/share/two_wheeled_robot/models/box_target_green/meshes\n'}
[2.044583] (two_wheeled_robot) StdoutLine: {'line': b'-- Up-to-date: /home/greyflon/lab_2025/install/two_wheeled_robot/share/two_wheeled_robot/models/box_target_green/meshes/mesh.dae\n'}
[2.044647] (two_wheeled_robot) StdoutLine: {'line': b'-- Up-to-date: /home/greyflon/lab_2025/install/two_wheeled_robot/share/two_wheeled_robot/models/box_target_green/materials\n'}
[2.044769] (two_wheeled_robot) StdoutLine: {'line': b'-- Up-to-date: /home/greyflon/lab_2025/install/two_wheeled_robot/share/two_wheeled_robot/models/box_target_green/materials/textures\n'}
[2.044830] (two_wheeled_robot) StdoutLine: {'line': b'-- Up-to-date: /home/greyflon/lab_2025/install/two_wheeled_robot/share/two_wheeled_robot/models/box_target_green/materials/textures/start_pad.png\n'}
[2.044952] (two_wheeled_robot) StdoutLine: {'line': b'-- Up-to-date: /home/greyflon/lab_2025/install/two_wheeled_robot/share/two_wheeled_robot/models/box_target_green/model.sdf\n'}
[2.045017] (two_wheeled_robot) StdoutLine: {'line': b'-- Up-to-date: /home/greyflon/lab_2025/install/two_wheeled_robot/share/two_wheeled_robot/models/aws_robomaker_hospital_hospitalsign_01\n'}
[2.045125] (two_wheeled_robot) StdoutLine: {'line': b'-- Up-to-date: /home/greyflon/lab_2025/install/two_wheeled_robot/share/two_wheeled_robot/models/aws_robomaker_hospital_hospitalsign_01/model.config\n'}
[2.045231] (two_wheeled_robot) StdoutLine: {'line': b'-- Up-to-date: /home/greyflon/lab_2025/install/two_wheeled_robot/share/two_wheeled_robot/models/aws_robomaker_hospital_hospitalsign_01/meshes\n'}
[2.045359] (two_wheeled_robot) StdoutLine: {'line': b'-- Up-to-date: /home/greyflon/lab_2025/install/two_wheeled_robot/share/two_wheeled_robot/models/aws_robomaker_hospital_hospitalsign_01/meshes/aws_robomaker_hospital_hospitalsign_01_visual.dae\n'}
[2.045574] (two_wheeled_robot) StdoutLine: {'line': b'-- Up-to-date: /home/greyflon/lab_2025/install/two_wheeled_robot/share/two_wheeled_robot/models/aws_robomaker_hospital_hospitalsign_01/meshes/aws_robomaker_hospital_hospitalsign_01_normal.png\n'}
[2.045684] (two_wheeled_robot) StdoutLine: {'line': b'-- Up-to-date: /home/greyflon/lab_2025/install/two_wheeled_robot/share/two_wheeled_robot/models/aws_robomaker_hospital_hospitalsign_01/meshes/aws_robomaker_hospital_hospitalsign_01.png\n'}
[2.045783] (two_wheeled_robot) StdoutLine: {'line': b'-- Up-to-date: /home/greyflon/lab_2025/install/two_wheeled_robot/share/two_wheeled_robot/models/aws_robomaker_hospital_hospitalsign_01/meshes/aws_robomaker_hospital_hospitalsign_01_collision.dae\n'}
[2.045844] (two_wheeled_robot) StdoutLine: {'line': b'-- Up-to-date: /home/greyflon/lab_2025/install/two_wheeled_robot/share/two_wheeled_robot/models/aws_robomaker_hospital_hospitalsign_01/model.sdf\n'}
[2.045907] (two_wheeled_robot) StdoutLine: {'line': b'-- Up-to-date: /home/greyflon/lab_2025/install/two_wheeled_robot/share/two_wheeled_robot/models/aws_robomaker_residential_ReadingDesk_01\n'}
[2.046020] (two_wheeled_robot) StdoutLine: {'line': b'-- Up-to-date: /home/greyflon/lab_2025/install/two_wheeled_robot/share/two_wheeled_robot/models/aws_robomaker_residential_ReadingDesk_01/model.config\n'}
[2.046082] (two_wheeled_robot) StdoutLine: {'line': b'-- Up-to-date: /home/greyflon/lab_2025/install/two_wheeled_robot/share/two_wheeled_robot/models/aws_robomaker_residential_ReadingDesk_01/meshes\n'}
[2.046209] (two_wheeled_robot) StdoutLine: {'line': b'-- Up-to-date: /home/greyflon/lab_2025/install/two_wheeled_robot/share/two_wheeled_robot/models/aws_robomaker_residential_ReadingDesk_01/meshes/aws_ReadingDesk_01_collision.DAE\n'}
[2.046325] (two_wheeled_robot) StdoutLine: {'line': b'-- Up-to-date: /home/greyflon/lab_2025/install/two_wheeled_robot/share/two_wheeled_robot/models/aws_robomaker_residential_ReadingDesk_01/meshes/aws_ReadingDesk_01_visual.DAE\n'}
[2.046452] (two_wheeled_robot) StdoutLine: {'line': b'-- Up-to-date: /home/greyflon/lab_2025/install/two_wheeled_robot/share/two_wheeled_robot/models/aws_robomaker_residential_ReadingDesk_01/materials\n'}
[2.046517] (two_wheeled_robot) StdoutLine: {'line': b'-- Up-to-date: /home/greyflon/lab_2025/install/two_wheeled_robot/share/two_wheeled_robot/models/aws_robomaker_residential_ReadingDesk_01/materials/textures\n'}
[2.046631] (two_wheeled_robot) StdoutLine: {'line': b'-- Up-to-date: /home/greyflon/lab_2025/install/two_wheeled_robot/share/two_wheeled_robot/models/aws_robomaker_residential_ReadingDesk_01/materials/textures/aws_ReadingDesk_01.png\n'}
[2.046751] (two_wheeled_robot) StdoutLine: {'line': b'-- Up-to-date: /home/greyflon/lab_2025/install/two_wheeled_robot/share/two_wheeled_robot/models/aws_robomaker_residential_ReadingDesk_01/model.sdf\n'}
[2.046846] (two_wheeled_robot) StdoutLine: {'line': b'-- Up-to-date: /home/greyflon/lab_2025/install/two_wheeled_robot/share/two_wheeled_robot/models/office_box\n'}
[2.046959] (two_wheeled_robot) StdoutLine: {'line': b'-- Up-to-date: /home/greyflon/lab_2025/install/two_wheeled_robot/share/two_wheeled_robot/models/office_box/model.config\n'}
[2.047075] (two_wheeled_robot) StdoutLine: {'line': b'-- Up-to-date: /home/greyflon/lab_2025/install/two_wheeled_robot/share/two_wheeled_robot/models/office_box/meshes\n'}
[2.047138] (two_wheeled_robot) StdoutLine: {'line': b'-- Up-to-date: /home/greyflon/lab_2025/install/two_wheeled_robot/share/two_wheeled_robot/models/office_box/meshes/office_box.dae\n'}
[2.047251] (two_wheeled_robot) StdoutLine: {'line': b'-- Up-to-date: /home/greyflon/lab_2025/install/two_wheeled_robot/share/two_wheeled_robot/models/office_box/materials\n'}
[2.047329] (two_wheeled_robot) StdoutLine: {'line': b'-- Up-to-date: /home/greyflon/lab_2025/install/two_wheeled_robot/share/two_wheeled_robot/models/office_box/materials/textures\n'}
[2.047460] (two_wheeled_robot) StdoutLine: {'line': b'-- Up-to-date: /home/greyflon/lab_2025/install/two_wheeled_robot/share/two_wheeled_robot/models/office_box/materials/textures/office_box.png\n'}
[2.047531] (two_wheeled_robot) StdoutLine: {'line': b'-- Up-to-date: /home/greyflon/lab_2025/install/two_wheeled_robot/share/two_wheeled_robot/models/office_box/model.sdf\n'}
[2.047626] (two_wheeled_robot) StdoutLine: {'line': b'-- Up-to-date: /home/greyflon/lab_2025/install/two_wheeled_robot/share/two_wheeled_robot/models/person_standing\n'}
[2.047690] (two_wheeled_robot) StdoutLine: {'line': b'-- Up-to-date: /home/greyflon/lab_2025/install/two_wheeled_robot/share/two_wheeled_robot/models/person_standing/model.config\n'}
[2.047749] (two_wheeled_robot) StdoutLine: {'line': b'-- Up-to-date: /home/greyflon/lab_2025/install/two_wheeled_robot/share/two_wheeled_robot/models/person_standing/meshes\n'}
[2.047885] (two_wheeled_robot) StdoutLine: {'line': b'-- Up-to-date: /home/greyflon/lab_2025/install/two_wheeled_robot/share/two_wheeled_robot/models/person_standing/meshes/standing.dae\n'}
[2.048019] (two_wheeled_robot) StdoutLine: {'line': b'-- Up-to-date: /home/greyflon/lab_2025/install/two_wheeled_robot/share/two_wheeled_robot/models/person_standing/materials\n'}
[2.048081] (two_wheeled_robot) StdoutLine: {'line': b'-- Up-to-date: /home/greyflon/lab_2025/install/two_wheeled_robot/share/two_wheeled_robot/models/person_standing/materials/textures\n'}
[2.048192] (two_wheeled_robot) StdoutLine: {'line': b'-- Up-to-date: /home/greyflon/lab_2025/install/two_wheeled_robot/share/two_wheeled_robot/models/person_standing/materials/textures/eyebrow001-unmodified.png\n'}
[2.048254] (two_wheeled_robot) StdoutLine: {'line': b'-- Up-to-date: /home/greyflon/lab_2025/install/two_wheeled_robot/share/two_wheeled_robot/models/person_standing/materials/textures/male02_diffuse_black-unmodified.png\n'}
[2.048333] (two_wheeled_robot) StdoutLine: {'line': b'-- Up-to-date: /home/greyflon/lab_2025/install/two_wheeled_robot/share/two_wheeled_robot/models/person_standing/materials/textures/green_eye.png\n'}
[2.048457] (two_wheeled_robot) StdoutLine: {'line': b'-- Up-to-date: /home/greyflon/lab_2025/install/two_wheeled_robot/share/two_wheeled_robot/models/person_standing/materials/textures/jeans_basic_diffuse.png\n'}
[2.048519] (two_wheeled_robot) StdoutLine: {'line': b'-- Up-to-date: /home/greyflon/lab_2025/install/two_wheeled_robot/share/two_wheeled_robot/models/person_standing/materials/textures/eyebrow001.png\n'}
[2.048614] (two_wheeled_robot) StdoutLine: {'line': b'-- Up-to-date: /home/greyflon/lab_2025/install/two_wheeled_robot/share/two_wheeled_robot/models/person_standing/materials/textures/tshirt02_normals.png\n'}
[2.048675] (two_wheeled_robot) StdoutLine: {'line': b'-- Up-to-date: /home/greyflon/lab_2025/install/two_wheeled_robot/share/two_wheeled_robot/models/person_standing/materials/textures/jeans01_normals.png\n'}
[2.048735] (two_wheeled_robot) StdoutLine: {'line': b'-- Up-to-date: /home/greyflon/lab_2025/install/two_wheeled_robot/share/two_wheeled_robot/models/person_standing/materials/textures/male02_diffuse_black.png\n'}
[2.048854] (two_wheeled_robot) StdoutLine: {'line': b'-- Up-to-date: /home/greyflon/lab_2025/install/two_wheeled_robot/share/two_wheeled_robot/models/person_standing/materials/textures/young_lightskinned_male_diffuse.png\n'}
[2.048916] (two_wheeled_robot) StdoutLine: {'line': b'-- Up-to-date: /home/greyflon/lab_2025/install/two_wheeled_robot/share/two_wheeled_robot/models/person_standing/materials/textures/teeth.png\n'}
[2.048975] (two_wheeled_robot) StdoutLine: {'line': b'-- Up-to-date: /home/greyflon/lab_2025/install/two_wheeled_robot/share/two_wheeled_robot/models/person_standing/materials/textures/tshirt02_texture.png\n'}
[2.049090] (two_wheeled_robot) StdoutLine: {'line': b'-- Up-to-date: /home/greyflon/lab_2025/install/two_wheeled_robot/share/two_wheeled_robot/models/person_standing/model.sdf\n'}
[2.049151] (two_wheeled_robot) StdoutLine: {'line': b'-- Up-to-date: /home/greyflon/lab_2025/install/two_wheeled_robot/share/two_wheeled_robot/models/marker11\n'}
[2.049252] (two_wheeled_robot) StdoutLine: {'line': b'-- Up-to-date: /home/greyflon/lab_2025/install/two_wheeled_robot/share/two_wheeled_robot/models/marker11/model.config~.xml\n'}
[2.049341] (two_wheeled_robot) StdoutLine: {'line': b'-- Up-to-date: /home/greyflon/lab_2025/install/two_wheeled_robot/share/two_wheeled_robot/models/marker11/model.sdf~\n'}
[2.049475] (two_wheeled_robot) StdoutLine: {'line': b'-- Up-to-date: /home/greyflon/lab_2025/install/two_wheeled_robot/share/two_wheeled_robot/models/marker11/model-1_4.sdf\n'}
[2.049542] (two_wheeled_robot) StdoutLine: {'line': b'-- Up-to-date: /home/greyflon/lab_2025/install/two_wheeled_robot/share/two_wheeled_robot/models/marker11/model.config\n'}
[2.049602] (two_wheeled_robot) StdoutLine: {'line': b'-- Up-to-date: /home/greyflon/lab_2025/install/two_wheeled_robot/share/two_wheeled_robot/models/marker11/meshes\n'}
[2.049666] (two_wheeled_robot) StdoutLine: {'line': b'-- Up-to-date: /home/greyflon/lab_2025/install/two_wheeled_robot/share/two_wheeled_robot/models/marker11/meshes/Marker0.dae\n'}
[2.049789] (two_wheeled_robot) StdoutLine: {'line': b'-- Up-to-date: /home/greyflon/lab_2025/install/two_wheeled_robot/share/two_wheeled_robot/models/marker11/materials\n'}
[2.049851] (two_wheeled_robot) StdoutLine: {'line': b'-- Up-to-date: /home/greyflon/lab_2025/install/two_wheeled_robot/share/two_wheeled_robot/models/marker11/materials/textures\n'}
[2.050042] (two_wheeled_robot) StdoutLine: {'line': b'-- Up-to-date: /home/greyflon/lab_2025/install/two_wheeled_robot/share/two_wheeled_robot/models/marker11/materials/textures/BKP_Marker0.png\n'}
[2.050119] (two_wheeled_robot) StdoutLine: {'line': b'-- Up-to-date: /home/greyflon/lab_2025/install/two_wheeled_robot/share/two_wheeled_robot/models/marker11/materials/textures/Marker0.png\n'}
[2.050333] (two_wheeled_robot) StdoutLine: {'line': b'-- Up-to-date: /home/greyflon/lab_2025/install/two_wheeled_robot/share/two_wheeled_robot/models/marker11/model.sdf\n'}
[2.050527] (two_wheeled_robot) StdoutLine: {'line': b'-- Up-to-date: /home/greyflon/lab_2025/install/two_wheeled_robot/share/two_wheeled_robot/models/marker11/model-1_5.sdf~\n'}
[2.050609] (two_wheeled_robot) StdoutLine: {'line': b'-- Up-to-date: /home/greyflon/lab_2025/install/two_wheeled_robot/share/two_wheeled_robot/models/marker11/model-1_5.sdf\n'}
[2.050678] (two_wheeled_robot) StdoutLine: {'line': b'-- Up-to-date: /home/greyflon/lab_2025/install/two_wheeled_robot/share/two_wheeled_robot/models/marker11/model-1_4.sdf~\n'}
[2.051025] (two_wheeled_robot) StdoutLine: {'line': b'-- Up-to-date: /home/greyflon/lab_2025/install/two_wheeled_robot/share/two_wheeled_robot/models/yellow_target\n'}
[2.051120] (two_wheeled_robot) StdoutLine: {'line': b'-- Up-to-date: /home/greyflon/lab_2025/install/two_wheeled_robot/share/two_wheeled_robot/models/yellow_target/model.config\n'}
[2.051397] (two_wheeled_robot) StdoutLine: {'line': b'-- Up-to-date: /home/greyflon/lab_2025/install/two_wheeled_robot/share/two_wheeled_robot/models/yellow_target/meshes\n'}
[2.051830] (two_wheeled_robot) StdoutLine: {'line': b'-- Up-to-date: /home/greyflon/lab_2025/install/two_wheeled_robot/share/two_wheeled_robot/models/yellow_target/meshes/yellow_target.dae\n'}
[2.051899] (two_wheeled_robot) StdoutLine: {'line': b'-- Up-to-date: /home/greyflon/lab_2025/install/two_wheeled_robot/share/two_wheeled_robot/models/yellow_target/model.sdf\n'}
[2.053008] (two_wheeled_robot) StdoutLine: {'line': b'-- Up-to-date: /home/greyflon/lab_2025/install/two_wheeled_robot/share/two_wheeled_robot/models/coffee_maker\n'}
[2.053372] (two_wheeled_robot) StdoutLine: {'line': b'-- Up-to-date: /home/greyflon/lab_2025/install/two_wheeled_robot/share/two_wheeled_robot/models/coffee_maker/model.config\n'}
[2.053441] (two_wheeled_robot) StdoutLine: {'line': b'-- Up-to-date: /home/greyflon/lab_2025/install/two_wheeled_robot/share/two_wheeled_robot/models/coffee_maker/meshes\n'}
[2.053504] (two_wheeled_robot) StdoutLine: {'line': b'-- Up-to-date: /home/greyflon/lab_2025/install/two_wheeled_robot/share/two_wheeled_robot/models/coffee_maker/meshes/coffee_maker.mtl\n'}
[2.053795] (two_wheeled_robot) StdoutLine: {'line': b'-- Up-to-date: /home/greyflon/lab_2025/install/two_wheeled_robot/share/two_wheeled_robot/models/coffee_maker/meshes/coffee_maker.obj\n'}
[2.053859] (two_wheeled_robot) StdoutLine: {'line': b'-- Up-to-date: /home/greyflon/lab_2025/install/two_wheeled_robot/share/two_wheeled_robot/models/coffee_maker/materials\n'}
[2.053923] (two_wheeled_robot) StdoutLine: {'line': b'-- Up-to-date: /home/greyflon/lab_2025/install/two_wheeled_robot/share/two_wheeled_robot/models/coffee_maker/materials/textures\n'}
[2.053986] (two_wheeled_robot) StdoutLine: {'line': b'-- Up-to-date: /home/greyflon/lab_2025/install/two_wheeled_robot/share/two_wheeled_robot/models/coffee_maker/materials/textures/coffee_maker.png\n'}
[2.054050] (two_wheeled_robot) StdoutLine: {'line': b'-- Up-to-date: /home/greyflon/lab_2025/install/two_wheeled_robot/share/two_wheeled_robot/models/coffee_maker/model.sdf\n'}
[2.054113] (two_wheeled_robot) StdoutLine: {'line': b'-- Up-to-date: /home/greyflon/lab_2025/install/two_wheeled_robot/share/two_wheeled_robot/models/two_wheeled_robot_description\n'}
[2.054176] (two_wheeled_robot) StdoutLine: {'line': b'-- Up-to-date: /home/greyflon/lab_2025/install/two_wheeled_robot/share/two_wheeled_robot/models/two_wheeled_robot_description/model.config\n'}
[2.054238] (two_wheeled_robot) StdoutLine: {'line': b'-- Up-to-date: /home/greyflon/lab_2025/install/two_wheeled_robot/share/two_wheeled_robot/models/two_wheeled_robot_description/meshes\n'}
[2.054313] (two_wheeled_robot) StdoutLine: {'line': b'-- Up-to-date: /home/greyflon/lab_2025/install/two_wheeled_robot/share/two_wheeled_robot/models/two_wheeled_robot_description/meshes/elbow.stl\n'}
[2.054384] (two_wheeled_robot) StdoutLine: {'line': b'-- Up-to-date: /home/greyflon/lab_2025/install/two_wheeled_robot/share/two_wheeled_robot/models/two_wheeled_robot_description/meshes/bicep.stl\n'}
[2.054447] (two_wheeled_robot) StdoutLine: {'line': b'-- Up-to-date: /home/greyflon/lab_2025/install/two_wheeled_robot/share/two_wheeled_robot/models/two_wheeled_robot_description/meshes/robot_base.stl\n'}
[2.054511] (two_wheeled_robot) StdoutLine: {'line': b'-- Up-to-date: /home/greyflon/lab_2025/install/two_wheeled_robot/share/two_wheeled_robot/models/two_wheeled_robot_description/meshes/wrist.stl\n'}
[2.054575] (two_wheeled_robot) StdoutLine: {'line': b'-- Up-to-date: /home/greyflon/lab_2025/install/two_wheeled_robot/share/two_wheeled_robot/models/two_wheeled_robot_description/meshes/wheel.stl\n'}
[2.054638] (two_wheeled_robot) StdoutLine: {'line': b'-- Up-to-date: /home/greyflon/lab_2025/install/two_wheeled_robot/share/two_wheeled_robot/models/two_wheeled_robot_description/meshes/arm_base.stl\n'}
[2.054726] (two_wheeled_robot) StdoutLine: {'line': b'-- Up-to-date: /home/greyflon/lab_2025/install/two_wheeled_robot/share/two_wheeled_robot/models/two_wheeled_robot_description/model.sdf\n'}
[2.054790] (two_wheeled_robot) StdoutLine: {'line': b'-- Up-to-date: /home/greyflon/lab_2025/install/two_wheeled_robot/share/two_wheeled_robot/models/grey_wall\n'}
[2.054854] (two_wheeled_robot) StdoutLine: {'line': b'-- Up-to-date: /home/greyflon/lab_2025/install/two_wheeled_robot/share/two_wheeled_robot/models/grey_wall/model-1_4.sdf\n'}
[2.055205] (two_wheeled_robot) StdoutLine: {'line': b'-- Up-to-date: /home/greyflon/lab_2025/install/two_wheeled_robot/share/two_wheeled_robot/models/grey_wall/model.config\n'}
[2.055275] (two_wheeled_robot) StdoutLine: {'line': b'-- Up-to-date: /home/greyflon/lab_2025/install/two_wheeled_robot/share/two_wheeled_robot/models/grey_wall/materials\n'}
[2.055609] (two_wheeled_robot) StdoutLine: {'line': b'-- Up-to-date: /home/greyflon/lab_2025/install/two_wheeled_robot/share/two_wheeled_robot/models/grey_wall/materials/scripts\n'}
[2.055677] (two_wheeled_robot) StdoutLine: {'line': b'-- Up-to-date: /home/greyflon/lab_2025/install/two_wheeled_robot/share/two_wheeled_robot/models/grey_wall/materials/scripts/grey_wall.material\n'}
[2.055739] (two_wheeled_robot) StdoutLine: {'line': b'-- Up-to-date: /home/greyflon/lab_2025/install/two_wheeled_robot/share/two_wheeled_robot/models/grey_wall/materials/textures\n'}
[2.055860] (two_wheeled_robot) StdoutLine: {'line': b'-- Up-to-date: /home/greyflon/lab_2025/install/two_wheeled_robot/share/two_wheeled_robot/models/grey_wall/materials/textures/grey_wall.png\n'}
[2.055918] (two_wheeled_robot) StdoutLine: {'line': b'-- Up-to-date: /home/greyflon/lab_2025/install/two_wheeled_robot/share/two_wheeled_robot/models/grey_wall/model.sdf\n'}
[2.055976] (two_wheeled_robot) StdoutLine: {'line': b'-- Up-to-date: /home/greyflon/lab_2025/install/two_wheeled_robot/share/two_wheeled_robot/models/grey_wall/model-1_3.sdf\n'}
[2.056067] (two_wheeled_robot) StdoutLine: {'line': b'-- Up-to-date: /home/greyflon/lab_2025/install/two_wheeled_robot/share/two_wheeled_robot/models/iris_with_standoffs_demo\n'}
[2.056126] (two_wheeled_robot) StdoutLine: {'line': b'-- Up-to-date: /home/greyflon/lab_2025/install/two_wheeled_robot/share/two_wheeled_robot/models/iris_with_standoffs_demo/model.config\n'}
[2.056189] (two_wheeled_robot) StdoutLine: {'line': b'-- Up-to-date: /home/greyflon/lab_2025/install/two_wheeled_robot/share/two_wheeled_robot/models/iris_with_standoffs_demo/model.sdf\n'}
[2.056251] (two_wheeled_robot) StdoutLine: {'line': b'-- Up-to-date: /home/greyflon/lab_2025/install/two_wheeled_robot/share/two_wheeled_robot/models/office_table\n'}
[2.056353] (two_wheeled_robot) StdoutLine: {'line': b'-- Up-to-date: /home/greyflon/lab_2025/install/two_wheeled_robot/share/two_wheeled_robot/models/office_table/model.config\n'}
[2.056414] (two_wheeled_robot) StdoutLine: {'line': b'-- Up-to-date: /home/greyflon/lab_2025/install/two_wheeled_robot/share/two_wheeled_robot/models/office_table/meshes\n'}
[2.056473] (two_wheeled_robot) StdoutLine: {'line': b'-- Up-to-date: /home/greyflon/lab_2025/install/two_wheeled_robot/share/two_wheeled_robot/models/office_table/meshes/office_table.dae\n'}
[2.056530] (two_wheeled_robot) StdoutLine: {'line': b'-- Up-to-date: /home/greyflon/lab_2025/install/two_wheeled_robot/share/two_wheeled_robot/models/office_table/materials\n'}
[2.056591] (two_wheeled_robot) StdoutLine: {'line': b'-- Up-to-date: /home/greyflon/lab_2025/install/two_wheeled_robot/share/two_wheeled_robot/models/office_table/materials/textures\n'}
[2.056653] (two_wheeled_robot) StdoutLine: {'line': b'-- Up-to-date: /home/greyflon/lab_2025/install/two_wheeled_robot/share/two_wheeled_robot/models/office_table/materials/textures/office_table_diffuse.png\n'}
[2.056715] (two_wheeled_robot) StdoutLine: {'line': b'-- Up-to-date: /home/greyflon/lab_2025/install/two_wheeled_robot/share/two_wheeled_robot/models/office_table/materials/textures/office_table_specular.png\n'}
[2.056777] (two_wheeled_robot) StdoutLine: {'line': b'-- Up-to-date: /home/greyflon/lab_2025/install/two_wheeled_robot/share/two_wheeled_robot/models/office_table/model.sdf\n'}
[2.056839] (two_wheeled_robot) StdoutLine: {'line': b'-- Up-to-date: /home/greyflon/lab_2025/install/two_wheeled_robot/share/two_wheeled_robot/models/aws_robomaker_warehouse_ShelfE_01\n'}
[2.056900] (two_wheeled_robot) StdoutLine: {'line': b'-- Up-to-date: /home/greyflon/lab_2025/install/two_wheeled_robot/share/two_wheeled_robot/models/aws_robomaker_warehouse_ShelfE_01/model.config\n'}
[2.056962] (two_wheeled_robot) StdoutLine: {'line': b'-- Up-to-date: /home/greyflon/lab_2025/install/two_wheeled_robot/share/two_wheeled_robot/models/aws_robomaker_warehouse_ShelfE_01/meshes\n'}
[2.057025] (two_wheeled_robot) StdoutLine: {'line': b'-- Up-to-date: /home/greyflon/lab_2025/install/two_wheeled_robot/share/two_wheeled_robot/models/aws_robomaker_warehouse_ShelfE_01/meshes/aws_robomaker_warehouse_ShelfE_01_visual.DAE\n'}
[2.057088] (two_wheeled_robot) StdoutLine: {'line': b'-- Up-to-date: /home/greyflon/lab_2025/install/two_wheeled_robot/share/two_wheeled_robot/models/aws_robomaker_warehouse_ShelfE_01/meshes/aws_robomaker_warehouse_ShelfE_01_collision.DAE\n'}
[2.057151] (two_wheeled_robot) StdoutLine: {'line': b'-- Up-to-date: /home/greyflon/lab_2025/install/two_wheeled_robot/share/two_wheeled_robot/models/aws_robomaker_warehouse_ShelfE_01/materials\n'}
[2.057256] (two_wheeled_robot) StdoutLine: {'line': b'-- Up-to-date: /home/greyflon/lab_2025/install/two_wheeled_robot/share/two_wheeled_robot/models/aws_robomaker_warehouse_ShelfE_01/materials/textures\n'}
[2.057335] (two_wheeled_robot) StdoutLine: {'line': b'-- Up-to-date: /home/greyflon/lab_2025/install/two_wheeled_robot/share/two_wheeled_robot/models/aws_robomaker_warehouse_ShelfE_01/materials/textures/aws_robomaker_warehouse_ShelfE_04.png\n'}
[2.057420] (two_wheeled_robot) StdoutLine: {'line': b'-- Up-to-date: /home/greyflon/lab_2025/install/two_wheeled_robot/share/two_wheeled_robot/models/aws_robomaker_warehouse_ShelfE_01/materials/textures/aws_robomaker_warehouse_ShelfE_01.png\n'}
[2.057487] (two_wheeled_robot) StdoutLine: {'line': b'-- Up-to-date: /home/greyflon/lab_2025/install/two_wheeled_robot/share/two_wheeled_robot/models/aws_robomaker_warehouse_ShelfE_01/materials/textures/aws_robomaker_warehouse_ShelfE_02.png\n'}
[2.057550] (two_wheeled_robot) StdoutLine: {'line': b'-- Up-to-date: /home/greyflon/lab_2025/install/two_wheeled_robot/share/two_wheeled_robot/models/aws_robomaker_warehouse_ShelfE_01/materials/textures/aws_robomaker_warehouse_ShelfE_03.png\n'}
[2.057612] (two_wheeled_robot) StdoutLine: {'line': b'-- Up-to-date: /home/greyflon/lab_2025/install/two_wheeled_robot/share/two_wheeled_robot/models/aws_robomaker_warehouse_ShelfE_01/model.sdf\n'}
[2.057674] (two_wheeled_robot) StdoutLine: {'line': b'-- Up-to-date: /home/greyflon/lab_2025/install/two_wheeled_robot/share/two_wheeled_robot/models/aws_robomaker_residential_ShoeRack_01\n'}
[2.057738] (two_wheeled_robot) StdoutLine: {'line': b'-- Up-to-date: /home/greyflon/lab_2025/install/two_wheeled_robot/share/two_wheeled_robot/models/aws_robomaker_residential_ShoeRack_01/model.config\n'}
[2.057801] (two_wheeled_robot) StdoutLine: {'line': b'-- Up-to-date: /home/greyflon/lab_2025/install/two_wheeled_robot/share/two_wheeled_robot/models/aws_robomaker_residential_ShoeRack_01/meshes\n'}
[2.057864] (two_wheeled_robot) StdoutLine: {'line': b'-- Up-to-date: /home/greyflon/lab_2025/install/two_wheeled_robot/share/two_wheeled_robot/models/aws_robomaker_residential_ShoeRack_01/meshes/aws_ShoeRack_01_visual.DAE\n'}
[2.057968] (two_wheeled_robot) StdoutLine: {'line': b'-- Up-to-date: /home/greyflon/lab_2025/install/two_wheeled_robot/share/two_wheeled_robot/models/aws_robomaker_residential_ShoeRack_01/meshes/aws_ShoeRack_01_collision.DAE\n'}
[2.058032] (two_wheeled_robot) StdoutLine: {'line': b'-- Up-to-date: /home/greyflon/lab_2025/install/two_wheeled_robot/share/two_wheeled_robot/models/aws_robomaker_residential_ShoeRack_01/materials\n'}
[2.058095] (two_wheeled_robot) StdoutLine: {'line': b'-- Up-to-date: /home/greyflon/lab_2025/install/two_wheeled_robot/share/two_wheeled_robot/models/aws_robomaker_residential_ShoeRack_01/materials/textures\n'}
[2.058158] (two_wheeled_robot) StdoutLine: {'line': b'-- Up-to-date: /home/greyflon/lab_2025/install/two_wheeled_robot/share/two_wheeled_robot/models/aws_robomaker_residential_ShoeRack_01/materials/textures/aws_ShoeRack_01.png\n'}
[2.058219] (two_wheeled_robot) StdoutLine: {'line': b'-- Up-to-date: /home/greyflon/lab_2025/install/two_wheeled_robot/share/two_wheeled_robot/models/aws_robomaker_residential_ShoeRack_01/model.sdf\n'}
[2.058290] (two_wheeled_robot) StdoutLine: {'line': b'-- Up-to-date: /home/greyflon/lab_2025/install/two_wheeled_robot/share/two_wheeled_robot/models/aws_robomaker_residential_HouseWallB_01\n'}
[2.058364] (two_wheeled_robot) StdoutLine: {'line': b'-- Up-to-date: /home/greyflon/lab_2025/install/two_wheeled_robot/share/two_wheeled_robot/models/aws_robomaker_residential_HouseWallB_01/model.config\n'}
[2.058428] (two_wheeled_robot) StdoutLine: {'line': b'-- Up-to-date: /home/greyflon/lab_2025/install/two_wheeled_robot/share/two_wheeled_robot/models/aws_robomaker_residential_HouseWallB_01/meshes\n'}
[2.058490] (two_wheeled_robot) StdoutLine: {'line': b'-- Up-to-date: /home/greyflon/lab_2025/install/two_wheeled_robot/share/two_wheeled_robot/models/aws_robomaker_residential_HouseWallB_01/meshes/aws_HouseWallB_01_collision.DAE\n'}
[2.058582] (two_wheeled_robot) StdoutLine: {'line': b'-- Up-to-date: /home/greyflon/lab_2025/install/two_wheeled_robot/share/two_wheeled_robot/models/aws_robomaker_residential_HouseWallB_01/meshes/aws_HouseWallB_01_visual.DAE\n'}
[2.058641] (two_wheeled_robot) StdoutLine: {'line': b'-- Up-to-date: /home/greyflon/lab_2025/install/two_wheeled_robot/share/two_wheeled_robot/models/aws_robomaker_residential_HouseWallB_01/materials\n'}
[2.058699] (two_wheeled_robot) StdoutLine: {'line': b'-- Up-to-date: /home/greyflon/lab_2025/install/two_wheeled_robot/share/two_wheeled_robot/models/aws_robomaker_residential_HouseWallB_01/materials/textures\n'}
[2.058756] (two_wheeled_robot) StdoutLine: {'line': b'-- Up-to-date: /home/greyflon/lab_2025/install/two_wheeled_robot/share/two_wheeled_robot/models/aws_robomaker_residential_HouseWallB_01/materials/textures/aws_HouseWallB_01.png\n'}
[2.058871] (two_wheeled_robot) StdoutLine: {'line': b'-- Up-to-date: /home/greyflon/lab_2025/install/two_wheeled_robot/share/two_wheeled_robot/models/aws_robomaker_residential_HouseWallB_01/model.sdf\n'}
[2.058960] (two_wheeled_robot) StdoutLine: {'line': b'-- Up-to-date: /home/greyflon/lab_2025/install/two_wheeled_robot/share/two_wheeled_robot/models/ElderMalePatient\n'}
[2.059050] (two_wheeled_robot) StdoutLine: {'line': b'-- Up-to-date: /home/greyflon/lab_2025/install/two_wheeled_robot/share/two_wheeled_robot/models/ElderMalePatient/model.config\n'}
[2.059137] (two_wheeled_robot) StdoutLine: {'line': b'-- Up-to-date: /home/greyflon/lab_2025/install/two_wheeled_robot/share/two_wheeled_robot/models/ElderMalePatient/meshes\n'}
[2.059203] (two_wheeled_robot) StdoutLine: {'line': b'-- Up-to-date: /home/greyflon/lab_2025/install/two_wheeled_robot/share/two_wheeled_robot/models/ElderMalePatient/meshes/Carts_Wheels_Diffuse.png\n'}
[2.059308] (two_wheeled_robot) StdoutLine: {'line': b'-- Up-to-date: /home/greyflon/lab_2025/install/two_wheeled_robot/share/two_wheeled_robot/models/ElderMalePatient/meshes/ElderMalePatient.obj\n'}
[2.059380] (two_wheeled_robot) StdoutLine: {'line': b'-- Up-to-date: /home/greyflon/lab_2025/install/two_wheeled_robot/share/two_wheeled_robot/models/ElderMalePatient/meshes/ElderMale_color1.jpg\n'}
[2.059438] (two_wheeled_robot) StdoutLine: {'line': b'-- Up-to-date: /home/greyflon/lab_2025/install/two_wheeled_robot/share/two_wheeled_robot/models/ElderMalePatient/meshes/ElderMalePatient.mtl\n'}
[2.059495] (two_wheeled_robot) StdoutLine: {'line': b'-- Up-to-date: /home/greyflon/lab_2025/install/two_wheeled_robot/share/two_wheeled_robot/models/ElderMalePatient/meshes/towel1.jpg\n'}
[2.059552] (two_wheeled_robot) StdoutLine: {'line': b'-- Up-to-date: /home/greyflon/lab_2025/install/two_wheeled_robot/share/two_wheeled_robot/models/ElderMalePatient/meshes/CGMVanguard_Diffuse.png\n'}
[2.059611] (two_wheeled_robot) StdoutLine: {'line': b'-- Up-to-date: /home/greyflon/lab_2025/install/two_wheeled_robot/share/two_wheeled_robot/models/ElderMalePatient/thumbnails\n'}
[2.059674] (two_wheeled_robot) StdoutLine: {'line': b'-- Up-to-date: /home/greyflon/lab_2025/install/two_wheeled_robot/share/two_wheeled_robot/models/ElderMalePatient/thumbnails/5.png\n'}
[2.059736] (two_wheeled_robot) StdoutLine: {'line': b'-- Up-to-date: /home/greyflon/lab_2025/install/two_wheeled_robot/share/two_wheeled_robot/models/ElderMalePatient/thumbnails/1.png\n'}
[2.059799] (two_wheeled_robot) StdoutLine: {'line': b'-- Up-to-date: /home/greyflon/lab_2025/install/two_wheeled_robot/share/two_wheeled_robot/models/ElderMalePatient/thumbnails/2.png\n'}
[2.059861] (two_wheeled_robot) StdoutLine: {'line': b'-- Up-to-date: /home/greyflon/lab_2025/install/two_wheeled_robot/share/two_wheeled_robot/models/ElderMalePatient/thumbnails/4.png\n'}
[2.059954] (two_wheeled_robot) StdoutLine: {'line': b'-- Up-to-date: /home/greyflon/lab_2025/install/two_wheeled_robot/share/two_wheeled_robot/models/ElderMalePatient/thumbnails/3.png\n'}
[2.060018] (two_wheeled_robot) StdoutLine: {'line': b'-- Up-to-date: /home/greyflon/lab_2025/install/two_wheeled_robot/share/two_wheeled_robot/models/ElderMalePatient/model.sdf\n'}
[2.060092] (two_wheeled_robot) StdoutLine: {'line': b'-- Up-to-date: /home/greyflon/lab_2025/install/two_wheeled_robot/share/two_wheeled_robot/models/StorageRack\n'}
[2.060155] (two_wheeled_robot) StdoutLine: {'line': b'-- Up-to-date: /home/greyflon/lab_2025/install/two_wheeled_robot/share/two_wheeled_robot/models/StorageRack/model.config\n'}
[2.060216] (two_wheeled_robot) StdoutLine: {'line': b'-- Up-to-date: /home/greyflon/lab_2025/install/two_wheeled_robot/share/two_wheeled_robot/models/StorageRack/meshes\n'}
[2.060284] (two_wheeled_robot) StdoutLine: {'line': b'-- Up-to-date: /home/greyflon/lab_2025/install/two_wheeled_robot/share/two_wheeled_robot/models/StorageRack/meshes/StorageRack.obj\n'}
[2.060379] (two_wheeled_robot) StdoutLine: {'line': b'-- Up-to-date: /home/greyflon/lab_2025/install/two_wheeled_robot/share/two_wheeled_robot/models/StorageRack/meshes/StorageRack.mtl\n'}
[2.060438] (two_wheeled_robot) StdoutLine: {'line': b'-- Up-to-date: /home/greyflon/lab_2025/install/two_wheeled_robot/share/two_wheeled_robot/models/StorageRack/meshes/StorageRack.png\n'}
[2.060495] (two_wheeled_robot) StdoutLine: {'line': b'-- Up-to-date: /home/greyflon/lab_2025/install/two_wheeled_robot/share/two_wheeled_robot/models/StorageRack/thumbnails\n'}
[2.060552] (two_wheeled_robot) StdoutLine: {'line': b'-- Up-to-date: /home/greyflon/lab_2025/install/two_wheeled_robot/share/two_wheeled_robot/models/StorageRack/thumbnails/5.png\n'}
[2.060613] (two_wheeled_robot) StdoutLine: {'line': b'-- Up-to-date: /home/greyflon/lab_2025/install/two_wheeled_robot/share/two_wheeled_robot/models/StorageRack/thumbnails/1.png\n'}
[2.060710] (two_wheeled_robot) StdoutLine: {'line': b'-- Up-to-date: /home/greyflon/lab_2025/install/two_wheeled_robot/share/two_wheeled_robot/models/StorageRack/thumbnails/2.png\n'}
[2.060777] (two_wheeled_robot) StdoutLine: {'line': b'-- Up-to-date: /home/greyflon/lab_2025/install/two_wheeled_robot/share/two_wheeled_robot/models/StorageRack/thumbnails/4.png\n'}
[2.060839] (two_wheeled_robot) StdoutLine: {'line': b'-- Up-to-date: /home/greyflon/lab_2025/install/two_wheeled_robot/share/two_wheeled_robot/models/StorageRack/thumbnails/3.png\n'}
[2.060901] (two_wheeled_robot) StdoutLine: {'line': b'-- Up-to-date: /home/greyflon/lab_2025/install/two_wheeled_robot/share/two_wheeled_robot/models/StorageRack/model.sdf\n'}
[2.060963] (two_wheeled_robot) StdoutLine: {'line': b'-- Up-to-date: /home/greyflon/lab_2025/install/two_wheeled_robot/share/two_wheeled_robot/models/cubicle_island\n'}
[2.061024] (two_wheeled_robot) StdoutLine: {'line': b'-- Up-to-date: /home/greyflon/lab_2025/install/two_wheeled_robot/share/two_wheeled_robot/models/cubicle_island/model.config\n'}
[2.061087] (two_wheeled_robot) StdoutLine: {'line': b'-- Up-to-date: /home/greyflon/lab_2025/install/two_wheeled_robot/share/two_wheeled_robot/models/cubicle_island/meshes\n'}
[2.061149] (two_wheeled_robot) StdoutLine: {'line': b'-- Up-to-date: /home/greyflon/lab_2025/install/two_wheeled_robot/share/two_wheeled_robot/models/cubicle_island/meshes/cubicle_island.obj\n'}
[2.061212] (two_wheeled_robot) StdoutLine: {'line': b'-- Up-to-date: /home/greyflon/lab_2025/install/two_wheeled_robot/share/two_wheeled_robot/models/cubicle_island/meshes/cubicle_island.mtl\n'}
[2.061315] (two_wheeled_robot) StdoutLine: {'line': b'-- Up-to-date: /home/greyflon/lab_2025/install/two_wheeled_robot/share/two_wheeled_robot/models/cubicle_island/materials\n'}
[2.061390] (cv_basics) Command: {'cmd': ['/usr/bin/python3', '-W', 'ignore:setup.py install is deprecated', '-W', 'ignore:easy_install command is deprecated', 'setup.py', 'egg_info', '--egg-base', '../../build/cv_basics', 'build', '--build-base', '/home/greyflon/lab_2025/build/cv_basics/build', 'install', '--record', '/home/greyflon/lab_2025/build/cv_basics/install.log', '--single-version-externally-managed', 'install_data'], 'cwd': '/home/greyflon/lab_2025/src/cv_basics', 'env': {'LESSOPEN': '| /usr/bin/lesspipe %s', 'USER': 'greyflon', 'XDG_SESSION_TYPE': 'wayland', 'SHLVL': '1', 'LD_LIBRARY_PATH': '/usr/lib/x86_64-linux-gnu/gazebo-11/plugins:/opt/ros/humble/opt/rviz_ogre_vendor/lib:/opt/ros/humble/lib/x86_64-linux-gnu:/opt/ros/humble/lib', 'HOME': '/home/greyflon', 'OLDPWD': '/home/greyflon', 'DESKTOP_SESSION': 'ubuntu', 'ROS_PYTHON_VERSION': '3', 'GNOME_SHELL_SESSION_MODE': 'ubuntu', 'GTK_MODULES': 'gail:atk-bridge', 'SYSTEMD_EXEC_PID': '1582', 'DBUS_SESSION_BUS_ADDRESS': 'unix:path=/run/user/1000/bus', 'COLORTERM': 'truecolor', 'IM_CONFIG_PHASE': '1', 'WAYLAND_DISPLAY': 'wayland-0', 'COLCON_PREFIX_PATH': '/home/greyflon/lab_2025/install', 'ROS_DISTRO': 'humble', 'LOGNAME': 'greyflon', '_': '/usr/bin/colcon', 'ROS_VERSION': '2', 'XDG_SESSION_CLASS': 'user', 'USERNAME': 'greyflon', 'TERM': 'xterm-256color', 'GNOME_DESKTOP_SESSION_ID': 'this-is-deprecated', 'ROS_LOCALHOST_ONLY': '0', 'PATH': '/opt/ros/humble/bin:/home/greyflon/.local/bin:/usr/local/sbin:/usr/local/bin:/usr/sbin:/usr/bin:/sbin:/bin:/usr/games:/usr/local/games:/snap/bin:/snap/bin', 'SESSION_MANAGER': 'local/greyflon-desktop:@/tmp/.ICE-unix/1559,unix/greyflon-desktop:/tmp/.ICE-unix/1559', 'XDG_MENU_PREFIX': 'gnome-', 'GNOME_TERMINAL_SCREEN': '/org/gnome/Terminal/screen/8ba91f51_be59_418d_992a_1824daeba29e', 'GNOME_SETUP_DISPLAY': ':1', 'XDG_RUNTIME_DIR': '/run/user/1000', 'DISPLAY': ':0', 'LANG': 'en_US.UTF-8', 'XDG_CURRENT_DESKTOP': 'ubuntu:GNOME', 'XMODIFIERS': '@im=ibus', 'XDG_SESSION_DESKTOP': 'ubuntu', 'XAUTHORITY': '/run/user/1000/.mutter-Xwaylandauth.FQQJ72', 'LS_COLORS': 'rs=0:di=01;34:ln=01;36:mh=00:pi=40;33:so=01;35:do=01;35:bd=40;33;01:cd=40;33;01:or=40;31;01:mi=00:su=37;41:sg=30;43:ca=30;41:tw=30;42:ow=34;42:st=37;44:ex=01;32:*.tar=01;31:*.tgz=01;31:*.arc=01;31:*.arj=01;31:*.taz=01;31:*.lha=01;31:*.lz4=01;31:*.lzh=01;31:*.lzma=01;31:*.tlz=01;31:*.txz=01;31:*.tzo=01;31:*.t7z=01;31:*.zip=01;31:*.z=01;31:*.dz=01;31:*.gz=01;31:*.lrz=01;31:*.lz=01;31:*.lzo=01;31:*.xz=01;31:*.zst=01;31:*.tzst=01;31:*.bz2=01;31:*.bz=01;31:*.tbz=01;31:*.tbz2=01;31:*.tz=01;31:*.deb=01;31:*.rpm=01;31:*.jar=01;31:*.war=01;31:*.ear=01;31:*.sar=01;31:*.rar=01;31:*.alz=01;31:*.ace=01;31:*.zoo=01;31:*.cpio=01;31:*.7z=01;31:*.rz=01;31:*.cab=01;31:*.wim=01;31:*.swm=01;31:*.dwm=01;31:*.esd=01;31:*.jpg=01;35:*.jpeg=01;35:*.mjpg=01;35:*.mjpeg=01;35:*.gif=01;35:*.bmp=01;35:*.pbm=01;35:*.pgm=01;35:*.ppm=01;35:*.tga=01;35:*.xbm=01;35:*.xpm=01;35:*.tif=01;35:*.tiff=01;35:*.png=01;35:*.svg=01;35:*.svgz=01;35:*.mng=01;35:*.pcx=01;35:*.mov=01;35:*.mpg=01;35:*.mpeg=01;35:*.m2v=01;35:*.mkv=01;35:*.webm=01;35:*.webp=01;35:*.ogm=01;35:*.mp4=01;35:*.m4v=01;35:*.mp4v=01;35:*.vob=01;35:*.qt=01;35:*.nuv=01;35:*.wmv=01;35:*.asf=01;35:*.rm=01;35:*.rmvb=01;35:*.flc=01;35:*.avi=01;35:*.fli=01;35:*.flv=01;35:*.gl=01;35:*.dl=01;35:*.xcf=01;35:*.xwd=01;35:*.yuv=01;35:*.cgm=01;35:*.emf=01;35:*.ogv=01;35:*.ogx=01;35:*.aac=00;36:*.au=00;36:*.flac=00;36:*.m4a=00;36:*.mid=00;36:*.midi=00;36:*.mka=00;36:*.mp3=00;36:*.mpc=00;36:*.ogg=00;36:*.ra=00;36:*.wav=00;36:*.oga=00;36:*.opus=00;36:*.spx=00;36:*.xspf=00;36:', 'GNOME_TERMINAL_SERVICE': ':1.123', 'SSH_AGENT_LAUNCHER': 'gnome-keyring', 'SSH_AUTH_SOCK': '/run/user/1000/keyring/ssh', 'AMENT_PREFIX_PATH': '/home/greyflon/lab_2025/install/two_wheeled_robot:/home/greyflon/lab_2025/install/cv_basics:/opt/ros/humble', 'SHELL': '/bin/bash', 'QT_ACCESSIBILITY': '1', 'GDMSESSION': 'ubuntu', 'LESSCLOSE': '/usr/bin/lesspipe %s %s', 'QT_IM_MODULE': 'ibus', 'PWD': '/home/greyflon/lab_2025/build/cv_basics', 'LC_ALL': 'en_US.UTF-8', 'XDG_CONFIG_DIRS': '/etc/xdg/xdg-ubuntu:/etc/xdg', 'XDG_DATA_DIRS': '/usr/share/ubuntu:/usr/local/share/:/usr/share/:/var/lib/snapd/desktop', 'PYTHONPATH': '/home/greyflon/lab_2025/build/cv_basics/prefix_override:/usr/lib/python3/dist-packages/colcon_core/task/python/colcon_distutils_commands:/home/greyflon/lab_2025/install/cv_basics/lib/python3.10/site-packages:/home/greyflon/lab_2025/install/cv_basics/lib/python3.10/site-packages:/opt/ros/humble/lib/python3.10/site-packages:/opt/ros/humble/local/lib/python3.10/dist-packages', 'COLCON': '1', 'VTE_VERSION': '6800', 'CMAKE_PREFIX_PATH': '/home/greyflon/lab_2025/install/two_wheeled_robot'}, 'shell': False}
[2.062027] (two_wheeled_robot) StdoutLine: {'line': b'-- Up-to-date: /home/greyflon/lab_2025/install/two_wheeled_robot/share/two_wheeled_robot/models/cubicle_island/materials/textures\n'}
[2.062098] (two_wheeled_robot) StdoutLine: {'line': b'-- Up-to-date: /home/greyflon/lab_2025/install/two_wheeled_robot/share/two_wheeled_robot/models/cubicle_island/materials/textures/cubicle_island.png\n'}
[2.062162] (two_wheeled_robot) StdoutLine: {'line': b'-- Up-to-date: /home/greyflon/lab_2025/install/two_wheeled_robot/share/two_wheeled_robot/models/cubicle_island/materials/textures/cubicle_1.png\n'}
[2.062258] (two_wheeled_robot) StdoutLine: {'line': b'-- Up-to-date: /home/greyflon/lab_2025/install/two_wheeled_robot/share/two_wheeled_robot/models/cubicle_island/model.sdf\n'}
[2.062397] (two_wheeled_robot) StdoutLine: {'line': b'-- Up-to-date: /home/greyflon/lab_2025/install/two_wheeled_robot/share/two_wheeled_robot/models/cubicle_wall\n'}
[2.062478] (two_wheeled_robot) StdoutLine: {'line': b'-- Up-to-date: /home/greyflon/lab_2025/install/two_wheeled_robot/share/two_wheeled_robot/models/cubicle_wall/model.config\n'}
[2.062540] (two_wheeled_robot) StdoutLine: {'line': b'-- Up-to-date: /home/greyflon/lab_2025/install/two_wheeled_robot/share/two_wheeled_robot/models/cubicle_wall/meshes\n'}
[2.062597] (two_wheeled_robot) StdoutLine: {'line': b'-- Up-to-date: /home/greyflon/lab_2025/install/two_wheeled_robot/share/two_wheeled_robot/models/cubicle_wall/meshes/cubicle_corner.obj\n'}
[2.062659] (two_wheeled_robot) StdoutLine: {'line': b'-- Up-to-date: /home/greyflon/lab_2025/install/two_wheeled_robot/share/two_wheeled_robot/models/cubicle_wall/meshes/cubicle_open.obj\n'}
[2.062721] (two_wheeled_robot) StdoutLine: {'line': b'-- Up-to-date: /home/greyflon/lab_2025/install/two_wheeled_robot/share/two_wheeled_robot/models/cubicle_wall/meshes/cubicle_wall.mtl\n'}
[2.062782] (two_wheeled_robot) StdoutLine: {'line': b'-- Up-to-date: /home/greyflon/lab_2025/install/two_wheeled_robot/share/two_wheeled_robot/models/cubicle_wall/meshes/cubicle_wall.obj\n'}
[2.062843] (two_wheeled_robot) StdoutLine: {'line': b'-- Up-to-date: /home/greyflon/lab_2025/install/two_wheeled_robot/share/two_wheeled_robot/models/cubicle_wall/meshes/cubicle_closed.obj\n'}
[2.062937] (two_wheeled_robot) StdoutLine: {'line': b'-- Up-to-date: /home/greyflon/lab_2025/install/two_wheeled_robot/share/two_wheeled_robot/models/cubicle_wall/materials\n'}
[2.062996] (two_wheeled_robot) StdoutLine: {'line': b'-- Up-to-date: /home/greyflon/lab_2025/install/two_wheeled_robot/share/two_wheeled_robot/models/cubicle_wall/materials/textures\n'}
[2.063052] (two_wheeled_robot) StdoutLine: {'line': b'-- Up-to-date: /home/greyflon/lab_2025/install/two_wheeled_robot/share/two_wheeled_robot/models/cubicle_wall/materials/textures/cubicle_wall.png\n'}
[2.063114] (two_wheeled_robot) StdoutLine: {'line': b'-- Up-to-date: /home/greyflon/lab_2025/install/two_wheeled_robot/share/two_wheeled_robot/models/cubicle_wall/model.sdf\n'}
[2.063175] (two_wheeled_robot) StdoutLine: {'line': b'-- Up-to-date: /home/greyflon/lab_2025/install/two_wheeled_robot/share/two_wheeled_robot/models/cubicle_corner\n'}
[2.063236] (two_wheeled_robot) StdoutLine: {'line': b'-- Up-to-date: /home/greyflon/lab_2025/install/two_wheeled_robot/share/two_wheeled_robot/models/cubicle_corner/model.config\n'}
[2.063331] (two_wheeled_robot) StdoutLine: {'line': b'-- Up-to-date: /home/greyflon/lab_2025/install/two_wheeled_robot/share/two_wheeled_robot/models/cubicle_corner/meshes\n'}
[2.063397] (two_wheeled_robot) StdoutLine: {'line': b'-- Up-to-date: /home/greyflon/lab_2025/install/two_wheeled_robot/share/two_wheeled_robot/models/cubicle_corner/meshes/cubicle_corner.obj\n'}
[2.063456] (two_wheeled_robot) StdoutLine: {'line': b'-- Up-to-date: /home/greyflon/lab_2025/install/two_wheeled_robot/share/two_wheeled_robot/models/cubicle_corner/meshes/cubicle_corner.mtl\n'}
[2.063516] (two_wheeled_robot) StdoutLine: {'line': b'-- Up-to-date: /home/greyflon/lab_2025/install/two_wheeled_robot/share/two_wheeled_robot/models/cubicle_corner/materials\n'}
[2.063596] (two_wheeled_robot) StdoutLine: {'line': b'-- Up-to-date: /home/greyflon/lab_2025/install/two_wheeled_robot/share/two_wheeled_robot/models/cubicle_corner/materials/textures\n'}
[2.063653] (two_wheeled_robot) StdoutLine: {'line': b'-- Up-to-date: /home/greyflon/lab_2025/install/two_wheeled_robot/share/two_wheeled_robot/models/cubicle_corner/materials/textures/cubicle_corner.png\n'}
[2.063711] (two_wheeled_robot) StdoutLine: {'line': b'-- Up-to-date: /home/greyflon/lab_2025/install/two_wheeled_robot/share/two_wheeled_robot/models/cubicle_corner/model.sdf\n'}
[2.063768] (two_wheeled_robot) StdoutLine: {'line': b'-- Up-to-date: /home/greyflon/lab_2025/install/two_wheeled_robot/share/two_wheeled_robot/models/aws_robomaker_hospital_elevator_01_door\n'}
[2.063826] (two_wheeled_robot) StdoutLine: {'line': b'-- Up-to-date: /home/greyflon/lab_2025/install/two_wheeled_robot/share/two_wheeled_robot/models/aws_robomaker_hospital_elevator_01_door/model.config\n'}
[2.063887] (two_wheeled_robot) StdoutLine: {'line': b'-- Up-to-date: /home/greyflon/lab_2025/install/two_wheeled_robot/share/two_wheeled_robot/models/aws_robomaker_hospital_elevator_01_door/meshes\n'}
[2.063974] (two_wheeled_robot) StdoutLine: {'line': b'-- Up-to-date: /home/greyflon/lab_2025/install/two_wheeled_robot/share/two_wheeled_robot/models/aws_robomaker_hospital_elevator_01_door/meshes/aws_robomaker_hospital_elevator_01_door_collision.dae\n'}
[2.064036] (two_wheeled_robot) StdoutLine: {'line': b'-- Up-to-date: /home/greyflon/lab_2025/install/two_wheeled_robot/share/two_wheeled_robot/models/aws_robomaker_hospital_elevator_01_door/meshes/aws_robomaker_hospital_elevator_01_visual_normal.png\n'}
[2.064094] (two_wheeled_robot) StdoutLine: {'line': b'-- Up-to-date: /home/greyflon/lab_2025/install/two_wheeled_robot/share/two_wheeled_robot/models/aws_robomaker_hospital_elevator_01_door/meshes/aws_robomaker_hospital_elevator_01_door_low.dae\n'}
[2.064151] (two_wheeled_robot) StdoutLine: {'line': b'-- Up-to-date: /home/greyflon/lab_2025/install/two_wheeled_robot/share/two_wheeled_robot/models/aws_robomaker_hospital_elevator_01_door/meshes/aws_robomaker_hospital_elevator_01_door_visual.dae\n'}
[2.064209] (two_wheeled_robot) StdoutLine: {'line': b'-- Up-to-date: /home/greyflon/lab_2025/install/two_wheeled_robot/share/two_wheeled_robot/models/aws_robomaker_hospital_elevator_01_door/meshes/aws_robomaker_hospital_elevator_01_low.png\n'}
[2.064266] (two_wheeled_robot) StdoutLine: {'line': b'-- Up-to-date: /home/greyflon/lab_2025/install/two_wheeled_robot/share/two_wheeled_robot/models/aws_robomaker_hospital_elevator_01_door/meshes/aws_robomaker_hospital_elevator_01_low_normal.png\n'}
[2.064354] (two_wheeled_robot) StdoutLine: {'line': b'-- Up-to-date: /home/greyflon/lab_2025/install/two_wheeled_robot/share/two_wheeled_robot/models/aws_robomaker_hospital_elevator_01_door/meshes/aws_robomaker_hospital_elevator_01_visual.png\n'}
[2.064416] (two_wheeled_robot) StdoutLine: {'line': b'-- Up-to-date: /home/greyflon/lab_2025/install/two_wheeled_robot/share/two_wheeled_robot/models/aws_robomaker_hospital_elevator_01_door/model.sdf\n'}
[2.064477] (two_wheeled_robot) StdoutLine: {'line': b'-- Up-to-date: /home/greyflon/lab_2025/install/two_wheeled_robot/share/two_wheeled_robot/models/IVStand\n'}
[2.064539] (two_wheeled_robot) StdoutLine: {'line': b'-- Up-to-date: /home/greyflon/lab_2025/install/two_wheeled_robot/share/two_wheeled_robot/models/IVStand/model.config\n'}
[2.064601] (two_wheeled_robot) StdoutLine: {'line': b'-- Up-to-date: /home/greyflon/lab_2025/install/two_wheeled_robot/share/two_wheeled_robot/models/IVStand/meshes\n'}
[2.064663] (two_wheeled_robot) StdoutLine: {'line': b'-- Up-to-date: /home/greyflon/lab_2025/install/two_wheeled_robot/share/two_wheeled_robot/models/IVStand/meshes/IVStand_Diffuse.png\n'}
[2.064760] (two_wheeled_robot) StdoutLine: {'line': b'-- Up-to-date: /home/greyflon/lab_2025/install/two_wheeled_robot/share/two_wheeled_robot/models/IVStand/meshes/Carts_Wheels_Diffuse.png\n'}
[2.064832] (two_wheeled_robot) StdoutLine: {'line': b'-- Up-to-date: /home/greyflon/lab_2025/install/two_wheeled_robot/share/two_wheeled_robot/models/IVStand/meshes/IVStand.obj\n'}
[2.064895] (two_wheeled_robot) StdoutLine: {'line': b'-- Up-to-date: /home/greyflon/lab_2025/install/two_wheeled_robot/share/two_wheeled_robot/models/IVStand/meshes/IVStand.mtl\n'}
[2.064956] (two_wheeled_robot) StdoutLine: {'line': b'-- Up-to-date: /home/greyflon/lab_2025/install/two_wheeled_robot/share/two_wheeled_robot/models/IVStand/thumbnails\n'}
[2.065017] (two_wheeled_robot) StdoutLine: {'line': b'-- Up-to-date: /home/greyflon/lab_2025/install/two_wheeled_robot/share/two_wheeled_robot/models/IVStand/thumbnails/5.png\n'}
[2.065079] (two_wheeled_robot) StdoutLine: {'line': b'-- Up-to-date: /home/greyflon/lab_2025/install/two_wheeled_robot/share/two_wheeled_robot/models/IVStand/thumbnails/1.png\n'}
[2.065140] (two_wheeled_robot) StdoutLine: {'line': b'-- Up-to-date: /home/greyflon/lab_2025/install/two_wheeled_robot/share/two_wheeled_robot/models/IVStand/thumbnails/2.png\n'}
[2.065202] (two_wheeled_robot) StdoutLine: {'line': b'-- Up-to-date: /home/greyflon/lab_2025/install/two_wheeled_robot/share/two_wheeled_robot/models/IVStand/thumbnails/4.png\n'}
[2.065263] (two_wheeled_robot) StdoutLine: {'line': b'-- Up-to-date: /home/greyflon/lab_2025/install/two_wheeled_robot/share/two_wheeled_robot/models/IVStand/thumbnails/3.png\n'}
[2.065380] (two_wheeled_robot) StdoutLine: {'line': b'-- Up-to-date: /home/greyflon/lab_2025/install/two_wheeled_robot/share/two_wheeled_robot/models/IVStand/model.sdf\n'}
[2.065459] (two_wheeled_robot) StdoutLine: {'line': b'-- Up-to-date: /home/greyflon/lab_2025/install/two_wheeled_robot/share/two_wheeled_robot/models/small_box\n'}
[2.065520] (two_wheeled_robot) StdoutLine: {'line': b'-- Up-to-date: /home/greyflon/lab_2025/install/two_wheeled_robot/share/two_wheeled_robot/models/small_box/model.config\n'}
[2.065577] (two_wheeled_robot) StdoutLine: {'line': b'-- Up-to-date: /home/greyflon/lab_2025/install/two_wheeled_robot/share/two_wheeled_robot/models/small_box/meshes\n'}
[2.065633] (two_wheeled_robot) StdoutLine: {'line': b'-- Up-to-date: /home/greyflon/lab_2025/install/two_wheeled_robot/share/two_wheeled_robot/models/small_box/meshes/small_box.dae\n'}
[2.065690] (two_wheeled_robot) StdoutLine: {'line': b'-- Up-to-date: /home/greyflon/lab_2025/install/two_wheeled_robot/share/two_wheeled_robot/models/small_box/materials\n'}
[2.065746] (two_wheeled_robot) StdoutLine: {'line': b'-- Up-to-date: /home/greyflon/lab_2025/install/two_wheeled_robot/share/two_wheeled_robot/models/small_box/materials/textures\n'}
[2.065821] (two_wheeled_robot) StdoutLine: {'line': b'-- Up-to-date: /home/greyflon/lab_2025/install/two_wheeled_robot/share/two_wheeled_robot/models/small_box/materials/textures/Kraft_Tile.jpg\n'}
[2.065881] (two_wheeled_robot) StdoutLine: {'line': b'-- Up-to-date: /home/greyflon/lab_2025/install/two_wheeled_robot/share/two_wheeled_robot/models/small_box/materials/textures/S-3878BX_Side1.jpg\n'}
[2.065938] (two_wheeled_robot) StdoutLine: {'line': b'-- Up-to-date: /home/greyflon/lab_2025/install/two_wheeled_robot/share/two_wheeled_robot/models/small_box/materials/textures/S-3878BX_Front.jpg\n'}
[2.065995] (two_wheeled_robot) StdoutLine: {'line': b'-- Up-to-date: /home/greyflon/lab_2025/install/two_wheeled_robot/share/two_wheeled_robot/models/small_box/materials/textures/S-3878BX_Side2.jpg\n'}
[2.066052] (two_wheeled_robot) StdoutLine: {'line': b'-- Up-to-date: /home/greyflon/lab_2025/install/two_wheeled_robot/share/two_wheeled_robot/models/small_box/materials/textures/S-3878BX_Back.jpg\n'}
[2.066110] (two_wheeled_robot) StdoutLine: {'line': b'-- Up-to-date: /home/greyflon/lab_2025/install/two_wheeled_robot/share/two_wheeled_robot/models/small_box/model.sdf\n'}
[2.066166] (two_wheeled_robot) StdoutLine: {'line': b'-- Up-to-date: /home/greyflon/lab_2025/install/two_wheeled_robot/share/two_wheeled_robot/models/gimbal_small_2d\n'}
[2.066223] (two_wheeled_robot) StdoutLine: {'line': b'-- Up-to-date: /home/greyflon/lab_2025/install/two_wheeled_robot/share/two_wheeled_robot/models/gimbal_small_2d/model.config\n'}
[2.066322] (two_wheeled_robot) StdoutLine: {'line': b'-- Up-to-date: /home/greyflon/lab_2025/install/two_wheeled_robot/share/two_wheeled_robot/models/gimbal_small_2d/meshes\n'}
[2.066381] (two_wheeled_robot) StdoutLine: {'line': b'-- Up-to-date: /home/greyflon/lab_2025/install/two_wheeled_robot/share/two_wheeled_robot/models/gimbal_small_2d/meshes/base_arm.dae\n'}
[2.066437] (two_wheeled_robot) StdoutLine: {'line': b'-- Up-to-date: /home/greyflon/lab_2025/install/two_wheeled_robot/share/two_wheeled_robot/models/gimbal_small_2d/meshes/tilt.dae\n'}
[2.066494] (two_wheeled_robot) StdoutLine: {'line': b'-- Up-to-date: /home/greyflon/lab_2025/install/two_wheeled_robot/share/two_wheeled_robot/models/gimbal_small_2d/meshes/base_main.dae\n'}
[2.066558] (two_wheeled_robot) StdoutLine: {'line': b'-- Up-to-date: /home/greyflon/lab_2025/install/two_wheeled_robot/share/two_wheeled_robot/models/gimbal_small_2d/model.sdf\n'}
[2.066615] (two_wheeled_robot) StdoutLine: {'line': b'-- Up-to-date: /home/greyflon/lab_2025/install/two_wheeled_robot/share/two_wheeled_robot/models/aws_robomaker_hospital_floor_02_floor\n'}
[2.066673] (two_wheeled_robot) StdoutLine: {'line': b'-- Up-to-date: /home/greyflon/lab_2025/install/two_wheeled_robot/share/two_wheeled_robot/models/aws_robomaker_hospital_floor_02_floor/model.config\n'}
[2.066755] (two_wheeled_robot) StdoutLine: {'line': b'-- Up-to-date: /home/greyflon/lab_2025/install/two_wheeled_robot/share/two_wheeled_robot/models/aws_robomaker_hospital_floor_02_floor/meshes\n'}
[2.066865] (two_wheeled_robot) StdoutLine: {'line': b'-- Up-to-date: /home/greyflon/lab_2025/install/two_wheeled_robot/share/two_wheeled_robot/models/aws_robomaker_hospital_floor_02_floor/meshes/aws_robomaker_hospital_floor_02_floor_collision.dae\n'}
[2.067007] (two_wheeled_robot) StdoutLine: {'line': b'-- Up-to-date: /home/greyflon/lab_2025/install/two_wheeled_robot/share/two_wheeled_robot/models/aws_robomaker_hospital_floor_02_floor/meshes/aws_robomaker_hospital_floor_02_floor_visual.dae\n'}
[2.067091] (two_wheeled_robot) StdoutLine: {'line': b'-- Up-to-date: /home/greyflon/lab_2025/install/two_wheeled_robot/share/two_wheeled_robot/models/aws_robomaker_hospital_floor_02_floor/meshes/aws_robomaker_hospital_floor_02_floor_normal.png\n'}
[2.067157] (two_wheeled_robot) StdoutLine: {'line': b'-- Up-to-date: /home/greyflon/lab_2025/install/two_wheeled_robot/share/two_wheeled_robot/models/aws_robomaker_hospital_floor_02_floor/meshes/aws_robomaker_hospital_floor_02_floor.png\n'}
[2.067222] (two_wheeled_robot) StdoutLine: {'line': b'-- Up-to-date: /home/greyflon/lab_2025/install/two_wheeled_robot/share/two_wheeled_robot/models/aws_robomaker_hospital_floor_02_floor/model.sdf\n'}
[2.067295] (two_wheeled_robot) StdoutLine: {'line': b'-- Up-to-date: /home/greyflon/lab_2025/install/two_wheeled_robot/share/two_wheeled_robot/models/robonaut\n'}
[2.067396] (two_wheeled_robot) StdoutLine: {'line': b'-- Up-to-date: /home/greyflon/lab_2025/install/two_wheeled_robot/share/two_wheeled_robot/models/robonaut/model-1_4.sdf\n'}
[2.067460] (two_wheeled_robot) StdoutLine: {'line': b'-- Up-to-date: /home/greyflon/lab_2025/install/two_wheeled_robot/share/two_wheeled_robot/models/robonaut/model.config\n'}
[2.067525] (two_wheeled_robot) StdoutLine: {'line': b'-- Up-to-date: /home/greyflon/lab_2025/install/two_wheeled_robot/share/two_wheeled_robot/models/robonaut/meshes\n'}
[2.067586] (two_wheeled_robot) StdoutLine: {'line': b'-- Up-to-date: /home/greyflon/lab_2025/install/two_wheeled_robot/share/two_wheeled_robot/models/robonaut/meshes/Backpack.dae\n'}
[2.067649] (two_wheeled_robot) StdoutLine: {'line': b'-- Up-to-date: /home/greyflon/lab_2025/install/two_wheeled_robot/share/two_wheeled_robot/models/robonaut/meshes/Head.dae\n'}
[2.067712] (two_wheeled_robot) StdoutLine: {'line': b'-- Up-to-date: /home/greyflon/lab_2025/install/two_wheeled_robot/share/two_wheeled_robot/models/robonaut/meshes/Neck_Lower.dae\n'}
[2.067811] (two_wheeled_robot) StdoutLine: {'line': b'-- Up-to-date: /home/greyflon/lab_2025/install/two_wheeled_robot/share/two_wheeled_robot/models/robonaut/meshes/Left_Palm.dae\n'}
[2.067881] (two_wheeled_robot) StdoutLine: {'line': b'-- Up-to-date: /home/greyflon/lab_2025/install/two_wheeled_robot/share/two_wheeled_robot/models/robonaut/meshes/Left_Shoulder_Lower.dae\n'}
[2.067945] (two_wheeled_robot) StdoutLine: {'line': b'-- Up-to-date: /home/greyflon/lab_2025/install/two_wheeled_robot/share/two_wheeled_robot/models/robonaut/meshes/Transforms.txt\n'}
[2.068009] (two_wheeled_robot) StdoutLine: {'line': b'-- Up-to-date: /home/greyflon/lab_2025/install/two_wheeled_robot/share/two_wheeled_robot/models/robonaut/meshes/Right_Elbow.dae\n'}
[2.068072] (two_wheeled_robot) StdoutLine: {'line': b'-- Up-to-date: /home/greyflon/lab_2025/install/two_wheeled_robot/share/two_wheeled_robot/models/robonaut/meshes/Finger_Proximal.dae\n'}
[2.068144] (two_wheeled_robot) StdoutLine: {'line': b'-- Up-to-date: /home/greyflon/lab_2025/install/two_wheeled_robot/share/two_wheeled_robot/models/robonaut/meshes/Right_Palm.dae\n'}
[2.068244] (two_wheeled_robot) StdoutLine: {'line': b'-- Up-to-date: /home/greyflon/lab_2025/install/two_wheeled_robot/share/two_wheeled_robot/models/robonaut/meshes/Stanchion_Baseplate.dae\n'}
[2.068367] (two_wheeled_robot) StdoutLine: {'line': b'-- Up-to-date: /home/greyflon/lab_2025/install/two_wheeled_robot/share/two_wheeled_robot/models/robonaut/meshes/Neck_Upper.dae\n'}
[2.068436] (two_wheeled_robot) StdoutLine: {'line': b'-- Up-to-date: /home/greyflon/lab_2025/install/two_wheeled_robot/share/two_wheeled_robot/models/robonaut/meshes/Stanchion.dae\n'}
[2.068500] (two_wheeled_robot) StdoutLine: {'line': b'-- Up-to-date: /home/greyflon/lab_2025/install/two_wheeled_robot/share/two_wheeled_robot/models/robonaut/meshes/Left_Shoulder_Upper.dae\n'}
[2.068564] (two_wheeled_robot) StdoutLine: {'line': b'-- Up-to-date: /home/greyflon/lab_2025/install/two_wheeled_robot/share/two_wheeled_robot/models/robonaut/meshes/Body.dae\n'}
[2.068627] (two_wheeled_robot) StdoutLine: {'line': b'-- Up-to-date: /home/greyflon/lab_2025/install/two_wheeled_robot/share/two_wheeled_robot/models/robonaut/meshes/Finger_Mid.dae\n'}
[2.068691] (two_wheeled_robot) StdoutLine: {'line': b'-- Up-to-date: /home/greyflon/lab_2025/install/two_wheeled_robot/share/two_wheeled_robot/models/robonaut/meshes/Thumb_Proximal.dae\n'}
[2.068755] (two_wheeled_robot) StdoutLine: {'line': b'-- Up-to-date: /home/greyflon/lab_2025/install/two_wheeled_robot/share/two_wheeled_robot/models/robonaut/meshes/Right_Shoulder_Lower.dae\n'}
[2.068818] (two_wheeled_robot) StdoutLine: {'line': b'-- Up-to-date: /home/greyflon/lab_2025/install/two_wheeled_robot/share/two_wheeled_robot/models/robonaut/meshes/Right_Forearm.dae\n'}
[2.068878] (two_wheeled_robot) StdoutLine: {'line': b'-- Up-to-date: /home/greyflon/lab_2025/install/two_wheeled_robot/share/two_wheeled_robot/models/robonaut/meshes/Left_Forearm.dae\n'}
[2.068936] (two_wheeled_robot) StdoutLine: {'line': b'-- Up-to-date: /home/greyflon/lab_2025/install/two_wheeled_robot/share/two_wheeled_robot/models/robonaut/meshes/Thumb_Dist.dae\n'}
[2.068994] (two_wheeled_robot) StdoutLine: {'line': b'-- Up-to-date: /home/greyflon/lab_2025/install/two_wheeled_robot/share/two_wheeled_robot/models/robonaut/meshes/Body_Cover.dae\n'}
[2.069052] (two_wheeled_robot) StdoutLine: {'line': b'-- Up-to-date: /home/greyflon/lab_2025/install/two_wheeled_robot/share/two_wheeled_robot/models/robonaut/meshes/Right_Upper_Arm.dae\n'}
[2.069153] (two_wheeled_robot) StdoutLine: {'line': b'-- Up-to-date: /home/greyflon/lab_2025/install/two_wheeled_robot/share/two_wheeled_robot/models/robonaut/meshes/Left_Thumb_Carp.dae\n'}
[2.069208] (two_wheeled_robot) StdoutLine: {'line': b'-- Up-to-date: /home/greyflon/lab_2025/install/two_wheeled_robot/share/two_wheeled_robot/models/robonaut/meshes/Left_Upper_Arm.dae\n'}
[2.069265] (two_wheeled_robot) StdoutLine: {'line': b'-- Up-to-date: /home/greyflon/lab_2025/install/two_wheeled_robot/share/two_wheeled_robot/models/robonaut/meshes/Right_Shoulder_Upper.dae\n'}
[2.069349] (two_wheeled_robot) StdoutLine: {'line': b'-- Up-to-date: /home/greyflon/lab_2025/install/two_wheeled_robot/share/two_wheeled_robot/models/robonaut/meshes/Left_Thumb_MtCar.dae\n'}
[2.069413] (two_wheeled_robot) StdoutLine: {'line': b'-- Up-to-date: /home/greyflon/lab_2025/install/two_wheeled_robot/share/two_wheeled_robot/models/robonaut/meshes/Left_Elbow.dae\n'}
[2.069466] (two_wheeled_robot) StdoutLine: {'line': b'-- Up-to-date: /home/greyflon/lab_2025/install/two_wheeled_robot/share/two_wheeled_robot/models/robonaut/meshes/Right_Thumb_MtCar.dae\n'}
[2.069524] (two_wheeled_robot) StdoutLine: {'line': b'-- Up-to-date: /home/greyflon/lab_2025/install/two_wheeled_robot/share/two_wheeled_robot/models/robonaut/meshes/Finger_Dist.dae\n'}
[2.069595] (two_wheeled_robot) StdoutLine: {'line': b'-- Up-to-date: /home/greyflon/lab_2025/install/two_wheeled_robot/share/two_wheeled_robot/models/robonaut/materials\n'}
[2.069649] (two_wheeled_robot) StdoutLine: {'line': b'-- Up-to-date: /home/greyflon/lab_2025/install/two_wheeled_robot/share/two_wheeled_robot/models/robonaut/materials/textures\n'}
[2.069714] (two_wheeled_robot) StdoutLine: {'line': b'-- Up-to-date: /home/greyflon/lab_2025/install/two_wheeled_robot/share/two_wheeled_robot/models/robonaut/materials/textures/R2_Stanchion_12_Col_256.png\n'}
[2.069776] (two_wheeled_robot) StdoutLine: {'line': b'-- Up-to-date: /home/greyflon/lab_2025/install/two_wheeled_robot/share/two_wheeled_robot/models/robonaut/materials/textures/gold_texture_old.png\n'}
[2.069846] (two_wheeled_robot) StdoutLine: {'line': b'-- Up-to-date: /home/greyflon/lab_2025/install/two_wheeled_robot/share/two_wheeled_robot/models/robonaut/materials/textures/gold.png\n'}
[2.069937] (two_wheeled_robot) StdoutLine: {'line': b'-- Up-to-date: /home/greyflon/lab_2025/install/two_wheeled_robot/share/two_wheeled_robot/models/robonaut/materials/textures/R2_backpack.png\n'}
[2.070007] (two_wheeled_robot) StdoutLine: {'line': b'-- Up-to-date: /home/greyflon/lab_2025/install/two_wheeled_robot/share/two_wheeled_robot/models/robonaut/materials/textures/R2_Stanchion_4_Col_256.png\n'}
[2.070066] (two_wheeled_robot) StdoutLine: {'line': b'-- Up-to-date: /home/greyflon/lab_2025/install/two_wheeled_robot/share/two_wheeled_robot/models/robonaut/materials/textures/R2_Body_Cover.png\n'}
[2.070156] (two_wheeled_robot) StdoutLine: {'line': b'-- Up-to-date: /home/greyflon/lab_2025/install/two_wheeled_robot/share/two_wheeled_robot/models/robonaut/materials/textures/StanchionDovetail.png\n'}
[2.070214] (two_wheeled_robot) StdoutLine: {'line': b'-- Up-to-date: /home/greyflon/lab_2025/install/two_wheeled_robot/share/two_wheeled_robot/models/robonaut/materials/textures/StanchionBaseplate.png\n'}
[2.070273] (two_wheeled_robot) StdoutLine: {'line': b'-- Up-to-date: /home/greyflon/lab_2025/install/two_wheeled_robot/share/two_wheeled_robot/models/robonaut/materials/textures/helmet_front.png\n'}
[2.070369] (two_wheeled_robot) StdoutLine: {'line': b'-- Up-to-date: /home/greyflon/lab_2025/install/two_wheeled_robot/share/two_wheeled_robot/models/robonaut/materials/textures/BrushedMetalGray.png\n'}
[2.070428] (two_wheeled_robot) StdoutLine: {'line': b'-- Up-to-date: /home/greyflon/lab_2025/install/two_wheeled_robot/share/two_wheeled_robot/models/robonaut/materials/textures/R2_Stanchion_Cover_2_Col_256.png\n'}
[2.070520] (two_wheeled_robot) StdoutLine: {'line': b'-- Up-to-date: /home/greyflon/lab_2025/install/two_wheeled_robot/share/two_wheeled_robot/models/robonaut/materials/textures/visor.png\n'}
[2.070590] (two_wheeled_robot) StdoutLine: {'line': b'-- Up-to-date: /home/greyflon/lab_2025/install/two_wheeled_robot/share/two_wheeled_robot/models/robonaut/materials/textures/R2_Stanchion_7_Col_256.png\n'}
[2.070649] (two_wheeled_robot) StdoutLine: {'line': b'-- Up-to-date: /home/greyflon/lab_2025/install/two_wheeled_robot/share/two_wheeled_robot/models/robonaut/materials/textures/R2_Stanchion_5_Col_256.png\n'}
[2.070708] (two_wheeled_robot) StdoutLine: {'line': b'-- Up-to-date: /home/greyflon/lab_2025/install/two_wheeled_robot/share/two_wheeled_robot/models/robonaut/materials/textures/R2_Leg.png\n'}
[2.070800] (two_wheeled_robot) StdoutLine: {'line': b'-- Up-to-date: /home/greyflon/lab_2025/install/two_wheeled_robot/share/two_wheeled_robot/models/robonaut/materials/textures/light_shield.png\n'}
[2.070860] (two_wheeled_robot) StdoutLine: {'line': b'-- Up-to-date: /home/greyflon/lab_2025/install/two_wheeled_robot/share/two_wheeled_robot/models/robonaut/materials/textures/R2_Stanchion_8_Col_256.png\n'}
[2.070919] (two_wheeled_robot) StdoutLine: {'line': b'-- Up-to-date: /home/greyflon/lab_2025/install/two_wheeled_robot/share/two_wheeled_robot/models/robonaut/materials/textures/gold_texture.png\n'}
[2.070977] (two_wheeled_robot) StdoutLine: {'line': b'-- Up-to-date: /home/greyflon/lab_2025/install/two_wheeled_robot/share/two_wheeled_robot/models/robonaut/materials/textures/R2_Stanchion_Cover_4_Col_256.png\n'}
[2.071036] (two_wheeled_robot) StdoutLine: {'line': b'-- Up-to-date: /home/greyflon/lab_2025/install/two_wheeled_robot/share/two_wheeled_robot/models/robonaut/materials/textures/R2_Stanchion_6_Col_256.png\n'}
[2.071137] (two_wheeled_robot) StdoutLine: {'line': b'-- Up-to-date: /home/greyflon/lab_2025/install/two_wheeled_robot/share/two_wheeled_robot/models/robonaut/materials/textures/R2_Stanchion_10_Col_256.png\n'}
[2.071198] (two_wheeled_robot) StdoutLine: {'line': b'-- Up-to-date: /home/greyflon/lab_2025/install/two_wheeled_robot/share/two_wheeled_robot/models/robonaut/materials/textures/notexture.png\n'}
[2.071257] (two_wheeled_robot) StdoutLine: {'line': b'-- Up-to-date: /home/greyflon/lab_2025/install/two_wheeled_robot/share/two_wheeled_robot/models/robonaut/materials/textures/R2_Stanchion_3_Col_256.png\n'}
[2.071329] (two_wheeled_robot) StdoutLine: {'line': b'-- Up-to-date: /home/greyflon/lab_2025/install/two_wheeled_robot/share/two_wheeled_robot/models/robonaut/materials/textures/R2_Arm.png\n'}
[2.071391] (two_wheeled_robot) StdoutLine: {'line': b'-- Up-to-date: /home/greyflon/lab_2025/install/two_wheeled_robot/share/two_wheeled_robot/models/robonaut/materials/textures/jaws.png\n'}
[2.071449] (two_wheeled_robot) StdoutLine: {'line': b'-- Up-to-date: /home/greyflon/lab_2025/install/two_wheeled_robot/share/two_wheeled_robot/models/robonaut/materials/textures/R2_Stanchion_9_Col_256.png\n'}
[2.071508] (two_wheeled_robot) StdoutLine: {'line': b'-- Up-to-date: /home/greyflon/lab_2025/install/two_wheeled_robot/share/two_wheeled_robot/models/robonaut/materials/textures/R2_Stanchion_Col_512_Proj.png\n'}
[2.071566] (two_wheeled_robot) StdoutLine: {'line': b'-- Up-to-date: /home/greyflon/lab_2025/install/two_wheeled_robot/share/two_wheeled_robot/models/robonaut/materials/textures/Left_PalmSnap00.png\n'}
[2.071645] (two_wheeled_robot) StdoutLine: {'line': b'-- Up-to-date: /home/greyflon/lab_2025/install/two_wheeled_robot/share/two_wheeled_robot/models/robonaut/materials/textures/R2_Stanchion_11_Col_256.png\n'}
[2.071749] (two_wheeled_robot) StdoutLine: {'line': b'-- Up-to-date: /home/greyflon/lab_2025/install/two_wheeled_robot/share/two_wheeled_robot/models/robonaut/materials/textures/R2_Stanchion_Cover_1_Col_256.png\n'}
[2.071807] (two_wheeled_robot) StdoutLine: {'line': b'-- Up-to-date: /home/greyflon/lab_2025/install/two_wheeled_robot/share/two_wheeled_robot/models/robonaut/materials/textures/helmet_back.png\n'}
[2.071865] (two_wheeled_robot) StdoutLine: {'line': b'-- Up-to-date: /home/greyflon/lab_2025/install/two_wheeled_robot/share/two_wheeled_robot/models/robonaut/materials/textures/R2_Stanchion_Cover_3_Col_256.png\n'}
[2.071923] (two_wheeled_robot) StdoutLine: {'line': b'-- Up-to-date: /home/greyflon/lab_2025/install/two_wheeled_robot/share/two_wheeled_robot/models/robonaut/materials/textures/StanchionKnob.png\n'}
[2.071981] (two_wheeled_robot) StdoutLine: {'line': b'-- Up-to-date: /home/greyflon/lab_2025/install/two_wheeled_robot/share/two_wheeled_robot/models/robonaut/materials/textures/R2_Stanchion_2_Col_256.png\n'}
[2.072039] (two_wheeled_robot) StdoutLine: {'line': b'-- Up-to-date: /home/greyflon/lab_2025/install/two_wheeled_robot/share/two_wheeled_robot/models/robonaut/model.sdf\n'}
[2.072127] (two_wheeled_robot) StdoutLine: {'line': b'-- Up-to-date: /home/greyflon/lab_2025/install/two_wheeled_robot/share/two_wheeled_robot/models/aws_robomaker_residential_RoomWindow_01\n'}
[2.072181] (two_wheeled_robot) StdoutLine: {'line': b'-- Up-to-date: /home/greyflon/lab_2025/install/two_wheeled_robot/share/two_wheeled_robot/models/aws_robomaker_residential_RoomWindow_01/model.config\n'}
[2.072234] (two_wheeled_robot) StdoutLine: {'line': b'-- Up-to-date: /home/greyflon/lab_2025/install/two_wheeled_robot/share/two_wheeled_robot/models/aws_robomaker_residential_RoomWindow_01/meshes\n'}
[2.072314] (two_wheeled_robot) StdoutLine: {'line': b'-- Up-to-date: /home/greyflon/lab_2025/install/two_wheeled_robot/share/two_wheeled_robot/models/aws_robomaker_residential_RoomWindow_01/meshes/aws_RoomWindow_01_visual.DAE\n'}
[2.072380] (two_wheeled_robot) StdoutLine: {'line': b'-- Up-to-date: /home/greyflon/lab_2025/install/two_wheeled_robot/share/two_wheeled_robot/models/aws_robomaker_residential_RoomWindow_01/meshes/aws_RoomWindow_01_collision.DAE\n'}
[2.072439] (two_wheeled_robot) StdoutLine: {'line': b'-- Up-to-date: /home/greyflon/lab_2025/install/two_wheeled_robot/share/two_wheeled_robot/models/aws_robomaker_residential_RoomWindow_01/materials\n'}
[2.072498] (two_wheeled_robot) StdoutLine: {'line': b'-- Up-to-date: /home/greyflon/lab_2025/install/two_wheeled_robot/share/two_wheeled_robot/models/aws_robomaker_residential_RoomWindow_01/materials/textures\n'}
[2.072556] (two_wheeled_robot) StdoutLine: {'line': b'-- Up-to-date: /home/greyflon/lab_2025/install/two_wheeled_robot/share/two_wheeled_robot/models/aws_robomaker_residential_RoomWindow_01/materials/textures/aws_RoomWindow_01.png\n'}
[2.072669] (two_wheeled_robot) StdoutLine: {'line': b'-- Up-to-date: /home/greyflon/lab_2025/install/two_wheeled_robot/share/two_wheeled_robot/models/aws_robomaker_residential_RoomWindow_01/model.sdf\n'}
[2.072749] (two_wheeled_robot) StdoutLine: {'line': b'-- Up-to-date: /home/greyflon/lab_2025/install/two_wheeled_robot/share/two_wheeled_robot/models/warehouse_pallet\n'}
[2.072825] (two_wheeled_robot) StdoutLine: {'line': b'-- Up-to-date: /home/greyflon/lab_2025/install/two_wheeled_robot/share/two_wheeled_robot/models/warehouse_pallet/model.config\n'}
[2.072885] (two_wheeled_robot) StdoutLine: {'line': b'-- Up-to-date: /home/greyflon/lab_2025/install/two_wheeled_robot/share/two_wheeled_robot/models/warehouse_pallet/model.sdf\n'}
[2.072944] (two_wheeled_robot) StdoutLine: {'line': b'-- Up-to-date: /home/greyflon/lab_2025/install/two_wheeled_robot/share/two_wheeled_robot/models/aws_robomaker_residential_SeasoningBox_01\n'}
[2.073026] (two_wheeled_robot) StdoutLine: {'line': b'-- Up-to-date: /home/greyflon/lab_2025/install/two_wheeled_robot/share/two_wheeled_robot/models/aws_robomaker_residential_SeasoningBox_01/model.config\n'}
[2.073086] (two_wheeled_robot) StdoutLine: {'line': b'-- Up-to-date: /home/greyflon/lab_2025/install/two_wheeled_robot/share/two_wheeled_robot/models/aws_robomaker_residential_SeasoningBox_01/meshes\n'}
[2.073144] (two_wheeled_robot) StdoutLine: {'line': b'-- Up-to-date: /home/greyflon/lab_2025/install/two_wheeled_robot/share/two_wheeled_robot/models/aws_robomaker_residential_SeasoningBox_01/meshes/aws_SeasoningBox_01_collision.DAE\n'}
[2.073233] (two_wheeled_robot) StdoutLine: {'line': b'-- Up-to-date: /home/greyflon/lab_2025/install/two_wheeled_robot/share/two_wheeled_robot/models/aws_robomaker_residential_SeasoningBox_01/meshes/aws_SeasoningBox_01_visual.DAE\n'}
[2.073308] (two_wheeled_robot) StdoutLine: {'line': b'-- Up-to-date: /home/greyflon/lab_2025/install/two_wheeled_robot/share/two_wheeled_robot/models/aws_robomaker_residential_SeasoningBox_01/materials\n'}
[2.073398] (two_wheeled_robot) StdoutLine: {'line': b'-- Up-to-date: /home/greyflon/lab_2025/install/two_wheeled_robot/share/two_wheeled_robot/models/aws_robomaker_residential_SeasoningBox_01/materials/textures\n'}
[2.073473] (two_wheeled_robot) StdoutLine: {'line': b'-- Up-to-date: /home/greyflon/lab_2025/install/two_wheeled_robot/share/two_wheeled_robot/models/aws_robomaker_residential_SeasoningBox_01/materials/textures/aws_SeasoningBox_01.png\n'}
[2.073549] (two_wheeled_robot) StdoutLine: {'line': b'-- Up-to-date: /home/greyflon/lab_2025/install/two_wheeled_robot/share/two_wheeled_robot/models/aws_robomaker_residential_SeasoningBox_01/model.sdf\n'}
[2.073631] (two_wheeled_robot) StdoutLine: {'line': b'-- Up-to-date: /home/greyflon/lab_2025/install/two_wheeled_robot/share/two_wheeled_robot/models/aws_robomaker_residential_DeskPortraitA_01\n'}
[2.073711] (two_wheeled_robot) StdoutLine: {'line': b'-- Up-to-date: /home/greyflon/lab_2025/install/two_wheeled_robot/share/two_wheeled_robot/models/aws_robomaker_residential_DeskPortraitA_01/model.config\n'}
[2.073783] (two_wheeled_robot) StdoutLine: {'line': b'-- Up-to-date: /home/greyflon/lab_2025/install/two_wheeled_robot/share/two_wheeled_robot/models/aws_robomaker_residential_DeskPortraitA_01/meshes\n'}
[2.073923] (two_wheeled_robot) StdoutLine: {'line': b'-- Up-to-date: /home/greyflon/lab_2025/install/two_wheeled_robot/share/two_wheeled_robot/models/aws_robomaker_residential_DeskPortraitA_01/meshes/aws_DeskPortraitA_01_visual.DAE\n'}
[2.074013] (two_wheeled_robot) StdoutLine: {'line': b'-- Up-to-date: /home/greyflon/lab_2025/install/two_wheeled_robot/share/two_wheeled_robot/models/aws_robomaker_residential_DeskPortraitA_01/meshes/aws_DeskPortraitA_01_collision.DAE\n'}
[2.074073] (two_wheeled_robot) StdoutLine: {'line': b'-- Up-to-date: /home/greyflon/lab_2025/install/two_wheeled_robot/share/two_wheeled_robot/models/aws_robomaker_residential_DeskPortraitA_01/materials\n'}
[2.074168] (two_wheeled_robot) StdoutLine: {'line': b'-- Up-to-date: /home/greyflon/lab_2025/install/two_wheeled_robot/share/two_wheeled_robot/models/aws_robomaker_residential_DeskPortraitA_01/materials/textures\n'}
[2.074368] (two_wheeled_robot) StdoutLine: {'line': b'-- Up-to-date: /home/greyflon/lab_2025/install/two_wheeled_robot/share/two_wheeled_robot/models/aws_robomaker_residential_DeskPortraitA_01/materials/textures/aws_DeskPortraitA_01.png\n'}
[2.074465] (two_wheeled_robot) StdoutLine: {'line': b'-- Up-to-date: /home/greyflon/lab_2025/install/two_wheeled_robot/share/two_wheeled_robot/models/aws_robomaker_residential_DeskPortraitA_01/materials/textures/DeskPortraitA_01.jpg\n'}
[2.074528] (two_wheeled_robot) StdoutLine: {'line': b'-- Up-to-date: /home/greyflon/lab_2025/install/two_wheeled_robot/share/two_wheeled_robot/models/aws_robomaker_residential_DeskPortraitA_01/materials/textures/aws_DeskPortraitA_02.png\n'}
[2.074612] (two_wheeled_robot) StdoutLine: {'line': b'-- Up-to-date: /home/greyflon/lab_2025/install/two_wheeled_robot/share/two_wheeled_robot/models/aws_robomaker_residential_DeskPortraitA_01/model.sdf\n'}
[2.074672] (two_wheeled_robot) StdoutLine: {'line': b'-- Up-to-date: /home/greyflon/lab_2025/install/two_wheeled_robot/share/two_wheeled_robot/models/house_2\n'}
[2.074755] (two_wheeled_robot) StdoutLine: {'line': b'-- Up-to-date: /home/greyflon/lab_2025/install/two_wheeled_robot/share/two_wheeled_robot/models/house_2/model-1_4.sdf\n'}
[2.074837] (two_wheeled_robot) StdoutLine: {'line': b'-- Up-to-date: /home/greyflon/lab_2025/install/two_wheeled_robot/share/two_wheeled_robot/models/house_2/model.config\n'}
[2.074919] (two_wheeled_robot) StdoutLine: {'line': b'-- Up-to-date: /home/greyflon/lab_2025/install/two_wheeled_robot/share/two_wheeled_robot/models/house_2/meshes\n'}
[2.075028] (two_wheeled_robot) StdoutLine: {'line': b'-- Up-to-date: /home/greyflon/lab_2025/install/two_wheeled_robot/share/two_wheeled_robot/models/house_2/meshes/house_2.dae\n'}
[2.075101] (two_wheeled_robot) StdoutLine: {'line': b'-- Up-to-date: /home/greyflon/lab_2025/install/two_wheeled_robot/share/two_wheeled_robot/models/house_2/materials\n'}
[2.075181] (two_wheeled_robot) StdoutLine: {'line': b'-- Up-to-date: /home/greyflon/lab_2025/install/two_wheeled_robot/share/two_wheeled_robot/models/house_2/materials/scripts\n'}
[2.075373] (two_wheeled_robot) StdoutLine: {'line': b'-- Up-to-date: /home/greyflon/lab_2025/install/two_wheeled_robot/share/two_wheeled_robot/models/house_2/materials/scripts/house_2.material\n'}
[2.075474] (two_wheeled_robot) StdoutLine: {'line': b'-- Up-to-date: /home/greyflon/lab_2025/install/two_wheeled_robot/share/two_wheeled_robot/models/house_2/materials/textures\n'}
[2.075593] (two_wheeled_robot) StdoutLine: {'line': b'-- Up-to-date: /home/greyflon/lab_2025/install/two_wheeled_robot/share/two_wheeled_robot/models/house_2/materials/textures/House_2_Diffuse.png\n'}
[2.075705] (two_wheeled_robot) StdoutLine: {'line': b'-- Up-to-date: /home/greyflon/lab_2025/install/two_wheeled_robot/share/two_wheeled_robot/models/house_2/model.sdf\n'}
[2.075771] (two_wheeled_robot) StdoutLine: {'line': b'-- Up-to-date: /home/greyflon/lab_2025/install/two_wheeled_robot/share/two_wheeled_robot/models/house_2/model-1_3.sdf\n'}
[2.075830] (two_wheeled_robot) StdoutLine: {'line': b'-- Up-to-date: /home/greyflon/lab_2025/install/two_wheeled_robot/share/two_wheeled_robot/models/InstrumentCart1\n'}
[2.075916] (two_wheeled_robot) StdoutLine: {'line': b'-- Up-to-date: /home/greyflon/lab_2025/install/two_wheeled_robot/share/two_wheeled_robot/models/InstrumentCart1/model.config\n'}
[2.075986] (two_wheeled_robot) StdoutLine: {'line': b'-- Up-to-date: /home/greyflon/lab_2025/install/two_wheeled_robot/share/two_wheeled_robot/models/InstrumentCart1/meshes\n'}
[2.076105] (two_wheeled_robot) StdoutLine: {'line': b'-- Up-to-date: /home/greyflon/lab_2025/install/two_wheeled_robot/share/two_wheeled_robot/models/InstrumentCart1/meshes/InstrumentCart1.mtl\n'}
[2.076202] (two_wheeled_robot) StdoutLine: {'line': b'-- Up-to-date: /home/greyflon/lab_2025/install/two_wheeled_robot/share/two_wheeled_robot/models/InstrumentCart1/meshes/texture.png\n'}
[2.076286] (two_wheeled_robot) StdoutLine: {'line': b'-- Up-to-date: /home/greyflon/lab_2025/install/two_wheeled_robot/share/two_wheeled_robot/models/InstrumentCart1/meshes/InstrumentCart1.obj\n'}
[2.076357] (two_wheeled_robot) StdoutLine: {'line': b'-- Up-to-date: /home/greyflon/lab_2025/install/two_wheeled_robot/share/two_wheeled_robot/models/InstrumentCart1/thumbnails\n'}
[2.076443] (two_wheeled_robot) StdoutLine: {'line': b'-- Up-to-date: /home/greyflon/lab_2025/install/two_wheeled_robot/share/two_wheeled_robot/models/InstrumentCart1/thumbnails/5.png\n'}
[2.076546] (two_wheeled_robot) StdoutLine: {'line': b'-- Up-to-date: /home/greyflon/lab_2025/install/two_wheeled_robot/share/two_wheeled_robot/models/InstrumentCart1/thumbnails/1.png\n'}
[2.076613] (two_wheeled_robot) StdoutLine: {'line': b'-- Up-to-date: /home/greyflon/lab_2025/install/two_wheeled_robot/share/two_wheeled_robot/models/InstrumentCart1/thumbnails/2.png\n'}
[2.076677] (two_wheeled_robot) StdoutLine: {'line': b'-- Up-to-date: /home/greyflon/lab_2025/install/two_wheeled_robot/share/two_wheeled_robot/models/InstrumentCart1/thumbnails/4.png\n'}
[2.076771] (two_wheeled_robot) StdoutLine: {'line': b'-- Up-to-date: /home/greyflon/lab_2025/install/two_wheeled_robot/share/two_wheeled_robot/models/InstrumentCart1/thumbnails/3.png\n'}
[2.076838] (two_wheeled_robot) StdoutLine: {'line': b'-- Up-to-date: /home/greyflon/lab_2025/install/two_wheeled_robot/share/two_wheeled_robot/models/InstrumentCart1/model.sdf\n'}
[2.076902] (two_wheeled_robot) StdoutLine: {'line': b'-- Up-to-date: /home/greyflon/lab_2025/install/two_wheeled_robot/share/two_wheeled_robot/models/aws_robomaker_residential_PortraitC_01\n'}
[2.076996] (two_wheeled_robot) StdoutLine: {'line': b'-- Up-to-date: /home/greyflon/lab_2025/install/two_wheeled_robot/share/two_wheeled_robot/models/aws_robomaker_residential_PortraitC_01/model.config\n'}
[2.077065] (two_wheeled_robot) StdoutLine: {'line': b'-- Up-to-date: /home/greyflon/lab_2025/install/two_wheeled_robot/share/two_wheeled_robot/models/aws_robomaker_residential_PortraitC_01/meshes\n'}
[2.077161] (two_wheeled_robot) StdoutLine: {'line': b'-- Up-to-date: /home/greyflon/lab_2025/install/two_wheeled_robot/share/two_wheeled_robot/models/aws_robomaker_residential_PortraitC_01/meshes/aws_PortraitC_01_collision.DAE\n'}
[2.077225] (two_wheeled_robot) StdoutLine: {'line': b'-- Up-to-date: /home/greyflon/lab_2025/install/two_wheeled_robot/share/two_wheeled_robot/models/aws_robomaker_residential_PortraitC_01/meshes/aws_PortraitC_01_visual.DAE\n'}
[2.077314] (two_wheeled_robot) StdoutLine: {'line': b'-- Up-to-date: /home/greyflon/lab_2025/install/two_wheeled_robot/share/two_wheeled_robot/models/aws_robomaker_residential_PortraitC_01/materials\n'}
[2.077381] (two_wheeled_robot) StdoutLine: {'line': b'-- Up-to-date: /home/greyflon/lab_2025/install/two_wheeled_robot/share/two_wheeled_robot/models/aws_robomaker_residential_PortraitC_01/materials/textures\n'}
[2.077479] (two_wheeled_robot) StdoutLine: {'line': b'-- Up-to-date: /home/greyflon/lab_2025/install/two_wheeled_robot/share/two_wheeled_robot/models/aws_robomaker_residential_PortraitC_01/materials/textures/aws_PortraitC_02.png\n'}
[2.077577] (two_wheeled_robot) StdoutLine: {'line': b'-- Up-to-date: /home/greyflon/lab_2025/install/two_wheeled_robot/share/two_wheeled_robot/models/aws_robomaker_residential_PortraitC_01/materials/textures/aws_PortraitC_01.png\n'}
[2.077643] (two_wheeled_robot) StdoutLine: {'line': b'-- Up-to-date: /home/greyflon/lab_2025/install/two_wheeled_robot/share/two_wheeled_robot/models/aws_robomaker_residential_PortraitC_01/materials/textures/PortraitC_01.jpg\n'}
[2.077738] (two_wheeled_robot) StdoutLine: {'line': b'-- Up-to-date: /home/greyflon/lab_2025/install/two_wheeled_robot/share/two_wheeled_robot/models/aws_robomaker_residential_PortraitC_01/model.sdf\n'}
[2.077802] (two_wheeled_robot) StdoutLine: {'line': b'-- Up-to-date: /home/greyflon/lab_2025/install/two_wheeled_robot/share/two_wheeled_robot/models/aws_robomaker_residential_PortraitE_02\n'}
[2.077889] (two_wheeled_robot) StdoutLine: {'line': b'-- Up-to-date: /home/greyflon/lab_2025/install/two_wheeled_robot/share/two_wheeled_robot/models/aws_robomaker_residential_PortraitE_02/model.config\n'}
[2.077963] (two_wheeled_robot) StdoutLine: {'line': b'-- Up-to-date: /home/greyflon/lab_2025/install/two_wheeled_robot/share/two_wheeled_robot/models/aws_robomaker_residential_PortraitE_02/meshes\n'}
[2.078056] (two_wheeled_robot) StdoutLine: {'line': b'-- Up-to-date: /home/greyflon/lab_2025/install/two_wheeled_robot/share/two_wheeled_robot/models/aws_robomaker_residential_PortraitE_02/meshes/aws_PortraitE_01_visual.DAE\n'}
[2.078154] (two_wheeled_robot) StdoutLine: {'line': b'-- Up-to-date: /home/greyflon/lab_2025/install/two_wheeled_robot/share/two_wheeled_robot/models/aws_robomaker_residential_PortraitE_02/meshes/aws_PortraitE_01_collision.DAE\n'}
[2.078225] (two_wheeled_robot) StdoutLine: {'line': b'-- Up-to-date: /home/greyflon/lab_2025/install/two_wheeled_robot/share/two_wheeled_robot/models/aws_robomaker_residential_PortraitE_02/materials\n'}
[2.078315] (two_wheeled_robot) StdoutLine: {'line': b'-- Up-to-date: /home/greyflon/lab_2025/install/two_wheeled_robot/share/two_wheeled_robot/models/aws_robomaker_residential_PortraitE_02/materials/textures\n'}
[2.078506] (two_wheeled_robot) StdoutLine: {'line': b'-- Up-to-date: /home/greyflon/lab_2025/install/two_wheeled_robot/share/two_wheeled_robot/models/aws_robomaker_residential_PortraitE_02/materials/textures/aws_PortraitE_01.png\n'}
[2.078596] (two_wheeled_robot) StdoutLine: {'line': b'-- Up-to-date: /home/greyflon/lab_2025/install/two_wheeled_robot/share/two_wheeled_robot/models/aws_robomaker_residential_PortraitE_02/materials/textures/aws_PortraitE_02.png\n'}
[2.078665] (two_wheeled_robot) StdoutLine: {'line': b'-- Up-to-date: /home/greyflon/lab_2025/install/two_wheeled_robot/share/two_wheeled_robot/models/aws_robomaker_residential_PortraitE_02/materials/textures/PortraitE_02.jpg\n'}
[2.078809] (two_wheeled_robot) StdoutLine: {'line': b'-- Up-to-date: /home/greyflon/lab_2025/install/two_wheeled_robot/share/two_wheeled_robot/models/aws_robomaker_residential_PortraitE_02/model.sdf\n'}
[2.078908] (two_wheeled_robot) StdoutLine: {'line': b'-- Up-to-date: /home/greyflon/lab_2025/install/two_wheeled_robot/share/two_wheeled_robot/models/aws_robomaker_residential_ChairA_01\n'}
[2.079006] (two_wheeled_robot) StdoutLine: {'line': b'-- Up-to-date: /home/greyflon/lab_2025/install/two_wheeled_robot/share/two_wheeled_robot/models/aws_robomaker_residential_ChairA_01/model.config\n'}
[2.079077] (two_wheeled_robot) StdoutLine: {'line': b'-- Up-to-date: /home/greyflon/lab_2025/install/two_wheeled_robot/share/two_wheeled_robot/models/aws_robomaker_residential_ChairA_01/meshes\n'}
[2.079165] (two_wheeled_robot) StdoutLine: {'line': b'-- Up-to-date: /home/greyflon/lab_2025/install/two_wheeled_robot/share/two_wheeled_robot/models/aws_robomaker_residential_ChairA_01/meshes/aws_ChairA_01_visual.DAE\n'}
[2.079224] (two_wheeled_robot) StdoutLine: {'line': b'-- Up-to-date: /home/greyflon/lab_2025/install/two_wheeled_robot/share/two_wheeled_robot/models/aws_robomaker_residential_ChairA_01/meshes/aws_ChairA_01_collision.DAE\n'}
[2.079284] (two_wheeled_robot) StdoutLine: {'line': b'-- Up-to-date: /home/greyflon/lab_2025/install/two_wheeled_robot/share/two_wheeled_robot/models/aws_robomaker_residential_ChairA_01/materials\n'}
[2.079376] (two_wheeled_robot) StdoutLine: {'line': b'-- Up-to-date: /home/greyflon/lab_2025/install/two_wheeled_robot/share/two_wheeled_robot/models/aws_robomaker_residential_ChairA_01/materials/textures\n'}
[2.079526] (two_wheeled_robot) StdoutLine: {'line': b'-- Up-to-date: /home/greyflon/lab_2025/install/two_wheeled_robot/share/two_wheeled_robot/models/aws_robomaker_residential_ChairA_01/materials/textures/aws_ChairA_01.png\n'}
[2.079617] (two_wheeled_robot) StdoutLine: {'line': b'-- Up-to-date: /home/greyflon/lab_2025/install/two_wheeled_robot/share/two_wheeled_robot/models/aws_robomaker_residential_ChairA_01/model.sdf\n'}
[2.079676] (two_wheeled_robot) StdoutLine: {'line': b'-- Up-to-date: /home/greyflon/lab_2025/install/two_wheeled_robot/share/two_wheeled_robot/models/aws_robomaker_residential_KitchenCabinet_01\n'}
[2.079771] (two_wheeled_robot) StdoutLine: {'line': b'-- Up-to-date: /home/greyflon/lab_2025/install/two_wheeled_robot/share/two_wheeled_robot/models/aws_robomaker_residential_KitchenCabinet_01/model.config\n'}
[2.079855] (two_wheeled_robot) StdoutLine: {'line': b'-- Up-to-date: /home/greyflon/lab_2025/install/two_wheeled_robot/share/two_wheeled_robot/models/aws_robomaker_residential_KitchenCabinet_01/meshes\n'}
[2.079993] (two_wheeled_robot) StdoutLine: {'line': b'-- Up-to-date: /home/greyflon/lab_2025/install/two_wheeled_robot/share/two_wheeled_robot/models/aws_robomaker_residential_KitchenCabinet_01/meshes/aws_KitchenCabinet_01_collision.DAE\n'}
[2.080064] (two_wheeled_robot) StdoutLine: {'line': b'-- Up-to-date: /home/greyflon/lab_2025/install/two_wheeled_robot/share/two_wheeled_robot/models/aws_robomaker_residential_KitchenCabinet_01/meshes/aws_KitchenCabinet_01_visual.DAE\n'}
[2.080146] (two_wheeled_robot) StdoutLine: {'line': b'-- Up-to-date: /home/greyflon/lab_2025/install/two_wheeled_robot/share/two_wheeled_robot/models/aws_robomaker_residential_KitchenCabinet_01/materials\n'}
[2.080239] (two_wheeled_robot) StdoutLine: {'line': b'-- Up-to-date: /home/greyflon/lab_2025/install/two_wheeled_robot/share/two_wheeled_robot/models/aws_robomaker_residential_KitchenCabinet_01/materials/textures\n'}
[2.080434] (two_wheeled_robot) StdoutLine: {'line': b'-- Up-to-date: /home/greyflon/lab_2025/install/two_wheeled_robot/share/two_wheeled_robot/models/aws_robomaker_residential_KitchenCabinet_01/materials/textures/aws_KitchenCabinet_01.png\n'}
[2.080518] (two_wheeled_robot) StdoutLine: {'line': b'-- Up-to-date: /home/greyflon/lab_2025/install/two_wheeled_robot/share/two_wheeled_robot/models/aws_robomaker_residential_KitchenCabinet_01/model.sdf\n'}
[2.080578] (two_wheeled_robot) StdoutLine: {'line': b'-- Up-to-date: /home/greyflon/lab_2025/install/two_wheeled_robot/share/two_wheeled_robot/models/aws_robomaker_residential_FitnessEquipment_01\n'}
[2.080684] (two_wheeled_robot) StdoutLine: {'line': b'-- Up-to-date: /home/greyflon/lab_2025/install/two_wheeled_robot/share/two_wheeled_robot/models/aws_robomaker_residential_FitnessEquipment_01/model.config\n'}
[2.080768] (two_wheeled_robot) StdoutLine: {'line': b'-- Up-to-date: /home/greyflon/lab_2025/install/two_wheeled_robot/share/two_wheeled_robot/models/aws_robomaker_residential_FitnessEquipment_01/meshes\n'}
[2.080908] (two_wheeled_robot) StdoutLine: {'line': b'-- Up-to-date: /home/greyflon/lab_2025/install/two_wheeled_robot/share/two_wheeled_robot/models/aws_robomaker_residential_FitnessEquipment_01/meshes/aws_FitnessEquipment_01_collision.DAE\n'}
[2.080975] (two_wheeled_robot) StdoutLine: {'line': b'-- Up-to-date: /home/greyflon/lab_2025/install/two_wheeled_robot/share/two_wheeled_robot/models/aws_robomaker_residential_FitnessEquipment_01/meshes/aws_FitnessEquipment_01_visual.DAE\n'}
[2.081059] (two_wheeled_robot) StdoutLine: {'line': b'-- Up-to-date: /home/greyflon/lab_2025/install/two_wheeled_robot/share/two_wheeled_robot/models/aws_robomaker_residential_FitnessEquipment_01/materials\n'}
[2.081155] (two_wheeled_robot) StdoutLine: {'line': b'-- Up-to-date: /home/greyflon/lab_2025/install/two_wheeled_robot/share/two_wheeled_robot/models/aws_robomaker_residential_FitnessEquipment_01/materials/textures\n'}
[2.081353] (two_wheeled_robot) StdoutLine: {'line': b'-- Up-to-date: /home/greyflon/lab_2025/install/two_wheeled_robot/share/two_wheeled_robot/models/aws_robomaker_residential_FitnessEquipment_01/materials/textures/aws_FitnessEquipment_01.png\n'}
[2.081449] (two_wheeled_robot) StdoutLine: {'line': b'-- Up-to-date: /home/greyflon/lab_2025/install/two_wheeled_robot/share/two_wheeled_robot/models/aws_robomaker_residential_FitnessEquipment_01/model.sdf\n'}
[2.081508] (two_wheeled_robot) StdoutLine: {'line': b'-- Up-to-date: /home/greyflon/lab_2025/install/two_wheeled_robot/share/two_wheeled_robot/models/aws_robomaker_residential_Handle_01\n'}
[2.081621] (two_wheeled_robot) StdoutLine: {'line': b'-- Up-to-date: /home/greyflon/lab_2025/install/two_wheeled_robot/share/two_wheeled_robot/models/aws_robomaker_residential_Handle_01/model.config\n'}
[2.081705] (two_wheeled_robot) StdoutLine: {'line': b'-- Up-to-date: /home/greyflon/lab_2025/install/two_wheeled_robot/share/two_wheeled_robot/models/aws_robomaker_residential_Handle_01/meshes\n'}
[2.081838] (two_wheeled_robot) StdoutLine: {'line': b'-- Up-to-date: /home/greyflon/lab_2025/install/two_wheeled_robot/share/two_wheeled_robot/models/aws_robomaker_residential_Handle_01/meshes/aws_Handle_01_collision.DAE\n'}
[2.081930] (two_wheeled_robot) StdoutLine: {'line': b'-- Up-to-date: /home/greyflon/lab_2025/install/two_wheeled_robot/share/two_wheeled_robot/models/aws_robomaker_residential_Handle_01/meshes/aws_Handle_01_visual.DAE\n'}
[2.081988] (two_wheeled_robot) StdoutLine: {'line': b'-- Up-to-date: /home/greyflon/lab_2025/install/two_wheeled_robot/share/two_wheeled_robot/models/aws_robomaker_residential_Handle_01/materials\n'}
[2.082085] (two_wheeled_robot) StdoutLine: {'line': b'-- Up-to-date: /home/greyflon/lab_2025/install/two_wheeled_robot/share/two_wheeled_robot/models/aws_robomaker_residential_Handle_01/materials/textures\n'}
[2.082273] (two_wheeled_robot) StdoutLine: {'line': b'-- Up-to-date: /home/greyflon/lab_2025/install/two_wheeled_robot/share/two_wheeled_robot/models/aws_robomaker_residential_Handle_01/materials/textures/aws_Handle_01.png\n'}
[2.082369] (two_wheeled_robot) StdoutLine: {'line': b'-- Up-to-date: /home/greyflon/lab_2025/install/two_wheeled_robot/share/two_wheeled_robot/models/aws_robomaker_residential_Handle_01/model.sdf\n'}
[2.082425] (two_wheeled_robot) StdoutLine: {'line': b'-- Up-to-date: /home/greyflon/lab_2025/install/two_wheeled_robot/share/two_wheeled_robot/models/conference_table_large\n'}
[2.082525] (two_wheeled_robot) StdoutLine: {'line': b'-- Up-to-date: /home/greyflon/lab_2025/install/two_wheeled_robot/share/two_wheeled_robot/models/conference_table_large/model.config\n'}
[2.082609] (two_wheeled_robot) StdoutLine: {'line': b'-- Up-to-date: /home/greyflon/lab_2025/install/two_wheeled_robot/share/two_wheeled_robot/models/conference_table_large/meshes\n'}
[2.082746] (two_wheeled_robot) StdoutLine: {'line': b'-- Up-to-date: /home/greyflon/lab_2025/install/two_wheeled_robot/share/two_wheeled_robot/models/conference_table_large/meshes/conference_table_large.mtl\n'}
[2.082921] (two_wheeled_robot) StdoutLine: {'line': b'-- Up-to-date: /home/greyflon/lab_2025/install/two_wheeled_robot/share/two_wheeled_robot/models/conference_table_large/meshes/conference_table_large.obj\n'}
[2.083009] (two_wheeled_robot) StdoutLine: {'line': b'-- Up-to-date: /home/greyflon/lab_2025/install/two_wheeled_robot/share/two_wheeled_robot/models/conference_table_large/model.sdf\n'}
[2.083090] (two_wheeled_robot) StdoutLine: {'line': b'-- Up-to-date: /home/greyflon/lab_2025/install/two_wheeled_robot/share/two_wheeled_robot/models/office_lamp\n'}
[2.083186] (two_wheeled_robot) StdoutLine: {'line': b'-- Up-to-date: /home/greyflon/lab_2025/install/two_wheeled_robot/share/two_wheeled_robot/models/office_lamp/model.config\n'}
[2.083313] (two_wheeled_robot) StdoutLine: {'line': b'-- Up-to-date: /home/greyflon/lab_2025/install/two_wheeled_robot/share/two_wheeled_robot/models/office_lamp/meshes\n'}
[2.083429] (two_wheeled_robot) StdoutLine: {'line': b'-- Up-to-date: /home/greyflon/lab_2025/install/two_wheeled_robot/share/two_wheeled_robot/models/office_lamp/meshes/office_lamp.dae\n'}
[2.083495] (two_wheeled_robot) StdoutLine: {'line': b'-- Up-to-date: /home/greyflon/lab_2025/install/two_wheeled_robot/share/two_wheeled_robot/models/office_lamp/materials\n'}
[2.083559] (two_wheeled_robot) StdoutLine: {'line': b'-- Up-to-date: /home/greyflon/lab_2025/install/two_wheeled_robot/share/two_wheeled_robot/models/office_lamp/materials/textures\n'}
[2.083654] (two_wheeled_robot) StdoutLine: {'line': b'-- Up-to-date: /home/greyflon/lab_2025/install/two_wheeled_robot/share/two_wheeled_robot/models/office_lamp/materials/textures/office_lamp_diffuse.png\n'}
[2.083719] (two_wheeled_robot) StdoutLine: {'line': b'-- Up-to-date: /home/greyflon/lab_2025/install/two_wheeled_robot/share/two_wheeled_robot/models/office_lamp/materials/textures/office_lamp_illumination.png\n'}
[2.083783] (two_wheeled_robot) StdoutLine: {'line': b'-- Up-to-date: /home/greyflon/lab_2025/install/two_wheeled_robot/share/two_wheeled_robot/models/office_lamp/materials/textures/office_lamp_specular.png\n'}
[2.083846] (two_wheeled_robot) StdoutLine: {'line': b'-- Up-to-date: /home/greyflon/lab_2025/install/two_wheeled_robot/share/two_wheeled_robot/models/office_lamp/model.sdf\n'}
[2.083909] (two_wheeled_robot) StdoutLine: {'line': b'-- Up-to-date: /home/greyflon/lab_2025/install/two_wheeled_robot/share/two_wheeled_robot/models/KitchenSink\n'}
[2.084002] (two_wheeled_robot) StdoutLine: {'line': b'-- Up-to-date: /home/greyflon/lab_2025/install/two_wheeled_robot/share/two_wheeled_robot/models/KitchenSink/model.config\n'}
[2.084116] (two_wheeled_robot) StdoutLine: {'line': b'-- Up-to-date: /home/greyflon/lab_2025/install/two_wheeled_robot/share/two_wheeled_robot/models/KitchenSink/meshes\n'}
[2.084198] (two_wheeled_robot) StdoutLine: {'line': b'-- Up-to-date: /home/greyflon/lab_2025/install/two_wheeled_robot/share/two_wheeled_robot/models/KitchenSink/meshes/kitchenSink.mtl\n'}
[2.084263] (two_wheeled_robot) StdoutLine: {'line': b'-- Up-to-date: /home/greyflon/lab_2025/install/two_wheeled_robot/share/two_wheeled_robot/models/KitchenSink/meshes/kitchenSink.obj\n'}
[2.084341] (two_wheeled_robot) StdoutLine: {'line': b'-- Up-to-date: /home/greyflon/lab_2025/install/two_wheeled_robot/share/two_wheeled_robot/models/KitchenSink/thumbnails\n'}
[2.084409] (two_wheeled_robot) StdoutLine: {'line': b'-- Up-to-date: /home/greyflon/lab_2025/install/two_wheeled_robot/share/two_wheeled_robot/models/KitchenSink/thumbnails/5.png\n'}
[2.084501] (two_wheeled_robot) StdoutLine: {'line': b'-- Up-to-date: /home/greyflon/lab_2025/install/two_wheeled_robot/share/two_wheeled_robot/models/KitchenSink/thumbnails/1.png\n'}
[2.084635] (two_wheeled_robot) StdoutLine: {'line': b'-- Up-to-date: /home/greyflon/lab_2025/install/two_wheeled_robot/share/two_wheeled_robot/models/KitchenSink/thumbnails/2.png\n'}
[2.084726] (two_wheeled_robot) StdoutLine: {'line': b'-- Up-to-date: /home/greyflon/lab_2025/install/two_wheeled_robot/share/two_wheeled_robot/models/KitchenSink/thumbnails/4.png\n'}
[2.084841] (two_wheeled_robot) StdoutLine: {'line': b'-- Up-to-date: /home/greyflon/lab_2025/install/two_wheeled_robot/share/two_wheeled_robot/models/KitchenSink/thumbnails/3.png\n'}
[2.084905] (two_wheeled_robot) StdoutLine: {'line': b'-- Up-to-date: /home/greyflon/lab_2025/install/two_wheeled_robot/share/two_wheeled_robot/models/KitchenSink/model.sdf\n'}
[2.084967] (two_wheeled_robot) StdoutLine: {'line': b'-- Up-to-date: /home/greyflon/lab_2025/install/two_wheeled_robot/share/two_wheeled_robot/models/prius_hybrid\n'}
[2.085030] (two_wheeled_robot) StdoutLine: {'line': b'-- Up-to-date: /home/greyflon/lab_2025/install/two_wheeled_robot/share/two_wheeled_robot/models/prius_hybrid/model.config\n'}
[2.085092] (two_wheeled_robot) StdoutLine: {'line': b'-- Up-to-date: /home/greyflon/lab_2025/install/two_wheeled_robot/share/two_wheeled_robot/models/prius_hybrid/meshes\n'}
[2.085185] (two_wheeled_robot) StdoutLine: {'line': b'-- Up-to-date: /home/greyflon/lab_2025/install/two_wheeled_robot/share/two_wheeled_robot/models/prius_hybrid/meshes/Hybrid.mtl\n'}
[2.085275] (two_wheeled_robot) StdoutLine: {'line': b'-- Up-to-date: /home/greyflon/lab_2025/install/two_wheeled_robot/share/two_wheeled_robot/models/prius_hybrid/meshes/Hybrid.obj\n'}
[2.085381] (two_wheeled_robot) StdoutLine: {'line': b'-- Up-to-date: /home/greyflon/lab_2025/install/two_wheeled_robot/share/two_wheeled_robot/models/prius_hybrid/materials\n'}
[2.085440] (two_wheeled_robot) StdoutLine: {'line': b'-- Up-to-date: /home/greyflon/lab_2025/install/two_wheeled_robot/share/two_wheeled_robot/models/prius_hybrid/materials/textures\n'}
[2.085548] (two_wheeled_robot) StdoutLine: {'line': b'-- Up-to-date: /home/greyflon/lab_2025/install/two_wheeled_robot/share/two_wheeled_robot/models/prius_hybrid/materials/textures/Hybrid_Interior.png\n'}
[2.085609] (two_wheeled_robot) StdoutLine: {'line': b'-- Up-to-date: /home/greyflon/lab_2025/install/two_wheeled_robot/share/two_wheeled_robot/models/prius_hybrid/materials/textures/Wheels3.png\n'}
[2.085667] (two_wheeled_robot) StdoutLine: {'line': b'-- Up-to-date: /home/greyflon/lab_2025/install/two_wheeled_robot/share/two_wheeled_robot/models/prius_hybrid/materials/textures/Hybrid.png\n'}
[2.085781] (two_wheeled_robot) StdoutLine: {'line': b'-- Up-to-date: /home/greyflon/lab_2025/install/two_wheeled_robot/share/two_wheeled_robot/models/prius_hybrid/model.sdf\n'}
[2.085839] (two_wheeled_robot) StdoutLine: {'line': b'-- Up-to-date: /home/greyflon/lab_2025/install/two_wheeled_robot/share/two_wheeled_robot/models/construction_barrel\n'}
[2.085892] (two_wheeled_robot) StdoutLine: {'line': b'-- Up-to-date: /home/greyflon/lab_2025/install/two_wheeled_robot/share/two_wheeled_robot/models/construction_barrel/model-1_4.sdf\n'}
[2.085959] (two_wheeled_robot) StdoutLine: {'line': b'-- Up-to-date: /home/greyflon/lab_2025/install/two_wheeled_robot/share/two_wheeled_robot/models/construction_barrel/model.config\n'}
[2.086017] (two_wheeled_robot) StdoutLine: {'line': b'-- Up-to-date: /home/greyflon/lab_2025/install/two_wheeled_robot/share/two_wheeled_robot/models/construction_barrel/meshes\n'}
[2.086075] (two_wheeled_robot) StdoutLine: {'line': b'-- Up-to-date: /home/greyflon/lab_2025/install/two_wheeled_robot/share/two_wheeled_robot/models/construction_barrel/meshes/construction_barrel.dae\n'}
[2.086133] (two_wheeled_robot) StdoutLine: {'line': b'-- Up-to-date: /home/greyflon/lab_2025/install/two_wheeled_robot/share/two_wheeled_robot/models/construction_barrel/materials\n'}
[2.086191] (two_wheeled_robot) StdoutLine: {'line': b'-- Up-to-date: /home/greyflon/lab_2025/install/two_wheeled_robot/share/two_wheeled_robot/models/construction_barrel/materials/textures\n'}
[2.086282] (two_wheeled_robot) StdoutLine: {'line': b'-- Up-to-date: /home/greyflon/lab_2025/install/two_wheeled_robot/share/two_wheeled_robot/models/construction_barrel/materials/textures/Construction_Barrel_Spec.png\n'}
[2.086411] (two_wheeled_robot) StdoutLine: {'line': b'-- Up-to-date: /home/greyflon/lab_2025/install/two_wheeled_robot/share/two_wheeled_robot/models/construction_barrel/materials/textures/Construction_Barrel_Diffuse.png\n'}
[2.086475] (two_wheeled_robot) StdoutLine: {'line': b'-- Up-to-date: /home/greyflon/lab_2025/install/two_wheeled_robot/share/two_wheeled_robot/models/construction_barrel/model.sdf\n'}
[2.086529] (two_wheeled_robot) StdoutLine: {'line': b'-- Up-to-date: /home/greyflon/lab_2025/install/two_wheeled_robot/share/two_wheeled_robot/models/construction_barrel/model-1_3.sdf\n'}
[2.086591] (two_wheeled_robot) StdoutLine: {'line': b'-- Up-to-date: /home/greyflon/lab_2025/install/two_wheeled_robot/share/two_wheeled_robot/models/BMWCart\n'}
[2.086650] (two_wheeled_robot) StdoutLine: {'line': b'-- Up-to-date: /home/greyflon/lab_2025/install/two_wheeled_robot/share/two_wheeled_robot/models/BMWCart/model.config\n'}
[2.086708] (two_wheeled_robot) StdoutLine: {'line': b'-- Up-to-date: /home/greyflon/lab_2025/install/two_wheeled_robot/share/two_wheeled_robot/models/BMWCart/meshes\n'}
[2.086794] (two_wheeled_robot) StdoutLine: {'line': b'-- Up-to-date: /home/greyflon/lab_2025/install/two_wheeled_robot/share/two_wheeled_robot/models/BMWCart/meshes/Cart_BMW_Col.mtl\n'}
[2.086914] (two_wheeled_robot) StdoutLine: {'line': b'-- Up-to-date: /home/greyflon/lab_2025/install/two_wheeled_robot/share/two_wheeled_robot/models/BMWCart/meshes/Cart_BMW.mtl\n'}
[2.086972] (two_wheeled_robot) StdoutLine: {'line': b'-- Up-to-date: /home/greyflon/lab_2025/install/two_wheeled_robot/share/two_wheeled_robot/models/BMWCart/meshes/Carts_Wheels_Diffuse.png\n'}
[2.087025] (two_wheeled_robot) StdoutLine: {'line': b'-- Up-to-date: /home/greyflon/lab_2025/install/two_wheeled_robot/share/two_wheeled_robot/models/BMWCart/meshes/Cart_BMW_Col.obj\n'}
[2.087084] (two_wheeled_robot) StdoutLine: {'line': b'-- Up-to-date: /home/greyflon/lab_2025/install/two_wheeled_robot/share/two_wheeled_robot/models/BMWCart/meshes/Cart_BMW_SpecGloss.png\n'}
[2.087141] (two_wheeled_robot) StdoutLine: {'line': b'-- Up-to-date: /home/greyflon/lab_2025/install/two_wheeled_robot/share/two_wheeled_robot/models/BMWCart/meshes/Cart_BMW_Diffuse.png\n'}
[2.087199] (two_wheeled_robot) StdoutLine: {'line': b'-- Up-to-date: /home/greyflon/lab_2025/install/two_wheeled_robot/share/two_wheeled_robot/models/BMWCart/meshes/Cart_BMW.obj\n'}
[2.087257] (two_wheeled_robot) StdoutLine: {'line': b'-- Up-to-date: /home/greyflon/lab_2025/install/two_wheeled_robot/share/two_wheeled_robot/models/BMWCart/meshes/Cart_BMW_Normal.png\n'}
[2.087329] (two_wheeled_robot) StdoutLine: {'line': b'-- Up-to-date: /home/greyflon/lab_2025/install/two_wheeled_robot/share/two_wheeled_robot/models/BMWCart/thumbnails\n'}
[2.087465] (two_wheeled_robot) StdoutLine: {'line': b'-- Up-to-date: /home/greyflon/lab_2025/install/two_wheeled_robot/share/two_wheeled_robot/models/BMWCart/thumbnails/5.png\n'}
[2.087541] (two_wheeled_robot) StdoutLine: {'line': b'-- Up-to-date: /home/greyflon/lab_2025/install/two_wheeled_robot/share/two_wheeled_robot/models/BMWCart/thumbnails/1.png\n'}
[2.087594] (two_wheeled_robot) StdoutLine: {'line': b'-- Up-to-date: /home/greyflon/lab_2025/install/two_wheeled_robot/share/two_wheeled_robot/models/BMWCart/thumbnails/2.png\n'}
[2.087647] (two_wheeled_robot) StdoutLine: {'line': b'-- Up-to-date: /home/greyflon/lab_2025/install/two_wheeled_robot/share/two_wheeled_robot/models/BMWCart/thumbnails/4.png\n'}
[2.087703] (two_wheeled_robot) StdoutLine: {'line': b'-- Up-to-date: /home/greyflon/lab_2025/install/two_wheeled_robot/share/two_wheeled_robot/models/BMWCart/thumbnails/3.png\n'}
[2.087761] (two_wheeled_robot) StdoutLine: {'line': b'-- Up-to-date: /home/greyflon/lab_2025/install/two_wheeled_robot/share/two_wheeled_robot/models/BMWCart/model.sdf\n'}
[2.087819] (two_wheeled_robot) StdoutLine: {'line': b'-- Up-to-date: /home/greyflon/lab_2025/install/two_wheeled_robot/share/two_wheeled_robot/models/PatientFSit\n'}
[2.087926] (two_wheeled_robot) StdoutLine: {'line': b'-- Up-to-date: /home/greyflon/lab_2025/install/two_wheeled_robot/share/two_wheeled_robot/models/PatientFSit/model.config\n'}
[2.087983] (two_wheeled_robot) StdoutLine: {'line': b'-- Up-to-date: /home/greyflon/lab_2025/install/two_wheeled_robot/share/two_wheeled_robot/models/PatientFSit/meshes\n'}
[2.088042] (two_wheeled_robot) StdoutLine: {'line': b'-- Up-to-date: /home/greyflon/lab_2025/install/two_wheeled_robot/share/two_wheeled_robot/models/PatientFSit/meshes/PatientFPurple.png\n'}
[2.088100] (two_wheeled_robot) StdoutLine: {'line': b'-- Up-to-date: /home/greyflon/lab_2025/install/two_wheeled_robot/share/two_wheeled_robot/models/PatientFSit/meshes/PatientFSit_Col.mtl\n'}
[2.088158] (two_wheeled_robot) StdoutLine: {'line': b'-- Up-to-date: /home/greyflon/lab_2025/install/two_wheeled_robot/share/two_wheeled_robot/models/PatientFSit/meshes/PatientFSit_Col.obj\n'}
[2.088266] (two_wheeled_robot) StdoutLine: {'line': b'-- Up-to-date: /home/greyflon/lab_2025/install/two_wheeled_robot/share/two_wheeled_robot/models/PatientFSit/meshes/PatientFSit.mtl\n'}
[2.088340] (two_wheeled_robot) StdoutLine: {'line': b'-- Up-to-date: /home/greyflon/lab_2025/install/two_wheeled_robot/share/two_wheeled_robot/models/PatientFSit/meshes/PatientFSit.obj\n'}
[2.088400] (two_wheeled_robot) StdoutLine: {'line': b'-- Up-to-date: /home/greyflon/lab_2025/install/two_wheeled_robot/share/two_wheeled_robot/models/PatientFSit/thumbnails\n'}
[2.088460] (two_wheeled_robot) StdoutLine: {'line': b'-- Up-to-date: /home/greyflon/lab_2025/install/two_wheeled_robot/share/two_wheeled_robot/models/PatientFSit/thumbnails/5.png\n'}
[2.088518] (two_wheeled_robot) StdoutLine: {'line': b'-- Up-to-date: /home/greyflon/lab_2025/install/two_wheeled_robot/share/two_wheeled_robot/models/PatientFSit/thumbnails/1.png\n'}
[2.088575] (two_wheeled_robot) StdoutLine: {'line': b'-- Up-to-date: /home/greyflon/lab_2025/install/two_wheeled_robot/share/two_wheeled_robot/models/PatientFSit/thumbnails/2.png\n'}
[2.088633] (two_wheeled_robot) StdoutLine: {'line': b'-- Up-to-date: /home/greyflon/lab_2025/install/two_wheeled_robot/share/two_wheeled_robot/models/PatientFSit/thumbnails/4.png\n'}
[2.088689] (two_wheeled_robot) StdoutLine: {'line': b'-- Up-to-date: /home/greyflon/lab_2025/install/two_wheeled_robot/share/two_wheeled_robot/models/PatientFSit/thumbnails/3.png\n'}
[2.088775] (two_wheeled_robot) StdoutLine: {'line': b'-- Up-to-date: /home/greyflon/lab_2025/install/two_wheeled_robot/share/two_wheeled_robot/models/PatientFSit/model.sdf\n'}
[2.088897] (two_wheeled_robot) StdoutLine: {'line': b'-- Up-to-date: /home/greyflon/lab_2025/install/two_wheeled_robot/share/two_wheeled_robot/models/VisitorKidSit\n'}
[2.088959] (two_wheeled_robot) StdoutLine: {'line': b'-- Up-to-date: /home/greyflon/lab_2025/install/two_wheeled_robot/share/two_wheeled_robot/models/VisitorKidSit/model.config\n'}
[2.089018] (two_wheeled_robot) StdoutLine: {'line': b'-- Up-to-date: /home/greyflon/lab_2025/install/two_wheeled_robot/share/two_wheeled_robot/models/VisitorKidSit/meshes\n'}
[2.089076] (two_wheeled_robot) StdoutLine: {'line': b'-- Up-to-date: /home/greyflon/lab_2025/install/two_wheeled_robot/share/two_wheeled_robot/models/VisitorKidSit/meshes/VisitorKidSit.mtl\n'}
[2.089133] (two_wheeled_robot) StdoutLine: {'line': b'-- Up-to-date: /home/greyflon/lab_2025/install/two_wheeled_robot/share/two_wheeled_robot/models/VisitorKidSit/meshes/VisitorKidSit_Col.obj\n'}
[2.089192] (two_wheeled_robot) StdoutLine: {'line': b'-- Up-to-date: /home/greyflon/lab_2025/install/two_wheeled_robot/share/two_wheeled_robot/models/VisitorKidSit/meshes/VisitorKidSit_Col.mtl\n'}
[2.089281] (two_wheeled_robot) StdoutLine: {'line': b'-- Up-to-date: /home/greyflon/lab_2025/install/two_wheeled_robot/share/two_wheeled_robot/models/VisitorKidSit/meshes/VisitorKidSit.obj\n'}
[2.089397] (two_wheeled_robot) StdoutLine: {'line': b'-- Up-to-date: /home/greyflon/lab_2025/install/two_wheeled_robot/share/two_wheeled_robot/models/VisitorKidSit/meshes/VisitorKidGreen.png\n'}
[2.089459] (two_wheeled_robot) StdoutLine: {'line': b'-- Up-to-date: /home/greyflon/lab_2025/install/two_wheeled_robot/share/two_wheeled_robot/models/VisitorKidSit/meshes/Book.png\n'}
[2.089517] (two_wheeled_robot) StdoutLine: {'line': b'-- Up-to-date: /home/greyflon/lab_2025/install/two_wheeled_robot/share/two_wheeled_robot/models/VisitorKidSit/thumbnails\n'}
[2.089620] (two_wheeled_robot) StdoutLine: {'line': b'-- Up-to-date: /home/greyflon/lab_2025/install/two_wheeled_robot/share/two_wheeled_robot/models/VisitorKidSit/thumbnails/5.png\n'}
[2.089696] (two_wheeled_robot) StdoutLine: {'line': b'-- Up-to-date: /home/greyflon/lab_2025/install/two_wheeled_robot/share/two_wheeled_robot/models/VisitorKidSit/thumbnails/1.png\n'}
[2.089754] (two_wheeled_robot) StdoutLine: {'line': b'-- Up-to-date: /home/greyflon/lab_2025/install/two_wheeled_robot/share/two_wheeled_robot/models/VisitorKidSit/thumbnails/2.png\n'}
[2.089811] (two_wheeled_robot) StdoutLine: {'line': b'-- Up-to-date: /home/greyflon/lab_2025/install/two_wheeled_robot/share/two_wheeled_robot/models/VisitorKidSit/thumbnails/4.png\n'}
[2.089869] (two_wheeled_robot) StdoutLine: {'line': b'-- Up-to-date: /home/greyflon/lab_2025/install/two_wheeled_robot/share/two_wheeled_robot/models/VisitorKidSit/thumbnails/3.png\n'}
[2.089926] (two_wheeled_robot) StdoutLine: {'line': b'-- Up-to-date: /home/greyflon/lab_2025/install/two_wheeled_robot/share/two_wheeled_robot/models/VisitorKidSit/model.sdf\n'}
[2.090028] (two_wheeled_robot) StdoutLine: {'line': b'-- Up-to-date: /home/greyflon/lab_2025/install/two_wheeled_robot/share/two_wheeled_robot/models/aws_robomaker_residential_KitchenTable_01\n'}
[2.090085] (two_wheeled_robot) StdoutLine: {'line': b'-- Up-to-date: /home/greyflon/lab_2025/install/two_wheeled_robot/share/two_wheeled_robot/models/aws_robomaker_residential_KitchenTable_01/model.config\n'}
[2.090145] (two_wheeled_robot) StdoutLine: {'line': b'-- Up-to-date: /home/greyflon/lab_2025/install/two_wheeled_robot/share/two_wheeled_robot/models/aws_robomaker_residential_KitchenTable_01/meshes\n'}
[2.090203] (two_wheeled_robot) StdoutLine: {'line': b'-- Up-to-date: /home/greyflon/lab_2025/install/two_wheeled_robot/share/two_wheeled_robot/models/aws_robomaker_residential_KitchenTable_01/meshes/aws_KitchenTable_01_collision.DAE\n'}
[2.090289] (two_wheeled_robot) StdoutLine: {'line': b'-- Up-to-date: /home/greyflon/lab_2025/install/two_wheeled_robot/share/two_wheeled_robot/models/aws_robomaker_residential_KitchenTable_01/meshes/aws_KitchenTable_01_visual.DAE\n'}
[2.090357] (two_wheeled_robot) StdoutLine: {'line': b'-- Up-to-date: /home/greyflon/lab_2025/install/two_wheeled_robot/share/two_wheeled_robot/models/aws_robomaker_residential_KitchenTable_01/materials\n'}
[2.090461] (two_wheeled_robot) StdoutLine: {'line': b'-- Up-to-date: /home/greyflon/lab_2025/install/two_wheeled_robot/share/two_wheeled_robot/models/aws_robomaker_residential_KitchenTable_01/materials/textures\n'}
[2.090515] (two_wheeled_robot) StdoutLine: {'line': b'-- Up-to-date: /home/greyflon/lab_2025/install/two_wheeled_robot/share/two_wheeled_robot/models/aws_robomaker_residential_KitchenTable_01/materials/textures/aws_KitchenTable_01.png\n'}
[2.090569] (two_wheeled_robot) StdoutLine: {'line': b'-- Up-to-date: /home/greyflon/lab_2025/install/two_wheeled_robot/share/two_wheeled_robot/models/aws_robomaker_residential_KitchenTable_01/model.sdf\n'}
[2.090628] (two_wheeled_robot) StdoutLine: {'line': b'-- Up-to-date: /home/greyflon/lab_2025/install/two_wheeled_robot/share/two_wheeled_robot/models/thrift_shop\n'}
[2.090741] (two_wheeled_robot) StdoutLine: {'line': b'-- Up-to-date: /home/greyflon/lab_2025/install/two_wheeled_robot/share/two_wheeled_robot/models/thrift_shop/model.config\n'}
[2.090909] (two_wheeled_robot) StdoutLine: {'line': b'-- Up-to-date: /home/greyflon/lab_2025/install/two_wheeled_robot/share/two_wheeled_robot/models/thrift_shop/meshes\n'}
[2.091043] (two_wheeled_robot) StdoutLine: {'line': b'-- Up-to-date: /home/greyflon/lab_2025/install/two_wheeled_robot/share/two_wheeled_robot/models/thrift_shop/meshes/thrift_shop.dae\n'}
[2.091112] (two_wheeled_robot) StdoutLine: {'line': b'-- Up-to-date: /home/greyflon/lab_2025/install/two_wheeled_robot/share/two_wheeled_robot/models/thrift_shop/materials\n'}
[2.091172] (two_wheeled_robot) StdoutLine: {'line': b'-- Up-to-date: /home/greyflon/lab_2025/install/two_wheeled_robot/share/two_wheeled_robot/models/thrift_shop/materials/textures\n'}
[2.091295] (two_wheeled_robot) StdoutLine: {'line': b'-- Up-to-date: /home/greyflon/lab_2025/install/two_wheeled_robot/share/two_wheeled_robot/models/thrift_shop/materials/textures/thrift_shop_diffuse.jpg\n'}
[2.091381] (two_wheeled_robot) StdoutLine: {'line': b'-- Up-to-date: /home/greyflon/lab_2025/install/two_wheeled_robot/share/two_wheeled_robot/models/thrift_shop/materials/textures/thrift_shop_spec.jpg\n'}
[2.091435] (two_wheeled_robot) StdoutLine: {'line': b'-- Up-to-date: /home/greyflon/lab_2025/install/two_wheeled_robot/share/two_wheeled_robot/models/thrift_shop/model.sdf\n'}
[2.091488] (two_wheeled_robot) StdoutLine: {'line': b'-- Up-to-date: /home/greyflon/lab_2025/install/two_wheeled_robot/share/two_wheeled_robot/models/ParkingTrolleyMax\n'}
[2.091586] (two_wheeled_robot) StdoutLine: {'line': b'-- Up-to-date: /home/greyflon/lab_2025/install/two_wheeled_robot/share/two_wheeled_robot/models/ParkingTrolleyMax/model.config\n'}
[2.091643] (two_wheeled_robot) StdoutLine: {'line': b'-- Up-to-date: /home/greyflon/lab_2025/install/two_wheeled_robot/share/two_wheeled_robot/models/ParkingTrolleyMax/meshes\n'}
[2.091741] (two_wheeled_robot) StdoutLine: {'line': b'-- Up-to-date: /home/greyflon/lab_2025/install/two_wheeled_robot/share/two_wheeled_robot/models/ParkingTrolleyMax/meshes/ParkingTrolleyMax.obj\n'}
[2.091826] (two_wheeled_robot) StdoutLine: {'line': b'-- Up-to-date: /home/greyflon/lab_2025/install/two_wheeled_robot/share/two_wheeled_robot/models/ParkingTrolleyMax/meshes/ParkingTrolleyMax_Diffuse.png\n'}
[2.091912] (two_wheeled_robot) StdoutLine: {'line': b'-- Up-to-date: /home/greyflon/lab_2025/install/two_wheeled_robot/share/two_wheeled_robot/models/ParkingTrolleyMax/meshes/ParkingTrolleyMax.mtl\n'}
[2.091998] (two_wheeled_robot) StdoutLine: {'line': b'-- Up-to-date: /home/greyflon/lab_2025/install/two_wheeled_robot/share/two_wheeled_robot/models/ParkingTrolleyMax/thumbnails\n'}
[2.092074] (two_wheeled_robot) StdoutLine: {'line': b'-- Up-to-date: /home/greyflon/lab_2025/install/two_wheeled_robot/share/two_wheeled_robot/models/ParkingTrolleyMax/thumbnails/5.png\n'}
[2.092160] (two_wheeled_robot) StdoutLine: {'line': b'-- Up-to-date: /home/greyflon/lab_2025/install/two_wheeled_robot/share/two_wheeled_robot/models/ParkingTrolleyMax/thumbnails/1.png\n'}
[2.092293] (two_wheeled_robot) StdoutLine: {'line': b'-- Up-to-date: /home/greyflon/lab_2025/install/two_wheeled_robot/share/two_wheeled_robot/models/ParkingTrolleyMax/thumbnails/2.png\n'}
[2.092379] (two_wheeled_robot) StdoutLine: {'line': b'-- Up-to-date: /home/greyflon/lab_2025/install/two_wheeled_robot/share/two_wheeled_robot/models/ParkingTrolleyMax/thumbnails/4.png\n'}
[2.092440] (two_wheeled_robot) StdoutLine: {'line': b'-- Up-to-date: /home/greyflon/lab_2025/install/two_wheeled_robot/share/two_wheeled_robot/models/ParkingTrolleyMax/thumbnails/3.png\n'}
[2.092504] (two_wheeled_robot) StdoutLine: {'line': b'-- Up-to-date: /home/greyflon/lab_2025/install/two_wheeled_robot/share/two_wheeled_robot/models/ParkingTrolleyMax/model.sdf\n'}
[2.092568] (two_wheeled_robot) StdoutLine: {'line': b'-- Up-to-date: /home/greyflon/lab_2025/install/two_wheeled_robot/share/two_wheeled_robot/models/InstrumentCart2\n'}
[2.092662] (two_wheeled_robot) StdoutLine: {'line': b'-- Up-to-date: /home/greyflon/lab_2025/install/two_wheeled_robot/share/two_wheeled_robot/models/InstrumentCart2/model.config\n'}
[2.092811] (two_wheeled_robot) StdoutLine: {'line': b'-- Up-to-date: /home/greyflon/lab_2025/install/two_wheeled_robot/share/two_wheeled_robot/models/InstrumentCart2/meshes\n'}
[2.092873] (two_wheeled_robot) StdoutLine: {'line': b'-- Up-to-date: /home/greyflon/lab_2025/install/two_wheeled_robot/share/two_wheeled_robot/models/InstrumentCart2/meshes/InstrumentCart2.obj\n'}
[2.092932] (two_wheeled_robot) StdoutLine: {'line': b'-- Up-to-date: /home/greyflon/lab_2025/install/two_wheeled_robot/share/two_wheeled_robot/models/InstrumentCart2/meshes/texture.png\n'}
[2.093003] (two_wheeled_robot) StdoutLine: {'line': b'-- Up-to-date: /home/greyflon/lab_2025/install/two_wheeled_robot/share/two_wheeled_robot/models/InstrumentCart2/meshes/InstrumentCart2.mtl\n'}
[2.093121] (two_wheeled_robot) StdoutLine: {'line': b'-- Up-to-date: /home/greyflon/lab_2025/install/two_wheeled_robot/share/two_wheeled_robot/models/InstrumentCart2/thumbnails\n'}
[2.093187] (two_wheeled_robot) StdoutLine: {'line': b'-- Up-to-date: /home/greyflon/lab_2025/install/two_wheeled_robot/share/two_wheeled_robot/models/InstrumentCart2/thumbnails/5.png\n'}
[2.093250] (two_wheeled_robot) StdoutLine: {'line': b'-- Up-to-date: /home/greyflon/lab_2025/install/two_wheeled_robot/share/two_wheeled_robot/models/InstrumentCart2/thumbnails/1.png\n'}
[2.093328] (two_wheeled_robot) StdoutLine: {'line': b'-- Up-to-date: /home/greyflon/lab_2025/install/two_wheeled_robot/share/two_wheeled_robot/models/InstrumentCart2/thumbnails/2.png\n'}
[2.093395] (two_wheeled_robot) StdoutLine: {'line': b'-- Up-to-date: /home/greyflon/lab_2025/install/two_wheeled_robot/share/two_wheeled_robot/models/InstrumentCart2/thumbnails/4.png\n'}
[2.093489] (two_wheeled_robot) StdoutLine: {'line': b'-- Up-to-date: /home/greyflon/lab_2025/install/two_wheeled_robot/share/two_wheeled_robot/models/InstrumentCart2/thumbnails/3.png\n'}
[2.093601] (two_wheeled_robot) StdoutLine: {'line': b'-- Up-to-date: /home/greyflon/lab_2025/install/two_wheeled_robot/share/two_wheeled_robot/models/InstrumentCart2/model.sdf\n'}
[2.093667] (two_wheeled_robot) StdoutLine: {'line': b'-- Up-to-date: /home/greyflon/lab_2025/install/two_wheeled_robot/share/two_wheeled_robot/models/Box\n'}
[2.093730] (two_wheeled_robot) StdoutLine: {'line': b'-- Up-to-date: /home/greyflon/lab_2025/install/two_wheeled_robot/share/two_wheeled_robot/models/Box/model.config\n'}
[2.093793] (two_wheeled_robot) StdoutLine: {'line': b'-- Up-to-date: /home/greyflon/lab_2025/install/two_wheeled_robot/share/two_wheeled_robot/models/Box/model.sdf\n'}
[2.093857] (two_wheeled_robot) StdoutLine: {'line': b'-- Up-to-date: /home/greyflon/lab_2025/install/two_wheeled_robot/share/two_wheeled_robot/models/aws_robomaker_residential_Carpet_01\n'}
[2.093949] (two_wheeled_robot) StdoutLine: {'line': b'-- Up-to-date: /home/greyflon/lab_2025/install/two_wheeled_robot/share/two_wheeled_robot/models/aws_robomaker_residential_Carpet_01/model.config\n'}
[2.094074] (two_wheeled_robot) StdoutLine: {'line': b'-- Up-to-date: /home/greyflon/lab_2025/install/two_wheeled_robot/share/two_wheeled_robot/models/aws_robomaker_residential_Carpet_01/meshes\n'}
[2.094154] (two_wheeled_robot) StdoutLine: {'line': b'-- Up-to-date: /home/greyflon/lab_2025/install/two_wheeled_robot/share/two_wheeled_robot/models/aws_robomaker_residential_Carpet_01/meshes/aws_Carpet_01_visual.DAE\n'}
[2.094213] (two_wheeled_robot) StdoutLine: {'line': b'-- Up-to-date: /home/greyflon/lab_2025/install/two_wheeled_robot/share/two_wheeled_robot/models/aws_robomaker_residential_Carpet_01/meshes/aws_Carpet_01_collision.DAE\n'}
[2.094272] (two_wheeled_robot) StdoutLine: {'line': b'-- Up-to-date: /home/greyflon/lab_2025/install/two_wheeled_robot/share/two_wheeled_robot/models/aws_robomaker_residential_Carpet_01/materials\n'}
[2.094353] (two_wheeled_robot) StdoutLine: {'line': b'-- Up-to-date: /home/greyflon/lab_2025/install/two_wheeled_robot/share/two_wheeled_robot/models/aws_robomaker_residential_Carpet_01/materials/textures\n'}
[2.094446] (two_wheeled_robot) StdoutLine: {'line': b'-- Up-to-date: /home/greyflon/lab_2025/install/two_wheeled_robot/share/two_wheeled_robot/models/aws_robomaker_residential_Carpet_01/materials/textures/aws_Carpet_01.png\n'}
[2.094566] (two_wheeled_robot) StdoutLine: {'line': b'-- Up-to-date: /home/greyflon/lab_2025/install/two_wheeled_robot/share/two_wheeled_robot/models/aws_robomaker_residential_Carpet_01/model.sdf\n'}
[2.094630] (two_wheeled_robot) StdoutLine: {'line': b'-- Up-to-date: /home/greyflon/lab_2025/install/two_wheeled_robot/share/two_wheeled_robot/models/ambulance\n'}
[2.094695] (two_wheeled_robot) StdoutLine: {'line': b'-- Up-to-date: /home/greyflon/lab_2025/install/two_wheeled_robot/share/two_wheeled_robot/models/ambulance/model.config\n'}
[2.094781] (two_wheeled_robot) StdoutLine: {'line': b'-- Up-to-date: /home/greyflon/lab_2025/install/two_wheeled_robot/share/two_wheeled_robot/models/ambulance/meshes\n'}
[2.094865] (two_wheeled_robot) StdoutLine: {'line': b'-- Up-to-date: /home/greyflon/lab_2025/install/two_wheeled_robot/share/two_wheeled_robot/models/ambulance/meshes/ambulance.obj\n'}
[2.094929] (two_wheeled_robot) StdoutLine: {'line': b'-- Up-to-date: /home/greyflon/lab_2025/install/two_wheeled_robot/share/two_wheeled_robot/models/ambulance/meshes/ambulance.mtl\n'}
[2.095022] (two_wheeled_robot) StdoutLine: {'line': b'-- Up-to-date: /home/greyflon/lab_2025/install/two_wheeled_robot/share/two_wheeled_robot/models/ambulance/materials\n'}
[2.095128] (two_wheeled_robot) StdoutLine: {'line': b'-- Up-to-date: /home/greyflon/lab_2025/install/two_wheeled_robot/share/two_wheeled_robot/models/ambulance/materials/textures\n'}
[2.095221] (two_wheeled_robot) StdoutLine: {'line': b'-- Up-to-date: /home/greyflon/lab_2025/install/two_wheeled_robot/share/two_wheeled_robot/models/ambulance/materials/textures/ambulance.png\n'}
[2.095322] (two_wheeled_robot) StdoutLine: {'line': b'-- Up-to-date: /home/greyflon/lab_2025/install/two_wheeled_robot/share/two_wheeled_robot/models/ambulance/model.sdf\n'}
[2.095464] (two_wheeled_robot) StdoutLine: {'line': b'-- Up-to-date: /home/greyflon/lab_2025/install/two_wheeled_robot/share/two_wheeled_robot/models/small_plant\n'}
[2.095564] (two_wheeled_robot) StdoutLine: {'line': b'-- Up-to-date: /home/greyflon/lab_2025/install/two_wheeled_robot/share/two_wheeled_robot/models/small_plant/mesh\n'}
[2.095679] (two_wheeled_robot) StdoutLine: {'line': b'-- Up-to-date: /home/greyflon/lab_2025/install/two_wheeled_robot/share/two_wheeled_robot/models/small_plant/mesh/small_plant.stl\n'}
[2.095747] (two_wheeled_robot) StdoutLine: {'line': b'-- Up-to-date: /home/greyflon/lab_2025/install/two_wheeled_robot/share/two_wheeled_robot/models/small_plant/model.config\n'}
[2.095807] (two_wheeled_robot) StdoutLine: {'line': b'-- Up-to-date: /home/greyflon/lab_2025/install/two_wheeled_robot/share/two_wheeled_robot/models/small_plant/model.sdf\n'}
[2.095866] (two_wheeled_robot) StdoutLine: {'line': b'-- Up-to-date: /home/greyflon/lab_2025/install/two_wheeled_robot/share/two_wheeled_robot/models/coke_can\n'}
[2.095961] (two_wheeled_robot) StdoutLine: {'line': b'-- Up-to-date: /home/greyflon/lab_2025/install/two_wheeled_robot/share/two_wheeled_robot/models/coke_can/model-1_2.sdf\n'}
[2.096019] (two_wheeled_robot) StdoutLine: {'line': b'-- Up-to-date: /home/greyflon/lab_2025/install/two_wheeled_robot/share/two_wheeled_robot/models/coke_can/model-1_4.sdf\n'}
[2.096090] (two_wheeled_robot) StdoutLine: {'line': b'-- Up-to-date: /home/greyflon/lab_2025/install/two_wheeled_robot/share/two_wheeled_robot/models/coke_can/model.config\n'}
[2.096149] (two_wheeled_robot) StdoutLine: {'line': b'-- Up-to-date: /home/greyflon/lab_2025/install/two_wheeled_robot/share/two_wheeled_robot/models/coke_can/meshes\n'}
[2.096207] (two_wheeled_robot) StdoutLine: {'line': b'-- Up-to-date: /home/greyflon/lab_2025/install/two_wheeled_robot/share/two_wheeled_robot/models/coke_can/meshes/coke_can.dae\n'}
[2.096301] (two_wheeled_robot) StdoutLine: {'line': b'-- Up-to-date: /home/greyflon/lab_2025/install/two_wheeled_robot/share/two_wheeled_robot/models/coke_can/materials\n'}
[2.096369] (two_wheeled_robot) StdoutLine: {'line': b'-- Up-to-date: /home/greyflon/lab_2025/install/two_wheeled_robot/share/two_wheeled_robot/models/coke_can/materials/textures\n'}
[2.096456] (two_wheeled_robot) StdoutLine: {'line': b'-- Up-to-date: /home/greyflon/lab_2025/install/two_wheeled_robot/share/two_wheeled_robot/models/coke_can/materials/textures/coke_can.png\n'}
[2.096538] (two_wheeled_robot) StdoutLine: {'line': b'-- Up-to-date: /home/greyflon/lab_2025/install/two_wheeled_robot/share/two_wheeled_robot/models/coke_can/model.sdf\n'}
[2.096599] (two_wheeled_robot) StdoutLine: {'line': b'-- Up-to-date: /home/greyflon/lab_2025/install/two_wheeled_robot/share/two_wheeled_robot/models/coke_can/model-1_3.sdf\n'}
[2.096665] (two_wheeled_robot) StdoutLine: {'line': b'-- Up-to-date: /home/greyflon/lab_2025/install/two_wheeled_robot/share/two_wheeled_robot/models/shelves_high\n'}
[2.096771] (two_wheeled_robot) StdoutLine: {'line': b'-- Up-to-date: /home/greyflon/lab_2025/install/two_wheeled_robot/share/two_wheeled_robot/models/shelves_high/model.config\n'}
[2.096831] (two_wheeled_robot) StdoutLine: {'line': b'-- Up-to-date: /home/greyflon/lab_2025/install/two_wheeled_robot/share/two_wheeled_robot/models/shelves_high/meshes\n'}
[2.096921] (two_wheeled_robot) StdoutLine: {'line': b'-- Up-to-date: /home/greyflon/lab_2025/install/two_wheeled_robot/share/two_wheeled_robot/models/shelves_high/meshes/shelves_high.dae\n'}
[2.096978] (two_wheeled_robot) StdoutLine: {'line': b'-- Up-to-date: /home/greyflon/lab_2025/install/two_wheeled_robot/share/two_wheeled_robot/models/shelves_high/meshes/shelves_high_collision.dae\n'}
[2.097038] (two_wheeled_robot) StdoutLine: {'line': b'-- Up-to-date: /home/greyflon/lab_2025/install/two_wheeled_robot/share/two_wheeled_robot/models/shelves_high/materials\n'}
[2.097125] (two_wheeled_robot) StdoutLine: {'line': b'-- Up-to-date: /home/greyflon/lab_2025/install/two_wheeled_robot/share/two_wheeled_robot/models/shelves_high/materials/scripts\n'}
[2.097189] (two_wheeled_robot) StdoutLine: {'line': b'-- Up-to-date: /home/greyflon/lab_2025/install/two_wheeled_robot/share/two_wheeled_robot/models/shelves_high/materials/scripts/shelves_2.material\n'}
[2.097248] (two_wheeled_robot) StdoutLine: {'line': b'-- Up-to-date: /home/greyflon/lab_2025/install/two_wheeled_robot/share/two_wheeled_robot/models/shelves_high/materials/textures\n'}
[2.097350] (two_wheeled_robot) StdoutLine: {'line': b'-- Up-to-date: /home/greyflon/lab_2025/install/two_wheeled_robot/share/two_wheeled_robot/models/shelves_high/materials/textures/Metal_Seamed_1.jpg\n'}
[2.097425] (two_wheeled_robot) StdoutLine: {'line': b'-- Up-to-date: /home/greyflon/lab_2025/install/two_wheeled_robot/share/two_wheeled_robot/models/shelves_high/materials/textures/__Metal_Seamed_1.jpg\n'}
[2.097485] (two_wheeled_robot) StdoutLine: {'line': b'-- Up-to-date: /home/greyflon/lab_2025/install/two_wheeled_robot/share/two_wheeled_robot/models/shelves_high/materials/textures/__Metal_Seamed_1_0.jpg\n'}
[2.097543] (two_wheeled_robot) StdoutLine: {'line': b'-- Up-to-date: /home/greyflon/lab_2025/install/two_wheeled_robot/share/two_wheeled_robot/models/shelves_high/materials/textures/Metal_Seamed.jpg\n'}
[2.097628] (two_wheeled_robot) StdoutLine: {'line': b'-- Up-to-date: /home/greyflon/lab_2025/install/two_wheeled_robot/share/two_wheeled_robot/models/shelves_high/materials/textures/Metal_Aluminum_Anodized.jpg\n'}
[2.097690] (two_wheeled_robot) StdoutLine: {'line': b'-- Up-to-date: /home/greyflon/lab_2025/install/two_wheeled_robot/share/two_wheeled_robot/models/shelves_high/model.sdf\n'}
[2.097749] (two_wheeled_robot) StdoutLine: {'line': b'-- Up-to-date: /home/greyflon/lab_2025/install/two_wheeled_robot/share/two_wheeled_robot/models/BoxesLargeOnPallet_2\n'}
[2.097836] (two_wheeled_robot) StdoutLine: {'line': b'-- Up-to-date: /home/greyflon/lab_2025/install/two_wheeled_robot/share/two_wheeled_robot/models/BoxesLargeOnPallet_2/model.config\n'}
[2.097894] (two_wheeled_robot) StdoutLine: {'line': b'-- Up-to-date: /home/greyflon/lab_2025/install/two_wheeled_robot/share/two_wheeled_robot/models/BoxesLargeOnPallet_2/model.sdf\n'}
[2.097951] (two_wheeled_robot) StdoutLine: {'line': b'-- Up-to-date: /home/greyflon/lab_2025/install/two_wheeled_robot/share/two_wheeled_robot/models/irobot_hand\n'}
[2.098039] (two_wheeled_robot) StdoutLine: {'line': b'-- Up-to-date: /home/greyflon/lab_2025/install/two_wheeled_robot/share/two_wheeled_robot/models/irobot_hand/model-1_4.sdf\n'}
[2.098107] (two_wheeled_robot) StdoutLine: {'line': b'-- Up-to-date: /home/greyflon/lab_2025/install/two_wheeled_robot/share/two_wheeled_robot/models/irobot_hand/model.config\n'}
[2.098161] (two_wheeled_robot) StdoutLine: {'line': b'-- Up-to-date: /home/greyflon/lab_2025/install/two_wheeled_robot/share/two_wheeled_robot/models/irobot_hand/meshes\n'}
[2.098246] (two_wheeled_robot) StdoutLine: {'line': b'-- Up-to-date: /home/greyflon/lab_2025/install/two_wheeled_robot/share/two_wheeled_robot/models/irobot_hand/meshes/palm.stl\n'}
[2.098319] (two_wheeled_robot) StdoutLine: {'line': b'-- Up-to-date: /home/greyflon/lab_2025/install/two_wheeled_robot/share/two_wheeled_robot/models/irobot_hand/meshes/finger_base.stl\n'}
[2.098410] (two_wheeled_robot) StdoutLine: {'line': b'-- Up-to-date: /home/greyflon/lab_2025/install/two_wheeled_robot/share/two_wheeled_robot/models/irobot_hand/meshes/finger_distal.stl\n'}
[2.098472] (two_wheeled_robot) StdoutLine: {'line': b'-- Up-to-date: /home/greyflon/lab_2025/install/two_wheeled_robot/share/two_wheeled_robot/models/irobot_hand/meshes/finger_proximal.stl\n'}
[2.098530] (two_wheeled_robot) StdoutLine: {'line': b'-- Up-to-date: /home/greyflon/lab_2025/install/two_wheeled_robot/share/two_wheeled_robot/models/irobot_hand/model.sdf\n'}
[2.098589] (two_wheeled_robot) StdoutLine: {'line': b'-- Up-to-date: /home/greyflon/lab_2025/install/two_wheeled_robot/share/two_wheeled_robot/models/irobot_hand/model-1_3.sdf\n'}
[2.098677] (two_wheeled_robot) StdoutLine: {'line': b'-- Up-to-date: /home/greyflon/lab_2025/install/two_wheeled_robot/share/two_wheeled_robot/models/XRayMachine\n'}
[2.098735] (two_wheeled_robot) StdoutLine: {'line': b'-- Up-to-date: /home/greyflon/lab_2025/install/two_wheeled_robot/share/two_wheeled_robot/models/XRayMachine/model.config\n'}
[2.098807] (two_wheeled_robot) StdoutLine: {'line': b'-- Up-to-date: /home/greyflon/lab_2025/install/two_wheeled_robot/share/two_wheeled_robot/models/XRayMachine/meshes\n'}
[2.098916] (two_wheeled_robot) StdoutLine: {'line': b'-- Up-to-date: /home/greyflon/lab_2025/install/two_wheeled_robot/share/two_wheeled_robot/models/XRayMachine/meshes/XRayMachine.obj\n'}
[2.099061] (two_wheeled_robot) StdoutLine: {'line': b'-- Up-to-date: /home/greyflon/lab_2025/install/two_wheeled_robot/share/two_wheeled_robot/models/XRayMachine/meshes/XRayMachine.mtl\n'}
[2.099130] (two_wheeled_robot) StdoutLine: {'line': b'-- Up-to-date: /home/greyflon/lab_2025/install/two_wheeled_robot/share/two_wheeled_robot/models/XRayMachine/meshes/XRayMachine.png\n'}
[2.099190] (two_wheeled_robot) StdoutLine: {'line': b'-- Up-to-date: /home/greyflon/lab_2025/install/two_wheeled_robot/share/two_wheeled_robot/models/XRayMachine/meshes/XRayMachine_Col.mtl\n'}
[2.099253] (two_wheeled_robot) StdoutLine: {'line': b'-- Up-to-date: /home/greyflon/lab_2025/install/two_wheeled_robot/share/two_wheeled_robot/models/XRayMachine/meshes/XRayMachine_Col.obj\n'}
[2.099379] (two_wheeled_robot) StdoutLine: {'line': b'-- Up-to-date: /home/greyflon/lab_2025/install/two_wheeled_robot/share/two_wheeled_robot/models/XRayMachine/thumbnails\n'}
[2.099484] (two_wheeled_robot) StdoutLine: {'line': b'-- Up-to-date: /home/greyflon/lab_2025/install/two_wheeled_robot/share/two_wheeled_robot/models/XRayMachine/thumbnails/5.png\n'}
[2.099548] (two_wheeled_robot) StdoutLine: {'line': b'-- Up-to-date: /home/greyflon/lab_2025/install/two_wheeled_robot/share/two_wheeled_robot/models/XRayMachine/thumbnails/1.png\n'}
[2.099607] (two_wheeled_robot) StdoutLine: {'line': b'-- Up-to-date: /home/greyflon/lab_2025/install/two_wheeled_robot/share/two_wheeled_robot/models/XRayMachine/thumbnails/2.png\n'}
[2.099668] (two_wheeled_robot) StdoutLine: {'line': b'-- Up-to-date: /home/greyflon/lab_2025/install/two_wheeled_robot/share/two_wheeled_robot/models/XRayMachine/thumbnails/4.png\n'}
[2.099731] (two_wheeled_robot) StdoutLine: {'line': b'-- Up-to-date: /home/greyflon/lab_2025/install/two_wheeled_robot/share/two_wheeled_robot/models/XRayMachine/thumbnails/3.png\n'}
[2.099793] (two_wheeled_robot) StdoutLine: {'line': b'-- Up-to-date: /home/greyflon/lab_2025/install/two_wheeled_robot/share/two_wheeled_robot/models/XRayMachine/model.sdf\n'}
[2.099856] (two_wheeled_robot) StdoutLine: {'line': b'-- Up-to-date: /home/greyflon/lab_2025/install/two_wheeled_robot/share/two_wheeled_robot/models/FemaleVisitor\n'}
[2.099963] (two_wheeled_robot) StdoutLine: {'line': b'-- Up-to-date: /home/greyflon/lab_2025/install/two_wheeled_robot/share/two_wheeled_robot/models/FemaleVisitor/model.config\n'}
[2.100027] (two_wheeled_robot) StdoutLine: {'line': b'-- Up-to-date: /home/greyflon/lab_2025/install/two_wheeled_robot/share/two_wheeled_robot/models/FemaleVisitor/meshes\n'}
[2.100090] (two_wheeled_robot) StdoutLine: {'line': b'-- Up-to-date: /home/greyflon/lab_2025/install/two_wheeled_robot/share/two_wheeled_robot/models/FemaleVisitor/meshes/FemaleVisitor.png\n'}
[2.100181] (two_wheeled_robot) StdoutLine: {'line': b'-- Up-to-date: /home/greyflon/lab_2025/install/two_wheeled_robot/share/two_wheeled_robot/models/FemaleVisitor/meshes/FemaleVisitor.mtl\n'}
[2.100309] (two_wheeled_robot) StdoutLine: {'line': b'-- Up-to-date: /home/greyflon/lab_2025/install/two_wheeled_robot/share/two_wheeled_robot/models/FemaleVisitor/meshes/FemaleVisitor_Col.obj\n'}
[2.100387] (two_wheeled_robot) StdoutLine: {'line': b'-- Up-to-date: /home/greyflon/lab_2025/install/two_wheeled_robot/share/two_wheeled_robot/models/FemaleVisitor/meshes/FemaleVisitor_Col.mtl\n'}
[2.100452] (two_wheeled_robot) StdoutLine: {'line': b'-- Up-to-date: /home/greyflon/lab_2025/install/two_wheeled_robot/share/two_wheeled_robot/models/FemaleVisitor/meshes/FemaleVisitor.obj\n'}
[2.100516] (two_wheeled_robot) StdoutLine: {'line': b'-- Up-to-date: /home/greyflon/lab_2025/install/two_wheeled_robot/share/two_wheeled_robot/models/FemaleVisitor/meshes/Handbag.png\n'}
[2.100634] (two_wheeled_robot) StdoutLine: {'line': b'-- Up-to-date: /home/greyflon/lab_2025/install/two_wheeled_robot/share/two_wheeled_robot/models/FemaleVisitor/thumbnails\n'}
[2.100693] (two_wheeled_robot) StdoutLine: {'line': b'-- Up-to-date: /home/greyflon/lab_2025/install/two_wheeled_robot/share/two_wheeled_robot/models/FemaleVisitor/thumbnails/5.png\n'}
[2.100757] (two_wheeled_robot) StdoutLine: {'line': b'-- Up-to-date: /home/greyflon/lab_2025/install/two_wheeled_robot/share/two_wheeled_robot/models/FemaleVisitor/thumbnails/1.png\n'}
[2.100833] (two_wheeled_robot) StdoutLine: {'line': b'-- Up-to-date: /home/greyflon/lab_2025/install/two_wheeled_robot/share/two_wheeled_robot/models/FemaleVisitor/thumbnails/2.png\n'}
[2.100938] (two_wheeled_robot) StdoutLine: {'line': b'-- Up-to-date: /home/greyflon/lab_2025/install/two_wheeled_robot/share/two_wheeled_robot/models/FemaleVisitor/thumbnails/4.png\n'}
[2.101032] (two_wheeled_robot) StdoutLine: {'line': b'-- Up-to-date: /home/greyflon/lab_2025/install/two_wheeled_robot/share/two_wheeled_robot/models/FemaleVisitor/thumbnails/3.png\n'}
[2.101123] (two_wheeled_robot) StdoutLine: {'line': b'-- Up-to-date: /home/greyflon/lab_2025/install/two_wheeled_robot/share/two_wheeled_robot/models/FemaleVisitor/model.sdf\n'}
[2.101207] (two_wheeled_robot) StdoutLine: {'line': b'-- Up-to-date: /home/greyflon/lab_2025/install/two_wheeled_robot/share/two_wheeled_robot/models/aws_robomaker_warehouse_WallB_01\n'}
[2.101269] (two_wheeled_robot) StdoutLine: {'line': b'-- Up-to-date: /home/greyflon/lab_2025/install/two_wheeled_robot/share/two_wheeled_robot/models/aws_robomaker_warehouse_WallB_01/model.config\n'}
[2.101343] (two_wheeled_robot) StdoutLine: {'line': b'-- Up-to-date: /home/greyflon/lab_2025/install/two_wheeled_robot/share/two_wheeled_robot/models/aws_robomaker_warehouse_WallB_01/meshes\n'}
[2.101457] (two_wheeled_robot) StdoutLine: {'line': b'-- Up-to-date: /home/greyflon/lab_2025/install/two_wheeled_robot/share/two_wheeled_robot/models/aws_robomaker_warehouse_WallB_01/meshes/aws_robomaker_warehouse_WallB_01_collision.DAE\n'}
[2.101518] (two_wheeled_robot) StdoutLine: {'line': b'-- Up-to-date: /home/greyflon/lab_2025/install/two_wheeled_robot/share/two_wheeled_robot/models/aws_robomaker_warehouse_WallB_01/meshes/aws_robomaker_warehouse_WallB_01_visual.DAE\n'}
[2.101578] (two_wheeled_robot) StdoutLine: {'line': b'-- Up-to-date: /home/greyflon/lab_2025/install/two_wheeled_robot/share/two_wheeled_robot/models/aws_robomaker_warehouse_WallB_01/materials\n'}
[2.101648] (two_wheeled_robot) StdoutLine: {'line': b'-- Up-to-date: /home/greyflon/lab_2025/install/two_wheeled_robot/share/two_wheeled_robot/models/aws_robomaker_warehouse_WallB_01/materials/textures\n'}
[2.101744] (two_wheeled_robot) StdoutLine: {'line': b'-- Up-to-date: /home/greyflon/lab_2025/install/two_wheeled_robot/share/two_wheeled_robot/models/aws_robomaker_warehouse_WallB_01/materials/textures/aws_robomaker_warehouse_WallB_01.png\n'}
[2.101846] (two_wheeled_robot) StdoutLine: {'line': b'-- Up-to-date: /home/greyflon/lab_2025/install/two_wheeled_robot/share/two_wheeled_robot/models/aws_robomaker_warehouse_WallB_01/model.sdf\n'}
[2.101950] (two_wheeled_robot) StdoutLine: {'line': b'-- Up-to-date: /home/greyflon/lab_2025/install/two_wheeled_robot/share/two_wheeled_robot/models/desk\n'}
[2.102010] (two_wheeled_robot) StdoutLine: {'line': b'-- Up-to-date: /home/greyflon/lab_2025/install/two_wheeled_robot/share/two_wheeled_robot/models/desk/model.config\n'}
[2.102069] (two_wheeled_robot) StdoutLine: {'line': b'-- Up-to-date: /home/greyflon/lab_2025/install/two_wheeled_robot/share/two_wheeled_robot/models/desk/meshes\n'}
[2.102181] (two_wheeled_robot) StdoutLine: {'line': b'-- Up-to-date: /home/greyflon/lab_2025/install/two_wheeled_robot/share/two_wheeled_robot/models/desk/meshes/desk.obj\n'}
[2.102273] (two_wheeled_robot) StdoutLine: {'line': b'-- Up-to-date: /home/greyflon/lab_2025/install/two_wheeled_robot/share/two_wheeled_robot/models/desk/meshes/desk.mtl\n'}
[2.102375] (two_wheeled_robot) StdoutLine: {'line': b'-- Up-to-date: /home/greyflon/lab_2025/install/two_wheeled_robot/share/two_wheeled_robot/models/desk/materials\n'}
[2.102461] (two_wheeled_robot) StdoutLine: {'line': b'-- Up-to-date: /home/greyflon/lab_2025/install/two_wheeled_robot/share/two_wheeled_robot/models/desk/materials/textures\n'}
[2.102515] (two_wheeled_robot) StdoutLine: {'line': b'-- Up-to-date: /home/greyflon/lab_2025/install/two_wheeled_robot/share/two_wheeled_robot/models/desk/materials/textures/desk.png\n'}
[2.102612] (two_wheeled_robot) StdoutLine: {'line': b'-- Up-to-date: /home/greyflon/lab_2025/install/two_wheeled_robot/share/two_wheeled_robot/models/desk/model.sdf\n'}
[2.102670] (two_wheeled_robot) StdoutLine: {'line': b'-- Up-to-date: /home/greyflon/lab_2025/install/two_wheeled_robot/share/two_wheeled_robot/models/submarine_buoyant\n'}
[2.102763] (two_wheeled_robot) StdoutLine: {'line': b'-- Up-to-date: /home/greyflon/lab_2025/install/two_wheeled_robot/share/two_wheeled_robot/models/submarine_buoyant/model.config\n'}
[2.102818] (two_wheeled_robot) StdoutLine: {'line': b'-- Up-to-date: /home/greyflon/lab_2025/install/two_wheeled_robot/share/two_wheeled_robot/models/submarine_buoyant/model.sdf\n'}
[2.102910] (two_wheeled_robot) StdoutLine: {'line': b'-- Up-to-date: /home/greyflon/lab_2025/install/two_wheeled_robot/share/two_wheeled_robot/models/submarine_buoyant/model.sdf.erb\n'}
[2.102965] (two_wheeled_robot) StdoutLine: {'line': b'-- Up-to-date: /home/greyflon/lab_2025/install/two_wheeled_robot/share/two_wheeled_robot/models/aws_robomaker_residential_DeskPortraitD_02\n'}
[2.103019] (two_wheeled_robot) StdoutLine: {'line': b'-- Up-to-date: /home/greyflon/lab_2025/install/two_wheeled_robot/share/two_wheeled_robot/models/aws_robomaker_residential_DeskPortraitD_02/model.config\n'}
[2.103109] (two_wheeled_robot) StdoutLine: {'line': b'-- Up-to-date: /home/greyflon/lab_2025/install/two_wheeled_robot/share/two_wheeled_robot/models/aws_robomaker_residential_DeskPortraitD_02/meshes\n'}
[2.103197] (two_wheeled_robot) StdoutLine: {'line': b'-- Up-to-date: /home/greyflon/lab_2025/install/two_wheeled_robot/share/two_wheeled_robot/models/aws_robomaker_residential_DeskPortraitD_02/meshes/aws_DeskPortraitD_01_visual.DAE\n'}
[2.103252] (two_wheeled_robot) StdoutLine: {'line': b'-- Up-to-date: /home/greyflon/lab_2025/install/two_wheeled_robot/share/two_wheeled_robot/models/aws_robomaker_residential_DeskPortraitD_02/meshes/aws_DeskPortraitD_01_collision.DAE\n'}
[2.103339] (two_wheeled_robot) StdoutLine: {'line': b'-- Up-to-date: /home/greyflon/lab_2025/install/two_wheeled_robot/share/two_wheeled_robot/models/aws_robomaker_residential_DeskPortraitD_02/materials\n'}
[2.103428] (two_wheeled_robot) StdoutLine: {'line': b'-- Up-to-date: /home/greyflon/lab_2025/install/two_wheeled_robot/share/two_wheeled_robot/models/aws_robomaker_residential_DeskPortraitD_02/materials/textures\n'}
[2.103508] (two_wheeled_robot) StdoutLine: {'line': b'-- Up-to-date: /home/greyflon/lab_2025/install/two_wheeled_robot/share/two_wheeled_robot/models/aws_robomaker_residential_DeskPortraitD_02/materials/textures/aws_DeskPortraitD_02.png\n'}
[2.103603] (two_wheeled_robot) StdoutLine: {'line': b'-- Up-to-date: /home/greyflon/lab_2025/install/two_wheeled_robot/share/two_wheeled_robot/models/aws_robomaker_residential_DeskPortraitD_02/materials/textures/aws_DeskPortraitD_01.png\n'}
[2.103692] (two_wheeled_robot) StdoutLine: {'line': b'-- Up-to-date: /home/greyflon/lab_2025/install/two_wheeled_robot/share/two_wheeled_robot/models/aws_robomaker_residential_DeskPortraitD_02/materials/textures/DeskPortraitD_02.jpg\n'}
[2.103746] (two_wheeled_robot) StdoutLine: {'line': b'-- Up-to-date: /home/greyflon/lab_2025/install/two_wheeled_robot/share/two_wheeled_robot/models/aws_robomaker_residential_DeskPortraitD_02/model.sdf\n'}
[2.103799] (two_wheeled_robot) StdoutLine: {'line': b'-- Up-to-date: /home/greyflon/lab_2025/install/two_wheeled_robot/share/two_wheeled_robot/models/VendingMachine\n'}
[2.103890] (two_wheeled_robot) StdoutLine: {'line': b'-- Up-to-date: /home/greyflon/lab_2025/install/two_wheeled_robot/share/two_wheeled_robot/models/VendingMachine/model.config\n'}
[2.103949] (-) TimerEvent: {}
[2.104106] (two_wheeled_robot) StdoutLine: {'line': b'-- Up-to-date: /home/greyflon/lab_2025/install/two_wheeled_robot/share/two_wheeled_robot/models/VendingMachine/meshes\n'}
[2.104430] (two_wheeled_robot) StdoutLine: {'line': b'-- Up-to-date: /home/greyflon/lab_2025/install/two_wheeled_robot/share/two_wheeled_robot/models/VendingMachine/meshes/VendingMachine.mtl\n'}
[2.104721] (two_wheeled_robot) StdoutLine: {'line': b'-- Up-to-date: /home/greyflon/lab_2025/install/two_wheeled_robot/share/two_wheeled_robot/models/VendingMachine/meshes/VendingMachine_Diffuse.png\n'}
[2.104837] (two_wheeled_robot) StdoutLine: {'line': b'-- Up-to-date: /home/greyflon/lab_2025/install/two_wheeled_robot/share/two_wheeled_robot/models/VendingMachine/meshes/VendingMachine.obj\n'}
[2.104950] (two_wheeled_robot) StdoutLine: {'line': b'-- Up-to-date: /home/greyflon/lab_2025/install/two_wheeled_robot/share/two_wheeled_robot/models/VendingMachine/thumbnails\n'}
[2.105060] (two_wheeled_robot) StdoutLine: {'line': b'-- Up-to-date: /home/greyflon/lab_2025/install/two_wheeled_robot/share/two_wheeled_robot/models/VendingMachine/thumbnails/5.png\n'}
[2.105170] (two_wheeled_robot) StdoutLine: {'line': b'-- Up-to-date: /home/greyflon/lab_2025/install/two_wheeled_robot/share/two_wheeled_robot/models/VendingMachine/thumbnails/1.png\n'}
[2.105291] (two_wheeled_robot) StdoutLine: {'line': b'-- Up-to-date: /home/greyflon/lab_2025/install/two_wheeled_robot/share/two_wheeled_robot/models/VendingMachine/thumbnails/2.png\n'}
[2.105536] (two_wheeled_robot) StdoutLine: {'line': b'-- Up-to-date: /home/greyflon/lab_2025/install/two_wheeled_robot/share/two_wheeled_robot/models/VendingMachine/thumbnails/4.png\n'}
[2.105624] (two_wheeled_robot) StdoutLine: {'line': b'-- Up-to-date: /home/greyflon/lab_2025/install/two_wheeled_robot/share/two_wheeled_robot/models/VendingMachine/thumbnails/3.png\n'}
[2.105703] (two_wheeled_robot) StdoutLine: {'line': b'-- Up-to-date: /home/greyflon/lab_2025/install/two_wheeled_robot/share/two_wheeled_robot/models/VendingMachine/model.sdf\n'}
[2.105778] (two_wheeled_robot) StdoutLine: {'line': b'-- Up-to-date: /home/greyflon/lab_2025/install/two_wheeled_robot/share/two_wheeled_robot/models/marker_infini_logo\n'}
[2.105852] (two_wheeled_robot) StdoutLine: {'line': b'-- Up-to-date: /home/greyflon/lab_2025/install/two_wheeled_robot/share/two_wheeled_robot/models/marker_infini_logo/model.config~.xml\n'}
[2.105927] (two_wheeled_robot) StdoutLine: {'line': b'-- Up-to-date: /home/greyflon/lab_2025/install/two_wheeled_robot/share/two_wheeled_robot/models/marker_infini_logo/model.sdf~\n'}
[2.106027] (two_wheeled_robot) StdoutLine: {'line': b'-- Up-to-date: /home/greyflon/lab_2025/install/two_wheeled_robot/share/two_wheeled_robot/models/marker_infini_logo/model-1_4.sdf\n'}
[2.106102] (two_wheeled_robot) StdoutLine: {'line': b'-- Up-to-date: /home/greyflon/lab_2025/install/two_wheeled_robot/share/two_wheeled_robot/models/marker_infini_logo/model.config\n'}
[2.106176] (two_wheeled_robot) StdoutLine: {'line': b'-- Up-to-date: /home/greyflon/lab_2025/install/two_wheeled_robot/share/two_wheeled_robot/models/marker_infini_logo/meshes\n'}
[2.106250] (two_wheeled_robot) StdoutLine: {'line': b'-- Up-to-date: /home/greyflon/lab_2025/install/two_wheeled_robot/share/two_wheeled_robot/models/marker_infini_logo/meshes/Marker0.dae\n'}
[2.106390] (two_wheeled_robot) StdoutLine: {'line': b'-- Up-to-date: /home/greyflon/lab_2025/install/two_wheeled_robot/share/two_wheeled_robot/models/marker_infini_logo/materials\n'}
[2.106518] (two_wheeled_robot) StdoutLine: {'line': b'-- Up-to-date: /home/greyflon/lab_2025/install/two_wheeled_robot/share/two_wheeled_robot/models/marker_infini_logo/materials/textures\n'}
[2.106580] (two_wheeled_robot) StdoutLine: {'line': b'-- Up-to-date: /home/greyflon/lab_2025/install/two_wheeled_robot/share/two_wheeled_robot/models/marker_infini_logo/materials/textures/Marker0_tmp.png\n'}
[2.106641] (two_wheeled_robot) StdoutLine: {'line': b'-- Up-to-date: /home/greyflon/lab_2025/install/two_wheeled_robot/share/two_wheeled_robot/models/marker_infini_logo/materials/textures/BKP_Marker0.png\n'}
[2.106714] (two_wheeled_robot) StdoutLine: {'line': b'-- Up-to-date: /home/greyflon/lab_2025/install/two_wheeled_robot/share/two_wheeled_robot/models/marker_infini_logo/materials/textures/Marker0.png\n'}
[2.106789] (two_wheeled_robot) StdoutLine: {'line': b'-- Up-to-date: /home/greyflon/lab_2025/install/two_wheeled_robot/share/two_wheeled_robot/models/marker_infini_logo/model.sdf\n'}
[2.106907] (two_wheeled_robot) StdoutLine: {'line': b'-- Up-to-date: /home/greyflon/lab_2025/install/two_wheeled_robot/share/two_wheeled_robot/models/marker_infini_logo/model-1_5.sdf~\n'}
[2.106983] (two_wheeled_robot) StdoutLine: {'line': b'-- Up-to-date: /home/greyflon/lab_2025/install/two_wheeled_robot/share/two_wheeled_robot/models/marker_infini_logo/model-1_5.sdf\n'}
[2.107075] (two_wheeled_robot) StdoutLine: {'line': b'-- Up-to-date: /home/greyflon/lab_2025/install/two_wheeled_robot/share/two_wheeled_robot/models/marker_infini_logo/model-1_4.sdf~\n'}
[2.107146] (two_wheeled_robot) StdoutLine: {'line': b'-- Up-to-date: /home/greyflon/lab_2025/install/two_wheeled_robot/share/two_wheeled_robot/models/aws_robomaker_residential_PortraitE_01\n'}
[2.107211] (two_wheeled_robot) StdoutLine: {'line': b'-- Up-to-date: /home/greyflon/lab_2025/install/two_wheeled_robot/share/two_wheeled_robot/models/aws_robomaker_residential_PortraitE_01/model.config\n'}
[2.107324] (two_wheeled_robot) StdoutLine: {'line': b'-- Up-to-date: /home/greyflon/lab_2025/install/two_wheeled_robot/share/two_wheeled_robot/models/aws_robomaker_residential_PortraitE_01/meshes\n'}
[2.107427] (two_wheeled_robot) StdoutLine: {'line': b'-- Up-to-date: /home/greyflon/lab_2025/install/two_wheeled_robot/share/two_wheeled_robot/models/aws_robomaker_residential_PortraitE_01/meshes/aws_PortraitE_01_visual.DAE\n'}
[2.107494] (two_wheeled_robot) StdoutLine: {'line': b'-- Up-to-date: /home/greyflon/lab_2025/install/two_wheeled_robot/share/two_wheeled_robot/models/aws_robomaker_residential_PortraitE_01/meshes/aws_PortraitE_01_collision.DAE\n'}
[2.107593] (two_wheeled_robot) StdoutLine: {'line': b'-- Up-to-date: /home/greyflon/lab_2025/install/two_wheeled_robot/share/two_wheeled_robot/models/aws_robomaker_residential_PortraitE_01/materials\n'}
[2.107654] (two_wheeled_robot) StdoutLine: {'line': b'-- Up-to-date: /home/greyflon/lab_2025/install/two_wheeled_robot/share/two_wheeled_robot/models/aws_robomaker_residential_PortraitE_01/materials/textures\n'}
[2.107725] (two_wheeled_robot) StdoutLine: {'line': b'-- Up-to-date: /home/greyflon/lab_2025/install/two_wheeled_robot/share/two_wheeled_robot/models/aws_robomaker_residential_PortraitE_01/materials/textures/aws_PortraitE_01.png\n'}
[2.107791] (two_wheeled_robot) StdoutLine: {'line': b'-- Up-to-date: /home/greyflon/lab_2025/install/two_wheeled_robot/share/two_wheeled_robot/models/aws_robomaker_residential_PortraitE_01/materials/textures/aws_PortraitE_02.png\n'}
[2.107889] (two_wheeled_robot) StdoutLine: {'line': b'-- Up-to-date: /home/greyflon/lab_2025/install/two_wheeled_robot/share/two_wheeled_robot/models/aws_robomaker_residential_PortraitE_01/materials/textures/PortraitE_01.jpg\n'}
[2.107955] (two_wheeled_robot) StdoutLine: {'line': b'-- Up-to-date: /home/greyflon/lab_2025/install/two_wheeled_robot/share/two_wheeled_robot/models/aws_robomaker_residential_PortraitE_01/model.sdf\n'}
[2.108019] (two_wheeled_robot) StdoutLine: {'line': b'-- Up-to-date: /home/greyflon/lab_2025/install/two_wheeled_robot/share/two_wheeled_robot/models/aws_robomaker_residential_DeskPortraitC_02\n'}
[2.108083] (two_wheeled_robot) StdoutLine: {'line': b'-- Up-to-date: /home/greyflon/lab_2025/install/two_wheeled_robot/share/two_wheeled_robot/models/aws_robomaker_residential_DeskPortraitC_02/model.config\n'}
[2.108148] (two_wheeled_robot) StdoutLine: {'line': b'-- Up-to-date: /home/greyflon/lab_2025/install/two_wheeled_robot/share/two_wheeled_robot/models/aws_robomaker_residential_DeskPortraitC_02/meshes\n'}
[2.108213] (two_wheeled_robot) StdoutLine: {'line': b'-- Up-to-date: /home/greyflon/lab_2025/install/two_wheeled_robot/share/two_wheeled_robot/models/aws_robomaker_residential_DeskPortraitC_02/meshes/aws_DeskPortraitC_01_collision.DAE\n'}
[2.108287] (two_wheeled_robot) StdoutLine: {'line': b'-- Up-to-date: /home/greyflon/lab_2025/install/two_wheeled_robot/share/two_wheeled_robot/models/aws_robomaker_residential_DeskPortraitC_02/meshes/aws_DeskPortraitC_01_visual.DAE\n'}
[2.108365] (two_wheeled_robot) StdoutLine: {'line': b'-- Up-to-date: /home/greyflon/lab_2025/install/two_wheeled_robot/share/two_wheeled_robot/models/aws_robomaker_residential_DeskPortraitC_02/materials\n'}
[2.108431] (two_wheeled_robot) StdoutLine: {'line': b'-- Up-to-date: /home/greyflon/lab_2025/install/two_wheeled_robot/share/two_wheeled_robot/models/aws_robomaker_residential_DeskPortraitC_02/materials/textures\n'}
[2.108496] (two_wheeled_robot) StdoutLine: {'line': b'-- Up-to-date: /home/greyflon/lab_2025/install/two_wheeled_robot/share/two_wheeled_robot/models/aws_robomaker_residential_DeskPortraitC_02/materials/textures/aws_DeskPortraitC_01.png\n'}
[2.108661] (two_wheeled_robot) StdoutLine: {'line': b'-- Up-to-date: /home/greyflon/lab_2025/install/two_wheeled_robot/share/two_wheeled_robot/models/aws_robomaker_residential_DeskPortraitC_02/materials/textures/aws_DeskPortraitC_02.png\n'}
[2.108727] (two_wheeled_robot) StdoutLine: {'line': b'-- Up-to-date: /home/greyflon/lab_2025/install/two_wheeled_robot/share/two_wheeled_robot/models/aws_robomaker_residential_DeskPortraitC_02/materials/textures/DeskPortraitC_02.jpg\n'}
[2.108792] (two_wheeled_robot) StdoutLine: {'line': b'-- Up-to-date: /home/greyflon/lab_2025/install/two_wheeled_robot/share/two_wheeled_robot/models/aws_robomaker_residential_DeskPortraitC_02/model.sdf\n'}
[2.108856] (two_wheeled_robot) StdoutLine: {'line': b'-- Up-to-date: /home/greyflon/lab_2025/install/two_wheeled_robot/share/two_wheeled_robot/models/BloodPressureMonitor\n'}
[2.108917] (two_wheeled_robot) StdoutLine: {'line': b'-- Up-to-date: /home/greyflon/lab_2025/install/two_wheeled_robot/share/two_wheeled_robot/models/BloodPressureMonitor/model.config\n'}
[2.108983] (two_wheeled_robot) StdoutLine: {'line': b'-- Up-to-date: /home/greyflon/lab_2025/install/two_wheeled_robot/share/two_wheeled_robot/models/BloodPressureMonitor/meshes\n'}
[2.109048] (two_wheeled_robot) StdoutLine: {'line': b'-- Up-to-date: /home/greyflon/lab_2025/install/two_wheeled_robot/share/two_wheeled_robot/models/BloodPressureMonitor/meshes/BloodPressureMonitor.png\n'}
[2.109190] (two_wheeled_robot) StdoutLine: {'line': b'-- Up-to-date: /home/greyflon/lab_2025/install/two_wheeled_robot/share/two_wheeled_robot/models/BloodPressureMonitor/meshes/BloodPressureMonitor_Col.obj\n'}
[2.109257] (two_wheeled_robot) StdoutLine: {'line': b'-- Up-to-date: /home/greyflon/lab_2025/install/two_wheeled_robot/share/two_wheeled_robot/models/BloodPressureMonitor/meshes/BloodPressureMonitor_Col.mtl\n'}
[2.109336] (two_wheeled_robot) StdoutLine: {'line': b'-- Up-to-date: /home/greyflon/lab_2025/install/two_wheeled_robot/share/two_wheeled_robot/models/BloodPressureMonitor/meshes/BloodPressureMonitor.mtl\n'}
[2.109405] (two_wheeled_robot) StdoutLine: {'line': b'-- Up-to-date: /home/greyflon/lab_2025/install/two_wheeled_robot/share/two_wheeled_robot/models/BloodPressureMonitor/meshes/BloodPressureMonitor.obj\n'}
[2.109470] (two_wheeled_robot) StdoutLine: {'line': b'-- Up-to-date: /home/greyflon/lab_2025/install/two_wheeled_robot/share/two_wheeled_robot/models/BloodPressureMonitor/thumbnails\n'}
[2.109536] (two_wheeled_robot) StdoutLine: {'line': b'-- Up-to-date: /home/greyflon/lab_2025/install/two_wheeled_robot/share/two_wheeled_robot/models/BloodPressureMonitor/thumbnails/5.png\n'}
[2.109601] (two_wheeled_robot) StdoutLine: {'line': b'-- Up-to-date: /home/greyflon/lab_2025/install/two_wheeled_robot/share/two_wheeled_robot/models/BloodPressureMonitor/thumbnails/1.png\n'}
[2.109665] (two_wheeled_robot) StdoutLine: {'line': b'-- Up-to-date: /home/greyflon/lab_2025/install/two_wheeled_robot/share/two_wheeled_robot/models/BloodPressureMonitor/thumbnails/2.png\n'}
[2.109761] (two_wheeled_robot) StdoutLine: {'line': b'-- Up-to-date: /home/greyflon/lab_2025/install/two_wheeled_robot/share/two_wheeled_robot/models/BloodPressureMonitor/thumbnails/4.png\n'}
[2.109828] (two_wheeled_robot) StdoutLine: {'line': b'-- Up-to-date: /home/greyflon/lab_2025/install/two_wheeled_robot/share/two_wheeled_robot/models/BloodPressureMonitor/thumbnails/3.png\n'}
[2.109893] (two_wheeled_robot) StdoutLine: {'line': b'-- Up-to-date: /home/greyflon/lab_2025/install/two_wheeled_robot/share/two_wheeled_robot/models/BloodPressureMonitor/model.sdf\n'}
[2.109958] (two_wheeled_robot) StdoutLine: {'line': b'-- Up-to-date: /home/greyflon/lab_2025/install/two_wheeled_robot/share/two_wheeled_robot/models/shelves_high2\n'}
[2.110023] (two_wheeled_robot) StdoutLine: {'line': b'-- Up-to-date: /home/greyflon/lab_2025/install/two_wheeled_robot/share/two_wheeled_robot/models/shelves_high2/model.config\n'}
[2.110087] (two_wheeled_robot) StdoutLine: {'line': b'-- Up-to-date: /home/greyflon/lab_2025/install/two_wheeled_robot/share/two_wheeled_robot/models/shelves_high2/meshes\n'}
[2.110152] (two_wheeled_robot) StdoutLine: {'line': b'-- Up-to-date: /home/greyflon/lab_2025/install/two_wheeled_robot/share/two_wheeled_robot/models/shelves_high2/meshes/shelves_high2.dae\n'}
[2.110216] (two_wheeled_robot) StdoutLine: {'line': b'-- Up-to-date: /home/greyflon/lab_2025/install/two_wheeled_robot/share/two_wheeled_robot/models/shelves_high2/meshes/shelves_high2_collision.dae\n'}
[2.110288] (two_wheeled_robot) StdoutLine: {'line': b'-- Up-to-date: /home/greyflon/lab_2025/install/two_wheeled_robot/share/two_wheeled_robot/models/shelves_high2/materials\n'}
[2.110389] (two_wheeled_robot) StdoutLine: {'line': b'-- Up-to-date: /home/greyflon/lab_2025/install/two_wheeled_robot/share/two_wheeled_robot/models/shelves_high2/materials/textures\n'}
[2.110455] (two_wheeled_robot) StdoutLine: {'line': b'-- Up-to-date: /home/greyflon/lab_2025/install/two_wheeled_robot/share/two_wheeled_robot/models/shelves_high2/materials/textures/__CorrogateShiny_.jpg\n'}
[2.110519] (two_wheeled_robot) StdoutLine: {'line': b'-- Up-to-date: /home/greyflon/lab_2025/install/two_wheeled_robot/share/two_wheeled_robot/models/shelves_high2/model.sdf\n'}
[2.110583] (two_wheeled_robot) StdoutLine: {'line': b'-- Up-to-date: /home/greyflon/lab_2025/install/two_wheeled_robot/share/two_wheeled_robot/models/MaleVisitorSit\n'}
[2.110649] (two_wheeled_robot) StdoutLine: {'line': b'-- Up-to-date: /home/greyflon/lab_2025/install/two_wheeled_robot/share/two_wheeled_robot/models/MaleVisitorSit/model.config\n'}
[2.110793] (two_wheeled_robot) StdoutLine: {'line': b'-- Up-to-date: /home/greyflon/lab_2025/install/two_wheeled_robot/share/two_wheeled_robot/models/MaleVisitorSit/meshes\n'}
[2.110903] (two_wheeled_robot) StdoutLine: {'line': b'-- Up-to-date: /home/greyflon/lab_2025/install/two_wheeled_robot/share/two_wheeled_robot/models/MaleVisitorSit/meshes/Phone.png\n'}
[2.110964] (two_wheeled_robot) StdoutLine: {'line': b'-- Up-to-date: /home/greyflon/lab_2025/install/two_wheeled_robot/share/two_wheeled_robot/models/MaleVisitorSit/meshes/MaleVisitorSit_Col.mtl\n'}
[2.111024] (two_wheeled_robot) StdoutLine: {'line': b'-- Up-to-date: /home/greyflon/lab_2025/install/two_wheeled_robot/share/two_wheeled_robot/models/MaleVisitorSit/meshes/MaleVisitorSit.obj\n'}
[2.111088] (two_wheeled_robot) StdoutLine: {'line': b'-- Up-to-date: /home/greyflon/lab_2025/install/two_wheeled_robot/share/two_wheeled_robot/models/MaleVisitorSit/meshes/MaleVisitorSit_Col.obj\n'}
[2.111153] (two_wheeled_robot) StdoutLine: {'line': b'-- Up-to-date: /home/greyflon/lab_2025/install/two_wheeled_robot/share/two_wheeled_robot/models/MaleVisitorSit/meshes/MaleVisitorSit.mtl\n'}
[2.111219] (two_wheeled_robot) StdoutLine: {'line': b'-- Up-to-date: /home/greyflon/lab_2025/install/two_wheeled_robot/share/two_wheeled_robot/models/MaleVisitorSit/meshes/MaleVisitorSit.png\n'}
[2.111296] (two_wheeled_robot) StdoutLine: {'line': b'-- Up-to-date: /home/greyflon/lab_2025/install/two_wheeled_robot/share/two_wheeled_robot/models/MaleVisitorSit/thumbnails\n'}
[2.111420] (two_wheeled_robot) StdoutLine: {'line': b'-- Up-to-date: /home/greyflon/lab_2025/install/two_wheeled_robot/share/two_wheeled_robot/models/MaleVisitorSit/thumbnails/5.png\n'}
[2.111486] (two_wheeled_robot) StdoutLine: {'line': b'-- Up-to-date: /home/greyflon/lab_2025/install/two_wheeled_robot/share/two_wheeled_robot/models/MaleVisitorSit/thumbnails/1.png\n'}
[2.111551] (two_wheeled_robot) StdoutLine: {'line': b'-- Up-to-date: /home/greyflon/lab_2025/install/two_wheeled_robot/share/two_wheeled_robot/models/MaleVisitorSit/thumbnails/2.png\n'}
[2.111616] (two_wheeled_robot) StdoutLine: {'line': b'-- Up-to-date: /home/greyflon/lab_2025/install/two_wheeled_robot/share/two_wheeled_robot/models/MaleVisitorSit/thumbnails/4.png\n'}
[2.111680] (two_wheeled_robot) StdoutLine: {'line': b'-- Up-to-date: /home/greyflon/lab_2025/install/two_wheeled_robot/share/two_wheeled_robot/models/MaleVisitorSit/thumbnails/3.png\n'}
[2.111744] (two_wheeled_robot) StdoutLine: {'line': b'-- Up-to-date: /home/greyflon/lab_2025/install/two_wheeled_robot/share/two_wheeled_robot/models/MaleVisitorSit/model.sdf\n'}
[2.111808] (two_wheeled_robot) StdoutLine: {'line': b'-- Up-to-date: /home/greyflon/lab_2025/install/two_wheeled_robot/share/two_wheeled_robot/models/bowl\n'}
[2.111873] (two_wheeled_robot) StdoutLine: {'line': b'-- Up-to-date: /home/greyflon/lab_2025/install/two_wheeled_robot/share/two_wheeled_robot/models/bowl/model-1_2.sdf\n'}
[2.111938] (two_wheeled_robot) StdoutLine: {'line': b'-- Up-to-date: /home/greyflon/lab_2025/install/two_wheeled_robot/share/two_wheeled_robot/models/bowl/model-1_4.sdf\n'}
[2.112003] (two_wheeled_robot) StdoutLine: {'line': b'-- Up-to-date: /home/greyflon/lab_2025/install/two_wheeled_robot/share/two_wheeled_robot/models/bowl/model.config\n'}
[2.112067] (two_wheeled_robot) StdoutLine: {'line': b'-- Up-to-date: /home/greyflon/lab_2025/install/two_wheeled_robot/share/two_wheeled_robot/models/bowl/meshes\n'}
[2.112132] (two_wheeled_robot) StdoutLine: {'line': b'-- Up-to-date: /home/greyflon/lab_2025/install/two_wheeled_robot/share/two_wheeled_robot/models/bowl/meshes/bowl.dae\n'}
[2.112199] (two_wheeled_robot) StdoutLine: {'line': b'-- Up-to-date: /home/greyflon/lab_2025/install/two_wheeled_robot/share/two_wheeled_robot/models/bowl/model.sdf\n'}
[2.112264] (two_wheeled_robot) StdoutLine: {'line': b'-- Up-to-date: /home/greyflon/lab_2025/install/two_wheeled_robot/share/two_wheeled_robot/models/bowl/model-1_3.sdf\n'}
[2.112371] (two_wheeled_robot) StdoutLine: {'line': b'-- Up-to-date: /home/greyflon/lab_2025/install/two_wheeled_robot/share/two_wheeled_robot/models/green_target\n'}
[2.112440] (two_wheeled_robot) StdoutLine: {'line': b'-- Up-to-date: /home/greyflon/lab_2025/install/two_wheeled_robot/share/two_wheeled_robot/models/green_target/model.config\n'}
[2.112505] (two_wheeled_robot) StdoutLine: {'line': b'-- Up-to-date: /home/greyflon/lab_2025/install/two_wheeled_robot/share/two_wheeled_robot/models/green_target/meshes\n'}
[2.112666] (two_wheeled_robot) StdoutLine: {'line': b'-- Up-to-date: /home/greyflon/lab_2025/install/two_wheeled_robot/share/two_wheeled_robot/models/green_target/meshes/green_target.dae\n'}
[2.112735] (two_wheeled_robot) StdoutLine: {'line': b'-- Up-to-date: /home/greyflon/lab_2025/install/two_wheeled_robot/share/two_wheeled_robot/models/green_target/model.sdf\n'}
[2.112800] (two_wheeled_robot) StdoutLine: {'line': b'-- Up-to-date: /home/greyflon/lab_2025/install/two_wheeled_robot/share/two_wheeled_robot/models/door\n'}
[2.112865] (two_wheeled_robot) StdoutLine: {'line': b'-- Up-to-date: /home/greyflon/lab_2025/install/two_wheeled_robot/share/two_wheeled_robot/models/door/model.config\n'}
[2.112927] (two_wheeled_robot) StdoutLine: {'line': b'-- Up-to-date: /home/greyflon/lab_2025/install/two_wheeled_robot/share/two_wheeled_robot/models/door/meshes\n'}
[2.112992] (two_wheeled_robot) StdoutLine: {'line': b'-- Up-to-date: /home/greyflon/lab_2025/install/two_wheeled_robot/share/two_wheeled_robot/models/door/meshes/door_frame.obj\n'}
[2.113057] (two_wheeled_robot) StdoutLine: {'line': b'-- Up-to-date: /home/greyflon/lab_2025/install/two_wheeled_robot/share/two_wheeled_robot/models/door/meshes/door.obj\n'}
[2.113122] (two_wheeled_robot) StdoutLine: {'line': b'-- Up-to-date: /home/greyflon/lab_2025/install/two_wheeled_robot/share/two_wheeled_robot/models/door/meshes/door.mtl\n'}
[2.113187] (two_wheeled_robot) StdoutLine: {'line': b'-- Up-to-date: /home/greyflon/lab_2025/install/two_wheeled_robot/share/two_wheeled_robot/models/door/meshes/door_door.obj\n'}
[2.113251] (two_wheeled_robot) StdoutLine: {'line': b'-- Up-to-date: /home/greyflon/lab_2025/install/two_wheeled_robot/share/two_wheeled_robot/models/door/materials\n'}
[2.113423] (two_wheeled_robot) StdoutLine: {'line': b'-- Up-to-date: /home/greyflon/lab_2025/install/two_wheeled_robot/share/two_wheeled_robot/models/door/materials/textures\n'}
[2.113494] (two_wheeled_robot) StdoutLine: {'line': b'-- Up-to-date: /home/greyflon/lab_2025/install/two_wheeled_robot/share/two_wheeled_robot/models/door/materials/textures/refrigerator.png\n'}
[2.113559] (two_wheeled_robot) StdoutLine: {'line': b'-- Up-to-date: /home/greyflon/lab_2025/install/two_wheeled_robot/share/two_wheeled_robot/models/door/materials/textures/ceiling.png\n'}
[2.113654] (two_wheeled_robot) StdoutLine: {'line': b'-- Up-to-date: /home/greyflon/lab_2025/install/two_wheeled_robot/share/two_wheeled_robot/models/door/materials/textures/door.png\n'}
[2.113744] (two_wheeled_robot) StdoutLine: {'line': b'-- Up-to-date: /home/greyflon/lab_2025/install/two_wheeled_robot/share/two_wheeled_robot/models/door/model.sdf\n'}
[2.113806] (two_wheeled_robot) StdoutLine: {'line': b'-- Up-to-date: /home/greyflon/lab_2025/install/two_wheeled_robot/share/two_wheeled_robot/models/TrolleyBed\n'}
[2.113871] (two_wheeled_robot) StdoutLine: {'line': b'-- Up-to-date: /home/greyflon/lab_2025/install/two_wheeled_robot/share/two_wheeled_robot/models/TrolleyBed/model.config\n'}
[2.113936] (two_wheeled_robot) StdoutLine: {'line': b'-- Up-to-date: /home/greyflon/lab_2025/install/two_wheeled_robot/share/two_wheeled_robot/models/TrolleyBed/meshes\n'}
[2.114001] (two_wheeled_robot) StdoutLine: {'line': b'-- Up-to-date: /home/greyflon/lab_2025/install/two_wheeled_robot/share/two_wheeled_robot/models/TrolleyBed/meshes/TrolleyBed.obj\n'}
[2.114065] (two_wheeled_robot) StdoutLine: {'line': b'-- Up-to-date: /home/greyflon/lab_2025/install/two_wheeled_robot/share/two_wheeled_robot/models/TrolleyBed/meshes/TrolleyBed.mtl\n'}
[2.114130] (two_wheeled_robot) StdoutLine: {'line': b'-- Up-to-date: /home/greyflon/lab_2025/install/two_wheeled_robot/share/two_wheeled_robot/models/TrolleyBed/meshes/TrolleyBed_Diffuse.png\n'}
[2.114235] (two_wheeled_robot) StdoutLine: {'line': b'-- Up-to-date: /home/greyflon/lab_2025/install/two_wheeled_robot/share/two_wheeled_robot/models/TrolleyBed/thumbnails\n'}
[2.114308] (two_wheeled_robot) StdoutLine: {'line': b'-- Up-to-date: /home/greyflon/lab_2025/install/two_wheeled_robot/share/two_wheeled_robot/models/TrolleyBed/thumbnails/5.png\n'}
[2.114381] (two_wheeled_robot) StdoutLine: {'line': b'-- Up-to-date: /home/greyflon/lab_2025/install/two_wheeled_robot/share/two_wheeled_robot/models/TrolleyBed/thumbnails/1.png\n'}
[2.114447] (two_wheeled_robot) StdoutLine: {'line': b'-- Up-to-date: /home/greyflon/lab_2025/install/two_wheeled_robot/share/two_wheeled_robot/models/TrolleyBed/thumbnails/2.png\n'}
[2.114512] (two_wheeled_robot) StdoutLine: {'line': b'-- Up-to-date: /home/greyflon/lab_2025/install/two_wheeled_robot/share/two_wheeled_robot/models/TrolleyBed/thumbnails/4.png\n'}
[2.114596] (two_wheeled_robot) StdoutLine: {'line': b'-- Up-to-date: /home/greyflon/lab_2025/install/two_wheeled_robot/share/two_wheeled_robot/models/TrolleyBed/thumbnails/3.png\n'}
[2.114738] (two_wheeled_robot) StdoutLine: {'line': b'-- Up-to-date: /home/greyflon/lab_2025/install/two_wheeled_robot/share/two_wheeled_robot/models/TrolleyBed/model.sdf\n'}
[2.114799] (two_wheeled_robot) StdoutLine: {'line': b'-- Up-to-date: /home/greyflon/lab_2025/install/two_wheeled_robot/share/two_wheeled_robot/models/aws_robomaker_residential_PortraitD_02\n'}
[2.114873] (two_wheeled_robot) StdoutLine: {'line': b'-- Up-to-date: /home/greyflon/lab_2025/install/two_wheeled_robot/share/two_wheeled_robot/models/aws_robomaker_residential_PortraitD_02/model.config\n'}
[2.114941] (two_wheeled_robot) StdoutLine: {'line': b'-- Up-to-date: /home/greyflon/lab_2025/install/two_wheeled_robot/share/two_wheeled_robot/models/aws_robomaker_residential_PortraitD_02/meshes\n'}
[2.115007] (two_wheeled_robot) StdoutLine: {'line': b'-- Up-to-date: /home/greyflon/lab_2025/install/two_wheeled_robot/share/two_wheeled_robot/models/aws_robomaker_residential_PortraitD_02/meshes/aws_PortraitD_01_collision.DAE\n'}
[2.115093] (two_wheeled_robot) StdoutLine: {'line': b'-- Up-to-date: /home/greyflon/lab_2025/install/two_wheeled_robot/share/two_wheeled_robot/models/aws_robomaker_residential_PortraitD_02/meshes/aws_PortraitD_01_visual.DAE\n'}
[2.115179] (two_wheeled_robot) StdoutLine: {'line': b'-- Up-to-date: /home/greyflon/lab_2025/install/two_wheeled_robot/share/two_wheeled_robot/models/aws_robomaker_residential_PortraitD_02/materials\n'}
[2.115246] (two_wheeled_robot) StdoutLine: {'line': b'-- Up-to-date: /home/greyflon/lab_2025/install/two_wheeled_robot/share/two_wheeled_robot/models/aws_robomaker_residential_PortraitD_02/materials/textures\n'}
[2.115368] (two_wheeled_robot) StdoutLine: {'line': b'-- Up-to-date: /home/greyflon/lab_2025/install/two_wheeled_robot/share/two_wheeled_robot/models/aws_robomaker_residential_PortraitD_02/materials/textures/aws_PortraitD_02.png\n'}
[2.115435] (two_wheeled_robot) StdoutLine: {'line': b'-- Up-to-date: /home/greyflon/lab_2025/install/two_wheeled_robot/share/two_wheeled_robot/models/aws_robomaker_residential_PortraitD_02/materials/textures/PortraitD_02.jpg\n'}
[2.115495] (two_wheeled_robot) StdoutLine: {'line': b'-- Up-to-date: /home/greyflon/lab_2025/install/two_wheeled_robot/share/two_wheeled_robot/models/aws_robomaker_residential_PortraitD_02/materials/textures/aws_PortraitD_01.png\n'}
[2.115555] (two_wheeled_robot) StdoutLine: {'line': b'-- Up-to-date: /home/greyflon/lab_2025/install/two_wheeled_robot/share/two_wheeled_robot/models/aws_robomaker_residential_PortraitD_02/model.sdf\n'}
[2.115615] (two_wheeled_robot) StdoutLine: {'line': b'-- Up-to-date: /home/greyflon/lab_2025/install/two_wheeled_robot/share/two_wheeled_robot/models/aws_robomaker_residential_BalconyTable_01\n'}
[2.115689] (two_wheeled_robot) StdoutLine: {'line': b'-- Up-to-date: /home/greyflon/lab_2025/install/two_wheeled_robot/share/two_wheeled_robot/models/aws_robomaker_residential_BalconyTable_01/model.config\n'}
[2.115755] (two_wheeled_robot) StdoutLine: {'line': b'-- Up-to-date: /home/greyflon/lab_2025/install/two_wheeled_robot/share/two_wheeled_robot/models/aws_robomaker_residential_BalconyTable_01/meshes\n'}
[2.115821] (two_wheeled_robot) StdoutLine: {'line': b'-- Up-to-date: /home/greyflon/lab_2025/install/two_wheeled_robot/share/two_wheeled_robot/models/aws_robomaker_residential_BalconyTable_01/meshes/aws_BalconyTable_01_collision.DAE\n'}
[2.115883] (two_wheeled_robot) StdoutLine: {'line': b'-- Up-to-date: /home/greyflon/lab_2025/install/two_wheeled_robot/share/two_wheeled_robot/models/aws_robomaker_residential_BalconyTable_01/meshes/aws_BalconyTable_01_visual.DAE\n'}
[2.115948] (two_wheeled_robot) StdoutLine: {'line': b'-- Up-to-date: /home/greyflon/lab_2025/install/two_wheeled_robot/share/two_wheeled_robot/models/aws_robomaker_residential_BalconyTable_01/materials\n'}
[2.116014] (two_wheeled_robot) StdoutLine: {'line': b'-- Up-to-date: /home/greyflon/lab_2025/install/two_wheeled_robot/share/two_wheeled_robot/models/aws_robomaker_residential_BalconyTable_01/materials/textures\n'}
[2.116111] (two_wheeled_robot) StdoutLine: {'line': b'-- Up-to-date: /home/greyflon/lab_2025/install/two_wheeled_robot/share/two_wheeled_robot/models/aws_robomaker_residential_BalconyTable_01/materials/textures/aws_BalconyTable_01.png\n'}
[2.116232] (two_wheeled_robot) StdoutLine: {'line': b'-- Up-to-date: /home/greyflon/lab_2025/install/two_wheeled_robot/share/two_wheeled_robot/models/aws_robomaker_residential_BalconyTable_01/model.sdf\n'}
[2.116307] (two_wheeled_robot) StdoutLine: {'line': b'-- Up-to-date: /home/greyflon/lab_2025/install/two_wheeled_robot/share/two_wheeled_robot/models/aws_robomaker_residential_PortraitD_01\n'}
[2.116375] (two_wheeled_robot) StdoutLine: {'line': b'-- Up-to-date: /home/greyflon/lab_2025/install/two_wheeled_robot/share/two_wheeled_robot/models/aws_robomaker_residential_PortraitD_01/model.config\n'}
[2.116434] (two_wheeled_robot) StdoutLine: {'line': b'-- Up-to-date: /home/greyflon/lab_2025/install/two_wheeled_robot/share/two_wheeled_robot/models/aws_robomaker_residential_PortraitD_01/meshes\n'}
[2.116814] (two_wheeled_robot) StdoutLine: {'line': b'-- Up-to-date: /home/greyflon/lab_2025/install/two_wheeled_robot/share/two_wheeled_robot/models/aws_robomaker_residential_PortraitD_01/meshes/aws_PortraitD_01_collision.DAE\n'}
[2.117004] (two_wheeled_robot) StdoutLine: {'line': b'-- Up-to-date: /home/greyflon/lab_2025/install/two_wheeled_robot/share/two_wheeled_robot/models/aws_robomaker_residential_PortraitD_01/meshes/aws_PortraitD_01_visual.DAE\n'}
[2.117071] (two_wheeled_robot) StdoutLine: {'line': b'-- Up-to-date: /home/greyflon/lab_2025/install/two_wheeled_robot/share/two_wheeled_robot/models/aws_robomaker_residential_PortraitD_01/materials\n'}
[2.117166] (two_wheeled_robot) StdoutLine: {'line': b'-- Up-to-date: /home/greyflon/lab_2025/install/two_wheeled_robot/share/two_wheeled_robot/models/aws_robomaker_residential_PortraitD_01/materials/textures\n'}
[2.117264] (two_wheeled_robot) StdoutLine: {'line': b'-- Up-to-date: /home/greyflon/lab_2025/install/two_wheeled_robot/share/two_wheeled_robot/models/aws_robomaker_residential_PortraitD_01/materials/textures/aws_PortraitD_02.png\n'}
[2.117379] (two_wheeled_robot) StdoutLine: {'line': b'-- Up-to-date: /home/greyflon/lab_2025/install/two_wheeled_robot/share/two_wheeled_robot/models/aws_robomaker_residential_PortraitD_01/materials/textures/PortraitD_01.jpg\n'}
[2.117448] (two_wheeled_robot) StdoutLine: {'line': b'-- Up-to-date: /home/greyflon/lab_2025/install/two_wheeled_robot/share/two_wheeled_robot/models/aws_robomaker_residential_PortraitD_01/materials/textures/aws_PortraitD_01.png\n'}
[2.117559] (two_wheeled_robot) StdoutLine: {'line': b'-- Up-to-date: /home/greyflon/lab_2025/install/two_wheeled_robot/share/two_wheeled_robot/models/aws_robomaker_residential_PortraitD_01/model.sdf\n'}
[2.117625] (two_wheeled_robot) StdoutLine: {'line': b'-- Up-to-date: /home/greyflon/lab_2025/install/two_wheeled_robot/share/two_wheeled_robot/models/aws_robomaker_residential_DeskPortraitD_03\n'}
[2.117724] (two_wheeled_robot) StdoutLine: {'line': b'-- Up-to-date: /home/greyflon/lab_2025/install/two_wheeled_robot/share/two_wheeled_robot/models/aws_robomaker_residential_DeskPortraitD_03/model.config\n'}
[2.117785] (two_wheeled_robot) StdoutLine: {'line': b'-- Up-to-date: /home/greyflon/lab_2025/install/two_wheeled_robot/share/two_wheeled_robot/models/aws_robomaker_residential_DeskPortraitD_03/meshes\n'}
[2.117876] (two_wheeled_robot) StdoutLine: {'line': b'-- Up-to-date: /home/greyflon/lab_2025/install/two_wheeled_robot/share/two_wheeled_robot/models/aws_robomaker_residential_DeskPortraitD_03/meshes/aws_DeskPortraitD_01_visual.DAE\n'}
[2.117972] (two_wheeled_robot) StdoutLine: {'line': b'-- Up-to-date: /home/greyflon/lab_2025/install/two_wheeled_robot/share/two_wheeled_robot/models/aws_robomaker_residential_DeskPortraitD_03/meshes/aws_DeskPortraitD_01_collision.DAE\n'}
[2.118065] (two_wheeled_robot) StdoutLine: {'line': b'-- Up-to-date: /home/greyflon/lab_2025/install/two_wheeled_robot/share/two_wheeled_robot/models/aws_robomaker_residential_DeskPortraitD_03/materials\n'}
[2.118158] (two_wheeled_robot) StdoutLine: {'line': b'-- Up-to-date: /home/greyflon/lab_2025/install/two_wheeled_robot/share/two_wheeled_robot/models/aws_robomaker_residential_DeskPortraitD_03/materials/textures\n'}
[2.118293] (two_wheeled_robot) StdoutLine: {'line': b'-- Up-to-date: /home/greyflon/lab_2025/install/two_wheeled_robot/share/two_wheeled_robot/models/aws_robomaker_residential_DeskPortraitD_03/materials/textures/aws_DeskPortraitD_02.png\n'}
[2.118412] (two_wheeled_robot) StdoutLine: {'line': b'-- Up-to-date: /home/greyflon/lab_2025/install/two_wheeled_robot/share/two_wheeled_robot/models/aws_robomaker_residential_DeskPortraitD_03/materials/textures/aws_DeskPortraitD_01.png\n'}
[2.118494] (two_wheeled_robot) StdoutLine: {'line': b'-- Up-to-date: /home/greyflon/lab_2025/install/two_wheeled_robot/share/two_wheeled_robot/models/aws_robomaker_residential_DeskPortraitD_03/materials/textures/DeskPortraitD_03.jpg\n'}
[2.118555] (two_wheeled_robot) StdoutLine: {'line': b'-- Up-to-date: /home/greyflon/lab_2025/install/two_wheeled_robot/share/two_wheeled_robot/models/aws_robomaker_residential_DeskPortraitD_03/model.sdf\n'}
[2.118616] (two_wheeled_robot) StdoutLine: {'line': b'-- Up-to-date: /home/greyflon/lab_2025/install/two_wheeled_robot/share/two_wheeled_robot/models/whiteboard\n'}
[2.118710] (two_wheeled_robot) StdoutLine: {'line': b'-- Up-to-date: /home/greyflon/lab_2025/install/two_wheeled_robot/share/two_wheeled_robot/models/whiteboard/model.config\n'}
[2.118797] (two_wheeled_robot) StdoutLine: {'line': b'-- Up-to-date: /home/greyflon/lab_2025/install/two_wheeled_robot/share/two_wheeled_robot/models/whiteboard/meshes\n'}
[2.118892] (two_wheeled_robot) StdoutLine: {'line': b'-- Up-to-date: /home/greyflon/lab_2025/install/two_wheeled_robot/share/two_wheeled_robot/models/whiteboard/meshes/whiteboard.mtl\n'}
[2.118996] (two_wheeled_robot) StdoutLine: {'line': b'-- Up-to-date: /home/greyflon/lab_2025/install/two_wheeled_robot/share/two_wheeled_robot/models/whiteboard/meshes/whiteboard.obj\n'}
[2.119059] (two_wheeled_robot) StdoutLine: {'line': b'-- Up-to-date: /home/greyflon/lab_2025/install/two_wheeled_robot/share/two_wheeled_robot/models/whiteboard/materials\n'}
[2.119150] (two_wheeled_robot) StdoutLine: {'line': b'-- Up-to-date: /home/greyflon/lab_2025/install/two_wheeled_robot/share/two_wheeled_robot/models/whiteboard/materials/textures\n'}
[2.119286] (two_wheeled_robot) StdoutLine: {'line': b'-- Up-to-date: /home/greyflon/lab_2025/install/two_wheeled_robot/share/two_wheeled_robot/models/whiteboard/materials/textures/whiteboard.png\n'}
[2.119392] (two_wheeled_robot) StdoutLine: {'line': b'-- Up-to-date: /home/greyflon/lab_2025/install/two_wheeled_robot/share/two_wheeled_robot/models/whiteboard/model.sdf\n'}
[2.119487] (two_wheeled_robot) StdoutLine: {'line': b'-- Up-to-date: /home/greyflon/lab_2025/install/two_wheeled_robot/share/two_wheeled_robot/models/mud_box\n'}
[2.119590] (two_wheeled_robot) StdoutLine: {'line': b'-- Up-to-date: /home/greyflon/lab_2025/install/two_wheeled_robot/share/two_wheeled_robot/models/mud_box/model-1_4.sdf\n'}
[2.119693] (two_wheeled_robot) StdoutLine: {'line': b'-- Up-to-date: /home/greyflon/lab_2025/install/two_wheeled_robot/share/two_wheeled_robot/models/mud_box/model.config\n'}
[2.119758] (two_wheeled_robot) StdoutLine: {'line': b'-- Up-to-date: /home/greyflon/lab_2025/install/two_wheeled_robot/share/two_wheeled_robot/models/mud_box/materials\n'}
[2.119850] (two_wheeled_robot) StdoutLine: {'line': b'-- Up-to-date: /home/greyflon/lab_2025/install/two_wheeled_robot/share/two_wheeled_robot/models/mud_box/materials/scripts\n'}
[2.119995] (two_wheeled_robot) StdoutLine: {'line': b'-- Up-to-date: /home/greyflon/lab_2025/install/two_wheeled_robot/share/two_wheeled_robot/models/mud_box/materials/scripts/mud.material\n'}
[2.120090] (two_wheeled_robot) StdoutLine: {'line': b'-- Up-to-date: /home/greyflon/lab_2025/install/two_wheeled_robot/share/two_wheeled_robot/models/mud_box/materials/textures\n'}
[2.120220] (two_wheeled_robot) StdoutLine: {'line': b'-- Up-to-date: /home/greyflon/lab_2025/install/two_wheeled_robot/share/two_wheeled_robot/models/mud_box/materials/textures/mud_soft_leaves.png\n'}
[2.120323] (two_wheeled_robot) StdoutLine: {'line': b'-- Up-to-date: /home/greyflon/lab_2025/install/two_wheeled_robot/share/two_wheeled_robot/models/mud_box/model.sdf\n'}
[2.120430] (two_wheeled_robot) StdoutLine: {'line': b'-- Up-to-date: /home/greyflon/lab_2025/install/two_wheeled_robot/share/two_wheeled_robot/models/desk_chair\n'}
[2.120524] (two_wheeled_robot) StdoutLine: {'line': b'-- Up-to-date: /home/greyflon/lab_2025/install/two_wheeled_robot/share/two_wheeled_robot/models/desk_chair/model.config\n'}
[2.120625] (two_wheeled_robot) StdoutLine: {'line': b'-- Up-to-date: /home/greyflon/lab_2025/install/two_wheeled_robot/share/two_wheeled_robot/models/desk_chair/meshes\n'}
[2.120716] (two_wheeled_robot) StdoutLine: {'line': b'-- Up-to-date: /home/greyflon/lab_2025/install/two_wheeled_robot/share/two_wheeled_robot/models/desk_chair/meshes/desk_chair.mtl\n'}
[2.120810] (two_wheeled_robot) StdoutLine: {'line': b'-- Up-to-date: /home/greyflon/lab_2025/install/two_wheeled_robot/share/two_wheeled_robot/models/desk_chair/meshes/desk_chair.obj\n'}
[2.120906] (two_wheeled_robot) StdoutLine: {'line': b'-- Up-to-date: /home/greyflon/lab_2025/install/two_wheeled_robot/share/two_wheeled_robot/models/desk_chair/materials\n'}
[2.121027] (two_wheeled_robot) StdoutLine: {'line': b'-- Up-to-date: /home/greyflon/lab_2025/install/two_wheeled_robot/share/two_wheeled_robot/models/desk_chair/materials/textures\n'}
[2.121131] (two_wheeled_robot) StdoutLine: {'line': b'-- Up-to-date: /home/greyflon/lab_2025/install/two_wheeled_robot/share/two_wheeled_robot/models/desk_chair/materials/textures/desk_chair.png\n'}
[2.121234] (two_wheeled_robot) StdoutLine: {'line': b'-- Up-to-date: /home/greyflon/lab_2025/install/two_wheeled_robot/share/two_wheeled_robot/models/desk_chair/model.sdf\n'}
[2.121307] (two_wheeled_robot) StdoutLine: {'line': b'-- Up-to-date: /home/greyflon/lab_2025/install/two_wheeled_robot/share/two_wheeled_robot/models/aws_robomaker_retail_Computer_01\n'}
[2.121414] (two_wheeled_robot) StdoutLine: {'line': b'-- Up-to-date: /home/greyflon/lab_2025/install/two_wheeled_robot/share/two_wheeled_robot/models/aws_robomaker_retail_Computer_01/model.config\n'}
[2.121511] (two_wheeled_robot) StdoutLine: {'line': b'-- Up-to-date: /home/greyflon/lab_2025/install/two_wheeled_robot/share/two_wheeled_robot/models/aws_robomaker_retail_Computer_01/meshes\n'}
[2.121609] (two_wheeled_robot) StdoutLine: {'line': b'-- Up-to-date: /home/greyflon/lab_2025/install/two_wheeled_robot/share/two_wheeled_robot/models/aws_robomaker_retail_Computer_01/meshes/aws_Computer_01_collision.DAE\n'}
[2.121714] (two_wheeled_robot) StdoutLine: {'line': b'-- Up-to-date: /home/greyflon/lab_2025/install/two_wheeled_robot/share/two_wheeled_robot/models/aws_robomaker_retail_Computer_01/meshes/aws_Computer_01_visual.DAE\n'}
[2.121784] (two_wheeled_robot) StdoutLine: {'line': b'-- Up-to-date: /home/greyflon/lab_2025/install/two_wheeled_robot/share/two_wheeled_robot/models/aws_robomaker_retail_Computer_01/materials\n'}
[2.121870] (two_wheeled_robot) StdoutLine: {'line': b'-- Up-to-date: /home/greyflon/lab_2025/install/two_wheeled_robot/share/two_wheeled_robot/models/aws_robomaker_retail_Computer_01/materials/textures\n'}
[2.122056] (two_wheeled_robot) StdoutLine: {'line': b'-- Up-to-date: /home/greyflon/lab_2025/install/two_wheeled_robot/share/two_wheeled_robot/models/aws_robomaker_retail_Computer_01/materials/textures/aws_Computer_01.png\n'}
[2.122151] (two_wheeled_robot) StdoutLine: {'line': b'-- Up-to-date: /home/greyflon/lab_2025/install/two_wheeled_robot/share/two_wheeled_robot/models/aws_robomaker_retail_Computer_01/model.sdf\n'}
[2.122244] (two_wheeled_robot) StdoutLine: {'line': b'-- Up-to-date: /home/greyflon/lab_2025/install/two_wheeled_robot/share/two_wheeled_robot/models/dumpster\n'}
[2.122338] (two_wheeled_robot) StdoutLine: {'line': b'-- Up-to-date: /home/greyflon/lab_2025/install/two_wheeled_robot/share/two_wheeled_robot/models/dumpster/model-1_4.sdf\n'}
[2.122437] (two_wheeled_robot) StdoutLine: {'line': b'-- Up-to-date: /home/greyflon/lab_2025/install/two_wheeled_robot/share/two_wheeled_robot/models/dumpster/model.config\n'}
[2.122532] (two_wheeled_robot) StdoutLine: {'line': b'-- Up-to-date: /home/greyflon/lab_2025/install/two_wheeled_robot/share/two_wheeled_robot/models/dumpster/meshes\n'}
[2.122616] (two_wheeled_robot) StdoutLine: {'line': b'-- Up-to-date: /home/greyflon/lab_2025/install/two_wheeled_robot/share/two_wheeled_robot/models/dumpster/meshes/dumpster.dae\n'}
[2.122708] (two_wheeled_robot) StdoutLine: {'line': b'-- Up-to-date: /home/greyflon/lab_2025/install/two_wheeled_robot/share/two_wheeled_robot/models/dumpster/materials\n'}
[2.122798] (two_wheeled_robot) StdoutLine: {'line': b'-- Up-to-date: /home/greyflon/lab_2025/install/two_wheeled_robot/share/two_wheeled_robot/models/dumpster/materials/scripts\n'}
[2.122976] (two_wheeled_robot) StdoutLine: {'line': b'-- Up-to-date: /home/greyflon/lab_2025/install/two_wheeled_robot/share/two_wheeled_robot/models/dumpster/materials/scripts/dumpster.material\n'}
[2.123097] (two_wheeled_robot) StdoutLine: {'line': b'-- Up-to-date: /home/greyflon/lab_2025/install/two_wheeled_robot/share/two_wheeled_robot/models/dumpster/materials/textures\n'}
[2.123195] (two_wheeled_robot) StdoutLine: {'line': b'-- Up-to-date: /home/greyflon/lab_2025/install/two_wheeled_robot/share/two_wheeled_robot/models/dumpster/materials/textures/Dumpster_Diffuse.png\n'}
[2.123296] (two_wheeled_robot) StdoutLine: {'line': b'-- Up-to-date: /home/greyflon/lab_2025/install/two_wheeled_robot/share/two_wheeled_robot/models/dumpster/materials/textures/Dumpster_Spec.png\n'}
[2.123404] (two_wheeled_robot) StdoutLine: {'line': b'-- Up-to-date: /home/greyflon/lab_2025/install/two_wheeled_robot/share/two_wheeled_robot/models/dumpster/model.sdf\n'}
[2.123465] (two_wheeled_robot) StdoutLine: {'line': b'-- Up-to-date: /home/greyflon/lab_2025/install/two_wheeled_robot/share/two_wheeled_robot/models/dumpster/model-1_3.sdf\n'}
[2.123525] (two_wheeled_robot) StdoutLine: {'line': b'-- Up-to-date: /home/greyflon/lab_2025/install/two_wheeled_robot/share/two_wheeled_robot/models/marker_infini2\n'}
[2.123620] (two_wheeled_robot) StdoutLine: {'line': b'-- Up-to-date: /home/greyflon/lab_2025/install/two_wheeled_robot/share/two_wheeled_robot/models/marker_infini2/model.config~.xml\n'}
[2.123715] (two_wheeled_robot) StdoutLine: {'line': b'-- Up-to-date: /home/greyflon/lab_2025/install/two_wheeled_robot/share/two_wheeled_robot/models/marker_infini2/model.sdf~\n'}
[2.123783] (two_wheeled_robot) StdoutLine: {'line': b'-- Up-to-date: /home/greyflon/lab_2025/install/two_wheeled_robot/share/two_wheeled_robot/models/marker_infini2/model-1_4.sdf\n'}
[2.123878] (two_wheeled_robot) StdoutLine: {'line': b'-- Up-to-date: /home/greyflon/lab_2025/install/two_wheeled_robot/share/two_wheeled_robot/models/marker_infini2/model.config\n'}
[2.123967] (two_wheeled_robot) StdoutLine: {'line': b'-- Up-to-date: /home/greyflon/lab_2025/install/two_wheeled_robot/share/two_wheeled_robot/models/marker_infini2/meshes\n'}
[2.124026] (two_wheeled_robot) StdoutLine: {'line': b'-- Up-to-date: /home/greyflon/lab_2025/install/two_wheeled_robot/share/two_wheeled_robot/models/marker_infini2/meshes/Marker0.dae\n'}
[2.124115] (two_wheeled_robot) StdoutLine: {'line': b'-- Up-to-date: /home/greyflon/lab_2025/install/two_wheeled_robot/share/two_wheeled_robot/models/marker_infini2/materials\n'}
[2.124177] (two_wheeled_robot) StdoutLine: {'line': b'-- Up-to-date: /home/greyflon/lab_2025/install/two_wheeled_robot/share/two_wheeled_robot/models/marker_infini2/materials/textures\n'}
[2.124267] (two_wheeled_robot) StdoutLine: {'line': b'-- Up-to-date: /home/greyflon/lab_2025/install/two_wheeled_robot/share/two_wheeled_robot/models/marker_infini2/materials/textures/BKP_Marker0.png\n'}
[2.124382] (two_wheeled_robot) StdoutLine: {'line': b'-- Up-to-date: /home/greyflon/lab_2025/install/two_wheeled_robot/share/two_wheeled_robot/models/marker_infini2/materials/textures/Marker0.png\n'}
[2.124451] (two_wheeled_robot) StdoutLine: {'line': b'-- Up-to-date: /home/greyflon/lab_2025/install/two_wheeled_robot/share/two_wheeled_robot/models/marker_infini2/model.sdf\n'}
[2.124544] (two_wheeled_robot) StdoutLine: {'line': b'-- Up-to-date: /home/greyflon/lab_2025/install/two_wheeled_robot/share/two_wheeled_robot/models/marker_infini2/model-1_5.sdf~\n'}
[2.124635] (two_wheeled_robot) StdoutLine: {'line': b'-- Up-to-date: /home/greyflon/lab_2025/install/two_wheeled_robot/share/two_wheeled_robot/models/marker_infini2/model-1_5.sdf\n'}
[2.124701] (two_wheeled_robot) StdoutLine: {'line': b'-- Up-to-date: /home/greyflon/lab_2025/install/two_wheeled_robot/share/two_wheeled_robot/models/marker_infini2/model-1_4.sdf~\n'}
[2.124765] (two_wheeled_robot) StdoutLine: {'line': b'-- Up-to-date: /home/greyflon/lab_2025/install/two_wheeled_robot/share/two_wheeled_robot/models/aws_robomaker_residential_SecurityCamera_01\n'}
[2.124858] (two_wheeled_robot) StdoutLine: {'line': b'-- Up-to-date: /home/greyflon/lab_2025/install/two_wheeled_robot/share/two_wheeled_robot/models/aws_robomaker_residential_SecurityCamera_01/model.config\n'}
[2.124925] (two_wheeled_robot) StdoutLine: {'line': b'-- Up-to-date: /home/greyflon/lab_2025/install/two_wheeled_robot/share/two_wheeled_robot/models/aws_robomaker_residential_SecurityCamera_01/meshes\n'}
[2.125022] (two_wheeled_robot) StdoutLine: {'line': b'-- Up-to-date: /home/greyflon/lab_2025/install/two_wheeled_robot/share/two_wheeled_robot/models/aws_robomaker_residential_SecurityCamera_01/meshes/aws_SecurityCamera_01_collision.DAE\n'}
[2.125125] (two_wheeled_robot) StdoutLine: {'line': b'-- Up-to-date: /home/greyflon/lab_2025/install/two_wheeled_robot/share/two_wheeled_robot/models/aws_robomaker_residential_SecurityCamera_01/meshes/aws_SecurityCamera_01_visual.DAE\n'}
[2.125207] (two_wheeled_robot) StdoutLine: {'line': b'-- Up-to-date: /home/greyflon/lab_2025/install/two_wheeled_robot/share/two_wheeled_robot/models/aws_robomaker_residential_SecurityCamera_01/materials\n'}
[2.125269] (two_wheeled_robot) StdoutLine: {'line': b'-- Up-to-date: /home/greyflon/lab_2025/install/two_wheeled_robot/share/two_wheeled_robot/models/aws_robomaker_residential_SecurityCamera_01/materials/textures\n'}
[2.125375] (two_wheeled_robot) StdoutLine: {'line': b'-- Up-to-date: /home/greyflon/lab_2025/install/two_wheeled_robot/share/two_wheeled_robot/models/aws_robomaker_residential_SecurityCamera_01/materials/textures/aws_SecurityCamera_01.png\n'}
[2.125470] (two_wheeled_robot) StdoutLine: {'line': b'-- Up-to-date: /home/greyflon/lab_2025/install/two_wheeled_robot/share/two_wheeled_robot/models/aws_robomaker_residential_SecurityCamera_01/model.sdf\n'}
[2.125531] (two_wheeled_robot) StdoutLine: {'line': b'-- Up-to-date: /home/greyflon/lab_2025/install/two_wheeled_robot/share/two_wheeled_robot/models/marker01\n'}
[2.125616] (two_wheeled_robot) StdoutLine: {'line': b'-- Up-to-date: /home/greyflon/lab_2025/install/two_wheeled_robot/share/two_wheeled_robot/models/marker01/model.config~.xml\n'}
[2.125723] (two_wheeled_robot) StdoutLine: {'line': b'-- Up-to-date: /home/greyflon/lab_2025/install/two_wheeled_robot/share/two_wheeled_robot/models/marker01/model.sdf~\n'}
[2.125825] (two_wheeled_robot) StdoutLine: {'line': b'-- Up-to-date: /home/greyflon/lab_2025/install/two_wheeled_robot/share/two_wheeled_robot/models/marker01/model-1_4.sdf\n'}
[2.125903] (two_wheeled_robot) StdoutLine: {'line': b'-- Up-to-date: /home/greyflon/lab_2025/install/two_wheeled_robot/share/two_wheeled_robot/models/marker01/model.config\n'}
[2.126000] (two_wheeled_robot) StdoutLine: {'line': b'-- Up-to-date: /home/greyflon/lab_2025/install/two_wheeled_robot/share/two_wheeled_robot/models/marker01/meshes\n'}
[2.126102] (two_wheeled_robot) StdoutLine: {'line': b'-- Up-to-date: /home/greyflon/lab_2025/install/two_wheeled_robot/share/two_wheeled_robot/models/marker01/meshes/Marker0.dae\n'}
[2.126177] (two_wheeled_robot) StdoutLine: {'line': b'-- Up-to-date: /home/greyflon/lab_2025/install/two_wheeled_robot/share/two_wheeled_robot/models/marker01/materials\n'}
[2.126274] (two_wheeled_robot) StdoutLine: {'line': b'-- Up-to-date: /home/greyflon/lab_2025/install/two_wheeled_robot/share/two_wheeled_robot/models/marker01/materials/textures\n'}
[2.126383] (two_wheeled_robot) StdoutLine: {'line': b'-- Up-to-date: /home/greyflon/lab_2025/install/two_wheeled_robot/share/two_wheeled_robot/models/marker01/materials/textures/Marker0.png\n'}
[2.126483] (two_wheeled_robot) StdoutLine: {'line': b'-- Up-to-date: /home/greyflon/lab_2025/install/two_wheeled_robot/share/two_wheeled_robot/models/marker01/model.sdf\n'}
[2.126594] (two_wheeled_robot) StdoutLine: {'line': b'-- Up-to-date: /home/greyflon/lab_2025/install/two_wheeled_robot/share/two_wheeled_robot/models/marker01/model-1_5.sdf~\n'}
[2.126659] (two_wheeled_robot) StdoutLine: {'line': b'-- Up-to-date: /home/greyflon/lab_2025/install/two_wheeled_robot/share/two_wheeled_robot/models/marker01/model-1_5.sdf\n'}
[2.126727] (two_wheeled_robot) StdoutLine: {'line': b'-- Up-to-date: /home/greyflon/lab_2025/install/two_wheeled_robot/share/two_wheeled_robot/models/marker01/model-1_4.sdf~\n'}
[2.126803] (two_wheeled_robot) StdoutLine: {'line': b'-- Up-to-date: /home/greyflon/lab_2025/install/two_wheeled_robot/share/two_wheeled_robot/models/aws_robomaker_residential_ChairD_01\n'}
[2.126899] (two_wheeled_robot) StdoutLine: {'line': b'-- Up-to-date: /home/greyflon/lab_2025/install/two_wheeled_robot/share/two_wheeled_robot/models/aws_robomaker_residential_ChairD_01/model.config\n'}
[2.127025] (two_wheeled_robot) StdoutLine: {'line': b'-- Up-to-date: /home/greyflon/lab_2025/install/two_wheeled_robot/share/two_wheeled_robot/models/aws_robomaker_residential_ChairD_01/meshes\n'}
[2.127101] (two_wheeled_robot) StdoutLine: {'line': b'-- Up-to-date: /home/greyflon/lab_2025/install/two_wheeled_robot/share/two_wheeled_robot/models/aws_robomaker_residential_ChairD_01/meshes/aws_ChairD_01_collision.DAE\n'}
[2.127176] (two_wheeled_robot) StdoutLine: {'line': b'-- Up-to-date: /home/greyflon/lab_2025/install/two_wheeled_robot/share/two_wheeled_robot/models/aws_robomaker_residential_ChairD_01/meshes/aws_ChairD_01_visual.DAE\n'}
[2.127274] (two_wheeled_robot) StdoutLine: {'line': b'-- Up-to-date: /home/greyflon/lab_2025/install/two_wheeled_robot/share/two_wheeled_robot/models/aws_robomaker_residential_ChairD_01/materials\n'}
[2.127538] (two_wheeled_robot) StdoutLine: {'line': b'-- Up-to-date: /home/greyflon/lab_2025/install/two_wheeled_robot/share/two_wheeled_robot/models/aws_robomaker_residential_ChairD_01/materials/textures\n'}
[2.127625] (two_wheeled_robot) StdoutLine: {'line': b'-- Up-to-date: /home/greyflon/lab_2025/install/two_wheeled_robot/share/two_wheeled_robot/models/aws_robomaker_residential_ChairD_01/materials/textures/aws_ChairD_01.png\n'}
[2.127746] (two_wheeled_robot) StdoutLine: {'line': b'-- Up-to-date: /home/greyflon/lab_2025/install/two_wheeled_robot/share/two_wheeled_robot/models/aws_robomaker_residential_ChairD_01/model.sdf\n'}
[2.127826] (two_wheeled_robot) StdoutLine: {'line': b'-- Up-to-date: /home/greyflon/lab_2025/install/two_wheeled_robot/share/two_wheeled_robot/models/osrf_first_office\n'}
[2.128179] (two_wheeled_robot) StdoutLine: {'line': b'-- Up-to-date: /home/greyflon/lab_2025/install/two_wheeled_robot/share/two_wheeled_robot/models/osrf_first_office/model.config\n'}
[2.128296] (two_wheeled_robot) StdoutLine: {'line': b'-- Up-to-date: /home/greyflon/lab_2025/install/two_wheeled_robot/share/two_wheeled_robot/models/osrf_first_office/meshes\n'}
[2.128427] (two_wheeled_robot) StdoutLine: {'line': b'-- Up-to-date: /home/greyflon/lab_2025/install/two_wheeled_robot/share/two_wheeled_robot/models/osrf_first_office/meshes/osrf_first_office.dae\n'}
[2.128543] (two_wheeled_robot) StdoutLine: {'line': b'-- Up-to-date: /home/greyflon/lab_2025/install/two_wheeled_robot/share/two_wheeled_robot/models/osrf_first_office/materials\n'}
[2.128637] (two_wheeled_robot) StdoutLine: {'line': b'-- Up-to-date: /home/greyflon/lab_2025/install/two_wheeled_robot/share/two_wheeled_robot/models/osrf_first_office/materials/textures\n'}
[2.128816] (two_wheeled_robot) StdoutLine: {'line': b'-- Up-to-date: /home/greyflon/lab_2025/install/two_wheeled_robot/share/two_wheeled_robot/models/osrf_first_office/materials/textures/osrf_first_office_spec.jpg\n'}
[2.128944] (two_wheeled_robot) StdoutLine: {'line': b'-- Up-to-date: /home/greyflon/lab_2025/install/two_wheeled_robot/share/two_wheeled_robot/models/osrf_first_office/materials/textures/osrf_first_office_diffuse.jpg\n'}
[2.129013] (two_wheeled_robot) StdoutLine: {'line': b'-- Up-to-date: /home/greyflon/lab_2025/install/two_wheeled_robot/share/two_wheeled_robot/models/osrf_first_office/model.sdf\n'}
[2.129080] (two_wheeled_robot) StdoutLine: {'line': b'-- Up-to-date: /home/greyflon/lab_2025/install/two_wheeled_robot/share/two_wheeled_robot/models/water_tower\n'}
[2.129196] (two_wheeled_robot) StdoutLine: {'line': b'-- Up-to-date: /home/greyflon/lab_2025/install/two_wheeled_robot/share/two_wheeled_robot/models/water_tower/model.config\n'}
[2.129265] (two_wheeled_robot) StdoutLine: {'line': b'-- Up-to-date: /home/greyflon/lab_2025/install/two_wheeled_robot/share/two_wheeled_robot/models/water_tower/meshes\n'}
[2.129397] (two_wheeled_robot) StdoutLine: {'line': b'-- Up-to-date: /home/greyflon/lab_2025/install/two_wheeled_robot/share/two_wheeled_robot/models/water_tower/meshes/water_tower.dae\n'}
[2.129466] (two_wheeled_robot) StdoutLine: {'line': b'-- Up-to-date: /home/greyflon/lab_2025/install/two_wheeled_robot/share/two_wheeled_robot/models/water_tower/materials\n'}
[2.129573] (two_wheeled_robot) StdoutLine: {'line': b'-- Up-to-date: /home/greyflon/lab_2025/install/two_wheeled_robot/share/two_wheeled_robot/models/water_tower/materials/textures\n'}
[2.129704] (two_wheeled_robot) StdoutLine: {'line': b'-- Up-to-date: /home/greyflon/lab_2025/install/two_wheeled_robot/share/two_wheeled_robot/models/water_tower/materials/textures/water_tower_spec.jpg\n'}
[2.129807] (two_wheeled_robot) StdoutLine: {'line': b'-- Up-to-date: /home/greyflon/lab_2025/install/two_wheeled_robot/share/two_wheeled_robot/models/water_tower/materials/textures/water_tower_diffuse.jpg\n'}
[2.129912] (two_wheeled_robot) StdoutLine: {'line': b'-- Up-to-date: /home/greyflon/lab_2025/install/two_wheeled_robot/share/two_wheeled_robot/models/water_tower/model.sdf\n'}
[2.129983] (two_wheeled_robot) StdoutLine: {'line': b'-- Up-to-date: /home/greyflon/lab_2025/install/two_wheeled_robot/share/two_wheeled_robot/models/aws_robomaker_retail_BookshelfB_01\n'}
[2.130100] (two_wheeled_robot) StdoutLine: {'line': b'-- Up-to-date: /home/greyflon/lab_2025/install/two_wheeled_robot/share/two_wheeled_robot/models/aws_robomaker_retail_BookshelfB_01/model.config\n'}
[2.130169] (two_wheeled_robot) StdoutLine: {'line': b'-- Up-to-date: /home/greyflon/lab_2025/install/two_wheeled_robot/share/two_wheeled_robot/models/aws_robomaker_retail_BookshelfB_01/meshes\n'}
[2.130298] (two_wheeled_robot) StdoutLine: {'line': b'-- Up-to-date: /home/greyflon/lab_2025/install/two_wheeled_robot/share/two_wheeled_robot/models/aws_robomaker_retail_BookshelfB_01/meshes/aws_BookshelfB_01_visual.DAE\n'}
[2.130381] (two_wheeled_robot) StdoutLine: {'line': b'-- Up-to-date: /home/greyflon/lab_2025/install/two_wheeled_robot/share/two_wheeled_robot/models/aws_robomaker_retail_BookshelfB_01/meshes/aws_BookshelfB_01_collision.DAE\n'}
[2.130488] (two_wheeled_robot) StdoutLine: {'line': b'-- Up-to-date: /home/greyflon/lab_2025/install/two_wheeled_robot/share/two_wheeled_robot/models/aws_robomaker_retail_BookshelfB_01/materials\n'}
[2.130550] (two_wheeled_robot) StdoutLine: {'line': b'-- Up-to-date: /home/greyflon/lab_2025/install/two_wheeled_robot/share/two_wheeled_robot/models/aws_robomaker_retail_BookshelfB_01/materials/textures\n'}
[2.130665] (two_wheeled_robot) StdoutLine: {'line': b'-- Up-to-date: /home/greyflon/lab_2025/install/two_wheeled_robot/share/two_wheeled_robot/models/aws_robomaker_retail_BookshelfB_01/materials/textures/aws_BookshelfB_02.png\n'}
[2.130763] (two_wheeled_robot) StdoutLine: {'line': b'-- Up-to-date: /home/greyflon/lab_2025/install/two_wheeled_robot/share/two_wheeled_robot/models/aws_robomaker_retail_BookshelfB_01/materials/textures/aws_BookshelfB_01.png\n'}
[2.130832] (two_wheeled_robot) StdoutLine: {'line': b'-- Up-to-date: /home/greyflon/lab_2025/install/two_wheeled_robot/share/two_wheeled_robot/models/aws_robomaker_retail_BookshelfB_01/model.sdf\n'}
[2.130959] (two_wheeled_robot) StdoutLine: {'line': b'-- Up-to-date: /home/greyflon/lab_2025/install/two_wheeled_robot/share/two_wheeled_robot/models/warehouse_walls\n'}
[2.131027] (two_wheeled_robot) StdoutLine: {'line': b'-- Up-to-date: /home/greyflon/lab_2025/install/two_wheeled_robot/share/two_wheeled_robot/models/warehouse_walls/model.config\n'}
[2.131090] (two_wheeled_robot) StdoutLine: {'line': b'-- Up-to-date: /home/greyflon/lab_2025/install/two_wheeled_robot/share/two_wheeled_robot/models/warehouse_walls/materials\n'}
[2.131214] (two_wheeled_robot) StdoutLine: {'line': b'-- Up-to-date: /home/greyflon/lab_2025/install/two_wheeled_robot/share/two_wheeled_robot/models/warehouse_walls/materials/scripts\n'}
[2.131337] (two_wheeled_robot) StdoutLine: {'line': b'-- Up-to-date: /home/greyflon/lab_2025/install/two_wheeled_robot/share/two_wheeled_robot/models/warehouse_walls/materials/scripts/grey_wall.material\n'}
[2.131461] (two_wheeled_robot) StdoutLine: {'line': b'-- Up-to-date: /home/greyflon/lab_2025/install/two_wheeled_robot/share/two_wheeled_robot/models/warehouse_walls/materials/textures\n'}
[2.131586] (two_wheeled_robot) StdoutLine: {'line': b'-- Up-to-date: /home/greyflon/lab_2025/install/two_wheeled_robot/share/two_wheeled_robot/models/warehouse_walls/materials/textures/grey_wall.png\n'}
[2.131736] (two_wheeled_robot) StdoutLine: {'line': b'-- Up-to-date: /home/greyflon/lab_2025/install/two_wheeled_robot/share/two_wheeled_robot/models/warehouse_walls/model.sdf\n'}
[2.131813] (two_wheeled_robot) StdoutLine: {'line': b'-- Up-to-date: /home/greyflon/lab_2025/install/two_wheeled_robot/share/two_wheeled_robot/models/PotatoChipChair\n'}
[2.131886] (two_wheeled_robot) StdoutLine: {'line': b'-- Up-to-date: /home/greyflon/lab_2025/install/two_wheeled_robot/share/two_wheeled_robot/models/PotatoChipChair/model.config\n'}
[2.131959] (two_wheeled_robot) StdoutLine: {'line': b'-- Up-to-date: /home/greyflon/lab_2025/install/two_wheeled_robot/share/two_wheeled_robot/models/PotatoChipChair/meshes\n'}
[2.132070] (two_wheeled_robot) StdoutLine: {'line': b'-- Up-to-date: /home/greyflon/lab_2025/install/two_wheeled_robot/share/two_wheeled_robot/models/PotatoChipChair/meshes/PotatoChipChair.mtl\n'}
[2.132249] (two_wheeled_robot) StdoutLine: {'line': b'-- Up-to-date: /home/greyflon/lab_2025/install/two_wheeled_robot/share/two_wheeled_robot/models/PotatoChipChair/meshes/PotatoChipChairDiffuse.png\n'}
[2.132333] (two_wheeled_robot) StdoutLine: {'line': b'-- Up-to-date: /home/greyflon/lab_2025/install/two_wheeled_robot/share/two_wheeled_robot/models/PotatoChipChair/meshes/PotatoChipChair.obj\n'}
[2.132398] (two_wheeled_robot) StdoutLine: {'line': b'-- Up-to-date: /home/greyflon/lab_2025/install/two_wheeled_robot/share/two_wheeled_robot/models/PotatoChipChair/meshes/PotatoChipChair_Col.obj\n'}
[2.132506] (two_wheeled_robot) StdoutLine: {'line': b'-- Up-to-date: /home/greyflon/lab_2025/install/two_wheeled_robot/share/two_wheeled_robot/models/PotatoChipChair/meshes/PotatoChipChair_Col.mtl\n'}
[2.132577] (two_wheeled_robot) StdoutLine: {'line': b'-- Up-to-date: /home/greyflon/lab_2025/install/two_wheeled_robot/share/two_wheeled_robot/models/PotatoChipChair/thumbnails\n'}
[2.132647] (two_wheeled_robot) StdoutLine: {'line': b'-- Up-to-date: /home/greyflon/lab_2025/install/two_wheeled_robot/share/two_wheeled_robot/models/PotatoChipChair/thumbnails/5.png\n'}
[2.132716] (two_wheeled_robot) StdoutLine: {'line': b'-- Up-to-date: /home/greyflon/lab_2025/install/two_wheeled_robot/share/two_wheeled_robot/models/PotatoChipChair/thumbnails/1.png\n'}
[2.132784] (two_wheeled_robot) StdoutLine: {'line': b'-- Up-to-date: /home/greyflon/lab_2025/install/two_wheeled_robot/share/two_wheeled_robot/models/PotatoChipChair/thumbnails/2.png\n'}
[2.132854] (two_wheeled_robot) StdoutLine: {'line': b'-- Up-to-date: /home/greyflon/lab_2025/install/two_wheeled_robot/share/two_wheeled_robot/models/PotatoChipChair/thumbnails/4.png\n'}
[2.132969] (two_wheeled_robot) StdoutLine: {'line': b'-- Up-to-date: /home/greyflon/lab_2025/install/two_wheeled_robot/share/two_wheeled_robot/models/PotatoChipChair/thumbnails/3.png\n'}
[2.133045] (two_wheeled_robot) StdoutLine: {'line': b'-- Up-to-date: /home/greyflon/lab_2025/install/two_wheeled_robot/share/two_wheeled_robot/models/PotatoChipChair/model.sdf\n'}
[2.133173] (two_wheeled_robot) StdoutLine: {'line': b'-- Up-to-date: /home/greyflon/lab_2025/install/two_wheeled_robot/share/two_wheeled_robot/models/big_box4\n'}
[2.133246] (two_wheeled_robot) StdoutLine: {'line': b'-- Up-to-date: /home/greyflon/lab_2025/install/two_wheeled_robot/share/two_wheeled_robot/models/big_box4/model.config\n'}
[2.133332] (two_wheeled_robot) StdoutLine: {'line': b'-- Up-to-date: /home/greyflon/lab_2025/install/two_wheeled_robot/share/two_wheeled_robot/models/big_box4/meshes\n'}
[2.133456] (two_wheeled_robot) StdoutLine: {'line': b'-- Up-to-date: /home/greyflon/lab_2025/install/two_wheeled_robot/share/two_wheeled_robot/models/big_box4/meshes/big_box.dae\n'}
[2.133530] (two_wheeled_robot) StdoutLine: {'line': b'-- Up-to-date: /home/greyflon/lab_2025/install/two_wheeled_robot/share/two_wheeled_robot/models/big_box4/materials\n'}
[2.133597] (two_wheeled_robot) StdoutLine: {'line': b'-- Up-to-date: /home/greyflon/lab_2025/install/two_wheeled_robot/share/two_wheeled_robot/models/big_box4/materials/textures\n'}
[2.133665] (two_wheeled_robot) StdoutLine: {'line': b'-- Up-to-date: /home/greyflon/lab_2025/install/two_wheeled_robot/share/two_wheeled_robot/models/big_box4/materials/textures/barcode.png\n'}
[2.133816] (two_wheeled_robot) StdoutLine: {'line': b'-- Up-to-date: /home/greyflon/lab_2025/install/two_wheeled_robot/share/two_wheeled_robot/models/big_box4/materials/textures/Kraft_Tile.jpg\n'}
[2.133894] (two_wheeled_robot) StdoutLine: {'line': b'-- Up-to-date: /home/greyflon/lab_2025/install/two_wheeled_robot/share/two_wheeled_robot/models/big_box4/materials/textures/side2.png\n'}
[2.133963] (two_wheeled_robot) StdoutLine: {'line': b'-- Up-to-date: /home/greyflon/lab_2025/install/two_wheeled_robot/share/two_wheeled_robot/models/big_box4/materials/textures/side1.pdn\n'}
[2.134032] (two_wheeled_robot) StdoutLine: {'line': b'-- Up-to-date: /home/greyflon/lab_2025/install/two_wheeled_robot/share/two_wheeled_robot/models/big_box4/materials/textures/front.png\n'}
[2.134104] (two_wheeled_robot) StdoutLine: {'line': b'-- Up-to-date: /home/greyflon/lab_2025/install/two_wheeled_robot/share/two_wheeled_robot/models/big_box4/materials/textures/front.pdn\n'}
[2.134177] (two_wheeled_robot) StdoutLine: {'line': b'-- Up-to-date: /home/greyflon/lab_2025/install/two_wheeled_robot/share/two_wheeled_robot/models/big_box4/materials/textures/side2.pdn\n'}
[2.134250] (two_wheeled_robot) StdoutLine: {'line': b'-- Up-to-date: /home/greyflon/lab_2025/install/two_wheeled_robot/share/two_wheeled_robot/models/big_box4/materials/textures/side1.png\n'}
[2.134413] (two_wheeled_robot) StdoutLine: {'line': b'-- Up-to-date: /home/greyflon/lab_2025/install/two_wheeled_robot/share/two_wheeled_robot/models/big_box4/model.sdf\n'}
[2.134488] (two_wheeled_robot) StdoutLine: {'line': b'-- Up-to-date: /home/greyflon/lab_2025/install/two_wheeled_robot/share/two_wheeled_robot/models/ElderLadyPatient\n'}
[2.134556] (two_wheeled_robot) StdoutLine: {'line': b'-- Up-to-date: /home/greyflon/lab_2025/install/two_wheeled_robot/share/two_wheeled_robot/models/ElderLadyPatient/model.config\n'}
[2.134626] (two_wheeled_robot) StdoutLine: {'line': b'-- Up-to-date: /home/greyflon/lab_2025/install/two_wheeled_robot/share/two_wheeled_robot/models/ElderLadyPatient/meshes\n'}
[2.134700] (two_wheeled_robot) StdoutLine: {'line': b'-- Up-to-date: /home/greyflon/lab_2025/install/two_wheeled_robot/share/two_wheeled_robot/models/ElderLadyPatient/meshes/ElderFPatient_color.jpg\n'}
[2.134769] (two_wheeled_robot) StdoutLine: {'line': b'-- Up-to-date: /home/greyflon/lab_2025/install/two_wheeled_robot/share/two_wheeled_robot/models/ElderLadyPatient/meshes/ElderFemale.obj\n'}
[2.134836] (two_wheeled_robot) StdoutLine: {'line': b'-- Up-to-date: /home/greyflon/lab_2025/install/two_wheeled_robot/share/two_wheeled_robot/models/ElderLadyPatient/meshes/Carts_Wheels_Diffuse.png\n'}
[2.134907] (two_wheeled_robot) StdoutLine: {'line': b'-- Up-to-date: /home/greyflon/lab_2025/install/two_wheeled_robot/share/two_wheeled_robot/models/ElderLadyPatient/meshes/ElderFemale.mtl\n'}
[2.135052] (two_wheeled_robot) StdoutLine: {'line': b'-- Up-to-date: /home/greyflon/lab_2025/install/two_wheeled_robot/share/two_wheeled_robot/models/ElderLadyPatient/meshes/CGMVanguard_Diffuse.png\n'}
[2.135204] (two_wheeled_robot) StdoutLine: {'line': b'-- Up-to-date: /home/greyflon/lab_2025/install/two_wheeled_robot/share/two_wheeled_robot/models/ElderLadyPatient/thumbnails\n'}
[2.135271] (two_wheeled_robot) StdoutLine: {'line': b'-- Up-to-date: /home/greyflon/lab_2025/install/two_wheeled_robot/share/two_wheeled_robot/models/ElderLadyPatient/thumbnails/5.png\n'}
[2.135358] (two_wheeled_robot) StdoutLine: {'line': b'-- Up-to-date: /home/greyflon/lab_2025/install/two_wheeled_robot/share/two_wheeled_robot/models/ElderLadyPatient/thumbnails/1.png\n'}
[2.135427] (two_wheeled_robot) StdoutLine: {'line': b'-- Up-to-date: /home/greyflon/lab_2025/install/two_wheeled_robot/share/two_wheeled_robot/models/ElderLadyPatient/thumbnails/2.png\n'}
[2.135496] (two_wheeled_robot) StdoutLine: {'line': b'-- Up-to-date: /home/greyflon/lab_2025/install/two_wheeled_robot/share/two_wheeled_robot/models/ElderLadyPatient/thumbnails/4.png\n'}
[2.135567] (two_wheeled_robot) StdoutLine: {'line': b'-- Up-to-date: /home/greyflon/lab_2025/install/two_wheeled_robot/share/two_wheeled_robot/models/ElderLadyPatient/thumbnails/3.png\n'}
[2.135635] (two_wheeled_robot) StdoutLine: {'line': b'-- Up-to-date: /home/greyflon/lab_2025/install/two_wheeled_robot/share/two_wheeled_robot/models/ElderLadyPatient/model.sdf\n'}
[2.135706] (two_wheeled_robot) StdoutLine: {'line': b'-- Up-to-date: /home/greyflon/lab_2025/install/two_wheeled_robot/share/two_wheeled_robot/models/aws_robomaker_residential_FoldingDoor_01\n'}
[2.135775] (two_wheeled_robot) StdoutLine: {'line': b'-- Up-to-date: /home/greyflon/lab_2025/install/two_wheeled_robot/share/two_wheeled_robot/models/aws_robomaker_residential_FoldingDoor_01/model.config\n'}
[2.135843] (two_wheeled_robot) StdoutLine: {'line': b'-- Up-to-date: /home/greyflon/lab_2025/install/two_wheeled_robot/share/two_wheeled_robot/models/aws_robomaker_residential_FoldingDoor_01/meshes\n'}
[2.135916] (two_wheeled_robot) StdoutLine: {'line': b'-- Up-to-date: /home/greyflon/lab_2025/install/two_wheeled_robot/share/two_wheeled_robot/models/aws_robomaker_residential_FoldingDoor_01/meshes/aws_FoldingDoor_01_collision.DAE\n'}
[2.136070] (two_wheeled_robot) StdoutLine: {'line': b'-- Up-to-date: /home/greyflon/lab_2025/install/two_wheeled_robot/share/two_wheeled_robot/models/aws_robomaker_residential_FoldingDoor_01/meshes/aws_FoldingDoor_01_visual.DAE\n'}
[2.136149] (two_wheeled_robot) StdoutLine: {'line': b'-- Up-to-date: /home/greyflon/lab_2025/install/two_wheeled_robot/share/two_wheeled_robot/models/aws_robomaker_residential_FoldingDoor_01/materials\n'}
[2.136219] (two_wheeled_robot) StdoutLine: {'line': b'-- Up-to-date: /home/greyflon/lab_2025/install/two_wheeled_robot/share/two_wheeled_robot/models/aws_robomaker_residential_FoldingDoor_01/materials/textures\n'}
[2.136291] (two_wheeled_robot) StdoutLine: {'line': b'-- Up-to-date: /home/greyflon/lab_2025/install/two_wheeled_robot/share/two_wheeled_robot/models/aws_robomaker_residential_FoldingDoor_01/materials/textures/aws_FoldingDoor_01.png\n'}
[2.136373] (two_wheeled_robot) StdoutLine: {'line': b'-- Up-to-date: /home/greyflon/lab_2025/install/two_wheeled_robot/share/two_wheeled_robot/models/aws_robomaker_residential_FoldingDoor_01/model.sdf\n'}
[2.136442] (two_wheeled_robot) StdoutLine: {'line': b'-- Up-to-date: /home/greyflon/lab_2025/install/two_wheeled_robot/share/two_wheeled_robot/models/wastebasket\n'}
[2.136512] (two_wheeled_robot) StdoutLine: {'line': b'-- Up-to-date: /home/greyflon/lab_2025/install/two_wheeled_robot/share/two_wheeled_robot/models/wastebasket/model.config\n'}
[2.136581] (two_wheeled_robot) StdoutLine: {'line': b'-- Up-to-date: /home/greyflon/lab_2025/install/two_wheeled_robot/share/two_wheeled_robot/models/wastebasket/meshes\n'}
[2.136648] (two_wheeled_robot) StdoutLine: {'line': b'-- Up-to-date: /home/greyflon/lab_2025/install/two_wheeled_robot/share/two_wheeled_robot/models/wastebasket/meshes/wastebasket.dae\n'}
[2.136719] (two_wheeled_robot) StdoutLine: {'line': b'-- Up-to-date: /home/greyflon/lab_2025/install/two_wheeled_robot/share/two_wheeled_robot/models/wastebasket/materials\n'}
[2.136791] (two_wheeled_robot) StdoutLine: {'line': b'-- Up-to-date: /home/greyflon/lab_2025/install/two_wheeled_robot/share/two_wheeled_robot/models/wastebasket/materials/textures\n'}
[2.136861] (two_wheeled_robot) StdoutLine: {'line': b'-- Up-to-date: /home/greyflon/lab_2025/install/two_wheeled_robot/share/two_wheeled_robot/models/wastebasket/materials/textures/wastebasket_diffuse.png\n'}
[2.136929] (two_wheeled_robot) StdoutLine: {'line': b'-- Up-to-date: /home/greyflon/lab_2025/install/two_wheeled_robot/share/two_wheeled_robot/models/wastebasket/model.sdf\n'}
[2.136999] (two_wheeled_robot) StdoutLine: {'line': b'-- Up-to-date: /home/greyflon/lab_2025/install/two_wheeled_robot/share/two_wheeled_robot/models/school\n'}
[2.137144] (two_wheeled_robot) StdoutLine: {'line': b'-- Up-to-date: /home/greyflon/lab_2025/install/two_wheeled_robot/share/two_wheeled_robot/models/school/model.config\n'}
[2.137320] (two_wheeled_robot) StdoutLine: {'line': b'-- Up-to-date: /home/greyflon/lab_2025/install/two_wheeled_robot/share/two_wheeled_robot/models/school/meshes\n'}
[2.137398] (two_wheeled_robot) StdoutLine: {'line': b'-- Up-to-date: /home/greyflon/lab_2025/install/two_wheeled_robot/share/two_wheeled_robot/models/school/meshes/school.dae\n'}
[2.137497] (two_wheeled_robot) StdoutLine: {'line': b'-- Up-to-date: /home/greyflon/lab_2025/install/two_wheeled_robot/share/two_wheeled_robot/models/school/materials\n'}
[2.137565] (two_wheeled_robot) StdoutLine: {'line': b'-- Up-to-date: /home/greyflon/lab_2025/install/two_wheeled_robot/share/two_wheeled_robot/models/school/materials/textures\n'}
[2.137627] (two_wheeled_robot) StdoutLine: {'line': b'-- Up-to-date: /home/greyflon/lab_2025/install/two_wheeled_robot/share/two_wheeled_robot/models/school/materials/textures/school_spec.jpg\n'}
[2.137700] (two_wheeled_robot) StdoutLine: {'line': b'-- Up-to-date: /home/greyflon/lab_2025/install/two_wheeled_robot/share/two_wheeled_robot/models/school/materials/textures/school_diffuse.jpg\n'}
[2.137773] (two_wheeled_robot) StdoutLine: {'line': b'-- Up-to-date: /home/greyflon/lab_2025/install/two_wheeled_robot/share/two_wheeled_robot/models/school/model.sdf\n'}
[2.137845] (two_wheeled_robot) StdoutLine: {'line': b'-- Up-to-date: /home/greyflon/lab_2025/install/two_wheeled_robot/share/two_wheeled_robot/models/speed_limit_sign\n'}
[2.137961] (two_wheeled_robot) StdoutLine: {'line': b'-- Up-to-date: /home/greyflon/lab_2025/install/two_wheeled_robot/share/two_wheeled_robot/models/speed_limit_sign/model-1_4.sdf\n'}
[2.138034] (two_wheeled_robot) StdoutLine: {'line': b'-- Up-to-date: /home/greyflon/lab_2025/install/two_wheeled_robot/share/two_wheeled_robot/models/speed_limit_sign/model.config\n'}
[2.138105] (two_wheeled_robot) StdoutLine: {'line': b'-- Up-to-date: /home/greyflon/lab_2025/install/two_wheeled_robot/share/two_wheeled_robot/models/speed_limit_sign/meshes\n'}
[2.138177] (two_wheeled_robot) StdoutLine: {'line': b'-- Up-to-date: /home/greyflon/lab_2025/install/two_wheeled_robot/share/two_wheeled_robot/models/speed_limit_sign/meshes/speed_limit_sign.dae\n'}
[2.138250] (two_wheeled_robot) StdoutLine: {'line': b'-- Up-to-date: /home/greyflon/lab_2025/install/two_wheeled_robot/share/two_wheeled_robot/models/speed_limit_sign/materials\n'}
[2.138333] (two_wheeled_robot) StdoutLine: {'line': b'-- Up-to-date: /home/greyflon/lab_2025/install/two_wheeled_robot/share/two_wheeled_robot/models/speed_limit_sign/materials/textures\n'}
[2.138405] (two_wheeled_robot) StdoutLine: {'line': b'-- Up-to-date: /home/greyflon/lab_2025/install/two_wheeled_robot/share/two_wheeled_robot/models/speed_limit_sign/materials/textures/StopSign_Spec.png\n'}
[2.138548] (two_wheeled_robot) StdoutLine: {'line': b'-- Up-to-date: /home/greyflon/lab_2025/install/two_wheeled_robot/share/two_wheeled_robot/models/speed_limit_sign/materials/textures/Speed_110.png\n'}
[2.138722] (two_wheeled_robot) StdoutLine: {'line': b'-- Up-to-date: /home/greyflon/lab_2025/install/two_wheeled_robot/share/two_wheeled_robot/models/speed_limit_sign/materials/textures/Speed_80.png\n'}
[2.138796] (two_wheeled_robot) StdoutLine: {'line': b'-- Up-to-date: /home/greyflon/lab_2025/install/two_wheeled_robot/share/two_wheeled_robot/models/speed_limit_sign/materials/textures/Speed_100.png\n'}
[2.138869] (two_wheeled_robot) StdoutLine: {'line': b'-- Up-to-date: /home/greyflon/lab_2025/install/two_wheeled_robot/share/two_wheeled_robot/models/speed_limit_sign/materials/textures/Speed_50.png\n'}
[2.138940] (two_wheeled_robot) StdoutLine: {'line': b'-- Up-to-date: /home/greyflon/lab_2025/install/two_wheeled_robot/share/two_wheeled_robot/models/speed_limit_sign/materials/textures/Speed_Spec.png\n'}
[2.139011] (two_wheeled_robot) StdoutLine: {'line': b'-- Up-to-date: /home/greyflon/lab_2025/install/two_wheeled_robot/share/two_wheeled_robot/models/speed_limit_sign/materials/textures/Speed_130.png\n'}
[2.139084] (two_wheeled_robot) StdoutLine: {'line': b'-- Up-to-date: /home/greyflon/lab_2025/install/two_wheeled_robot/share/two_wheeled_robot/models/speed_limit_sign/materials/textures/Speed_90.png\n'}
[2.139152] (two_wheeled_robot) StdoutLine: {'line': b'-- Up-to-date: /home/greyflon/lab_2025/install/two_wheeled_robot/share/two_wheeled_robot/models/speed_limit_sign/materials/textures/Speed_60.png\n'}
[2.139221] (two_wheeled_robot) StdoutLine: {'line': b'-- Up-to-date: /home/greyflon/lab_2025/install/two_wheeled_robot/share/two_wheeled_robot/models/speed_limit_sign/materials/textures/Speed_40.png\n'}
[2.139301] (two_wheeled_robot) StdoutLine: {'line': b'-- Up-to-date: /home/greyflon/lab_2025/install/two_wheeled_robot/share/two_wheeled_robot/models/speed_limit_sign/materials/textures/Speed_70.png\n'}
[2.139412] (two_wheeled_robot) StdoutLine: {'line': b'-- Up-to-date: /home/greyflon/lab_2025/install/two_wheeled_robot/share/two_wheeled_robot/models/speed_limit_sign/materials/textures/Speed_30.png\n'}
[2.139487] (two_wheeled_robot) StdoutLine: {'line': b'-- Up-to-date: /home/greyflon/lab_2025/install/two_wheeled_robot/share/two_wheeled_robot/models/speed_limit_sign/materials/textures/Speed_16.png\n'}
[2.139556] (two_wheeled_robot) StdoutLine: {'line': b'-- Up-to-date: /home/greyflon/lab_2025/install/two_wheeled_robot/share/two_wheeled_robot/models/speed_limit_sign/materials/textures/Speed_120.png\n'}
[2.139720] (two_wheeled_robot) StdoutLine: {'line': b'-- Up-to-date: /home/greyflon/lab_2025/install/two_wheeled_robot/share/two_wheeled_robot/models/speed_limit_sign/materials/textures/StopSign_Diffuse.png\n'}
[2.139781] (two_wheeled_robot) StdoutLine: {'line': b'-- Up-to-date: /home/greyflon/lab_2025/install/two_wheeled_robot/share/two_wheeled_robot/models/speed_limit_sign/model.sdf\n'}
[2.139853] (two_wheeled_robot) StdoutLine: {'line': b'-- Up-to-date: /home/greyflon/lab_2025/install/two_wheeled_robot/share/two_wheeled_robot/models/speed_limit_sign/model-1_3.sdf\n'}
[2.139989] (two_wheeled_robot) StdoutLine: {'line': b'-- Up-to-date: /home/greyflon/lab_2025/install/two_wheeled_robot/share/two_wheeled_robot/models/aws_robomaker_hospital_floor_02_walls\n'}
[2.140055] (two_wheeled_robot) StdoutLine: {'line': b'-- Up-to-date: /home/greyflon/lab_2025/install/two_wheeled_robot/share/two_wheeled_robot/models/aws_robomaker_hospital_floor_02_walls/model.config\n'}
[2.140117] (two_wheeled_robot) StdoutLine: {'line': b'-- Up-to-date: /home/greyflon/lab_2025/install/two_wheeled_robot/share/two_wheeled_robot/models/aws_robomaker_hospital_floor_02_walls/meshes\n'}
[2.140188] (two_wheeled_robot) StdoutLine: {'line': b'-- Up-to-date: /home/greyflon/lab_2025/install/two_wheeled_robot/share/two_wheeled_robot/models/aws_robomaker_hospital_floor_02_walls/meshes/aws_robomaker_hospital_floor_02_stairs.png\n'}
[2.140257] (two_wheeled_robot) StdoutLine: {'line': b'-- Up-to-date: /home/greyflon/lab_2025/install/two_wheeled_robot/share/two_wheeled_robot/models/aws_robomaker_hospital_floor_02_walls/meshes/aws_robomaker_hospital_floor_02_doorsign.png\n'}
[2.140340] (two_wheeled_robot) StdoutLine: {'line': b'-- Up-to-date: /home/greyflon/lab_2025/install/two_wheeled_robot/share/two_wheeled_robot/models/aws_robomaker_hospital_floor_02_walls/meshes/aws_robomaker_hospital_floor_02_walls_visual.dae\n'}
[2.140416] (two_wheeled_robot) StdoutLine: {'line': b'-- Up-to-date: /home/greyflon/lab_2025/install/two_wheeled_robot/share/two_wheeled_robot/models/aws_robomaker_hospital_floor_02_walls/meshes/aws_robomaker_hospital_floor_02_windows.png\n'}
[2.140491] (two_wheeled_robot) StdoutLine: {'line': b'-- Up-to-date: /home/greyflon/lab_2025/install/two_wheeled_robot/share/two_wheeled_robot/models/aws_robomaker_hospital_floor_02_walls/meshes/aws_robomaker_hospital_floor_02_walls.png\n'}
[2.140559] (two_wheeled_robot) StdoutLine: {'line': b'-- Up-to-date: /home/greyflon/lab_2025/install/two_wheeled_robot/share/two_wheeled_robot/models/aws_robomaker_hospital_floor_02_walls/meshes/aws_robomaker_hospital_floor_02_walls_collision.dae\n'}
[2.140628] (two_wheeled_robot) StdoutLine: {'line': b'-- Up-to-date: /home/greyflon/lab_2025/install/two_wheeled_robot/share/two_wheeled_robot/models/aws_robomaker_hospital_floor_02_walls/meshes/aws_robomaker_hospital_floor_02_doorframes_small.png\n'}
[2.140699] (two_wheeled_robot) StdoutLine: {'line': b'-- Up-to-date: /home/greyflon/lab_2025/install/two_wheeled_robot/share/two_wheeled_robot/models/aws_robomaker_hospital_floor_02_walls/meshes/aws_robomaker_hospital_floor_02_handrail.png\n'}
[2.140891] (two_wheeled_robot) StdoutLine: {'line': b'-- Up-to-date: /home/greyflon/lab_2025/install/two_wheeled_robot/share/two_wheeled_robot/models/aws_robomaker_hospital_floor_02_walls/meshes/aws_robomaker_hospital_floor_02_doorframes_big.png\n'}
[2.140967] (two_wheeled_robot) StdoutLine: {'line': b'-- Up-to-date: /home/greyflon/lab_2025/install/two_wheeled_robot/share/two_wheeled_robot/models/aws_robomaker_hospital_floor_02_walls/meshes/aws_robomaker_hospital_floor_02_bumprail.png\n'}
[2.141040] (two_wheeled_robot) StdoutLine: {'line': b'-- Up-to-date: /home/greyflon/lab_2025/install/two_wheeled_robot/share/two_wheeled_robot/models/aws_robomaker_hospital_floor_02_walls/model.sdf\n'}
[2.141111] (two_wheeled_robot) StdoutLine: {'line': b'-- Up-to-date: /home/greyflon/lab_2025/install/two_wheeled_robot/share/two_wheeled_robot/models/office_chair\n'}
[2.141183] (two_wheeled_robot) StdoutLine: {'line': b'-- Up-to-date: /home/greyflon/lab_2025/install/two_wheeled_robot/share/two_wheeled_robot/models/office_chair/model.config\n'}
[2.141312] (two_wheeled_robot) StdoutLine: {'line': b'-- Up-to-date: /home/greyflon/lab_2025/install/two_wheeled_robot/share/two_wheeled_robot/models/office_chair/meshes\n'}
[2.141392] (two_wheeled_robot) StdoutLine: {'line': b'-- Up-to-date: /home/greyflon/lab_2025/install/two_wheeled_robot/share/two_wheeled_robot/models/office_chair/meshes/office_chair.dae\n'}
[2.141467] (two_wheeled_robot) StdoutLine: {'line': b'-- Up-to-date: /home/greyflon/lab_2025/install/two_wheeled_robot/share/two_wheeled_robot/models/office_chair/materials\n'}
[2.141536] (two_wheeled_robot) StdoutLine: {'line': b'-- Up-to-date: /home/greyflon/lab_2025/install/two_wheeled_robot/share/two_wheeled_robot/models/office_chair/materials/textures\n'}
[2.141603] (two_wheeled_robot) StdoutLine: {'line': b'-- Up-to-date: /home/greyflon/lab_2025/install/two_wheeled_robot/share/two_wheeled_robot/models/office_chair/materials/textures/office_chair_diffuse.png\n'}
[2.141670] (two_wheeled_robot) StdoutLine: {'line': b'-- Up-to-date: /home/greyflon/lab_2025/install/two_wheeled_robot/share/two_wheeled_robot/models/office_chair/materials/textures/office_chair_specular.png\n'}
[2.141737] (two_wheeled_robot) StdoutLine: {'line': b'-- Up-to-date: /home/greyflon/lab_2025/install/two_wheeled_robot/share/two_wheeled_robot/models/office_chair/model.sdf\n'}
[2.141804] (two_wheeled_robot) StdoutLine: {'line': b'-- Up-to-date: /home/greyflon/lab_2025/install/two_wheeled_robot/share/two_wheeled_robot/params\n'}
[2.141871] (two_wheeled_robot) StdoutLine: {'line': b'-- Up-to-date: /home/greyflon/lab_2025/install/two_wheeled_robot/share/two_wheeled_robot/params/warehouse_world\n'}
[2.142059] (two_wheeled_robot) StdoutLine: {'line': b'-- Up-to-date: /home/greyflon/lab_2025/install/two_wheeled_robot/share/two_wheeled_robot/params/warehouse_world/basic_params.yaml\n'}
[2.142125] (two_wheeled_robot) StdoutLine: {'line': b'-- Up-to-date: /home/greyflon/lab_2025/install/two_wheeled_robot/share/two_wheeled_robot/params/neighborhood_world\n'}
[2.142185] (two_wheeled_robot) StdoutLine: {'line': b'-- Up-to-date: /home/greyflon/lab_2025/install/two_wheeled_robot/share/two_wheeled_robot/params/neighborhood_world/nav2_params.yaml\n'}
[2.142244] (two_wheeled_robot) StdoutLine: {'line': b'-- Up-to-date: /home/greyflon/lab_2025/install/two_wheeled_robot/share/two_wheeled_robot/params/neighborhood_world/nav2_params_urdf.yaml\n'}
[2.142320] (two_wheeled_robot) StdoutLine: {'line': b'-- Up-to-date: /home/greyflon/lab_2025/install/two_wheeled_robot/share/two_wheeled_robot/rviz\n'}
[2.142395] (two_wheeled_robot) StdoutLine: {'line': b'-- Up-to-date: /home/greyflon/lab_2025/install/two_wheeled_robot/share/two_wheeled_robot/rviz/rviz_basic_settings.rviz\n'}
[2.142463] (two_wheeled_robot) StdoutLine: {'line': b'-- Up-to-date: /home/greyflon/lab_2025/install/two_wheeled_robot/share/two_wheeled_robot/rviz/urdf_gazebo_config.rviz\n'}
[2.142530] (two_wheeled_robot) StdoutLine: {'line': b'-- Up-to-date: /home/greyflon/lab_2025/install/two_wheeled_robot/share/two_wheeled_robot/rviz/neighborhood_world\n'}
[2.142598] (two_wheeled_robot) StdoutLine: {'line': b'-- Up-to-date: /home/greyflon/lab_2025/install/two_wheeled_robot/share/two_wheeled_robot/rviz/neighborhood_world/urdf_config.rviz\n'}
[2.142665] (two_wheeled_robot) StdoutLine: {'line': b'-- Up-to-date: /home/greyflon/lab_2025/install/two_wheeled_robot/share/two_wheeled_robot/rviz/neighborhood_world/nav2_config_urdf.rviz\n'}
[2.142732] (two_wheeled_robot) StdoutLine: {'line': b'-- Up-to-date: /home/greyflon/lab_2025/install/two_wheeled_robot/share/two_wheeled_robot/rviz/neighborhood_world/nav2_config.rviz\n'}
[2.142800] (two_wheeled_robot) StdoutLine: {'line': b'-- Up-to-date: /home/greyflon/lab_2025/install/two_wheeled_robot/share/two_wheeled_robot/scripts\n'}
[2.142867] (two_wheeled_robot) StdoutLine: {'line': b'-- Up-to-date: /home/greyflon/lab_2025/install/two_wheeled_robot/share/two_wheeled_robot/scripts/lift_controller.py\n'}
[2.142934] (two_wheeled_robot) StdoutLine: {'line': b'-- Up-to-date: /home/greyflon/lab_2025/install/two_wheeled_robot/share/two_wheeled_robot/urdf\n'}
[2.143043] (two_wheeled_robot) StdoutLine: {'line': b'-- Up-to-date: /home/greyflon/lab_2025/install/two_wheeled_robot/share/two_wheeled_robot/urdf/two_wheeled_robot_with_gazebo_plugins.urdf\n'}
[2.143104] (two_wheeled_robot) StdoutLine: {'line': b'-- Up-to-date: /home/greyflon/lab_2025/install/two_wheeled_robot/share/two_wheeled_robot/urdf/two_wheeled_robot_with_lift.urdf\n'}
[2.143163] (two_wheeled_robot) StdoutLine: {'line': b'-- Up-to-date: /home/greyflon/lab_2025/install/two_wheeled_robot/share/two_wheeled_robot/urdf/sam_bot_description.urdf\n'}
[2.143223] (two_wheeled_robot) StdoutLine: {'line': b'-- Up-to-date: /home/greyflon/lab_2025/install/two_wheeled_robot/share/two_wheeled_robot/urdf/two_wheeled_robot_nav2.urdf\n'}
[2.143288] (two_wheeled_robot) StdoutLine: {'line': b'-- Up-to-date: /home/greyflon/lab_2025/install/two_wheeled_robot/share/two_wheeled_robot/urdf/two_wheeled_robot.urdf\n'}
[2.143370] (two_wheeled_robot) StdoutLine: {'line': b'-- Up-to-date: /home/greyflon/lab_2025/install/two_wheeled_robot/share/two_wheeled_robot/worlds\n'}
[2.143431] (two_wheeled_robot) StdoutLine: {'line': b'-- Up-to-date: /home/greyflon/lab_2025/install/two_wheeled_robot/share/two_wheeled_robot/worlds/cafe.world\n'}
[2.143490] (two_wheeled_robot) StdoutLine: {'line': b'-- Up-to-date: /home/greyflon/lab_2025/install/two_wheeled_robot/share/two_wheeled_robot/worlds/lawn.world\n'}
[2.143549] (two_wheeled_robot) StdoutLine: {'line': b'-- Up-to-date: /home/greyflon/lab_2025/install/two_wheeled_robot/share/two_wheeled_robot/worlds/factory.world\n'}
[2.143608] (two_wheeled_robot) StdoutLine: {'line': b'-- Up-to-date: /home/greyflon/lab_2025/install/two_wheeled_robot/share/two_wheeled_robot/worlds/house.world\n'}
[2.143668] (two_wheeled_robot) StdoutLine: {'line': b'-- Up-to-date: /home/greyflon/lab_2025/install/two_wheeled_robot/share/two_wheeled_robot/worlds/farm.world\n'}
[2.143727] (two_wheeled_robot) StdoutLine: {'line': b'-- Up-to-date: /home/greyflon/lab_2025/install/two_wheeled_robot/share/two_wheeled_robot/worlds/basic.world\n'}
[2.143786] (two_wheeled_robot) StdoutLine: {'line': b'-- Up-to-date: /home/greyflon/lab_2025/install/two_wheeled_robot/share/two_wheeled_robot/worlds/hospital_2_floors.world\n'}
[2.143844] (two_wheeled_robot) StdoutLine: {'line': b'-- Up-to-date: /home/greyflon/lab_2025/install/two_wheeled_robot/share/two_wheeled_robot/worlds/hospital_3_floors.world\n'}
[2.143903] (two_wheeled_robot) StdoutLine: {'line': b'-- Up-to-date: /home/greyflon/lab_2025/install/two_wheeled_robot/share/two_wheeled_robot/worlds/inventory.world\n'}
[2.143962] (two_wheeled_robot) StdoutLine: {'line': b'-- Up-to-date: /home/greyflon/lab_2025/install/two_wheeled_robot/share/two_wheeled_robot/worlds/office.world\n'}
[2.144020] (two_wheeled_robot) StdoutLine: {'line': b'-- Up-to-date: /home/greyflon/lab_2025/install/two_wheeled_robot/share/two_wheeled_robot/worlds/car.world\n'}
[2.144080] (two_wheeled_robot) StdoutLine: {'line': b'-- Up-to-date: /home/greyflon/lab_2025/install/two_wheeled_robot/share/two_wheeled_robot/worlds/warehouse.world\n'}
[2.144138] (two_wheeled_robot) StdoutLine: {'line': b'-- Up-to-date: /home/greyflon/lab_2025/install/two_wheeled_robot/share/two_wheeled_robot/worlds/neighborhood.world\n'}
[2.144203] (two_wheeled_robot) StdoutLine: {'line': b'-- Up-to-date: /home/greyflon/lab_2025/install/two_wheeled_robot/share/two_wheeled_robot/worlds/distribution_center.world\n'}
[2.144264] (two_wheeled_robot) StdoutLine: {'line': b'-- Up-to-date: /home/greyflon/lab_2025/install/two_wheeled_robot/share/two_wheeled_robot/worlds/hospital.world\n'}
[2.144337] (two_wheeled_robot) StdoutLine: {'line': b'-- Up-to-date: /home/greyflon/lab_2025/install/two_wheeled_robot/share/ament_index/resource_index/package_run_dependencies/two_wheeled_robot\n'}
[2.152815] (two_wheeled_robot) StdoutLine: {'line': b'-- Up-to-date: /home/greyflon/lab_2025/install/two_wheeled_robot/share/ament_index/resource_index/parent_prefix_path/two_wheeled_robot\n'}
[2.153221] (two_wheeled_robot) StdoutLine: {'line': b'-- Up-to-date: /home/greyflon/lab_2025/install/two_wheeled_robot/share/two_wheeled_robot/environment/ament_prefix_path.sh\n'}
[2.153428] (two_wheeled_robot) StdoutLine: {'line': b'-- Up-to-date: /home/greyflon/lab_2025/install/two_wheeled_robot/share/two_wheeled_robot/environment/ament_prefix_path.dsv\n'}
[2.153656] (two_wheeled_robot) StdoutLine: {'line': b'-- Up-to-date: /home/greyflon/lab_2025/install/two_wheeled_robot/share/two_wheeled_robot/environment/path.sh\n'}
[2.153943] (two_wheeled_robot) StdoutLine: {'line': b'-- Up-to-date: /home/greyflon/lab_2025/install/two_wheeled_robot/share/two_wheeled_robot/environment/path.dsv\n'}
[2.154302] (two_wheeled_robot) StdoutLine: {'line': b'-- Up-to-date: /home/greyflon/lab_2025/install/two_wheeled_robot/share/two_wheeled_robot/local_setup.bash\n'}
[2.154517] (two_wheeled_robot) StdoutLine: {'line': b'-- Up-to-date: /home/greyflon/lab_2025/install/two_wheeled_robot/share/two_wheeled_robot/local_setup.sh\n'}
[2.154725] (two_wheeled_robot) StdoutLine: {'line': b'-- Up-to-date: /home/greyflon/lab_2025/install/two_wheeled_robot/share/two_wheeled_robot/local_setup.zsh\n'}
[2.155001] (two_wheeled_robot) StdoutLine: {'line': b'-- Up-to-date: /home/greyflon/lab_2025/install/two_wheeled_robot/share/two_wheeled_robot/local_setup.dsv\n'}
[2.155347] (two_wheeled_robot) StdoutLine: {'line': b'-- Installing: /home/greyflon/lab_2025/install/two_wheeled_robot/share/two_wheeled_robot/package.dsv\n'}
[2.156091] (two_wheeled_robot) StdoutLine: {'line': b'-- Up-to-date: /home/greyflon/lab_2025/install/two_wheeled_robot/share/ament_index/resource_index/packages/two_wheeled_robot\n'}
[2.156306] (two_wheeled_robot) StdoutLine: {'line': b'-- Up-to-date: /home/greyflon/lab_2025/install/two_wheeled_robot/share/two_wheeled_robot/cmake/two_wheeled_robotConfig.cmake\n'}
[2.156402] (two_wheeled_robot) StdoutLine: {'line': b'-- Up-to-date: /home/greyflon/lab_2025/install/two_wheeled_robot/share/two_wheeled_robot/cmake/two_wheeled_robotConfig-version.cmake\n'}
[2.156613] (two_wheeled_robot) StdoutLine: {'line': b'-- Up-to-date: /home/greyflon/lab_2025/install/two_wheeled_robot/share/two_wheeled_robot/package.xml\n'}
[2.160301] (two_wheeled_robot) CommandEnded: {'returncode': 0}
[2.204050] (-) TimerEvent: {}
[2.276864] (two_wheeled_robot) JobEnded: {'identifier': 'two_wheeled_robot', 'rc': 0}
[2.304139] (-) TimerEvent: {}
[2.337969] (cv_basics) StdoutLine: {'line': b'running egg_info\n'}
[2.338684] (cv_basics) StdoutLine: {'line': b'writing ../../build/cv_basics/cv_basics.egg-info/PKG-INFO\n'}
[2.339144] (cv_basics) StdoutLine: {'line': b'writing dependency_links to ../../build/cv_basics/cv_basics.egg-info/dependency_links.txt\n'}
[2.339396] (cv_basics) StdoutLine: {'line': b'writing entry points to ../../build/cv_basics/cv_basics.egg-info/entry_points.txt\n'}
[2.339652] (cv_basics) StdoutLine: {'line': b'writing requirements to ../../build/cv_basics/cv_basics.egg-info/requires.txt\n'}
[2.339807] (cv_basics) StdoutLine: {'line': b'writing top-level names to ../../build/cv_basics/cv_basics.egg-info/top_level.txt\n'}
[2.343116] (cv_basics) StdoutLine: {'line': b"reading manifest file '../../build/cv_basics/cv_basics.egg-info/SOURCES.txt'\n"}
[2.352103] (cv_basics) StdoutLine: {'line': b"writing manifest file '../../build/cv_basics/cv_basics.egg-info/SOURCES.txt'\n"}
[2.352380] (cv_basics) StdoutLine: {'line': b'running build\n'}
[2.352565] (cv_basics) StdoutLine: {'line': b'running build_py\n'}
[2.353122] (cv_basics) StdoutLine: {'line': b'running install\n'}
[2.353426] (cv_basics) StdoutLine: {'line': b'running install_lib\n'}
[2.354663] (cv_basics) StdoutLine: {'line': b'running install_data\n'}
[2.354876] (cv_basics) StdoutLine: {'line': b'running install_egg_info\n'}
[2.356466] (cv_basics) StdoutLine: {'line': b"removing '/home/greyflon/lab_2025/install/cv_basics/lib/python3.10/site-packages/cv_basics-0.0.0-py3.10.egg-info' (and everything under it)\n"}
[2.356833] (cv_basics) StdoutLine: {'line': b'Copying ../../build/cv_basics/cv_basics.egg-info to /home/greyflon/lab_2025/install/cv_basics/lib/python3.10/site-packages/cv_basics-0.0.0-py3.10.egg-info\n'}
[2.366048] (cv_basics) StdoutLine: {'line': b'running install_scripts\n'}
[2.386637] (cv_basics) StdoutLine: {'line': b'Installing inference_yolo_node script to /home/greyflon/lab_2025/install/cv_basics/lib/cv_basics\n'}
[2.386890] (cv_basics) StdoutLine: {'line': b'Installing module_ROS script to /home/greyflon/lab_2025/install/cv_basics/lib/cv_basics\n'}
[2.387123] (cv_basics) StdoutLine: {'line': b'Installing service script to /home/greyflon/lab_2025/install/cv_basics/lib/cv_basics\n'}
[2.387386] (cv_basics) StdoutLine: {'line': b"writing list of installed files to '/home/greyflon/lab_2025/build/cv_basics/install.log'\n"}
[2.404224] (-) TimerEvent: {}
[2.413436] (cv_basics) CommandEnded: {'returncode': 0}
[2.419875] (cv_basics) JobEnded: {'identifier': 'cv_basics', 'rc': 0}
[2.420959] (-) EventReactorShutdown: {}
